0.000000 0.243669 0.072889 0.036165 -0.232404 -0.621999 0.733334 -0.146036
0.003823 0.243557 0.072889 0.036165 -0.232404 -0.621999 0.733334 -0.146036
0.007646 0.243557 0.072889 0.036277 -0.225556 -0.624514 0.731686 -0.154084
0.011470 0.243557 0.072889 0.036277 -0.223850 -0.632515 0.724781 -0.156553
0.015293 0.243557 0.072889 0.036277 -0.223850 -0.632515 0.724781 -0.156553
0.019116 0.243557 0.072889 0.036277 -0.223850 -0.632515 0.724781 -0.156553
0.022939 0.243557 0.072889 0.036277 -0.223850 -0.632515 0.724781 -0.156553
0.026762 0.243557 0.072889 0.036277 -0.222117 -0.640439 0.717788 -0.159003
0.030585 0.243557 0.072889 0.036277 -0.222117 -0.640439 0.717788 -0.159003
0.034409 0.243557 0.072889 0.036277 -0.222832 -0.640624 0.713905 -0.174028
0.038232 0.243557 0.072889 0.036277 -0.220907 -0.648429 0.706824 -0.176466
0.042055 0.243557 0.072777 0.036277 -0.220907 -0.648429 0.706824 -0.176466
0.045878 0.243557 0.072777 0.036388 -0.228017 -0.645963 0.708720 -0.168690
0.049701 0.243557 0.072777 0.036388 -0.228017 -0.645963 0.708720 -0.168690
0.053524 0.243557 0.072777 0.036388 -0.226150 -0.653710 0.701581 -0.171185
0.057348 0.243557 0.072777 0.036388 -0.226150 -0.653710 0.701581 -0.171185
0.061171 0.243557 0.072777 0.036388 -0.226150 -0.653710 0.701581 -0.171185
0.064994 0.243557 0.072777 0.036388 -0.226150 -0.653710 0.701581 -0.171185
0.068817 0.243557 0.072777 0.036388 -0.224256 -0.661378 0.694357 -0.173659
0.072640 0.243557 0.072665 0.036388 -0.224256 -0.661378 0.694357 -0.173659
0.076464 0.243557 0.072665 0.036388 -0.224256 -0.661378 0.694357 -0.173659
0.080287 0.243557 0.072665 0.036388 -0.231508 -0.658874 0.696223 -0.166020
0.084110 0.243557 0.072665 0.036388 -0.231508 -0.658874 0.696223 -0.166020
0.087933 0.243557 0.072665 0.036388 -0.231508 -0.658874 0.696223 -0.166020
0.091756 0.243557 0.072665 0.036388 -0.231508 -0.658874 0.696223 -0.166020
0.095579 0.243557 0.072554 0.036388 -0.231508 -0.658874 0.696223 -0.166020
0.099403 0.243557 0.072554 0.036500 -0.224035 -0.661324 0.698078 -0.158576
0.103226 0.243557 0.072554 0.036500 -0.224035 -0.661324 0.698078 -0.158576
0.107049 0.243557 0.072554 0.036500 -0.224035 -0.661324 0.698078 -0.158576
0.110872 0.243557 0.072554 0.036500 -0.224035 -0.661324 0.698078 -0.158576
0.114695 0.243557 0.072554 0.036500 -0.224035 -0.661324 0.698078 -0.158576
0.118519 0.243557 0.072554 0.036500 -0.224035 -0.661324 0.698078 -0.158576
0.122342 0.243557 0.072554 0.036500 -0.224035 -0.661324 0.698078 -0.158576
0.126165 0.243557 0.072554 0.036500 -0.224035 -0.661324 0.698078 -0.158576
0.129988 0.243557 0.072554 0.036500 -0.224035 -0.661324 0.698078 -0.158576
0.133811 0.243557 0.072554 0.036500 -0.224035 -0.661324 0.698078 -0.158576
0.137634 0.243557 0.072554 0.036500 -0.222280 -0.668953 0.690771 -0.161028
0.141458 0.243557 0.072554 0.036500 -0.214917 -0.671354 0.688960 -0.168607
0.145281 0.243557 0.072554 0.036500 -0.216756 -0.663745 0.696294 -0.166236
0.149104 0.243557 0.072554 0.036500 -0.216756 -0.663745 0.696294 -0.166236
0.152927 0.243557 0.072554 0.036500 -0.216756 -0.663745 0.696294 -0.166236
0.156750 0.243557 0.072442 0.036500 -0.224256 -0.661378 0.694357 -0.173659
0.160573 0.243557 0.072442 0.036500 -0.224256 -0.661378 0.694357 -0.173659
0.164397 0.243557 0.072442 0.036500 -0.224256 -0.661378 0.694357 -0.173659
0.168220 0.243557 0.072442 0.036500 -0.224256 -0.661378 0.694357 -0.173659
0.172043 0.243557 0.072442 0.036388 -0.226150 -0.653710 0.701581 -0.171185
0.175866 0.243557 0.072442 0.036388 -0.226150 -0.653710 0.701581 -0.171185
0.179689 0.243557 0.072442 0.036388 -0.233703 -0.651285 0.699533 -0.178504
0.183513 0.243557 0.072442 0.036388 -0.235650 -0.643561 0.706646 -0.175926
0.187336 0.243557 0.072442 0.036388 -0.235650 -0.643561 0.706646 -0.175926
0.191159 0.243557 0.072442 0.036388 -0.235650 -0.643561 0.706646 -0.175926
0.194982 0.243557 0.072442 0.036277 -0.235650 -0.643561 0.706646 -0.175926
0.198805 0.243557 0.072442 0.036277 -0.245252 -0.633303 0.711487 -0.180457
0.202628 0.243557 0.072442 0.036277 -0.245252 -0.633303 0.711487 -0.180457
0.206452 0.243557 0.072442 0.036277 -0.245252 -0.633303 0.711487 -0.180457
0.210275 0.243557 0.072442 0.036277 -0.240334 -0.628127 0.716405 -0.185634
0.214098 0.243557 0.072442 0.036277 -0.240334 -0.628127 0.716405 -0.185634
0.217921 0.243557 0.072442 0.036277 -0.240334 -0.628127 0.716405 -0.185634
0.221744 0.243557 0.072442 0.036277 -0.248092 -0.625705 0.714028 -0.192633
0.225568 0.243557 0.072442 0.036165 -0.243391 -0.620534 0.718729 -0.197804
0.229391 0.243557 0.072442 0.036165 -0.243391 -0.620534 0.718729 -0.197804
0.233214 0.243557 0.072554 0.036165 -0.243391 -0.620534 0.718729 -0.197804
0.237037 0.243557 0.072554 0.036165 -0.236559 -0.623171 0.716513 -0.205688
0.240860 0.243669 0.072554 0.036165 -0.236559 -0.623171 0.716513 -0.205688
0.244683 0.243669 0.072554 0.036165 -0.236559 -0.623171 0.716513 -0.205688
0.248507 0.243669 0.072554 0.036165 -0.236559 -0.623171 0.716513 -0.205688
0.252330 0.243669 0.072554 0.036165 -0.236559 -0.623171 0.716513 -0.205688
0.256153 0.243669 0.072554 0.036165 -0.229699 -0.625732 0.714210 -0.213547
0.259976 0.243669 0.072554 0.036277 -0.229699 -0.625732 0.714210 -0.213547
0.263799 0.243669 0.072554 0.036277 -0.229699 -0.625732 0.714210 -0.213547
0.267622 0.243669 0.072554 0.036277 -0.237581 -0.623520 0.711494 -0.220352
0.271446 0.243669 0.072554 0.036277 -0.237581 -0.623520 0.711494 -0.220352
0.275269 0.243669 0.072554 0.036277 -0.229699 -0.625732 0.714210 -0.213547
0.279092 0.243669 0.072554 0.036277 -0.229699 -0.625732 0.714210 -0.213547
0.282915 0.243669 0.072554 0.036277 -0.229699 -0.625732 0.714210 -0.213547
0.286738 0.243669 0.072554 0.036277 -0.227339 -0.633540 0.707293 -0.216058
0.290562 0.243669 0.072554 0.036277 -0.227339 -0.633540 0.707293 -0.216058
0.294385 0.243669 0.072554 0.036277 -0.227339 -0.633540 0.707293 -0.216058
0.298208 0.243669 0.072554 0.036388 -0.227339 -0.633540 0.707293 -0.216058
0.302031 0.243669 0.072554 0.036388 -0.227339 -0.633540 0.707293 -0.216058
0.305854 0.243669 0.072554 0.036388 -0.227339 -0.633540 0.707293 -0.216058
0.309677 0.243669 0.072554 0.036388 -0.227339 -0.633540 0.707293 -0.216058
0.313501 0.243669 0.072554 0.036388 -0.235145 -0.631299 0.704601 -0.222948
0.317324 0.243669 0.072554 0.036388 -0.228196 -0.633844 0.702109 -0.230676
0.321147 0.243669 0.072554 0.036388 -0.225648 -0.641520 0.695103 -0.233169
0.324970 0.243669 0.072554 0.036388 -0.225648 -0.641520 0.695103 -0.233169
0.328793 0.243669 0.072554 0.036388 -0.225648 -0.641520 0.695103 -0.233169
0.332616 0.243669 0.072554 0.036388 -0.225648 -0.641520 0.695103 -0.233169
0.336440 0.243669 0.072554 0.036388 -0.228196 -0.633844 0.702109 -0.230676
0.340263 0.243669 0.072554 0.036388 -0.228196 -0.633844 0.702109 -0.230676
0.344086 0.243669 0.072554 0.036388 -0.228196 -0.633844 0.702109 -0.230676
0.347909 0.243669 0.072554 0.036388 -0.228196 -0.633844 0.702109 -0.230676
0.351732 0.243669 0.072554 0.036388 -0.235999 -0.631612 0.699257 -0.237509
0.355556 0.243669 0.072554 0.036388 -0.235999 -0.631612 0.699257 -0.237509
0.359379 0.243669 0.072554 0.036388 -0.235999 -0.631612 0.699257 -0.237509
0.363202 0.243669 0.072554 0.036388 -0.238594 -0.623892 0.706153 -0.234902
0.367025 0.243669 0.072554 0.036388 -0.238594 -0.623892 0.706153 -0.234902
0.370848 0.243669 0.072442 0.036388 -0.238594 -0.623892 0.706153 -0.234902
0.374671 0.243669 0.072442 0.036388 -0.238594 -0.623892 0.706153 -0.234902
0.378495 0.243669 0.072442 0.036388 -0.245434 -0.621233 0.708691 -0.227130
0.382318 0.243669 0.072442 0.036388 -0.247914 -0.613410 0.715474 -0.224420
0.386141 0.243669 0.072442 0.036388 -0.247914 -0.613410 0.715474 -0.224420
0.389964 0.243669 0.072442 0.036388 -0.247914 -0.613410 0.715474 -0.224420
0.393787 0.243669 0.072442 0.036388 -0.250365 -0.605513 0.722169 -0.221682
0.397611 0.243669 0.072330 0.036388 -0.257002 -0.602726 0.724561 -0.213735
0.401434 0.243669 0.072330 0.036388 -0.264946 -0.600340 0.721695 -0.220344
0.405257 0.243669 0.072330 0.036388 -0.267351 -0.592376 0.728247 -0.217420
0.409080 0.243669 0.072330 0.036388 -0.267351 -0.592376 0.728247 -0.217420
0.412903 0.243669 0.072330 0.036388 -0.276127 -0.581341 0.737022 -0.206385
0.416726 0.243669 0.072219 0.036388 -0.276127 -0.581341 0.737022 -0.206385
0.420550 0.243669 0.072219 0.036277 -0.278378 -0.573209 0.743365 -0.203339
0.424373 0.243669 0.072219 0.036277 -0.280595 -0.565007 0.749617 -0.200269
0.428196 0.243669 0.072219 0.036277 -0.294926 -0.559386 0.748851 -0.198316
0.432019 0.243669 0.072107 0.036277 -0.297087 -0.551125 0.754951 -0.195063
0.435842 0.243669 0.072107 0.036277 -0.299212 -0.542798 0.760960 -0.191788
0.439665 0.243669 0.072107 0.036277 -0.307154 -0.531063 0.768902 -0.180053
0.443489 0.243669 0.072107 0.036277 -0.309113 -0.522583 0.774690 -0.176667
0.447312 0.243780 0.072107 0.036277 -0.311035 -0.514041 0.780384 -0.173261
0.451135 0.243780 0.072107 0.036165 -0.318454 -0.501968 0.787803 -0.161188
0.454958 0.243780 0.072107 0.036165 -0.320206 -0.493283 0.793270 -0.157680
0.458781 0.243780 0.072107 0.036165 -0.321919 -0.484538 0.798641 -0.154153
0.462605 0.243780 0.071996 0.036165 -0.323593 -0.475735 0.803916 -0.150607
0.466428 0.243780 0.071996 0.036165 -0.323593 -0.475735 0.803916 -0.150607
0.470251 0.243780 0.071996 0.036165 -0.325228 -0.466874 0.809094 -0.147042
0.474074 0.243780 0.071996 0.036165 -0.325228 -0.466874 0.809094 -0.147042
0.477897 0.243780 0.072107 0.036165 -0.326824 -0.457958 0.814175 -0.143461
0.481720 0.243780 0.072107 0.036165 -0.326824 -0.457958 0.814175 -0.143461
0.485544 0.243780 0.072107 0.036165 -0.326824 -0.457958 0.814175 -0.143461
0.489367 0.243780 0.072107 0.036165 -0.326824 -0.457958 0.814175 -0.143461
0.493190 0.243780 0.072107 0.036165 -0.328380 -0.448985 0.819157 -0.139861
0.497013 0.243780 0.072107 0.036165 -0.323427 -0.452566 0.817571 -0.148852
0.500836 0.243780 0.072107 0.036165 -0.323427 -0.452566 0.817571 -0.148852
0.504659 0.243780 0.072107 0.036165 -0.323427 -0.452566 0.817571 -0.148852
0.508483 0.243780 0.072107 0.036165 -0.323427 -0.452566 0.817571 -0.148852
0.512306 0.243780 0.072107 0.036165 -0.323427 -0.452566 0.817571 -0.148852
0.516129 0.243780 0.072107 0.036165 -0.323427 -0.452566 0.817571 -0.148852
0.519952 0.243780 0.072107 0.036165 -0.325043 -0.443557 0.822493 -0.145290
0.523775 0.243780 0.072107 0.036165 -0.325043 -0.443557 0.822493 -0.145290
0.527599 0.243780 0.072107 0.036165 -0.325043 -0.443557 0.822493 -0.145290
0.531422 0.243780 0.072107 0.036165 -0.325043 -0.443557 0.822493 -0.145290
0.535245 0.243780 0.072107 0.036165 -0.325043 -0.443557 0.822493 -0.145290
0.539068 0.243780 0.072107 0.036165 -0.325043 -0.443557 0.822493 -0.145290
0.542891 0.243780 0.072107 0.036277 -0.317634 -0.436621 0.830532 -0.136702
0.546714 0.243780 0.072107 0.036277 -0.312818 -0.440084 0.828980 -0.145818
0.550538 0.243780 0.072107 0.036277 -0.312818 -0.440084 0.828980 -0.145818
0.554361 0.243780 0.072107 0.036277 -0.312818 -0.440084 0.828980 -0.145818
0.558184 0.243669 0.072107 0.036277 -0.303771 -0.442059 0.832151 -0.140828
0.562007 0.243669 0.072107 0.036388 -0.298896 -0.445369 0.830553 -0.149962
0.565830 0.243669 0.072107 0.036388 -0.298896 -0.445369 0.830553 -0.149962
0.569654 0.243669 0.072107 0.036388 -0.298896 -0.445369 0.830553 -0.149962
0.573477 0.243669 0.072107 0.036388 -0.298896 -0.445369 0.830553 -0.149962
0.577300 0.243669 0.072219 0.036388 -0.293985 -0.448626 0.828856 -0.159077
0.581123 0.243669 0.072219 0.036388 -0.295715 -0.439493 0.833734 -0.155838
0.584946 0.243669 0.072219 0.036388 -0.295715 -0.439493 0.833734 -0.155838
0.588769 0.243669 0.072219 0.036388 -0.295715 -0.439493 0.833734 -0.155838
0.592593 0.243669 0.072219 0.036388 -0.306603 -0.428604 0.835195 -0.157298
0.596416 0.243669 0.072219 0.036388 -0.306603 -0.428604 0.835195 -0.157298
0.600239 0.243669 0.072219 0.036388 -0.306603 -0.428604 0.835195 -0.157298
0.604062 0.243669 0.072219 0.036388 -0.308313 -0.419403 0.839853 -0.153920
0.607885 0.243669 0.072219 0.036388 -0.308313 -0.419403 0.839853 -0.153920
0.611708 0.243669 0.072219 0.036388 -0.309985 -0.410150 0.844410 -0.150524
0.615532 0.243669 0.072219 0.036388 -0.305460 -0.413531 0.842705 -0.159791
0.619355 0.243669 0.072107 0.036388 -0.311620 -0.400849 0.848865 -0.147109
0.623178 0.243669 0.072107 0.036388 -0.311620 -0.400849 0.848865 -0.147109
0.627001 0.243669 0.072107 0.036388 -0.311620 -0.400849 0.848865 -0.147109
0.630824 0.243669 0.072107 0.036388 -0.311620 -0.400849 0.848865 -0.147109
0.634648 0.243669 0.072107 0.036388 -0.313217 -0.391499 0.853218 -0.143677
0.638471 0.243669 0.072107 0.036388 -0.313217 -0.391499 0.853218 -0.143677
0.642294 0.243669 0.072107 0.036388 -0.299489 -0.396369 0.855024 -0.148769
0.646117 0.243669 0.072107 0.036388 -0.299489 -0.396369 0.855024 -0.148769
0.649940 0.243669 0.072107 0.036500 -0.299489 -0.396369 0.855024 -0.148769
0.653763 0.243669 0.072107 0.036500 -0.299489 -0.396369 0.855024 -0.148769
0.657587 0.243669 0.072107 0.036500 -0.290044 -0.397774 0.858357 -0.144479
0.661410 0.243669 0.072107 0.036500 -0.290044 -0.397774 0.858357 -0.144479
0.665233 0.243780 0.072107 0.036500 -0.290044 -0.397774 0.858357 -0.144479
0.669056 0.243780 0.072107 0.036500 -0.290044 -0.397774 0.858357 -0.144479
0.672879 0.243780 0.072107 0.036500 -0.290044 -0.397774 0.858357 -0.144479
0.676703 0.243780 0.072107 0.036500 -0.294396 -0.394563 0.859893 -0.135040
0.680526 0.243780 0.072107 0.036500 -0.294396 -0.394563 0.859893 -0.135040
0.684349 0.243780 0.072107 0.036500 -0.294396 -0.394563 0.859893 -0.135040
0.688172 0.243780 0.072107 0.036500 -0.294396 -0.394563 0.859893 -0.135040
0.691995 0.243780 0.072107 0.036500 -0.294396 -0.394563 0.859893 -0.135040
0.695818 0.243780 0.072107 0.036500 -0.294396 -0.394563 0.859893 -0.135040
0.699642 0.243780 0.072107 0.036500 -0.294396 -0.394563 0.859893 -0.135040
0.703465 0.243780 0.072107 0.036500 -0.294396 -0.394563 0.859893 -0.135040
0.707288 0.243780 0.072107 0.036500 -0.294396 -0.394563 0.859893 -0.135040
0.711111 0.243780 0.072107 0.036500 -0.294396 -0.394563 0.859893 -0.135040
0.714934 0.243780 0.072107 0.036500 -0.294396 -0.394563 0.859893 -0.135040
0.718757 0.243780 0.072107 0.036500 -0.294396 -0.394563 0.859893 -0.135040
0.722581 0.243780 0.072107 0.036500 -0.294396 -0.394563 0.859893 -0.135040
0.726404 0.243780 0.072107 0.036500 -0.294396 -0.394563 0.859893 -0.135040
0.730227 0.243780 0.072107 0.036500 -0.294396 -0.394563 0.859893 -0.135040
0.734050 0.243780 0.072107 0.036500 -0.294396 -0.394563 0.859893 -0.135040
0.737873 0.243780 0.072107 0.036500 -0.294396 -0.394563 0.859893 -0.135040
0.741697 0.243780 0.072107 0.036500 -0.294396 -0.394563 0.859893 -0.135040
0.745520 0.243780 0.072107 0.036500 -0.294396 -0.394563 0.859893 -0.135040
0.749343 0.243780 0.072107 0.036500 -0.290044 -0.397774 0.858357 -0.144479
0.753166 0.243780 0.072107 0.036500 -0.290044 -0.397774 0.858357 -0.144479
0.756989 0.243780 0.072107 0.036500 -0.290044 -0.397774 0.858357 -0.144479
0.760812 0.243780 0.072107 0.036500 -0.290044 -0.397774 0.858357 -0.144479
0.764636 0.243780 0.072107 0.036500 -0.290044 -0.397774 0.858357 -0.144479
0.768459 0.243780 0.072107 0.036500 -0.290044 -0.397774 0.858357 -0.144479
0.772282 0.243780 0.072107 0.036500 -0.290044 -0.397774 0.858357 -0.144479
0.776105 0.243669 0.072107 0.036612 -0.290044 -0.397774 0.858357 -0.144479
0.779928 0.243669 0.072107 0.036612 -0.290044 -0.397774 0.858357 -0.144479
0.783751 0.243669 0.072107 0.036612 -0.290044 -0.397774 0.858357 -0.144479
0.787575 0.243669 0.072107 0.036612 -0.290044 -0.397774 0.858357 -0.144479
0.791398 0.243669 0.072107 0.036500 -0.290044 -0.397774 0.858357 -0.144479
0.795221 0.243669 0.072107 0.036500 -0.291613 -0.388319 0.862675 -0.141283
0.799044 0.243669 0.072107 0.036500 -0.287330 -0.391500 0.861071 -0.150752
0.802867 0.243669 0.072107 0.036500 -0.287330 -0.391500 0.861071 -0.150752
0.806691 0.243669 0.072107 0.036500 -0.287330 -0.391500 0.861071 -0.150752
0.810514 0.243669 0.072107 0.036500 -0.287330 -0.391500 0.861071 -0.150752
0.814337 0.243669 0.072107 0.036500 -0.287330 -0.391500 0.861071 -0.150752
0.818160 0.243669 0.072107 0.036500 -0.287330 -0.391500 0.861071 -0.150752
0.821983 0.243669 0.072107 0.036500 -0.287330 -0.391500 0.861071 -0.150752
0.825806 0.243669 0.072107 0.036500 -0.287330 -0.391500 0.861071 -0.150752
0.829630 0.243669 0.072107 0.036500 -0.287330 -0.391500 0.861071 -0.150752
0.833453 0.243669 0.072107 0.036500 -0.287330 -0.391500 0.861071 -0.150752
0.837276 0.243669 0.072107 0.036500 -0.287330 -0.391500 0.861071 -0.150752
0.841099 0.243780 0.072107 0.036500 -0.287330 -0.391500 0.861071 -0.150752
0.844922 0.243780 0.072107 0.036500 -0.287330 -0.391500 0.861071 -0.150752
0.848746 0.243780 0.072107 0.036500 -0.293148 -0.378819 0.866889 -0.138071
0.852569 0.243780 0.072107 0.036500 -0.293148 -0.378819 0.866889 -0.138071
0.856392 0.243780 0.072107 0.036500 -0.293148 -0.378819 0.866889 -0.138071
0.860215 0.243780 0.071996 0.036500 -0.293148 -0.378819 0.866889 -0.138071
0.864038 0.243780 0.071996 0.036500 -0.293148 -0.378819 0.866889 -0.138071
0.867861 0.243780 0.071996 0.036500 -0.293148 -0.378819 0.866889 -0.138071
0.871685 0.243780 0.071996 0.036500 -0.293148 -0.378819 0.866889 -0.138071
0.875508 0.243780 0.071996 0.036500 -0.293148 -0.378819 0.866889 -0.138071
0.879331 0.243780 0.071996 0.036500 -0.293148 -0.378819 0.866889 -0.138071
0.883154 0.243780 0.071996 0.036500 -0.293148 -0.378819 0.866889 -0.138071
0.886977 0.243780 0.071996 0.036500 -0.293148 -0.378819 0.866889 -0.138071
0.890800 0.243780 0.071996 0.036500 -0.293148 -0.378819 0.866889 -0.138071
0.894624 0.243780 0.071996 0.036500 -0.293148 -0.378819 0.866889 -0.138071
0.898447 0.243780 0.071996 0.036388 -0.304228 -0.367978 0.867621 -0.138819
0.902270 0.243780 0.071996 0.036388 -0.304228 -0.367978 0.867621 -0.138819
0.906093 0.243780 0.071996 0.036388 -0.304228 -0.367978 0.867621 -0.138819
0.909916 0.243780 0.071996 0.036388 -0.300167 -0.371298 0.866044 -0.148343
0.913740 0.243780 0.071996 0.036388 -0.301779 -0.361761 0.870071 -0.145036
0.917563 0.243780 0.071996 0.036388 -0.301779 -0.361761 0.870071 -0.145036
0.921386 0.243780 0.071996 0.036388 -0.301779 -0.361761 0.870071 -0.145036
0.925209 0.243780 0.071996 0.036388 -0.303354 -0.352181 0.873992 -0.141712
0.929032 0.243780 0.071996 0.036388 -0.303354 -0.352181 0.873992 -0.141712
0.932855 0.243780 0.071996 0.036388 -0.303354 -0.352181 0.873992 -0.141712
0.936679 0.243892 0.071884 0.036388 -0.304893 -0.342558 0.877809 -0.138371
0.940502 0.243892 0.071884 0.036277 -0.291380 -0.346855 0.879734 -0.144423
0.944325 0.243892 0.071884 0.036277 -0.291380 -0.346855 0.879734 -0.144423
0.948148 0.243892 0.071884 0.036277 -0.287552 -0.350035 0.878094 -0.154079
0.951971 0.244004 0.071884 0.036277 -0.287552 -0.350035 0.878094 -0.154079
0.955794 0.244004 0.071884 0.036277 -0.285471 -0.343524 0.880175 -0.160590
0.959618 0.244004 0.071884 0.036388 -0.281679 -0.346640 0.878358 -0.170250
0.963441 0.244004 0.071884 0.036388 -0.277854 -0.349713 0.876434 -0.179890
0.967264 0.244115 0.071884 0.036388 -0.273995 -0.352745 0.874405 -0.189507
0.971087 0.244115 0.071884 0.036388 -0.270104 -0.355734 0.872271 -0.199102
0.974910 0.244115 0.071884 0.036388 -0.252378 -0.361607 0.871381 -0.215038
0.978734 0.244227 0.071884 0.036388 -0.248390 -0.364358 0.868966 -0.224598
0.982557 0.244227 0.071884 0.036388 -0.242987 -0.360215 0.867831 -0.240981
0.986380 0.244227 0.071996 0.036388 -0.239015 -0.362863 0.865131 -0.250500
0.990203 0.244227 0.071996 0.036388 -0.221100 -0.367316 0.863205 -0.266592
0.994026 0.244339 0.071996 0.036388 -0.220071 -0.360250 0.864234 -0.273658
0.997849 0.244339 0.071996 0.036388 -0.219197 -0.353163 0.865107 -0.280745
1.001673 0.244339 0.071996 0.036388 -0.218480 -0.346059 0.865825 -0.287850
1.005496 0.244450 0.071996 0.036388 -0.214665 -0.348438 0.862610 -0.297344
1.009319 0.244450 0.071996 0.036388 -0.214181 -0.341314 0.863093 -0.304468
1.013142 0.244450 0.071996 0.036388 -0.204218 -0.339849 0.866867 -0.302223
1.016965 0.244450 0.071996 0.036388 -0.203885 -0.332565 0.867201 -0.309507
1.020789 0.244450 0.071996 0.036388 -0.203885 -0.332565 0.867201 -0.309507
1.024612 0.244450 0.071884 0.036388 -0.203885 -0.332565 0.867201 -0.309507
1.028435 0.244562 0.071884 0.036388 -0.207273 -0.323018 0.870802 -0.307249
1.032258 0.244562 0.071884 0.036388 -0.207273 -0.323018 0.870802 -0.307249
1.036081 0.244562 0.071772 0.036388 -0.197255 -0.321321 0.874460 -0.305227
1.039904 0.244562 0.071772 0.036388 -0.197255 -0.321321 0.874460 -0.305227
1.043728 0.244562 0.071772 0.036388 -0.193890 -0.330909 0.870877 -0.307376
1.047551 0.244562 0.071661 0.036388 -0.193890 -0.330909 0.870877 -0.307376
1.051374 0.244562 0.071661 0.036388 -0.193890 -0.330909 0.870877 -0.307376
1.055197 0.244562 0.071549 0.036277 -0.203885 -0.332565 0.867201 -0.309507
1.059020 0.244673 0.071549 0.036277 -0.203885 -0.332565 0.867201 -0.309507
1.062843 0.244673 0.071549 0.036277 -0.200219 -0.334785 0.863748 -0.319016
1.066667 0.244673 0.071549 0.036277 -0.196529 -0.336964 0.860191 -0.328486
1.070490 0.244673 0.071549 0.036277 -0.196529 -0.336964 0.860191 -0.328486
1.074313 0.244673 0.071438 0.036277 -0.196516 -0.329673 0.860204 -0.335777
1.078136 0.244673 0.071438 0.036277 -0.202792 -0.333907 0.852617 -0.347025
1.081959 0.244673 0.071438 0.036277 -0.195407 -0.338282 0.844787 -0.365674
1.085783 0.244673 0.071438 0.036165 -0.191679 -0.340408 0.840718 -0.374933
1.089606 0.244673 0.071438 0.036165 -0.187928 -0.342493 0.836548 -0.384146
1.093429 0.244673 0.071438 0.036277 -0.174373 -0.341901 0.836218 -0.391710
1.097252 0.244673 0.071438 0.036277 -0.166819 -0.345650 0.827410 -0.409988
1.101075 0.244673 0.071438 0.036277 -0.163012 -0.347462 0.822856 -0.419053
1.104898 0.244673 0.071438 0.036277 -0.149511 -0.346126 0.822111 -0.426588
1.108722 0.244673 0.071438 0.036277 -0.145699 -0.347748 0.817375 -0.435594
1.112545 0.244673 0.071438 0.036388 -0.132249 -0.345969 0.816382 -0.443099
1.116368 0.244785 0.071438 0.036388 -0.123466 -0.356294 0.807599 -0.453425
1.120191 0.244673 0.071438 0.036388 -0.113884 -0.352829 0.811397 -0.451860
1.124014 0.244673 0.071438 0.036500 -0.100444 -0.350446 0.810101 -0.459167
1.127838 0.244673 0.071438 0.036500 -0.091440 -0.360351 0.801097 -0.469072
1.131661 0.244673 0.071438 0.036500 -0.081930 -0.356632 0.804776 -0.467373
1.135484 0.244673 0.071438 0.036612 -0.078007 -0.357510 0.799592 -0.476186
1.139307 0.244673 0.071438 0.036612 -0.072771 -0.366273 0.795617 -0.477014
1.143130 0.244673 0.071326 0.036612 -0.063313 -0.362445 0.799259 -0.475194
1.146953 0.244673 0.071326 0.036612 -0.063313 -0.362445 0.799259 -0.475194
1.150777 0.244673 0.071326 0.036612 -0.059327 -0.363119 0.793990 -0.483946
1.154600 0.244673 0.071214 0.036612 -0.059327 -0.363119 0.793990 -0.483946
1.158423 0.244673 0.071214 0.036612 -0.055334 -0.363749 0.788626 -0.492640
1.162246 0.244673 0.071214 0.036612 -0.055334 -0.363749 0.788626 -0.492640
1.166069 0.244673 0.071214 0.036612 -0.056839 -0.355709 0.787121 -0.500680
1.169892 0.244673 0.071214 0.036612 -0.056839 -0.355709 0.787121 -0.500680
1.173716 0.244673 0.071103 0.036500 -0.056839 -0.355709 0.787121 -0.500680
1.177539 0.244673 0.071103 0.036500 -0.067835 -0.352024 0.781816 -0.510139
1.181362 0.244673 0.071103 0.036500 -0.063963 -0.352748 0.776164 -0.518697
1.185185 0.244673 0.071103 0.036500 -0.065872 -0.344944 0.774255 -0.526501
1.189008 0.244673 0.071103 0.036500 -0.052897 -0.340982 0.772044 -0.533742
1.192832 0.244673 0.071103 0.036500 -0.052897 -0.340982 0.772044 -0.533742
1.196655 0.244673 0.071103 0.036500 -0.049147 -0.341543 0.766134 -0.542192
1.200478 0.244673 0.071103 0.036500 -0.051438 -0.333691 0.763843 -0.550044
1.204301 0.244673 0.071103 0.036500 -0.047769 -0.334236 0.757754 -0.558403
1.208124 0.244673 0.071103 0.036500 -0.037866 -0.342977 0.747851 -0.567144
1.211947 0.244785 0.071103 0.036500 -0.030321 -0.343726 0.735210 -0.583438
1.215771 0.244785 0.071103 0.036500 -0.017743 -0.338641 0.732372 -0.590457
1.219594 0.244785 0.071103 0.036500 -0.014022 -0.338815 0.725841 -0.598467
1.223417 0.244785 0.071103 0.036500 -0.003636 -0.346830 0.715455 -0.606482
1.227240 0.244785 0.071103 0.036612 -0.003636 -0.346830 0.715455 -0.606482
1.231063 0.244785 0.070991 0.036612 0.008781 -0.341162 0.712373 -0.613233
1.234886 0.244785 0.070991 0.036612 0.019351 -0.348776 0.701804 -0.620848
1.238710 0.244785 0.070991 0.036612 0.023181 -0.348543 0.694941 -0.628520
1.242533 0.244897 0.070991 0.036612 0.030085 -0.356156 0.691070 -0.628228
1.246356 0.244897 0.070991 0.036612 0.033996 -0.355804 0.684126 -0.635782
1.250179 0.244897 0.070879 0.036612 0.053276 -0.356848 0.676940 -0.641540
1.254002 0.244897 0.070879 0.036612 0.053276 -0.356848 0.676940 -0.641540
1.257826 0.244897 0.070879 0.036612 0.057193 -0.356241 0.669851 -0.648939
1.261649 0.244785 0.070879 0.036612 0.061103 -0.355591 0.662681 -0.656258
1.265472 0.244785 0.070879 0.036612 0.065006 -0.354899 0.655431 -0.663499
1.269295 0.244785 0.070768 0.036612 0.076265 -0.361262 0.644172 -0.669862
1.273118 0.244785 0.070768 0.036612 0.068240 -0.367557 0.640267 -0.671047
1.276941 0.244785 0.070768 0.036612 0.072274 -0.366785 0.632856 -0.678040
1.280765 0.244785 0.070768 0.036612 0.068769 -0.359077 0.629351 -0.685749
1.284588 0.244785 0.070768 0.036612 0.064876 -0.364856 0.617834 -0.693507
1.288411 0.244785 0.070768 0.036500 0.068881 -0.364121 0.610178 -0.700253
1.292234 0.244785 0.070768 0.036500 0.072877 -0.363342 0.602448 -0.706914
1.296057 0.244785 0.070768 0.036500 0.069242 -0.369286 0.590601 -0.714159
1.299881 0.244897 0.070768 0.036500 0.065373 -0.362079 0.586733 -0.721366
1.303704 0.244897 0.070768 0.036500 0.061861 -0.368273 0.574721 -0.728179
1.307527 0.244897 0.070768 0.036388 0.057830 -0.361323 0.570690 -0.735128
1.311350 0.244897 0.070768 0.036388 0.054454 -0.367763 0.558530 -0.741505
1.315173 0.244897 0.070768 0.036388 0.058491 -0.367142 0.550351 -0.747596
1.318996 0.244897 0.070768 0.036388 0.054238 -0.360500 0.546098 -0.754238
1.322820 0.245008 0.070768 0.036277 0.054238 -0.360500 0.546098 -0.754238
1.326643 0.245008 0.070656 0.036277 0.051083 -0.367217 0.533742 -0.760040
1.330466 0.245008 0.070656 0.036277 0.046697 -0.360840 0.529356 -0.766417
1.334289 0.245008 0.070656 0.036277 0.050659 -0.360306 0.520905 -0.772187
1.338112 0.245008 0.070656 0.036277 0.046065 -0.354076 0.516311 -0.778416
1.341935 0.245120 0.070656 0.036277 0.049952 -0.353549 0.507728 -0.784041
1.345759 0.245120 0.070656 0.036277 0.049952 -0.353549 0.507728 -0.784041
1.349582 0.245120 0.070656 0.036277 0.060522 -0.345177 0.502935 -0.790092
1.353405 0.245120 0.070656 0.036277 0.064310 -0.344492 0.494225 -0.795570
1.357228 0.245120 0.070656 0.036277 0.068091 -0.343764 0.485455 -0.800952
1.361051 0.245232 0.070656 0.036277 0.071864 -0.342996 0.476626 -0.806237
1.364875 0.245232 0.070656 0.036277 0.075627 -0.342185 0.467740 -0.811424
1.368698 0.245232 0.070656 0.036277 0.085622 -0.333136 0.462558 -0.817147
1.372521 0.245232 0.070656 0.036277 0.089277 -0.332175 0.453553 -0.822179
1.376344 0.245343 0.070656 0.036388 0.108056 -0.327706 0.444613 -0.826591
1.380167 0.245343 0.070656 0.036388 0.108056 -0.327706 0.444613 -0.826591
1.383990 0.245343 0.070656 0.036388 0.120777 -0.331263 0.431892 -0.830149
1.387814 0.245343 0.070545 0.036388 0.120777 -0.331263 0.431892 -0.830149
1.391637 0.245455 0.070545 0.036500 0.139439 -0.326122 0.423002 -0.833829
1.395460 0.245455 0.070545 0.036500 0.139439 -0.326122 0.423002 -0.833829
1.399283 0.245455 0.070433 0.036500 0.148591 -0.330750 0.419394 -0.832246
1.403106 0.245455 0.070433 0.036612 0.157975 -0.320619 0.414170 -0.837085
1.406929 0.245455 0.070433 0.036612 0.167162 -0.325150 0.410623 -0.835299
1.410753 0.245455 0.070433 0.036612 0.176372 -0.314757 0.405408 -0.839920
1.414576 0.245566 0.070321 0.036612 0.176372 -0.314757 0.405408 -0.839920
1.418399 0.245566 0.070321 0.036612 0.194618 -0.308541 0.396727 -0.842338
1.422222 0.245566 0.070321 0.036723 0.197995 -0.306384 0.387449 -0.846646
1.426045 0.245566 0.070321 0.036723 0.206668 -0.295442 0.382109 -0.850879
1.429869 0.245566 0.070321 0.036723 0.213109 -0.290830 0.363322 -0.859069
1.433692 0.245566 0.070321 0.036723 0.221293 -0.279518 0.357800 -0.863063
1.437515 0.245566 0.070321 0.036723 0.224351 -0.277070 0.348297 -0.866942
1.441338 0.245455 0.070321 0.036723 0.235060 -0.262927 0.333060 -0.874464
1.445161 0.245455 0.070210 0.036723 0.228273 -0.256760 0.326273 -0.880631
1.448984 0.245455 0.070210 0.036723 0.231080 -0.254236 0.316579 -0.884163
1.452808 0.245455 0.070210 0.036723 0.236610 -0.249098 0.297077 -0.890905
1.456631 0.245455 0.070210 0.036723 0.239333 -0.246484 0.287271 -0.894115
1.460454 0.245455 0.070210 0.036612 0.234786 -0.238212 0.270191 -0.902844
1.464277 0.245566 0.070210 0.036612 0.237389 -0.235618 0.260256 -0.905758
1.468100 0.245566 0.070210 0.036612 0.229967 -0.230232 0.252834 -0.911144
1.471924 0.245566 0.070210 0.036612 0.228856 -0.237418 0.239265 -0.913241
1.475747 0.245566 0.070210 0.036612 0.231451 -0.234889 0.229217 -0.915815
1.479570 0.245566 0.070210 0.036500 0.234017 -0.232332 0.219142 -0.918278
1.483393 0.245566 0.070098 0.036500 0.235841 -0.236983 0.195377 -0.921979
1.487216 0.245566 0.070098 0.036500 0.238430 -0.234378 0.185236 -0.924070
1.491039 0.245566 0.070098 0.036500 0.240991 -0.231745 0.175073 -0.926049
1.494863 0.245566 0.070098 0.036500 0.246024 -0.226394 0.154685 -0.929672
1.498686 0.245566 0.070098 0.036500 0.248496 -0.223677 0.144462 -0.931316
1.502509 0.245566 0.070098 0.036500 0.263600 -0.219512 0.121561 -0.931425
1.506332 0.245678 0.070210 0.036500 0.265995 -0.216603 0.111321 -0.932704
1.510155 0.245678 0.070210 0.036500 0.270690 -0.210707 0.090802 -0.934925
1.513978 0.245678 0.070210 0.036500 0.275254 -0.204709 0.070239 -0.936694
1.517802 0.245678 0.070098 0.036500 0.277486 -0.201672 0.059944 -0.937409
1.521625 0.245678 0.070098 0.036500 0.283431 -0.185320 0.042789 -0.939943
1.525448 0.245678 0.070098 0.036500 0.287434 -0.179048 0.022127 -0.940656
1.529271 0.245678 0.070098 0.036500 0.291299 -0.172690 0.001455 -0.940915
1.533094 0.245678 0.070098 0.036388 0.283783 -0.176774 -0.020630 -0.942227
1.536918 0.245678 0.070098 0.036388 0.287599 -0.170497 -0.041327 -0.941547
1.540741 0.245790 0.070098 0.036388 0.291275 -0.164137 -0.062003 -0.940411
1.544564 0.245790 0.069986 0.036388 0.294811 -0.157697 -0.082650 -0.938822
1.548387 0.245790 0.069986 0.036388 0.298192 -0.161527 -0.106324 -0.934712
1.552210 0.245790 0.069986 0.036388 0.291410 -0.156320 -0.125125 -0.935408
1.556033 0.245901 0.069875 0.036388 0.294774 -0.149880 -0.145647 -0.932433
1.559857 0.245901 0.069875 0.036388 0.296403 -0.146633 -0.155882 -0.930777
1.563680 0.245901 0.069875 0.036388 0.299553 -0.140085 -0.176294 -0.927127
1.567503 0.245901 0.069763 0.036388 0.312681 -0.131302 -0.198076 -0.919650
1.571326 0.246013 0.069763 0.036388 0.314104 -0.127859 -0.208167 -0.917419
1.575149 0.246013 0.069652 0.036388 0.314256 -0.114129 -0.215438 -0.917499
1.578973 0.246013 0.069652 0.036388 0.316687 -0.107197 -0.235544 -0.912544
1.582796 0.246013 0.069652 0.036500 0.327217 -0.087212 -0.253793 -0.906042
1.586619 0.246013 0.069540 0.036500 0.328155 -0.083611 -0.263731 -0.903199
1.590442 0.246125 0.069540 0.036500 0.329913 -0.076381 -0.283512 -0.897187
1.594265 0.246125 0.069540 0.036500 0.329219 -0.059026 -0.300428 -0.893238
1.598088 0.246125 0.069540 0.036500 0.327404 -0.045337 -0.307486 -0.892302
1.601912 0.246125 0.069540 0.036500 0.328321 -0.038132 -0.327017 -0.885331
1.605735 0.246125 0.069428 0.036500 0.319014 -0.038220 -0.336324 -0.885243
1.609558 0.246125 0.069428 0.036500 0.316718 -0.021251 -0.353159 -0.880067
1.613381 0.246125 0.069428 0.036500 0.307509 -0.018377 -0.372230 -0.875526
1.617204 0.246125 0.069428 0.036500 0.307838 -0.011617 -0.391376 -0.867136
1.621027 0.246125 0.069428 0.036500 0.298450 -0.012638 -0.400764 -0.866116
1.624851 0.246125 0.069428 0.036500 0.298655 -0.006077 -0.419697 -0.857101
1.628674 0.246125 0.069317 0.036500 0.289321 -0.007510 -0.429031 -0.855669
1.632497 0.246125 0.069317 0.036388 0.289416 -0.001151 -0.447727 -0.846036
1.636320 0.246125 0.069317 0.036500 0.289372 0.005208 -0.466207 -0.835995
1.640143 0.246125 0.069317 0.036500 0.289297 0.008386 -0.475364 -0.830823
1.643967 0.246125 0.069317 0.036500 0.289043 0.014741 -0.493503 -0.820178
1.647790 0.246125 0.069205 0.036500 0.288864 0.017915 -0.502483 -0.814707
1.651613 0.246125 0.069205 0.036500 0.288400 0.024257 -0.520262 -0.803470
1.655436 0.246236 0.069205 0.036500 0.282934 0.036583 -0.527319 -0.800340
1.659259 0.246236 0.069205 0.036500 0.291226 0.045576 -0.535611 -0.791347
1.663082 0.246236 0.069205 0.036500 0.290155 0.051963 -0.552869 -0.779388
1.666906 0.246236 0.069093 0.036500 0.292489 0.070189 -0.558873 -0.772777
1.670729 0.246236 0.069093 0.036500 0.290877 0.076598 -0.575717 -0.760311
1.674552 0.246236 0.069093 0.036500 0.290018 0.079789 -0.584035 -0.753941
1.678375 0.246236 0.069093 0.036500 0.289123 0.082971 -0.592283 -0.747479
1.682198 0.246236 0.069093 0.036500 0.288194 0.086142 -0.600459 -0.740927
1.686021 0.246236 0.069093 0.036500 0.286232 0.092453 -0.616593 -0.727555
1.689845 0.246348 0.069093 0.036500 0.285199 0.095592 -0.624548 -0.720738
1.693668 0.246348 0.069093 0.036500 0.283030 0.101835 -0.640233 -0.706842
1.697491 0.246348 0.069093 0.036500 0.281894 0.104938 -0.647960 -0.699765
1.701314 0.246348 0.069093 0.036500 0.271974 0.103814 -0.664358 -0.688390
1.705137 0.246348 0.069093 0.036388 0.277699 0.098859 -0.673237 -0.678131
1.708961 0.246348 0.069093 0.036388 0.275212 0.089564 -0.690208 -0.663212
1.712784 0.246459 0.068982 0.036388 0.273178 0.095589 -0.704612 -0.647887
1.716607 0.246459 0.069093 0.036388 0.272370 0.083166 -0.713584 -0.640075
1.720430 0.246459 0.069093 0.036277 0.270477 0.089130 -0.727474 -0.624243
1.724253 0.246571 0.069093 0.036277 0.269392 0.079621 -0.742568 -0.608014
1.728076 0.246571 0.069093 0.036277 0.267578 0.085520 -0.755747 -0.591553
1.731900 0.246683 0.069093 0.036277 0.274461 0.081416 -0.762563 -0.580120
1.735723 0.246683 0.069093 0.036277 0.272606 0.087427 -0.775125 -0.563226
1.739546 0.246683 0.069093 0.036277 0.285705 0.092209 -0.780467 -0.548399
1.743369 0.246794 0.069093 0.036277 0.284675 0.095342 -0.786444 -0.539792
1.747192 0.246794 0.068982 0.036277 0.282511 0.101574 -0.798114 -0.522383
1.751016 0.246906 0.068982 0.036277 0.287004 0.113496 -0.802606 -0.510461
1.754839 0.246906 0.068982 0.036277 0.277417 0.122977 -0.808035 -0.504972
1.758662 0.246906 0.068870 0.036277 0.282948 0.131846 -0.806635 -0.501894
1.762485 0.247017 0.068870 0.036388 0.281482 0.134947 -0.812100 -0.493002
1.766308 0.247017 0.068759 0.036388 0.278531 0.150082 -0.810239 -0.493365
1.770131 0.247017 0.068759 0.036388 0.276865 0.153133 -0.815610 -0.484433
1.773955 0.247017 0.068759 0.036388 0.266648 0.162184 -0.820531 -0.478878
1.777778 0.247017 0.068647 0.036500 0.271892 0.171188 -0.818700 -0.475920
1.781601 0.247129 0.068647 0.036500 0.264850 0.165103 -0.825743 -0.469835
1.785424 0.247129 0.068535 0.036500 0.256234 0.171007 -0.825329 -0.473216
1.789247 0.247129 0.068535 0.036500 0.254339 0.173812 -0.830478 -0.464120
1.793070 0.247129 0.068424 0.036500 0.254339 0.173812 -0.830478 -0.464120
1.796894 0.247129 0.068424 0.036500 0.243640 0.182288 -0.835086 -0.458302
1.800717 0.247129 0.068424 0.036500 0.241623 0.184954 -0.840071 -0.449100
1.804540 0.247129 0.068424 0.036500 0.223736 0.186252 -0.851400 -0.436314
1.808363 0.247129 0.068424 0.036500 0.221676 0.188699 -0.856142 -0.426934
1.812186 0.247129 0.068312 0.036500 0.219589 0.191123 -0.860781 -0.417503
1.816010 0.247129 0.068312 0.036500 0.208256 0.198582 -0.864943 -0.411179
1.819833 0.247129 0.068312 0.036500 0.206062 0.200857 -0.869408 -0.401652
1.823656 0.247129 0.068312 0.036500 0.197386 0.195678 -0.880226 -0.384645
1.827479 0.247129 0.068312 0.036500 0.193039 0.199967 -0.888464 -0.365212
1.831302 0.247129 0.068312 0.036612 0.185167 0.216282 -0.889878 -0.356444
1.835125 0.247129 0.068312 0.036612 0.180370 0.220298 -0.897495 -0.336807
1.838949 0.247241 0.068312 0.036612 0.177939 0.222266 -0.901141 -0.326926
1.842772 0.247241 0.068312 0.036612 0.173013 0.226122 -0.908106 -0.307049
1.846595 0.247241 0.068312 0.036500 0.170518 0.228009 -0.911424 -0.297054
1.850418 0.247241 0.068312 0.036500 0.177870 0.226202 -0.914663 -0.283879
1.854241 0.247352 0.068312 0.036500 0.172858 0.230056 -0.920679 -0.263714
1.858064 0.247352 0.068312 0.036500 0.170320 0.231941 -0.923520 -0.253584
1.861888 0.247352 0.068312 0.036500 0.165183 0.235627 -0.928869 -0.233232
1.865711 0.247352 0.068312 0.036500 0.160124 0.227181 -0.933927 -0.224786
1.869534 0.247464 0.068312 0.036388 0.165261 0.227833 -0.938250 -0.201165
1.873357 0.247464 0.068312 0.036388 0.162748 0.229635 -0.940404 -0.190845
1.877180 0.247464 0.068312 0.036388 0.157663 0.233155 -0.944370 -0.170137
1.881004 0.247464 0.068312 0.036388 0.153328 0.224464 -0.948705 -0.161446
1.884827 0.247464 0.068312 0.036277 0.158703 0.225622 -0.951295 -0.137645
1.888650 0.247464 0.068312 0.036277 0.152416 0.218559 -0.956548 -0.118393
1.892473 0.247464 0.068312 0.036277 0.150006 0.220220 -0.957791 -0.107877
1.896296 0.247464 0.068200 0.036165 0.144169 0.212903 -0.962327 -0.088396
1.900119 0.247464 0.068200 0.036165 0.151493 0.202415 -0.964455 -0.076845
1.903943 0.247464 0.068200 0.036165 0.147009 0.205695 -0.965910 -0.055636
1.907766 0.247464 0.068200 0.036054 0.144237 0.196667 -0.968682 -0.046609
1.911589 0.247464 0.068089 0.036054 0.142068 0.198240 -0.969136 -0.035964
1.915412 0.247464 0.068089 0.036054 0.137678 0.201314 -0.969692 -0.014662
1.919235 0.247464 0.068089 0.036054 0.146057 0.191502 -0.970558 -0.003293
1.923059 0.247464 0.067977 0.036054 0.143945 0.193095 -0.970536 0.007370
1.926882 0.247576 0.067977 0.036054 0.141814 0.194665 -0.970396 0.018032
1.930705 0.247576 0.067977 0.036054 0.141814 0.194665 -0.970396 0.018032
1.934528 0.247576 0.067866 0.036054 0.139667 0.196211 -0.970140 0.028692
1.938351 0.247576 0.067866 0.036054 0.139667 0.196211 -0.970140 0.028692
1.942174 0.247576 0.067754 0.036165 0.126834 0.197911 -0.971267 0.037209
1.945998 0.247576 0.067754 0.036165 0.126418 0.208569 -0.969034 0.038600
1.949821 0.247576 0.067754 0.036165 0.124119 0.209945 -0.968552 0.049243
1.953644 0.247576 0.067642 0.036165 0.112934 0.220640 -0.967593 0.048241
1.957467 0.247687 0.067642 0.036165 0.110503 0.221867 -0.967005 0.058868
1.961290 0.247687 0.067642 0.036277 0.099853 0.221789 -0.968321 0.056514
1.965113 0.247687 0.067642 0.036277 0.097411 0.222873 -0.967641 0.067148
1.968937 0.247687 0.067531 0.036277 0.083465 0.234214 -0.965581 0.076362
1.972760 0.247687 0.067531 0.036277 0.072825 0.233861 -0.966718 0.073901
1.976583 0.247687 0.067531 0.036388 0.072008 0.244467 -0.964091 0.074697
1.980406 0.247799 0.067531 0.036388 0.058701 0.244757 -0.964265 0.082709
1.984229 0.247799 0.067419 0.036388 0.045391 0.244754 -0.964264 0.090723
1.988053 0.247799 0.067419 0.036388 0.042699 0.245238 -0.963209 0.101311
1.991876 0.247799 0.067419 0.036500 0.029396 0.244797 -0.962943 0.109321
1.995699 0.247910 0.067419 0.036500 0.026705 0.245105 -0.961684 0.119893
1.999522 0.247910 0.067419 0.036500 0.024011 0.245383 -0.960309 0.130451
2.003345 0.247910 0.067419 0.036500 0.021313 0.245632 -0.958818 0.140993
2.007168 0.248022 0.067308 0.036500 0.016948 0.256353 -0.954452 0.151714
2.010992 0.248022 0.067308 0.036500 0.015912 0.246041 -0.955488 0.162025
2.014815 0.248134 0.067308 0.036500 0.010502 0.246332 -0.951698 0.182979
2.018638 0.248134 0.067308 0.036388 0.017819 0.238030 -0.948966 0.206126
2.022461 0.248245 0.067308 0.036388 0.033473 0.242639 -0.941498 0.231490
2.026284 0.248245 0.067308 0.036388 0.043899 0.234888 -0.939985 0.243576
2.030108 0.248245 0.067308 0.036277 0.049111 0.238221 -0.932722 0.266213
2.033931 0.248357 0.067308 0.036277 0.057354 0.231692 -0.927408 0.288000
2.037754 0.248357 0.067308 0.036165 0.065111 0.235038 -0.922244 0.299972
2.041577 0.248357 0.067308 0.036054 0.073700 0.229290 -0.915912 0.321092
2.045400 0.248469 0.067308 0.036054 0.082584 0.224029 -0.908946 0.341772
2.049223 0.248469 0.067308 0.035942 0.091738 0.219266 -0.901371 0.361991
2.053047 0.248469 0.067308 0.035942 0.101139 0.215016 -0.893209 0.381728
2.056870 0.248469 0.067308 0.035830 0.110761 0.211288 -0.884486 0.400966
2.060693 0.248469 0.067196 0.035830 0.112938 0.202811 -0.882309 0.409443
2.064516 0.248580 0.067196 0.035830 0.108455 0.205244 -0.873100 0.428729
2.068339 0.248580 0.067196 0.035830 0.111002 0.196871 -0.870553 0.437102
2.072162 0.248580 0.067084 0.035830 0.106650 0.199262 -0.860739 0.456124
2.075986 0.248580 0.067084 0.035719 0.107458 0.192201 -0.852673 0.473773
2.079809 0.248580 0.067084 0.035719 0.103209 0.194516 -0.842058 0.492393
2.083632 0.248580 0.067084 0.035719 0.102449 0.188732 -0.827498 0.518779
2.087455 0.248692 0.067084 0.035719 0.089066 0.185413 -0.818209 0.536864
2.091278 0.248692 0.067084 0.035830 0.084971 0.187325 -0.806216 0.554711
2.095102 0.248692 0.066973 0.035830 0.067677 0.191203 -0.800232 0.564350
2.098925 0.248692 0.066973 0.035830 0.069848 0.183979 -0.789708 0.581063
2.102748 0.248803 0.066973 0.035830 0.057012 0.179208 -0.778864 0.598335
2.106571 0.248915 0.066973 0.035830 0.046298 0.188817 -0.763502 0.615849
2.110394 0.248915 0.066861 0.035942 0.042138 0.189789 -0.749787 0.632475
2.114217 0.248915 0.066861 0.035942 0.029606 0.183844 -0.737800 0.648827
2.118041 0.249027 0.066861 0.035942 0.018254 0.192386 -0.721296 0.665121
2.121864 0.249027 0.066749 0.036054 0.008015 0.185479 -0.716026 0.672934
2.125687 0.249138 0.066749 0.036054 0.003938 0.185610 -0.701068 0.688504
2.129510 0.249250 0.066749 0.036165 -0.007946 0.178183 -0.687770 0.703677
2.133333 0.249250 0.066638 0.036165 -0.019497 0.170305 -0.674061 0.718511
2.137156 0.249250 0.066638 0.036165 -0.032477 0.161642 -0.651860 0.740200
2.140980 0.249362 0.066526 0.036165 -0.036020 0.160890 -0.635440 0.754343
2.144803 0.249362 0.066526 0.036165 -0.048229 0.151275 -0.612009 0.774748
2.148626 0.249362 0.066415 0.036277 -0.059830 0.141022 -0.587852 0.794332
2.152449 0.249473 0.066415 0.036277 -0.061855 0.123968 -0.564395 0.813796
2.156272 0.249473 0.066303 0.036277 -0.071954 0.112812 -0.538755 0.831769
2.160096 0.249473 0.066303 0.036277 -0.073083 0.094689 -0.504195 0.855266
2.163919 0.249585 0.066303 0.036277 -0.077172 0.091387 -0.466135 0.876590
2.167742 0.249585 0.066303 0.036277 -0.070343 0.083988 -0.437945 0.892302
2.171565 0.249585 0.066303 0.036277 -0.069142 0.065698 -0.390219 0.915769
2.175388 0.249696 0.066191 0.036277 -0.071962 0.062597 -0.349611 0.932027
2.179211 0.249696 0.066191 0.036277 -0.063621 0.056686 -0.319350 0.943798
2.183035 0.249808 0.066191 0.036277 -0.069150 0.043337 -0.278493 0.956965
2.186858 0.249808 0.066191 0.036277 -0.060345 0.037660 -0.236612 0.968997
2.190681 0.249920 0.066191 0.036277 -0.062322 0.034290 -0.183053 0.980526
2.194504 0.249920 0.066191 0.036277 -0.063418 0.032218 -0.150642 0.986026
2.198327 0.250031 0.066191 0.036277 -0.052662 0.039118 -0.106845 0.992109
2.202151 0.250031 0.066191 0.036165 -0.053064 0.048289 -0.073441 0.994715
2.205974 0.250143 0.066191 0.036165 -0.054626 0.046514 -0.040623 0.996595
2.209797 0.250143 0.066080 0.036165 -0.056129 0.044688 -0.007760 0.997393
2.213620 0.250143 0.066080 0.036165 -0.068522 0.042536 0.025580 0.996414
2.217443 0.250143 0.066080 0.036165 -0.069440 0.041020 0.047466 0.995612
2.221266 0.250254 0.065968 0.036165 -0.071566 0.049627 0.080946 0.992906
2.225090 0.250254 0.065968 0.036165 -0.072639 0.048043 0.102742 0.990888
2.228913 0.250254 0.065968 0.036054 -0.064104 0.058672 0.124506 0.988406
2.232736 0.250366 0.065968 0.036054 -0.066899 0.068084 0.146694 0.984566
2.236559 0.250366 0.065856 0.036054 -0.069106 0.065843 0.179059 0.979197
2.240382 0.250366 0.065856 0.036054 -0.069825 0.065080 0.189806 0.977171
2.244205 0.250366 0.065745 0.036054 -0.060547 0.065847 0.210518 0.973489
2.248029 0.250366 0.065745 0.036054 -0.061979 0.064500 0.231856 0.968628
2.251852 0.250366 0.065745 0.035942 -0.049465 0.055838 0.241587 0.967508
2.255675 0.250366 0.065633 0.035942 -0.053515 0.065316 0.262948 0.961108
2.259498 0.250366 0.065633 0.035942 -0.044441 0.067240 0.283279 0.955645
2.263321 0.250366 0.065633 0.035830 -0.034711 0.069971 0.293010 0.952914
2.267145 0.250366 0.065522 0.035830 -0.025842 0.072636 0.313096 0.946587
2.270968 0.250366 0.065522 0.035830 -0.017109 0.075714 0.333006 0.939724
2.274791 0.250366 0.065410 0.035830 -0.017939 0.075521 0.343310 0.936009
2.278614 0.250478 0.065410 0.035830 -0.019594 0.075109 0.363792 0.928240
2.282437 0.250478 0.065410 0.035830 -0.010264 0.078993 0.373123 0.924356
2.286260 0.250478 0.065410 0.035830 -0.011997 0.078748 0.393342 0.915935
2.290084 0.250478 0.065410 0.035830 -0.012861 0.078612 0.403380 0.911559
2.293907 0.250478 0.065298 0.035830 -0.014585 0.078310 0.423311 0.902476
2.297730 0.250478 0.065298 0.035830 -0.015445 0.078145 0.433200 0.897771
2.301553 0.250478 0.065298 0.035830 -0.017158 0.077787 0.452820 0.888036
2.305376 0.250478 0.065298 0.035830 -0.022605 0.062812 0.463829 0.883406
2.309199 0.250589 0.065298 0.035830 -0.023294 0.062560 0.473506 0.878257
2.313023 0.250589 0.065298 0.035830 -0.023980 0.062300 0.483126 0.873002
2.316846 0.250589 0.065298 0.035830 -0.034193 0.056617 0.493340 0.867318
2.320669 0.250589 0.065298 0.035830 -0.034813 0.056238 0.502839 0.861846
2.324492 0.250589 0.065298 0.035942 -0.035429 0.055852 0.512277 0.856270
2.328315 0.250701 0.065298 0.035942 -0.030309 0.046110 0.521985 0.851168
2.332139 0.250701 0.065298 0.035942 -0.030814 0.045774 0.531304 0.845382
2.335962 0.250701 0.065298 0.035942 -0.030814 0.045774 0.531304 0.845382
2.339785 0.250701 0.065298 0.035942 -0.031315 0.045433 0.540560 0.839494
2.343608 0.250701 0.065298 0.035942 -0.025772 0.035925 0.550034 0.833971
2.347431 0.250701 0.065298 0.035942 -0.026166 0.035640 0.559163 0.827878
2.351254 0.250701 0.065298 0.035942 -0.026166 0.035640 0.559163 0.827878
2.355078 0.250701 0.065298 0.035942 -0.017527 0.041591 0.567802 0.821927
2.358901 0.250701 0.065298 0.035942 -0.011638 0.032438 0.577126 0.815928
2.362724 0.250701 0.065298 0.035942 -0.011993 0.032308 0.586055 0.809538
2.366547 0.250813 0.065298 0.035942 -0.011993 0.032308 0.586055 0.809538
2.370370 0.250813 0.065298 0.036054 -0.012347 0.032174 0.594913 0.803051
2.374194 0.250813 0.065298 0.036054 -0.012700 0.032037 0.603700 0.796467
2.378017 0.250813 0.065298 0.036054 -0.013051 0.031895 0.612413 0.789786
2.381840 0.250924 0.065298 0.036054 -0.004374 0.038621 0.612026 0.789882
2.385663 0.250924 0.065298 0.036054 -0.004798 0.038571 0.620667 0.783111
2.389486 0.250924 0.065298 0.036054 -0.005221 0.038516 0.629233 0.776245
2.393309 0.250924 0.065298 0.036054 -0.005644 0.038456 0.637722 0.769285
2.397133 0.251036 0.065298 0.036054 0.002808 0.045460 0.637262 0.769301
2.400956 0.251036 0.065298 0.036054 0.002308 0.045488 0.645675 0.762253
2.404779 0.251036 0.065298 0.036054 0.002308 0.045488 0.645675 0.762253
2.408602 0.251036 0.065298 0.036054 0.002901 0.060965 0.652842 0.755031
2.412425 0.251036 0.065298 0.036054 0.002901 0.060965 0.652842 0.755031
2.416248 0.251147 0.065298 0.036054 0.002231 0.060993 0.661098 0.747813
2.420072 0.251147 0.065298 0.036054 0.017078 0.060259 0.669280 0.740366
2.423895 0.251147 0.065298 0.036054 0.017078 0.060259 0.669280 0.740366
2.427718 0.251147 0.065298 0.036054 0.016415 0.060443 0.677374 0.732968
2.431541 0.251147 0.065298 0.036054 0.015750 0.060619 0.685385 0.725482
2.435364 0.251147 0.065298 0.036054 0.023720 0.068145 0.684678 0.725265
2.439188 0.251147 0.065298 0.036054 0.022970 0.068402 0.692604 0.717700
2.443011 0.251147 0.065298 0.036165 0.029944 0.060878 0.701161 0.709768
2.446834 0.251036 0.065298 0.036165 0.029273 0.061203 0.708917 0.702022
2.450657 0.251036 0.065298 0.036165 0.036492 0.053914 0.717208 0.693812
2.454480 0.251036 0.065298 0.036165 0.035897 0.054311 0.724787 0.685891
2.458303 0.251036 0.065298 0.036277 0.043868 0.046784 0.725316 0.685422
2.462127 0.251036 0.065298 0.036277 0.043352 0.047263 0.732803 0.677412
2.465950 0.251147 0.065298 0.036277 0.043609 0.032242 0.741029 0.669279
2.469773 0.251147 0.065298 0.036277 0.043609 0.032242 0.741029 0.669279
2.473596 0.251147 0.065298 0.036277 0.051463 0.025445 0.748591 0.660542
2.477419 0.251147 0.065187 0.036277 0.051463 0.025445 0.748591 0.660542
2.481243 0.251147 0.065187 0.036388 0.051180 0.026009 0.755803 0.652278
2.485066 0.251147 0.065187 0.036388 0.059464 0.018822 0.755959 0.651641
2.488889 0.251259 0.065187 0.036388 0.059464 0.018822 0.755959 0.651641
2.492712 0.251259 0.065187 0.036388 0.059464 0.018822 0.755959 0.651641
2.496535 0.251259 0.065075 0.036277 0.066619 0.027126 0.755706 0.650948
2.500358 0.251371 0.065075 0.036277 0.066619 0.027126 0.755706 0.650948
2.504182 0.251371 0.065075 0.036277 0.066619 0.027126 0.755706 0.650948
2.508005 0.251371 0.065075 0.036277 0.066619 0.027126 0.755706 0.650948
2.511828 0.251371 0.064963 0.036277 0.073767 0.035426 0.755363 0.650177
2.515651 0.251482 0.064963 0.036277 0.073767 0.035426 0.755363 0.650177
2.519474 0.251482 0.064963 0.036277 0.073767 0.035426 0.755363 0.650177
2.523297 0.251482 0.064963 0.036277 0.080905 0.043723 0.754928 0.649328
2.527121 0.251482 0.064963 0.036277 0.072647 0.050901 0.754535 0.650237
2.530944 0.251594 0.064963 0.036277 0.072647 0.050901 0.754535 0.650237
2.534767 0.251594 0.064963 0.036277 0.079786 0.059187 0.753930 0.649400
2.538590 0.251594 0.064963 0.036277 0.079131 0.060060 0.761019 0.641078
2.542413 0.251594 0.064852 0.036165 0.079131 0.060060 0.761019 0.641078
2.546237 0.251594 0.064852 0.036165 0.086169 0.068417 0.760314 0.640170
2.550060 0.251594 0.064852 0.036165 0.086169 0.068417 0.760314 0.640170
2.553883 0.251706 0.064852 0.036165 0.086169 0.068417 0.760314 0.640170
2.557706 0.251706 0.064852 0.036165 0.084884 0.083826 0.758808 0.640295
2.561529 0.251706 0.064852 0.036165 0.083958 0.084754 0.765797 0.631920
2.565352 0.251706 0.064852 0.036165 0.083958 0.084754 0.765797 0.631920
2.569176 0.251706 0.064852 0.036165 0.083958 0.084754 0.765797 0.631920
2.572999 0.251706 0.064852 0.036165 0.075557 0.091713 0.765009 0.632963
2.576822 0.251706 0.064852 0.036165 0.082507 0.100112 0.763955 0.632094
2.580645 0.251706 0.064852 0.036165 0.081402 0.101012 0.770853 0.623663
2.584468 0.251706 0.064740 0.036165 0.081402 0.101012 0.770853 0.623663
2.588291 0.251706 0.064740 0.036165 0.072928 0.107857 0.769908 0.624732
2.592115 0.251706 0.064740 0.036165 0.072928 0.107857 0.769908 0.624732
2.595938 0.251706 0.064740 0.036165 0.071739 0.108652 0.776725 0.616236
2.599761 0.251817 0.064740 0.036165 0.071739 0.108652 0.776725 0.616236
2.603584 0.251817 0.064629 0.036165 0.071739 0.108652 0.776725 0.616236
2.607407 0.251817 0.064629 0.036277 0.070541 0.109433 0.783448 0.607666
2.611231 0.251817 0.064629 0.036277 0.077212 0.118034 0.782199 0.606854
2.615054 0.251817 0.064629 0.036277 0.084593 0.112323 0.789800 0.597029
2.618877 0.251817 0.064629 0.036277 0.084593 0.112323 0.789800 0.597029
2.622700 0.251929 0.064629 0.036277 0.084593 0.112323 0.789800 0.597029
2.626523 0.251929 0.064517 0.036277 0.089812 0.121987 0.795019 0.587365
2.630346 0.251929 0.064517 0.036277 0.088467 0.122967 0.801424 0.578596
2.634170 0.252040 0.064517 0.036277 0.088467 0.122967 0.801424 0.578596
2.637993 0.252040 0.064517 0.036277 0.093365 0.132797 0.806322 0.568765
2.641816 0.252040 0.064517 0.036277 0.091900 0.133815 0.812521 0.559872
2.645639 0.252152 0.064517 0.036165 0.096471 0.143802 0.817093 0.549885
2.649462 0.252152 0.064517 0.036165 0.094886 0.144853 0.823084 0.540875
2.653286 0.252152 0.064517 0.036165 0.100822 0.153887 0.821443 0.539800
2.657109 0.252264 0.064517 0.036165 0.090030 0.160806 0.826181 0.532411
2.660932 0.252264 0.064517 0.036165 0.094001 0.170916 0.830152 0.522301
2.664755 0.252264 0.064517 0.036054 0.092118 0.171938 0.835840 0.513150
2.668578 0.252264 0.064517 0.036054 0.095754 0.182173 0.839477 0.502914
2.672401 0.252264 0.064517 0.036054 0.093747 0.183214 0.844951 0.493661
2.676225 0.252375 0.064517 0.036054 0.091729 0.184233 0.850324 0.484349
2.680048 0.252375 0.064517 0.036054 0.089699 0.185230 0.855593 0.474978
2.683871 0.252375 0.064517 0.036054 0.094912 0.194618 0.853507 0.473964
2.687694 0.252375 0.064517 0.036054 0.092768 0.195649 0.858662 0.464559
2.691517 0.252375 0.064517 0.036054 0.090613 0.196657 0.863714 0.455097
2.695340 0.252375 0.064405 0.036054 0.100121 0.191692 0.864871 0.453021
2.699164 0.252375 0.064405 0.036054 0.102876 0.202325 0.867625 0.442389
2.702987 0.252375 0.064405 0.036165 0.112402 0.197453 0.868708 0.440142
2.706810 0.252375 0.064405 0.036165 0.112402 0.197453 0.868708 0.440142
2.710633 0.252487 0.064405 0.036165 0.112402 0.197453 0.868708 0.440142
2.714456 0.252487 0.064405 0.036165 0.124489 0.203481 0.872260 0.426919
2.718280 0.252487 0.064294 0.036165 0.124489 0.203481 0.872260 0.426919
2.722103 0.252487 0.064294 0.036165 0.134014 0.198677 0.873160 0.424451
2.725926 0.252487 0.064294 0.036277 0.143523 0.193849 0.873954 0.421933
2.729749 0.252599 0.064294 0.036277 0.143523 0.193849 0.873954 0.421933
2.733572 0.252599 0.064294 0.036277 0.153014 0.188998 0.874643 0.419363
2.737395 0.252599 0.064182 0.036277 0.153014 0.188998 0.874643 0.419363
2.741219 0.252710 0.064182 0.036388 0.153014 0.188998 0.874643 0.419363
2.745042 0.252710 0.064182 0.036388 0.160454 0.185897 0.879752 0.407103
2.748865 0.252710 0.064182 0.036388 0.164917 0.195551 0.877657 0.405316
2.752688 0.252710 0.064071 0.036388 0.164917 0.195551 0.877657 0.405316
2.756511 0.252710 0.064071 0.036388 0.164917 0.195551 0.877657 0.405316
2.760334 0.252710 0.064071 0.036388 0.162759 0.197351 0.882057 0.395649
2.764158 0.252822 0.064071 0.036388 0.167096 0.207030 0.879835 0.393837
2.767981 0.252822 0.064071 0.036388 0.167096 0.207030 0.879835 0.393837
2.771804 0.252822 0.063959 0.036388 0.169022 0.218553 0.881761 0.382314
2.775627 0.252822 0.063959 0.036388 0.169022 0.218553 0.881761 0.382314
2.779450 0.252822 0.063959 0.036277 0.163708 0.232760 0.878610 0.383492
2.783274 0.252822 0.063959 0.036277 0.165238 0.244229 0.880140 0.372023
2.787097 0.252933 0.063847 0.036277 0.166516 0.255728 0.881418 0.360524
2.790920 0.252933 0.063847 0.036277 0.170467 0.265396 0.878555 0.358673
2.794743 0.252933 0.063847 0.036165 0.157980 0.271416 0.881602 0.352353
2.798566 0.252933 0.063847 0.036165 0.161841 0.281085 0.878567 0.350596
2.802389 0.252933 0.063847 0.036165 0.162479 0.292523 0.879205 0.339158
2.806213 0.252933 0.063847 0.036165 0.162479 0.292523 0.879205 0.339158
2.810036 0.253045 0.063736 0.036165 0.162866 0.303972 0.879592 0.327709
2.813859 0.253045 0.063736 0.036165 0.153446 0.319199 0.878723 0.320019
2.817682 0.253045 0.063736 0.036054 0.153446 0.319199 0.878723 0.320019
2.821505 0.253045 0.063736 0.036054 0.153331 0.330538 0.878608 0.308680
2.825329 0.253157 0.063736 0.036054 0.153331 0.330538 0.878608 0.308680
2.829152 0.253157 0.063624 0.036054 0.149690 0.332203 0.881946 0.299009
2.832975 0.253157 0.063624 0.036054 0.146031 0.333827 0.885177 0.289301
2.836798 0.253268 0.063624 0.036054 0.149201 0.343532 0.881457 0.287680
2.840621 0.253268 0.063624 0.036054 0.135775 0.348438 0.883546 0.281962
2.844444 0.253268 0.063624 0.036054 0.131939 0.349909 0.886590 0.272238
2.848268 0.253380 0.063512 0.036054 0.130963 0.361088 0.885614 0.261058
2.852091 0.253380 0.063512 0.036054 0.121279 0.364110 0.884544 0.265138
2.855914 0.253380 0.063512 0.036054 0.117271 0.365420 0.887403 0.255404
2.859737 0.253491 0.063512 0.035942 0.106225 0.379195 0.884955 0.248560
2.863560 0.253491 0.063512 0.035942 0.092294 0.382938 0.886453 0.242986
2.867383 0.253491 0.063512 0.035942 0.090639 0.393673 0.884797 0.232251
2.871207 0.253603 0.063401 0.035830 0.076531 0.396969 0.886074 0.226785
2.875030 0.253603 0.063401 0.035830 0.072166 0.397786 0.888512 0.217036
2.878853 0.253603 0.063401 0.035830 0.060278 0.410364 0.885153 0.210882
2.882676 0.253715 0.063401 0.035830 0.055766 0.411002 0.887417 0.201145
2.886499 0.253715 0.063401 0.035830 0.057972 0.420726 0.882848 0.200520
2.890323 0.253826 0.063401 0.035830 0.053347 0.421338 0.884998 0.190809
2.894146 0.253826 0.063289 0.035830 0.050701 0.431618 0.882352 0.180528
2.897969 0.253938 0.063289 0.035830 0.060450 0.429920 0.883502 0.175897
2.901792 0.253938 0.063289 0.035830 0.057545 0.440259 0.880597 0.165558
2.905615 0.254050 0.063178 0.035830 0.069016 0.448286 0.876735 0.160039
2.909438 0.254161 0.063178 0.035830 0.078664 0.446611 0.877657 0.155142
2.913262 0.254161 0.063178 0.035830 0.084948 0.455466 0.875119 0.139643
2.917085 0.254273 0.063066 0.035942 0.084948 0.455466 0.875119 0.139643
2.920908 0.254384 0.063066 0.035942 0.096012 0.463391 0.870755 0.133550
2.924731 0.254384 0.062954 0.035942 0.101756 0.472365 0.867563 0.117691
2.928554 0.254496 0.062954 0.036054 0.111228 0.470700 0.868007 0.112398
2.932378 0.254496 0.062954 0.036054 0.116592 0.479801 0.864251 0.096271
2.936201 0.254608 0.062843 0.036054 0.121622 0.488963 0.860071 0.080013
2.940024 0.254719 0.062843 0.036054 0.131780 0.496757 0.854713 0.073030
2.943847 0.254719 0.062843 0.036165 0.136231 0.505958 0.849856 0.056493
2.947670 0.254831 0.062731 0.036165 0.131174 0.516737 0.844800 0.045714
2.951493 0.254831 0.062731 0.036165 0.134996 0.525952 0.839228 0.029095
2.955317 0.254831 0.062731 0.036165 0.138468 0.535177 0.833221 0.012399
2.959140 0.254943 0.062731 0.036165 0.132608 0.545789 0.827361 0.001788
2.962963 0.254943 0.062731 0.036165 0.135270 0.563954 0.814487 -0.016418
2.966786 0.254943 0.062619 0.036165 0.128780 0.574317 0.807997 -0.026782
2.970609 0.255054 0.062619 0.036165 0.130306 0.592098 0.793990 -0.044945
2.974432 0.255054 0.062619 0.036165 0.123196 0.602174 0.786881 -0.055022
2.978256 0.255054 0.062619 0.036165 0.122584 0.610783 0.780218 -0.056373
2.982079 0.255054 0.062619 0.036165 0.114412 0.629072 0.765915 -0.067471
2.985902 0.255054 0.062508 0.036165 0.121956 0.636306 0.757959 -0.075769
2.989725 0.255054 0.062508 0.036165 0.113082 0.654087 0.742889 -0.086597
2.993548 0.255166 0.062508 0.036165 0.104842 0.663401 0.734649 -0.095910
2.997372 0.255166 0.062508 0.036165 0.111768 0.670340 0.726118 -0.104425
3.001195 0.255166 0.062508 0.036165 0.109724 0.686178 0.708656 -0.122177
3.005018 0.255166 0.062508 0.036165 0.100746 0.695071 0.699677 -0.131070
3.008841 0.255166 0.062508 0.036165 0.106954 0.701571 0.690513 -0.139823
3.012664 0.255277 0.062508 0.036165 0.105412 0.709114 0.682764 -0.140989
3.016487 0.255277 0.062508 0.036165 0.097615 0.710230 0.681174 -0.148482
3.020311 0.255277 0.062508 0.036165 0.103464 0.716489 0.671703 -0.157331
3.024134 0.255277 0.062508 0.036277 0.101172 0.723694 0.660231 -0.173571
3.027957 0.255277 0.062508 0.036277 0.093216 0.724762 0.658284 -0.180814
3.031780 0.255389 0.062508 0.036277 0.091223 0.731950 0.650282 -0.181827
3.035603 0.255389 0.062508 0.036277 0.098540 0.730718 0.648350 -0.189695
3.039426 0.255389 0.062396 0.036277 0.096450 0.737796 0.640283 -0.190766
3.043250 0.255389 0.062396 0.036277 0.096450 0.737796 0.640283 -0.190766
3.047073 0.255389 0.062396 0.036277 0.094349 0.744786 0.632139 -0.191814
3.050896 0.255389 0.062396 0.036277 0.086161 0.745778 0.629993 -0.198747
3.054719 0.255389 0.062396 0.036277 0.083972 0.752654 0.621762 -0.199682
3.058542 0.255389 0.062396 0.036277 0.083972 0.752654 0.621762 -0.199682
3.062366 0.255389 0.062396 0.036277 0.081773 0.759439 0.613456 -0.200593
3.066189 0.255501 0.062285 0.036277 0.088741 0.758108 0.611416 -0.208729
3.070012 0.255501 0.062285 0.036277 0.094840 0.763783 0.605318 -0.203054
3.073835 0.255501 0.062285 0.036277 0.094840 0.763783 0.605318 -0.203054
3.077658 0.255501 0.062285 0.036277 0.092603 0.770387 0.596890 -0.204084
3.081481 0.255501 0.062285 0.036277 0.092603 0.770387 0.596890 -0.204084
3.085305 0.255501 0.062285 0.036277 0.092603 0.770387 0.596890 -0.204084
3.089128 0.255501 0.062285 0.036277 0.090356 0.776898 0.588391 -0.205089
3.092951 0.255501 0.062285 0.036277 0.090356 0.776898 0.588391 -0.205089
3.096774 0.255612 0.062285 0.036277 0.090356 0.776898 0.588391 -0.205089
3.100597 0.255612 0.062285 0.036277 0.088097 0.783315 0.579820 -0.206069
3.104421 0.255612 0.062285 0.036277 0.088097 0.783315 0.579820 -0.206069
3.108244 0.255612 0.062285 0.036277 0.088097 0.783315 0.579820 -0.206069
3.112067 0.255724 0.062285 0.036277 0.085828 0.789638 0.571180 -0.207024
3.115890 0.255724 0.062173 0.036277 0.085828 0.789638 0.571180 -0.207024
3.119713 0.255724 0.062173 0.036277 0.085828 0.789638 0.571180 -0.207024
3.123536 0.255724 0.062173 0.036277 0.083548 0.795866 0.562470 -0.207955
3.127360 0.255724 0.062173 0.036277 0.083548 0.795866 0.562470 -0.207955
3.131183 0.255836 0.062173 0.036277 0.083548 0.795866 0.562470 -0.207955
3.135006 0.255836 0.062173 0.036277 0.077148 0.797399 0.564323 -0.199356
3.138829 0.255836 0.062173 0.036277 0.074953 0.803550 0.555529 -0.200191
3.142652 0.255836 0.062173 0.036277 0.074953 0.803550 0.555529 -0.200191
3.146475 0.255836 0.062173 0.036277 0.074953 0.803550 0.555529 -0.200191
3.150299 0.255836 0.062173 0.036277 0.066530 0.811081 0.548421 -0.192241
3.154122 0.255836 0.062173 0.036277 0.066530 0.811081 0.548421 -0.192241
3.157945 0.255836 0.062173 0.036165 0.064414 0.817057 0.539477 -0.192960
3.161768 0.255836 0.062173 0.036165 0.058284 0.818453 0.541149 -0.184107
3.165591 0.255836 0.062061 0.036165 0.049289 0.819044 0.539094 -0.190041
3.169415 0.255836 0.062061 0.036165 0.047198 0.824917 0.530063 -0.190571
3.173238 0.255836 0.062061 0.036165 0.041145 0.826166 0.531753 -0.181647
3.177061 0.255836 0.062061 0.036165 0.039147 0.831958 0.522645 -0.182088
3.180884 0.255836 0.062061 0.036054 0.039147 0.831958 0.522645 -0.182088
3.184707 0.255836 0.062061 0.036054 0.033187 0.833125 0.524258 -0.173076
3.188530 0.255836 0.062061 0.036054 0.031283 0.838834 0.515074 -0.173430
3.192354 0.255836 0.062061 0.036054 0.022066 0.839127 0.513137 -0.179078
3.196177 0.255836 0.062061 0.036054 0.016190 0.840146 0.514775 -0.169998
3.200000 0.255836 0.062061 0.036054 0.016190 0.840146 0.514775 -0.169998
3.203823 0.255836 0.062061 0.035942 0.014322 0.845751 0.505514 -0.170165
3.207646 0.255836 0.062061 0.035942 0.014322 0.845751 0.505514 -0.170165
3.211469 0.255836 0.062061 0.035942 0.014322 0.845751 0.505514 -0.170165
3.215293 0.255836 0.061950 0.035942 0.014322 0.845751 0.505514 -0.170165
3.219116 0.255836 0.061950 0.035942 0.014322 0.845751 0.505514 -0.170165
3.222939 0.255836 0.061950 0.035942 0.014322 0.845751 0.505514 -0.170165
3.226762 0.255836 0.061950 0.035942 0.014322 0.845751 0.505514 -0.170165
3.230585 0.255836 0.061950 0.035942 0.014322 0.845751 0.505514 -0.170165
3.234409 0.255836 0.061950 0.035942 0.003099 0.851339 0.494291 -0.175753
3.238232 0.255836 0.061950 0.035942 0.003099 0.851339 0.494291 -0.175753
3.242055 0.255836 0.061950 0.035942 0.003099 0.851339 0.494291 -0.175753
3.245878 0.255836 0.061950 0.035942 0.003099 0.851339 0.494291 -0.175753
3.249701 0.255836 0.061950 0.035942 0.008785 0.850346 0.492575 -0.184942
3.253524 0.255836 0.061950 0.035942 0.008785 0.850346 0.492575 -0.184942
3.257348 0.255836 0.061950 0.036054 0.008785 0.850346 0.492575 -0.184942
3.261171 0.255836 0.061950 0.036054 0.008785 0.850346 0.492575 -0.184942
3.264994 0.255836 0.061950 0.036054 0.008785 0.850346 0.492575 -0.184942
3.268817 0.255836 0.061838 0.036054 0.008785 0.850346 0.492575 -0.184942
3.272640 0.255836 0.061838 0.036054 0.023799 0.849042 0.492902 -0.188705
3.276464 0.255836 0.061838 0.036054 0.023799 0.849042 0.492902 -0.188705
3.280287 0.255836 0.061838 0.036054 0.023799 0.849042 0.492902 -0.188705
3.284110 0.255836 0.061838 0.036054 0.023799 0.849042 0.492902 -0.188705
3.287933 0.255836 0.061838 0.036054 0.023799 0.849042 0.492902 -0.188705
3.291756 0.255947 0.061838 0.036054 0.023799 0.849042 0.492902 -0.188705
3.295579 0.255947 0.061838 0.036054 0.023799 0.849042 0.492902 -0.188705
3.299403 0.255947 0.061838 0.036054 0.023799 0.849042 0.492902 -0.188705
3.303226 0.255947 0.061838 0.036054 0.021724 0.854405 0.483544 -0.188955
3.307049 0.255947 0.061838 0.036054 0.021724 0.854405 0.483544 -0.188955
3.310872 0.255947 0.061838 0.036054 0.021724 0.854405 0.483544 -0.188955
3.314695 0.255947 0.061838 0.036054 0.021724 0.854405 0.483544 -0.188955
3.318518 0.255947 0.061838 0.036054 0.021724 0.854405 0.483544 -0.188955
3.322342 0.255947 0.061838 0.036054 0.021724 0.854405 0.483544 -0.188955
3.326165 0.255947 0.061838 0.036054 0.019647 0.859666 0.474129 -0.189183
3.329988 0.255947 0.061838 0.036054 0.010201 0.859830 0.472022 -0.194380
3.333811 0.255947 0.061838 0.036054 0.010201 0.859830 0.472022 -0.194380
3.337634 0.255947 0.061838 0.036054 0.010201 0.859830 0.472022 -0.194380
3.341458 0.255947 0.061838 0.036054 0.000755 0.859890 0.469858 -0.199554
3.345281 0.255947 0.061838 0.036054 0.000755 0.859890 0.469858 -0.199554
3.349104 0.255947 0.061950 0.036054 -0.001438 0.865000 0.460383 -0.199550
3.352927 0.255947 0.061950 0.036054 -0.016344 0.865966 0.460106 -0.195288
3.356750 0.255947 0.061950 0.036054 -0.016344 0.865966 0.460106 -0.195288
3.360573 0.255947 0.061950 0.036054 -0.016344 0.865966 0.460106 -0.195288
3.364397 0.255947 0.061950 0.035942 -0.016344 0.865966 0.460106 -0.195288
3.368220 0.255947 0.061950 0.035942 -0.025857 0.865735 0.457933 -0.200331
3.372043 0.255947 0.061950 0.035942 -0.025857 0.865735 0.457933 -0.200331
3.375866 0.256059 0.061950 0.035942 -0.028056 0.870713 0.448394 -0.200034
3.379689 0.256059 0.061950 0.035942 -0.028056 0.870713 0.448394 -0.200034
3.383513 0.256059 0.061950 0.035942 -0.028056 0.870713 0.448394 -0.200034
3.387336 0.256059 0.061950 0.035942 -0.028056 0.870713 0.448394 -0.200034
3.391159 0.256059 0.061950 0.035942 -0.028056 0.870713 0.448394 -0.200034
3.394982 0.256059 0.061950 0.035942 -0.030252 0.875587 0.438802 -0.199714
3.398805 0.256170 0.061950 0.035942 -0.030252 0.875587 0.438802 -0.199714
3.402628 0.256170 0.061950 0.035942 -0.030252 0.875587 0.438802 -0.199714
3.406452 0.256170 0.061950 0.035942 -0.030252 0.875587 0.438802 -0.199714
3.410275 0.256170 0.061950 0.035942 -0.032445 0.880355 0.429156 -0.199370
3.414098 0.256282 0.061950 0.035942 -0.037546 0.881290 0.431117 -0.189885
3.417921 0.256282 0.061950 0.035830 -0.037546 0.881290 0.431117 -0.189885
3.421744 0.256282 0.061950 0.035830 -0.039630 0.885973 0.421409 -0.189462
3.425567 0.256282 0.061838 0.035942 -0.039630 0.885973 0.421409 -0.189462
3.429391 0.256282 0.061838 0.035942 -0.039630 0.885973 0.421409 -0.189462
3.433214 0.256394 0.061838 0.035830 -0.039630 0.885973 0.421409 -0.189462
3.437037 0.256394 0.061838 0.035830 -0.041709 0.890549 0.411650 -0.189015
3.440860 0.256394 0.061838 0.035830 -0.041709 0.890549 0.411650 -0.189015
3.444683 0.256394 0.061838 0.035830 -0.031923 0.890954 0.413702 -0.184481
3.448507 0.256394 0.061838 0.035830 -0.031923 0.890954 0.413702 -0.184481
3.452330 0.256505 0.061838 0.035830 -0.031923 0.890954 0.413702 -0.184481
3.456153 0.256505 0.061726 0.035830 -0.031923 0.890954 0.413702 -0.184481
3.459976 0.256505 0.061726 0.035830 -0.031923 0.890954 0.413702 -0.184481
3.463799 0.256505 0.061726 0.035830 -0.031923 0.890954 0.413702 -0.184481
3.467622 0.256505 0.061726 0.035830 -0.027042 0.889922 0.411867 -0.194096
3.471446 0.256617 0.061726 0.035830 -0.027042 0.889922 0.411867 -0.194096
3.475269 0.256617 0.061615 0.035830 -0.027042 0.889922 0.411867 -0.194096
3.479092 0.256617 0.061615 0.035830 -0.036817 0.889571 0.409710 -0.198609
3.482915 0.256729 0.061615 0.035830 -0.036817 0.889571 0.409710 -0.198609
3.486738 0.256729 0.061615 0.035830 -0.046588 0.889113 0.407503 -0.203098
3.490561 0.256729 0.061615 0.035830 -0.041679 0.888081 0.405409 -0.212645
3.494385 0.256840 0.061615 0.035830 -0.051433 0.887570 0.403048 -0.217086
3.498208 0.256840 0.061615 0.035830 -0.061181 0.886951 0.400639 -0.221501
3.502031 0.256840 0.061615 0.035830 -0.070922 0.886225 0.398182 -0.225889
3.505854 0.256952 0.061503 0.035830 -0.085602 0.886208 0.398188 -0.220804
3.509677 0.256952 0.061503 0.035719 -0.097801 0.889508 0.385989 -0.224104
3.513501 0.256952 0.061503 0.035719 -0.107568 0.888380 0.383504 -0.228331
3.517324 0.256952 0.061503 0.035719 -0.117321 0.887145 0.380972 -0.232531
3.521147 0.257063 0.061503 0.035719 -0.127060 0.885802 0.378394 -0.236702
3.524970 0.257063 0.061503 0.035719 -0.136784 0.884353 0.375771 -0.240845
3.528793 0.257063 0.061503 0.035719 -0.144386 0.886287 0.360264 -0.252702
3.532616 0.257175 0.061392 0.035719 -0.151286 0.880666 0.367164 -0.258322
3.536440 0.257175 0.061392 0.035830 -0.160952 0.878951 0.364304 -0.262340
3.540263 0.257175 0.061392 0.035830 -0.156032 0.878431 0.360933 -0.271553
3.544086 0.257175 0.061392 0.035830 -0.165673 0.876664 0.357928 -0.275501
3.547909 0.257287 0.061392 0.035942 -0.157591 0.872145 0.364016 -0.286391
3.551732 0.257287 0.061280 0.035942 -0.158794 0.865802 0.366717 -0.301148
3.555556 0.257287 0.061280 0.036054 -0.155476 0.861721 0.376207 -0.302874
3.559379 0.257287 0.061280 0.036054 -0.156161 0.855306 0.378457 -0.317544
3.563202 0.257287 0.061168 0.036054 -0.156161 0.855306 0.378457 -0.317544
3.567025 0.257287 0.061168 0.036165 -0.147160 0.850530 0.383954 -0.327904
3.570848 0.257398 0.061168 0.036165 -0.152837 0.844633 0.389632 -0.333802
3.574671 0.257398 0.061168 0.036165 -0.149161 0.840301 0.398887 -0.335461
3.578495 0.257398 0.061057 0.036277 -0.145466 0.835868 0.408095 -0.337079
3.582318 0.257398 0.061057 0.036277 -0.154640 0.834220 0.404367 -0.341542
3.586141 0.257398 0.061057 0.036277 -0.150879 0.829727 0.413507 -0.343221
3.589964 0.257398 0.061057 0.036277 -0.150879 0.829727 0.413507 -0.343221
3.593787 0.257398 0.060945 0.036277 -0.153076 0.825356 0.426682 -0.336597
3.597610 0.257398 0.060945 0.036277 -0.153076 0.825356 0.426682 -0.336597
3.601434 0.257398 0.060945 0.036165 -0.159035 0.825478 0.430715 -0.328296
3.605257 0.257510 0.060945 0.036165 -0.168094 0.823681 0.427083 -0.333008
3.609080 0.257510 0.060945 0.036165 -0.174034 0.823638 0.431155 -0.324711
3.612903 0.257510 0.060834 0.036165 -0.174034 0.823638 0.431155 -0.324711
3.616726 0.257510 0.060834 0.036165 -0.179952 0.823496 0.435175 -0.316375
3.620550 0.257510 0.060834 0.036165 -0.179952 0.823496 0.435175 -0.316375
3.624373 0.257510 0.060834 0.036054 -0.194882 0.821163 0.435733 -0.312807
3.628196 0.257621 0.060834 0.036054 -0.194882 0.821163 0.435733 -0.312807
3.632019 0.257621 0.060834 0.036054 -0.194882 0.821163 0.435733 -0.312807
3.635842 0.257621 0.060834 0.036054 -0.209758 0.818503 0.436369 -0.309252
3.639665 0.257733 0.060834 0.036054 -0.218737 0.816149 0.432945 -0.314028
3.643489 0.257733 0.060834 0.036054 -0.233516 0.813000 0.433697 -0.310495
3.647312 0.257733 0.060834 0.035942 -0.233516 0.813000 0.433697 -0.310495
3.651135 0.257845 0.060834 0.035942 -0.245883 0.815064 0.421331 -0.312559
3.654958 0.257845 0.060834 0.035942 -0.260511 0.811439 0.422240 -0.308893
3.658781 0.257956 0.060834 0.035942 -0.278276 0.805519 0.415351 -0.318095
3.662604 0.258068 0.060945 0.035942 -0.292731 0.801256 0.416420 -0.314472
3.666428 0.258068 0.060945 0.035830 -0.301516 0.797991 0.412940 -0.319028
3.670251 0.258180 0.060945 0.035830 -0.319269 0.797755 0.405388 -0.311954
3.674074 0.258180 0.061057 0.035830 -0.328014 0.794200 0.401936 -0.316388
3.677897 0.258291 0.061057 0.035830 -0.350764 0.785201 0.399838 -0.317100
3.681720 0.258291 0.061057 0.035830 -0.350764 0.785201 0.399838 -0.317100
3.685544 0.258403 0.061057 0.035719 -0.359369 0.781300 0.396331 -0.321474
3.689367 0.258403 0.061057 0.035719 -0.371488 0.781573 0.384212 -0.321747
3.693190 0.258514 0.061057 0.035719 -0.385244 0.775632 0.385840 -0.317976
3.697013 0.258514 0.061057 0.035719 -0.393742 0.771353 0.382324 -0.322196
3.700836 0.258514 0.061057 0.035719 -0.393742 0.771353 0.382324 -0.322196
3.704659 0.258514 0.061057 0.035719 -0.397258 0.775507 0.373826 -0.317851
3.708483 0.258626 0.061057 0.035719 -0.405754 0.771096 0.370312 -0.321938
3.712306 0.258626 0.060945 0.035719 -0.405754 0.771096 0.370312 -0.321938
3.716129 0.258626 0.060945 0.035719 -0.405754 0.771096 0.370312 -0.321938
3.719952 0.258626 0.060945 0.035719 -0.409157 0.768514 0.361285 -0.333840
3.723775 0.258626 0.060945 0.035719 -0.409157 0.768514 0.361285 -0.333840
3.727599 0.258626 0.060834 0.035719 -0.412800 0.772437 0.352820 -0.329325
3.731422 0.258626 0.060834 0.035719 -0.412800 0.772437 0.352820 -0.329325
3.735245 0.258738 0.060834 0.035719 -0.421261 0.767856 0.349181 -0.333181
3.739068 0.258738 0.060722 0.035719 -0.421261 0.767856 0.349181 -0.333181
3.742891 0.258738 0.060722 0.035719 -0.416274 0.769680 0.343563 -0.340988
3.746714 0.258738 0.060722 0.035830 -0.424705 0.765060 0.339797 -0.344742
3.750538 0.258738 0.060610 0.035830 -0.424705 0.765060 0.339797 -0.344742
3.754361 0.258738 0.060610 0.035830 -0.428087 0.762190 0.330161 -0.356094
3.758184 0.258849 0.060610 0.035830 -0.428087 0.762190 0.330161 -0.356094
3.762007 0.258849 0.060610 0.035830 -0.436434 0.757441 0.326229 -0.359699
3.765830 0.258849 0.060499 0.035830 -0.444729 0.752600 0.322257 -0.363262
3.769653 0.258849 0.060499 0.035830 -0.444729 0.752600 0.322257 -0.363262
3.773477 0.258849 0.060499 0.035830 -0.452971 0.747669 0.318247 -0.366780
3.777300 0.258849 0.060499 0.035830 -0.461157 0.742647 0.314198 -0.370254
3.781123 0.258849 0.060499 0.035830 -0.469288 0.737536 0.310112 -0.373684
3.784946 0.258849 0.060499 0.035830 -0.485379 0.727048 0.301827 -0.380407
3.788769 0.258849 0.060387 0.035830 -0.493337 0.721671 0.297629 -0.383700
3.792593 0.258849 0.060387 0.035830 -0.501236 0.716208 0.293396 -0.386947
3.796416 0.258849 0.060387 0.035830 -0.516851 0.705022 0.284824 -0.393299
3.800239 0.258849 0.060387 0.035942 -0.524565 0.699302 0.280486 -0.396405
3.804062 0.258849 0.060387 0.035942 -0.535081 0.690110 0.264746 -0.409080
3.807885 0.258961 0.060387 0.035942 -0.537871 0.686662 0.253170 -0.418445
3.811708 0.258961 0.060387 0.035942 -0.545382 0.680711 0.248557 -0.421201
3.815532 0.258961 0.060387 0.036054 -0.555463 0.671111 0.231939 -0.432754
3.819355 0.258961 0.060275 0.036054 -0.558020 0.667486 0.219771 -0.441336
3.823178 0.258961 0.060275 0.036054 -0.567755 0.657608 0.202465 -0.451900
3.827001 0.259073 0.060275 0.036165 -0.570108 0.653849 0.189844 -0.459802
3.830824 0.259073 0.060275 0.036165 -0.579486 0.643711 0.171907 -0.469341
3.834648 0.259073 0.060275 0.036165 -0.588624 0.633399 0.153626 -0.478254
3.838471 0.259184 0.060275 0.036165 -0.590638 0.629447 0.140361 -0.485017
3.842294 0.259184 0.060275 0.036165 -0.604325 0.616319 0.129671 -0.487983
3.846117 0.259184 0.060275 0.036165 -0.606164 0.612282 0.116121 -0.494157
3.849940 0.259296 0.060275 0.036165 -0.624889 0.599936 0.098651 -0.489754
3.853763 0.259296 0.060275 0.036165 -0.637919 0.586062 0.087867 -0.491803
3.857587 0.259296 0.060275 0.036165 -0.655305 0.569042 0.085550 -0.489334
3.861410 0.259296 0.060275 0.036165 -0.667650 0.554507 0.074778 -0.491095
3.865233 0.259296 0.060164 0.036165 -0.678187 0.544057 0.078017 -0.487830
3.869056 0.259407 0.060164 0.036054 -0.695312 0.529732 0.061464 -0.481816
3.872879 0.259407 0.060164 0.036054 -0.711003 0.511087 0.059700 -0.479271
3.876702 0.259407 0.060164 0.036054 -0.725861 0.500563 0.057807 -0.468211
3.880526 0.259407 0.060164 0.036054 -0.740578 0.481097 0.056490 -0.465723
3.884349 0.259519 0.060164 0.035942 -0.750897 0.473468 0.046171 -0.458094
3.888172 0.259519 0.060164 0.035942 -0.764771 0.453378 0.045227 -0.455554
3.891995 0.259519 0.060164 0.035942 -0.774669 0.445363 0.035329 -0.447539
3.895818 0.259631 0.060052 0.035942 -0.779515 0.436826 0.030410 -0.447900
3.899642 0.259631 0.060052 0.035942 -0.789144 0.428490 0.020782 -0.439564
3.903465 0.259631 0.060052 0.035942 -0.803152 0.411146 0.006603 -0.431117
3.907288 0.259742 0.060052 0.035942 -0.807621 0.402297 0.001866 -0.431164
3.911111 0.259742 0.060052 0.035942 -0.816679 0.393345 -0.007193 -0.422212
3.914934 0.259742 0.060052 0.035942 -0.825124 0.375307 -0.016468 -0.421952
3.918757 0.259854 0.060052 0.035942 -0.833781 0.365965 -0.025124 -0.412610
3.922581 0.259854 0.060052 0.035942 -0.834677 0.360150 -0.039336 -0.414800
3.926404 0.259966 0.060052 0.035942 -0.843085 0.350455 -0.047744 -0.405105
3.930227 0.259966 0.060052 0.035942 -0.850581 0.331847 -0.056633 -0.403958
3.934050 0.260077 0.060052 0.035942 -0.851172 0.325835 -0.070878 -0.405358
3.937873 0.260077 0.060052 0.035942 -0.862508 0.306160 -0.083136 -0.394251
3.941696 0.260077 0.060052 0.035942 -0.868692 0.293326 -0.077552 -0.391560
3.945520 0.260189 0.060052 0.035942 -0.874927 0.274169 -0.086136 -0.389762
3.949343 0.260189 0.060052 0.035942 -0.877887 0.264540 -0.090412 -0.388792
3.953166 0.260300 0.060052 0.035942 -0.883487 0.245189 -0.098933 -0.386712
3.956989 0.260300 0.060052 0.035942 -0.886127 0.235468 -0.103175 -0.385602
3.960812 0.260300 0.060052 0.036054 -0.888661 0.225718 -0.107405 -0.384445
3.964636 0.260412 0.060052 0.036054 -0.897694 0.211207 -0.103910 -0.372479
3.968459 0.260412 0.059941 0.036054 -0.899960 0.201332 -0.107995 -0.371315
3.972282 0.260524 0.059941 0.036054 -0.902117 0.191433 -0.112068 -0.370106
3.976105 0.260524 0.059941 0.036054 -0.904166 0.181511 -0.116127 -0.368853
3.979928 0.260524 0.059941 0.036054 -0.906105 0.171566 -0.120173 -0.367555
3.983751 0.260635 0.059941 0.036054 -0.906105 0.171566 -0.120173 -0.367555
3.987575 0.260635 0.059941 0.036054 -0.907936 0.161602 -0.124203 -0.366212
3.991398 0.260635 0.059941 0.036054 -0.907936 0.161602 -0.124203 -0.366212
3.995221 0.260747 0.059829 0.036054 -0.907936 0.161602 -0.124203 -0.366212
3.999044 0.260747 0.059829 0.036054 -0.905681 0.165226 -0.134319 -0.366607
4.002867 0.260747 0.059829 0.036054 -0.907441 0.155266 -0.138338 -0.365109
4.006691 0.260747 0.059829 0.036054 -0.907441 0.155266 -0.138338 -0.365109
4.010514 0.260747 0.059829 0.036165 -0.905117 0.158897 -0.148441 -0.365349
4.014337 0.260859 0.059829 0.036165 -0.906808 0.148943 -0.152445 -0.363697
4.018160 0.260859 0.059717 0.036165 -0.906808 0.148943 -0.152445 -0.363697
4.021983 0.260859 0.059717 0.036165 -0.902758 0.150609 -0.150800 -0.373637
4.025806 0.260859 0.059717 0.036165 -0.900363 0.154358 -0.160845 -0.373696
4.029630 0.260859 0.059717 0.036165 -0.900363 0.154358 -0.160845 -0.373696
4.033453 0.260859 0.059717 0.036165 -0.900363 0.154358 -0.160845 -0.373696
4.037276 0.260859 0.059717 0.036165 -0.902005 0.144457 -0.164941 -0.371906
4.041099 0.260859 0.059717 0.036165 -0.902005 0.144457 -0.164941 -0.371906
4.044922 0.260859 0.059606 0.036054 -0.904358 0.140682 -0.154896 -0.371958
4.048745 0.260859 0.059606 0.036054 -0.905849 0.130738 -0.158973 -0.370233
4.052569 0.260859 0.059606 0.036054 -0.905849 0.130738 -0.158973 -0.370233
4.056392 0.260859 0.059606 0.036054 -0.907231 0.120779 -0.163031 -0.368465
4.060215 0.260859 0.059606 0.036054 -0.910621 0.106941 -0.157010 -0.366990
4.064038 0.260859 0.059606 0.036054 -0.914597 0.105210 -0.158176 -0.356963
4.067861 0.260859 0.059606 0.035942 -0.917668 0.091369 -0.151972 -0.355587
4.071685 0.260859 0.059606 0.035942 -0.918616 0.081281 -0.155869 -0.353896
4.075508 0.260859 0.059606 0.035942 -0.922449 0.079564 -0.156753 -0.343783
4.079331 0.260859 0.059606 0.035942 -0.923267 0.069425 -0.160520 -0.342040
4.083154 0.260859 0.059606 0.035942 -0.923974 0.059278 -0.164268 -0.340256
4.086977 0.260970 0.059606 0.035942 -0.928232 0.047275 -0.168526 -0.328253
4.090800 0.260970 0.059606 0.035942 -0.928232 0.047275 -0.168526 -0.328253
4.094624 0.260970 0.059606 0.035942 -0.928695 0.037074 -0.172122 -0.326382
4.098447 0.260970 0.059606 0.035942 -0.932225 0.035181 -0.172519 -0.316159
4.102270 0.260970 0.059606 0.035942 -0.932555 0.024938 -0.175982 -0.314245
4.106093 0.260970 0.059606 0.035942 -0.930805 0.028512 -0.186174 -0.313253
4.109916 0.260970 0.059606 0.036054 -0.931063 0.018285 -0.189604 -0.311189
4.113739 0.260970 0.059606 0.036054 -0.929240 0.021876 -0.199761 -0.310048
4.117563 0.261082 0.059606 0.036054 -0.932750 0.009434 -0.203272 -0.297605
4.121386 0.261082 0.059606 0.036054 -0.930841 0.012932 -0.213430 -0.296337
4.125209 0.261082 0.059606 0.036054 -0.930927 0.002705 -0.216673 -0.293974
4.129032 0.261082 0.059606 0.036054 -0.934100 0.000324 -0.216690 -0.283729
4.132855 0.261193 0.059606 0.036054 -0.934047 -0.009938 -0.219794 -0.281331
4.136679 0.261193 0.059494 0.036054 -0.937082 -0.012352 -0.219671 -0.271053
4.140502 0.261193 0.059494 0.036054 -0.937082 -0.012352 -0.219671 -0.271053
4.144325 0.261193 0.059494 0.036054 -0.939784 -0.025091 -0.222374 -0.258314
4.148148 0.261305 0.059494 0.036054 -0.942565 -0.027532 -0.222085 -0.247974
4.151971 0.261305 0.059494 0.036054 -0.946691 -0.043372 -0.214091 -0.236768
4.155794 0.261305 0.059382 0.035942 -0.950392 -0.059067 -0.205760 -0.225674
4.159618 0.261417 0.059382 0.035942 -0.952814 -0.061324 -0.205099 -0.215219
4.163441 0.261417 0.059382 0.035942 -0.955973 -0.076766 -0.196267 -0.204212
4.167264 0.261417 0.059382 0.035830 -0.957234 -0.089439 -0.197528 -0.191539
4.171087 0.261417 0.059382 0.035830 -0.960783 -0.094084 -0.186089 -0.182800
4.174910 0.261417 0.059382 0.035830 -0.961619 -0.106694 -0.186925 -0.170191
4.178734 0.261528 0.059382 0.035830 -0.962178 -0.119319 -0.187484 -0.157566
4.182557 0.261528 0.059382 0.035830 -0.960809 -0.129882 -0.189204 -0.155497
4.186380 0.261528 0.059382 0.035830 -0.960951 -0.142519 -0.189346 -0.142860
4.190203 0.261528 0.059382 0.035830 -0.959350 -0.153052 -0.199644 -0.127926
4.194026 0.261528 0.059382 0.035830 -0.957611 -0.163582 -0.201037 -0.125725
4.197849 0.261640 0.059382 0.035830 -0.957611 -0.163582 -0.201037 -0.125725
4.201673 0.261640 0.059382 0.035830 -0.956052 -0.161443 -0.211420 -0.123298
4.205496 0.261640 0.059382 0.035942 -0.952570 -0.169760 -0.223092 -0.118412
4.209319 0.261640 0.059382 0.035942 -0.953814 -0.172201 -0.221213 -0.107939
4.213142 0.261640 0.059382 0.035942 -0.952020 -0.170117 -0.231540 -0.105389
4.216965 0.261640 0.059271 0.035942 -0.952020 -0.170117 -0.231540 -0.105389
4.220788 0.261640 0.059271 0.035942 -0.952020 -0.170117 -0.231540 -0.105389
4.224612 0.261751 0.059271 0.035942 -0.951184 -0.170659 -0.239978 -0.092381
4.228435 0.261751 0.059271 0.035942 -0.951184 -0.170659 -0.239978 -0.092381
4.232258 0.261751 0.059271 0.035942 -0.951184 -0.170659 -0.239978 -0.092381
4.236081 0.261751 0.059159 0.035942 -0.952142 -0.173285 -0.238088 -0.081926
4.239904 0.261751 0.059159 0.035942 -0.952142 -0.173285 -0.238088 -0.081926
4.243728 0.261751 0.059159 0.035942 -0.954106 -0.175163 -0.227746 -0.084447
4.247551 0.261751 0.059159 0.035942 -0.954976 -0.177655 -0.225808 -0.073960
4.251374 0.261863 0.059159 0.035942 -0.954976 -0.177655 -0.225808 -0.073960
4.255197 0.261863 0.059159 0.035830 -0.957635 -0.181753 -0.213435 -0.065933
4.259020 0.261863 0.059159 0.035830 -0.959423 -0.183359 -0.203001 -0.068394
4.262843 0.261863 0.059159 0.035830 -0.958020 -0.196115 -0.201598 -0.055639
4.266667 0.261975 0.059271 0.035830 -0.958020 -0.196115 -0.201598 -0.055639
4.270490 0.261975 0.059271 0.035719 -0.959703 -0.197603 -0.191150 -0.058188
4.274313 0.261975 0.059271 0.035719 -0.958032 -0.210229 -0.189480 -0.045562
4.278136 0.261975 0.059271 0.035719 -0.959612 -0.211595 -0.179022 -0.048202
4.281959 0.261975 0.059271 0.035719 -0.959612 -0.211595 -0.179022 -0.048202
4.285783 0.262086 0.059271 0.035719 -0.957680 -0.224083 -0.177090 -0.035714
4.289606 0.262086 0.059271 0.035719 -0.957680 -0.224083 -0.177090 -0.035714
4.293429 0.262086 0.059271 0.035719 -0.959159 -0.225325 -0.166626 -0.038447
4.297252 0.262086 0.059382 0.035719 -0.955160 -0.234591 -0.177471 -0.033766
4.301075 0.262086 0.059382 0.035719 -0.955160 -0.234591 -0.177471 -0.033766
4.304898 0.262086 0.059382 0.035719 -0.955160 -0.234591 -0.177471 -0.033766
4.308722 0.262198 0.059382 0.035719 -0.955160 -0.234591 -0.177471 -0.033766
4.312545 0.262198 0.059382 0.035719 -0.955160 -0.234591 -0.177471 -0.033766
4.316368 0.262198 0.059382 0.035830 -0.952525 -0.245070 -0.177832 -0.031814
4.320191 0.262198 0.059382 0.035830 -0.950584 -0.241684 -0.190878 -0.039294
4.324014 0.262198 0.059382 0.035830 -0.950584 -0.241684 -0.190878 -0.039294
4.327837 0.262198 0.059382 0.035830 -0.950584 -0.241684 -0.190878 -0.039294
4.331661 0.262198 0.059382 0.035830 -0.948935 -0.240238 -0.201220 -0.036306
4.335484 0.262198 0.059382 0.035942 -0.948935 -0.240238 -0.201220 -0.036306
4.339307 0.262198 0.059382 0.035942 -0.948935 -0.240238 -0.201220 -0.036306
4.343130 0.262198 0.059382 0.035942 -0.946749 -0.236424 -0.214148 -0.043717
4.346953 0.262086 0.059382 0.035942 -0.946749 -0.236424 -0.214148 -0.043717
4.350777 0.262086 0.059271 0.035942 -0.946749 -0.236424 -0.214148 -0.043717
4.354600 0.262086 0.059271 0.035942 -0.946749 -0.236424 -0.214148 -0.043717
4.358423 0.262086 0.059271 0.036054 -0.944904 -0.234806 -0.224423 -0.040700
4.362246 0.262086 0.059271 0.036054 -0.944904 -0.234806 -0.224423 -0.040700
4.366069 0.262086 0.059271 0.036054 -0.944904 -0.234806 -0.224423 -0.040700
4.369892 0.262086 0.059271 0.036054 -0.944904 -0.234806 -0.224423 -0.040700
4.373716 0.262086 0.059271 0.036054 -0.944904 -0.234806 -0.224423 -0.040700
4.377539 0.262086 0.059271 0.036054 -0.944904 -0.234806 -0.224423 -0.040700
4.381362 0.262086 0.059271 0.036054 -0.944904 -0.234806 -0.224423 -0.040700
4.385185 0.262086 0.059271 0.036054 -0.944904 -0.234806 -0.224423 -0.040700
4.389008 0.262086 0.059271 0.036054 -0.944904 -0.234806 -0.224423 -0.040700
4.392831 0.262086 0.059271 0.036054 -0.944904 -0.234806 -0.224423 -0.040700
4.396655 0.262086 0.059271 0.036054 -0.944904 -0.234806 -0.224423 -0.040700
4.400478 0.262086 0.059271 0.036054 -0.944904 -0.234806 -0.224423 -0.040700
4.404301 0.262086 0.059271 0.036054 -0.944904 -0.234806 -0.224423 -0.040700
4.408124 0.262086 0.059271 0.036054 -0.944904 -0.234806 -0.224423 -0.040700
4.411947 0.262086 0.059159 0.036054 -0.944904 -0.234806 -0.224423 -0.040700
4.415771 0.262086 0.059159 0.036054 -0.944904 -0.234806 -0.224423 -0.040700
4.419594 0.262086 0.059159 0.035942 -0.944904 -0.234806 -0.224423 -0.040700
4.423417 0.262086 0.059159 0.035942 -0.944904 -0.234806 -0.224423 -0.040700
4.427240 0.262086 0.059159 0.035942 -0.944904 -0.234806 -0.224423 -0.040700
4.431063 0.262086 0.059159 0.035942 -0.947172 -0.238762 -0.211538 -0.033313
4.434886 0.262086 0.059159 0.035942 -0.947172 -0.238762 -0.211538 -0.033313
4.438710 0.262086 0.059159 0.035942 -0.947172 -0.238762 -0.211538 -0.033313
4.442533 0.262086 0.059159 0.035942 -0.947172 -0.238762 -0.211538 -0.033313
4.446356 0.262086 0.059159 0.035942 -0.944492 -0.249153 -0.211891 -0.030987
4.450179 0.262086 0.059159 0.035942 -0.944492 -0.249153 -0.211891 -0.030987
4.454002 0.262086 0.059159 0.035942 -0.944775 -0.251466 -0.209141 -0.020609
4.457826 0.262086 0.059159 0.035942 -0.941955 -0.261830 -0.209355 -0.018310
4.461649 0.262086 0.059159 0.035942 -0.941955 -0.261830 -0.209355 -0.018310
4.465472 0.262198 0.059159 0.035942 -0.943901 -0.265403 -0.196186 -0.011140
4.469295 0.262198 0.059159 0.035942 -0.940928 -0.275757 -0.196296 -0.008984
4.473118 0.262198 0.059159 0.035942 -0.940928 -0.275757 -0.196296 -0.008984
4.476941 0.262198 0.059159 0.035942 -0.937860 -0.288218 -0.193228 0.003477
4.480765 0.262310 0.059159 0.035942 -0.937860 -0.288218 -0.193228 0.003477
4.484588 0.262310 0.059159 0.035942 -0.932841 -0.297268 -0.203363 0.009096
4.488411 0.262310 0.059159 0.035942 -0.932841 -0.297268 -0.203363 0.009096
4.492234 0.262310 0.059048 0.035942 -0.932841 -0.297268 -0.203363 0.009096
4.496057 0.262310 0.059048 0.036054 -0.929519 -0.307499 -0.203250 0.011330
4.499880 0.262310 0.059048 0.036054 -0.924205 -0.316379 -0.213194 0.017281
4.503704 0.262421 0.059048 0.036054 -0.924205 -0.316379 -0.213194 0.017281
4.507527 0.262421 0.059048 0.036054 -0.920673 -0.326513 -0.212991 0.019622
4.511350 0.262421 0.059048 0.036054 -0.915069 -0.335214 -0.222733 0.025897
4.515173 0.262421 0.059048 0.036054 -0.911331 -0.345246 -0.222435 0.028342
4.518996 0.262533 0.058936 0.036054 -0.907483 -0.355238 -0.222111 0.030784
4.522820 0.262533 0.058936 0.036054 -0.903526 -0.365186 -0.221759 0.033223
4.526643 0.262533 0.058936 0.036054 -0.899459 -0.375090 -0.221381 0.035657
4.530466 0.262644 0.059048 0.036054 -0.895284 -0.384949 -0.220975 0.038087
4.534289 0.262644 0.059048 0.036054 -0.886085 -0.406920 -0.215628 0.052670
4.538112 0.262756 0.059048 0.035942 -0.881561 -0.416630 -0.215036 0.055036
4.541935 0.262756 0.059048 0.035942 -0.876931 -0.426290 -0.214419 0.057395
4.545759 0.262868 0.059048 0.035942 -0.866619 -0.447768 -0.208199 0.071618
4.549582 0.262979 0.059159 0.035942 -0.861647 -0.457262 -0.207400 0.073900
4.553405 0.262979 0.059159 0.035942 -0.855683 -0.468941 -0.201436 0.085580
4.557228 0.263091 0.059159 0.035942 -0.850480 -0.478314 -0.200483 0.087788
4.561051 0.263203 0.059159 0.035942 -0.844134 -0.489791 -0.194138 0.099265
4.564874 0.263203 0.059159 0.035942 -0.838702 -0.499035 -0.193035 0.101392
4.568698 0.263314 0.059271 0.035942 -0.831150 -0.506823 -0.201020 0.109135
4.572521 0.263426 0.059271 0.035942 -0.825532 -0.515924 -0.199809 0.111336
4.576344 0.263426 0.059271 0.035942 -0.819814 -0.524962 -0.198574 0.113525
4.580167 0.263537 0.059271 0.035942 -0.810543 -0.534644 -0.200350 0.130523
4.583990 0.263537 0.059271 0.035942 -0.804620 -0.543516 -0.198903 0.132716
4.587814 0.263649 0.059271 0.035942 -0.804620 -0.543516 -0.198903 0.132716
4.591637 0.263649 0.059271 0.035942 -0.796401 -0.550782 -0.206191 0.140960
4.595460 0.263649 0.059159 0.035942 -0.790302 -0.559498 -0.204630 0.143216
4.599283 0.263761 0.059159 0.035942 -0.790302 -0.559498 -0.204630 0.143216
4.603106 0.263761 0.059159 0.035942 -0.788025 -0.557865 -0.213295 0.149361
4.606929 0.263761 0.059159 0.035942 -0.783468 -0.564129 -0.217852 0.143097
4.610753 0.263761 0.059048 0.035942 -0.781849 -0.566489 -0.211641 0.151695
4.614576 0.263872 0.059048 0.035942 -0.783468 -0.564129 -0.217852 0.143097
4.618399 0.263872 0.058936 0.035942 -0.777223 -0.572702 -0.216267 0.145482
4.622222 0.263872 0.058936 0.036054 -0.774958 -0.570857 -0.224750 0.151822
4.626045 0.263872 0.058824 0.036054 -0.774958 -0.570857 -0.224750 0.151822
4.629869 0.263872 0.058824 0.036054 -0.774958 -0.570857 -0.224750 0.151822
4.633692 0.263872 0.058713 0.036054 -0.774958 -0.570857 -0.224750 0.151822
4.637515 0.263872 0.058713 0.036054 -0.772599 -0.568943 -0.233206 0.158144
4.641338 0.263984 0.058601 0.036054 -0.772599 -0.568943 -0.233206 0.158144
4.645161 0.263984 0.058601 0.036054 -0.772599 -0.568943 -0.233206 0.158144
4.648984 0.263984 0.058489 0.036054 -0.772599 -0.568943 -0.233206 0.158144
4.652808 0.263984 0.058489 0.036054 -0.770148 -0.566960 -0.241633 0.164447
4.656631 0.263984 0.058489 0.036054 -0.771908 -0.564271 -0.247847 0.155976
4.660454 0.263984 0.058378 0.036054 -0.771908 -0.564271 -0.247847 0.155976
4.664277 0.264096 0.058378 0.036054 -0.771908 -0.564271 -0.247847 0.155976
4.668100 0.264096 0.058378 0.036054 -0.773575 -0.561514 -0.254032 0.147486
4.671923 0.264096 0.058266 0.036054 -0.767359 -0.569979 -0.252396 0.150268
4.675747 0.264096 0.058266 0.035942 -0.768964 -0.567171 -0.258643 0.141829
4.679570 0.264096 0.058266 0.035942 -0.768964 -0.567171 -0.258643 0.141829
4.683393 0.264096 0.058266 0.035942 -0.762686 -0.575585 -0.257069 0.144662
4.687216 0.264096 0.058266 0.035942 -0.764230 -0.572726 -0.263377 0.136274
4.691039 0.264096 0.058266 0.035942 -0.757891 -0.581088 -0.261864 0.139159
4.694863 0.264096 0.058266 0.035942 -0.757891 -0.581088 -0.261864 0.139159
4.698686 0.264096 0.058266 0.035942 -0.751462 -0.589379 -0.260319 0.142028
4.702509 0.264207 0.058266 0.035942 -0.746982 -0.600066 -0.250775 0.138027
4.706332 0.264207 0.058266 0.035942 -0.740344 -0.608236 -0.249243 0.140773
4.710155 0.264207 0.058266 0.035942 -0.740344 -0.608236 -0.249243 0.140773
4.713978 0.264207 0.058266 0.035942 -0.733617 -0.616333 -0.247682 0.143503
4.717802 0.264207 0.058378 0.035942 -0.733617 -0.616333 -0.247682 0.143503
4.721625 0.264207 0.058378 0.035830 -0.726802 -0.624355 -0.246090 0.146216
4.725448 0.264207 0.058378 0.035830 -0.725152 -0.627021 -0.239216 0.154191
4.729271 0.264319 0.058378 0.035830 -0.725152 -0.627021 -0.239216 0.154191
4.733094 0.264319 0.058378 0.035830 -0.718219 -0.634950 -0.237508 0.156810
4.736918 0.264319 0.058378 0.035830 -0.716453 -0.637521 -0.230518 0.164691
4.740741 0.264319 0.058378 0.035830 -0.716453 -0.637521 -0.230518 0.164691
4.744564 0.264430 0.058378 0.035830 -0.716453 -0.637521 -0.230518 0.164691
4.748387 0.264430 0.058378 0.035830 -0.714601 -0.640015 -0.223500 0.172552
4.752210 0.264542 0.058378 0.035719 -0.714601 -0.640015 -0.223500 0.172552
4.756033 0.264542 0.058378 0.035719 -0.712435 -0.637714 -0.231240 0.179681
4.759857 0.264542 0.058378 0.035719 -0.712435 -0.637714 -0.231240 0.179681
4.763680 0.264654 0.058378 0.035719 -0.712435 -0.637714 -0.231240 0.179681
4.767503 0.264654 0.058266 0.035719 -0.712435 -0.637714 -0.231240 0.179681
4.771326 0.264654 0.058266 0.035719 -0.712435 -0.637714 -0.231240 0.179681
4.775149 0.264654 0.058266 0.035719 -0.712435 -0.637714 -0.231240 0.179681
4.778972 0.264765 0.058266 0.035607 -0.714601 -0.640015 -0.223500 0.172552
4.782796 0.264765 0.058266 0.035607 -0.714601 -0.640015 -0.223500 0.172552
4.786619 0.264765 0.058266 0.035607 -0.714601 -0.640015 -0.223500 0.172552
4.790442 0.264765 0.058266 0.035607 -0.714601 -0.640015 -0.223500 0.172552
4.794265 0.264765 0.058266 0.035607 -0.714601 -0.640015 -0.223500 0.172552
4.798088 0.264877 0.058155 0.035607 -0.714601 -0.640015 -0.223500 0.172552
4.801912 0.264877 0.058155 0.035496 -0.716681 -0.642238 -0.215733 0.165403
4.805735 0.264877 0.058155 0.035496 -0.718454 -0.639829 -0.222776 0.157520
4.809558 0.264877 0.058155 0.035496 -0.711382 -0.647684 -0.221032 0.159958
4.813381 0.264877 0.058155 0.035496 -0.711382 -0.647684 -0.221032 0.159958
4.817204 0.264877 0.058155 0.035496 -0.711382 -0.647684 -0.221032 0.159958
4.821027 0.264877 0.058155 0.035496 -0.711382 -0.647684 -0.221032 0.159958
4.824851 0.264988 0.058155 0.035496 -0.704223 -0.655460 -0.219261 0.162376
4.828674 0.264988 0.058155 0.035496 -0.704223 -0.655460 -0.219261 0.162376
4.832497 0.264988 0.058155 0.035496 -0.696980 -0.663157 -0.217464 0.164775
4.836320 0.264988 0.058155 0.035496 -0.698748 -0.660728 -0.224737 0.157108
4.840143 0.264988 0.058155 0.035496 -0.691447 -0.668365 -0.222997 0.159568
4.843966 0.264988 0.058155 0.035496 -0.689632 -0.665889 -0.230390 0.167093
4.847790 0.264988 0.058155 0.035496 -0.682275 -0.673425 -0.228540 0.169614
4.851613 0.265100 0.058266 0.035496 -0.680405 -0.670849 -0.235822 0.177199
4.855436 0.265100 0.058266 0.035496 -0.672994 -0.678283 -0.233861 0.179779
4.859259 0.265100 0.058266 0.035607 -0.663608 -0.682936 -0.238957 0.190059
4.863082 0.265100 0.058266 0.035607 -0.663608 -0.682936 -0.238957 0.190059
4.866906 0.265100 0.058266 0.035607 -0.654122 -0.687382 -0.243826 0.200449
4.870729 0.265100 0.058266 0.035607 -0.654122 -0.687382 -0.243826 0.200449
4.874552 0.265100 0.058266 0.035607 -0.652100 -0.684495 -0.250768 0.208200
4.878375 0.265100 0.058266 0.035719 -0.644541 -0.691618 -0.248465 0.210943
4.882198 0.265212 0.058266 0.035719 -0.642473 -0.688626 -0.255292 0.218744
4.886021 0.265212 0.058266 0.035719 -0.640031 -0.691389 -0.247711 0.225789
4.889845 0.265212 0.058266 0.035719 -0.640031 -0.691389 -0.247711 0.225789
4.893668 0.265212 0.058266 0.035719 -0.640031 -0.691389 -0.247711 0.225789
4.897491 0.265212 0.058266 0.035719 -0.637512 -0.694068 -0.240101 0.232807
4.901314 0.265323 0.058266 0.035719 -0.637512 -0.694068 -0.240101 0.232807
4.905137 0.265323 0.058266 0.035719 -0.637512 -0.694068 -0.240101 0.232807
4.908961 0.265323 0.058266 0.035719 -0.637512 -0.694068 -0.240101 0.232807
4.912784 0.265435 0.058266 0.035719 -0.637512 -0.694068 -0.240101 0.232807
4.916607 0.265435 0.058266 0.035719 -0.634916 -0.696664 -0.232461 0.239797
4.920430 0.265435 0.058266 0.035719 -0.627224 -0.703597 -0.229813 0.242336
4.924253 0.265547 0.058266 0.035719 -0.634916 -0.696664 -0.232461 0.239797
4.928076 0.265547 0.058266 0.035719 -0.634916 -0.696664 -0.232461 0.239797
4.931900 0.265547 0.058266 0.035830 -0.624855 -0.700721 -0.236621 0.250112
4.935723 0.265547 0.058266 0.035830 -0.622070 -0.703279 -0.228908 0.256962
4.939546 0.265547 0.058266 0.035830 -0.622070 -0.703279 -0.228908 0.256962
4.943369 0.265547 0.058266 0.035830 -0.622070 -0.703279 -0.228908 0.256962
4.947192 0.265547 0.058266 0.035830 -0.622070 -0.703279 -0.228908 0.256962
4.951015 0.265547 0.058266 0.035830 -0.619540 -0.700393 -0.235720 0.264680
4.954839 0.265547 0.058266 0.035830 -0.619540 -0.700393 -0.235720 0.264680
4.958662 0.265547 0.058266 0.035830 -0.611808 -0.707157 -0.232798 0.267254
4.962485 0.265547 0.058266 0.035830 -0.608835 -0.709672 -0.225015 0.273959
4.966308 0.265547 0.058266 0.035830 -0.606179 -0.706747 -0.231746 0.281691
4.970131 0.265547 0.058266 0.035830 -0.606179 -0.706747 -0.231746 0.281691
4.973955 0.265547 0.058266 0.035830 -0.598378 -0.713364 -0.228638 0.284220
4.977778 0.265547 0.058266 0.035830 -0.598378 -0.713364 -0.228638 0.284220
4.981601 0.265547 0.058266 0.035830 -0.598378 -0.713364 -0.228638 0.284220
4.985424 0.265547 0.058266 0.035830 -0.595682 -0.710324 -0.235256 0.291990
4.989247 0.265435 0.058266 0.035830 -0.587842 -0.716825 -0.232034 0.294557
4.993070 0.265435 0.058266 0.035830 -0.587842 -0.716825 -0.232034 0.294557
4.996894 0.265435 0.058266 0.035830 -0.584571 -0.719331 -0.224145 0.300998
5.000717 0.265435 0.058266 0.035830 -0.576633 -0.725710 -0.220824 0.303442
5.004540 0.265547 0.058266 0.035830 -0.576633 -0.725710 -0.220824 0.303442
5.008363 0.265547 0.058266 0.035830 -0.576633 -0.725710 -0.220824 0.303442
5.012186 0.265547 0.058266 0.035830 -0.573847 -0.722594 -0.227277 0.311290
5.016009 0.265547 0.058266 0.035830 -0.573847 -0.722594 -0.227277 0.311290
5.019833 0.265547 0.058266 0.035830 -0.573847 -0.722594 -0.227277 0.311290
5.023656 0.265547 0.058266 0.035830 -0.565874 -0.728855 -0.223844 0.313768
5.027479 0.265547 0.058266 0.035830 -0.565874 -0.728855 -0.223844 0.313768
5.031302 0.265547 0.058266 0.035830 -0.565874 -0.728855 -0.223844 0.313768
5.035125 0.265658 0.058266 0.035942 -0.565874 -0.728855 -0.223844 0.313768
5.038949 0.265658 0.058266 0.035942 -0.565874 -0.728855 -0.223844 0.313768
5.042772 0.265658 0.058266 0.035942 -0.563055 -0.725621 -0.230183 0.321649
5.046595 0.265658 0.058266 0.035942 -0.555049 -0.731763 -0.226635 0.324159
5.050418 0.265658 0.058266 0.035942 -0.555049 -0.731763 -0.226635 0.324159
5.054241 0.265658 0.058266 0.035942 -0.555049 -0.731763 -0.226635 0.324159
5.058064 0.265658 0.058266 0.035942 -0.555049 -0.731763 -0.226635 0.324159
5.061888 0.265658 0.058266 0.035942 -0.555049 -0.731763 -0.226635 0.324159
5.065711 0.265770 0.058266 0.035942 -0.555049 -0.731763 -0.226635 0.324159
5.069534 0.265770 0.058266 0.035942 -0.546977 -0.737817 -0.223060 0.326629
5.073357 0.265770 0.058266 0.035942 -0.546977 -0.737817 -0.223060 0.326629
5.077180 0.265770 0.058266 0.035942 -0.544163 -0.734433 -0.229198 0.334608
5.081004 0.265770 0.058266 0.035942 -0.544163 -0.734433 -0.229198 0.334608
5.084827 0.265770 0.058266 0.035942 -0.544163 -0.734433 -0.229198 0.334608
5.088650 0.265770 0.058155 0.035942 -0.544163 -0.734433 -0.229198 0.334608
5.092473 0.265770 0.058155 0.035942 -0.532326 -0.742800 -0.217361 0.342975
5.096296 0.265770 0.058155 0.035942 -0.532326 -0.742800 -0.217361 0.342975
5.100119 0.265881 0.058155 0.035942 -0.532326 -0.742800 -0.217361 0.342975
5.103943 0.265881 0.058043 0.035942 -0.532326 -0.742800 -0.217361 0.342975
5.107766 0.265881 0.058043 0.035942 -0.520308 -0.750905 -0.205342 0.351079
5.111589 0.265881 0.057931 0.035942 -0.517329 -0.747501 -0.211353 0.359086
5.115412 0.265881 0.057931 0.035942 -0.509086 -0.753139 -0.207395 0.361387
5.119235 0.265993 0.057931 0.035942 -0.505085 -0.755372 -0.199108 0.366958
5.123058 0.265993 0.057820 0.035942 -0.493703 -0.757380 -0.200912 0.377184
5.126882 0.265993 0.057820 0.035942 -0.485353 -0.762758 -0.196756 0.379368
5.130705 0.265993 0.057820 0.035942 -0.461152 -0.771634 -0.185463 0.396892
5.134528 0.265993 0.057708 0.035942 -0.452647 -0.776653 -0.181092 0.398906
5.138351 0.265993 0.057708 0.035942 -0.436511 -0.779745 -0.173536 0.413933
5.142174 0.265993 0.057708 0.035942 -0.427918 -0.784494 -0.168978 0.415815
5.145998 0.265993 0.057708 0.035942 -0.407509 -0.789780 -0.164944 0.427759
5.149821 0.265993 0.057708 0.035942 -0.394064 -0.795922 -0.151499 0.433900
5.153644 0.265993 0.057708 0.035942 -0.382174 -0.796169 -0.151707 0.443895
5.157467 0.265993 0.057708 0.035830 -0.373404 -0.800320 -0.146821 0.445535
5.161290 0.265993 0.057820 0.035830 -0.361512 -0.800175 -0.146699 0.455532
5.165113 0.265993 0.057820 0.035830 -0.352699 -0.804098 -0.141686 0.457116
5.168937 0.266105 0.057820 0.035830 -0.340818 -0.803561 -0.141235 0.467103
5.172760 0.266105 0.057820 0.035830 -0.340818 -0.803561 -0.141235 0.467103
5.176583 0.266105 0.057820 0.035942 -0.331969 -0.807257 -0.136095 0.468626
5.180406 0.266105 0.057820 0.035942 -0.334173 -0.801171 -0.149375 0.473435
5.184229 0.266105 0.057820 0.035942 -0.334173 -0.801171 -0.149375 0.473435
5.188053 0.266105 0.057820 0.035942 -0.325351 -0.804794 -0.144165 0.475047
5.191876 0.266105 0.057820 0.035942 -0.325351 -0.804794 -0.144165 0.475047
5.195699 0.266216 0.057820 0.035942 -0.322437 -0.800123 -0.148474 0.483522
5.199522 0.266216 0.057820 0.035942 -0.322437 -0.800123 -0.148474 0.483522
5.203345 0.266216 0.057820 0.035942 -0.322437 -0.800123 -0.148474 0.483522
5.207168 0.266216 0.057820 0.035942 -0.322437 -0.800123 -0.148474 0.483522
5.210992 0.266216 0.057820 0.035942 -0.322437 -0.800123 -0.148474 0.483522
5.214815 0.266216 0.057820 0.035942 -0.319484 -0.795355 -0.152765 0.491938
5.218638 0.266216 0.057820 0.035942 -0.319484 -0.795355 -0.152765 0.491938
5.222461 0.266216 0.057820 0.035942 -0.319484 -0.795355 -0.152765 0.491938
5.226284 0.266216 0.057820 0.035942 -0.319484 -0.795355 -0.152765 0.491938
5.230107 0.266216 0.057820 0.035942 -0.319484 -0.795355 -0.152765 0.491938
5.233931 0.266216 0.057820 0.035942 -0.319484 -0.795355 -0.152765 0.491938
5.237754 0.266216 0.057820 0.035942 -0.319484 -0.795355 -0.152765 0.491938
5.241577 0.266216 0.057820 0.035942 -0.316493 -0.790491 -0.157038 0.500295
5.245400 0.266216 0.057820 0.035942 -0.316493 -0.790491 -0.157038 0.500295
5.249223 0.266216 0.057820 0.035942 -0.316493 -0.790491 -0.157038 0.500295
5.253047 0.266216 0.057820 0.035942 -0.310977 -0.792169 -0.148344 0.503741
5.256870 0.266216 0.057820 0.035942 -0.310977 -0.792169 -0.148344 0.503741
5.260693 0.266216 0.057820 0.035942 -0.310977 -0.792169 -0.148344 0.503741
5.264516 0.266216 0.057820 0.035942 -0.310977 -0.792169 -0.148344 0.503741
5.268339 0.266216 0.057820 0.035942 -0.310977 -0.792169 -0.148344 0.503741
5.272162 0.266216 0.057820 0.035942 -0.314060 -0.796985 -0.144018 0.495418
5.275986 0.266216 0.057820 0.035942 -0.314060 -0.796985 -0.144018 0.495418
5.279809 0.266216 0.057708 0.035942 -0.314060 -0.796985 -0.144018 0.495418
5.283632 0.266216 0.057708 0.035942 -0.314060 -0.796985 -0.144018 0.495418
5.287455 0.266216 0.057708 0.035942 -0.314060 -0.796985 -0.144018 0.495418
5.291278 0.266216 0.057708 0.035942 -0.314060 -0.796985 -0.144018 0.495418
5.295101 0.266216 0.057708 0.035942 -0.314060 -0.796985 -0.144018 0.495418
5.298925 0.266216 0.057708 0.035942 -0.314060 -0.796985 -0.144018 0.495418
5.302748 0.266216 0.057708 0.035942 -0.319484 -0.795355 -0.152765 0.491938
5.306571 0.266216 0.057708 0.035942 -0.319484 -0.795355 -0.152765 0.491938
5.310394 0.266216 0.057708 0.035942 -0.319484 -0.795355 -0.152765 0.491938
5.314217 0.266216 0.057708 0.035942 -0.319484 -0.795355 -0.152765 0.491938
5.318041 0.266216 0.057708 0.035942 -0.319484 -0.795355 -0.152765 0.491938
5.321864 0.266216 0.057708 0.035942 -0.310727 -0.798817 -0.147352 0.493586
5.325687 0.266216 0.057708 0.035942 -0.310727 -0.798817 -0.147352 0.493586
5.329510 0.266216 0.057708 0.035942 -0.310727 -0.798817 -0.147352 0.493586
5.333333 0.266216 0.057708 0.035942 -0.307789 -0.793921 -0.151533 0.501990
5.337156 0.266216 0.057708 0.035942 -0.307789 -0.793921 -0.151533 0.501990
5.340980 0.266216 0.057708 0.036054 -0.313286 -0.792208 -0.160246 0.498578
5.344803 0.266216 0.057708 0.036054 -0.313286 -0.792208 -0.160246 0.498578
5.348626 0.266216 0.057708 0.036054 -0.304563 -0.795602 -0.154758 0.500308
5.352449 0.266216 0.057708 0.036054 -0.301736 -0.790533 -0.158774 0.508728
5.356272 0.266216 0.057820 0.036054 -0.301736 -0.790533 -0.158774 0.508728
5.360096 0.266216 0.057820 0.036054 -0.301736 -0.790533 -0.158774 0.508728
5.363919 0.266216 0.057820 0.036054 -0.293033 -0.793800 -0.153175 0.510441
5.367742 0.266328 0.057820 0.036054 -0.293033 -0.793800 -0.153175 0.510441
5.371565 0.266328 0.057820 0.036054 -0.293033 -0.793800 -0.153175 0.510441
5.375388 0.266328 0.057820 0.036054 -0.293033 -0.793800 -0.153175 0.510441
5.379211 0.266328 0.057820 0.036054 -0.284294 -0.796972 -0.147558 0.512093
5.383035 0.266328 0.057820 0.036054 -0.284294 -0.796972 -0.147558 0.512093
5.386858 0.266328 0.057820 0.036054 -0.284294 -0.796972 -0.147558 0.512093
5.390681 0.266328 0.057820 0.036054 -0.284294 -0.796972 -0.147558 0.512093
5.394504 0.266328 0.057820 0.036054 -0.284294 -0.796972 -0.147558 0.512093
5.398327 0.266328 0.057820 0.036054 -0.284294 -0.796972 -0.147558 0.512093
5.402150 0.266328 0.057820 0.036054 -0.275521 -0.800047 -0.141923 0.513684
5.405974 0.266328 0.057820 0.036054 -0.281148 -0.798439 -0.150704 0.510626
5.409797 0.266440 0.057820 0.036054 -0.281148 -0.798439 -0.150704 0.510626
5.413620 0.266440 0.057820 0.036054 -0.281148 -0.798439 -0.150704 0.510626
5.417443 0.266440 0.057820 0.035942 -0.281148 -0.798439 -0.150704 0.510626
5.421266 0.266440 0.057820 0.035942 -0.281148 -0.798439 -0.150704 0.510626
5.425090 0.266440 0.057820 0.035942 -0.272359 -0.801480 -0.145085 0.512250
5.428913 0.266440 0.057820 0.035942 -0.272359 -0.801480 -0.145085 0.512250
5.432736 0.266440 0.057931 0.035942 -0.272359 -0.801480 -0.145085 0.512250
5.436559 0.266440 0.057931 0.035942 -0.269167 -0.802843 -0.148278 0.510887
5.440382 0.266440 0.057931 0.035942 -0.271522 -0.808136 -0.144846 0.502206
5.444205 0.266440 0.057931 0.035942 -0.271522 -0.808136 -0.144846 0.502206
5.448029 0.266440 0.057931 0.035830 -0.262627 -0.811071 -0.139320 0.503767
5.451852 0.266440 0.057931 0.035830 -0.262627 -0.811071 -0.139320 0.503767
5.455675 0.266440 0.057931 0.035830 -0.253701 -0.813907 -0.133778 0.505267
5.459498 0.266440 0.058043 0.035830 -0.255908 -0.819152 -0.130522 0.496452
5.463321 0.266440 0.058043 0.035830 -0.255908 -0.819152 -0.130522 0.496452
5.467144 0.266440 0.058043 0.035830 -0.246893 -0.821914 -0.125060 0.497856
5.470968 0.266440 0.058043 0.035830 -0.249013 -0.827084 -0.121886 0.488945
5.474791 0.266440 0.058043 0.035830 -0.249013 -0.827084 -0.121886 0.488945
5.478614 0.266440 0.058043 0.035719 -0.239912 -0.829770 -0.116507 0.490255
5.482437 0.266440 0.058043 0.035719 -0.239912 -0.829770 -0.116507 0.490255
5.486260 0.266440 0.058043 0.035719 -0.239912 -0.829770 -0.116507 0.490255
5.490084 0.266440 0.058043 0.035719 -0.239912 -0.829770 -0.116507 0.490255
5.493907 0.266440 0.058043 0.035719 -0.230781 -0.832356 -0.111114 0.491505
5.497730 0.266440 0.058043 0.035719 -0.230781 -0.832356 -0.111114 0.491505
5.501553 0.266440 0.058043 0.035719 -0.236167 -0.831085 -0.120251 0.488940
5.505376 0.266440 0.058043 0.035830 -0.227022 -0.833629 -0.114873 0.490232
5.509199 0.266440 0.058043 0.035830 -0.225173 -0.828361 -0.117693 0.499263
5.513023 0.266440 0.057931 0.035830 -0.216059 -0.830785 -0.112201 0.500526
5.516846 0.266440 0.057931 0.035830 -0.214242 -0.825396 -0.114909 0.509527
5.520669 0.266440 0.057931 0.035830 -0.194333 -0.824376 -0.106184 0.520926
5.524492 0.266440 0.057931 0.035942 -0.189404 -0.819636 -0.111852 0.528973
5.528315 0.266440 0.057931 0.035942 -0.180388 -0.821667 -0.106034 0.530170
5.532139 0.266440 0.057931 0.035942 -0.144424 -0.816360 -0.083364 0.552946
5.535962 0.266440 0.057931 0.035942 -0.116156 -0.814618 -0.066765 0.564312
5.539785 0.266440 0.057931 0.035942 -0.088150 -0.811807 -0.049500 0.575107
5.543608 0.266440 0.057931 0.036054 -0.059542 -0.801520 -0.032656 0.594100
5.547431 0.266328 0.058043 0.036054 -0.017010 -0.796838 0.001553 0.603952
5.551254 0.266328 0.058043 0.036054 0.009764 -0.790302 0.020992 0.612280
5.555078 0.266328 0.058043 0.036054 0.042893 -0.782281 0.049574 0.619467
5.558901 0.266328 0.058043 0.036165 0.068794 -0.773570 0.069982 0.626066
5.562724 0.266328 0.058155 0.036165 0.101093 -0.762872 0.099255 0.630837
5.566547 0.266328 0.058155 0.036165 0.117664 -0.753407 0.113481 0.636911
5.570370 0.266328 0.058155 0.036277 0.133852 -0.743495 0.128006 0.642584
5.574193 0.266328 0.058155 0.036277 0.141579 -0.734749 0.135692 0.649374
5.578017 0.266328 0.058155 0.036277 0.149113 -0.725835 0.143525 0.655995
5.581840 0.266328 0.058155 0.036388 0.148565 -0.718434 0.144215 0.664066
5.585663 0.266328 0.058155 0.036388 0.156449 -0.716758 0.151502 0.662441
5.589486 0.266328 0.058043 0.036388 0.155800 -0.709277 0.152262 0.670424
5.593309 0.266328 0.058043 0.036388 0.155133 -0.701710 0.153004 0.678326
5.597133 0.266328 0.058043 0.036500 0.155133 -0.701710 0.153004 0.678326
5.600956 0.266328 0.058043 0.036500 0.155133 -0.701710 0.153004 0.678326
5.604779 0.266328 0.058043 0.036500 0.154448 -0.694058 0.153727 0.686147
5.608602 0.266328 0.058043 0.036500 0.154448 -0.694058 0.153727 0.686147
5.612425 0.266328 0.058043 0.036500 0.154448 -0.694058 0.153727 0.686147
5.616248 0.266328 0.058043 0.036500 0.154448 -0.694058 0.153727 0.686147
5.620072 0.266328 0.057931 0.036500 0.154448 -0.694058 0.153727 0.686147
5.623895 0.266328 0.057931 0.036500 0.154448 -0.694058 0.153727 0.686147
5.627718 0.266328 0.057931 0.036500 0.161976 -0.692327 0.161343 0.684408
5.631541 0.266328 0.057931 0.036500 0.161976 -0.692327 0.161343 0.684408
5.635364 0.266328 0.057931 0.036500 0.161976 -0.692327 0.161343 0.684408
5.639188 0.266440 0.057931 0.036500 0.161976 -0.692327 0.161343 0.684408
5.643011 0.266440 0.057931 0.036388 0.161976 -0.692327 0.161343 0.684408
5.646834 0.266440 0.057931 0.036388 0.161976 -0.692327 0.161343 0.684408
5.650657 0.266440 0.057931 0.036388 0.161976 -0.692327 0.161343 0.684408
5.654480 0.266440 0.057931 0.036388 0.169999 -0.698179 0.168384 0.674754
5.658303 0.266440 0.057931 0.036388 0.169999 -0.698179 0.168384 0.674754
5.662127 0.266440 0.057931 0.036388 0.169999 -0.698179 0.168384 0.674754
5.665950 0.266440 0.057931 0.036388 0.169999 -0.698179 0.168384 0.674754
5.669773 0.266440 0.057931 0.036388 0.169999 -0.698179 0.168384 0.674754
5.673596 0.266440 0.057931 0.036388 0.169999 -0.698179 0.168384 0.674754
5.677419 0.266440 0.057931 0.036277 0.170493 -0.705760 0.167809 0.666839
5.681242 0.266440 0.057931 0.036277 0.170493 -0.705760 0.167809 0.666839
5.685066 0.266440 0.057931 0.036277 0.170493 -0.705760 0.167809 0.666839
5.688889 0.266440 0.057931 0.036277 0.170493 -0.705760 0.167809 0.666839
5.692712 0.266440 0.057931 0.036277 0.170493 -0.705760 0.167809 0.666839
5.696535 0.266440 0.057931 0.036277 0.170493 -0.705760 0.167809 0.666839
5.700358 0.266440 0.057931 0.036277 0.163156 -0.707561 0.160045 0.668672
5.704182 0.266440 0.057931 0.036277 0.163156 -0.707561 0.160045 0.668672
5.708005 0.266440 0.057931 0.036277 0.163156 -0.707561 0.160045 0.668672
5.711828 0.266440 0.057931 0.036277 0.162576 -0.699987 0.160703 0.676581
5.715651 0.266440 0.057931 0.036277 0.162576 -0.699987 0.160703 0.676581
5.719474 0.266440 0.057931 0.036277 0.162576 -0.699987 0.160703 0.676581
5.723297 0.266440 0.057931 0.036277 0.162576 -0.699987 0.160703 0.676581
5.727121 0.266440 0.057931 0.036277 0.162576 -0.699987 0.160703 0.676581
5.730944 0.266440 0.057931 0.036277 0.162576 -0.699987 0.160703 0.676581
5.734767 0.266440 0.057931 0.036277 0.162576 -0.699987 0.160703 0.676581
5.738590 0.266440 0.057931 0.036277 0.162576 -0.699987 0.160703 0.676581
5.742413 0.266440 0.057931 0.036277 0.162576 -0.699987 0.160703 0.676581
5.746236 0.266440 0.057931 0.036277 0.170256 -0.698158 0.168127 0.674775
5.750060 0.266440 0.057931 0.036277 0.170256 -0.698158 0.168127 0.674775
5.753883 0.266440 0.057931 0.036277 0.170256 -0.698158 0.168127 0.674775
5.757706 0.266440 0.057931 0.036277 0.170256 -0.698158 0.168127 0.674775
5.761529 0.266440 0.057931 0.036277 0.170920 -0.705726 0.167381 0.666874
5.765352 0.266440 0.057931 0.036277 0.170920 -0.705726 0.167381 0.666874
5.769176 0.266440 0.057931 0.036277 0.170920 -0.705726 0.167381 0.666874
5.772999 0.266440 0.057931 0.036165 0.170920 -0.705726 0.167381 0.666874
5.776822 0.266440 0.057931 0.036165 0.170920 -0.705726 0.167381 0.666874
5.780645 0.266440 0.057931 0.036165 0.170920 -0.705726 0.167381 0.666874
5.784468 0.266440 0.057931 0.036165 0.170920 -0.705726 0.167381 0.666874
5.788291 0.266440 0.057931 0.036165 0.170920 -0.705726 0.167381 0.666874
5.792115 0.266440 0.057931 0.036165 0.170920 -0.705726 0.167381 0.666874
5.795938 0.266440 0.057931 0.036165 0.170920 -0.705726 0.167381 0.666874
5.799761 0.266440 0.057931 0.036054 0.170920 -0.705726 0.167381 0.666874
5.803584 0.266440 0.057820 0.036054 0.170920 -0.705726 0.167381 0.666874
5.807407 0.266440 0.057820 0.036054 0.178663 -0.703806 0.174698 0.664995
5.811231 0.266440 0.057820 0.036054 0.178663 -0.703806 0.174698 0.664995
5.815054 0.266440 0.057820 0.036054 0.178663 -0.703806 0.174698 0.664995
5.818877 0.266440 0.057820 0.036054 0.178663 -0.703806 0.174698 0.664995
5.822700 0.266440 0.057820 0.036054 0.178663 -0.703806 0.174698 0.664995
5.826523 0.266440 0.057820 0.036054 0.178663 -0.703806 0.174698 0.664995
5.830346 0.266440 0.057820 0.036054 0.185298 -0.694275 0.183168 0.670892
5.834170 0.266440 0.057820 0.036054 0.185298 -0.694275 0.183168 0.670892
5.837993 0.266440 0.057820 0.036054 0.192914 -0.692198 0.190528 0.668839
5.841816 0.266440 0.057820 0.036054 0.192914 -0.692198 0.190528 0.668839
5.845639 0.266440 0.057820 0.036054 0.192914 -0.692198 0.190528 0.668839
5.849462 0.266440 0.057820 0.036054 0.192914 -0.692198 0.190528 0.668839
5.853285 0.266440 0.057820 0.036054 0.192914 -0.692198 0.190528 0.668839
5.857109 0.266551 0.057820 0.036054 0.192914 -0.692198 0.190528 0.668839
5.860932 0.266551 0.057820 0.036054 0.192914 -0.692198 0.190528 0.668839
5.864755 0.266551 0.057820 0.036054 0.200250 -0.690063 0.198121 0.666679
5.868578 0.266551 0.057820 0.036054 0.200250 -0.690063 0.198121 0.666679
5.872401 0.266551 0.057820 0.036054 0.199570 -0.682410 0.198850 0.674498
5.876225 0.266551 0.057708 0.036054 0.199570 -0.682410 0.198850 0.674498
5.880048 0.266551 0.057708 0.036054 0.199570 -0.682410 0.198850 0.674498
5.883871 0.266663 0.057708 0.036054 0.199570 -0.682410 0.198850 0.674498
5.887694 0.266663 0.057708 0.036054 0.192061 -0.684561 0.191427 0.676642
5.891517 0.266663 0.057708 0.036054 0.198949 -0.674667 0.199471 0.682242
5.895340 0.266663 0.057708 0.036054 0.198949 -0.674667 0.199471 0.682242
5.899164 0.266774 0.057596 0.036054 0.198949 -0.674667 0.199471 0.682242
5.902987 0.266774 0.057596 0.036054 0.198949 -0.674667 0.199471 0.682242
5.906810 0.266774 0.057596 0.036054 0.198391 -0.666837 0.199982 0.689911
5.910633 0.266774 0.057596 0.036054 0.198391 -0.666837 0.199982 0.689911
5.914456 0.266774 0.057596 0.036054 0.205958 -0.664600 0.207296 0.687690
5.918279 0.266886 0.057485 0.036054 0.205958 -0.664600 0.207296 0.687690
5.922103 0.266886 0.057485 0.036054 0.205958 -0.664600 0.207296 0.687690
5.925926 0.266886 0.057485 0.036054 0.205459 -0.656684 0.207695 0.695281
5.929749 0.266886 0.057485 0.036054 0.205459 -0.656684 0.207695 0.695281
5.933572 0.266886 0.057485 0.036054 0.205459 -0.656684 0.207695 0.695281
5.937395 0.266886 0.057485 0.036054 0.205459 -0.656684 0.207695 0.695281
5.941219 0.266886 0.057485 0.036054 0.205459 -0.656684 0.207695 0.695281
5.945042 0.266998 0.057485 0.036054 0.197809 -0.658926 0.200468 0.697496
5.948865 0.266998 0.057373 0.036054 0.197203 -0.650935 0.200931 0.704997
5.952688 0.266998 0.057373 0.036054 0.197203 -0.650935 0.200931 0.704997
5.956511 0.266998 0.057373 0.036054 0.204342 -0.648729 0.208664 0.702747
5.960334 0.266998 0.057373 0.036054 0.204342 -0.648729 0.208664 0.702747
5.964158 0.266998 0.057373 0.036054 0.195809 -0.642927 0.202132 0.712352
5.967981 0.266998 0.057373 0.036054 0.195809 -0.642927 0.202132 0.712352
5.971804 0.266998 0.057373 0.036165 0.195809 -0.642927 0.202132 0.712352
5.975627 0.267109 0.057373 0.036165 0.194986 -0.634794 0.202716 0.719669
5.979450 0.267109 0.057373 0.036165 0.201948 -0.632614 0.210610 0.717398
5.983274 0.267109 0.057373 0.036165 0.201948 -0.632614 0.210610 0.717398
5.987097 0.267109 0.057373 0.036165 0.201011 -0.624414 0.211249 0.724621
5.990920 0.267109 0.057373 0.036165 0.201011 -0.624414 0.211249 0.724621
5.994743 0.267221 0.057373 0.036165 0.208960 -0.622055 0.218096 0.722369
5.998566 0.267221 0.057373 0.036165 0.214807 -0.611451 0.226619 0.727069
6.002389 0.267221 0.057373 0.036165 0.214807 -0.611451 0.226619 0.727069
6.006213 0.267333 0.057373 0.036165 0.214807 -0.611451 0.226619 0.727069
6.010036 0.267333 0.057373 0.036165 0.214807 -0.611451 0.226619 0.727069
6.013859 0.267333 0.057373 0.036277 0.222782 -0.608924 0.233323 0.724666
6.017682 0.267444 0.057373 0.036277 0.222782 -0.608924 0.233323 0.724666
6.021505 0.267444 0.057373 0.036277 0.221512 -0.609054 0.234593 0.724536
6.025328 0.267556 0.057373 0.036277 0.221512 -0.609054 0.234593 0.724536
6.029152 0.267556 0.057373 0.036277 0.221512 -0.609054 0.234593 0.724536
6.032975 0.267556 0.057373 0.036277 0.221512 -0.609054 0.234593 0.724536
6.036798 0.267667 0.057373 0.036277 0.221512 -0.609054 0.234593 0.724536
6.040621 0.267667 0.057262 0.036277 0.221512 -0.609054 0.234593 0.724536
6.044444 0.267667 0.057262 0.036277 0.213538 -0.611594 0.227888 0.726926
6.048268 0.267779 0.057262 0.036277 0.206806 -0.613903 0.219888 0.729385
6.052091 0.267779 0.057262 0.036277 0.205729 -0.605565 0.220553 0.736426
6.055914 0.267891 0.057262 0.036388 0.205729 -0.605565 0.220553 0.736426
6.059737 0.267891 0.057150 0.036388 0.190935 -0.610086 0.205759 0.740947
6.063560 0.267891 0.057150 0.036388 0.190935 -0.610086 0.205759 0.740947
6.067383 0.268002 0.057150 0.036388 0.190935 -0.610086 0.205759 0.740947
6.071207 0.268002 0.057150 0.036388 0.183228 -0.603719 0.198185 0.750116
6.075030 0.268002 0.057150 0.036388 0.182213 -0.595218 0.198739 0.756979
6.078853 0.268114 0.057150 0.036500 0.182213 -0.595218 0.198739 0.756979
6.082676 0.268114 0.057150 0.036500 0.174719 -0.588601 0.190866 0.765893
6.086499 0.268225 0.057150 0.036500 0.183123 -0.586468 0.197321 0.763928
6.090323 0.268337 0.057150 0.036500 0.176669 -0.588445 0.188917 0.766049
6.094146 0.268337 0.057150 0.036500 0.176669 -0.588445 0.188917 0.766049
6.097969 0.268449 0.057150 0.036500 0.184352 -0.577663 0.195539 0.770768
6.101792 0.268560 0.057150 0.036500 0.184352 -0.577663 0.195539 0.770768
6.105615 0.268672 0.057150 0.036500 0.177994 -0.579654 0.187059 0.772870
6.109438 0.268784 0.057150 0.036500 0.171616 -0.581574 0.178557 0.774878
6.113262 0.268895 0.057262 0.036500 0.171616 -0.581574 0.178557 0.774878
6.117085 0.269007 0.057262 0.036500 0.167608 -0.592087 0.168130 0.770112
6.120908 0.269007 0.057262 0.036388 0.152603 -0.595611 0.153125 0.773636
6.124731 0.269118 0.057262 0.036388 0.146182 -0.605878 0.144873 0.768475
6.128554 0.269230 0.057262 0.036388 0.139517 -0.607448 0.136421 0.770021
6.132377 0.269342 0.057262 0.036388 0.125969 -0.618919 0.119936 0.765954
6.136201 0.269342 0.057262 0.036388 0.110726 -0.621453 0.104693 0.768489
6.140024 0.269453 0.057262 0.036277 0.097045 -0.623736 0.087783 0.770603
6.143847 0.269565 0.057262 0.036277 0.083318 -0.625718 0.070831 0.772346
6.147670 0.269565 0.057150 0.036277 0.061046 -0.627951 0.046949 0.774433
6.151493 0.269677 0.057150 0.036277 0.046367 -0.637582 0.030874 0.768366
6.155317 0.269677 0.057150 0.036277 0.032348 -0.638447 0.013985 0.768858
6.159140 0.269788 0.057150 0.036277 0.004098 -0.630608 -0.019618 0.775843
6.162963 0.269788 0.057150 0.036277 -0.009758 -0.630545 -0.036659 0.775225
6.166786 0.269900 0.057038 0.036277 -0.023610 -0.630179 -0.053682 0.774232
6.170609 0.270011 0.057038 0.036277 -0.044363 -0.629059 -0.079167 0.772043
6.174432 0.270011 0.057038 0.036165 -0.065068 -0.627255 -0.104565 0.769015
6.178256 0.270123 0.057038 0.036165 -0.078834 -0.625674 -0.121435 0.766532
6.182079 0.270123 0.056927 0.036165 -0.091030 -0.624310 -0.139779 0.763160
6.185902 0.270235 0.056927 0.036054 -0.114504 -0.628928 -0.162202 0.751684
6.189725 0.270346 0.056815 0.036054 -0.126964 -0.626828 -0.180008 0.747371
6.193548 0.270458 0.056815 0.036054 -0.151070 -0.629940 -0.201361 0.734716
6.197371 0.270570 0.056815 0.035942 -0.167558 -0.634461 -0.215093 0.723269
6.201195 0.270681 0.056815 0.035942 -0.188375 -0.628595 -0.238810 0.715788
6.205018 0.270793 0.056704 0.035830 -0.206333 -0.631411 -0.250617 0.704229
6.208841 0.270904 0.056704 0.035830 -0.219372 -0.627238 -0.266812 0.698040
6.212664 0.270904 0.056704 0.035719 -0.237714 -0.629010 -0.277781 0.686058
6.216487 0.271016 0.056704 0.035719 -0.255731 -0.630559 -0.288795 0.673494
6.220311 0.271128 0.056704 0.035719 -0.269523 -0.624788 -0.303523 0.666986
6.224134 0.271239 0.056704 0.035719 -0.275916 -0.622173 -0.311287 0.663228
6.227957 0.271351 0.056704 0.035719 -0.282734 -0.619105 -0.318555 0.659768
6.231780 0.271351 0.056704 0.035607 -0.301641 -0.618683 -0.327828 0.647126
6.235603 0.271462 0.056704 0.035607 -0.315161 -0.611907 -0.341967 0.639767
6.239426 0.271462 0.056704 0.035607 -0.316299 -0.602647 -0.354298 0.641283
6.243250 0.271574 0.056704 0.035607 -0.322901 -0.599136 -0.361322 0.637352
6.247073 0.271686 0.056704 0.035607 -0.335987 -0.591897 -0.375238 0.629259
6.250896 0.271686 0.056704 0.035607 -0.342469 -0.588170 -0.382128 0.625099
6.254719 0.271686 0.056704 0.035607 -0.348910 -0.584372 -0.388973 0.620863
6.258542 0.271797 0.056704 0.035607 -0.349333 -0.575053 -0.401384 0.621427
6.262366 0.271797 0.056704 0.035607 -0.355630 -0.571180 -0.408187 0.616980
6.266189 0.271797 0.056704 0.035607 -0.368590 -0.562646 -0.421147 0.608445
6.270012 0.271909 0.056592 0.035607 -0.374749 -0.558563 -0.427806 0.603782
6.273835 0.271909 0.056592 0.035607 -0.374659 -0.549098 -0.440127 0.603664
6.277658 0.271909 0.056592 0.035607 -0.374659 -0.549098 -0.440127 0.603664
6.281481 0.271909 0.056592 0.035607 -0.387224 -0.540008 -0.452692 0.594574
6.285305 0.272021 0.056592 0.035607 -0.387224 -0.540008 -0.452692 0.594574
6.289128 0.272021 0.056704 0.035607 -0.386816 -0.530417 -0.464897 0.594055
6.292951 0.272021 0.056592 0.035719 -0.386816 -0.530417 -0.464897 0.594055
6.296774 0.272021 0.056592 0.035719 -0.392620 -0.526136 -0.471395 0.588912
6.300597 0.272021 0.056592 0.035719 -0.392692 -0.515565 -0.482781 0.588990
6.304420 0.272021 0.056592 0.035719 -0.398332 -0.511219 -0.489222 0.583650
6.308244 0.272132 0.056592 0.035719 -0.398332 -0.511219 -0.489222 0.583650
6.312067 0.272132 0.056592 0.035719 -0.403925 -0.506812 -0.495605 0.578240
6.315890 0.272132 0.056592 0.035719 -0.397386 -0.501532 -0.501275 0.582472
6.319713 0.272132 0.056592 0.035719 -0.402871 -0.497136 -0.507644 0.576930
6.323536 0.272132 0.056592 0.035719 -0.402871 -0.497136 -0.507644 0.576930
6.327360 0.272132 0.056592 0.035830 -0.408309 -0.492680 -0.513951 0.571318
6.331183 0.272132 0.056480 0.035830 -0.401606 -0.487485 -0.519651 0.575355
6.335006 0.272132 0.056480 0.035830 -0.406937 -0.483044 -0.525940 0.569612
6.338829 0.272132 0.056480 0.035830 -0.406937 -0.483044 -0.525940 0.569612
6.342652 0.272132 0.056480 0.035830 -0.406937 -0.483044 -0.525940 0.569612
6.346475 0.272132 0.056480 0.035830 -0.406937 -0.483044 -0.525940 0.569612
6.350299 0.272132 0.056480 0.035830 -0.406001 -0.484362 -0.526877 0.568294
6.354122 0.272132 0.056480 0.035830 -0.399094 -0.479321 -0.532655 0.572061
6.357945 0.272132 0.056480 0.035830 -0.399094 -0.479321 -0.532655 0.572061
6.361768 0.272132 0.056480 0.035830 -0.399094 -0.479321 -0.532655 0.572061
6.365591 0.272132 0.056480 0.035830 -0.404335 -0.474907 -0.538908 0.566175
6.369414 0.272132 0.056480 0.035830 -0.404335 -0.474907 -0.538908 0.566175
6.373238 0.272132 0.056480 0.035830 -0.398091 -0.480799 -0.533658 0.570583
6.377061 0.272132 0.056480 0.035830 -0.405093 -0.485700 -0.527784 0.566956
6.380884 0.272132 0.056480 0.035830 -0.405093 -0.485700 -0.527784 0.566956
6.384707 0.272132 0.056480 0.035830 -0.405093 -0.485700 -0.527784 0.566956
6.388530 0.272132 0.056480 0.035830 -0.405093 -0.485700 -0.527784 0.566956
6.392354 0.272132 0.056480 0.035719 -0.398840 -0.491469 -0.522417 0.571372
6.396177 0.272132 0.056480 0.035719 -0.398840 -0.491469 -0.522417 0.571372
6.400000 0.272132 0.056480 0.035719 -0.398840 -0.491469 -0.522417 0.571372
6.403823 0.272132 0.056480 0.035719 -0.405833 -0.496245 -0.516427 0.567753
6.407646 0.272132 0.056480 0.035719 -0.405833 -0.496245 -0.516427 0.567753
6.411469 0.272132 0.056480 0.035719 -0.405833 -0.496245 -0.516427 0.567753
6.415293 0.272132 0.056480 0.035719 -0.405833 -0.496245 -0.516427 0.567753
6.419116 0.272132 0.056480 0.035719 -0.405833 -0.496245 -0.516427 0.567753
6.422939 0.272132 0.056480 0.035719 -0.399572 -0.501888 -0.510944 0.572178
6.426762 0.272132 0.056480 0.035719 -0.405061 -0.497468 -0.517199 0.566530
6.430585 0.272132 0.056480 0.035719 -0.405061 -0.497468 -0.517199 0.566530
6.434409 0.272132 0.056480 0.035719 -0.405061 -0.497468 -0.517199 0.566530
6.438232 0.272132 0.056480 0.035719 -0.405061 -0.497468 -0.517199 0.566530
6.442055 0.272132 0.056480 0.035719 -0.405061 -0.497468 -0.517199 0.566530
6.445878 0.272132 0.056480 0.035719 -0.405061 -0.497468 -0.517199 0.566530
6.449701 0.272132 0.056480 0.035719 -0.405061 -0.497468 -0.517199 0.566530
6.453524 0.272132 0.056480 0.035719 -0.410502 -0.492988 -0.523391 0.560814
6.457348 0.272132 0.056369 0.035719 -0.410502 -0.492988 -0.523391 0.560814
6.461171 0.272132 0.056369 0.035719 -0.410502 -0.492988 -0.523391 0.560814
6.464994 0.272132 0.056369 0.035719 -0.403367 -0.488434 -0.529510 0.564222
6.468817 0.272132 0.056369 0.035719 -0.403367 -0.488434 -0.529510 0.564222
6.472640 0.272132 0.056369 0.035719 -0.403367 -0.488434 -0.529510 0.564222
6.476463 0.272132 0.056369 0.035719 -0.403367 -0.488434 -0.529510 0.564222
6.480287 0.272132 0.056369 0.035719 -0.408709 -0.483973 -0.535677 0.558370
6.484110 0.272132 0.056369 0.035719 -0.408709 -0.483973 -0.535677 0.558370
6.487933 0.272132 0.056369 0.035719 -0.408709 -0.483973 -0.535677 0.558370
6.491756 0.272132 0.056369 0.035719 -0.408709 -0.483973 -0.535677 0.558370
6.495579 0.272132 0.056369 0.035719 -0.408709 -0.483973 -0.535677 0.558370
6.499403 0.272132 0.056369 0.035719 -0.408709 -0.483973 -0.535677 0.558370
6.503226 0.272132 0.056369 0.035719 -0.408709 -0.483973 -0.535677 0.558370
6.507049 0.272132 0.056369 0.035719 -0.408709 -0.483973 -0.535677 0.558370
6.510872 0.272132 0.056369 0.035719 -0.408709 -0.483973 -0.535677 0.558370
6.514695 0.272132 0.056369 0.035719 -0.408709 -0.483973 -0.535677 0.558370
6.518518 0.272132 0.056369 0.035719 -0.401476 -0.479439 -0.541768 0.561644
6.522342 0.272132 0.056369 0.035719 -0.401476 -0.479439 -0.541768 0.561644
6.526165 0.272132 0.056369 0.035719 -0.401476 -0.479439 -0.541768 0.561644
6.529988 0.272132 0.056369 0.035719 -0.401476 -0.479439 -0.541768 0.561644
6.533811 0.272132 0.056369 0.035719 -0.401476 -0.479439 -0.541768 0.561644
6.537634 0.272132 0.056369 0.035719 -0.401476 -0.479439 -0.541768 0.561644
6.541458 0.272132 0.056369 0.035719 -0.401476 -0.479439 -0.541768 0.561644
6.545281 0.272132 0.056369 0.035719 -0.401476 -0.479439 -0.541768 0.561644
6.549104 0.272132 0.056369 0.035719 -0.401476 -0.479439 -0.541768 0.561644
6.552927 0.272132 0.056369 0.035719 -0.401476 -0.479439 -0.541768 0.561644
6.556750 0.272132 0.056369 0.035719 -0.401476 -0.479439 -0.541768 0.561644
6.560573 0.272132 0.056369 0.035719 -0.401476 -0.479439 -0.541768 0.561644
6.564397 0.272132 0.056369 0.035719 -0.401476 -0.479439 -0.541768 0.561644
6.568220 0.272132 0.056369 0.035719 -0.401476 -0.479439 -0.541768 0.561644
6.572043 0.272132 0.056369 0.035719 -0.401476 -0.479439 -0.541768 0.561644
6.575866 0.272132 0.056369 0.035719 -0.395281 -0.485362 -0.536468 0.566021
6.579689 0.272132 0.056369 0.035719 -0.395281 -0.485362 -0.536468 0.566021
6.583512 0.272132 0.056369 0.035719 -0.395281 -0.485362 -0.536468 0.566021
6.587336 0.272132 0.056369 0.035719 -0.395281 -0.485362 -0.536468 0.566021
6.591159 0.272132 0.056369 0.035719 -0.395281 -0.485362 -0.536468 0.566021
6.594982 0.272132 0.056369 0.035719 -0.395281 -0.485362 -0.536468 0.566021
6.598805 0.272132 0.056369 0.035719 -0.395281 -0.485362 -0.536468 0.566021
6.602628 0.272132 0.056369 0.035719 -0.395281 -0.485362 -0.536468 0.566021
6.606452 0.272132 0.056369 0.035719 -0.400590 -0.480990 -0.542654 0.560093
6.610275 0.272132 0.056369 0.035719 -0.394412 -0.486922 -0.537337 0.564460
6.614098 0.272132 0.056369 0.035719 -0.394412 -0.486922 -0.537337 0.564460
6.617921 0.272132 0.056369 0.035719 -0.394412 -0.486922 -0.537337 0.564460
6.621744 0.272132 0.056369 0.035719 -0.394412 -0.486922 -0.537337 0.564460
6.625567 0.272132 0.056369 0.035719 -0.394412 -0.486922 -0.537337 0.564460
6.629391 0.272132 0.056369 0.035719 -0.388187 -0.492796 -0.531955 0.568759
6.633214 0.272132 0.056369 0.035719 -0.386099 -0.484274 -0.544409 0.565708
6.637037 0.272132 0.056369 0.035719 -0.386099 -0.484274 -0.544409 0.565708
6.640860 0.272132 0.056369 0.035719 -0.385224 -0.486023 -0.545284 0.563959
6.644683 0.272132 0.056369 0.035830 -0.377623 -0.481888 -0.551532 0.566567
6.648506 0.272132 0.056369 0.035830 -0.368995 -0.479768 -0.558694 0.567033
6.652330 0.272132 0.056369 0.035830 -0.368995 -0.479768 -0.558694 0.567033
6.656153 0.272244 0.056369 0.035942 -0.360228 -0.477918 -0.565884 0.567103
6.659976 0.272244 0.056369 0.035942 -0.351332 -0.476342 -0.573090 0.566773
6.663799 0.272244 0.056257 0.035942 -0.355604 -0.474910 -0.580222 0.557986
6.667622 0.272244 0.056257 0.036054 -0.346577 -0.473887 -0.587427 0.556997
6.671446 0.272355 0.056257 0.036054 -0.351762 -0.470051 -0.593510 0.550510
6.675269 0.272355 0.056257 0.036054 -0.342634 -0.469408 -0.600680 0.549038
6.679092 0.272355 0.056257 0.036165 -0.347770 -0.465615 -0.606675 0.542406
6.682915 0.272355 0.056257 0.036165 -0.346958 -0.468469 -0.607488 0.539552
6.686738 0.272355 0.056145 0.036165 -0.346208 -0.471339 -0.608237 0.536681
6.690561 0.272355 0.056145 0.036277 -0.356480 -0.463619 -0.619882 0.523188
6.694385 0.272355 0.056145 0.036277 -0.355858 -0.466520 -0.620504 0.520288
6.698208 0.272467 0.056145 0.036277 -0.360961 -0.462582 -0.626183 0.513439
6.702031 0.272467 0.056034 0.036277 -0.360435 -0.465502 -0.626709 0.510520
6.705854 0.272467 0.056034 0.036277 -0.365527 -0.461514 -0.632280 0.503604
6.709677 0.272579 0.056034 0.036388 -0.375579 -0.453372 -0.643192 0.489590
6.713501 0.272579 0.056034 0.036388 -0.380537 -0.449218 -0.648532 0.482495
6.717324 0.272690 0.056034 0.036388 -0.380204 -0.452166 -0.648865 0.479547
6.721147 0.272690 0.056034 0.036388 -0.398745 -0.445254 -0.652725 0.465512
6.724970 0.272802 0.056034 0.036388 -0.398553 -0.448047 -0.652917 0.462719
6.728793 0.272914 0.055922 0.036277 -0.412128 -0.444875 -0.651356 0.456039
6.732616 0.272914 0.055922 0.036277 -0.416991 -0.440321 -0.656327 0.448856
6.736440 0.273025 0.055922 0.036277 -0.430420 -0.439166 -0.654581 0.439768
6.740263 0.273137 0.055922 0.036277 -0.435219 -0.434411 -0.659372 0.432550
6.744086 0.273137 0.055922 0.036277 -0.448581 -0.430183 -0.657349 0.426157
6.747909 0.273248 0.055922 0.036277 -0.457207 -0.432836 -0.650471 0.424857
6.751732 0.273248 0.055811 0.036277 -0.470438 -0.428000 -0.648222 0.418703
6.755555 0.273360 0.055811 0.036165 -0.470562 -0.429952 -0.648098 0.416751
6.759379 0.273360 0.055811 0.036165 -0.488329 -0.419317 -0.650180 0.403700
6.763202 0.273360 0.055811 0.036165 -0.501279 -0.413592 -0.647593 0.397850
6.767025 0.273472 0.055699 0.036165 -0.501469 -0.415197 -0.647403 0.396244
6.770848 0.273472 0.055699 0.036165 -0.514286 -0.409018 -0.644692 0.390623
6.774671 0.273472 0.055699 0.036165 -0.522509 -0.408324 -0.637590 0.392090
6.778495 0.273472 0.055699 0.036054 -0.522701 -0.409586 -0.637398 0.390828
6.782318 0.273472 0.055587 0.036054 -0.535293 -0.402818 -0.634518 0.385469
6.786141 0.273472 0.055587 0.036054 -0.547734 -0.395775 -0.631520 0.380175
6.789964 0.273472 0.055587 0.036054 -0.547915 -0.396693 -0.631339 0.379256
6.793787 0.273472 0.055587 0.036054 -0.560173 -0.389209 -0.628250 0.374197
6.797610 0.273472 0.055587 0.036054 -0.564415 -0.383032 -0.632323 0.367273
6.801434 0.273472 0.055587 0.036054 -0.572405 -0.382037 -0.624911 0.368630
6.805257 0.273583 0.055587 0.035942 -0.572405 -0.382037 -0.624911 0.368630
6.809080 0.273583 0.055587 0.035942 -0.584286 -0.373855 -0.621639 0.363879
6.812903 0.273583 0.055587 0.035942 -0.592003 -0.372184 -0.614212 0.365726
6.816726 0.273583 0.055476 0.035942 -0.596056 -0.365658 -0.618193 0.358957
6.820549 0.273583 0.055476 0.036054 -0.600037 -0.359087 -0.622099 0.352143
6.824373 0.273695 0.055476 0.036054 -0.600037 -0.359087 -0.622099 0.352143
6.828196 0.273695 0.055587 0.036054 -0.611403 -0.350102 -0.618620 0.347743
6.832019 0.273695 0.055587 0.036054 -0.615212 -0.343364 -0.622403 0.340926
6.835842 0.273807 0.055587 0.036054 -0.622568 -0.340869 -0.615045 0.343420
6.839665 0.273807 0.055587 0.036054 -0.626276 -0.334008 -0.618781 0.336642
6.843489 0.273918 0.055587 0.036165 -0.626276 -0.334008 -0.618781 0.336642
6.847312 0.273918 0.055699 0.036165 -0.629907 -0.327108 -0.622442 0.329824
6.851135 0.273918 0.055699 0.036165 -0.629907 -0.327108 -0.622442 0.329824
6.854958 0.274030 0.055699 0.036165 -0.629907 -0.327108 -0.622442 0.329824
6.858781 0.274030 0.055699 0.036165 -0.644196 -0.310577 -0.622130 0.318604
6.862604 0.274030 0.055699 0.036165 -0.644196 -0.310577 -0.622130 0.318604
6.866428 0.274141 0.055811 0.036165 -0.644196 -0.310577 -0.622130 0.318604
6.870251 0.274141 0.055811 0.036165 -0.654683 -0.300672 -0.618169 0.314410
6.874074 0.274141 0.055811 0.036165 -0.654683 -0.300672 -0.618169 0.314410
6.877897 0.274253 0.055811 0.036165 -0.654683 -0.300672 -0.618169 0.314410
6.881720 0.274253 0.055811 0.036165 -0.661719 -0.297826 -0.610671 0.317032
6.885544 0.274253 0.055811 0.036165 -0.664951 -0.290538 -0.614117 0.310304
6.889367 0.274253 0.055811 0.036165 -0.664951 -0.290538 -0.614117 0.310304
6.893190 0.274253 0.055922 0.036165 -0.674993 -0.280181 -0.609975 0.306289
6.897013 0.274253 0.055922 0.036165 -0.678031 -0.272749 -0.613303 0.299569
6.900836 0.274365 0.055922 0.036165 -0.684806 -0.269606 -0.605747 0.302365
6.904659 0.274365 0.055922 0.036165 -0.684436 -0.268742 -0.606116 0.303230
6.908483 0.274365 0.055811 0.036054 -0.687347 -0.261206 -0.609411 0.296552
6.912306 0.274365 0.055811 0.036054 -0.696726 -0.250163 -0.605135 0.292921
6.916129 0.274365 0.055811 0.036054 -0.696245 -0.249162 -0.605616 0.293922
6.919952 0.274476 0.055811 0.036054 -0.702638 -0.245502 -0.598119 0.297122
6.923775 0.274476 0.055811 0.036054 -0.705293 -0.237768 -0.601348 0.290533
6.927598 0.274476 0.055811 0.036054 -0.707863 -0.230005 -0.604503 0.283909
6.931422 0.274476 0.055811 0.036054 -0.713403 -0.224899 -0.597691 0.288517
6.935245 0.274588 0.055811 0.036054 -0.721846 -0.212977 -0.593374 0.285460
6.939068 0.274588 0.055811 0.036054 -0.721034 -0.211575 -0.594185 0.286862
6.942891 0.274588 0.055699 0.035942 -0.729111 -0.199333 -0.589904 0.284037
6.946714 0.274588 0.055699 0.035942 -0.729111 -0.199333 -0.589904 0.284037
6.950538 0.274588 0.055699 0.035942 -0.736916 -0.186918 -0.585562 0.281307
6.954361 0.274700 0.055699 0.035942 -0.735861 -0.185266 -0.586617 0.282959
6.958184 0.274700 0.055699 0.035942 -0.741341 -0.180707 -0.579210 0.286835
6.962007 0.274700 0.055699 0.035942 -0.743281 -0.172552 -0.582326 0.280455
6.965830 0.274700 0.055699 0.035942 -0.743281 -0.172552 -0.582326 0.280455
6.969653 0.274700 0.055699 0.035942 -0.745132 -0.164376 -0.585372 0.274040
6.973477 0.274700 0.055699 0.035942 -0.742077 -0.170797 -0.583531 0.282210
6.977300 0.274700 0.055699 0.035942 -0.743908 -0.162634 -0.586596 0.275782
6.981123 0.274700 0.055699 0.035942 -0.743908 -0.162634 -0.586596 0.275782
6.984946 0.274700 0.055699 0.036054 -0.743908 -0.162634 -0.586596 0.275782
6.988769 0.274700 0.055699 0.036054 -0.745650 -0.154452 -0.589591 0.269321
6.992593 0.274811 0.055699 0.036054 -0.737466 -0.165872 -0.594980 0.273184
6.996416 0.274811 0.055699 0.036054 -0.737466 -0.165872 -0.594980 0.273184
7.000239 0.274811 0.055699 0.036054 -0.739243 -0.157761 -0.597946 0.266631
7.004062 0.274811 0.055699 0.036165 -0.734028 -0.162751 -0.604948 0.262207
7.007885 0.274811 0.055699 0.036165 -0.731103 -0.169387 -0.603124 0.270256
7.011708 0.274923 0.055699 0.036165 -0.731103 -0.169387 -0.603124 0.270256
7.015532 0.274923 0.055699 0.036165 -0.732920 -0.161345 -0.606056 0.263613
7.019355 0.274923 0.055699 0.036277 -0.732920 -0.161345 -0.606056 0.263613
7.023178 0.274923 0.055699 0.036277 -0.729980 -0.167993 -0.604247 0.271649
7.027001 0.275034 0.055699 0.036277 -0.729980 -0.167993 -0.604247 0.271649
7.030824 0.275034 0.055699 0.036277 -0.731781 -0.159964 -0.607195 0.264995
7.034647 0.275034 0.055699 0.036277 -0.728826 -0.166625 -0.605401 0.273018
7.038471 0.275034 0.055699 0.036277 -0.733776 -0.161296 -0.598669 0.277760
7.042294 0.275034 0.055699 0.036277 -0.733776 -0.161296 -0.598669 0.277760
7.046117 0.275146 0.055699 0.036277 -0.737231 -0.154351 -0.593273 0.284065
7.049940 0.275146 0.055699 0.036277 -0.737231 -0.154351 -0.593273 0.284065
7.053763 0.275146 0.055699 0.036277 -0.738674 -0.155292 -0.584839 0.296999
7.057587 0.275146 0.055699 0.036277 -0.744793 -0.141532 -0.581347 0.295446
7.061410 0.275146 0.055587 0.036165 -0.745816 -0.142183 -0.573029 0.308512
7.065233 0.275258 0.055587 0.036165 -0.747333 -0.133981 -0.576384 0.302198
7.069056 0.275258 0.055587 0.036165 -0.748074 -0.134442 -0.568198 0.315375
7.072879 0.275258 0.055587 0.036054 -0.749960 -0.126490 -0.563580 0.322393
7.076702 0.275258 0.055587 0.036054 -0.750123 -0.126589 -0.555528 0.335678
7.080526 0.275258 0.055587 0.036054 -0.754783 -0.112036 -0.544637 0.348025
7.084349 0.275369 0.055587 0.035942 -0.754212 -0.111698 -0.536737 0.361388
7.088172 0.275369 0.055476 0.035942 -0.754524 -0.102904 -0.532932 0.368901
7.091995 0.275481 0.055476 0.035942 -0.754436 -0.093950 -0.529370 0.376518
7.095818 0.275481 0.055476 0.035830 -0.753946 -0.084847 -0.526057 0.384227
7.099641 0.275481 0.055476 0.035830 -0.752171 -0.083876 -0.518659 0.397739
7.103465 0.275592 0.055476 0.035830 -0.757610 -0.062035 -0.510057 0.402519
7.107288 0.275592 0.055476 0.035719 -0.755851 -0.052465 -0.507396 0.410470
7.111111 0.275704 0.055364 0.035719 -0.753675 -0.042789 -0.505002 0.418470
7.114934 0.275816 0.055364 0.035719 -0.750669 -0.041270 -0.498160 0.432006
7.118757 0.275816 0.055364 0.035719 -0.752546 -0.025935 -0.496532 0.431807
7.122581 0.275927 0.055364 0.035719 -0.748057 -0.023171 -0.501022 0.434571
7.126404 0.275927 0.055364 0.035719 -0.749298 -0.015998 -0.494755 0.439902
7.130227 0.275927 0.055364 0.035830 -0.750501 -0.000578 -0.493289 0.439788
7.134050 0.276039 0.055364 0.035830 -0.745624 -0.005997 -0.493253 0.448006
7.137873 0.276039 0.055364 0.035830 -0.745624 -0.005997 -0.493253 0.448006
7.141696 0.276039 0.055364 0.035830 -0.745624 -0.005997 -0.493253 0.448006
7.145520 0.276039 0.055364 0.035942 -0.745624 -0.005997 -0.493253 0.448006
7.149343 0.276151 0.055364 0.035942 -0.740657 -0.011416 -0.493158 0.456171
7.153166 0.276151 0.055364 0.035942 -0.740657 -0.011416 -0.493158 0.456171
7.156989 0.276151 0.055364 0.036054 -0.740657 -0.011416 -0.493158 0.456171
7.160812 0.276151 0.055476 0.036054 -0.735601 -0.016833 -0.493002 0.464280
7.164636 0.276151 0.055476 0.036054 -0.735601 -0.016833 -0.493002 0.464280
7.168459 0.276151 0.055476 0.036165 -0.735601 -0.016833 -0.493002 0.464280
7.172282 0.276151 0.055476 0.036165 -0.730657 -0.014222 -0.497947 0.466891
7.176105 0.276151 0.055476 0.036165 -0.730657 -0.014222 -0.497947 0.466891
7.179928 0.276151 0.055364 0.036165 -0.725656 -0.011720 -0.502948 0.469393
7.183751 0.276151 0.055364 0.036165 -0.725656 -0.011720 -0.502948 0.469393
7.187575 0.276151 0.055364 0.036165 -0.725741 -0.003747 -0.508074 0.463839
7.191398 0.276262 0.055364 0.036277 -0.720957 0.006198 -0.507555 0.471774
7.195221 0.276262 0.055364 0.036277 -0.720845 0.014118 -0.512707 0.466170
7.199044 0.276262 0.055364 0.036277 -0.720689 0.029647 -0.512259 0.466174
7.202867 0.276262 0.055252 0.036277 -0.715027 0.039544 -0.512277 0.474072
7.206690 0.276374 0.055252 0.036165 -0.714189 0.055055 -0.512000 0.474087
7.210514 0.276374 0.055252 0.036165 -0.713010 0.070545 -0.511724 0.474108
7.214337 0.276374 0.055252 0.036165 -0.705391 0.088061 -0.506930 0.487535
7.218160 0.276485 0.055141 0.036165 -0.703363 0.103465 -0.506825 0.487549
7.221983 0.276485 0.055141 0.036165 -0.699650 0.126514 -0.512045 0.481969
7.225806 0.276485 0.055141 0.036165 -0.695257 0.149356 -0.506510 0.487604
7.229630 0.276597 0.055141 0.036165 -0.691885 0.164522 -0.506406 0.487628
7.233453 0.276597 0.055029 0.036165 -0.686243 0.187085 -0.500811 0.493212
7.237276 0.276597 0.055029 0.036165 -0.674383 0.203952 -0.508368 0.495149
7.241099 0.276709 0.055029 0.036165 -0.669693 0.218763 -0.508429 0.495130
7.244922 0.276709 0.055029 0.036165 -0.662027 0.240801 -0.503080 0.500644
7.248745 0.276820 0.055029 0.036165 -0.653686 0.262530 -0.508610 0.495064
7.252569 0.276820 0.055029 0.036165 -0.642236 0.271268 -0.511680 0.502125
7.256392 0.276932 0.054918 0.036165 -0.632776 0.292444 -0.517379 0.496376
7.260215 0.276932 0.054918 0.036165 -0.626026 0.306436 -0.517591 0.496274
7.264038 0.277044 0.054918 0.036165 -0.613779 0.314292 -0.531854 0.491555
7.267861 0.277155 0.054918 0.036165 -0.606423 0.327971 -0.532211 0.491363
7.271685 0.277155 0.055029 0.036165 -0.593335 0.335613 -0.536284 0.497712
7.275508 0.277267 0.055029 0.036165 -0.589612 0.342111 -0.541719 0.491790
7.279331 0.277267 0.054918 0.036277 -0.572211 0.355690 -0.551519 0.491819
7.283154 0.277378 0.054918 0.036277 -0.568269 0.361955 -0.556888 0.485731
7.286977 0.277378 0.054918 0.036277 -0.559605 0.374831 -0.557508 0.485314
7.290800 0.277490 0.054918 0.036277 -0.550155 0.374750 -0.566957 0.485233
7.294624 0.277490 0.054918 0.036277 -0.541077 0.387325 -0.567701 0.484696
7.298447 0.277602 0.054918 0.036277 -0.526374 0.393429 -0.572789 0.489956
7.302270 0.277602 0.054918 0.036277 -0.516759 0.405584 -0.573642 0.489281
7.306093 0.277602 0.054918 0.036277 -0.505968 0.405655 -0.573569 0.500459
7.309916 0.277713 0.054918 0.036165 -0.495966 0.417478 -0.574529 0.499646
7.313739 0.277713 0.054918 0.036165 -0.480964 0.434387 -0.580916 0.492461
7.317563 0.277713 0.054806 0.036165 -0.464899 0.439224 -0.586691 0.496735
7.321386 0.277713 0.054806 0.036165 -0.454029 0.450232 -0.587707 0.495732
7.325209 0.277825 0.054806 0.036054 -0.442424 0.449671 -0.588205 0.506035
7.329032 0.277825 0.054806 0.036054 -0.424909 0.466048 -0.584809 0.510148
7.332855 0.277825 0.054806 0.036054 -0.414204 0.464173 -0.595513 0.508274
7.336679 0.277825 0.054694 0.036054 -0.402547 0.474291 -0.596672 0.506939
7.340502 0.277937 0.054694 0.036054 -0.390670 0.484150 -0.597800 0.505580
7.344325 0.277937 0.054694 0.036054 -0.379822 0.481755 -0.608648 0.503185
7.348148 0.277937 0.054694 0.036054 -0.367643 0.491205 -0.609835 0.501655
7.351971 0.277937 0.054694 0.036054 -0.367643 0.491205 -0.609835 0.501655
7.355794 0.278048 0.054694 0.036054 -0.362224 0.495215 -0.615310 0.494925
7.359618 0.278048 0.054694 0.036054 -0.351378 0.492315 -0.626156 0.492025
7.363441 0.278048 0.054694 0.036054 -0.351378 0.492315 -0.626156 0.492025
7.367264 0.278048 0.054694 0.036165 -0.353041 0.491023 -0.635599 0.479868
7.371087 0.278160 0.054694 0.036165 -0.353041 0.491023 -0.635599 0.479868
7.374910 0.278160 0.054694 0.036165 -0.354732 0.489768 -0.644772 0.467506
7.378733 0.278160 0.054694 0.036277 -0.349330 0.493636 -0.649869 0.460394
7.382557 0.278160 0.054694 0.036277 -0.349330 0.493636 -0.649869 0.460394
7.386380 0.278160 0.054694 0.036277 -0.343886 0.497444 -0.654887 0.453227
7.390203 0.278271 0.054694 0.036388 -0.340770 0.488945 -0.668921 0.444245
7.394026 0.278271 0.054694 0.036388 -0.335378 0.492659 -0.673761 0.436869
7.397849 0.278271 0.054694 0.036388 -0.335378 0.492659 -0.673761 0.436869
7.401673 0.278271 0.054694 0.036500 -0.324473 0.499909 -0.683197 0.421961
7.405496 0.278271 0.054694 0.036500 -0.318961 0.503443 -0.687791 0.414430
7.409319 0.278383 0.054583 0.036500 -0.308923 0.499281 -0.697830 0.410267
7.413142 0.278383 0.054583 0.036500 -0.290165 0.510375 -0.703526 0.400465
7.416965 0.278383 0.054583 0.036500 -0.272352 0.510039 -0.710357 0.401344
7.420788 0.278495 0.054583 0.036500 -0.266733 0.513001 -0.714723 0.393516
7.424612 0.278495 0.054471 0.036500 -0.243146 0.514785 -0.725867 0.385997
7.428435 0.278606 0.054471 0.036500 -0.233308 0.509374 -0.735704 0.380585
7.432258 0.278606 0.054471 0.036500 -0.219437 0.515721 -0.736931 0.377904
7.436081 0.278606 0.054471 0.036388 -0.201296 0.513622 -0.743786 0.377432
7.439904 0.278718 0.054471 0.036388 -0.183064 0.511126 -0.750617 0.376579
7.443728 0.278718 0.054471 0.036388 -0.177438 0.513106 -0.754709 0.368310
7.447551 0.278829 0.054471 0.036388 -0.159162 0.510011 -0.761490 0.367000
7.451374 0.278829 0.054471 0.036500 -0.159162 0.510011 -0.761490 0.367000
7.455197 0.278941 0.054471 0.036500 -0.149600 0.503288 -0.771052 0.360277
7.459020 0.278941 0.054471 0.036500 -0.149600 0.503288 -0.771052 0.360277
7.462843 0.278941 0.054583 0.036500 -0.135254 0.508031 -0.772187 0.356844
7.466667 0.279053 0.054583 0.036500 -0.135254 0.508031 -0.772187 0.356844
7.470490 0.279053 0.054583 0.036500 -0.125829 0.500930 -0.781611 0.349743
7.474313 0.279164 0.054694 0.036500 -0.116917 0.503932 -0.778829 0.354694
7.478136 0.279164 0.054694 0.036500 -0.116917 0.503932 -0.778829 0.354694
7.481959 0.279276 0.054694 0.036612 -0.107990 0.506874 -0.775954 0.359602
7.485782 0.279276 0.054694 0.036612 -0.098552 0.499431 -0.785392 0.352159
7.489606 0.279276 0.054694 0.036612 -0.089528 0.502245 -0.782506 0.356957
7.493429 0.279388 0.054694 0.036612 -0.076514 0.496404 -0.785028 0.362574
7.497252 0.279388 0.054806 0.036500 -0.061930 0.499840 -0.785971 0.358573
7.501075 0.279388 0.054806 0.036500 -0.057987 0.491175 -0.791415 0.359232
7.504898 0.279388 0.054806 0.036500 -0.048805 0.493774 -0.788355 0.363732
7.508722 0.279388 0.054694 0.036500 -0.034161 0.496719 -0.789198 0.359541
7.512545 0.279388 0.054694 0.036500 -0.020940 0.490432 -0.791433 0.364241
7.516368 0.279388 0.054694 0.036500 -0.006255 0.492885 -0.792164 0.359862
7.520191 0.279388 0.054694 0.036500 -0.002301 0.484153 -0.797531 0.359909
7.524014 0.279388 0.054583 0.036500 0.012386 0.486275 -0.798190 0.355354
7.527837 0.279388 0.054583 0.036500 0.021534 0.477269 -0.807337 0.346348
7.531661 0.279388 0.054583 0.036500 0.030968 0.479270 -0.804062 0.350466
7.535484 0.279276 0.054583 0.036500 0.036231 0.478901 -0.807863 0.341611
7.539307 0.279276 0.054471 0.036500 0.036231 0.478901 -0.807863 0.341611
7.543130 0.279276 0.054471 0.036500 0.041490 0.478474 -0.811568 0.332716
7.546953 0.279276 0.054471 0.036500 0.050299 0.469005 -0.820376 0.323246
7.550776 0.279276 0.054359 0.036500 0.050299 0.469005 -0.820376 0.323246
7.554600 0.279276 0.054359 0.036500 0.055448 0.468424 -0.823878 0.314214
7.558423 0.279276 0.054359 0.036500 0.055448 0.468424 -0.823878 0.314214
7.562246 0.279276 0.054359 0.036500 0.057235 0.476847 -0.822091 0.305791
7.566069 0.279276 0.054359 0.036500 0.057235 0.476847 -0.822091 0.305791
7.569892 0.279276 0.054248 0.036500 0.057235 0.476847 -0.822091 0.305791
7.573716 0.279276 0.054248 0.036500 0.062470 0.476189 -0.825401 0.296741
7.577539 0.279276 0.054248 0.036500 0.062470 0.476189 -0.825401 0.296741
7.581362 0.279276 0.054248 0.036500 0.062470 0.476189 -0.825401 0.296741
7.585185 0.279276 0.054248 0.036500 0.062470 0.476189 -0.825401 0.296741
7.589008 0.279276 0.054248 0.036500 0.062470 0.476189 -0.825401 0.296741
7.592831 0.279276 0.054248 0.036500 0.062470 0.476189 -0.825401 0.296741
7.596655 0.279276 0.054248 0.036500 0.067698 0.475474 -0.828611 0.287655
7.600478 0.279276 0.054248 0.036500 0.067698 0.475474 -0.828611 0.287655
7.604301 0.279276 0.054248 0.036500 0.067698 0.475474 -0.828611 0.287655
7.608124 0.279276 0.054248 0.036500 0.067698 0.475474 -0.828611 0.287655
7.611947 0.279276 0.054248 0.036500 0.067698 0.475474 -0.828611 0.287655
7.615771 0.279276 0.054248 0.036500 0.067698 0.475474 -0.828611 0.287655
7.619594 0.279276 0.054248 0.036500 0.064534 0.484549 -0.823337 0.288382
7.623417 0.279276 0.054248 0.036500 0.064534 0.484549 -0.823337 0.288382
7.627240 0.279276 0.054248 0.036500 0.064534 0.484549 -0.823337 0.288382
7.631063 0.279276 0.054248 0.036500 0.064534 0.484549 -0.823337 0.288382
7.634886 0.279276 0.054248 0.036500 0.064534 0.484549 -0.823337 0.288382
7.638710 0.279276 0.054248 0.036500 0.061361 0.493565 -0.817964 0.289073
7.642533 0.279276 0.054248 0.036500 0.057306 0.491760 -0.824017 0.275470
7.646356 0.279276 0.054248 0.036500 0.054276 0.500783 -0.818565 0.276083
7.650179 0.279276 0.054248 0.036500 0.051239 0.509745 -0.813014 0.276663
7.654002 0.279276 0.054248 0.036500 0.038873 0.517580 -0.810229 0.272267
7.657825 0.279276 0.054248 0.036500 0.023665 0.534189 -0.801452 0.267876
7.661649 0.279276 0.054248 0.036500 0.014719 0.550467 -0.795080 0.254199
7.665472 0.279276 0.054248 0.036500 0.003726 0.575408 -0.781790 0.240201
7.669295 0.279276 0.054248 0.036500 -0.010363 0.591574 -0.771416 0.234203
7.673118 0.279276 0.054248 0.036500 -0.019914 0.616064 -0.756349 0.219100
7.676941 0.279276 0.054359 0.036500 -0.030722 0.648328 -0.733098 0.203210
7.680765 0.279276 0.054359 0.036500 -0.038120 0.671930 -0.715563 0.187155
7.684588 0.279276 0.054359 0.036388 -0.027108 0.688251 -0.704551 0.170834
7.688411 0.279276 0.054359 0.036388 -0.032619 0.711119 -0.685059 0.154727
7.692234 0.279276 0.054359 0.036277 -0.028033 0.726350 -0.670921 0.146611
7.696057 0.279388 0.054359 0.036277 -0.023105 0.741214 -0.656364 0.138757
7.699880 0.279388 0.054359 0.036165 -0.016405 0.748606 -0.649664 0.131366
7.703704 0.279388 0.054359 0.036165 -0.019287 0.762699 -0.633060 0.130974
7.707527 0.279388 0.054359 0.036054 -0.012269 0.769789 -0.626041 0.123884
7.711350 0.279388 0.054359 0.036054 -0.012012 0.776891 -0.620099 0.108504
7.715173 0.279388 0.054359 0.036054 -0.011413 0.783916 -0.613741 0.093094
7.718996 0.279388 0.054359 0.036054 -0.010471 0.790853 -0.606968 0.077668
7.722820 0.279388 0.054359 0.036054 -0.011323 0.797473 -0.598243 0.077548
7.726643 0.279388 0.054359 0.036054 -0.009186 0.797688 -0.599780 0.062237
7.730466 0.279388 0.054359 0.036054 -0.007559 0.804410 -0.592179 0.046817
7.734289 0.279388 0.054359 0.036054 -0.005592 0.811006 -0.584167 0.031418
7.738112 0.279388 0.054359 0.036054 -0.009611 0.817442 -0.575888 0.007075
7.741935 0.279388 0.054359 0.036054 -0.006867 0.823722 -0.566891 -0.008309
7.745759 0.279388 0.054248 0.036054 0.005331 0.829830 -0.557197 -0.029750
7.749582 0.279388 0.054248 0.036054 0.008810 0.835732 -0.547230 -0.044880
7.753405 0.279388 0.054248 0.036054 0.009302 0.841693 -0.538015 -0.044781
7.757228 0.279388 0.054248 0.036054 0.013274 0.847289 -0.527591 -0.059772
7.761051 0.279388 0.054248 0.036054 0.016748 0.846949 -0.526114 -0.074840
7.764874 0.279499 0.054248 0.036054 0.021199 0.852241 -0.514975 -0.089643
7.768698 0.279499 0.054248 0.036054 0.022183 0.857847 -0.505581 -0.089405
7.772521 0.279499 0.054248 0.036054 0.022183 0.857847 -0.505581 -0.089405
7.776344 0.279499 0.054248 0.036054 0.032647 0.863043 -0.495117 -0.094601
7.780167 0.279499 0.054248 0.036054 0.027111 0.862787 -0.494007 -0.104022
7.783990 0.279499 0.054248 0.036054 0.017631 0.863033 -0.495120 -0.098589
7.787814 0.279499 0.054248 0.036054 0.017631 0.863033 -0.495120 -0.098589
7.791637 0.279499 0.054248 0.036054 0.017631 0.863033 -0.495120 -0.098589
7.795460 0.279499 0.054359 0.036054 0.017631 0.863033 -0.495120 -0.098589
7.799283 0.279499 0.054359 0.036054 0.008148 0.863174 -0.496173 -0.093143
7.803106 0.279499 0.054359 0.036054 0.008148 0.863174 -0.496173 -0.093143
7.806929 0.279499 0.054359 0.036054 0.008148 0.863174 -0.496173 -0.093143
7.810753 0.279499 0.054359 0.036054 0.008148 0.863174 -0.496173 -0.093143
7.814576 0.279499 0.054471 0.036054 0.008148 0.863174 -0.496173 -0.093143
7.818399 0.279499 0.054471 0.036054 0.008148 0.863174 -0.496173 -0.093143
7.822222 0.279499 0.054471 0.036054 0.008148 0.863174 -0.496173 -0.093143
7.826045 0.279499 0.054471 0.036054 0.002618 0.862692 -0.495210 -0.102575
7.829868 0.279499 0.054471 0.036054 0.002618 0.862692 -0.495210 -0.102575
7.833692 0.279499 0.054471 0.036054 0.002618 0.862692 -0.495210 -0.102575
7.837515 0.279499 0.054471 0.036054 0.002618 0.862692 -0.495210 -0.102575
7.841338 0.279499 0.054471 0.036054 0.002618 0.862692 -0.495210 -0.102575
7.845161 0.279499 0.054471 0.036054 0.002618 0.862692 -0.495210 -0.102575
7.848984 0.279499 0.054471 0.036054 0.002618 0.862692 -0.495210 -0.102575
7.852808 0.279499 0.054471 0.036165 0.002618 0.862692 -0.495210 -0.102575
7.856631 0.279499 0.054471 0.036165 0.002618 0.862692 -0.495210 -0.102575
7.860454 0.279499 0.054471 0.036165 0.002618 0.862692 -0.495210 -0.102575
7.864277 0.279499 0.054471 0.036165 0.002618 0.862692 -0.495210 -0.102575
7.868100 0.279499 0.054471 0.036054 0.012096 0.862612 -0.494054 -0.108009
7.871923 0.279499 0.054471 0.036054 0.012096 0.862612 -0.494054 -0.108009
7.875747 0.279499 0.054359 0.036054 0.012096 0.862612 -0.494054 -0.108009
7.879570 0.279499 0.054359 0.036054 0.012096 0.862612 -0.494054 -0.108009
7.883393 0.279499 0.054359 0.036054 0.012096 0.862612 -0.494054 -0.108009
7.887216 0.279499 0.054359 0.036054 0.017631 0.863033 -0.495120 -0.098589
7.891039 0.279499 0.054359 0.036054 0.017631 0.863033 -0.495120 -0.098589
7.894863 0.279499 0.054359 0.036054 0.017631 0.863033 -0.495120 -0.098589
7.898686 0.279388 0.054359 0.036054 0.017631 0.863033 -0.495120 -0.098589
7.902509 0.279388 0.054359 0.036054 0.017631 0.863033 -0.495120 -0.098589
7.906332 0.279388 0.054359 0.036054 0.017631 0.863033 -0.495120 -0.098589
7.910155 0.279388 0.054359 0.036054 0.017631 0.863033 -0.495120 -0.098589
7.913978 0.279388 0.054359 0.036054 0.017631 0.863033 -0.495120 -0.098589
7.917802 0.279388 0.054359 0.036054 0.017631 0.863033 -0.495120 -0.098589
7.921625 0.279388 0.054359 0.036054 0.017631 0.863033 -0.495120 -0.098589
7.925448 0.279388 0.054359 0.036054 0.017631 0.863033 -0.495120 -0.098589
7.929271 0.279388 0.054471 0.036054 0.017631 0.863033 -0.495120 -0.098589
7.933094 0.279388 0.054471 0.036054 0.018713 0.868420 -0.485609 -0.098389
7.936917 0.279388 0.054471 0.036054 0.009171 0.868573 -0.486660 -0.093048
7.940741 0.279388 0.054471 0.036165 0.009171 0.868573 -0.486660 -0.093048
7.944564 0.279388 0.054471 0.036165 0.003745 0.868081 -0.485703 -0.102540
7.948387 0.279388 0.054471 0.036165 0.003745 0.868081 -0.485703 -0.102540
7.952210 0.279388 0.054471 0.036165 0.003745 0.868081 -0.485703 -0.102540
7.956033 0.279388 0.054471 0.036165 0.004871 0.873364 -0.476137 -0.102493
7.959857 0.279388 0.054471 0.036165 0.004871 0.873364 -0.476137 -0.102493
7.963680 0.279388 0.054471 0.036165 0.004871 0.873364 -0.476137 -0.102493
7.967503 0.279388 0.054471 0.036165 -0.000451 0.872756 -0.475127 -0.112031
7.971326 0.279388 0.054471 0.036165 0.000780 0.877923 -0.465510 -0.112029
7.975149 0.279388 0.054471 0.036165 -0.008865 0.877879 -0.466713 -0.106908
7.978972 0.279388 0.054471 0.036165 -0.008865 0.877879 -0.466713 -0.106908
7.982796 0.279388 0.054583 0.036165 -0.008865 0.877879 -0.466713 -0.106908
7.986619 0.279388 0.054583 0.036165 -0.012793 0.882160 -0.456095 -0.116650
7.990442 0.279388 0.054583 0.036165 -0.012793 0.882160 -0.456095 -0.116650
7.994265 0.279388 0.054583 0.036165 -0.022484 0.881966 -0.457349 -0.111632
7.998088 0.279388 0.054583 0.036277 -0.022484 0.881966 -0.457349 -0.111632
8.001911 0.279388 0.054583 0.036277 -0.022484 0.881966 -0.457349 -0.111632
8.005735 0.279388 0.054583 0.036277 -0.021256 0.886937 -0.447632 -0.111873
8.009558 0.279388 0.054583 0.036277 -0.021256 0.886937 -0.447632 -0.111873
8.013381 0.279388 0.054583 0.036277 -0.035973 0.885630 -0.448058 -0.116660
8.017204 0.279388 0.054583 0.036277 -0.035973 0.885630 -0.448058 -0.116660
8.021027 0.279388 0.054694 0.036277 -0.035973 0.885630 -0.448058 -0.116660
8.024851 0.279388 0.054694 0.036277 -0.035973 0.885630 -0.448058 -0.116660
8.028674 0.279388 0.054694 0.036277 -0.035973 0.885630 -0.448058 -0.116660
8.032497 0.279388 0.054694 0.036277 -0.035973 0.885630 -0.448058 -0.116660
8.036320 0.279388 0.054694 0.036277 -0.035973 0.885630 -0.448058 -0.116660
8.040143 0.279388 0.054694 0.036277 -0.035973 0.885630 -0.448058 -0.116660
8.043966 0.279388 0.054694 0.036277 -0.035973 0.885630 -0.448058 -0.116660
8.047790 0.279388 0.054694 0.036277 -0.035973 0.885630 -0.448058 -0.116660
8.051613 0.279388 0.054694 0.036277 -0.035973 0.885630 -0.448058 -0.116660
8.055436 0.279388 0.054694 0.036277 -0.035973 0.885630 -0.448058 -0.116660
8.059259 0.279388 0.054694 0.036277 -0.035973 0.885630 -0.448058 -0.116660
8.063082 0.279388 0.054694 0.036277 -0.035973 0.885630 -0.448058 -0.116660
8.066906 0.279388 0.054694 0.036277 -0.035973 0.885630 -0.448058 -0.116660
8.070729 0.279388 0.054694 0.036277 -0.035973 0.885630 -0.448058 -0.116660
8.074552 0.279388 0.054694 0.036277 -0.035973 0.885630 -0.448058 -0.116660
8.078375 0.279388 0.054694 0.036277 -0.035973 0.885630 -0.448058 -0.116660
8.082198 0.279388 0.054694 0.036277 -0.035973 0.885630 -0.448058 -0.116660
8.086021 0.279388 0.054694 0.036277 -0.037252 0.880654 -0.457760 -0.116257
8.089845 0.279388 0.054694 0.036277 -0.037252 0.880654 -0.457760 -0.116257
8.093668 0.279388 0.054694 0.036277 -0.037252 0.880654 -0.457760 -0.116257
8.097491 0.279388 0.054694 0.036277 -0.037252 0.880654 -0.457760 -0.116257
8.101314 0.279388 0.054694 0.036277 -0.037252 0.880654 -0.457760 -0.116257
8.105137 0.279388 0.054694 0.036277 -0.037252 0.880654 -0.457760 -0.116257
8.108960 0.279388 0.054694 0.036277 -0.037252 0.880654 -0.457760 -0.116257
8.112784 0.279388 0.054694 0.036277 -0.037252 0.880654 -0.457760 -0.116257
8.116607 0.279388 0.054694 0.036277 -0.037252 0.880654 -0.457760 -0.116257
8.120430 0.279388 0.054694 0.036277 -0.042328 0.879537 -0.456917 -0.125899
8.124253 0.279388 0.054694 0.036388 -0.042328 0.879537 -0.456917 -0.125899
8.128076 0.279388 0.054694 0.036388 -0.042328 0.879537 -0.456917 -0.125899
8.131900 0.279388 0.054694 0.036388 -0.042328 0.879537 -0.456917 -0.125899
8.135723 0.279388 0.054694 0.036388 -0.042328 0.879537 -0.456917 -0.125899
8.139546 0.279388 0.054694 0.036388 -0.042328 0.879537 -0.456917 -0.125899
8.143369 0.279388 0.054694 0.036388 -0.042328 0.879537 -0.456917 -0.125899
8.147192 0.279388 0.054694 0.036388 -0.042328 0.879537 -0.456917 -0.125899
8.151015 0.279388 0.054694 0.036388 -0.047399 0.878313 -0.456019 -0.135526
8.154839 0.279388 0.054694 0.036388 -0.047399 0.878313 -0.456019 -0.135526
8.158662 0.279388 0.054694 0.036388 -0.048885 0.873250 -0.465640 -0.134998
8.162485 0.279388 0.054694 0.036388 -0.048885 0.873250 -0.465640 -0.134998
8.166308 0.279388 0.054694 0.036388 -0.048885 0.873250 -0.465640 -0.134998
8.170131 0.279388 0.054694 0.036500 -0.048885 0.873250 -0.465640 -0.134998
8.173955 0.279388 0.054694 0.036500 -0.048885 0.873250 -0.465640 -0.134998
8.177778 0.279388 0.054694 0.036500 -0.048885 0.873250 -0.465640 -0.134998
8.181601 0.279388 0.054694 0.036500 -0.048885 0.873250 -0.465640 -0.134998
8.185424 0.279388 0.054694 0.036500 -0.048885 0.873250 -0.465640 -0.134998
8.189247 0.279388 0.054694 0.036500 -0.039288 0.873734 -0.464129 -0.140105
8.193070 0.279388 0.054694 0.036500 -0.039288 0.873734 -0.464129 -0.140105
8.196894 0.279388 0.054694 0.036500 -0.039288 0.873734 -0.464129 -0.140105
8.200717 0.279388 0.054694 0.036500 -0.044473 0.872472 -0.463056 -0.149648
8.204540 0.279388 0.054694 0.036500 -0.039288 0.873734 -0.464129 -0.140105
8.208363 0.279388 0.054694 0.036500 -0.040825 0.868582 -0.473700 -0.139665
8.212186 0.279388 0.054694 0.036500 -0.040825 0.868582 -0.473700 -0.139665
8.216009 0.279388 0.054694 0.036500 -0.040825 0.868582 -0.473700 -0.139665
8.219833 0.279388 0.054694 0.036500 -0.040825 0.868582 -0.473700 -0.139665
8.223656 0.279388 0.054694 0.036500 -0.040825 0.868582 -0.473700 -0.139665
8.227479 0.279388 0.054694 0.036500 -0.040825 0.868582 -0.473700 -0.139665
8.231302 0.279388 0.054694 0.036500 -0.040825 0.868582 -0.473700 -0.139665
8.235125 0.279388 0.054694 0.036500 -0.040825 0.868582 -0.473700 -0.139665
8.238949 0.279388 0.054694 0.036500 -0.036959 0.864460 -0.484256 -0.129764
8.242772 0.279388 0.054694 0.036388 -0.036959 0.864460 -0.484256 -0.129764
8.246595 0.279388 0.054694 0.036388 -0.036959 0.864460 -0.484256 -0.129764
8.250418 0.279388 0.054694 0.036388 -0.036959 0.864460 -0.484256 -0.129764
8.254241 0.279388 0.054694 0.036388 -0.031556 0.865490 -0.485239 -0.120305
8.258064 0.279388 0.054694 0.036388 -0.032876 0.860107 -0.494719 -0.119951
8.261888 0.279388 0.054694 0.036388 -0.032876 0.860107 -0.494719 -0.119951
8.265711 0.279388 0.054694 0.036388 -0.032876 0.860107 -0.494719 -0.119951
8.269534 0.279388 0.054694 0.036277 -0.027366 0.861023 -0.495654 -0.110537
8.273357 0.279388 0.054694 0.036277 -0.028579 0.855525 -0.505083 -0.110229
8.277180 0.279388 0.054694 0.036277 -0.037976 0.855160 -0.506264 -0.104674
8.281003 0.279388 0.054694 0.036277 -0.037976 0.855160 -0.506264 -0.104674
8.284827 0.279388 0.054694 0.036277 -0.032368 0.856023 -0.507045 -0.095299
8.288650 0.279388 0.054694 0.036277 -0.033413 0.850401 -0.516419 -0.094937
8.292473 0.279388 0.054694 0.036277 -0.024069 0.850717 -0.515344 -0.100605
8.296296 0.279388 0.054694 0.036277 -0.024069 0.850717 -0.515344 -0.100605
8.300119 0.279388 0.054694 0.036277 -0.024069 0.850717 -0.515344 -0.100605
8.303943 0.279388 0.054694 0.036277 -0.024069 0.850717 -0.515344 -0.100605
8.307766 0.279388 0.054694 0.036277 -0.024069 0.850717 -0.515344 -0.100605
8.311589 0.279388 0.054694 0.036277 -0.024069 0.850717 -0.515344 -0.100605
8.315412 0.279388 0.054694 0.036165 -0.024069 0.850717 -0.515344 -0.100605
8.319235 0.279388 0.054694 0.036165 -0.024069 0.850717 -0.515344 -0.100605
8.323058 0.279388 0.054694 0.036165 -0.024069 0.850717 -0.515344 -0.100605
8.326882 0.279388 0.054694 0.036165 -0.014721 0.850930 -0.514208 -0.106260
8.330705 0.279388 0.054583 0.036165 -0.014721 0.850930 -0.514208 -0.106260
8.334528 0.279388 0.054583 0.036165 -0.014721 0.850930 -0.514208 -0.106260
8.338351 0.279499 0.054583 0.036165 -0.014721 0.850930 -0.514208 -0.106260
8.342174 0.279499 0.054583 0.036165 -0.005372 0.851040 -0.513010 -0.111903
8.345998 0.279499 0.054583 0.036165 -0.005372 0.851040 -0.513010 -0.111903
8.349821 0.279499 0.054583 0.036165 -0.005372 0.851040 -0.513010 -0.111903
8.353644 0.279499 0.054583 0.036165 -0.005372 0.851040 -0.513010 -0.111903
8.357467 0.279499 0.054583 0.036165 0.003978 0.851048 -0.511749 -0.117532
8.361290 0.279499 0.054583 0.036165 0.003978 0.851048 -0.511749 -0.117532
8.365113 0.279499 0.054583 0.036165 0.013328 0.850953 -0.510427 -0.123147
8.368937 0.279499 0.054583 0.036165 0.007579 0.850413 -0.509126 -0.132403
8.372760 0.279499 0.054583 0.036165 0.015404 0.844650 -0.516952 -0.138166
8.376583 0.279499 0.054471 0.036165 0.024683 0.844430 -0.515403 -0.143837
8.380406 0.279611 0.054471 0.036165 0.033958 0.844108 -0.513791 -0.149491
8.384229 0.279611 0.054471 0.036165 0.037357 0.843314 -0.510347 -0.164233
8.388052 0.279611 0.054471 0.036165 0.046620 0.842852 -0.508512 -0.169830
8.391876 0.279611 0.054471 0.036165 0.057146 0.835775 -0.511739 -0.190623
8.395699 0.279611 0.054471 0.036165 0.066325 0.835097 -0.509614 -0.196233
8.399522 0.279722 0.054471 0.036165 0.078653 0.833280 -0.502691 -0.216239
8.403345 0.279722 0.054359 0.036165 0.079250 0.826657 -0.506751 -0.231435
8.407168 0.279722 0.054359 0.036165 0.097393 0.824716 -0.501544 -0.242513
8.410992 0.279722 0.054359 0.036165 0.106476 0.816918 -0.502010 -0.263239
8.414815 0.279722 0.054359 0.036165 0.115445 0.815698 -0.499088 -0.268738
8.418638 0.279834 0.054359 0.036165 0.130258 0.807499 -0.501964 -0.281087
8.422461 0.279834 0.054471 0.036165 0.132800 0.806274 -0.495329 -0.294849
8.426284 0.279834 0.054471 0.036165 0.147116 0.797744 -0.497526 -0.307295
8.430107 0.279834 0.054471 0.036165 0.155871 0.796079 -0.494120 -0.312743
8.433931 0.279946 0.054471 0.036165 0.167583 0.788264 -0.503215 -0.311980
8.437754 0.279946 0.054471 0.036054 0.172734 0.780837 -0.508366 -0.319406
8.441577 0.279946 0.054471 0.036054 0.192810 0.770287 -0.513773 -0.324838
8.445400 0.280057 0.054471 0.035942 0.212623 0.758957 -0.519033 -0.330727
8.449223 0.280057 0.054471 0.035942 0.232139 0.746857 -0.524119 -0.337069
8.453046 0.280057 0.054471 0.035830 0.246948 0.742519 -0.524628 -0.335333
8.456870 0.280169 0.054471 0.035830 0.266004 0.729165 -0.529520 -0.342300
8.460693 0.280169 0.054471 0.035719 0.284683 0.715063 -0.534179 -0.349706
8.464516 0.280281 0.054359 0.035719 0.296336 0.702810 -0.534120 -0.364635
8.468339 0.280281 0.054359 0.035719 0.325863 0.689862 -0.526506 -0.375094
8.472162 0.280281 0.054248 0.035607 0.343173 0.673724 -0.530352 -0.383478
8.475986 0.280392 0.054248 0.035607 0.360763 0.656325 -0.524670 -0.404734
8.479809 0.280392 0.054136 0.035607 0.381442 0.644675 -0.520665 -0.409639
8.483632 0.280504 0.054136 0.035607 0.390865 0.630481 -0.518497 -0.425300
8.487455 0.280504 0.054025 0.035607 0.404623 0.621741 -0.509027 -0.436589
8.491278 0.280504 0.054025 0.035607 0.418186 0.612701 -0.499312 -0.447667
8.495101 0.280504 0.054025 0.035607 0.425471 0.607534 -0.483834 -0.464522
8.498925 0.280504 0.053913 0.035607 0.433471 0.592801 -0.480053 -0.479832
8.502748 0.280615 0.053913 0.035607 0.446391 0.583134 -0.469395 -0.490263
8.506571 0.280615 0.053913 0.035607 0.452770 0.578195 -0.463980 -0.495390
8.510394 0.280615 0.053913 0.035607 0.465365 0.568108 -0.452984 -0.505465
8.514217 0.280615 0.053801 0.035719 0.460081 0.562762 -0.447584 -0.520858
8.518041 0.280615 0.053801 0.035719 0.466236 0.557674 -0.441835 -0.525743
8.521864 0.280615 0.053801 0.035719 0.472334 0.552518 -0.436033 -0.530566
8.525687 0.280615 0.053801 0.035719 0.466522 0.557329 -0.429888 -0.535666
8.529510 0.280615 0.053801 0.035719 0.472617 0.552170 -0.423977 -0.540356
8.533333 0.280615 0.053801 0.035719 0.466652 0.547479 -0.430018 -0.545516
8.537156 0.280615 0.053801 0.035719 0.472638 0.542319 -0.423999 -0.550207
8.540980 0.280615 0.053913 0.035719 0.472638 0.542319 -0.423999 -0.550207
8.544803 0.280615 0.053913 0.035719 0.460696 0.542638 -0.423734 -0.560137
8.548626 0.280615 0.053913 0.035719 0.466629 0.537544 -0.417555 -0.564758
8.552449 0.280615 0.053913 0.035719 0.466629 0.537544 -0.417555 -0.564758
8.556272 0.280615 0.053913 0.035830 0.466629 0.537544 -0.417555 -0.564758
8.560095 0.280615 0.053913 0.035830 0.472507 0.532385 -0.411325 -0.569311
8.563919 0.280615 0.053913 0.035830 0.466692 0.537457 -0.404975 -0.573876
8.567742 0.280727 0.053913 0.035830 0.466692 0.537457 -0.404975 -0.573876
8.571565 0.280727 0.053913 0.035830 0.466187 0.527886 -0.404470 -0.583447
8.575388 0.280727 0.053913 0.035830 0.466187 0.527886 -0.404470 -0.583447
8.579211 0.280727 0.053913 0.035830 0.478388 0.527074 -0.392269 -0.582635
8.583035 0.280727 0.053913 0.035830 0.478388 0.527074 -0.392269 -0.582635
8.586858 0.280727 0.053913 0.035830 0.484149 0.521786 -0.385844 -0.586909
8.590681 0.280727 0.053913 0.035830 0.489853 0.516436 -0.379373 -0.591113
8.594504 0.280727 0.053913 0.035830 0.495497 0.511023 -0.372856 -0.595245
8.598327 0.280839 0.053913 0.035830 0.501081 0.505549 -0.366294 -0.599305
8.602150 0.280839 0.053913 0.035830 0.494434 0.501549 -0.358495 -0.612752
8.605974 0.280839 0.053801 0.035830 0.499914 0.496087 -0.351741 -0.616654
8.609797 0.280839 0.053801 0.035830 0.505334 0.490565 -0.344945 -0.620481
8.613620 0.280839 0.053801 0.035942 0.510693 0.484984 -0.338108 -0.624233
8.617443 0.280839 0.053801 0.035942 0.509061 0.475676 -0.336476 -0.633541
8.621266 0.280950 0.053801 0.035942 0.514256 0.470055 -0.329495 -0.637199
8.625090 0.280950 0.053801 0.035942 0.524459 0.458643 -0.315416 -0.644284
8.628913 0.280950 0.053913 0.035942 0.517176 0.455517 -0.306386 -0.656628
8.632736 0.281062 0.053913 0.035942 0.522149 0.449807 -0.299154 -0.659955
8.636559 0.281062 0.053913 0.036054 0.519742 0.440810 -0.296746 -0.668952
8.640382 0.281174 0.053913 0.036054 0.519519 0.441342 -0.282424 -0.674947
8.644205 0.281174 0.054025 0.036054 0.521577 0.426856 -0.272233 -0.686761
8.648029 0.281285 0.054025 0.036054 0.521319 0.427556 -0.257668 -0.692119
8.651852 0.281285 0.054025 0.036165 0.525985 0.421803 -0.250049 -0.694908
8.655675 0.281397 0.054136 0.036165 0.518031 0.419901 -0.239944 -0.705517
8.659498 0.281397 0.054136 0.036165 0.522613 0.414185 -0.232178 -0.708110
8.663321 0.281397 0.054136 0.036165 0.526882 0.409301 -0.209461 -0.714839
8.667144 0.281508 0.054136 0.036165 0.531347 0.403488 -0.201595 -0.717097
8.670968 0.281508 0.054136 0.036165 0.531127 0.404378 -0.186539 -0.720823
8.674791 0.281508 0.054136 0.036165 0.547812 0.394462 -0.166334 -0.718773
8.678614 0.281508 0.054136 0.036165 0.552113 0.388420 -0.158427 -0.720557
8.682437 0.281620 0.054136 0.036165 0.560514 0.376196 -0.142558 -0.723863
8.686260 0.281620 0.054136 0.036165 0.568644 0.363790 -0.126619 -0.726821
8.690084 0.281620 0.054136 0.036165 0.572606 0.357521 -0.118627 -0.728168
8.693907 0.281620 0.054136 0.036165 0.580323 0.344854 -0.102600 -0.730599
8.697730 0.281620 0.054025 0.036165 0.591446 0.324800 -0.093910 -0.732036
8.701553 0.281732 0.054025 0.036165 0.598439 0.311727 -0.077804 -0.733923
8.705376 0.281732 0.054025 0.036054 0.605144 0.298504 -0.061660 -0.735455
8.709199 0.281732 0.053913 0.036054 0.603478 0.283704 -0.064102 -0.742440
8.713023 0.281843 0.053913 0.036054 0.612540 0.262747 -0.055095 -0.743453
8.716846 0.281843 0.053913 0.035942 0.609949 0.248785 -0.041483 -0.751231
8.720669 0.281843 0.053801 0.035942 0.617829 0.227463 -0.032203 -0.752005
8.724492 0.281843 0.053801 0.035942 0.614387 0.212391 -0.033506 -0.759141
8.728315 0.281955 0.053801 0.035942 0.610522 0.198645 -0.019002 -0.766448
8.732138 0.281955 0.053801 0.035942 0.614725 0.183755 -0.017628 -0.766836
8.735962 0.281955 0.053690 0.035942 0.610149 0.170186 -0.002646 -0.773788
8.739785 0.282066 0.053690 0.035942 0.611982 0.163473 0.005855 -0.773770
8.743608 0.282066 0.053690 0.035942 0.608410 0.141788 0.014361 -0.780722
8.747431 0.282066 0.053690 0.035942 0.609931 0.135096 0.022938 -0.780517
8.751254 0.282066 0.053690 0.035942 0.602770 0.128725 0.030099 -0.786888
8.755078 0.282066 0.053690 0.035942 0.604148 0.122096 0.038742 -0.786509
8.758901 0.282066 0.053690 0.035942 0.604316 0.124025 0.054099 -0.785171
8.762724 0.282066 0.053690 0.036054 0.606895 0.110718 0.071337 -0.783793
8.766547 0.282178 0.053578 0.036054 0.608075 0.104043 0.079943 -0.782962
8.770370 0.282178 0.053578 0.036054 0.609181 0.097357 0.088540 -0.782036
8.774193 0.282178 0.053578 0.036054 0.610214 0.090658 0.097126 -0.781016
8.778017 0.282178 0.053578 0.036054 0.611173 0.083949 0.105701 -0.779902
8.781840 0.282066 0.053578 0.036054 0.612059 0.077230 0.114263 -0.778694
8.785663 0.282066 0.053578 0.036054 0.621374 0.069147 0.123578 -0.770611
8.789486 0.282178 0.053578 0.036054 0.622397 0.053745 0.125341 -0.770729
8.793309 0.282178 0.053466 0.036054 0.622950 0.046904 0.133801 -0.769305
8.797133 0.282178 0.053466 0.036054 0.623466 0.031477 0.135567 -0.769364
8.800956 0.282178 0.053466 0.036054 0.615301 0.026206 0.143732 -0.774635
8.804779 0.282178 0.053466 0.036054 0.615308 0.010791 0.145668 -0.774636
8.808602 0.282178 0.053466 0.035942 0.615389 0.004030 0.154170 -0.772989
8.812425 0.282178 0.053466 0.035942 0.614888 -0.011377 0.156106 -0.772926
8.816248 0.282178 0.053466 0.035942 0.605521 -0.025032 0.158324 -0.779520
8.820072 0.282290 0.053355 0.035942 0.605210 -0.031683 0.166878 -0.777733
8.823895 0.282290 0.053355 0.035942 0.603866 -0.047017 0.168976 -0.777549
8.827718 0.282401 0.053355 0.035830 0.595287 -0.045158 0.169482 -0.784137
8.831541 0.282401 0.053466 0.035830 0.586125 -0.049735 0.178644 -0.788714
8.835364 0.282401 0.053466 0.035830 0.584961 -0.058545 0.172397 -0.790362
8.839187 0.282513 0.053466 0.035830 0.575585 -0.062974 0.181773 -0.794792
8.843011 0.282513 0.053466 0.035830 0.566115 -0.067197 0.191243 -0.799015
8.846834 0.282513 0.053466 0.035830 0.557303 -0.065092 0.191970 -0.805186
8.850657 0.282625 0.053578 0.035830 0.556554 -0.071211 0.200804 -0.803028
8.854480 0.282625 0.053578 0.035830 0.547698 -0.069000 0.201574 -0.809094
8.858303 0.282625 0.053578 0.035830 0.538776 -0.066782 0.202320 -0.815062
8.862127 0.282625 0.053578 0.035830 0.538010 -0.072697 0.211262 -0.812791
8.865950 0.282736 0.053578 0.035830 0.530722 -0.061234 0.217627 -0.816837
8.869773 0.282736 0.053690 0.035830 0.521716 -0.058840 0.218286 -0.822619
8.873596 0.282736 0.053690 0.035942 0.521716 -0.058840 0.218286 -0.822619
8.877419 0.282736 0.053690 0.035942 0.514298 -0.047174 0.224270 -0.826423
8.881242 0.282736 0.053690 0.035942 0.513749 -0.052821 0.233335 -0.823909
8.885066 0.282625 0.053690 0.035942 0.504666 -0.050255 0.233901 -0.829504
8.888889 0.282625 0.053801 0.035942 0.496017 -0.042235 0.225252 -0.837523
8.892712 0.282625 0.053801 0.036054 0.497649 -0.032851 0.230370 -0.835581
8.896535 0.282625 0.053801 0.036054 0.497649 -0.032851 0.230370 -0.835581
8.900358 0.282625 0.053801 0.036054 0.488439 -0.030318 0.230717 -0.840998
8.904181 0.282625 0.053913 0.036054 0.488439 -0.030318 0.230717 -0.840998
8.908005 0.282625 0.053913 0.036054 0.480787 -0.018283 0.235919 -0.844306
8.911828 0.282625 0.053913 0.036054 0.480787 -0.018283 0.235919 -0.844306
8.915651 0.282625 0.053913 0.036054 0.471482 -0.015690 0.236105 -0.849537
8.919474 0.282625 0.053913 0.036054 0.471482 -0.015690 0.236105 -0.849537
8.923297 0.282625 0.054025 0.036165 0.463725 -0.003491 0.240908 -0.852590
8.927121 0.282625 0.054025 0.036165 0.463658 -0.008585 0.250260 -0.849892
8.930944 0.282736 0.054025 0.036165 0.463658 -0.008585 0.250260 -0.849892
8.934767 0.282736 0.054025 0.036165 0.454293 -0.005835 0.250339 -0.854935
8.938590 0.282736 0.054025 0.036165 0.454293 -0.005835 0.250339 -0.854935
8.942413 0.282736 0.054025 0.036165 0.455986 -0.001207 0.264177 -0.849874
8.946236 0.282736 0.054025 0.036165 0.455986 -0.001207 0.264177 -0.849874
8.950060 0.282736 0.054025 0.036165 0.446613 -0.003212 0.273550 -0.851878
8.953883 0.282736 0.054025 0.036165 0.446613 -0.003212 0.273550 -0.851878
8.957706 0.282736 0.054025 0.036165 0.446551 -0.008118 0.282892 -0.848822
8.961529 0.282736 0.053913 0.036165 0.437199 -0.005010 0.282964 -0.853676
8.965352 0.282736 0.053913 0.036165 0.437199 -0.005010 0.282964 -0.853676
8.969176 0.282848 0.053913 0.036165 0.437117 -0.009813 0.292326 -0.850516
8.972999 0.282848 0.053913 0.036165 0.427747 -0.006600 0.292416 -0.855267
8.976822 0.282848 0.053913 0.036165 0.427649 -0.011299 0.301794 -0.852003
8.980645 0.282848 0.053913 0.036165 0.425364 -0.020968 0.297754 -0.854382
8.984468 0.282848 0.053913 0.036165 0.415952 -0.017696 0.297966 -0.859003
8.988291 0.282848 0.053913 0.036165 0.415733 -0.022265 0.307385 -0.855678
8.992115 0.282848 0.053913 0.036165 0.415733 -0.022265 0.307385 -0.855678
8.995938 0.282848 0.053913 0.036165 0.406307 -0.018886 0.307611 -0.860194
8.999761 0.282848 0.053913 0.036165 0.403815 -0.028613 0.303772 -0.862460
9.003584 0.282848 0.053913 0.036165 0.394014 -0.029605 0.313573 -0.863451
9.007407 0.282848 0.053913 0.036165 0.394014 -0.029605 0.313573 -0.863451
9.011230 0.282848 0.053913 0.036165 0.394014 -0.029605 0.313573 -0.863451
9.015054 0.282848 0.053913 0.036165 0.384504 -0.026158 0.313880 -0.867728
9.018877 0.282848 0.053913 0.036165 0.384504 -0.026158 0.313880 -0.867728
9.022700 0.282848 0.053913 0.036165 0.381809 -0.035935 0.310242 -0.869874
9.026523 0.282848 0.053913 0.036165 0.372229 -0.032525 0.310618 -0.874016
9.030346 0.282848 0.053913 0.036165 0.372229 -0.032525 0.310618 -0.874016
9.034170 0.282848 0.053913 0.036165 0.372229 -0.032525 0.310618 -0.874016
9.037993 0.282959 0.053913 0.036165 0.362605 -0.029110 0.310957 -0.878053
9.041816 0.282959 0.053913 0.036165 0.362263 -0.033092 0.320584 -0.874583
9.045639 0.282959 0.053913 0.036165 0.362263 -0.033092 0.320584 -0.874583
9.049462 0.282959 0.053913 0.036165 0.352633 -0.029568 0.320929 -0.878510
9.053285 0.282959 0.053913 0.036165 0.352633 -0.029568 0.320929 -0.878510
9.057109 0.282959 0.053913 0.036165 0.352633 -0.029568 0.320929 -0.878510
9.060932 0.282959 0.053913 0.036277 0.342960 -0.026041 0.321234 -0.882331
9.064755 0.282848 0.053913 0.036277 0.342960 -0.026041 0.321234 -0.882331
9.068578 0.282848 0.054025 0.036277 0.333246 -0.022510 0.321501 -0.886046
9.072401 0.282848 0.054025 0.036277 0.333246 -0.022510 0.321501 -0.886046
9.076225 0.282848 0.054025 0.036277 0.333246 -0.022510 0.321501 -0.886046
9.080048 0.282848 0.054025 0.036277 0.323492 -0.018977 0.321729 -0.889654
9.083871 0.282848 0.054025 0.036277 0.323681 -0.015422 0.311935 -0.893135
9.087694 0.282848 0.054025 0.036277 0.313849 -0.011994 0.312086 -0.896637
9.091517 0.282848 0.054025 0.036277 0.313849 -0.011994 0.312086 -0.896637
9.095340 0.282736 0.054025 0.036277 0.313849 -0.011994 0.312086 -0.896637
9.099164 0.282736 0.054025 0.036277 0.310959 -0.022020 0.309173 -0.898461
9.102987 0.282736 0.054136 0.036277 0.301070 -0.018622 0.309396 -0.901823
9.106810 0.282736 0.054136 0.036277 0.301256 -0.015314 0.299470 -0.905167
9.110633 0.282736 0.054136 0.036277 0.301256 -0.015314 0.299470 -0.905167
9.114456 0.282736 0.054136 0.036277 0.301256 -0.015314 0.299470 -0.905167
9.118279 0.282736 0.054136 0.036277 0.301256 -0.015314 0.299470 -0.905167
9.122103 0.282736 0.054136 0.036277 0.301256 -0.015314 0.299470 -0.905167
9.125926 0.282736 0.054136 0.036277 0.298123 -0.028678 0.306556 -0.903506
9.129749 0.282736 0.054025 0.036277 0.288179 -0.025308 0.306852 -0.906727
9.133572 0.282736 0.054025 0.036277 0.288179 -0.025308 0.306852 -0.906727
9.137395 0.282736 0.054025 0.036277 0.288179 -0.025308 0.306852 -0.906727
9.141219 0.282736 0.054025 0.036277 0.288179 -0.025308 0.306852 -0.906727
9.145042 0.282736 0.054025 0.036277 0.288179 -0.025308 0.306852 -0.906727
9.148865 0.282736 0.054025 0.036277 0.288179 -0.025308 0.306852 -0.906727
9.152688 0.282736 0.054025 0.036277 0.288179 -0.025308 0.306852 -0.906727
9.156511 0.282736 0.054025 0.036277 0.285180 -0.035391 0.304086 -0.908269
9.160334 0.282736 0.054025 0.036277 0.284774 -0.038522 0.314046 -0.904873
9.164158 0.282736 0.054025 0.036277 0.284774 -0.038522 0.314046 -0.904873
9.167981 0.282736 0.054025 0.036277 0.281629 -0.048567 0.311258 -0.906336
9.171804 0.282736 0.054025 0.036165 0.271655 -0.045145 0.311773 -0.909375
9.175627 0.282736 0.054025 0.036165 0.271655 -0.045145 0.311773 -0.909375
9.179450 0.282736 0.054025 0.036165 0.268462 -0.055214 0.309058 -0.910694
9.183273 0.282736 0.053913 0.036165 0.268462 -0.055214 0.309058 -0.910694
9.187097 0.282736 0.053913 0.036165 0.265236 -0.065277 0.306306 -0.911902
9.190920 0.282736 0.053913 0.036165 0.265236 -0.065277 0.306306 -0.911902
9.194743 0.282736 0.053913 0.036165 0.265236 -0.065277 0.306306 -0.911902
9.198566 0.282736 0.053913 0.036054 0.251932 -0.071993 0.304327 -0.915823
9.202389 0.282736 0.053913 0.036054 0.251932 -0.071993 0.304327 -0.915823
9.206213 0.282736 0.053913 0.036054 0.248632 -0.082069 0.301612 -0.916775
9.210036 0.282736 0.053913 0.036054 0.248632 -0.082069 0.301612 -0.916775
9.213859 0.282736 0.053913 0.036054 0.248632 -0.082069 0.301612 -0.916775
9.217682 0.282848 0.053913 0.036054 0.245303 -0.092136 0.298861 -0.917617
9.221505 0.282848 0.053913 0.036054 0.245303 -0.092136 0.298861 -0.917617
9.225328 0.282848 0.053913 0.036054 0.244276 -0.094825 0.308924 -0.914278
9.229152 0.282848 0.053913 0.036054 0.244276 -0.094825 0.308924 -0.914278
9.232975 0.282848 0.053913 0.036054 0.244276 -0.094825 0.308924 -0.914278
9.236798 0.282848 0.053801 0.036165 0.244276 -0.094825 0.308924 -0.914278
9.240621 0.282848 0.053801 0.036165 0.239639 -0.107482 0.316179 -0.911620
9.244444 0.282848 0.053801 0.036165 0.238444 -0.110108 0.326175 -0.908092
9.248268 0.282848 0.053801 0.036165 0.228453 -0.106518 0.327365 -0.910657
9.252091 0.282848 0.053690 0.036165 0.227269 -0.109022 0.337349 -0.907005
9.255914 0.282959 0.053690 0.036165 0.223435 -0.118936 0.334665 -0.907706
9.259737 0.282959 0.053690 0.036165 0.212170 -0.117590 0.345930 -0.906360
9.263560 0.282959 0.053578 0.036165 0.206780 -0.129756 0.353263 -0.903112
9.267383 0.282959 0.053578 0.036165 0.195452 -0.128022 0.364592 -0.901378
9.271207 0.282959 0.053578 0.036165 0.191228 -0.137831 0.362059 -0.901858
9.275030 0.282959 0.053466 0.036165 0.175470 -0.145602 0.370995 -0.900207
9.278853 0.283071 0.053466 0.036165 0.159516 -0.153061 0.380060 -0.898154
9.282676 0.283071 0.053466 0.036165 0.143379 -0.160203 0.389243 -0.895694
9.286499 0.283071 0.053466 0.036165 0.138746 -0.169875 0.386858 -0.895674
9.290322 0.283071 0.053466 0.036054 0.124250 -0.175292 0.386375 -0.896966
9.294146 0.283071 0.053466 0.036054 0.114388 -0.171037 0.388278 -0.898277
9.297969 0.283071 0.053466 0.036054 0.107737 -0.181913 0.395853 -0.893644
9.301792 0.283183 0.053466 0.036165 0.093139 -0.187186 0.395616 -0.894301
9.305615 0.283183 0.053466 0.036165 0.093139 -0.187186 0.395616 -0.894301
9.309438 0.283183 0.053466 0.036165 0.083309 -0.182829 0.397649 -0.895270
9.313262 0.283183 0.053466 0.036165 0.083309 -0.182829 0.397649 -0.895270
9.317085 0.283183 0.053578 0.036165 0.070760 -0.187341 0.387724 -0.899759
9.320908 0.283183 0.053578 0.036165 0.070760 -0.187341 0.387724 -0.899759
9.324731 0.283183 0.053578 0.036165 0.070760 -0.187341 0.387724 -0.899759
9.328554 0.283183 0.053690 0.036277 0.060870 -0.183070 0.389759 -0.900482
9.332377 0.283183 0.053690 0.036277 0.062878 -0.182390 0.379842 -0.904710
9.336201 0.283183 0.053690 0.036277 0.067427 -0.172608 0.381767 -0.905491
9.340024 0.283183 0.053801 0.036277 0.057475 -0.168404 0.383641 -0.906177
9.343847 0.283183 0.053801 0.036277 0.057475 -0.168404 0.383641 -0.906177
9.347670 0.283294 0.053801 0.036277 0.054890 -0.177614 0.371854 -0.909486
9.351493 0.283294 0.053913 0.036388 0.044895 -0.173518 0.373783 -0.910034
9.355316 0.283294 0.053913 0.036388 0.044895 -0.173518 0.373783 -0.910034
9.359140 0.283294 0.053913 0.036388 0.033031 -0.169774 0.385647 -0.906290
9.362963 0.283294 0.053913 0.036388 0.033031 -0.169774 0.385647 -0.906290
9.366786 0.283294 0.053913 0.036388 0.018559 -0.175364 0.385948 -0.905509
9.370609 0.283294 0.053913 0.036388 0.018559 -0.175364 0.385948 -0.905509
9.374432 0.283294 0.053913 0.036388 0.006729 -0.171198 0.397778 -0.901343
9.378256 0.283294 0.053801 0.036388 0.002120 -0.180981 0.396285 -0.900111
9.382079 0.283406 0.053801 0.036388 -0.009709 -0.176520 0.408114 -0.895650
9.385902 0.283406 0.053801 0.036388 -0.016457 -0.186077 0.416466 -0.889753
9.389725 0.283406 0.053690 0.036388 -0.028223 -0.181191 0.428232 -0.884867
9.393548 0.283406 0.053690 0.036388 -0.035214 -0.190430 0.436488 -0.878621
9.397371 0.283406 0.053578 0.036388 -0.035214 -0.190430 0.436488 -0.878621
9.401195 0.283406 0.053578 0.036388 -0.046901 -0.185119 0.448175 -0.873310
9.405018 0.283406 0.053466 0.036388 -0.054120 -0.194034 0.456318 -0.866716
9.408841 0.283406 0.053466 0.036388 -0.056248 -0.193427 0.465812 -0.861650
9.412664 0.283406 0.053466 0.036388 -0.058370 -0.192798 0.475250 -0.856481
9.416487 0.283406 0.053355 0.036388 -0.073144 -0.196882 0.475925 -0.854039
9.420311 0.283406 0.053355 0.036388 -0.075303 -0.196067 0.485279 -0.848759
9.424134 0.283406 0.053243 0.036388 -0.075303 -0.196067 0.485279 -0.848759
9.427957 0.283406 0.053243 0.036388 -0.075303 -0.196067 0.485279 -0.848759
9.431780 0.283406 0.053243 0.036388 -0.092256 -0.198973 0.495278 -0.840594
9.435603 0.283406 0.053243 0.036388 -0.092256 -0.198973 0.495278 -0.840594
9.439426 0.283406 0.053243 0.036388 -0.092256 -0.198973 0.495278 -0.840594
9.443250 0.283406 0.053132 0.036388 -0.099353 -0.194623 0.488181 -0.844944
9.447073 0.283406 0.053132 0.036388 -0.104761 -0.203864 0.486833 -0.842887
9.450896 0.283406 0.053132 0.036388 -0.104761 -0.203864 0.486833 -0.842887
9.454719 0.283406 0.053132 0.036388 -0.114014 -0.198503 0.489044 -0.841685
9.458542 0.283406 0.053132 0.036388 -0.111827 -0.199744 0.479767 -0.847007
9.462365 0.283518 0.053132 0.036388 -0.126370 -0.203765 0.480754 -0.843437
9.466189 0.283518 0.053132 0.036388 -0.124124 -0.205141 0.471459 -0.848668
9.470012 0.283518 0.053132 0.036388 -0.136232 -0.210807 0.463268 -0.849932
9.473835 0.283518 0.053132 0.036388 -0.136232 -0.210807 0.463268 -0.849932
9.477658 0.283629 0.053132 0.036388 -0.133908 -0.212291 0.453902 -0.854970
9.481481 0.283629 0.053132 0.036388 -0.145752 -0.218350 0.445828 -0.855755
9.485305 0.283741 0.053020 0.036388 -0.145752 -0.218350 0.445828 -0.855755
9.489128 0.283741 0.053020 0.036388 -0.157382 -0.224663 0.437896 -0.856157
9.492951 0.283852 0.053020 0.036388 -0.154905 -0.226379 0.428464 -0.860916
9.496774 0.283852 0.052908 0.036388 -0.152408 -0.228067 0.418980 -0.865571
9.500597 0.283964 0.052908 0.036388 -0.149893 -0.229728 0.409445 -0.870122
9.504420 0.283964 0.052797 0.036388 -0.156960 -0.226954 0.402379 -0.872896
9.508244 0.284076 0.052685 0.036500 -0.158469 -0.238415 0.392087 -0.874251
9.512067 0.284187 0.052685 0.036500 -0.162880 -0.237729 0.375418 -0.880918
9.515890 0.284187 0.052574 0.036500 -0.169971 -0.235471 0.368327 -0.883175
9.519713 0.284299 0.052574 0.036500 -0.164757 -0.239149 0.348834 -0.891054
9.523536 0.284299 0.052462 0.036500 -0.169324 -0.239080 0.331819 -0.896697
9.527360 0.284411 0.052462 0.036500 -0.173949 -0.239300 0.314686 -0.901915
9.531183 0.284522 0.052350 0.036500 -0.188426 -0.248746 0.290467 -0.904572
9.535006 0.284522 0.052350 0.036500 -0.192910 -0.249839 0.273284 -0.908671
9.538829 0.284634 0.052350 0.036388 -0.199327 -0.261434 0.256732 -0.908851
9.542652 0.284634 0.052350 0.036388 -0.215166 -0.270689 0.243458 -0.906179
9.546475 0.284745 0.052350 0.036388 -0.217342 -0.285475 0.217682 -0.907679
9.550299 0.284745 0.052350 0.036277 -0.225185 -0.295714 0.212154 -0.903789
9.554122 0.284745 0.052462 0.036277 -0.229313 -0.308596 0.197016 -0.901869
9.557945 0.284857 0.052462 0.036165 -0.232839 -0.321689 0.182242 -0.899494
9.561768 0.284857 0.052462 0.036165 -0.229574 -0.334286 0.174026 -0.897365
9.565591 0.284857 0.052462 0.036054 -0.235852 -0.344966 0.169659 -0.892518
9.569414 0.284969 0.052462 0.036054 -0.241773 -0.355698 0.165600 -0.887469
9.573238 0.284969 0.052462 0.036054 -0.237628 -0.368227 0.157816 -0.884893
9.577061 0.284969 0.052462 0.035942 -0.233568 -0.370815 0.148085 -0.886574
9.580884 0.284969 0.052462 0.035942 -0.233208 -0.380662 0.150090 -0.882147
9.584707 0.285080 0.052462 0.035942 -0.228516 -0.392997 0.142427 -0.879232
9.588530 0.285080 0.052462 0.035942 -0.228516 -0.392997 0.142427 -0.879232
9.592354 0.285080 0.052462 0.035942 -0.223554 -0.405225 0.134829 -0.876149
9.596177 0.285080 0.052462 0.035942 -0.223554 -0.405225 0.134829 -0.876149
9.600000 0.285080 0.052462 0.035942 -0.223554 -0.405225 0.134829 -0.876149
9.603823 0.285080 0.052462 0.035942 -0.223554 -0.405225 0.134829 -0.876149
9.607646 0.285080 0.052462 0.035942 -0.218324 -0.417342 0.127301 -0.872900
9.611469 0.285080 0.052462 0.035942 -0.218324 -0.417342 0.127301 -0.872900
9.615293 0.285080 0.052462 0.035942 -0.227901 -0.415918 0.131878 -0.870449
9.619116 0.285080 0.052462 0.035942 -0.227901 -0.415918 0.131878 -0.870449
9.622939 0.285080 0.052462 0.035942 -0.227901 -0.415918 0.131878 -0.870449
9.626762 0.285080 0.052350 0.035942 -0.227901 -0.415918 0.131878 -0.870449
9.630585 0.285080 0.052350 0.035942 -0.227901 -0.415918 0.131878 -0.870449
9.634408 0.285080 0.052350 0.035942 -0.227901 -0.415918 0.131878 -0.870449
9.638232 0.285080 0.052350 0.035942 -0.228716 -0.406257 0.129666 -0.875118
9.642055 0.285080 0.052239 0.035942 -0.233166 -0.403720 0.139273 -0.873640
9.645878 0.285080 0.052239 0.035942 -0.233166 -0.403720 0.139273 -0.873640
9.649701 0.285080 0.052239 0.036054 -0.233166 -0.403720 0.139273 -0.873640
9.653524 0.285080 0.052239 0.036054 -0.233847 -0.394001 0.137096 -0.878228
9.657348 0.285192 0.052127 0.036054 -0.233847 -0.394001 0.137096 -0.878228
9.661171 0.285192 0.052127 0.036054 -0.238707 -0.381635 0.144591 -0.881174
9.664994 0.285192 0.052127 0.036165 -0.238707 -0.381635 0.144591 -0.881174
9.668817 0.285192 0.052015 0.036165 -0.239223 -0.371817 0.142429 -0.885572
9.672640 0.285192 0.052015 0.036165 -0.239223 -0.371817 0.142429 -0.885572
9.676463 0.285192 0.052015 0.036277 -0.243673 -0.359298 0.150018 -0.888270
9.680287 0.285192 0.051904 0.036277 -0.243673 -0.359298 0.150018 -0.888270
9.684110 0.285192 0.051904 0.036277 -0.247847 -0.346684 0.157664 -0.890800
9.687933 0.285192 0.051904 0.036277 -0.247847 -0.346684 0.157664 -0.890800
9.691756 0.285192 0.051904 0.036388 -0.257875 -0.334998 0.159231 -0.892145
9.695579 0.285192 0.051792 0.036388 -0.257875 -0.334998 0.159231 -0.892145
9.699403 0.285192 0.051792 0.036388 -0.261540 -0.332145 0.169023 -0.890342
9.703226 0.285192 0.051792 0.036388 -0.261656 -0.322169 0.166816 -0.894380
9.707049 0.285192 0.051792 0.036388 -0.271466 -0.320317 0.170345 -0.891451
9.710872 0.285192 0.051792 0.036500 -0.271466 -0.320317 0.170345 -0.891451
9.714695 0.285192 0.051792 0.036500 -0.281243 -0.318427 0.173854 -0.888415
9.718518 0.285080 0.051792 0.036500 -0.281243 -0.318427 0.173854 -0.888415
9.722342 0.285080 0.051792 0.036500 -0.281243 -0.318427 0.173854 -0.888415
9.726165 0.285080 0.051792 0.036500 -0.290986 -0.316497 0.177342 -0.885272
9.729988 0.285080 0.051792 0.036500 -0.290986 -0.316497 0.177342 -0.885272
9.733811 0.285080 0.051792 0.036500 -0.287491 -0.319675 0.167605 -0.887167
9.737634 0.285080 0.051792 0.036500 -0.297221 -0.317814 0.171107 -0.883955
9.741457 0.285192 0.051792 0.036500 -0.297221 -0.317814 0.171107 -0.883955
9.745281 0.285192 0.051904 0.036500 -0.297221 -0.317814 0.171107 -0.883955
9.749104 0.285192 0.051904 0.036500 -0.293201 -0.330920 0.164117 -0.881811
9.752927 0.285192 0.051904 0.036500 -0.293201 -0.330920 0.164117 -0.881811
9.756750 0.285192 0.051904 0.036500 -0.293201 -0.330920 0.164117 -0.881811
9.760573 0.285192 0.051904 0.036500 -0.293201 -0.330920 0.164117 -0.881811
9.764397 0.285192 0.051904 0.036500 -0.302871 -0.329098 0.167742 -0.878537
9.768220 0.285192 0.051904 0.036500 -0.302871 -0.329098 0.167742 -0.878537
9.772043 0.285192 0.051904 0.036500 -0.302871 -0.329098 0.167742 -0.878537
9.775866 0.285192 0.051904 0.036500 -0.302871 -0.329098 0.167742 -0.878537
9.779689 0.285192 0.051904 0.036500 -0.302871 -0.329098 0.167742 -0.878537
9.783512 0.285192 0.052015 0.036500 -0.299237 -0.332405 0.158080 -0.880326
9.787336 0.285192 0.052015 0.036500 -0.299237 -0.332405 0.158080 -0.880326
9.791159 0.285192 0.052015 0.036612 -0.299237 -0.332405 0.158080 -0.880326
9.794982 0.285192 0.052015 0.036612 -0.299237 -0.332405 0.158080 -0.880326
9.798805 0.285192 0.052015 0.036612 -0.299237 -0.332405 0.158080 -0.880326
9.802628 0.285192 0.052015 0.036612 -0.299237 -0.332405 0.158080 -0.880326
9.806451 0.285192 0.052015 0.036612 -0.299237 -0.332405 0.158080 -0.880326
9.810275 0.285192 0.052015 0.036612 -0.299237 -0.332405 0.158080 -0.880326
9.814098 0.285192 0.052015 0.036612 -0.299237 -0.332405 0.158080 -0.880326
9.817921 0.285192 0.052015 0.036612 -0.299237 -0.332405 0.158080 -0.880326
9.821744 0.285192 0.052015 0.036612 -0.295568 -0.335672 0.148399 -0.882010
9.825567 0.285192 0.052015 0.036612 -0.295568 -0.335672 0.148399 -0.882010
9.829391 0.285192 0.052015 0.036612 -0.295568 -0.335672 0.148399 -0.882010
9.833214 0.285304 0.052015 0.036612 -0.295568 -0.335672 0.148399 -0.882010
9.837037 0.285304 0.052015 0.036612 -0.295568 -0.335672 0.148399 -0.882010
9.840860 0.285304 0.052015 0.036612 -0.295568 -0.335672 0.148399 -0.882010
9.844683 0.285304 0.052015 0.036612 -0.295568 -0.335672 0.148399 -0.882010
9.848506 0.285304 0.052015 0.036612 -0.295568 -0.335672 0.148399 -0.882010
9.852330 0.285304 0.052015 0.036612 -0.295568 -0.335672 0.148399 -0.882010
9.856153 0.285192 0.052015 0.036612 -0.295568 -0.335672 0.148399 -0.882010
9.859976 0.285192 0.052015 0.036612 -0.305240 -0.334022 0.152078 -0.878710
9.863799 0.285192 0.052015 0.036612 -0.305240 -0.334022 0.152078 -0.878710
9.867622 0.285192 0.052015 0.036612 -0.305240 -0.334022 0.152078 -0.878710
9.871446 0.285192 0.051904 0.036612 -0.305240 -0.334022 0.152078 -0.878710
9.875269 0.285192 0.051904 0.036612 -0.305240 -0.334022 0.152078 -0.878710
9.879092 0.285192 0.051904 0.036612 -0.305240 -0.334022 0.152078 -0.878710
9.882915 0.285192 0.051904 0.036612 -0.305240 -0.334022 0.152078 -0.878710
9.886738 0.285192 0.051904 0.036612 -0.318507 -0.328852 0.165345 -0.873539
9.890561 0.285192 0.051904 0.036612 -0.318507 -0.328852 0.165345 -0.873539
9.894385 0.285192 0.051904 0.036612 -0.318507 -0.328852 0.165345 -0.873539
9.898208 0.285192 0.051904 0.036612 -0.328084 -0.327015 0.168948 -0.869987
9.902031 0.285192 0.051904 0.036500 -0.327254 -0.336698 0.172132 -0.865973
9.905854 0.285192 0.051792 0.036500 -0.336748 -0.334787 0.175821 -0.862326
9.909677 0.285192 0.051792 0.036500 -0.333050 -0.338466 0.166337 -0.864205
9.913500 0.285192 0.051792 0.036500 -0.333050 -0.338466 0.166337 -0.864205
9.917324 0.285080 0.051792 0.036500 -0.342524 -0.336618 0.170045 -0.860494
9.921147 0.285080 0.051792 0.036500 -0.341459 -0.346177 0.173464 -0.856433
9.924970 0.285080 0.051792 0.036500 -0.350847 -0.344251 0.177257 -0.852630
9.928793 0.285080 0.051792 0.036500 -0.350847 -0.344251 0.177257 -0.852630
9.932616 0.285192 0.051792 0.036388 -0.350847 -0.344251 0.177257 -0.852630
9.936440 0.285192 0.051792 0.036388 -0.350847 -0.344251 0.177257 -0.852630
9.940263 0.285192 0.051792 0.036388 -0.358995 -0.351723 0.184635 -0.844585
9.944086 0.285192 0.051792 0.036388 -0.358995 -0.351723 0.184635 -0.844585
9.947909 0.285192 0.051792 0.036500 -0.358995 -0.351723 0.184635 -0.844585
9.951732 0.285192 0.051792 0.036500 -0.358995 -0.351723 0.184635 -0.844585
9.955555 0.285192 0.051792 0.036500 -0.358995 -0.351723 0.184635 -0.844585
9.959379 0.285192 0.051792 0.036500 -0.358995 -0.351723 0.184635 -0.844585
9.963202 0.285192 0.051792 0.036500 -0.358995 -0.351723 0.184635 -0.844585
9.967025 0.285192 0.051792 0.036500 -0.355109 -0.355646 0.175345 -0.846562
9.970848 0.285192 0.051792 0.036500 -0.355109 -0.355646 0.175345 -0.846562
9.974671 0.285192 0.051792 0.036500 -0.355109 -0.355646 0.175345 -0.846562
9.978495 0.285192 0.051792 0.036500 -0.353765 -0.365030 0.178976 -0.842360
9.982318 0.285192 0.051792 0.036500 -0.362998 -0.363041 0.182975 -0.838423
9.986141 0.285192 0.051792 0.036500 -0.362998 -0.363041 0.182975 -0.838423
9.989964 0.285080 0.051681 0.036388 -0.362998 -0.363041 0.182975 -0.838423
9.993787 0.285080 0.051681 0.036388 -0.362998 -0.363041 0.182975 -0.838423
9.997610 0.285080 0.051681 0.036388 -0.366616 -0.374318 0.181635 -0.832158
10.001434 0.285080 0.051792 0.036388 -0.366616 -0.374318 0.181635 -0.832158
10.005257 0.285080 0.051792 0.036388 -0.375736 -0.372300 0.185736 -0.828080
10.009080 0.285080 0.051792 0.036277 -0.378899 -0.383532 0.184838 -0.821690
10.012903 0.285080 0.051792 0.036277 -0.378899 -0.383532 0.184838 -0.821690
10.016726 0.285080 0.051681 0.036277 -0.385988 -0.390477 0.193203 -0.813150
10.020549 0.285080 0.051681 0.036165 -0.388500 -0.401529 0.192869 -0.806625
10.024373 0.285080 0.051681 0.036165 -0.397338 -0.399386 0.197269 -0.802308
10.028196 0.285080 0.051681 0.036165 -0.399393 -0.410346 0.197371 -0.795705
10.032019 0.285080 0.051681 0.036054 -0.414285 -0.414474 0.211008 -0.782339
10.035842 0.285080 0.051681 0.036054 -0.411742 -0.422987 0.215652 -0.777846
10.039665 0.285080 0.051681 0.036054 -0.420263 -0.420592 0.220286 -0.773276
10.043489 0.285080 0.051681 0.035942 -0.426039 -0.426506 0.229696 -0.764083
10.047312 0.285080 0.051681 0.035942 -0.434408 -0.423956 0.234367 -0.759357
10.051135 0.285080 0.051681 0.035942 -0.439878 -0.429556 0.243967 -0.749979
10.054958 0.285080 0.051569 0.035942 -0.439878 -0.429556 0.243967 -0.749979
10.058781 0.285080 0.051569 0.035942 -0.443375 -0.431747 0.240471 -0.747788
10.062604 0.285080 0.051569 0.035942 -0.443375 -0.431747 0.240471 -0.747788
10.066428 0.285080 0.051569 0.035942 -0.448091 -0.426850 0.248672 -0.745101
10.070251 0.285080 0.051569 0.036054 -0.450987 -0.418705 0.243626 -0.749629
10.074074 0.285080 0.051569 0.036054 -0.450987 -0.418705 0.243626 -0.749629
10.077897 0.285080 0.051569 0.036054 -0.453828 -0.410509 0.238550 -0.754067
10.081720 0.285080 0.051569 0.036165 -0.449290 -0.415470 0.230252 -0.756642
10.085543 0.285080 0.051569 0.036165 -0.452167 -0.407255 0.225100 -0.760932
10.089367 0.285080 0.051569 0.036165 -0.452167 -0.407255 0.225100 -0.760932
10.093190 0.285080 0.051569 0.036277 -0.454989 -0.398992 0.219921 -0.765131
10.097013 0.285080 0.051569 0.036277 -0.454989 -0.398992 0.219921 -0.765131
10.100836 0.285080 0.051569 0.036277 -0.454989 -0.398992 0.219921 -0.765131
10.104659 0.285192 0.051569 0.036388 -0.457756 -0.390680 0.214716 -0.769237
10.108483 0.285192 0.051569 0.036388 -0.453437 -0.395685 0.206252 -0.771549
10.112306 0.285192 0.051569 0.036388 -0.453437 -0.395685 0.206252 -0.771549
10.116129 0.285192 0.051569 0.036388 -0.453437 -0.395685 0.206252 -0.771549
10.119952 0.285192 0.051569 0.036388 -0.453437 -0.395685 0.206252 -0.771549
10.123775 0.285192 0.051569 0.036388 -0.453437 -0.395685 0.206252 -0.771549
10.127598 0.285192 0.051569 0.036388 -0.450578 -0.403966 0.211502 -0.767501
10.131422 0.285192 0.051569 0.036388 -0.458983 -0.401618 0.215927 -0.762504
10.135245 0.285304 0.051569 0.036388 -0.454543 -0.406636 0.207537 -0.764831
10.139068 0.285304 0.051569 0.036388 -0.451495 -0.414778 0.212897 -0.760780
10.142891 0.285304 0.051569 0.036388 -0.451495 -0.414778 0.212897 -0.760780
10.146714 0.285304 0.051569 0.036388 -0.451495 -0.414778 0.212897 -0.760780
10.150538 0.285304 0.051569 0.036388 -0.459826 -0.412414 0.217441 -0.755774
10.154361 0.285304 0.051569 0.036388 -0.456679 -0.420446 0.222863 -0.751666
10.158184 0.285304 0.051569 0.036277 -0.456679 -0.420446 0.222863 -0.751666
10.162007 0.285304 0.051569 0.036277 -0.456679 -0.420446 0.222863 -0.751666
10.165830 0.285304 0.051569 0.036277 -0.464909 -0.417972 0.227469 -0.746604
10.169653 0.285304 0.051569 0.036277 -0.461661 -0.425894 0.232952 -0.742440
10.173477 0.285304 0.051569 0.036277 -0.461661 -0.425894 0.232952 -0.742440
10.177300 0.285304 0.051569 0.036277 -0.469789 -0.423309 0.237617 -0.737324
10.181123 0.285304 0.051569 0.036277 -0.469789 -0.423309 0.237617 -0.737324
10.184946 0.285304 0.051569 0.036277 -0.473211 -0.425897 0.234195 -0.734735
10.188769 0.285304 0.051569 0.036277 -0.473211 -0.425897 0.234195 -0.734735
10.192592 0.285304 0.051569 0.036277 -0.473211 -0.425897 0.234195 -0.734735
10.196416 0.285304 0.051569 0.036277 -0.481254 -0.423298 0.238860 -0.729492
10.200239 0.285304 0.051569 0.036277 -0.472964 -0.436169 0.236632 -0.728057
10.204062 0.285415 0.051569 0.036277 -0.480934 -0.433543 0.241409 -0.722817
10.207885 0.285415 0.051569 0.036277 -0.480934 -0.433543 0.241409 -0.722817
10.211708 0.285415 0.051569 0.036388 -0.488846 -0.430864 0.246158 -0.717490
10.215532 0.285415 0.051569 0.036388 -0.488846 -0.430864 0.246158 -0.717490
10.219355 0.285415 0.051569 0.036388 -0.491965 -0.433565 0.243038 -0.714789
10.223178 0.285415 0.051569 0.036388 -0.491965 -0.433565 0.243038 -0.714789
10.227001 0.285527 0.051569 0.036388 -0.500440 -0.420721 0.244828 -0.715970
10.230824 0.285527 0.051457 0.036500 -0.500440 -0.420721 0.244828 -0.715970
10.234647 0.285527 0.051457 0.036500 -0.500440 -0.420721 0.244828 -0.715970
10.238471 0.285527 0.051457 0.036500 -0.508275 -0.418006 0.249435 -0.710429
10.242294 0.285638 0.051346 0.036500 -0.508275 -0.418006 0.249435 -0.710429
10.246117 0.285638 0.051346 0.036612 -0.508275 -0.418006 0.249435 -0.710429
10.249940 0.285638 0.051346 0.036612 -0.512837 -0.412396 0.257225 -0.707646
10.253763 0.285638 0.051234 0.036612 -0.512837 -0.412396 0.257225 -0.707646
10.257586 0.285750 0.051234 0.036612 -0.512837 -0.412396 0.257225 -0.707646
10.261410 0.285750 0.051234 0.036723 -0.512837 -0.412396 0.257225 -0.707646
10.265233 0.285750 0.051234 0.036723 -0.512837 -0.412396 0.257225 -0.707646
10.269056 0.285750 0.051234 0.036723 -0.512837 -0.412396 0.257225 -0.707646
10.272879 0.285750 0.051234 0.036723 -0.512837 -0.412396 0.257225 -0.707646
10.276702 0.285750 0.051234 0.036723 -0.509134 -0.419784 0.263312 -0.703726
10.280526 0.285750 0.051122 0.036612 -0.516835 -0.416866 0.267908 -0.698090
10.284349 0.285750 0.051122 0.036612 -0.512224 -0.422519 0.260222 -0.700991
10.288172 0.285750 0.051122 0.036612 -0.508337 -0.429746 0.266401 -0.697096
10.291995 0.285862 0.051234 0.036612 -0.515964 -0.426794 0.271106 -0.691469
10.295818 0.285862 0.051234 0.036500 -0.511972 -0.433902 0.277331 -0.687533
10.299641 0.285862 0.051234 0.036500 -0.511972 -0.433902 0.277331 -0.687533
10.303465 0.285862 0.051234 0.036500 -0.520175 -0.432127 0.295779 -0.674684
10.307288 0.285862 0.051122 0.036500 -0.520175 -0.432127 0.295779 -0.674684
10.311111 0.285973 0.051122 0.036500 -0.524891 -0.426386 0.303173 -0.671394
10.314934 0.285973 0.051122 0.036388 -0.532875 -0.424157 0.321307 -0.657949
10.318757 0.285973 0.051122 0.036388 -0.537503 -0.418277 0.328516 -0.654379
10.322581 0.285973 0.051122 0.036388 -0.549182 -0.408634 0.340195 -0.644736
10.326404 0.286085 0.051122 0.036388 -0.562349 -0.390315 0.361256 -0.633176
10.330227 0.286085 0.051122 0.036388 -0.570789 -0.377866 0.375080 -0.625086
10.334050 0.286196 0.051011 0.036388 -0.589623 -0.354485 0.399394 -0.605945
10.337873 0.286308 0.051011 0.036388 -0.608197 -0.321577 0.432060 -0.583103
10.341696 0.286308 0.050899 0.036277 -0.627891 -0.289507 0.460468 -0.556695
10.345520 0.286420 0.050899 0.036277 -0.645039 -0.246966 0.485222 -0.536183
10.349343 0.286531 0.050899 0.036277 -0.669122 -0.183152 0.522292 -0.495924
10.353166 0.286643 0.050788 0.036277 -0.686166 -0.125056 0.560258 -0.446820
10.356989 0.286755 0.050676 0.036277 -0.697897 -0.065300 0.585140 -0.407783
10.360812 0.286755 0.050676 0.036277 -0.708622 0.009772 0.610936 -0.352870
10.364635 0.286866 0.050564 0.036277 -0.705837 0.064155 0.629321 -0.318800
10.368459 0.286866 0.050564 0.036277 -0.705490 0.102157 0.641635 -0.283112
10.372282 0.286978 0.050676 0.036165 -0.706786 0.139831 0.653531 -0.231943
10.376105 0.287089 0.050676 0.036054 -0.706410 0.170352 0.664943 -0.172673
10.379928 0.287201 0.050564 0.035942 -0.698720 0.208863 0.673513 -0.120609
10.383751 0.287201 0.050564 0.035942 -0.689827 0.246793 0.675491 -0.083331
10.387575 0.287313 0.050564 0.035942 -0.678867 0.284297 0.675417 -0.046120
10.391398 0.287424 0.050453 0.035942 -0.669130 0.306514 0.676570 -0.023838
10.395221 0.287424 0.050564 0.035830 -0.660697 0.328699 0.674721 0.013702
10.399044 0.287536 0.050564 0.035830 -0.651194 0.350601 0.671128 0.051119
10.402867 0.287648 0.050564 0.035719 -0.639287 0.371869 0.669079 0.073207
10.406690 0.287759 0.050453 0.035719 -0.629192 0.385767 0.666803 0.103317
10.410514 0.287871 0.050453 0.035830 -0.611637 0.413036 0.661621 0.132511
10.414337 0.287982 0.050453 0.035830 -0.592902 0.439507 0.655160 0.161449
10.418160 0.287982 0.050341 0.035830 -0.571585 0.464559 0.653147 0.175709
10.421983 0.288094 0.050341 0.035942 -0.552195 0.489535 0.647831 0.189080
10.425806 0.288094 0.050341 0.035942 -0.528312 0.512418 0.645672 0.203526
10.429630 0.288206 0.050341 0.035942 -0.500763 0.541024 0.637553 0.223732
10.433453 0.288206 0.050341 0.036054 -0.476512 0.562501 0.627108 0.251525
10.437276 0.288317 0.050229 0.036054 -0.441123 0.593623 0.619507 0.263122
10.441099 0.288317 0.050229 0.036054 -0.399942 0.620078 0.615595 0.276755
10.444922 0.288317 0.050229 0.036165 -0.360557 0.646047 0.607954 0.288122
10.448745 0.288429 0.050229 0.036277 -0.325696 0.665380 0.597493 0.306910
10.452569 0.288429 0.050229 0.036277 -0.283431 0.686486 0.589457 0.317718
10.456392 0.288429 0.050341 0.036277 -0.246436 0.701586 0.578167 0.335811
10.460215 0.288541 0.050341 0.036277 -0.212659 0.718554 0.562341 0.349612
10.464038 0.288541 0.050453 0.036277 -0.159283 0.734236 0.549676 0.365215
10.467861 0.288652 0.050453 0.036277 -0.119943 0.742634 0.537014 0.381737
10.471684 0.288652 0.050564 0.036277 -0.087203 0.747187 0.519726 0.404960
10.475508 0.288764 0.050564 0.036165 -0.042577 0.757211 0.497621 0.420941
10.479331 0.288764 0.050676 0.036165 -0.017601 0.758203 0.483479 0.437111
10.483154 0.288764 0.050788 0.036165 0.020755 0.763294 0.455452 0.457728
10.486977 0.288875 0.050899 0.036165 0.045896 0.762196 0.440121 0.472488
10.490800 0.288987 0.050899 0.036054 0.086094 0.762621 0.399611 0.501307
10.494624 0.288987 0.050899 0.036054 0.127835 0.756743 0.371485 0.522491
10.498447 0.288987 0.050899 0.036054 0.169191 0.748583 0.342238 0.542099
10.502270 0.289099 0.050899 0.036054 0.208016 0.743878 0.309939 0.554358
10.506093 0.289099 0.050899 0.036054 0.248544 0.731335 0.279035 0.570539
10.509916 0.289099 0.050899 0.035942 0.286812 0.722454 0.245779 0.579130
10.513739 0.289099 0.050899 0.035942 0.340478 0.700334 0.214395 0.589611
10.517563 0.289210 0.050788 0.036054 0.384969 0.678479 0.189208 0.596377
10.521386 0.289210 0.050676 0.036054 0.428016 0.653778 0.163883 0.602095
10.525209 0.289210 0.050676 0.036054 0.469437 0.626329 0.138463 0.606769
10.529032 0.289210 0.050564 0.036054 0.522264 0.591743 0.099779 0.605908
10.532855 0.289322 0.050453 0.036165 0.547756 0.568228 0.073065 0.609706
10.536678 0.289322 0.050453 0.036165 0.590240 0.533817 0.041989 0.604064
10.540502 0.289434 0.050453 0.036165 0.618286 0.503194 0.023919 0.603279
10.544325 0.289434 0.050341 0.036165 0.644694 0.471089 0.005983 0.602004
10.548148 0.289434 0.050341 0.036165 0.675939 0.437434 -0.016615 0.592859
10.551971 0.289545 0.050229 0.036165 0.689987 0.414922 -0.036143 0.591989
10.555794 0.289657 0.050229 0.036165 0.703285 0.391960 -0.055631 0.590477
10.559618 0.289657 0.050229 0.036054 0.718124 0.372686 -0.087975 0.581089
10.563441 0.289768 0.050229 0.036054 0.730015 0.348819 -0.107076 0.577874
10.567264 0.289880 0.050229 0.036054 0.736114 0.344509 -0.126089 0.568816
10.571087 0.289880 0.050229 0.035942 0.743505 0.328253 -0.138556 0.565908
10.574910 0.289880 0.050229 0.035942 0.752825 0.315193 -0.163346 0.554279
10.578733 0.289992 0.050229 0.035942 0.756243 0.306903 -0.169426 0.552451
10.582557 0.289992 0.050229 0.035830 0.759029 0.295335 -0.190464 0.548065
10.586380 0.290103 0.050229 0.035830 0.762228 0.286979 -0.196474 0.545939
10.590203 0.290103 0.050229 0.035830 0.761582 0.283757 -0.211363 0.542955
10.594026 0.290103 0.050229 0.035719 0.764654 0.275373 -0.217315 0.540600
10.597849 0.290103 0.050229 0.035719 0.757955 0.274707 -0.229094 0.545487
10.601673 0.290103 0.050229 0.035719 0.764588 0.261008 -0.226286 0.544128
10.605496 0.290103 0.050229 0.035719 0.767409 0.252592 -0.232251 0.541609
10.609319 0.290103 0.050118 0.035719 0.764169 0.246748 -0.235490 0.547453
10.613142 0.290103 0.050118 0.035719 0.764159 0.235283 -0.230209 0.554713
10.616965 0.290103 0.050118 0.035719 0.764159 0.235283 -0.230209 0.554713
10.620788 0.290103 0.050118 0.035719 0.766698 0.226874 -0.236289 0.552151
10.624612 0.289992 0.050118 0.035830 0.763770 0.223604 -0.225186 0.562093
10.628435 0.289992 0.050118 0.035830 0.766180 0.215200 -0.231347 0.559585
10.632258 0.289992 0.050006 0.035830 0.762996 0.211722 -0.220427 0.569581
10.636081 0.289992 0.050006 0.035830 0.762996 0.211722 -0.220427 0.569581
10.639904 0.289992 0.050006 0.035830 0.768128 0.197262 -0.218121 0.568762
10.643727 0.289992 0.050006 0.035830 0.768128 0.197262 -0.218121 0.568762
10.647551 0.289992 0.050006 0.035830 0.768128 0.197262 -0.218121 0.568762
10.651374 0.289992 0.050118 0.035830 0.768128 0.197262 -0.218121 0.568762
10.655197 0.289992 0.050118 0.035830 0.765914 0.205689 -0.211859 0.571124
10.659020 0.289992 0.050118 0.035830 0.765914 0.205689 -0.211859 0.571124
10.662843 0.289992 0.050118 0.035830 0.765914 0.205689 -0.211859 0.571124
10.666667 0.289992 0.050118 0.035830 0.765914 0.205689 -0.211859 0.571124
10.670490 0.289992 0.050118 0.035830 0.765914 0.205689 -0.211859 0.571124
10.674313 0.289992 0.050118 0.035830 0.765914 0.205689 -0.211859 0.571124
10.678136 0.289992 0.050118 0.035830 0.765914 0.205689 -0.211859 0.571124
10.681959 0.289992 0.050118 0.035830 0.765914 0.205689 -0.211859 0.571124
10.685782 0.289992 0.050118 0.035830 0.765914 0.205689 -0.211859 0.571124
10.689606 0.289992 0.050118 0.035830 0.765914 0.205689 -0.211859 0.571124
10.693429 0.289992 0.050118 0.035830 0.765914 0.205689 -0.211859 0.571124
10.697252 0.289992 0.050118 0.035830 0.765914 0.205689 -0.211859 0.571124
10.701075 0.289992 0.050118 0.035830 0.765914 0.205689 -0.211859 0.571124
10.704898 0.289992 0.050118 0.035830 0.761833 0.199647 -0.215941 0.577167
10.708721 0.289992 0.050118 0.035830 0.761833 0.199647 -0.215941 0.577167
10.712545 0.289992 0.050118 0.035830 0.761833 0.199647 -0.215941 0.577167
10.716368 0.289992 0.050118 0.035830 0.761833 0.199647 -0.215941 0.577167
10.720191 0.289992 0.050118 0.035830 0.763980 0.191265 -0.222268 0.574759
10.724014 0.289992 0.050118 0.035942 0.763980 0.191265 -0.222268 0.574759
10.727837 0.289992 0.050006 0.035942 0.766654 0.185054 -0.213777 0.576452
10.731661 0.289992 0.050006 0.035942 0.768640 0.176620 -0.220097 0.574068
10.735484 0.289992 0.050006 0.035942 0.762287 0.179027 -0.218143 0.582478
10.739307 0.289992 0.050006 0.035942 0.762287 0.179027 -0.218143 0.582478
10.743130 0.289992 0.050006 0.035942 0.762287 0.179027 -0.218143 0.582478
10.746953 0.289992 0.050006 0.035942 0.764208 0.170642 -0.224529 0.580046
10.750776 0.289992 0.050006 0.035942 0.764208 0.170642 -0.224529 0.580046
10.754600 0.289992 0.050006 0.035830 0.764208 0.170642 -0.224529 0.580046
10.758423 0.289992 0.050006 0.035830 0.764208 0.170642 -0.224529 0.580046
10.762246 0.289992 0.050006 0.035830 0.766037 0.162236 -0.230888 0.577545
10.766069 0.289992 0.050006 0.035830 0.766037 0.162236 -0.230888 0.577545
10.769892 0.289992 0.050006 0.035830 0.766037 0.162236 -0.230888 0.577545
10.773716 0.289992 0.050006 0.035830 0.772335 0.159690 -0.232657 0.569094
10.777539 0.289992 0.050006 0.035830 0.772335 0.159690 -0.232657 0.569094
10.781362 0.289992 0.050006 0.035830 0.774043 0.151195 -0.238895 0.566504
10.785185 0.289992 0.050006 0.035830 0.774043 0.151195 -0.238895 0.566504
10.789008 0.289992 0.049895 0.035830 0.774043 0.151195 -0.238895 0.566504
10.792831 0.289992 0.049895 0.035830 0.774043 0.151195 -0.238895 0.566504
10.796655 0.289992 0.049895 0.035830 0.777892 0.136316 -0.236689 0.565933
10.800478 0.289992 0.049895 0.035830 0.771628 0.138908 -0.235177 0.574445
10.804301 0.290103 0.049895 0.035830 0.771628 0.138908 -0.235177 0.574445
10.808124 0.290103 0.049895 0.035830 0.773746 0.132433 -0.226804 0.576488
10.811947 0.290103 0.049895 0.035830 0.775154 0.123925 -0.233123 0.573962
10.815770 0.290103 0.049895 0.035942 0.775154 0.123925 -0.233123 0.573962
10.819594 0.290103 0.049895 0.035942 0.777108 0.117412 -0.224745 0.576027
10.823417 0.290103 0.049895 0.035942 0.777108 0.117412 -0.224745 0.576027
10.827240 0.290103 0.049895 0.035942 0.770733 0.119874 -0.223441 0.584530
10.831063 0.290103 0.049895 0.035942 0.773768 0.104761 -0.221539 0.584148
10.834886 0.290103 0.049895 0.036054 0.773768 0.104761 -0.221539 0.584148
10.838710 0.290103 0.049895 0.036054 0.773768 0.104761 -0.221539 0.584148
10.842533 0.290103 0.049895 0.036054 0.775440 0.098110 -0.213201 0.586185
10.846356 0.290103 0.049895 0.036054 0.775440 0.098110 -0.213201 0.586185
10.850179 0.290215 0.049895 0.036054 0.775440 0.098110 -0.213201 0.586185
10.854002 0.290215 0.049895 0.036054 0.775440 0.098110 -0.213201 0.586185
10.857825 0.290215 0.049895 0.036054 0.776471 0.089585 -0.219628 0.583808
10.861649 0.290215 0.049895 0.036165 0.770010 0.091992 -0.218631 0.592303
10.865472 0.290215 0.049895 0.036165 0.770010 0.091992 -0.218631 0.592303
10.869295 0.290215 0.049895 0.036165 0.770010 0.091992 -0.218631 0.592303
10.873118 0.290215 0.049895 0.036165 0.770010 0.091992 -0.218631 0.592303
10.876941 0.290215 0.049895 0.036165 0.776471 0.089585 -0.219628 0.583808
10.880765 0.290215 0.049895 0.036165 0.776471 0.089585 -0.219628 0.583808
10.884588 0.290215 0.049895 0.036165 0.776471 0.089585 -0.219628 0.583808
10.888411 0.290215 0.049895 0.036165 0.776471 0.089585 -0.219628 0.583808
10.892234 0.290215 0.049895 0.036165 0.770974 0.083527 -0.225125 0.589865
10.896057 0.290103 0.049895 0.036165 0.770974 0.083527 -0.225125 0.589865
10.899880 0.290103 0.049895 0.036165 0.777408 0.081049 -0.226029 0.581360
10.903704 0.290103 0.049895 0.036165 0.777408 0.081049 -0.226029 0.581360
10.907527 0.290103 0.049895 0.036165 0.777408 0.081049 -0.226029 0.581360
10.911350 0.290103 0.049895 0.036165 0.777408 0.081049 -0.226029 0.581360
10.915173 0.290103 0.049895 0.036165 0.777408 0.081049 -0.226029 0.581360
10.918996 0.290103 0.049895 0.036277 0.777408 0.081049 -0.226029 0.581360
10.922819 0.290103 0.049895 0.036277 0.777408 0.081049 -0.226029 0.581360
10.926643 0.290103 0.049895 0.036277 0.777408 0.081049 -0.226029 0.581360
10.930466 0.290103 0.049895 0.036277 0.777408 0.081049 -0.226029 0.581360
10.934289 0.290103 0.049895 0.036277 0.777408 0.081049 -0.226029 0.581360
10.938112 0.290103 0.049895 0.036277 0.777408 0.081049 -0.226029 0.581360
10.941935 0.290103 0.050006 0.036277 0.777408 0.081049 -0.226029 0.581360
10.945759 0.290103 0.050006 0.036277 0.783748 0.078561 -0.226906 0.572784
10.949582 0.290103 0.050006 0.036277 0.783748 0.078561 -0.226906 0.572784
10.953405 0.290103 0.050006 0.036277 0.783748 0.078561 -0.226906 0.572784
10.957228 0.290103 0.050006 0.036277 0.783748 0.078561 -0.226906 0.572784
10.961051 0.290103 0.050006 0.036277 0.783748 0.078561 -0.226906 0.572784
10.964874 0.290103 0.050006 0.036277 0.788420 0.082566 -0.236191 0.561953
10.968698 0.290103 0.050006 0.036277 0.788420 0.082566 -0.236191 0.561953
10.972521 0.290103 0.050006 0.036277 0.794546 0.079966 -0.237083 0.553257
10.976344 0.290103 0.050006 0.036277 0.794546 0.079966 -0.237083 0.553257
10.980167 0.290103 0.050006 0.036165 0.794546 0.079966 -0.237083 0.553257
10.983990 0.290103 0.050006 0.036165 0.798859 0.083663 -0.246495 0.542278
10.987813 0.290103 0.050006 0.036165 0.799729 0.074882 -0.252438 0.539537
10.991637 0.290103 0.050006 0.036165 0.799729 0.074882 -0.252438 0.539537
10.995460 0.290103 0.050006 0.036165 0.805609 0.072104 -0.253245 0.530719
10.999283 0.290103 0.050006 0.036165 0.805609 0.072104 -0.253245 0.530719
11.003106 0.290103 0.050006 0.036165 0.809594 0.075445 -0.262651 0.519500
11.006929 0.290103 0.050006 0.036165 0.810374 0.066546 -0.268343 0.516583
11.010753 0.290103 0.050006 0.036165 0.816000 0.063594 -0.269058 0.507649
11.014576 0.290103 0.050006 0.036165 0.816000 0.063594 -0.269058 0.507649
11.018399 0.290103 0.050006 0.036054 0.821528 0.060634 -0.269740 0.498654
11.022222 0.290103 0.049895 0.036054 0.820329 0.057575 -0.283878 0.493112
11.026045 0.290103 0.049895 0.036054 0.820329 0.057575 -0.283878 0.493112
11.029868 0.290103 0.049895 0.036054 0.820912 0.048559 -0.289278 0.489963
11.033692 0.290103 0.049895 0.036054 0.826245 0.045378 -0.289794 0.480915
11.037515 0.290103 0.049895 0.036054 0.826245 0.045378 -0.289794 0.480915
11.041338 0.290103 0.049895 0.036054 0.826694 0.036298 -0.295060 0.477702
11.045161 0.290103 0.049895 0.036054 0.826694 0.036298 -0.295060 0.477702
11.048984 0.290103 0.049895 0.036054 0.826694 0.036298 -0.295060 0.477702
11.052808 0.290103 0.049783 0.036054 0.826694 0.036298 -0.295060 0.477702
11.056631 0.290103 0.049783 0.036054 0.827043 0.027214 -0.300290 0.474432
11.060454 0.290103 0.049783 0.036054 0.827043 0.027214 -0.300290 0.474432
11.064277 0.290103 0.049783 0.036054 0.827043 0.027214 -0.300290 0.474432
11.068100 0.290103 0.049783 0.036054 0.832205 0.023913 -0.300571 0.465317
11.071923 0.290103 0.049783 0.036054 0.832417 0.014769 -0.305665 0.461987
11.075747 0.290103 0.049783 0.036054 0.832417 0.014769 -0.305665 0.461987
11.079570 0.290103 0.049783 0.036054 0.832417 0.014769 -0.305665 0.461987
11.083393 0.290103 0.049783 0.036165 0.834033 0.008915 -0.296979 0.464879
11.087216 0.290103 0.049783 0.036165 0.834081 -0.000248 -0.302068 0.461589
11.091039 0.290103 0.049783 0.036165 0.834081 -0.000248 -0.302068 0.461589
11.094862 0.290103 0.049783 0.036165 0.840584 -0.009343 -0.293293 0.455313
11.098686 0.290215 0.049783 0.036165 0.840584 -0.009343 -0.293293 0.455313
11.102509 0.290215 0.049783 0.036277 0.840431 -0.018577 -0.298277 0.452064
11.106332 0.290215 0.049783 0.036277 0.846697 -0.027545 -0.289234 0.445746
11.110155 0.290215 0.049783 0.036277 0.851543 -0.030721 -0.288914 0.436417
11.113978 0.290326 0.049783 0.036277 0.852372 -0.045680 -0.284806 0.436189
11.117802 0.290326 0.049783 0.036388 0.857113 -0.048806 -0.284287 0.426799
11.121625 0.290438 0.049783 0.036277 0.865626 -0.064554 -0.287609 0.404729
11.125448 0.290438 0.049783 0.036277 0.870020 -0.067710 -0.286883 0.395194
11.129271 0.290550 0.049783 0.036277 0.873478 -0.080459 -0.290341 0.382446
11.133094 0.290661 0.049783 0.036277 0.876655 -0.093280 -0.293518 0.369624
11.136917 0.290661 0.049783 0.036277 0.884564 -0.099707 -0.291398 0.350274
11.140741 0.290773 0.049783 0.036277 0.887175 -0.112655 -0.294008 0.337326
11.144564 0.290773 0.049783 0.036277 0.889501 -0.125658 -0.296334 0.324323
11.148387 0.290885 0.049783 0.036277 0.891540 -0.138709 -0.298373 0.311272
11.152210 0.290885 0.049783 0.036165 0.893600 -0.137494 -0.306172 0.298049
11.156033 0.290885 0.049671 0.036165 0.895219 -0.150694 -0.307791 0.284850
11.159856 0.290885 0.049671 0.036165 0.896547 -0.163925 -0.309120 0.271618
11.163680 0.290996 0.049671 0.036165 0.897585 -0.177183 -0.310157 0.258360
11.167503 0.290996 0.049560 0.036165 0.898864 -0.181402 -0.300790 0.262035
11.171326 0.290996 0.049560 0.036165 0.899605 -0.194590 -0.301531 0.248847
11.175149 0.290996 0.049560 0.036165 0.899605 -0.194590 -0.301531 0.248847
11.178972 0.290996 0.049560 0.036165 0.900056 -0.207792 -0.301982 0.235645
11.182796 0.290996 0.049560 0.036277 0.900056 -0.207792 -0.301982 0.235645
11.186619 0.290996 0.049560 0.036277 0.898837 -0.221696 -0.295182 0.236241
11.190442 0.290996 0.049560 0.036277 0.901378 -0.224925 -0.292729 0.226352
11.194265 0.291108 0.049448 0.036277 0.898853 -0.234815 -0.295198 0.223123
11.198088 0.291108 0.049448 0.036277 0.897186 -0.248595 -0.288271 0.223961
11.201911 0.291108 0.049448 0.036277 0.899592 -0.251747 -0.285522 0.214091
11.205735 0.291108 0.049448 0.036277 0.896772 -0.261615 -0.287857 0.210941
11.209558 0.291108 0.049448 0.036277 0.899035 -0.264762 -0.284965 0.201076
11.213381 0.291108 0.049448 0.036165 0.896072 -0.274623 -0.287157 0.197933
11.217204 0.291108 0.049448 0.036165 0.891873 -0.297428 -0.288186 0.181789
11.221027 0.291219 0.049448 0.036165 0.890460 -0.310378 -0.286774 0.168840
11.224851 0.291219 0.049448 0.036054 0.885158 -0.333037 -0.286773 0.152783
11.228674 0.291219 0.049448 0.036054 0.879183 -0.355570 -0.286171 0.136795
11.232497 0.291219 0.049448 0.035942 0.863214 -0.393695 -0.296526 0.109267
11.236320 0.291331 0.049448 0.035942 0.846090 -0.434518 -0.296284 0.086845
11.240143 0.291331 0.049448 0.035830 0.822307 -0.486805 -0.289980 0.052392
11.243966 0.291443 0.049337 0.035830 0.782945 -0.554851 -0.281025 0.012760
11.247790 0.291443 0.049337 0.035719 0.737861 -0.616415 -0.274419 -0.016976
11.251613 0.291443 0.049225 0.035719 0.687862 -0.674233 -0.264913 -0.045568
11.255436 0.291554 0.049113 0.035607 0.608010 -0.751083 -0.241876 -0.087719
11.259259 0.291554 0.049002 0.035607 0.529643 -0.809935 -0.223151 -0.116993
11.263082 0.291666 0.049002 0.035607 0.456264 -0.856008 -0.207560 -0.126464
11.266905 0.291666 0.048890 0.035607 0.377344 -0.897378 -0.182193 -0.138312
11.270729 0.291778 0.048890 0.035607 0.295410 -0.928841 -0.159155 -0.157026
11.274552 0.291889 0.048778 0.035607 0.223176 -0.948791 -0.146620 -0.168789
11.278375 0.291889 0.048778 0.035607 0.160194 -0.961432 -0.135184 -0.178080
11.282198 0.292001 0.048778 0.035607 0.107166 -0.968777 -0.125202 -0.185234
11.286021 0.292001 0.048778 0.035607 0.052691 -0.975326 -0.114723 -0.181110
11.289845 0.292112 0.048778 0.035607 -0.002994 -0.977838 -0.093870 -0.187114
11.293668 0.292112 0.048667 0.035607 -0.056676 -0.976199 -0.083455 -0.191985
11.297491 0.292224 0.048667 0.035607 -0.099507 -0.972767 -0.074940 -0.195466
11.301314 0.292336 0.048667 0.035496 -0.143031 -0.966218 -0.053701 -0.207561
11.305137 0.292336 0.048667 0.035496 -0.185340 -0.959001 -0.044531 -0.209719
11.308960 0.292447 0.048667 0.035496 -0.227291 -0.949933 -0.035275 -0.211473
11.312784 0.292447 0.048667 0.035496 -0.268804 -0.939031 -0.025951 -0.212819
11.316607 0.292559 0.048555 0.035496 -0.311398 -0.927969 -0.020340 -0.203692
11.320430 0.292559 0.048555 0.035607 -0.351337 -0.914638 -0.025623 -0.198350
11.324253 0.292671 0.048444 0.035607 -0.393345 -0.898452 -0.007015 -0.194974
11.328076 0.292782 0.048444 0.035607 -0.432435 -0.880304 0.001558 -0.195094
11.331900 0.292782 0.048332 0.035607 -0.472443 -0.861598 0.004658 -0.185541
11.335723 0.292894 0.048220 0.035607 -0.511577 -0.840972 0.006931 -0.176088
11.339546 0.292894 0.048220 0.035607 -0.542357 -0.825165 0.000388 -0.157960
11.343369 0.292894 0.048109 0.035719 -0.569175 -0.807338 -0.009739 -0.155401
11.347192 0.293005 0.048109 0.035830 -0.598663 -0.788709 -0.018113 -0.138608
11.351015 0.293005 0.047997 0.035830 -0.625820 -0.768644 -0.020561 -0.130816
11.354839 0.293117 0.047997 0.035942 -0.653562 -0.747416 -0.030822 -0.115221
11.358662 0.293229 0.047997 0.035942 -0.672223 -0.732968 -0.027696 -0.100531
11.362485 0.293229 0.047997 0.035942 -0.682315 -0.724901 -0.041685 -0.085012
11.366308 0.293340 0.047997 0.036054 -0.698983 -0.709265 -0.047520 -0.078151
11.370131 0.293340 0.047997 0.036054 -0.707549 -0.700979 -0.054450 -0.070987
11.373954 0.293452 0.047997 0.036054 -0.724123 -0.683851 -0.068775 -0.057125
11.377778 0.293452 0.047885 0.036054 -0.732125 -0.675018 -0.076162 -0.050433
11.381601 0.293563 0.047997 0.036165 -0.739496 -0.666934 -0.075604 -0.051267
11.385424 0.293563 0.047997 0.036165 -0.747202 -0.657843 -0.083208 -0.044822
11.389247 0.293675 0.047997 0.036165 -0.754384 -0.649594 -0.082710 -0.045733
11.393070 0.293675 0.047997 0.036165 -0.761475 -0.641267 -0.082203 -0.046639
11.396894 0.293787 0.047997 0.036165 -0.768774 -0.631846 -0.090082 -0.040535
11.400717 0.293787 0.047885 0.036165 -0.782470 -0.614802 -0.089170 -0.042504
11.404540 0.293787 0.047885 0.036277 -0.788652 -0.605158 -0.095352 -0.052149
11.408363 0.293787 0.047885 0.036277 -0.801976 -0.586485 -0.102928 -0.047694
11.412186 0.293787 0.047774 0.036277 -0.807786 -0.576480 -0.108738 -0.057700
11.416009 0.293787 0.047774 0.036277 -0.820257 -0.558593 -0.107444 -0.060075
11.419833 0.293898 0.047774 0.036388 -0.825621 -0.548341 -0.112809 -0.070327
11.423656 0.293898 0.047662 0.036388 -0.836853 -0.527239 -0.126151 -0.076036
11.427479 0.293898 0.047551 0.036500 -0.848235 -0.508726 -0.124450 -0.078789
11.431302 0.293898 0.047551 0.036500 -0.852982 -0.496243 -0.138311 -0.083873
11.435125 0.293898 0.047439 0.036500 -0.863679 -0.477383 -0.136435 -0.086891
11.438948 0.293898 0.047439 0.036500 -0.872935 -0.454878 -0.148978 -0.094211
11.442772 0.293898 0.047327 0.036612 -0.882718 -0.435589 -0.146873 -0.097462
11.446595 0.294010 0.047327 0.036612 -0.887297 -0.423905 -0.155402 -0.094119
11.450418 0.294010 0.047327 0.036612 -0.896396 -0.404308 -0.153297 -0.097511
11.454241 0.294010 0.047216 0.036612 -0.900457 -0.392435 -0.161964 -0.094546
11.458064 0.294122 0.047216 0.036612 -0.908862 -0.372556 -0.159848 -0.098082
11.461888 0.294122 0.047216 0.036612 -0.912900 -0.362549 -0.158761 -0.099832
11.465711 0.294122 0.047216 0.036500 -0.917317 -0.352291 -0.163718 -0.087276
11.469534 0.294233 0.047216 0.036500 -0.921132 -0.342192 -0.162749 -0.089069
11.473357 0.294233 0.047216 0.036500 -0.924836 -0.332051 -0.161761 -0.090852
11.477180 0.294233 0.047327 0.036500 -0.925778 -0.333808 -0.158103 -0.080686
11.481003 0.294345 0.047327 0.036388 -0.929390 -0.323617 -0.157207 -0.082418
11.484827 0.294345 0.047327 0.036388 -0.930239 -0.325325 -0.153643 -0.072202
11.488650 0.294456 0.047439 0.036388 -0.934495 -0.316754 -0.142680 -0.077646
11.492473 0.294456 0.047439 0.036388 -0.934495 -0.316754 -0.142680 -0.077646
11.496296 0.294456 0.047551 0.036277 -0.935291 -0.318303 -0.139191 -0.067375
11.500119 0.294456 0.047551 0.036277 -0.935958 -0.319821 -0.128996 -0.071118
11.503943 0.294456 0.047662 0.036277 -0.935958 -0.319821 -0.128996 -0.071118
11.507766 0.294568 0.047662 0.036277 -0.935958 -0.319821 -0.128996 -0.071118
11.511589 0.294568 0.047774 0.036165 -0.937277 -0.322586 -0.115249 -0.064560
11.515412 0.294568 0.047774 0.036165 -0.937277 -0.322586 -0.115249 -0.064560
11.519235 0.294568 0.047774 0.036165 -0.937277 -0.322586 -0.115249 -0.064560
11.523058 0.294568 0.047774 0.036165 -0.941260 -0.313593 -0.104252 -0.069430
11.526882 0.294568 0.047885 0.036165 -0.941966 -0.314719 -0.100801 -0.059085
11.530705 0.294568 0.047885 0.036054 -0.942388 -0.315891 -0.090495 -0.062681
11.534528 0.294568 0.047885 0.036054 -0.945801 -0.305519 -0.089801 -0.063671
11.538351 0.294568 0.047885 0.036054 -0.946444 -0.306487 -0.086439 -0.053277
11.542174 0.294568 0.047885 0.035942 -0.946802 -0.307504 -0.076071 -0.056747
11.545997 0.294568 0.047885 0.035942 -0.950123 -0.297084 -0.075443 -0.057579
11.549821 0.294568 0.047774 0.035942 -0.950123 -0.297084 -0.075443 -0.057579
11.553644 0.294568 0.047774 0.035942 -0.953330 -0.286627 -0.074806 -0.058405
11.557467 0.294568 0.047774 0.035942 -0.954215 -0.288291 -0.061192 -0.051160
11.561290 0.294568 0.047774 0.035830 -0.957325 -0.277791 -0.060626 -0.051829
11.565113 0.294568 0.047774 0.035830 -0.957325 -0.277791 -0.060626 -0.051829
11.568937 0.294568 0.047774 0.035830 -0.960319 -0.267257 -0.060053 -0.052492
11.572760 0.294568 0.047662 0.035830 -0.960319 -0.267257 -0.060053 -0.052492
11.576583 0.294568 0.047662 0.035830 -0.960319 -0.267257 -0.060053 -0.052492
11.580406 0.294568 0.047662 0.035830 -0.963197 -0.256690 -0.059473 -0.053148
11.584229 0.294568 0.047662 0.035830 -0.963197 -0.256690 -0.059473 -0.053148
11.588052 0.294568 0.047662 0.035830 -0.962555 -0.256021 -0.062289 -0.063727
11.591876 0.294568 0.047662 0.035830 -0.965310 -0.245431 -0.061585 -0.064407
11.595699 0.294568 0.047662 0.035942 -0.965310 -0.245431 -0.061585 -0.064407
11.599522 0.294568 0.047662 0.035942 -0.965310 -0.245431 -0.061585 -0.064407
11.603345 0.294568 0.047662 0.035942 -0.965001 -0.244470 -0.072168 -0.061635
11.607168 0.294568 0.047662 0.035942 -0.965001 -0.244470 -0.072168 -0.061635
11.610991 0.294568 0.047551 0.035942 -0.965001 -0.244470 -0.072168 -0.061635
11.614815 0.294568 0.047551 0.035942 -0.967629 -0.233853 -0.071486 -0.062424
11.618638 0.294568 0.047551 0.035942 -0.967629 -0.233853 -0.071486 -0.062424
11.622461 0.294568 0.047551 0.035942 -0.967629 -0.233853 -0.071486 -0.062424
11.626284 0.294568 0.047551 0.035942 -0.967629 -0.233853 -0.071486 -0.062424
11.630107 0.294568 0.047551 0.035942 -0.967629 -0.233853 -0.071486 -0.062424
11.633931 0.294568 0.047551 0.035942 -0.967629 -0.233853 -0.071486 -0.062424
11.637754 0.294568 0.047551 0.035942 -0.970140 -0.223209 -0.070796 -0.063205
11.641577 0.294568 0.047551 0.035942 -0.970140 -0.223209 -0.070796 -0.063205
11.645400 0.294568 0.047551 0.035942 -0.970140 -0.223209 -0.070796 -0.063205
11.649223 0.294568 0.047551 0.035830 -0.970140 -0.223209 -0.070796 -0.063205
11.653046 0.294568 0.047551 0.035830 -0.970140 -0.223209 -0.070796 -0.063205
11.656870 0.294568 0.047551 0.035830 -0.970140 -0.223209 -0.070796 -0.063205
11.660693 0.294680 0.047551 0.035830 -0.970140 -0.223209 -0.070796 -0.063205
11.664516 0.294680 0.047551 0.035830 -0.972533 -0.212537 -0.070097 -0.063979
11.668339 0.294680 0.047551 0.035830 -0.972533 -0.212537 -0.070097 -0.063979
11.672162 0.294680 0.047551 0.035830 -0.972533 -0.212537 -0.070097 -0.063979
11.675986 0.294680 0.047551 0.035830 -0.972533 -0.212537 -0.070097 -0.063979
11.679809 0.294680 0.047439 0.035830 -0.972873 -0.213488 -0.059429 -0.066402
11.683632 0.294680 0.047439 0.035830 -0.974364 -0.202130 -0.060920 -0.077760
11.687455 0.294680 0.047439 0.035830 -0.974364 -0.202130 -0.060920 -0.077760
11.691278 0.294680 0.047439 0.035830 -0.974364 -0.202130 -0.060920 -0.077760
11.695101 0.294680 0.047439 0.035830 -0.974364 -0.202130 -0.060920 -0.077760
11.698925 0.294791 0.047439 0.035830 -0.976526 -0.191413 -0.060062 -0.078424
11.702748 0.294791 0.047439 0.035830 -0.976526 -0.191413 -0.060062 -0.078424
11.706571 0.294791 0.047439 0.035830 -0.976745 -0.192451 -0.049347 -0.080606
11.710394 0.294791 0.047439 0.035830 -0.976745 -0.192451 -0.049347 -0.080606
11.714217 0.294791 0.047439 0.035830 -0.976745 -0.192451 -0.049347 -0.080606
11.718040 0.294791 0.047439 0.035830 -0.976745 -0.192451 -0.049347 -0.080606
11.721864 0.294791 0.047439 0.035830 -0.976745 -0.192451 -0.049347 -0.080606
11.725687 0.294903 0.047551 0.035830 -0.976745 -0.192451 -0.049347 -0.080606
11.729510 0.294903 0.047551 0.035830 -0.977571 -0.192981 -0.047230 -0.069871
11.733333 0.294903 0.047551 0.035830 -0.977571 -0.192981 -0.047230 -0.069871
11.737156 0.294903 0.047551 0.035830 -0.977571 -0.192981 -0.047230 -0.069871
11.740980 0.294903 0.047551 0.035830 -0.977571 -0.192981 -0.047230 -0.069871
11.744803 0.294903 0.047551 0.035830 -0.977329 -0.192062 -0.057956 -0.067691
11.748626 0.294903 0.047551 0.035830 -0.977329 -0.192062 -0.057956 -0.067691
11.752449 0.294903 0.047551 0.035830 -0.977329 -0.192062 -0.057956 -0.067691
11.756272 0.294903 0.047551 0.035830 -0.977329 -0.192062 -0.057956 -0.067691
11.760095 0.294903 0.047551 0.035830 -0.977329 -0.192062 -0.057956 -0.067691
11.763919 0.294903 0.047551 0.035830 -0.977329 -0.192062 -0.057956 -0.067691
11.767742 0.294903 0.047551 0.035830 -0.977329 -0.192062 -0.057956 -0.067691
11.771565 0.294903 0.047439 0.035830 -0.978570 -0.180674 -0.059197 -0.079079
11.775388 0.294903 0.047439 0.035942 -0.978222 -0.179617 -0.069929 -0.077006
11.779211 0.294903 0.047439 0.035942 -0.978222 -0.179617 -0.069929 -0.077006
11.783035 0.294903 0.047439 0.035942 -0.980136 -0.168859 -0.069078 -0.077770
11.786858 0.294903 0.047327 0.035942 -0.980136 -0.168859 -0.069078 -0.077770
11.790681 0.294903 0.047327 0.035942 -0.980136 -0.168859 -0.069078 -0.077770
11.794504 0.294903 0.047216 0.035942 -0.981932 -0.158081 -0.068220 -0.078524
11.798327 0.294903 0.047216 0.035830 -0.982303 -0.159130 -0.057446 -0.080361
11.802150 0.294903 0.047216 0.035830 -0.983992 -0.148329 -0.056559 -0.080987
11.805974 0.294903 0.047104 0.035830 -0.983992 -0.148329 -0.056559 -0.080987
11.809797 0.294903 0.047104 0.035830 -0.985562 -0.137509 -0.055666 -0.081604
11.813620 0.294903 0.046992 0.035830 -0.985562 -0.137509 -0.055666 -0.081604
11.817443 0.295015 0.046992 0.035830 -0.985562 -0.137509 -0.055666 -0.081604
11.821266 0.295015 0.046881 0.035719 -0.988160 -0.128169 -0.042525 -0.072830
11.825089 0.295015 0.046881 0.035719 -0.988160 -0.128169 -0.042525 -0.072830
11.828913 0.295015 0.046769 0.035719 -0.988900 -0.128629 -0.041114 -0.061969
11.832736 0.295015 0.046769 0.035607 -0.989100 -0.129396 -0.030254 -0.063426
11.836559 0.295126 0.046658 0.035607 -0.989100 -0.129396 -0.030254 -0.063426
11.840382 0.295126 0.046658 0.035607 -0.989737 -0.129721 -0.028831 -0.052556
11.844205 0.295126 0.046658 0.035496 -0.989737 -0.129721 -0.028831 -0.052556
11.848029 0.295238 0.046658 0.035496 -0.988341 -0.141219 -0.018551 -0.053804
11.851852 0.295238 0.046546 0.035384 -0.988873 -0.141414 -0.016999 -0.042943
11.855675 0.295349 0.046546 0.035384 -0.988873 -0.141414 -0.016999 -0.042943
11.859498 0.295349 0.046546 0.035384 -0.987259 -0.152270 -0.017470 -0.042753
11.863321 0.295349 0.046546 0.035384 -0.987259 -0.152270 -0.017470 -0.042753
11.867144 0.295461 0.046546 0.035384 -0.985527 -0.163107 -0.017938 -0.042559
11.870968 0.295461 0.046546 0.035384 -0.985000 -0.162900 -0.019729 -0.053384
11.874791 0.295461 0.046546 0.035384 -0.983151 -0.173711 -0.020314 -0.053164
11.878614 0.295573 0.046546 0.035384 -0.983151 -0.173711 -0.020314 -0.053164
11.882437 0.295573 0.046546 0.035384 -0.983151 -0.173711 -0.020314 -0.053164
11.886260 0.295573 0.046546 0.035384 -0.983151 -0.173711 -0.020314 -0.053164
11.890083 0.295684 0.046546 0.035384 -0.981122 -0.183865 -0.031673 -0.050894
11.893907 0.295684 0.046546 0.035384 -0.981122 -0.183865 -0.031673 -0.050894
11.897730 0.295684 0.046546 0.035384 -0.980347 -0.182729 -0.044455 -0.059619
11.901553 0.295684 0.046546 0.035384 -0.980347 -0.182729 -0.044455 -0.059619
11.905376 0.295684 0.046546 0.035496 -0.982011 -0.171152 -0.054578 -0.058163
11.909199 0.295796 0.046546 0.035496 -0.982011 -0.171152 -0.054578 -0.058163
11.913023 0.295796 0.046546 0.035496 -0.983420 -0.159542 -0.064730 -0.056931
11.916846 0.295796 0.046546 0.035496 -0.983420 -0.159542 -0.064730 -0.056931
11.920669 0.295796 0.046434 0.035496 -0.985114 -0.148728 -0.064101 -0.057639
11.924492 0.295796 0.046434 0.035496 -0.986140 -0.137077 -0.074288 -0.056741
11.928315 0.295796 0.046546 0.035496 -0.987586 -0.126235 -0.073660 -0.057554
11.932138 0.295796 0.046546 0.035607 -0.988228 -0.114556 -0.083872 -0.056993
11.935962 0.295908 0.046434 0.035607 -0.989683 -0.091999 -0.093465 -0.057687
11.939785 0.295908 0.046434 0.035607 -0.990634 -0.081121 -0.092826 -0.058710
11.943608 0.295908 0.046434 0.035719 -0.991512 -0.035635 -0.101456 -0.073084
11.947431 0.295908 0.046546 0.035719 -0.988814 0.010973 -0.119808 -0.088159
11.951254 0.296019 0.046546 0.035830 -0.984871 0.056696 -0.126055 -0.104521
11.955078 0.296019 0.046546 0.036054 -0.968226 0.158308 -0.133139 -0.140539
11.958901 0.296131 0.046546 0.036165 -0.944739 0.245970 -0.138639 -0.166573
11.962724 0.296131 0.046546 0.036277 -0.912690 0.330959 -0.140346 -0.194335
11.966547 0.296242 0.046546 0.036388 -0.858583 0.441692 -0.115989 -0.233003
11.970370 0.296242 0.046546 0.036500 -0.799158 0.527220 -0.099423 -0.271111
11.974193 0.296242 0.046658 0.036612 -0.753079 0.587231 -0.087145 -0.283616
11.978017 0.296354 0.046658 0.036612 -0.695691 0.643828 -0.074771 -0.309690
11.981840 0.296354 0.046658 0.036612 -0.640660 0.694886 -0.058617 -0.321328
11.985663 0.296354 0.046658 0.036612 -0.593497 0.735577 -0.037324 -0.324492
11.989486 0.296354 0.046658 0.036612 -0.543911 0.771738 -0.031243 -0.328033
11.993309 0.296354 0.046546 0.036612 -0.495484 0.805736 -0.018421 -0.323955
11.997132 0.296354 0.046546 0.036612 -0.441788 0.834826 -0.011997 -0.328246
12.000956 0.296354 0.046434 0.036500 -0.398870 0.857837 -0.003381 -0.324047
12.004779 0.296354 0.046434 0.036500 -0.351996 0.876231 0.000030 -0.329117
12.008602 0.296466 0.046434 0.036500 -0.294623 0.895054 0.007759 -0.334687
12.012425 0.296466 0.046434 0.036388 -0.258672 0.907325 0.012488 -0.331201
12.016248 0.296466 0.046323 0.036388 -0.201954 0.922714 0.024141 -0.327460
12.020072 0.296466 0.046100 0.036277 -0.134025 0.935987 0.038948 -0.323184
12.023895 0.296466 0.045988 0.036277 -0.065222 0.944160 0.053293 -0.318540
12.027718 0.296577 0.045876 0.036165 -0.006341 0.947163 0.063758 -0.314287
12.031541 0.296577 0.045765 0.036165 0.055363 0.948921 0.084235 -0.298980
12.035364 0.296577 0.045653 0.036054 0.111287 0.945265 0.082998 -0.295299
12.039187 0.296577 0.045541 0.035942 0.170195 0.940244 0.090401 -0.280717
12.043011 0.296577 0.045430 0.035830 0.228733 0.928130 0.098505 -0.276682
12.046834 0.296577 0.045207 0.035719 0.287085 0.915355 0.103489 -0.262673
12.050657 0.296577 0.045095 0.035607 0.343930 0.895728 0.110732 -0.259080
12.054480 0.296577 0.044983 0.035607 0.399401 0.872476 0.117979 -0.255627
12.058303 0.296577 0.044872 0.035496 0.453259 0.845700 0.125278 -0.252295
12.062126 0.296689 0.044872 0.035384 0.494452 0.818445 0.135484 -0.259440
12.065950 0.296689 0.044872 0.035384 0.527115 0.797497 0.137998 -0.259044
12.069773 0.296689 0.044983 0.035272 0.553557 0.774379 0.138590 -0.273321
12.073596 0.296689 0.044983 0.035161 0.573160 0.755070 0.145866 -0.282983
12.077419 0.296689 0.045095 0.035161 0.599825 0.728740 0.157143 -0.290611
12.081242 0.296800 0.045095 0.035161 0.621777 0.699442 0.176695 -0.304883
12.085066 0.296800 0.045207 0.035161 0.634241 0.676564 0.194262 -0.319785
12.088889 0.296912 0.045318 0.035161 0.652337 0.646444 0.216609 -0.331130
12.092712 0.296912 0.045430 0.035161 0.654660 0.630561 0.232708 -0.345920
12.096535 0.297024 0.045541 0.035161 0.655941 0.614869 0.249496 -0.359764
12.100358 0.297024 0.045653 0.035272 0.662748 0.592174 0.271004 -0.369664
12.104181 0.297135 0.045765 0.035272 0.661850 0.577027 0.289158 -0.381291
12.108005 0.297135 0.045876 0.035272 0.676372 0.544085 0.322375 -0.377580
12.111828 0.297247 0.045876 0.035272 0.683307 0.518279 0.351526 -0.375378
12.115651 0.297247 0.045876 0.035384 0.694317 0.484771 0.384746 -0.367275
12.119474 0.297359 0.045876 0.035384 0.698381 0.458784 0.413761 -0.361362
12.123297 0.297359 0.045876 0.035384 0.707180 0.434211 0.434039 -0.350666
12.127121 0.297470 0.045876 0.035384 0.708884 0.408296 0.462583 -0.341752
12.130944 0.297470 0.045876 0.035496 0.719245 0.378338 0.486393 -0.320886
12.134767 0.297470 0.045876 0.035496 0.728277 0.347872 0.509176 -0.298894
12.138590 0.297470 0.045765 0.035496 0.732875 0.322774 0.527365 -0.283896
12.142413 0.297470 0.045765 0.035607 0.745995 0.292537 0.539680 -0.258184
12.146236 0.297582 0.045653 0.035607 0.751249 0.261055 0.559450 -0.233434
12.150060 0.297582 0.045653 0.035607 0.756803 0.244486 0.564444 -0.221087
12.153883 0.297582 0.045653 0.035607 0.761758 0.229915 0.569399 -0.206516
12.157706 0.297582 0.045653 0.035719 0.766625 0.213123 0.573799 -0.193956
12.161529 0.297693 0.045653 0.035719 0.770936 0.198349 0.578109 -0.179182
12.165352 0.297693 0.045765 0.035719 0.766384 0.189455 0.588701 -0.173762
12.169175 0.297693 0.045765 0.035719 0.768419 0.181024 0.590574 -0.167284
12.172999 0.297693 0.045765 0.035719 0.770362 0.172571 0.592377 -0.160785
12.176822 0.297693 0.045765 0.035719 0.777170 0.170711 0.583582 -0.162159
12.180645 0.297805 0.045876 0.035719 0.770470 0.170614 0.592269 -0.162742
12.184468 0.297805 0.045876 0.035719 0.772298 0.162139 0.594021 -0.156226
12.188291 0.297805 0.045876 0.035607 0.772298 0.162139 0.594021 -0.156226
12.192115 0.297805 0.045988 0.035607 0.770535 0.168655 0.592204 -0.164701
12.195938 0.297805 0.045988 0.035607 0.765543 0.160307 0.602602 -0.158484
12.199761 0.297805 0.045988 0.035719 0.765543 0.160307 0.602602 -0.158484
12.203584 0.297805 0.045988 0.035719 0.760369 0.152069 0.612860 -0.152040
12.207407 0.297805 0.045988 0.035719 0.760369 0.152069 0.612860 -0.152040
12.211230 0.297805 0.045988 0.035719 0.755015 0.143948 0.622975 -0.145372
12.215054 0.297805 0.045988 0.035719 0.756551 0.135645 0.624535 -0.138519
12.218877 0.297805 0.045988 0.035719 0.749484 0.135946 0.632941 -0.138484
12.222700 0.297805 0.045988 0.035719 0.750933 0.127704 0.634424 -0.131522
12.226523 0.297805 0.045988 0.035719 0.743779 0.128067 0.642753 -0.131378
12.230346 0.297805 0.045876 0.035719 0.745141 0.119889 0.644158 -0.124309
12.234170 0.297805 0.045876 0.035719 0.739179 0.112202 0.653730 -0.116884
12.237993 0.297805 0.045876 0.035719 0.739179 0.112202 0.653730 -0.116884
12.241816 0.297805 0.045876 0.035719 0.740367 0.104075 0.654975 -0.109695
12.245639 0.297805 0.045765 0.035719 0.741466 0.095935 0.656140 -0.102492
12.249462 0.297805 0.045765 0.035719 0.740295 0.103137 0.655047 -0.110632
12.253285 0.297805 0.045765 0.035719 0.734088 0.095823 0.664365 -0.102725
12.257109 0.297805 0.045765 0.035719 0.734088 0.095823 0.664365 -0.102725
12.260932 0.297805 0.045765 0.035607 0.734004 0.095057 0.664449 -0.103490
12.264755 0.297805 0.045653 0.035607 0.734004 0.095057 0.664449 -0.103490
12.268578 0.297805 0.045653 0.035607 0.732822 0.102351 0.663365 -0.111548
12.272401 0.297805 0.045653 0.035496 0.733902 0.094294 0.664550 -0.104253
12.276224 0.297805 0.045653 0.035496 0.732713 0.101589 0.663474 -0.112310
12.280048 0.297805 0.045653 0.035496 0.732713 0.101589 0.663474 -0.112310
12.283871 0.297805 0.045541 0.035496 0.732587 0.100830 0.663600 -0.113069
12.287694 0.297805 0.045541 0.035496 0.732587 0.100830 0.663600 -0.113069
12.291517 0.297805 0.045541 0.035384 0.731300 0.108114 0.662453 -0.121110
12.295340 0.297805 0.045541 0.035384 0.732444 0.100074 0.663743 -0.113825
12.299164 0.297805 0.045541 0.035384 0.732444 0.100074 0.663743 -0.113825
12.302987 0.297805 0.045430 0.035384 0.732444 0.100074 0.663743 -0.113825
12.306810 0.297805 0.045430 0.035384 0.733499 0.092021 0.664954 -0.106526
12.310633 0.297805 0.045430 0.035384 0.733499 0.092021 0.664954 -0.106526
12.314456 0.297805 0.045430 0.035384 0.733499 0.092021 0.664954 -0.106526
12.318279 0.297805 0.045318 0.035384 0.734466 0.083957 0.666084 -0.099215
12.322103 0.297805 0.045318 0.035384 0.734466 0.083957 0.666084 -0.099215
12.325926 0.297805 0.045318 0.035384 0.735344 0.075883 0.667133 -0.091891
12.329749 0.297805 0.045207 0.035384 0.735344 0.075883 0.667133 -0.091891
12.333572 0.297805 0.045207 0.035384 0.728128 0.077697 0.675029 -0.090159
12.337395 0.297805 0.045207 0.035496 0.728938 0.069693 0.675979 -0.082737
12.341218 0.297805 0.045095 0.035496 0.728938 0.069693 0.675979 -0.082737
12.345042 0.297805 0.045095 0.035496 0.729659 0.061681 0.676847 -0.075306
12.348865 0.297805 0.044983 0.035496 0.729659 0.061681 0.676847 -0.075306
12.352688 0.297805 0.044983 0.035496 0.730293 0.053661 0.677633 -0.067865
12.356511 0.297805 0.044872 0.035496 0.723621 0.047758 0.686068 -0.058332
12.360334 0.297805 0.044760 0.035607 0.724102 0.039805 0.686667 -0.050791
12.364158 0.297805 0.044760 0.035607 0.724102 0.039805 0.686667 -0.050791
12.367981 0.297805 0.044648 0.035607 0.717239 0.034126 0.694783 -0.040985
12.371804 0.297805 0.044537 0.035607 0.709870 0.036316 0.702325 -0.038803
12.375627 0.297917 0.044537 0.035607 0.709842 0.036234 0.702353 -0.038886
12.379450 0.297917 0.044425 0.035719 0.702904 0.031107 0.710033 -0.028494
12.383273 0.297917 0.044314 0.035719 0.695616 0.034014 0.717152 -0.025579
12.387097 0.297917 0.044202 0.035719 0.688578 0.029277 0.724420 -0.014781
12.390920 0.297917 0.044202 0.035719 0.688742 0.029669 0.724256 -0.014389
12.394743 0.297917 0.044090 0.035830 0.681596 0.033274 0.730892 -0.010769
12.398566 0.297917 0.044090 0.035830 0.681696 0.041837 0.730224 -0.017720
12.402389 0.297917 0.043979 0.035830 0.674754 0.045959 0.736485 -0.013570
12.406213 0.298028 0.043979 0.035830 0.675117 0.046633 0.736122 -0.012896
12.410036 0.298028 0.043867 0.035830 0.668417 0.043029 0.742540 -0.000966
12.413859 0.298028 0.043867 0.035830 0.668366 0.051184 0.742023 -0.008309
12.417682 0.298028 0.043867 0.035830 0.668846 0.051988 0.741543 -0.007505
12.421505 0.298028 0.043867 0.035830 0.668723 0.060131 0.740927 -0.014853
12.425328 0.298028 0.043867 0.035830 0.668236 0.076396 0.739427 -0.029542
12.429152 0.298028 0.043867 0.035830 0.667871 0.084514 0.738543 -0.036881
12.432975 0.298140 0.043979 0.035830 0.667425 0.092623 0.737570 -0.044216
12.436798 0.298140 0.043979 0.035719 0.666899 0.100720 0.736508 -0.051546
12.440621 0.298140 0.043979 0.035719 0.666293 0.108806 0.735357 -0.058870
12.444444 0.298140 0.044090 0.035719 0.658152 0.129543 0.738464 -0.068744
12.448267 0.298140 0.044090 0.035719 0.657357 0.137648 0.736996 -0.075970
12.452091 0.298140 0.044090 0.035607 0.656483 0.145736 0.735439 -0.083187
12.455914 0.298252 0.044202 0.035607 0.655530 0.153807 0.733794 -0.090395
12.459737 0.298252 0.044202 0.035607 0.654497 0.161859 0.732060 -0.097591
12.463560 0.298252 0.044202 0.035607 0.648772 0.167666 0.736613 -0.091565
12.467383 0.298252 0.044202 0.035496 0.648772 0.167666 0.736613 -0.091565
12.471207 0.298363 0.044202 0.035496 0.649619 0.168622 0.735766 -0.090609
12.475030 0.298363 0.044202 0.035496 0.642238 0.181819 0.738880 -0.092351
12.478853 0.298363 0.044202 0.035496 0.644196 0.174753 0.739850 -0.084228
12.482676 0.298363 0.044202 0.035496 0.638953 0.181087 0.743588 -0.077611
12.486499 0.298475 0.044202 0.035496 0.640904 0.174057 0.744396 -0.069438
12.490322 0.298475 0.044202 0.035496 0.642777 0.167005 0.745114 -0.061255
12.494146 0.298475 0.044202 0.035496 0.637865 0.173644 0.748347 -0.054340
12.497969 0.298475 0.044202 0.035496 0.639734 0.166626 0.748898 -0.046116
12.501792 0.298586 0.044202 0.035496 0.641071 0.167811 0.747561 -0.044931
12.505615 0.298586 0.044202 0.035384 0.636964 0.166509 0.752070 -0.030701
12.509438 0.298586 0.044090 0.035384 0.640274 0.160733 0.750842 -0.021205
12.513261 0.298586 0.044090 0.035384 0.642001 0.153689 0.751030 -0.012955
12.517085 0.298586 0.044090 0.035384 0.637966 0.160939 0.753039 -0.005463
12.520908 0.298586 0.044090 0.035384 0.641348 0.146883 0.752978 0.011083
12.524731 0.298698 0.043979 0.035384 0.642923 0.139829 0.752810 0.019355
12.528554 0.298698 0.043979 0.035384 0.640936 0.140311 0.753833 0.035344
12.532377 0.298698 0.043979 0.035384 0.637172 0.139688 0.756292 0.050203
12.536201 0.298698 0.043979 0.035384 0.639273 0.140974 0.754192 0.051489
12.540024 0.298810 0.043867 0.035384 0.637160 0.133505 0.755389 0.074765
12.543847 0.298810 0.043867 0.035496 0.633529 0.133148 0.756868 0.089794
12.547670 0.298810 0.043867 0.035496 0.629890 0.132871 0.758017 0.104853
12.551493 0.298921 0.043867 0.035496 0.627667 0.125785 0.757470 0.128262
12.555316 0.298921 0.043867 0.035496 0.618951 0.132519 0.759473 0.150128
12.559140 0.298921 0.043867 0.035607 0.615302 0.132562 0.759296 0.165230
12.562963 0.299033 0.043867 0.035607 0.611655 0.132685 0.758786 0.180323
12.566786 0.299033 0.043867 0.035719 0.608012 0.132888 0.757945 0.195402
12.570609 0.299145 0.043867 0.035719 0.604374 0.133171 0.756773 0.210458
12.574432 0.299145 0.043867 0.035719 0.600743 0.133534 0.755270 0.225485
12.578256 0.299145 0.043867 0.035830 0.595613 0.140529 0.756034 0.232184
12.582079 0.299145 0.043867 0.035830 0.589245 0.132719 0.755540 0.253642
12.585902 0.299145 0.043867 0.035830 0.585476 0.133307 0.753221 0.268524
12.589725 0.299145 0.043867 0.035830 0.585476 0.133307 0.753221 0.268524
12.593548 0.299145 0.043867 0.035830 0.581721 0.133977 0.750575 0.283351
12.597371 0.299145 0.043867 0.035942 0.581721 0.133977 0.750575 0.283351
12.601195 0.299145 0.043867 0.035942 0.578573 0.125723 0.752002 0.289725
12.605018 0.299145 0.043867 0.035942 0.578573 0.125723 0.752002 0.289725
12.608841 0.299033 0.043867 0.035942 0.579919 0.119359 0.748774 0.297969
12.612664 0.299033 0.043867 0.035942 0.579919 0.119359 0.748774 0.297969
12.616487 0.299033 0.043979 0.035942 0.579919 0.119359 0.748774 0.297969
12.620310 0.299033 0.043979 0.035942 0.579919 0.119359 0.748774 0.297969
12.624134 0.299033 0.043979 0.035942 0.579919 0.119359 0.748774 0.297969
12.627957 0.299033 0.043979 0.035942 0.581195 0.112981 0.745455 0.306177
12.631780 0.299033 0.043979 0.035942 0.581195 0.112981 0.745455 0.306177
12.635603 0.299033 0.043979 0.035942 0.581195 0.112981 0.745455 0.306177
12.639426 0.299033 0.043979 0.035942 0.585820 0.114734 0.740830 0.307931
12.643250 0.299033 0.043979 0.035942 0.585820 0.114734 0.740830 0.307931
12.647073 0.299033 0.043867 0.035942 0.587045 0.108292 0.737403 0.316051
12.650896 0.299033 0.043867 0.035830 0.587045 0.108292 0.737403 0.316051
12.654719 0.299145 0.043867 0.035830 0.590482 0.116386 0.736169 0.309583
12.658542 0.299145 0.043867 0.035830 0.591725 0.109892 0.732723 0.317651
12.662365 0.299145 0.043867 0.035830 0.592896 0.103385 0.729189 0.325682
12.666189 0.299145 0.043867 0.035830 0.592896 0.103385 0.729189 0.325682
12.670012 0.299145 0.043755 0.035830 0.593996 0.096865 0.725567 0.333673
12.673835 0.299145 0.043755 0.035830 0.597626 0.104830 0.724459 0.327128
12.677658 0.299145 0.043755 0.035830 0.598742 0.098258 0.720822 0.335067
12.681481 0.299145 0.043755 0.035830 0.598742 0.098258 0.720822 0.335067
12.685305 0.299145 0.043755 0.035719 0.599785 0.091675 0.717097 0.342966
12.689128 0.299145 0.043644 0.035719 0.600756 0.085080 0.713286 0.350823
12.692951 0.299145 0.043644 0.035719 0.604574 0.092911 0.712308 0.344202
12.696774 0.299145 0.043644 0.035719 0.605558 0.086263 0.708484 0.352007
12.700597 0.299145 0.043644 0.035719 0.605558 0.086263 0.708484 0.352007
12.704420 0.299145 0.043644 0.035719 0.606469 0.079605 0.704574 0.359769
12.708244 0.299145 0.043644 0.035719 0.606469 0.079605 0.704574 0.359769
12.712067 0.299145 0.043532 0.035719 0.615136 0.072888 0.700665 0.354068
12.715890 0.299145 0.043532 0.035719 0.615900 0.066125 0.696733 0.361744
12.719713 0.299145 0.043532 0.035719 0.615900 0.066125 0.696733 0.361744
12.723536 0.299145 0.043532 0.035719 0.620610 0.066962 0.692023 0.362580
12.727359 0.299145 0.043532 0.035719 0.621308 0.060139 0.687997 0.370161
12.731183 0.299256 0.043532 0.035719 0.617811 0.067991 0.686760 0.376891
12.735006 0.299256 0.043532 0.035719 0.618521 0.061199 0.682578 0.384413
12.738829 0.299256 0.043532 0.035719 0.623424 0.061849 0.677675 0.385063
12.742652 0.299256 0.043532 0.035719 0.624065 0.054996 0.673404 0.392485
12.746475 0.299368 0.043421 0.035719 0.620827 0.062936 0.671777 0.399159
12.750299 0.299368 0.043421 0.035719 0.625910 0.063439 0.666695 0.399663
12.754122 0.299368 0.043421 0.035719 0.626569 0.056559 0.662264 0.406963
12.757945 0.299368 0.043421 0.035719 0.624175 0.057687 0.655739 0.420813
12.761768 0.299479 0.043421 0.035719 0.624771 0.050826 0.651077 0.427991
12.765591 0.299479 0.043421 0.035719 0.622950 0.045191 0.639209 0.448668
12.769414 0.299479 0.043309 0.035719 0.620635 0.046474 0.631786 0.462058
12.773238 0.299479 0.043309 0.035830 0.621108 0.039653 0.626672 0.468971
12.777061 0.299591 0.043309 0.035830 0.619251 0.034211 0.613478 0.488879
12.780884 0.299591 0.043197 0.035830 0.611476 0.028992 0.605545 0.508499
12.784707 0.299591 0.043197 0.035830 0.609443 0.023874 0.591231 0.527688
12.788530 0.299591 0.043086 0.035942 0.609669 0.017177 0.585398 0.534152
12.792353 0.299591 0.043086 0.035942 0.601470 0.005913 0.570359 0.559366
12.796177 0.299591 0.042974 0.035942 0.599183 0.001185 0.554569 0.577435
12.800000 0.299703 0.042974 0.036054 0.596910 0.003115 0.544700 0.589059
12.803823 0.299703 0.042862 0.036054 0.596834 -0.010001 0.531627 0.600884
12.807646 0.299703 0.042862 0.036054 0.596688 -0.016557 0.524993 0.606689
12.811469 0.299814 0.042751 0.036054 0.601142 -0.015457 0.507884 0.616801
12.815293 0.299814 0.042751 0.036054 0.600936 -0.022060 0.501077 0.622343
12.819116 0.299814 0.042751 0.035942 0.606023 -0.007993 0.497128 0.620915
12.822939 0.299926 0.042751 0.035942 0.612743 -0.009264 0.490408 0.619645
12.826762 0.299926 0.042751 0.035942 0.612604 -0.015995 0.483571 0.624996
12.830585 0.299926 0.042751 0.035942 0.619433 -0.010681 0.483718 0.618228
12.834408 0.300038 0.042751 0.035830 0.626091 -0.012245 0.477060 0.616663
12.838232 0.300038 0.042751 0.035830 0.632828 -0.007004 0.477166 0.609748
12.842055 0.300038 0.042751 0.035830 0.639489 -0.001761 0.477214 0.602759
12.845878 0.300038 0.042751 0.035830 0.644900 0.011790 0.472259 0.600780
12.849701 0.300149 0.042862 0.035719 0.651462 0.016978 0.472101 0.593659
12.853524 0.300149 0.042862 0.035719 0.658148 0.014934 0.465414 0.591615
12.857348 0.300149 0.042862 0.035719 0.664608 0.020046 0.465222 0.584349
12.861171 0.300149 0.042862 0.035719 0.664608 0.020046 0.465222 0.584349
12.864994 0.300149 0.042862 0.035607 0.671223 0.017782 0.458606 0.582085
12.868817 0.300149 0.042862 0.035607 0.677578 0.022820 0.458383 0.574676
12.872640 0.300149 0.042751 0.035607 0.677578 0.022820 0.458383 0.574676
12.876463 0.300149 0.042751 0.035607 0.684115 0.020340 0.451846 0.572196
12.880287 0.300149 0.042751 0.035496 0.684115 0.020340 0.451846 0.572196
12.884110 0.300149 0.042751 0.035496 0.690596 0.017717 0.445365 0.569573
12.887933 0.300149 0.042751 0.035496 0.690596 0.017717 0.445365 0.569573
12.891756 0.300149 0.042751 0.035496 0.697308 0.007082 0.444874 0.561960
12.895579 0.300149 0.042639 0.035496 0.697343 -0.000579 0.438673 0.566814
12.899402 0.300149 0.042639 0.035384 0.703528 0.004240 0.438653 0.559118
12.903226 0.300149 0.042639 0.035384 0.703532 -0.003489 0.432484 0.563904
12.907049 0.300149 0.042639 0.035384 0.709656 -0.006534 0.426361 0.560858
12.910872 0.300149 0.042528 0.035384 0.709656 -0.006534 0.426361 0.560858
12.914695 0.300149 0.042528 0.035384 0.715711 -0.009713 0.420305 0.557679
12.918518 0.300149 0.042528 0.035384 0.722037 -0.005430 0.407793 0.558872
12.922342 0.300149 0.042416 0.035384 0.722037 -0.005430 0.407793 0.558872
12.926165 0.300149 0.042416 0.035384 0.721933 -0.013362 0.401629 0.563319
12.929988 0.300149 0.042416 0.035384 0.728079 -0.008949 0.401751 0.555353
12.933811 0.300149 0.042416 0.035384 0.728404 -0.009434 0.388869 0.564020
12.937634 0.300261 0.042304 0.035384 0.728257 -0.017435 0.382650 0.568258
12.941457 0.300261 0.042304 0.035384 0.728720 -0.009925 0.375800 0.572401
12.945281 0.300261 0.042304 0.035384 0.728567 -0.017930 0.369489 0.576495
12.949104 0.300261 0.042304 0.035384 0.735357 -0.006440 0.362643 0.572449
12.952927 0.300261 0.042304 0.035384 0.735242 -0.014518 0.356332 0.576399
12.956750 0.300372 0.042193 0.035496 0.735736 -0.007092 0.349225 0.580245
12.960573 0.300372 0.042193 0.035496 0.729681 -0.003423 0.342058 0.592073
12.964396 0.300372 0.042193 0.035496 0.729599 -0.011439 0.335533 0.595795
12.968220 0.300372 0.042193 0.035496 0.729957 -0.003937 0.328384 0.599426
12.972043 0.300372 0.042193 0.035607 0.729957 -0.003937 0.328384 0.599426
12.975866 0.300372 0.042081 0.035607 0.730222 -0.004457 0.314551 0.606476
12.979689 0.300372 0.042081 0.035607 0.730222 -0.004457 0.314551 0.606476
12.983512 0.300372 0.042081 0.035607 0.730222 -0.004457 0.314551 0.606476
12.987336 0.300372 0.042081 0.035719 0.730487 0.003042 0.307286 0.609882
12.991159 0.300372 0.042081 0.035719 0.730487 0.003042 0.307286 0.609882
12.994982 0.300372 0.042081 0.035719 0.737169 -0.001681 0.300604 0.605159
12.998805 0.300372 0.041970 0.035719 0.737169 -0.001681 0.300604 0.605159
13.002628 0.300484 0.041970 0.035719 0.737169 -0.001681 0.300604 0.605159
13.006451 0.300484 0.041970 0.035719 0.743773 0.001622 0.300604 0.597023
13.010275 0.300484 0.041970 0.035719 0.743773 0.001622 0.300604 0.597023
13.014098 0.300484 0.041970 0.035719 0.750287 0.004924 0.300568 0.588816
13.017921 0.300484 0.041970 0.035719 0.756710 0.008226 0.300496 0.580538
13.021744 0.300596 0.041970 0.035719 0.756710 0.008226 0.300496 0.580538
13.025567 0.300596 0.041970 0.035719 0.763042 0.011527 0.300387 0.572190
13.029391 0.300596 0.041970 0.035719 0.769283 0.014826 0.300242 0.563772
13.033214 0.300707 0.041970 0.035719 0.769073 0.023277 0.306418 0.560440
13.037037 0.300707 0.041970 0.035719 0.775184 0.026642 0.306144 0.551957
13.040860 0.300819 0.042081 0.035719 0.781201 0.030003 0.305833 0.543407
13.044683 0.300819 0.042081 0.035719 0.787628 0.040103 0.297477 0.538090
13.048506 0.300819 0.042081 0.035719 0.793492 0.043369 0.297019 0.529405
13.052330 0.300819 0.042081 0.035719 0.799260 0.046629 0.296524 0.520656
13.056153 0.300819 0.042081 0.035607 0.799260 0.046629 0.296524 0.520656
13.059976 0.300930 0.042081 0.035607 0.804932 0.049884 0.295994 0.511843
13.063799 0.300930 0.042081 0.035607 0.809874 0.062034 0.300936 0.499694
13.067622 0.300930 0.042081 0.035607 0.815315 0.065337 0.300237 0.490766
13.071445 0.300930 0.042081 0.035607 0.821210 0.074830 0.291067 0.485072
13.075269 0.300930 0.042081 0.035607 0.821210 0.074830 0.291067 0.485072
13.079092 0.300930 0.042081 0.035496 0.826490 0.078023 0.290227 0.476020
13.082915 0.300930 0.042081 0.035496 0.831669 0.081207 0.289353 0.466912
13.086738 0.300930 0.042081 0.035496 0.836749 0.084381 0.288443 0.457747
13.090561 0.300930 0.042081 0.035496 0.836749 0.084381 0.288443 0.457747
13.094385 0.300930 0.042081 0.035496 0.842323 0.093356 0.278766 0.451737
13.098208 0.300930 0.041970 0.035496 0.842323 0.093356 0.278766 0.451737
13.102031 0.300930 0.041970 0.035496 0.847235 0.096413 0.277724 0.442456
13.105854 0.300930 0.041970 0.035384 0.847235 0.096413 0.277724 0.442456
13.109677 0.300930 0.041970 0.035384 0.853710 0.095692 0.262947 0.439181
13.113500 0.300930 0.041970 0.035384 0.853710 0.095692 0.262947 0.439181
13.117324 0.300930 0.041858 0.035384 0.853710 0.095692 0.262947 0.439181
13.121147 0.300930 0.041858 0.035384 0.859038 0.104065 0.252862 0.432764
13.124970 0.300930 0.041858 0.035384 0.860130 0.094621 0.248092 0.435516
13.128793 0.300930 0.041858 0.035496 0.860130 0.094621 0.248092 0.435516
13.132616 0.300930 0.041746 0.035496 0.861688 0.090632 0.234182 0.440951
13.136440 0.300930 0.041746 0.035496 0.861688 0.090632 0.234182 0.440951
13.140263 0.300930 0.041746 0.035496 0.868008 0.089023 0.219190 0.436570
13.144086 0.300930 0.041635 0.035496 0.868008 0.089023 0.219190 0.436570
13.147909 0.300930 0.041635 0.035496 0.869443 0.084814 0.205100 0.441373
13.151732 0.300930 0.041523 0.035496 0.869443 0.084814 0.205100 0.441373
13.155555 0.300930 0.041523 0.035496 0.875143 0.077452 0.199400 0.434012
13.159379 0.300930 0.041411 0.035607 0.876486 0.073042 0.185206 0.438334
13.163202 0.300930 0.041411 0.035607 0.876486 0.073042 0.185206 0.438334
13.167025 0.300930 0.041411 0.035607 0.882020 0.065386 0.179672 0.430678
13.170848 0.300930 0.041300 0.035607 0.882538 0.070477 0.170157 0.432673
13.174671 0.300930 0.041300 0.035607 0.887979 0.062591 0.164716 0.424787
13.178494 0.301042 0.041300 0.035607 0.892593 0.064396 0.164018 0.415006
13.182318 0.301042 0.041300 0.035607 0.892593 0.064396 0.164018 0.415006
13.186141 0.301042 0.041300 0.035607 0.898351 0.061089 0.149102 0.408659
13.189964 0.301042 0.041300 0.035607 0.902786 0.062723 0.148422 0.398765
13.193787 0.301042 0.041300 0.035607 0.907113 0.064350 0.147724 0.388823
13.197610 0.301042 0.041300 0.035607 0.911330 0.065969 0.147008 0.378834
13.201434 0.301042 0.041300 0.035607 0.915437 0.067580 0.146274 0.368799
13.205257 0.301042 0.041300 0.035607 0.920138 0.059078 0.141573 0.360297
13.209080 0.301042 0.041300 0.035607 0.924665 0.064716 0.130851 0.351687
13.212903 0.301042 0.041300 0.035607 0.928473 0.066150 0.130132 0.341507
13.216726 0.301042 0.041300 0.035607 0.932169 0.067576 0.129398 0.331286
13.220549 0.301154 0.041300 0.035607 0.936454 0.058709 0.125113 0.322419
13.224373 0.301154 0.041300 0.035607 0.939940 0.060080 0.124460 0.312112
13.228196 0.301154 0.041300 0.035607 0.944601 0.054582 0.110152 0.304330
13.232019 0.301154 0.041300 0.035496 0.947887 0.055789 0.109546 0.293934
13.235842 0.301154 0.041300 0.035496 0.951628 0.046537 0.105805 0.284682
13.239665 0.301154 0.041300 0.035496 0.955329 0.050846 0.094834 0.275261
13.243488 0.301265 0.041300 0.035496 0.955830 0.040348 0.091804 0.276286
13.247312 0.301265 0.041188 0.035496 0.959796 0.033834 0.077911 0.267537
13.251135 0.301265 0.041188 0.035496 0.965775 0.024929 0.074438 0.247218
13.254958 0.301265 0.041188 0.035496 0.969217 0.017757 0.060921 0.237892
13.258781 0.301377 0.041188 0.035384 0.971915 0.007748 0.058222 0.227883
13.262604 0.301377 0.041077 0.035384 0.974900 0.000087 0.045038 0.218042
13.266428 0.301377 0.041077 0.035384 0.977184 -0.010155 0.042754 0.207801
13.270251 0.301377 0.041077 0.035384 0.979682 -0.018284 0.029933 0.197466
13.274074 0.301489 0.041077 0.035384 0.983531 -0.028429 0.028393 0.176216
13.277897 0.301489 0.041077 0.035272 0.985039 -0.038939 0.026885 0.165706
13.281720 0.301600 0.040965 0.035272 0.986690 -0.047805 0.014766 0.154723
13.285543 0.301600 0.040965 0.035272 0.987747 -0.058495 0.013708 0.144033
13.289367 0.301600 0.040965 0.035272 0.988569 -0.069205 0.012886 0.133323
13.293190 0.301712 0.040853 0.035161 0.989156 -0.079931 0.012300 0.122597
13.297013 0.301712 0.040853 0.035161 0.989507 -0.090668 0.011949 0.111860
13.300836 0.301712 0.040853 0.035161 0.989622 -0.101409 0.011834 0.101119
13.304659 0.301712 0.040853 0.035161 0.990949 -0.100323 0.002059 0.089165
13.308483 0.301823 0.040853 0.035049 0.989787 -0.111204 0.001079 0.089182
13.312306 0.301823 0.040742 0.035049 0.989426 -0.122063 0.001440 0.078324
13.316129 0.301823 0.040742 0.035049 0.990227 -0.122040 0.002781 0.067449
13.319952 0.301823 0.040742 0.035049 0.988826 -0.132911 0.002040 0.067475
13.323775 0.301823 0.040742 0.035049 0.989508 -0.132880 0.003500 0.056608
13.327598 0.301823 0.040742 0.035049 0.988136 -0.143147 -0.007978 0.055074
13.331422 0.301823 0.040742 0.035049 0.988681 -0.143226 -0.006405 0.044215
13.335245 0.301823 0.040742 0.035049 0.988681 -0.143226 -0.006405 0.044215
13.339068 0.301823 0.040742 0.035049 0.988681 -0.143226 -0.006405 0.044215
13.342891 0.301823 0.040742 0.035049 0.989101 -0.142913 -0.015697 0.031774
13.346714 0.301823 0.040742 0.035161 0.989101 -0.142913 -0.015697 0.031774
13.350537 0.301823 0.040742 0.035161 0.989247 -0.142803 -0.024994 0.019327
13.354361 0.301823 0.040742 0.035161 0.989247 -0.142803 -0.024994 0.019327
13.358184 0.301823 0.040742 0.035161 0.989119 -0.142899 -0.034291 0.006880
13.362007 0.301823 0.040742 0.035161 0.989119 -0.142899 -0.034291 0.006880
13.365830 0.301823 0.040742 0.035161 0.989119 -0.142899 -0.034291 0.006880
13.369653 0.301823 0.040742 0.035272 0.988720 -0.142711 -0.045155 0.005302
13.373477 0.301823 0.040742 0.035272 0.990232 -0.132327 -0.043643 -0.005082
13.377300 0.301823 0.040742 0.035272 0.989695 -0.132247 -0.054519 -0.006536
13.381123 0.301823 0.040742 0.035272 0.989695 -0.132247 -0.054519 -0.006536
13.384946 0.301823 0.040742 0.035384 0.989695 -0.132247 -0.054519 -0.006536
13.388769 0.301823 0.040742 0.035384 0.989695 -0.132247 -0.054519 -0.006536
13.392592 0.301823 0.040630 0.035384 0.989695 -0.132247 -0.054519 -0.006536
13.396416 0.301823 0.040630 0.035384 0.989038 -0.132151 -0.065388 -0.007989
13.400239 0.301823 0.040630 0.035384 0.989038 -0.132151 -0.065388 -0.007989
13.404062 0.301823 0.040630 0.035496 0.987527 -0.143009 -0.065296 -0.008707
13.407885 0.301823 0.040630 0.035496 0.987527 -0.143009 -0.065296 -0.008707
13.411708 0.301823 0.040518 0.035496 0.987527 -0.143009 -0.065296 -0.008707
13.415531 0.301823 0.040518 0.035496 0.986752 -0.142889 -0.076141 -0.010279
13.419355 0.301935 0.040518 0.035496 0.985123 -0.153720 -0.076024 -0.011115
13.423178 0.301935 0.040518 0.035496 0.984941 -0.154546 -0.074331 -0.021937
13.427001 0.301935 0.040518 0.035496 0.984941 -0.154546 -0.074331 -0.021937
13.430824 0.301935 0.040407 0.035496 0.984031 -0.154518 -0.085149 -0.023616
13.434647 0.301935 0.040407 0.035496 0.983712 -0.155444 -0.083447 -0.034425
13.438471 0.301935 0.040407 0.035607 0.983712 -0.155444 -0.083447 -0.034425
13.442294 0.302047 0.040407 0.035607 0.980429 -0.167323 -0.092020 -0.047898
13.446117 0.302047 0.040407 0.035496 0.980429 -0.167323 -0.092020 -0.047898
13.449940 0.302047 0.040407 0.035496 0.979844 -0.168323 -0.090176 -0.058666
13.453763 0.302047 0.040407 0.035496 0.977915 -0.169699 -0.099093 -0.071167
13.457586 0.302158 0.040407 0.035496 0.977074 -0.170777 -0.097223 -0.081906
13.461410 0.302158 0.040407 0.035496 0.976116 -0.171835 -0.095340 -0.092636
13.465233 0.302158 0.040407 0.035496 0.973640 -0.173601 -0.104188 -0.105040
13.469056 0.302158 0.040407 0.035496 0.972427 -0.174735 -0.102274 -0.115730
13.472879 0.302270 0.040407 0.035496 0.971097 -0.175848 -0.100348 -0.126406
13.476702 0.302270 0.040407 0.035496 0.969649 -0.176940 -0.098410 -0.137067
13.480526 0.302270 0.040407 0.035496 0.966496 -0.179189 -0.107148 -0.149317
13.484349 0.302382 0.040407 0.035496 0.964798 -0.180355 -0.105172 -0.159926
13.488172 0.302382 0.040407 0.035496 0.961242 -0.182891 -0.113831 -0.172065
13.491995 0.302382 0.040407 0.035496 0.961242 -0.182891 -0.113831 -0.172065
13.495818 0.302493 0.040407 0.035496 0.957213 -0.194658 -0.109801 -0.183832
13.499641 0.302493 0.040407 0.035496 0.953229 -0.197434 -0.118239 -0.195941
13.503465 0.302493 0.040295 0.035496 0.948964 -0.209430 -0.126629 -0.198924
13.507288 0.302493 0.040295 0.035496 0.944348 -0.221197 -0.122014 -0.210691
13.511111 0.302493 0.040295 0.035496 0.939768 -0.224241 -0.130057 -0.222793
13.514934 0.302493 0.040295 0.035607 0.937248 -0.234552 -0.127601 -0.224208
13.518757 0.302605 0.040295 0.035607 0.932256 -0.246473 -0.135555 -0.227539
13.522580 0.302605 0.040184 0.035607 0.927209 -0.249670 -0.143230 -0.239654
13.526404 0.302605 0.040184 0.035719 0.924410 -0.259841 -0.140588 -0.241214
13.530227 0.302605 0.040184 0.035719 0.916114 -0.273229 -0.145266 -0.254910
13.534050 0.302605 0.040184 0.035719 0.916114 -0.273229 -0.145266 -0.254910
13.537873 0.302605 0.040072 0.035719 0.913057 -0.283277 -0.142457 -0.256490
13.541696 0.302605 0.040072 0.035719 0.907368 -0.286623 -0.149588 -0.268614
13.545520 0.302605 0.040072 0.035830 0.907368 -0.286623 -0.149588 -0.268614
13.549343 0.302605 0.040072 0.035830 0.901141 -0.298167 -0.143361 -0.280158
13.553166 0.302605 0.040072 0.035830 0.898173 -0.300010 -0.153551 -0.282314
13.556989 0.302605 0.040072 0.035830 0.895017 -0.301679 -0.150246 -0.292164
13.560812 0.302605 0.040072 0.035719 0.891754 -0.303311 -0.146923 -0.301979
13.564635 0.302716 0.040072 0.035719 0.891754 -0.303311 -0.146923 -0.301979
13.568459 0.302716 0.040072 0.035719 0.888382 -0.304907 -0.143582 -0.311758
13.572282 0.302716 0.040072 0.035719 0.884904 -0.306466 -0.140223 -0.321499
13.576105 0.302716 0.040072 0.035719 0.884904 -0.306466 -0.140223 -0.321499
13.579928 0.302716 0.040184 0.035719 0.877881 -0.317652 -0.133201 -0.332685
13.583751 0.302716 0.040184 0.035607 0.877881 -0.317652 -0.133201 -0.332685
13.587575 0.302716 0.040184 0.035607 0.874173 -0.319096 -0.129703 -0.342309
13.591398 0.302716 0.040184 0.035607 0.866787 -0.330044 -0.122316 -0.353257
13.595221 0.302716 0.040184 0.035607 0.866787 -0.330044 -0.122316 -0.353257
13.599044 0.302716 0.040072 0.035496 0.859161 -0.340827 -0.114691 -0.364041
13.602867 0.302716 0.040072 0.035496 0.855110 -0.342067 -0.110939 -0.373457
13.606690 0.302716 0.040072 0.035496 0.843717 -0.355357 -0.112787 -0.386189
13.610514 0.302716 0.040072 0.035496 0.839762 -0.364605 -0.108538 -0.387405
13.614337 0.302716 0.040072 0.035384 0.835456 -0.365775 -0.104526 -0.396607
13.618160 0.302828 0.040072 0.035384 0.831387 -0.374931 -0.100162 -0.397731
13.621983 0.302828 0.039960 0.035384 0.819128 -0.387888 -0.101237 -0.410273
13.625806 0.302828 0.039960 0.035384 0.814817 -0.396864 -0.096724 -0.411360
13.629629 0.302828 0.039960 0.035384 0.801983 -0.409572 -0.097314 -0.423797
13.633453 0.302828 0.039849 0.035384 0.797435 -0.418358 -0.092652 -0.424841
13.637276 0.302828 0.039849 0.035384 0.792790 -0.427094 -0.087979 -0.425833
13.641099 0.302828 0.039737 0.035384 0.784020 -0.438389 -0.092777 -0.429558
13.644922 0.302940 0.039737 0.035496 0.779895 -0.440947 -0.102246 -0.432290
13.648745 0.302940 0.039625 0.035496 0.775004 -0.449489 -0.097491 -0.433387
13.652569 0.302940 0.039625 0.035607 0.765746 -0.460388 -0.102120 -0.437319
13.656392 0.302940 0.039514 0.035607 0.765746 -0.460388 -0.102120 -0.437319
13.660215 0.302940 0.039514 0.035607 0.761053 -0.469881 -0.111830 -0.433017
13.664038 0.302940 0.039402 0.035719 0.761053 -0.469881 -0.111830 -0.433017
13.667861 0.302940 0.039402 0.035719 0.751371 -0.480313 -0.116397 -0.437255
13.671684 0.302940 0.039402 0.035830 0.756130 -0.479005 -0.121666 -0.428974
13.675508 0.302940 0.039291 0.035830 0.746269 -0.489173 -0.126251 -0.433420
13.679331 0.303051 0.039291 0.035942 0.746269 -0.489173 -0.126251 -0.433420
13.683154 0.303051 0.039179 0.035942 0.741627 -0.491003 -0.135540 -0.436503
13.686977 0.303051 0.039179 0.036054 0.736188 -0.499121 -0.130736 -0.437966
13.690800 0.303051 0.039179 0.036054 0.731436 -0.500840 -0.139975 -0.441098
13.694623 0.303051 0.039067 0.036054 0.731436 -0.500840 -0.139975 -0.441098
13.698447 0.303051 0.039067 0.036054 0.731436 -0.500840 -0.139975 -0.441098
13.702270 0.303051 0.038956 0.036165 0.716091 -0.512005 -0.138692 -0.453684
13.706093 0.303051 0.038956 0.036165 0.716091 -0.512005 -0.138692 -0.453684
13.709916 0.303163 0.038956 0.036165 0.711064 -0.513498 -0.133059 -0.461523
13.713739 0.303163 0.038956 0.036054 0.705951 -0.514928 -0.127409 -0.469307
13.717563 0.303163 0.038956 0.036054 0.700906 -0.516773 -0.136524 -0.472269
13.721386 0.303163 0.038844 0.036054 0.695675 -0.518242 -0.130838 -0.479940
13.725209 0.303275 0.038844 0.036054 0.690360 -0.519648 -0.125137 -0.487554
13.729032 0.303275 0.038844 0.036054 0.679197 -0.528485 -0.113974 -0.496391
13.732855 0.303275 0.038844 0.036054 0.673703 -0.529705 -0.108161 -0.503823
13.736678 0.303275 0.038844 0.035942 0.668127 -0.530862 -0.102335 -0.511194
13.740502 0.303386 0.038844 0.035942 0.662471 -0.531954 -0.096497 -0.518503
13.744325 0.303386 0.038844 0.035942 0.656735 -0.532982 -0.090647 -0.525750
13.748148 0.303386 0.038844 0.035830 0.645014 -0.541064 -0.078926 -0.533832
13.751971 0.303386 0.038733 0.035830 0.639110 -0.541899 -0.072977 -0.540886
13.755794 0.303386 0.038733 0.035830 0.633129 -0.542668 -0.067019 -0.547875
13.759618 0.303386 0.038733 0.035830 0.621065 -0.550228 -0.054955 -0.555435
13.763441 0.303386 0.038621 0.035719 0.608837 -0.557521 -0.042727 -0.562728
13.767264 0.303386 0.038621 0.035719 0.602618 -0.557956 -0.036599 -0.569383
13.771087 0.303386 0.038621 0.035719 0.590157 -0.564842 -0.024138 -0.576269
13.774910 0.303386 0.038509 0.035719 0.577547 -0.571453 -0.011528 -0.582879
13.778733 0.303386 0.038509 0.035719 0.571234 -0.577764 -0.005124 -0.582971
13.782557 0.303386 0.038509 0.035719 0.558413 -0.583955 0.007697 -0.589162
13.786380 0.303386 0.038398 0.035719 0.558413 -0.583955 0.007697 -0.589162
13.790203 0.303386 0.038398 0.035719 0.545460 -0.589863 0.020651 -0.595070
13.794026 0.303386 0.038398 0.035719 0.538946 -0.595820 0.027187 -0.594808
13.797849 0.303386 0.038398 0.035719 0.519819 -0.604133 0.032042 -0.603146
13.801672 0.303386 0.038398 0.035719 0.513151 -0.609807 0.038666 -0.602757
13.805496 0.303386 0.038286 0.035719 0.506498 -0.609345 0.045363 -0.608358
13.809319 0.303498 0.038286 0.035719 0.493633 -0.617591 0.043847 -0.610725
13.813142 0.303498 0.038286 0.035719 0.486819 -0.622977 0.050554 -0.610206
13.816965 0.303498 0.038286 0.035719 0.466931 -0.630217 0.056043 -0.617788
13.820788 0.303498 0.038286 0.035719 0.466931 -0.630217 0.056043 -0.617788
13.824612 0.303498 0.038286 0.035719 0.446767 -0.637119 0.061744 -0.625034
13.828435 0.303609 0.038286 0.035719 0.446767 -0.637119 0.061744 -0.625034
13.832258 0.303609 0.038286 0.035719 0.432855 -0.641196 0.075656 -0.629111
13.836081 0.303609 0.038286 0.035719 0.432855 -0.641196 0.075656 -0.629111
13.839904 0.303609 0.038286 0.035719 0.419242 -0.648320 0.074587 -0.631154
13.843727 0.303721 0.038286 0.035719 0.405144 -0.651951 0.088684 -0.634785
13.847551 0.303721 0.038398 0.035719 0.405144 -0.651951 0.088684 -0.634785
13.851374 0.303721 0.038398 0.035719 0.398146 -0.650938 0.095841 -0.639198
13.855197 0.303833 0.038398 0.035607 0.383937 -0.654103 0.110051 -0.642363
13.859020 0.303833 0.038286 0.035607 0.383937 -0.654103 0.110051 -0.642363
13.862843 0.303833 0.038286 0.035607 0.376414 -0.654421 0.132098 -0.642336
13.866666 0.303833 0.038286 0.035607 0.376414 -0.654421 0.132098 -0.642336
13.870490 0.303944 0.038286 0.035607 0.362139 -0.656949 0.146373 -0.644864
13.874313 0.303944 0.038286 0.035607 0.362139 -0.656949 0.146373 -0.644864
13.878136 0.303944 0.038286 0.035607 0.347812 -0.659162 0.160700 -0.647077
13.881959 0.303944 0.038286 0.035607 0.340682 -0.657357 0.167932 -0.650859
13.885782 0.303944 0.038286 0.035496 0.326290 -0.659096 0.182324 -0.652599
13.889606 0.303944 0.038286 0.035496 0.304840 -0.663171 0.189247 -0.656858
13.893429 0.303944 0.038174 0.035496 0.297605 -0.661051 0.196521 -0.660168
13.897252 0.303944 0.038174 0.035496 0.290325 -0.664281 0.203762 -0.657969
13.901075 0.304056 0.038174 0.035496 0.268612 -0.667651 0.210889 -0.661525
13.904898 0.304056 0.038174 0.035496 0.261328 -0.665294 0.218211 -0.664436
13.908721 0.304056 0.038174 0.035496 0.246715 -0.665607 0.232824 -0.664749
13.912545 0.304056 0.038063 0.035384 0.224746 -0.668180 0.240148 -0.667348
13.916368 0.304056 0.038063 0.035384 0.210077 -0.667849 0.254817 -0.667018
13.920191 0.304056 0.038063 0.035384 0.195265 -0.672534 0.254892 -0.666783
13.924014 0.304056 0.038063 0.035384 0.187928 -0.669693 0.262265 -0.668888
13.927837 0.304056 0.037951 0.035384 0.180559 -0.671717 0.269597 -0.665966
13.931661 0.304056 0.037951 0.035384 0.158283 -0.672907 0.277119 -0.667344
13.935484 0.304056 0.037951 0.035384 0.150942 -0.669821 0.284495 -0.669043
13.939307 0.304056 0.037951 0.035384 0.143574 -0.671439 0.291828 -0.665877
13.943130 0.304056 0.037951 0.035384 0.128561 -0.670513 0.292068 -0.669761
13.946953 0.304167 0.037951 0.035384 0.121187 -0.671885 0.299408 -0.666512
13.950776 0.304167 0.037840 0.035384 0.121187 -0.671885 0.299408 -0.666512
13.954600 0.304167 0.037840 0.035384 0.113459 -0.674040 0.292279 -0.668857
13.958423 0.304167 0.037840 0.035384 0.098728 -0.671914 0.307010 -0.666730
13.962246 0.304167 0.037840 0.035496 0.098728 -0.671914 0.307010 -0.666730
13.966069 0.304167 0.037840 0.035496 0.090938 -0.673981 0.299893 -0.668988
13.969892 0.304167 0.037951 0.035496 0.090938 -0.673981 0.299893 -0.668988
13.973715 0.304167 0.037951 0.035496 0.083137 -0.675966 0.292740 -0.671164
13.977539 0.304167 0.037951 0.035496 0.068364 -0.673501 0.307513 -0.668699
13.981362 0.304167 0.037951 0.035496 0.060509 -0.675398 0.300368 -0.670787
13.985185 0.304167 0.037951 0.035607 0.060509 -0.675398 0.300368 -0.670787
13.989008 0.304167 0.037951 0.035607 0.052647 -0.677213 0.293188 -0.672794
13.992831 0.304167 0.038063 0.035607 0.045253 -0.673951 0.300610 -0.673332
13.996655 0.304279 0.038063 0.035607 0.029938 -0.676133 0.300813 -0.671907
14.000478 0.304279 0.038063 0.035607 0.022554 -0.672787 0.308223 -0.672196
14.004301 0.304279 0.038174 0.035607 0.007217 -0.671163 0.308421 -0.674066
14.008124 0.304279 0.038174 0.035496 -0.007524 -0.667692 0.323162 -0.670595
14.011947 0.304391 0.038174 0.035496 -0.015512 -0.669404 0.315987 -0.672168
14.015770 0.304391 0.038174 0.035496 -0.030209 -0.665601 0.330685 -0.668364
14.019594 0.304391 0.038174 0.035496 -0.037550 -0.661927 0.337977 -0.667992
14.023417 0.304391 0.038286 0.035496 -0.052115 -0.657642 0.352541 -0.663706
14.027240 0.304502 0.038286 0.035384 -0.074685 -0.654718 0.359914 -0.660476
14.031063 0.304502 0.038174 0.035384 -0.089080 -0.649785 0.374310 -0.655543
14.034886 0.304502 0.038174 0.035384 -0.103364 -0.644537 0.388594 -0.650295
14.038710 0.304502 0.038174 0.035384 -0.117529 -0.638976 0.402759 -0.644734
14.042533 0.304614 0.038174 0.035384 -0.124542 -0.637646 0.409817 -0.640270
14.046356 0.304614 0.038174 0.035272 -0.138516 -0.631622 0.423791 -0.634246
14.050179 0.304614 0.038174 0.035272 -0.145446 -0.630062 0.430734 -0.629552
14.054002 0.304614 0.038174 0.035272 -0.159214 -0.623580 0.444502 -0.623070
14.057825 0.304614 0.038063 0.035272 -0.172876 -0.619932 0.458084 -0.613154
14.061649 0.304614 0.038063 0.035272 -0.186346 -0.612852 0.471554 -0.606074
14.065472 0.304614 0.038063 0.035272 -0.193068 -0.610767 0.478183 -0.600856
14.069295 0.304614 0.037951 0.035272 -0.206297 -0.603247 0.491413 -0.593336
14.073118 0.304726 0.037951 0.035272 -0.212912 -0.600944 0.497901 -0.587902
14.076941 0.304726 0.037951 0.035272 -0.219501 -0.598569 0.504330 -0.582396
14.080764 0.304726 0.037840 0.035272 -0.232387 -0.590475 0.517216 -0.574302
14.084588 0.304726 0.037840 0.035272 -0.253551 -0.582932 0.523170 -0.567623
14.088411 0.304726 0.037840 0.035272 -0.266297 -0.577221 0.535515 -0.555991
14.092234 0.304726 0.037728 0.035272 -0.278649 -0.568276 0.547867 -0.547046
14.096057 0.304726 0.037728 0.035272 -0.293349 -0.565645 0.547112 -0.542827
14.099880 0.304726 0.037728 0.035272 -0.305425 -0.556278 0.559187 -0.533460
14.103704 0.304837 0.037616 0.035272 -0.319984 -0.553175 0.558259 -0.529107
14.107527 0.304837 0.037616 0.035272 -0.319984 -0.553175 0.558259 -0.529107
14.111350 0.304837 0.037616 0.035272 -0.340215 -0.543597 0.563242 -0.521070
14.115173 0.304837 0.037505 0.035272 -0.346167 -0.539827 0.568933 -0.514851
14.118996 0.304837 0.037505 0.035272 -0.351802 -0.533544 0.574829 -0.511017
14.122819 0.304837 0.037393 0.035272 -0.360229 -0.533662 0.567980 -0.512678
14.126643 0.304837 0.037393 0.035272 -0.366071 -0.529672 0.573578 -0.506407
14.130466 0.304837 0.037393 0.035272 -0.366071 -0.529672 0.573578 -0.506407
14.134289 0.304837 0.037281 0.035272 -0.371867 -0.525619 0.579107 -0.500075
14.138112 0.304837 0.037281 0.035272 -0.371867 -0.525619 0.579107 -0.500075
14.141935 0.304837 0.037281 0.035272 -0.377339 -0.519225 0.584846 -0.495959
14.145758 0.304837 0.037281 0.035272 -0.385741 -0.519170 0.577965 -0.497618
14.149582 0.304837 0.037170 0.035272 -0.385741 -0.519170 0.577965 -0.497618
14.153405 0.304726 0.037170 0.035272 -0.385741 -0.519170 0.577965 -0.497618
14.157228 0.304726 0.037170 0.035272 -0.385741 -0.519170 0.577965 -0.497618
14.161051 0.304726 0.037170 0.035384 -0.394096 -0.519052 0.571013 -0.499217
14.164874 0.304726 0.037058 0.035384 -0.399556 -0.512748 0.576681 -0.494857
14.168698 0.304726 0.037058 0.035384 -0.399556 -0.512748 0.576681 -0.494857
14.172521 0.304726 0.037058 0.035384 -0.404969 -0.506381 0.582280 -0.490437
14.176344 0.304726 0.036947 0.035384 -0.413308 -0.506355 0.575257 -0.491793
14.180167 0.304726 0.036947 0.035384 -0.418686 -0.500005 0.580785 -0.487222
14.183990 0.304726 0.036835 0.035384 -0.432329 -0.493663 0.579151 -0.483707
14.187813 0.304726 0.036835 0.035384 -0.437727 -0.488884 0.584430 -0.477315
14.191637 0.304726 0.036723 0.035384 -0.451219 -0.482430 0.582615 -0.473520
14.195460 0.304837 0.036612 0.035384 -0.461514 -0.469513 0.593074 -0.463492
14.199283 0.304837 0.036612 0.035272 -0.466578 -0.462969 0.598196 -0.458394
14.203106 0.304837 0.036500 0.035272 -0.476537 -0.449715 0.608224 -0.448032
14.206929 0.304837 0.036500 0.035161 -0.481430 -0.443006 0.613128 -0.442770
14.210753 0.304837 0.036388 0.035161 -0.491042 -0.429428 0.622713 -0.432086
14.214576 0.304949 0.036388 0.035049 -0.495759 -0.422561 0.627393 -0.426665
14.218399 0.304949 0.036277 0.035049 -0.505014 -0.408674 0.636526 -0.415670
14.222222 0.304949 0.036165 0.035049 -0.501209 -0.400720 0.648066 -0.410150
14.226045 0.304949 0.036165 0.034937 -0.505685 -0.393576 0.652429 -0.404619
14.229868 0.305060 0.036054 0.034937 -0.510100 -0.386384 0.656714 -0.399039
14.233692 0.305060 0.036054 0.034937 -0.514453 -0.379146 0.660919 -0.393411
14.237515 0.305060 0.036054 0.034937 -0.527074 -0.373110 0.658003 -0.387316
14.241338 0.305060 0.035942 0.034937 -0.535285 -0.360000 0.666214 -0.374205
14.245161 0.305060 0.035942 0.034937 -0.543559 -0.361189 0.659102 -0.373725
14.248984 0.305060 0.035830 0.034937 -0.543711 -0.359922 0.658950 -0.374993
14.252807 0.305060 0.035830 0.035049 -0.551899 -0.361237 0.651778 -0.374300
14.256631 0.305060 0.035830 0.035049 -0.560021 -0.362508 0.644528 -0.373561
14.260454 0.305060 0.035719 0.035161 -0.568076 -0.363736 0.637200 -0.372777
14.264277 0.305060 0.035719 0.035161 -0.576062 -0.364920 0.629795 -0.371948
14.268100 0.305060 0.035719 0.035161 -0.576145 -0.364331 0.629711 -0.372537
14.271923 0.305060 0.035719 0.035272 -0.579986 -0.372034 0.618135 -0.378308
14.275747 0.305060 0.035719 0.035272 -0.583656 -0.379819 0.606435 -0.383823
14.279570 0.305060 0.035719 0.035384 -0.587154 -0.387683 0.594617 -0.389080
14.283393 0.305060 0.035719 0.035384 -0.587154 -0.387683 0.594617 -0.389080
14.287216 0.305172 0.035719 0.035384 -0.590478 -0.395623 0.582686 -0.394076
14.291039 0.305172 0.035830 0.035384 -0.586096 -0.402086 0.578321 -0.400453
14.294862 0.305172 0.035830 0.035384 -0.586077 -0.402171 0.578340 -0.400368
14.298686 0.305172 0.035830 0.035384 -0.589098 -0.410382 0.566291 -0.404802
14.302509 0.305172 0.035830 0.035384 -0.584554 -0.416829 0.561809 -0.410999
14.306332 0.305172 0.035830 0.035384 -0.584488 -0.417078 0.561876 -0.410750
14.310155 0.305284 0.035830 0.035384 -0.572483 -0.421350 0.564856 -0.419125
14.313978 0.305284 0.035830 0.035384 -0.577053 -0.415119 0.569451 -0.412810
14.317802 0.305284 0.035830 0.035384 -0.577053 -0.415119 0.569451 -0.412810
14.321625 0.305395 0.035830 0.035384 -0.577026 -0.415202 0.569477 -0.412727
14.325448 0.305395 0.035830 0.035272 -0.581526 -0.408920 0.574005 -0.406363
14.329271 0.305395 0.035830 0.035272 -0.569672 -0.412703 0.576833 -0.415227
14.333094 0.305395 0.035830 0.035272 -0.574199 -0.406341 0.581332 -0.408943
14.336917 0.305507 0.035830 0.035272 -0.578657 -0.399930 0.585761 -0.402610
14.340741 0.305507 0.035830 0.035272 -0.578657 -0.399930 0.585761 -0.402610
14.344564 0.305507 0.035719 0.035161 -0.578688 -0.399852 0.585731 -0.402688
14.348387 0.305507 0.035719 0.035161 -0.578688 -0.399852 0.585731 -0.402688
14.352210 0.305507 0.035719 0.035161 -0.583077 -0.393393 0.590089 -0.396306
14.356033 0.305507 0.035719 0.035161 -0.583077 -0.393393 0.590089 -0.396306
14.359856 0.305507 0.035719 0.035161 -0.590250 -0.396373 0.582914 -0.393325
14.363680 0.305507 0.035607 0.035272 -0.590250 -0.396373 0.582914 -0.393325
14.367503 0.305507 0.035607 0.035272 -0.594569 -0.389865 0.587200 -0.386898
14.371326 0.305619 0.035607 0.035272 -0.601703 -0.392718 0.579922 -0.383949
14.375149 0.305619 0.035607 0.035272 -0.601703 -0.392718 0.579922 -0.383949
14.378972 0.305619 0.035496 0.035272 -0.601703 -0.392718 0.579922 -0.383949
14.382796 0.305619 0.035496 0.035384 -0.608764 -0.395524 0.572573 -0.380955
14.386619 0.305619 0.035496 0.035384 -0.608764 -0.395524 0.572573 -0.380955
14.390442 0.305619 0.035384 0.035384 -0.608764 -0.395524 0.572573 -0.380955
14.394265 0.305619 0.035384 0.035496 -0.608764 -0.395524 0.572573 -0.380955
14.398088 0.305619 0.035384 0.035496 -0.608764 -0.395524 0.572573 -0.380955
14.401911 0.305619 0.035272 0.035496 -0.608764 -0.395524 0.572573 -0.380955
14.405735 0.305619 0.035272 0.035496 -0.608764 -0.395524 0.572573 -0.380955
14.409558 0.305619 0.035161 0.035496 -0.608764 -0.395524 0.572573 -0.380955
14.413381 0.305619 0.035161 0.035496 -0.612913 -0.389210 0.576884 -0.374244
14.417204 0.305619 0.035161 0.035496 -0.616987 -0.382849 0.581125 -0.367487
14.421027 0.305619 0.035049 0.035496 -0.616987 -0.382849 0.581125 -0.367487
14.424850 0.305730 0.035049 0.035496 -0.620987 -0.376442 0.585296 -0.360687
14.428674 0.305730 0.035049 0.035384 -0.620810 -0.376832 0.585474 -0.360297
14.432497 0.305730 0.034937 0.035384 -0.617880 -0.367096 0.596724 -0.356911
14.436320 0.305730 0.034937 0.035384 -0.628576 -0.363877 0.593612 -0.346570
14.440143 0.305730 0.034826 0.035384 -0.632345 -0.357334 0.597573 -0.339644
14.443966 0.305842 0.034714 0.035384 -0.636039 -0.350747 0.601463 -0.332676
14.447790 0.305842 0.034714 0.035384 -0.636039 -0.350747 0.601463 -0.332676
14.451613 0.305842 0.034714 0.035384 -0.639655 -0.344118 0.605280 -0.325668
14.455436 0.305842 0.034603 0.035384 -0.649767 -0.341076 0.601996 -0.314755
14.459259 0.305953 0.034603 0.035384 -0.656261 -0.344662 0.594895 -0.310851
14.463082 0.305953 0.034491 0.035384 -0.656261 -0.344662 0.594895 -0.310851
14.466905 0.305953 0.034379 0.035496 -0.662676 -0.348207 0.587723 -0.306910
14.470729 0.305953 0.034379 0.035496 -0.662676 -0.348207 0.587723 -0.306910
14.474552 0.305953 0.034379 0.035496 -0.658811 -0.355466 0.584316 -0.313348
14.478375 0.306065 0.034379 0.035607 -0.665107 -0.359038 0.577117 -0.309290
14.482198 0.306065 0.034268 0.035607 -0.665107 -0.359038 0.577117 -0.309290
14.486021 0.306065 0.034268 0.035607 -0.665107 -0.359038 0.577117 -0.309290
14.489845 0.306065 0.034268 0.035607 -0.667300 -0.369920 0.566460 -0.311437
14.493668 0.306065 0.034268 0.035607 -0.667300 -0.369920 0.566460 -0.311437
14.497491 0.306065 0.034268 0.035719 -0.659666 -0.383391 0.558826 -0.324908
14.501314 0.306065 0.034268 0.035719 -0.659666 -0.383391 0.558826 -0.324908
14.505137 0.306065 0.034268 0.035719 -0.649270 -0.386962 0.562394 -0.335293
14.508960 0.306065 0.034268 0.035719 -0.649270 -0.386962 0.562394 -0.335293
14.512784 0.306065 0.034268 0.035719 -0.649270 -0.386962 0.562394 -0.335293
14.516607 0.306065 0.034268 0.035719 -0.644980 -0.394072 0.558676 -0.341452
14.520430 0.306065 0.034268 0.035719 -0.644980 -0.394072 0.558676 -0.341452
14.524253 0.306065 0.034268 0.035719 -0.640612 -0.401134 0.554891 -0.347569
14.528076 0.306065 0.034268 0.035719 -0.640612 -0.401134 0.554891 -0.347569
14.531899 0.306065 0.034268 0.035719 -0.636166 -0.408147 0.551039 -0.353644
14.535723 0.306065 0.034268 0.035719 -0.632243 -0.414176 0.546522 -0.360611
14.539546 0.306065 0.034268 0.035830 -0.627654 -0.421097 0.542528 -0.366594
14.543369 0.306065 0.034268 0.035830 -0.627654 -0.421097 0.542528 -0.366594
14.547192 0.305953 0.034268 0.035830 -0.617437 -0.423215 0.544864 -0.377866
14.551015 0.305953 0.034268 0.035830 -0.612751 -0.429973 0.540680 -0.383829
14.554839 0.305953 0.034268 0.035830 -0.612751 -0.429973 0.540680 -0.383829
14.558662 0.305953 0.034268 0.035830 -0.603671 -0.442546 0.531601 -0.396402
14.562485 0.305953 0.034268 0.035830 -0.603671 -0.442546 0.531601 -0.396402
14.566308 0.305953 0.034379 0.035830 -0.598773 -0.449151 0.527214 -0.402218
14.570131 0.305953 0.034379 0.035830 -0.583134 -0.457429 0.524547 -0.419004
14.573954 0.305953 0.034379 0.035830 -0.583134 -0.457429 0.524547 -0.419004
14.577778 0.305953 0.034379 0.035830 -0.578073 -0.463808 0.519912 -0.424741
14.581601 0.305953 0.034379 0.035830 -0.567146 -0.465454 0.521538 -0.435541
14.585424 0.305953 0.034379 0.035830 -0.555749 -0.467493 0.523363 -0.445740
14.589247 0.305953 0.034379 0.035830 -0.550580 -0.473570 0.518435 -0.451463
14.593070 0.306065 0.034491 0.035830 -0.544310 -0.469281 0.524964 -0.455976
14.596893 0.306065 0.034491 0.035719 -0.532835 -0.470818 0.526339 -0.466245
14.600717 0.306065 0.034491 0.035719 -0.522413 -0.482341 0.515917 -0.477767
14.604540 0.306065 0.034491 0.035719 -0.516062 -0.477869 0.522270 -0.482240
14.608363 0.306065 0.034491 0.035719 -0.509648 -0.473340 0.528560 -0.486655
14.612186 0.306065 0.034491 0.035719 -0.497993 -0.474253 0.529359 -0.496856
14.616009 0.306065 0.034491 0.035607 -0.497993 -0.474253 0.529359 -0.496856
14.619833 0.306065 0.034491 0.035607 -0.486320 -0.474910 0.529934 -0.507073
14.623656 0.306177 0.034491 0.035607 -0.479829 -0.470067 0.535936 -0.511443
14.627479 0.306177 0.034491 0.035607 -0.479829 -0.470067 0.535936 -0.511443
14.631302 0.306177 0.034491 0.035607 -0.479829 -0.470067 0.535936 -0.511443
14.635125 0.306177 0.034491 0.035607 -0.473280 -0.465168 0.541872 -0.515751
14.638948 0.306177 0.034491 0.035607 -0.468141 -0.470339 0.536174 -0.521673
14.642772 0.306177 0.034491 0.035607 -0.473844 -0.464420 0.541308 -0.516498
14.646595 0.306177 0.034491 0.035607 -0.473844 -0.464420 0.541308 -0.516498
14.650418 0.306177 0.034491 0.035607 -0.467341 -0.459329 0.547077 -0.520880
14.654241 0.306177 0.034491 0.035607 -0.467341 -0.459329 0.547077 -0.520880
14.658064 0.306177 0.034491 0.035607 -0.467341 -0.459329 0.547077 -0.520880
14.661888 0.306177 0.034491 0.035607 -0.467341 -0.459329 0.547077 -0.520880
14.665711 0.306177 0.034491 0.035607 -0.462267 -0.464435 0.541322 -0.526859
14.669534 0.306177 0.034491 0.035607 -0.468027 -0.458460 0.546391 -0.521748
14.673357 0.306177 0.034491 0.035607 -0.468027 -0.458460 0.546391 -0.521748
14.677180 0.306177 0.034491 0.035607 -0.468027 -0.458460 0.546391 -0.521748
14.681003 0.306177 0.034491 0.035607 -0.462962 -0.463574 0.540627 -0.527720
14.684827 0.306177 0.034491 0.035607 -0.462962 -0.463574 0.540627 -0.527720
14.688650 0.306177 0.034491 0.035607 -0.462962 -0.463574 0.540627 -0.527720
14.692473 0.306177 0.034491 0.035607 -0.462962 -0.463574 0.540627 -0.527720
14.696296 0.306177 0.034491 0.035607 -0.462962 -0.463574 0.540627 -0.527720
14.700119 0.306177 0.034491 0.035607 -0.457841 -0.468633 0.534796 -0.533627
14.703942 0.306177 0.034491 0.035607 -0.463676 -0.462729 0.539912 -0.528565
14.707766 0.306177 0.034491 0.035607 -0.463676 -0.462729 0.539912 -0.528565
14.711589 0.306177 0.034491 0.035607 -0.463676 -0.462729 0.539912 -0.528565
14.715412 0.306177 0.034491 0.035607 -0.463676 -0.462729 0.539912 -0.528565
14.719235 0.306065 0.034491 0.035607 -0.469906 -0.468154 0.534409 -0.523858
14.723058 0.306065 0.034491 0.035607 -0.469906 -0.468154 0.534409 -0.523858
14.726882 0.306065 0.034491 0.035607 -0.469906 -0.468154 0.534409 -0.523858
14.730705 0.306065 0.034491 0.035607 -0.469906 -0.468154 0.534409 -0.523858
14.734528 0.306065 0.034491 0.035607 -0.475633 -0.462255 0.539520 -0.518664
14.738351 0.306065 0.034491 0.035607 -0.475633 -0.462255 0.539520 -0.518664
14.742174 0.306065 0.034491 0.035607 -0.475633 -0.462255 0.539520 -0.518664
14.745997 0.306065 0.034491 0.035607 -0.475633 -0.462255 0.539520 -0.518664
14.749821 0.306065 0.034491 0.035607 -0.475633 -0.462255 0.539520 -0.518664
14.753644 0.306065 0.034491 0.035607 -0.481302 -0.456300 0.544566 -0.513407
14.757467 0.306065 0.034491 0.035607 -0.481302 -0.456300 0.544566 -0.513407
14.761290 0.306065 0.034491 0.035607 -0.481302 -0.456300 0.544566 -0.513407
14.765113 0.306065 0.034491 0.035496 -0.486914 -0.450290 0.549546 -0.508088
14.768937 0.306065 0.034491 0.035496 -0.486914 -0.450290 0.549546 -0.508088
14.772760 0.306177 0.034491 0.035496 -0.492466 -0.444225 0.554460 -0.502708
14.776583 0.306177 0.034491 0.035496 -0.486449 -0.438563 0.559719 -0.507685
14.780406 0.306177 0.034491 0.035496 -0.491997 -0.432388 0.564504 -0.502310
14.784229 0.306177 0.034491 0.035496 -0.487217 -0.437767 0.558951 -0.508482
14.788052 0.306177 0.034491 0.035496 -0.492774 -0.431600 0.563727 -0.503098
14.791876 0.306177 0.034491 0.035384 -0.492774 -0.431600 0.563727 -0.503098
14.795699 0.306065 0.034491 0.035384 -0.493568 -0.430829 0.562933 -0.503869
14.799522 0.306065 0.034603 0.035384 -0.493568 -0.430829 0.562933 -0.503869
14.803345 0.306065 0.034603 0.035384 -0.499974 -0.436151 0.557291 -0.499224
14.807168 0.306065 0.034603 0.035384 -0.499974 -0.436151 0.557291 -0.499224
14.810991 0.306065 0.034603 0.035384 -0.499974 -0.436151 0.557291 -0.499224
14.814815 0.306065 0.034603 0.035384 -0.495152 -0.441617 0.551773 -0.505316
14.818638 0.306065 0.034714 0.035384 -0.506082 -0.441664 0.551821 -0.494274
14.822461 0.306065 0.034714 0.035384 -0.506082 -0.441664 0.551821 -0.494274
14.826284 0.306065 0.034714 0.035496 -0.501199 -0.447198 0.546358 -0.500307
14.830107 0.306065 0.034714 0.035496 -0.506479 -0.453339 0.541583 -0.494622
14.833931 0.306065 0.034714 0.035496 -0.506479 -0.453339 0.541583 -0.494622
14.837754 0.306065 0.034714 0.035496 -0.501015 -0.459261 0.536569 -0.500157
14.841577 0.306065 0.034714 0.035496 -0.501015 -0.459261 0.536569 -0.500157
14.845400 0.306065 0.034714 0.035496 -0.501015 -0.459261 0.536569 -0.500157
14.849223 0.306065 0.034714 0.035496 -0.506296 -0.465294 0.531662 -0.494471
14.853046 0.306065 0.034714 0.035496 -0.506296 -0.465294 0.531662 -0.494471
14.856870 0.306065 0.034714 0.035496 -0.506296 -0.465294 0.531662 -0.494471
14.860693 0.306065 0.034603 0.035496 -0.506296 -0.465294 0.531662 -0.494471
14.864516 0.306065 0.034603 0.035496 -0.501015 -0.459261 0.536569 -0.500157
14.868339 0.306065 0.034603 0.035496 -0.501015 -0.459261 0.536569 -0.500157
14.872162 0.306065 0.034603 0.035496 -0.501015 -0.459261 0.536569 -0.500157
14.875985 0.306065 0.034603 0.035496 -0.501015 -0.459261 0.536569 -0.500157
14.879809 0.306065 0.034603 0.035496 -0.506479 -0.453339 0.541583 -0.494622
14.883632 0.306065 0.034603 0.035496 -0.506479 -0.453339 0.541583 -0.494622
14.887455 0.306065 0.034603 0.035496 -0.506479 -0.453339 0.541583 -0.494622
14.891278 0.306065 0.034603 0.035496 -0.506479 -0.453339 0.541583 -0.494622
14.895101 0.306065 0.034603 0.035496 -0.506479 -0.453339 0.541583 -0.494622
14.898925 0.306177 0.034603 0.035496 -0.511883 -0.447361 0.546530 -0.489028
14.902748 0.306177 0.034603 0.035496 -0.511883 -0.447361 0.546530 -0.489028
14.906571 0.306177 0.034603 0.035496 -0.511883 -0.447361 0.546530 -0.489028
14.910394 0.306177 0.034603 0.035496 -0.511883 -0.447361 0.546530 -0.489028
14.914217 0.306177 0.034603 0.035496 -0.511883 -0.447361 0.546530 -0.489028
14.918040 0.306177 0.034603 0.035496 -0.511883 -0.447361 0.546530 -0.489028
14.921864 0.306065 0.034603 0.035496 -0.511883 -0.447361 0.546530 -0.489028
14.925687 0.306065 0.034603 0.035496 -0.517038 -0.453500 0.541757 -0.483227
14.929510 0.306065 0.034603 0.035496 -0.517038 -0.453500 0.541757 -0.483227
14.933333 0.306177 0.034603 0.035496 -0.517038 -0.453500 0.541757 -0.483227
14.937156 0.306177 0.034603 0.035496 -0.517038 -0.453500 0.541757 -0.483227
14.940980 0.306177 0.034603 0.035496 -0.517038 -0.453500 0.541757 -0.483227
14.944803 0.306177 0.034603 0.035496 -0.517038 -0.453500 0.541757 -0.483227
14.948626 0.306177 0.034603 0.035496 -0.522315 -0.447521 0.546707 -0.477518
14.952449 0.306177 0.034603 0.035496 -0.517367 -0.453232 0.541428 -0.483495
14.956272 0.306177 0.034603 0.035496 -0.522328 -0.459424 0.536721 -0.477528
14.960095 0.306177 0.034603 0.035496 -0.522328 -0.459424 0.536721 -0.477528
14.963919 0.306177 0.034603 0.035496 -0.522328 -0.459424 0.536721 -0.477528
14.967742 0.306177 0.034603 0.035496 -0.522328 -0.459424 0.536721 -0.477528
14.971565 0.306177 0.034603 0.035496 -0.522328 -0.459424 0.536721 -0.477528
14.975388 0.306177 0.034603 0.035496 -0.522328 -0.459424 0.536721 -0.477528
14.979211 0.306177 0.034603 0.035496 -0.522328 -0.459424 0.536721 -0.477528
14.983034 0.306177 0.034603 0.035496 -0.522328 -0.459424 0.536721 -0.477528
14.986858 0.306177 0.034603 0.035496 -0.527542 -0.453500 0.541736 -0.471761
14.990681 0.306177 0.034714 0.035496 -0.527542 -0.453500 0.541736 -0.471761
14.994504 0.306177 0.034714 0.035496 -0.522528 -0.459268 0.536521 -0.477684
14.998327 0.306177 0.034714 0.035496 -0.522528 -0.459268 0.536521 -0.477684
15.002150 0.306177 0.034714 0.035496 -0.517703 -0.452972 0.541092 -0.483756
15.005974 0.306177 0.034714 0.035496 -0.517703 -0.452972 0.541092 -0.483756
15.009797 0.306177 0.034714 0.035496 -0.517703 -0.452972 0.541092 -0.483756
15.013620 0.306177 0.034714 0.035496 -0.517703 -0.452972 0.541092 -0.483756
15.017443 0.306177 0.034714 0.035496 -0.517703 -0.452972 0.541092 -0.483756
15.021266 0.306177 0.034714 0.035496 -0.522986 -0.447000 0.546036 -0.478039
15.025089 0.306177 0.034714 0.035384 -0.522986 -0.447000 0.546036 -0.478039
15.028913 0.306177 0.034714 0.035384 -0.522986 -0.447000 0.546036 -0.478039
15.032736 0.306177 0.034714 0.035384 -0.522986 -0.447000 0.546036 -0.478039
15.036559 0.306177 0.034714 0.035384 -0.522986 -0.447000 0.546036 -0.478039
15.040382 0.306177 0.034714 0.035384 -0.522986 -0.447000 0.546036 -0.478039
15.044205 0.306177 0.034714 0.035384 -0.522986 -0.447000 0.546036 -0.478039
15.048028 0.306177 0.034714 0.035384 -0.522986 -0.447000 0.546036 -0.478039
15.051852 0.306177 0.034714 0.035384 -0.528206 -0.440974 0.550914 -0.472265
15.055675 0.306177 0.034714 0.035384 -0.528206 -0.440974 0.550914 -0.472265
15.059498 0.306177 0.034714 0.035384 -0.528206 -0.440974 0.550914 -0.472265
15.063321 0.306177 0.034714 0.035384 -0.528206 -0.440974 0.550914 -0.472265
15.067144 0.306177 0.034714 0.035384 -0.528206 -0.440974 0.550914 -0.472265
15.070968 0.306177 0.034714 0.035384 -0.528206 -0.440974 0.550914 -0.472265
15.074791 0.306177 0.034714 0.035384 -0.528206 -0.440974 0.550914 -0.472265
15.078614 0.306177 0.034714 0.035384 -0.528206 -0.440974 0.550914 -0.472265
15.082437 0.306177 0.034714 0.035384 -0.528206 -0.440974 0.550914 -0.472265
15.086260 0.306177 0.034714 0.035384 -0.528206 -0.440974 0.550914 -0.472265
15.090083 0.306177 0.034603 0.035384 -0.528206 -0.440974 0.550914 -0.472265
15.093907 0.306177 0.034603 0.035384 -0.533019 -0.435144 0.556069 -0.466184
15.097730 0.306177 0.034603 0.035384 -0.533019 -0.435144 0.556069 -0.466184
15.101553 0.306177 0.034603 0.035384 -0.533019 -0.435144 0.556069 -0.466184
15.105376 0.306177 0.034603 0.035384 -0.533019 -0.435144 0.556069 -0.466184
15.109199 0.306177 0.034603 0.035384 -0.537780 -0.441488 0.551569 -0.460057
15.113023 0.306177 0.034603 0.035496 -0.537780 -0.441488 0.551569 -0.460057
15.116846 0.306177 0.034603 0.035496 -0.542598 -0.435553 0.556590 -0.453969
15.120669 0.306177 0.034603 0.035496 -0.537578 -0.441642 0.551772 -0.459903
15.124492 0.306177 0.034603 0.035496 -0.537578 -0.441642 0.551772 -0.459903
15.128315 0.306177 0.034603 0.035496 -0.537578 -0.441642 0.551772 -0.459903
15.132138 0.306177 0.034491 0.035496 -0.537578 -0.441642 0.551772 -0.459903
15.135962 0.306177 0.034491 0.035496 -0.537578 -0.441642 0.551772 -0.459903
15.139785 0.306177 0.034491 0.035496 -0.542397 -0.435709 0.556791 -0.453813
15.143608 0.306177 0.034491 0.035496 -0.542397 -0.435709 0.556791 -0.453813
15.147431 0.306177 0.034491 0.035496 -0.542397 -0.435709 0.556791 -0.453813
15.151254 0.306177 0.034491 0.035496 -0.542397 -0.435709 0.556791 -0.453813
15.155077 0.306177 0.034491 0.035496 -0.542397 -0.435709 0.556791 -0.453813
15.158901 0.306177 0.034491 0.035607 -0.542397 -0.435709 0.556791 -0.453813
15.162724 0.306177 0.034491 0.035607 -0.542397 -0.435709 0.556791 -0.453813
15.166547 0.306177 0.034491 0.035607 -0.547297 -0.441843 0.552022 -0.447786
15.170370 0.306177 0.034491 0.035607 -0.542345 -0.447881 0.547135 -0.453772
15.174193 0.306177 0.034491 0.035607 -0.542345 -0.447881 0.547135 -0.453772
15.178017 0.306177 0.034491 0.035607 -0.542345 -0.447881 0.547135 -0.453772
15.181840 0.306177 0.034491 0.035607 -0.542345 -0.447881 0.547135 -0.453772
15.185663 0.306177 0.034491 0.035607 -0.542345 -0.447881 0.547135 -0.453772
15.189486 0.306177 0.034491 0.035607 -0.542345 -0.447881 0.547135 -0.453772
15.193309 0.306177 0.034491 0.035607 -0.537327 -0.453865 0.542181 -0.459703
15.197132 0.306177 0.034491 0.035719 -0.537327 -0.453865 0.542181 -0.459703
15.200956 0.306177 0.034491 0.035719 -0.542293 -0.459837 0.537214 -0.453729
15.204779 0.306177 0.034491 0.035719 -0.542293 -0.459837 0.537214 -0.453729
15.208602 0.306177 0.034603 0.035719 -0.537275 -0.465711 0.532129 -0.459659
15.212425 0.306177 0.034603 0.035719 -0.532127 -0.471586 0.527047 -0.465477
15.216248 0.306177 0.034603 0.035719 -0.532127 -0.471586 0.527047 -0.465477
15.220072 0.306177 0.034603 0.035719 -0.537029 -0.477501 0.522016 -0.459447
15.223895 0.306177 0.034603 0.035830 -0.537029 -0.477501 0.522016 -0.459447
15.227718 0.306177 0.034603 0.035830 -0.531949 -0.483207 0.516739 -0.465320
15.231541 0.306177 0.034603 0.035830 -0.531949 -0.483207 0.516739 -0.465320
15.235364 0.306177 0.034603 0.035830 -0.526608 -0.489022 0.511595 -0.470968
15.239187 0.306177 0.034714 0.035830 -0.526608 -0.489022 0.511595 -0.470968
15.243011 0.306177 0.034714 0.035830 -0.526608 -0.489022 0.511595 -0.470968
15.246834 0.306177 0.034714 0.035830 -0.526608 -0.489022 0.511595 -0.470968
15.250657 0.306177 0.034714 0.035830 -0.531750 -0.483372 0.516937 -0.465155
15.254480 0.306177 0.034714 0.035830 -0.531750 -0.483372 0.516937 -0.465155
15.258303 0.306177 0.034714 0.035830 -0.531750 -0.483372 0.516937 -0.465155
15.262126 0.306177 0.034714 0.035830 -0.531750 -0.483372 0.516937 -0.465155
15.265950 0.306177 0.034714 0.035830 -0.531750 -0.483372 0.516937 -0.465155
15.269773 0.306177 0.034714 0.035830 -0.531750 -0.483372 0.516937 -0.465155
15.273596 0.306177 0.034714 0.035830 -0.531750 -0.483372 0.516937 -0.465155
15.277419 0.306177 0.034714 0.035830 -0.536829 -0.477664 0.522216 -0.459285
15.281242 0.306177 0.034714 0.035830 -0.542044 -0.471738 0.527230 -0.453520
15.285066 0.306177 0.034603 0.035830 -0.542044 -0.471738 0.527230 -0.453520
15.288889 0.306177 0.034603 0.035830 -0.542044 -0.471738 0.527230 -0.453520
15.292712 0.306177 0.034603 0.035830 -0.542044 -0.471738 0.527230 -0.453520
15.296535 0.306177 0.034603 0.035830 -0.542044 -0.471738 0.527230 -0.453520
15.300358 0.306177 0.034603 0.035830 -0.542044 -0.471738 0.527230 -0.453520
15.304181 0.306288 0.034603 0.035830 -0.542044 -0.471738 0.527230 -0.453520
15.308005 0.306288 0.034603 0.035830 -0.552079 -0.459879 0.537266 -0.441662
15.311828 0.306288 0.034603 0.035830 -0.552079 -0.459879 0.537266 -0.441662
15.315651 0.306288 0.034603 0.035830 -0.552079 -0.459879 0.537266 -0.441662
15.319474 0.306288 0.034603 0.035719 -0.552079 -0.459879 0.537266 -0.441662
15.323297 0.306288 0.034603 0.035719 -0.552079 -0.459879 0.537266 -0.441662
15.327120 0.306288 0.034603 0.035719 -0.552079 -0.459879 0.537266 -0.441662
15.330944 0.306288 0.034603 0.035719 -0.551877 -0.460040 0.537468 -0.441501
15.334767 0.306288 0.034603 0.035719 -0.551877 -0.460040 0.537468 -0.441501
15.338590 0.306288 0.034603 0.035719 -0.551877 -0.460040 0.537468 -0.441501
15.342413 0.306288 0.034714 0.035719 -0.551877 -0.460040 0.537468 -0.441501
15.346236 0.306177 0.034714 0.035719 -0.551877 -0.460040 0.537468 -0.441501
15.350060 0.306177 0.034714 0.035719 -0.556694 -0.454108 0.542489 -0.435412
15.353883 0.306177 0.034714 0.035719 -0.551672 -0.460196 0.537673 -0.441345
15.357706 0.306177 0.034714 0.035719 -0.551672 -0.460196 0.537673 -0.441345
15.361529 0.306288 0.034714 0.035719 -0.551672 -0.460196 0.537673 -0.441345
15.365352 0.306288 0.034714 0.035719 -0.551672 -0.460196 0.537673 -0.441345
15.369175 0.306288 0.034714 0.035719 -0.551672 -0.460196 0.537673 -0.441345
15.372999 0.306288 0.034826 0.035830 -0.551672 -0.460196 0.537673 -0.441345
15.376822 0.306288 0.034826 0.035830 -0.556170 -0.466322 0.532911 -0.435000
15.380645 0.306177 0.034826 0.035830 -0.556170 -0.466322 0.532911 -0.435000
15.384468 0.306177 0.034826 0.035830 -0.556170 -0.466322 0.532911 -0.435000
15.388291 0.306177 0.034826 0.035830 -0.556170 -0.466322 0.532911 -0.435000
15.392115 0.306177 0.034826 0.035830 -0.556170 -0.466322 0.532911 -0.435000
15.395938 0.306177 0.034714 0.035830 -0.560601 -0.472392 0.528084 -0.428603
15.399761 0.306177 0.034714 0.035830 -0.560601 -0.472392 0.528084 -0.428603
15.403584 0.306177 0.034714 0.035830 -0.555858 -0.478165 0.522862 -0.434736
15.407407 0.306177 0.034714 0.035942 -0.555858 -0.478165 0.522862 -0.434736
15.411230 0.306177 0.034714 0.035942 -0.555858 -0.478165 0.522862 -0.434736
15.415054 0.306177 0.034714 0.035942 -0.565577 -0.477939 0.522580 -0.422620
15.418877 0.306177 0.034714 0.035942 -0.565577 -0.477939 0.522580 -0.422620
15.422700 0.306177 0.034714 0.035942 -0.565577 -0.477939 0.522580 -0.422620
15.426523 0.306177 0.034603 0.035942 -0.565577 -0.477939 0.522580 -0.422620
15.430346 0.306177 0.034603 0.035942 -0.565577 -0.477939 0.522580 -0.422620
15.434169 0.306177 0.034603 0.035942 -0.570008 -0.483790 0.517491 -0.416223
15.437993 0.306065 0.034603 0.035942 -0.570008 -0.483790 0.517491 -0.416223
15.441816 0.306065 0.034603 0.035942 -0.575289 -0.477499 0.522032 -0.410512
15.445639 0.306065 0.034603 0.035942 -0.575289 -0.477499 0.522032 -0.410512
15.449462 0.306065 0.034603 0.035942 -0.575289 -0.477499 0.522032 -0.410512
15.453285 0.306065 0.034603 0.035942 -0.575289 -0.477499 0.522032 -0.410512
15.457109 0.306065 0.034603 0.035942 -0.575289 -0.477499 0.522032 -0.410512
15.460932 0.306065 0.034603 0.035942 -0.575289 -0.477499 0.522032 -0.410512
15.464755 0.306065 0.034603 0.035942 -0.575289 -0.477499 0.522032 -0.410512
15.468578 0.306065 0.034603 0.035942 -0.579764 -0.471735 0.527246 -0.404168
15.472401 0.306065 0.034603 0.035942 -0.579764 -0.471735 0.527246 -0.404168
15.476224 0.306065 0.034603 0.035942 -0.579764 -0.471735 0.527246 -0.404168
15.480048 0.306065 0.034603 0.035942 -0.579764 -0.471735 0.527246 -0.404168
15.483871 0.306065 0.034603 0.035942 -0.579764 -0.471735 0.527246 -0.404168
15.487694 0.306065 0.034603 0.035942 -0.579764 -0.471735 0.527246 -0.404168
15.491517 0.306065 0.034603 0.035942 -0.579764 -0.471735 0.527246 -0.404168
15.495340 0.306065 0.034603 0.035942 -0.579764 -0.471735 0.527246 -0.404168
15.499163 0.306065 0.034603 0.035942 -0.584169 -0.465914 0.532397 -0.397774
15.502987 0.306065 0.034603 0.035942 -0.584169 -0.465914 0.532397 -0.397774
15.506810 0.306065 0.034603 0.035942 -0.579814 -0.459999 0.537428 -0.404212
15.510633 0.306065 0.034603 0.035942 -0.579814 -0.459999 0.537428 -0.404212
15.514456 0.306065 0.034603 0.035942 -0.579814 -0.459999 0.537428 -0.404212
15.518279 0.306065 0.034603 0.035942 -0.579814 -0.459999 0.537428 -0.404212
15.522103 0.306065 0.034603 0.035942 -0.579814 -0.459999 0.537428 -0.404212
15.525926 0.306065 0.034603 0.035942 -0.579814 -0.459999 0.537428 -0.404212
15.529749 0.306065 0.034603 0.035942 -0.584220 -0.454067 0.542449 -0.397817
15.533572 0.306065 0.034603 0.035830 -0.584220 -0.454067 0.542449 -0.397817
15.537395 0.306065 0.034603 0.035830 -0.579197 -0.460458 0.538046 -0.403753
15.541218 0.306065 0.034603 0.035830 -0.579197 -0.460458 0.538046 -0.403753
15.545042 0.306065 0.034603 0.035830 -0.579197 -0.460458 0.538046 -0.403753
15.548865 0.305953 0.034603 0.035830 -0.579197 -0.460458 0.538046 -0.403753
15.552688 0.305953 0.034603 0.035830 -0.579197 -0.460458 0.538046 -0.403753
15.556511 0.305953 0.034603 0.035830 -0.583597 -0.454520 0.543072 -0.397365
15.560334 0.305953 0.034603 0.035830 -0.578569 -0.460904 0.538674 -0.403307
15.564158 0.305953 0.034603 0.035830 -0.578569 -0.460904 0.538674 -0.403307
15.567981 0.305953 0.034603 0.035830 -0.578569 -0.460904 0.538674 -0.403307
15.571804 0.305953 0.034603 0.035830 -0.578569 -0.460904 0.538674 -0.403307
15.575627 0.305953 0.034603 0.035830 -0.578569 -0.460904 0.538674 -0.403307
15.579450 0.305953 0.034603 0.035830 -0.578569 -0.460904 0.538674 -0.403307
15.583273 0.305953 0.034603 0.035830 -0.578569 -0.460904 0.538674 -0.403307
15.587097 0.305953 0.034603 0.035830 -0.578569 -0.460904 0.538674 -0.403307
15.590920 0.305953 0.034603 0.035830 -0.582964 -0.454958 0.543705 -0.396927
15.594743 0.305953 0.034603 0.035830 -0.582964 -0.454958 0.543705 -0.396927
15.598566 0.305953 0.034603 0.035830 -0.582964 -0.454958 0.543705 -0.396927
15.602389 0.305953 0.034603 0.035830 -0.582964 -0.454958 0.543705 -0.396927
15.606212 0.305953 0.034603 0.035830 -0.582964 -0.454958 0.543705 -0.396927
15.610036 0.305953 0.034603 0.035830 -0.582964 -0.454958 0.543705 -0.396927
15.613859 0.305953 0.034603 0.035830 -0.582964 -0.454958 0.543705 -0.396927
15.617682 0.305953 0.034603 0.035830 -0.582964 -0.454958 0.543705 -0.396927
15.621505 0.305953 0.034603 0.035830 -0.582964 -0.454958 0.543705 -0.396927
15.625328 0.305953 0.034603 0.035830 -0.582964 -0.454958 0.543705 -0.396927
15.629152 0.305953 0.034603 0.035830 -0.586970 -0.461125 0.539017 -0.390245
15.632975 0.305953 0.034603 0.035830 -0.591222 -0.455175 0.544051 -0.383772
15.636798 0.306065 0.034603 0.035830 -0.591222 -0.455175 0.544051 -0.383772
15.640621 0.306065 0.034603 0.035830 -0.591222 -0.455175 0.544051 -0.383772
15.644444 0.306065 0.034603 0.035942 -0.591222 -0.455175 0.544051 -0.383772
15.648267 0.306065 0.034603 0.035942 -0.591222 -0.455175 0.544051 -0.383772
15.652091 0.306065 0.034603 0.035942 -0.591222 -0.455175 0.544051 -0.383772
15.655914 0.306065 0.034603 0.035942 -0.591222 -0.455175 0.544051 -0.383772
15.659737 0.306065 0.034603 0.035942 -0.591222 -0.455175 0.544051 -0.383772
15.663560 0.306065 0.034603 0.035942 -0.591222 -0.455175 0.544051 -0.383772
15.667383 0.306065 0.034603 0.035942 -0.595082 -0.461338 0.539366 -0.377000
15.671207 0.306065 0.034603 0.035942 -0.595082 -0.461338 0.539366 -0.377000
15.675030 0.306065 0.034603 0.035942 -0.595082 -0.461338 0.539366 -0.377000
15.678853 0.306065 0.034603 0.035942 -0.595082 -0.461338 0.539366 -0.377000
15.682676 0.306065 0.034603 0.035942 -0.595082 -0.461338 0.539366 -0.377000
15.686499 0.306065 0.034603 0.035942 -0.595082 -0.461338 0.539366 -0.377000
15.690322 0.306065 0.034603 0.035942 -0.595082 -0.461338 0.539366 -0.377000
15.694146 0.306065 0.034603 0.035942 -0.595082 -0.461338 0.539366 -0.377000
15.697969 0.306065 0.034603 0.035942 -0.595082 -0.461338 0.539366 -0.377000
15.701792 0.306065 0.034603 0.035942 -0.595082 -0.461338 0.539366 -0.377000
15.705615 0.306065 0.034603 0.035942 -0.595082 -0.461338 0.539366 -0.377000
15.709438 0.306065 0.034603 0.035942 -0.591222 -0.455175 0.544051 -0.383772
15.713261 0.306065 0.034603 0.035942 -0.595402 -0.449171 0.549019 -0.377254
15.717085 0.306065 0.034603 0.035830 -0.595402 -0.449171 0.549019 -0.377254
15.720908 0.306065 0.034603 0.035830 -0.595402 -0.449171 0.549019 -0.377254
15.724731 0.306065 0.034603 0.035830 -0.595402 -0.449171 0.549019 -0.377254
15.728554 0.306065 0.034603 0.035830 -0.595402 -0.449171 0.549019 -0.377254
15.732377 0.306065 0.034603 0.035830 -0.591545 -0.442902 0.553569 -0.384023
15.736201 0.306065 0.034603 0.035830 -0.595728 -0.436794 0.558402 -0.377501
15.740024 0.306065 0.034603 0.035830 -0.595728 -0.436794 0.558402 -0.377501
15.743847 0.306065 0.034603 0.035830 -0.590893 -0.443312 0.554221 -0.383613
15.747670 0.306065 0.034603 0.035719 -0.590893 -0.443312 0.554221 -0.383613
15.751493 0.306065 0.034603 0.035719 -0.587108 -0.436900 0.558560 -0.390426
15.755316 0.306065 0.034603 0.035719 -0.587108 -0.436900 0.558560 -0.390426
15.759140 0.306065 0.034603 0.035719 -0.591362 -0.430737 0.563326 -0.383952
15.762963 0.306065 0.034603 0.035719 -0.591362 -0.430737 0.563326 -0.383952
15.766786 0.306065 0.034603 0.035719 -0.591362 -0.430737 0.563326 -0.383952
15.770609 0.306065 0.034603 0.035719 -0.591362 -0.430737 0.563326 -0.383952
15.774432 0.306065 0.034714 0.035719 -0.587581 -0.424225 0.567527 -0.390761
15.778255 0.306065 0.034714 0.035719 -0.587581 -0.424225 0.567527 -0.390761
15.782079 0.306065 0.034714 0.035719 -0.587581 -0.424225 0.567527 -0.390761
15.785902 0.306065 0.034714 0.035719 -0.591839 -0.417965 0.572154 -0.384282
15.789725 0.306065 0.034714 0.035719 -0.587211 -0.424442 0.567897 -0.390544
15.793548 0.306065 0.034714 0.035607 -0.587211 -0.424442 0.567897 -0.390544
15.797371 0.306065 0.034714 0.035607 -0.587211 -0.424442 0.567897 -0.390544
15.801195 0.306065 0.034714 0.035607 -0.591466 -0.418177 0.572526 -0.384070
15.805018 0.306065 0.034714 0.035607 -0.591466 -0.418177 0.572526 -0.384070
15.808841 0.306065 0.034714 0.035607 -0.586837 -0.424650 0.568272 -0.390336
15.812664 0.306065 0.034714 0.035607 -0.583281 -0.417918 0.572108 -0.397266
15.816487 0.306065 0.034714 0.035607 -0.587610 -0.411607 0.576665 -0.390834
15.820310 0.306065 0.034714 0.035607 -0.583053 -0.418038 0.572336 -0.397146
15.824134 0.306065 0.034714 0.035607 -0.582822 -0.418153 0.572567 -0.397031
15.827957 0.306065 0.034714 0.035496 -0.579500 -0.411215 0.576030 -0.404068
15.831780 0.306065 0.034603 0.035496 -0.574947 -0.417557 0.571556 -0.410372
15.835603 0.306065 0.034603 0.035496 -0.571708 -0.410497 0.574797 -0.417433
15.839426 0.306065 0.034603 0.035496 -0.567164 -0.416753 0.570177 -0.423722
15.843250 0.306177 0.034491 0.035496 -0.564248 -0.409474 0.572957 -0.430901
15.847073 0.306177 0.034491 0.035496 -0.559715 -0.415649 0.568188 -0.437169
15.850896 0.306177 0.034491 0.035496 -0.547629 -0.420453 0.560999 -0.456730
15.854719 0.306177 0.034379 0.035496 -0.542977 -0.426444 0.555947 -0.462865
15.858542 0.306177 0.034379 0.035607 -0.533477 -0.438271 0.545644 -0.474968
15.862365 0.306288 0.034268 0.035607 -0.528629 -0.444105 0.540393 -0.480934
15.866189 0.306288 0.034268 0.035607 -0.518744 -0.455612 0.529696 -0.492691
15.870012 0.306288 0.034268 0.035719 -0.510768 -0.474511 0.516830 -0.496831
15.873835 0.306288 0.034156 0.035719 -0.505524 -0.480094 0.511341 -0.502479
15.877658 0.306400 0.034156 0.035830 -0.496701 -0.498704 0.498449 -0.506093
15.881481 0.306400 0.034156 0.035830 -0.485625 -0.509497 0.487209 -0.516922
15.885304 0.306400 0.034156 0.035830 -0.479998 -0.514801 0.481501 -0.522244
15.889128 0.306400 0.034156 0.035830 -0.480080 -0.514786 0.481419 -0.522259
15.892951 0.306400 0.034156 0.035830 -0.468654 -0.525209 0.469828 -0.532710
15.896774 0.306400 0.034156 0.035830 -0.462855 -0.530326 0.463948 -0.537840
15.900597 0.306512 0.034156 0.035830 -0.462938 -0.530315 0.463865 -0.537851
15.904420 0.306512 0.034156 0.035830 -0.463021 -0.530306 0.463782 -0.537860
15.908244 0.306512 0.034156 0.035830 -0.457167 -0.535361 0.457845 -0.542923
15.912067 0.306512 0.034156 0.035830 -0.456672 -0.527539 0.458231 -0.550615
15.915890 0.306512 0.034156 0.035719 -0.450849 -0.532525 0.452154 -0.555616
15.919713 0.306623 0.034044 0.035719 -0.456926 -0.527525 0.457977 -0.550630
15.923536 0.306623 0.034044 0.035719 -0.450726 -0.524620 0.452060 -0.563259
15.927359 0.306623 0.034044 0.035719 -0.451151 -0.524610 0.451635 -0.563269
15.931183 0.306623 0.034044 0.035719 -0.451151 -0.524610 0.451635 -0.563269
15.935006 0.306623 0.034044 0.035719 -0.445188 -0.521573 0.445271 -0.575763
15.938829 0.306623 0.034044 0.035719 -0.451486 -0.516650 0.450974 -0.570838
15.942652 0.306735 0.033933 0.035719 -0.445783 -0.521578 0.444676 -0.575758
15.946475 0.306735 0.033933 0.035719 -0.440026 -0.526444 0.438324 -0.580608
15.950298 0.306735 0.033933 0.035719 -0.440026 -0.526444 0.438324 -0.580608
15.954122 0.306735 0.033933 0.035719 -0.434216 -0.531247 0.431919 -0.585389
15.957945 0.306735 0.033933 0.035719 -0.434216 -0.531247 0.431919 -0.585389
15.961768 0.306735 0.033933 0.035719 -0.428353 -0.535985 0.425461 -0.590098
15.965591 0.306735 0.033933 0.035719 -0.422439 -0.540659 0.418953 -0.594737
15.969414 0.306735 0.033933 0.035607 -0.428947 -0.536023 0.424867 -0.590060
15.973238 0.306735 0.033933 0.035607 -0.423033 -0.540704 0.418359 -0.594692
15.977061 0.306735 0.033933 0.035607 -0.417067 -0.545318 0.411801 -0.599252
15.980884 0.306735 0.033933 0.035607 -0.417659 -0.545383 0.411209 -0.599188
15.984707 0.306735 0.033933 0.035607 -0.418249 -0.545460 0.410618 -0.599111
15.988530 0.306735 0.033933 0.035496 -0.412231 -0.550022 0.404012 -0.603586
15.992353 0.306735 0.033933 0.035496 -0.406750 -0.554621 0.396770 -0.607884
15.996177 0.306735 0.033933 0.035496 -0.401955 -0.551162 0.388364 -0.619537
16.000000 0.306735 0.033821 0.035384 -0.396624 -0.555710 0.380787 -0.623600
16.003823 0.306735 0.033821 0.035384 -0.397367 -0.555893 0.380043 -0.623418
16.007646 0.306735 0.033821 0.035384 -0.391974 -0.560431 0.372434 -0.627349
16.011469 0.306735 0.033710 0.035272 -0.379566 -0.568908 0.358560 -0.635380
16.015293 0.306735 0.033710 0.035272 -0.366975 -0.577110 0.344514 -0.643105
16.019116 0.306735 0.033598 0.035384 -0.360613 -0.581107 0.337428 -0.646851
16.022939 0.306735 0.033486 0.035384 -0.347758 -0.588889 0.323134 -0.654108
16.026762 0.306735 0.033486 0.035384 -0.327453 -0.599743 0.302114 -0.664688
16.030585 0.306846 0.033375 0.035384 -0.320845 -0.603304 0.294794 -0.667966
16.034408 0.306846 0.033375 0.035384 -0.300086 -0.613248 0.273326 -0.677620
16.038232 0.306846 0.033263 0.035496 -0.285836 -0.619391 0.259076 -0.683763
16.042055 0.306958 0.033151 0.035607 -0.269147 -0.632938 0.247251 -0.682508
16.045878 0.306958 0.033151 0.035607 -0.254634 -0.638452 0.232738 -0.688022
16.049701 0.307070 0.033040 0.035607 -0.247604 -0.641211 0.225165 -0.690537
16.053524 0.307070 0.033040 0.035719 -0.232917 -0.646244 0.210478 -0.695570
16.057347 0.307181 0.032928 0.035719 -0.215368 -0.658444 0.198589 -0.693275
16.061171 0.307181 0.032928 0.035719 -0.215748 -0.658632 0.198209 -0.693087
16.064994 0.307293 0.032928 0.035719 -0.201226 -0.663214 0.182933 -0.697274
16.068817 0.307404 0.032817 0.035719 -0.201597 -0.663419 0.182561 -0.697069
16.072640 0.307404 0.032817 0.035607 -0.209608 -0.661590 0.189474 -0.694595
16.076463 0.307516 0.032705 0.035607 -0.214085 -0.655033 0.184853 -0.700663
16.080287 0.307516 0.032705 0.035496 -0.215073 -0.655697 0.183865 -0.699999
16.084110 0.307516 0.032705 0.035384 -0.212919 -0.651852 0.170916 -0.707490
16.087933 0.307628 0.032705 0.035384 -0.221280 -0.650410 0.177466 -0.704633
16.091756 0.307628 0.032705 0.035272 -0.222450 -0.651398 0.176296 -0.703645
16.095579 0.307628 0.032705 0.035161 -0.221051 -0.648272 0.162553 -0.710251
16.099402 0.307739 0.032705 0.035161 -0.222384 -0.649587 0.161219 -0.708936
16.103226 0.307739 0.032705 0.035049 -0.236390 -0.642761 0.161827 -0.710486
16.107049 0.307739 0.032705 0.034937 -0.235781 -0.640565 0.147222 -0.715828
16.110872 0.307739 0.032705 0.034937 -0.228729 -0.643117 0.139349 -0.717402
16.114695 0.307739 0.032817 0.034937 -0.222444 -0.646590 0.130665 -0.717890
16.118518 0.307739 0.032817 0.034937 -0.208184 -0.651321 0.114860 -0.720588
16.122342 0.307739 0.032817 0.034937 -0.201016 -0.653569 0.106937 -0.721806
16.126165 0.307628 0.032817 0.034937 -0.193824 -0.655738 0.099001 -0.722937
16.129988 0.307628 0.032705 0.034937 -0.193824 -0.655738 0.099001 -0.722937
16.133811 0.307628 0.032705 0.034937 -0.193824 -0.655738 0.099001 -0.722937
16.137634 0.307628 0.032705 0.034937 -0.178643 -0.658789 0.083820 -0.725988
16.141457 0.307628 0.032593 0.035049 -0.164491 -0.664804 0.082952 -0.723946
16.145281 0.307628 0.032593 0.035049 -0.158306 -0.669858 0.089316 -0.719897
16.149104 0.307628 0.032593 0.035049 -0.150388 -0.670799 0.081952 -0.721593
16.152927 0.307628 0.032482 0.035161 -0.144229 -0.675842 0.088250 -0.717390
16.156750 0.307628 0.032482 0.035161 -0.145524 -0.679245 0.102367 -0.712018
16.160573 0.307628 0.032370 0.035161 -0.145524 -0.679245 0.102367 -0.712018
16.164396 0.307628 0.032370 0.035272 -0.131603 -0.685344 0.101072 -0.709062
16.168220 0.307628 0.032370 0.035272 -0.131603 -0.685344 0.101072 -0.709062
16.172043 0.307628 0.032259 0.035272 -0.125498 -0.690276 0.107233 -0.704465
16.175866 0.307628 0.032259 0.035384 -0.119378 -0.695124 0.113382 -0.699783
16.179689 0.307628 0.032259 0.035384 -0.119378 -0.695124 0.113382 -0.699783
16.183512 0.307628 0.032259 0.035384 -0.119378 -0.695124 0.113382 -0.699783
16.187336 0.307628 0.032259 0.035384 -0.105600 -0.701160 0.111820 -0.696218
16.191159 0.307628 0.032259 0.035384 -0.097891 -0.702278 0.104164 -0.697404
16.194982 0.307739 0.032259 0.035384 -0.097891 -0.702278 0.104164 -0.697404
16.198805 0.307739 0.032259 0.035496 -0.090170 -0.703311 0.096496 -0.698507
16.202628 0.307739 0.032147 0.035496 -0.090170 -0.703311 0.096496 -0.698507
16.206451 0.307739 0.032147 0.035496 -0.082438 -0.704259 0.088817 -0.699525
16.210275 0.307739 0.032147 0.035496 -0.082438 -0.704259 0.088817 -0.699525
16.214098 0.307851 0.032147 0.035496 -0.074696 -0.705122 0.081126 -0.700458
16.217921 0.307851 0.032147 0.035496 -0.080984 -0.700562 0.074838 -0.705020
16.221744 0.307851 0.032147 0.035496 -0.073283 -0.701410 0.067088 -0.705800
16.225567 0.307851 0.032147 0.035496 -0.073283 -0.701410 0.067088 -0.705800
16.229390 0.307851 0.032147 0.035496 -0.073283 -0.701410 0.067088 -0.705800
16.233214 0.307963 0.032035 0.035496 -0.065573 -0.702172 0.059330 -0.706494
16.237037 0.307963 0.032035 0.035496 -0.065573 -0.702172 0.059330 -0.706494
16.240860 0.307963 0.032035 0.035607 -0.065573 -0.702172 0.059330 -0.706494
16.244683 0.307963 0.031924 0.035607 -0.065573 -0.702172 0.059330 -0.706494
16.248506 0.307963 0.031924 0.035607 -0.065573 -0.702172 0.059330 -0.706494
16.252330 0.307963 0.031924 0.035607 -0.065573 -0.702172 0.059330 -0.706494
16.256153 0.307963 0.031924 0.035607 -0.051419 -0.707201 0.058000 -0.702751
16.259976 0.307963 0.031924 0.035607 -0.043695 -0.707795 0.050227 -0.703273
16.263799 0.307963 0.031924 0.035607 -0.043695 -0.707795 0.050227 -0.703273
16.267622 0.307963 0.031812 0.035607 -0.035917 -0.708233 0.042498 -0.703783
16.271445 0.307963 0.031812 0.035607 -0.029477 -0.712498 0.048928 -0.699346
16.275269 0.307963 0.031812 0.035607 -0.021648 -0.712779 0.041242 -0.699841
16.279092 0.307963 0.031812 0.035607 -0.021648 -0.712779 0.041242 -0.699841
16.282915 0.307963 0.031812 0.035607 -0.013816 -0.712973 0.033551 -0.700252
16.286738 0.307963 0.031812 0.035607 -0.005982 -0.713082 0.025856 -0.700578
16.290561 0.307963 0.031700 0.035607 0.001852 -0.713105 0.018158 -0.700820
16.294385 0.307963 0.031700 0.035607 0.009686 -0.713041 0.010457 -0.700977
16.298208 0.307963 0.031700 0.035607 0.017519 -0.712892 0.002756 -0.701050
16.302031 0.307963 0.031589 0.035607 0.026389 -0.708652 -0.019442 -0.704797
16.305854 0.307963 0.031477 0.035607 0.035078 -0.704282 -0.041796 -0.707820
16.309677 0.307963 0.031477 0.035607 0.042776 -0.703929 -0.049607 -0.707243
16.313500 0.308074 0.031366 0.035607 0.058845 -0.698894 -0.079975 -0.708299
16.317324 0.308074 0.031254 0.035607 0.074186 -0.697433 -0.095517 -0.706371
16.321147 0.308186 0.031142 0.035607 0.089401 -0.695872 -0.111104 -0.703865
16.324970 0.308186 0.031031 0.035607 0.104881 -0.689939 -0.141582 -0.702096
16.328793 0.308297 0.030919 0.035607 0.119894 -0.687875 -0.157093 -0.698409
16.332616 0.308297 0.030807 0.035607 0.127408 -0.682875 -0.179860 -0.696491
16.336439 0.308297 0.030696 0.035607 0.142250 -0.680492 -0.195249 -0.691790
16.340263 0.308409 0.030584 0.035719 0.164597 -0.675435 -0.217940 -0.684980
16.344086 0.308409 0.030473 0.035719 0.194526 -0.671002 -0.232787 -0.676555
16.347909 0.308409 0.030473 0.035719 0.216957 -0.667926 -0.239970 -0.670239
16.351732 0.308409 0.030361 0.035719 0.238849 -0.660414 -0.261926 -0.661967
16.355555 0.308409 0.030249 0.035719 0.261090 -0.655519 -0.268681 -0.655696
16.359379 0.308521 0.030138 0.035719 0.268276 -0.652611 -0.275868 -0.652705
16.363202 0.308521 0.030026 0.035830 0.282550 -0.646560 -0.290142 -0.646486
16.367025 0.308521 0.029914 0.035830 0.296687 -0.640196 -0.304276 -0.639955
16.370848 0.308521 0.029914 0.035830 0.310681 -0.633523 -0.318263 -0.633115
16.374671 0.308521 0.029803 0.035719 0.309851 -0.630751 -0.332893 -0.628751
16.378494 0.308632 0.029803 0.035719 0.330468 -0.620198 -0.353432 -0.617439
16.382318 0.308632 0.029803 0.035719 0.337298 -0.616782 -0.360158 -0.613268
16.386141 0.308632 0.029691 0.035719 0.336305 -0.614156 -0.374451 -0.607863
16.389964 0.308632 0.029691 0.035719 0.341953 -0.607833 -0.395214 -0.597840
16.393787 0.308632 0.029691 0.035719 0.334297 -0.609725 -0.402515 -0.595367
16.397610 0.308632 0.029580 0.035607 0.339829 -0.603639 -0.422822 -0.584258
16.401433 0.308744 0.029580 0.035607 0.338631 -0.601288 -0.436464 -0.577305
16.405257 0.308744 0.029580 0.035607 0.343941 -0.595222 -0.456184 -0.565076
16.409080 0.308744 0.029691 0.035496 0.350818 -0.592633 -0.462007 -0.558805
16.412903 0.308744 0.029691 0.035496 0.349530 -0.590525 -0.475097 -0.550810
16.416726 0.308744 0.029691 0.035496 0.356463 -0.588019 -0.480653 -0.544188
16.420549 0.308744 0.029691 0.035496 0.355179 -0.586109 -0.493402 -0.535611
16.424373 0.308744 0.029691 0.035384 0.367970 -0.578164 -0.505051 -0.524641
16.428196 0.308856 0.029691 0.035384 0.374300 -0.574086 -0.510784 -0.519061
16.432019 0.308856 0.029691 0.035272 0.373616 -0.573892 -0.522338 -0.508155
16.435842 0.308856 0.029803 0.035272 0.386135 -0.565545 -0.533377 -0.496556
16.439665 0.308856 0.029803 0.035272 0.398467 -0.556924 -0.544158 -0.484718
16.443488 0.308856 0.029803 0.035161 0.404562 -0.552513 -0.549450 -0.478710
16.447312 0.308856 0.029803 0.035161 0.423996 -0.540448 -0.553625 -0.470790
16.451135 0.308967 0.029914 0.035161 0.429908 -0.535757 -0.558764 -0.464679
16.454958 0.308967 0.029914 0.035161 0.436580 -0.532400 -0.563023 -0.457114
16.458781 0.308967 0.029914 0.035161 0.447330 -0.521299 -0.573773 -0.446014
16.462604 0.308967 0.029914 0.035161 0.458675 -0.511345 -0.583433 -0.433300
16.466428 0.308967 0.029914 0.035161 0.469799 -0.501144 -0.592813 -0.420377
16.470251 0.309079 0.029914 0.035272 0.482276 -0.492135 -0.591564 -0.418648
16.474074 0.309079 0.029914 0.035272 0.492972 -0.481420 -0.600619 -0.405549
16.477897 0.308967 0.029914 0.035272 0.498231 -0.475975 -0.605038 -0.398926
16.481720 0.308967 0.029914 0.035384 0.510194 -0.466294 -0.603697 -0.397269
16.485543 0.308967 0.029914 0.035384 0.515286 -0.460660 -0.608025 -0.390612
16.489367 0.308967 0.029914 0.035384 0.520316 -0.454972 -0.612279 -0.383909
16.493190 0.308967 0.029803 0.035496 0.525283 -0.449228 -0.616460 -0.377159
16.497013 0.308967 0.029803 0.035496 0.536696 -0.438905 -0.615030 -0.375577
16.500836 0.308967 0.029803 0.035496 0.541486 -0.432982 -0.619119 -0.368798
16.504659 0.308967 0.029691 0.035607 0.548485 -0.429048 -0.612960 -0.373313
16.508482 0.308856 0.029580 0.035607 0.548485 -0.429048 -0.612960 -0.373313
16.512306 0.308856 0.029580 0.035607 0.554703 -0.424217 -0.607442 -0.378627
16.516129 0.308856 0.029468 0.035607 0.556603 -0.425922 -0.597207 -0.390035
16.519952 0.308856 0.029468 0.035719 0.556603 -0.425922 -0.597207 -0.390035
16.523775 0.308856 0.029356 0.035719 0.562629 -0.420927 -0.591598 -0.395324
16.527598 0.308856 0.029356 0.035719 0.568587 -0.415882 -0.585917 -0.400565
16.531422 0.308856 0.029245 0.035719 0.564152 -0.422294 -0.581313 -0.406787
16.535245 0.308856 0.029245 0.035830 0.569984 -0.417135 -0.575618 -0.412045
16.539068 0.308856 0.029133 0.035830 0.575747 -0.411926 -0.569853 -0.417252
16.542891 0.308856 0.029133 0.035830 0.581441 -0.406668 -0.564019 -0.422410
16.546714 0.308967 0.029133 0.035942 0.581441 -0.406668 -0.564019 -0.422410
16.550537 0.308967 0.029133 0.035942 0.581441 -0.406668 -0.564019 -0.422410
16.554361 0.308967 0.029133 0.035942 0.591438 -0.394886 -0.562781 -0.421359
16.558184 0.308967 0.029133 0.035942 0.591438 -0.394886 -0.562781 -0.421359
16.562007 0.308967 0.029133 0.036054 0.595741 -0.388365 -0.567376 -0.415151
16.565830 0.308967 0.029133 0.036054 0.595741 -0.388365 -0.567376 -0.415151
16.569653 0.309079 0.029133 0.036054 0.604428 -0.375491 -0.576062 -0.402276
16.573477 0.309079 0.029245 0.036054 0.608516 -0.368828 -0.580447 -0.395923
16.577300 0.309079 0.029245 0.036054 0.608516 -0.368828 -0.580447 -0.395923
16.581123 0.309079 0.029245 0.035942 0.602892 -0.374131 -0.586361 -0.390806
16.584946 0.309079 0.029245 0.035942 0.606965 -0.367485 -0.590619 -0.384340
16.588769 0.309079 0.029245 0.035942 0.610966 -0.360795 -0.594805 -0.377828
16.592592 0.309079 0.029356 0.035942 0.609683 -0.359799 -0.604279 -0.365622
16.596416 0.309079 0.029356 0.035942 0.613599 -0.353079 -0.608259 -0.358961
16.600239 0.309079 0.029356 0.035830 0.617441 -0.346317 -0.612166 -0.352257
16.604062 0.309079 0.029356 0.035830 0.612346 -0.352181 -0.617262 -0.346394
16.607885 0.309079 0.029356 0.035830 0.612346 -0.352181 -0.617262 -0.346394
16.611708 0.309190 0.029356 0.035719 0.619936 -0.338642 -0.624723 -0.332748
16.615531 0.309190 0.029356 0.035719 0.615163 -0.344789 -0.629348 -0.326521
16.619355 0.309190 0.029356 0.035607 0.618914 -0.338010 -0.632897 -0.319587
16.623178 0.309190 0.029356 0.035607 0.626191 -0.324330 -0.639766 -0.305605
16.627001 0.309190 0.029356 0.035607 0.625424 -0.323937 -0.647072 -0.291904
16.630824 0.309190 0.029356 0.035496 0.628945 -0.317047 -0.650240 -0.284778
16.634647 0.309190 0.029245 0.035496 0.628457 -0.316856 -0.656798 -0.270667
16.638471 0.309190 0.029245 0.035384 0.635267 -0.302971 -0.662586 -0.256171
16.642294 0.309190 0.029245 0.035384 0.635784 -0.303266 -0.662069 -0.255877
16.646117 0.309190 0.029245 0.035384 0.641577 -0.288933 -0.673363 -0.226889
16.649940 0.309190 0.029133 0.035384 0.645402 -0.282201 -0.675126 -0.219144
16.653763 0.309302 0.029133 0.035272 0.647892 -0.274898 -0.682529 -0.197028
16.657586 0.309302 0.029021 0.035272 0.647318 -0.274715 -0.687242 -0.182236
16.661410 0.309302 0.029021 0.035272 0.651322 -0.268003 -0.688177 -0.174258
16.665233 0.309302 0.029021 0.035272 0.657053 -0.253629 -0.691840 -0.159096
16.669056 0.309302 0.028910 0.035272 0.656633 -0.253525 -0.695569 -0.144020
16.672879 0.309414 0.028910 0.035272 0.662045 -0.239037 -0.698565 -0.128703
16.676702 0.309414 0.028910 0.035272 0.667137 -0.224433 -0.701224 -0.113324
16.680525 0.309414 0.028910 0.035272 0.669563 -0.217090 -0.702427 -0.105613
16.684349 0.309414 0.028910 0.035384 0.676780 -0.194975 -0.703134 -0.097754
16.688172 0.309414 0.028910 0.035384 0.678881 -0.187528 -0.704166 -0.090024
16.691995 0.309414 0.028910 0.035384 0.682237 -0.180350 -0.701812 -0.097403
16.695818 0.309525 0.028910 0.035384 0.684177 -0.172844 -0.702840 -0.089687
16.699641 0.309525 0.029021 0.035496 0.689012 -0.150077 -0.704277 -0.082056
16.703465 0.309525 0.029021 0.035496 0.691629 -0.142684 -0.702331 -0.089561
16.707288 0.309525 0.029021 0.035496 0.694857 -0.127489 -0.702075 -0.089507
16.711111 0.309525 0.029021 0.035496 0.697490 -0.112191 -0.703872 -0.074060
16.714934 0.309637 0.029133 0.035496 0.700047 -0.096869 -0.703614 -0.074017
16.718757 0.309637 0.029133 0.035607 0.701069 -0.089172 -0.704385 -0.066282
16.722580 0.309637 0.029133 0.035607 0.703887 -0.066044 -0.704810 -0.058508
16.726404 0.309637 0.029133 0.035607 0.705168 -0.050563 -0.705926 -0.043009
16.730227 0.309749 0.029245 0.035607 0.706370 -0.035075 -0.705665 -0.042988
16.734050 0.309749 0.029245 0.035607 0.706626 -0.027307 -0.706181 -0.035239
16.737873 0.309749 0.029245 0.035607 0.707142 -0.004007 -0.706959 -0.011949
16.741696 0.309749 0.029356 0.035607 0.707059 0.011531 -0.707051 0.003586
16.745520 0.309860 0.029356 0.035607 0.706803 0.019296 -0.707056 0.011356
16.749343 0.309860 0.029356 0.035607 0.705783 0.042577 -0.706298 0.034649
16.753166 0.309860 0.029356 0.035607 0.704677 0.058073 -0.705366 0.050159
16.756989 0.309860 0.029356 0.035607 0.703145 0.073531 -0.704181 0.065655
16.760812 0.309860 0.029356 0.035607 0.700340 0.096662 -0.701635 0.088824
16.764635 0.309860 0.029245 0.035607 0.698047 0.112026 -0.699514 0.104218
16.768459 0.309860 0.029245 0.035607 0.693976 0.134967 -0.695700 0.127212
16.772282 0.309860 0.029133 0.035719 0.690843 0.150182 -0.692737 0.142467
16.776105 0.309749 0.029021 0.035719 0.685276 0.172806 -0.691372 0.150131
16.779928 0.309749 0.028910 0.035719 0.679457 0.195367 -0.685802 0.172760
16.783751 0.309637 0.028798 0.035830 0.674924 0.210227 -0.685878 0.172783
16.787574 0.309637 0.028687 0.035942 0.670552 0.225130 -0.681506 0.187686
16.791398 0.309637 0.028575 0.035942 0.662857 0.247130 -0.679317 0.195131
16.795221 0.309637 0.028463 0.036054 0.655171 0.269106 -0.676316 0.202309
16.799044 0.309637 0.028463 0.036054 0.652175 0.276287 -0.674053 0.209727
16.802867 0.309637 0.028352 0.036054 0.654353 0.268839 -0.672518 0.217411
16.806690 0.309637 0.028240 0.036054 0.651360 0.276011 -0.670089 0.224786
16.810514 0.309637 0.028240 0.036054 0.648851 0.283357 -0.667016 0.231928
16.814337 0.309637 0.028129 0.036054 0.645699 0.290468 -0.664428 0.239242
16.818160 0.309637 0.028129 0.036054 0.645452 0.290380 -0.659251 0.253889
16.821983 0.309637 0.028129 0.036054 0.642223 0.297454 -0.656421 0.261116
16.825806 0.309637 0.028129 0.035942 0.641979 0.297359 -0.650764 0.275584
16.829629 0.309749 0.028129 0.035942 0.644964 0.290190 -0.647937 0.282823
16.833453 0.309749 0.028017 0.035942 0.644724 0.290086 -0.641806 0.297096
16.837276 0.309749 0.028017 0.035830 0.650936 0.275846 -0.641813 0.297099
16.841099 0.309749 0.028017 0.035830 0.650853 0.275807 -0.635214 0.311165
16.844922 0.309749 0.028017 0.035830 0.650853 0.275807 -0.635214 0.311165
16.848745 0.309860 0.027905 0.035719 0.653762 0.268600 -0.631842 0.318159
16.852568 0.309860 0.027905 0.035719 0.656673 0.261402 -0.635299 0.311199
16.856392 0.309860 0.027905 0.035719 0.659423 0.254132 -0.631926 0.318193
16.860215 0.309860 0.027794 0.035719 0.659423 0.254132 -0.631926 0.318193
16.864038 0.309860 0.027794 0.035719 0.662094 0.246832 -0.628478 0.325148
16.867861 0.309860 0.027794 0.035719 0.662094 0.246832 -0.628478 0.325148
16.871684 0.309860 0.027682 0.035719 0.665626 0.239912 -0.631152 0.317855
16.875508 0.309860 0.027682 0.035719 0.668222 0.232585 -0.634606 0.310902
16.879331 0.309860 0.027682 0.035719 0.668222 0.232585 -0.634606 0.310902
16.883154 0.309860 0.027570 0.035719 0.668222 0.232585 -0.634606 0.310902
16.886977 0.309860 0.027570 0.035719 0.668222 0.232585 -0.634606 0.310902
16.890800 0.309860 0.027570 0.035719 0.671597 0.225599 -0.637122 0.303542
16.894623 0.309860 0.027570 0.035719 0.669078 0.232964 -0.633749 0.310523
16.898447 0.309860 0.027570 0.035719 0.666255 0.240187 -0.637357 0.303628
16.902270 0.309860 0.027459 0.035830 0.663576 0.247492 -0.633983 0.310611
16.906093 0.309860 0.027459 0.035830 0.666949 0.240512 -0.636664 0.303303
16.909916 0.309860 0.027459 0.035830 0.664266 0.247825 -0.633293 0.310279
16.913739 0.309860 0.027459 0.035830 0.661503 0.255107 -0.629846 0.317217
16.917563 0.309860 0.027459 0.035830 0.658661 0.262359 -0.626323 0.324118
16.921386 0.309860 0.027459 0.035830 0.659335 0.262722 -0.625649 0.323755
16.925209 0.309860 0.027459 0.035830 0.656409 0.269950 -0.622054 0.330609
16.929032 0.309860 0.027459 0.035719 0.657072 0.270334 -0.621392 0.330224
16.932855 0.309860 0.027459 0.035719 0.654708 0.277941 -0.609490 0.350183
16.936678 0.309860 0.027459 0.035719 0.655496 0.278447 -0.608702 0.349677
16.940502 0.309860 0.027459 0.035607 0.660213 0.272358 -0.603070 0.355311
16.944325 0.309860 0.027459 0.035607 0.661114 0.272994 -0.594136 0.367974
16.948148 0.309860 0.027459 0.035496 0.662149 0.273741 -0.593101 0.367227
16.951971 0.309860 0.027459 0.035496 0.663165 0.274509 -0.583762 0.379578
16.955794 0.309860 0.027459 0.035496 0.668426 0.268975 -0.577144 0.384401
16.959617 0.309860 0.027459 0.035384 0.668426 0.268975 -0.577144 0.384401
16.963441 0.309860 0.027459 0.035384 0.669683 0.269991 -0.575887 0.383384
16.967264 0.309972 0.027459 0.035384 0.673851 0.263646 -0.570212 0.388939
16.971087 0.309972 0.027459 0.035384 0.673851 0.263646 -0.570212 0.388939
16.974910 0.309972 0.027459 0.035384 0.673851 0.263646 -0.570212 0.388939
16.978733 0.309972 0.027347 0.035384 0.673851 0.263646 -0.570212 0.388939
16.982557 0.309972 0.027347 0.035384 0.673851 0.263646 -0.570212 0.388939
16.986380 0.309972 0.027347 0.035384 0.669683 0.269991 -0.575887 0.383384
16.990203 0.309972 0.027347 0.035384 0.669683 0.269991 -0.575887 0.383384
16.994026 0.309972 0.027347 0.035384 0.665431 0.276302 -0.572886 0.390718
16.997849 0.309972 0.027347 0.035496 0.665431 0.276302 -0.572886 0.390718
17.001672 0.309972 0.027347 0.035496 0.665431 0.276302 -0.572886 0.390718
17.005496 0.309972 0.027347 0.035496 0.665431 0.276302 -0.572886 0.390718
17.009319 0.310083 0.027347 0.035496 0.665431 0.276302 -0.572886 0.390718
17.013142 0.310083 0.027347 0.035496 0.661098 0.282579 -0.569816 0.398005
17.016965 0.310083 0.027347 0.035496 0.661098 0.282579 -0.569816 0.398005
17.020788 0.310083 0.027347 0.035496 0.657954 0.289825 -0.565409 0.404241
17.024612 0.310083 0.027347 0.035496 0.657954 0.289825 -0.565409 0.404241
17.028435 0.310083 0.027347 0.035496 0.657954 0.289825 -0.565409 0.404241
17.032258 0.310083 0.027347 0.035496 0.657528 0.289534 -0.556666 0.417074
17.036081 0.310083 0.027347 0.035496 0.657528 0.289534 -0.556666 0.417074
17.039904 0.310083 0.027347 0.035496 0.657528 0.289534 -0.556666 0.417074
17.043727 0.310083 0.027347 0.035496 0.658354 0.290265 -0.546397 0.428681
17.047551 0.310083 0.027347 0.035496 0.658354 0.290265 -0.546397 0.428681
17.051374 0.310083 0.027236 0.035496 0.662321 0.283754 -0.540677 0.434146
17.055197 0.310083 0.027236 0.035496 0.663122 0.284512 -0.530032 0.445408
17.059020 0.310083 0.027236 0.035496 0.659956 0.291780 -0.525106 0.451204
17.062843 0.310083 0.027236 0.035384 0.663907 0.285287 -0.519141 0.456434
17.066666 0.310083 0.027236 0.035384 0.669767 0.280481 -0.511123 0.459887
17.070490 0.310083 0.027124 0.035272 0.673683 0.274030 -0.504906 0.464896
17.074313 0.310195 0.027124 0.035272 0.679719 0.269535 -0.496427 0.467859
17.078136 0.310195 0.027124 0.035161 0.685875 0.265283 -0.487687 0.470491
17.081959 0.310195 0.027012 0.035161 0.686905 0.266524 -0.475795 0.480359
17.085782 0.310307 0.027012 0.035049 0.693249 0.262677 -0.466604 0.482377
17.089606 0.310307 0.027012 0.035049 0.699686 0.259091 -0.457179 0.484044
17.093429 0.310307 0.026901 0.034937 0.706206 0.255771 -0.447532 0.485355
17.097252 0.310418 0.026901 0.034937 0.704540 0.265272 -0.429416 0.498854
17.101075 0.310418 0.026789 0.034937 0.705688 0.267055 -0.416474 0.507184
17.104898 0.310418 0.026789 0.034937 0.708291 0.270262 -0.413871 0.503978
17.108721 0.310530 0.026789 0.034937 0.706433 0.280005 -0.395034 0.516235
17.112545 0.310530 0.026789 0.034937 0.703314 0.287749 -0.389339 0.520543
17.116368 0.310530 0.026789 0.034937 0.696822 0.303132 -0.377808 0.528972
17.120191 0.310530 0.026789 0.034937 0.687551 0.314837 -0.368537 0.540677
17.124014 0.310530 0.026789 0.035049 0.679523 0.327968 -0.370347 0.541783
17.127837 0.310530 0.026677 0.035161 0.666072 0.346735 -0.354566 0.557140
17.131660 0.310530 0.026677 0.035161 0.657462 0.359519 -0.356185 0.558231
17.135484 0.310530 0.026789 0.035272 0.648573 0.372112 -0.357780 0.559356
17.139307 0.310530 0.026789 0.035384 0.644446 0.379214 -0.351613 0.563253
17.143130 0.310530 0.026789 0.035384 0.635147 0.391507 -0.353170 0.564431
17.146953 0.310530 0.026789 0.035496 0.629976 0.396695 -0.360893 0.561712
17.150776 0.310530 0.026789 0.035607 0.624729 0.401835 -0.368573 0.558925
17.154600 0.310530 0.026677 0.035719 0.619406 0.406927 -0.376208 0.556070
17.158423 0.310530 0.026677 0.035719 0.603921 0.423623 -0.385274 0.554426
17.162246 0.310530 0.026677 0.035830 0.598322 0.428504 -0.392803 0.551454
17.166069 0.310530 0.026677 0.035830 0.604344 0.424163 -0.397487 0.544847
17.169892 0.310418 0.026677 0.035830 0.598640 0.428910 -0.405021 0.541871
17.173715 0.310418 0.026677 0.035942 0.598748 0.429047 -0.417246 0.532283
17.177539 0.310418 0.026677 0.035942 0.592867 0.433608 -0.424732 0.529241
17.181362 0.310418 0.026677 0.035942 0.592658 0.433343 -0.436955 0.519655
17.185185 0.310418 0.026677 0.035942 0.598331 0.428516 -0.441689 0.513112
17.189008 0.310418 0.026677 0.035942 0.593071 0.434390 -0.448337 0.508495
17.192831 0.310307 0.026677 0.035942 0.598622 0.429438 -0.453082 0.501948
17.196655 0.310307 0.026677 0.035942 0.604100 0.424434 -0.457772 0.495341
17.200478 0.310307 0.026677 0.035830 0.604861 0.426051 -0.457011 0.493725
17.204301 0.310307 0.026677 0.035830 0.610249 0.421004 -0.461664 0.487051
17.208124 0.310307 0.026677 0.035830 0.616252 0.417555 -0.465572 0.478669
17.211947 0.310195 0.026677 0.035719 0.616905 0.419217 -0.464919 0.477006
17.215770 0.310195 0.026677 0.035719 0.627237 0.408901 -0.474017 0.463337
17.219594 0.310195 0.026677 0.035607 0.639458 0.402451 -0.469832 0.456490
17.223417 0.310195 0.026677 0.035496 0.651585 0.396431 -0.465448 0.449041
17.227240 0.310195 0.026677 0.035384 0.657012 0.393351 -0.469242 0.439798
17.231063 0.310195 0.026677 0.035384 0.668895 0.387999 -0.464654 0.431432
17.234886 0.310195 0.026677 0.035272 0.680608 0.383090 -0.459932 0.422466
17.238709 0.310195 0.026677 0.035161 0.692124 0.378627 -0.455101 0.412904
17.242533 0.310195 0.026677 0.035049 0.696937 0.376216 -0.458914 0.402663
17.246356 0.310195 0.026677 0.035049 0.703692 0.377398 -0.449907 0.399964
17.250179 0.310195 0.026677 0.035049 0.708230 0.375226 -0.453840 0.389416
17.254002 0.310195 0.026677 0.034937 0.708355 0.378022 -0.453714 0.386620
17.257825 0.310195 0.026677 0.034937 0.712560 0.373015 -0.457840 0.378815
17.261649 0.310307 0.026677 0.034937 0.712593 0.375814 -0.457807 0.376016
17.265472 0.310307 0.026677 0.034937 0.716681 0.370761 -0.461908 0.368164
17.269295 0.310307 0.026677 0.035049 0.706060 0.379184 -0.466625 0.374113
17.273118 0.310307 0.026677 0.035049 0.699469 0.379710 -0.475358 0.374963
17.276941 0.310307 0.026677 0.035049 0.699469 0.379710 -0.475358 0.374963
17.280764 0.310418 0.026677 0.035161 0.688576 0.387779 -0.479876 0.381063
17.284588 0.310418 0.026677 0.035161 0.681814 0.388139 -0.488485 0.381918
17.288411 0.310418 0.026677 0.035161 0.677508 0.395606 -0.484260 0.387261
17.292234 0.310418 0.026677 0.035272 0.666355 0.401234 -0.488421 0.395508
17.296057 0.310418 0.026677 0.035272 0.666355 0.401234 -0.488421 0.395508
17.299880 0.310418 0.026677 0.035272 0.654967 0.408737 -0.492516 0.401723
17.303703 0.310418 0.026677 0.035384 0.650514 0.414123 -0.487995 0.408894
17.307527 0.310418 0.026677 0.035384 0.650514 0.414123 -0.487995 0.408894
17.311350 0.310418 0.026677 0.035384 0.645925 0.421245 -0.483474 0.414230
17.315173 0.310418 0.026677 0.035384 0.638894 0.421418 -0.491872 0.415070
17.318996 0.310418 0.026677 0.035384 0.638894 0.421418 -0.491872 0.415070
17.322819 0.310418 0.026677 0.035384 0.638894 0.421418 -0.491872 0.415070
17.326643 0.310418 0.026677 0.035496 0.638894 0.421418 -0.491872 0.415070
17.330466 0.310418 0.026677 0.035496 0.634226 0.428411 -0.487283 0.420448
17.334289 0.310418 0.026789 0.035496 0.634226 0.428411 -0.487283 0.420448
17.338112 0.310418 0.026789 0.035496 0.634226 0.428411 -0.487283 0.420448
17.341935 0.310418 0.026789 0.035496 0.634226 0.428411 -0.487283 0.420448
17.345758 0.310418 0.026789 0.035496 0.634226 0.428411 -0.487283 0.420448
17.349582 0.310418 0.026789 0.035496 0.634226 0.428411 -0.487283 0.420448
17.353405 0.310418 0.026789 0.035496 0.634226 0.428411 -0.487283 0.420448
17.357228 0.310418 0.026789 0.035496 0.634226 0.428411 -0.487283 0.420448
17.361051 0.310418 0.026789 0.035496 0.638807 0.423032 -0.491960 0.413455
17.364874 0.310418 0.026789 0.035496 0.631708 0.422984 -0.500290 0.414414
17.368698 0.310418 0.026789 0.035496 0.631708 0.422984 -0.500290 0.414414
17.372521 0.310418 0.026789 0.035496 0.631708 0.422984 -0.500290 0.414414
17.376344 0.310418 0.026789 0.035496 0.631708 0.422984 -0.500290 0.414414
17.380167 0.310418 0.026789 0.035496 0.631708 0.422984 -0.500290 0.414414
17.383990 0.310418 0.026789 0.035496 0.631708 0.422984 -0.500290 0.414414
17.387813 0.310418 0.026789 0.035496 0.631708 0.422984 -0.500290 0.414414
17.391637 0.310418 0.026789 0.035496 0.627023 0.429899 -0.495707 0.419885
17.395460 0.310418 0.026789 0.035496 0.627023 0.429899 -0.495707 0.419885
17.399283 0.310418 0.026789 0.035496 0.627023 0.429899 -0.495707 0.419885
17.403106 0.310418 0.026789 0.035496 0.634121 0.430025 -0.487388 0.418835
17.406929 0.310418 0.026789 0.035496 0.634121 0.430025 -0.487388 0.418835
17.410752 0.310418 0.026789 0.035496 0.634121 0.430025 -0.487388 0.418835
17.414576 0.310418 0.026789 0.035496 0.638684 0.424644 -0.492083 0.411843
17.418399 0.310418 0.026789 0.035496 0.638684 0.424644 -0.492083 0.411843
17.422222 0.310418 0.026789 0.035496 0.633980 0.431635 -0.487528 0.417224
17.426045 0.310418 0.026789 0.035384 0.633980 0.431635 -0.487528 0.417224
17.429868 0.310418 0.026789 0.035384 0.633980 0.431635 -0.487528 0.417224
17.433692 0.310418 0.026789 0.035384 0.633980 0.431635 -0.487528 0.417224
17.437515 0.310418 0.026789 0.035384 0.633980 0.431635 -0.487528 0.417224
17.441338 0.310418 0.026901 0.035384 0.629200 0.438574 -0.482915 0.422555
17.445161 0.310418 0.026901 0.035384 0.629200 0.438574 -0.482915 0.422555
17.448984 0.310418 0.026901 0.035384 0.629200 0.438574 -0.482915 0.422555
17.452807 0.310418 0.026901 0.035384 0.629200 0.438574 -0.482915 0.422555
17.456631 0.310418 0.026901 0.035384 0.629200 0.438574 -0.482915 0.422555
17.460454 0.310418 0.026901 0.035496 0.629200 0.438574 -0.482915 0.422555
17.464277 0.310418 0.026901 0.035496 0.624344 0.445460 -0.478244 0.427835
17.468100 0.310418 0.026901 0.035496 0.617269 0.445010 -0.486519 0.429237
17.471923 0.310418 0.026901 0.035496 0.617269 0.445010 -0.486519 0.429237
17.475747 0.310418 0.026901 0.035496 0.612516 0.450328 -0.481601 0.435992
17.479570 0.310418 0.026901 0.035496 0.605353 0.449914 -0.489823 0.437263
17.483393 0.310418 0.026901 0.035607 0.605353 0.449914 -0.489823 0.437263
17.487216 0.310418 0.026901 0.035607 0.605353 0.449914 -0.489823 0.437263
17.491039 0.310418 0.026901 0.035607 0.593143 0.455990 -0.493138 0.443926
17.494862 0.310418 0.026901 0.035607 0.593143 0.455990 -0.493138 0.443926
17.498686 0.310418 0.027012 0.035719 0.588230 0.461380 -0.488099 0.450415
17.502509 0.310418 0.027012 0.035719 0.588230 0.461380 -0.488099 0.450415
17.506332 0.310418 0.027012 0.035719 0.580914 0.460866 -0.496194 0.451589
17.510155 0.310418 0.027012 0.035719 0.575816 0.467220 -0.491203 0.457013
17.513978 0.310418 0.027012 0.035719 0.575816 0.467220 -0.491203 0.457013
17.517801 0.310418 0.027012 0.035719 0.575816 0.467220 -0.491203 0.457013
17.521625 0.310418 0.026901 0.035719 0.575816 0.467220 -0.491203 0.457013
17.525448 0.310418 0.026901 0.035719 0.575816 0.467220 -0.491203 0.457013
17.529271 0.310418 0.026901 0.035719 0.570648 0.473518 -0.486153 0.462382
17.533094 0.310418 0.026901 0.035719 0.570648 0.473518 -0.486153 0.462382
17.536917 0.310418 0.026901 0.035719 0.577951 0.474193 -0.478085 0.461030
17.540741 0.310418 0.026901 0.035719 0.577951 0.474193 -0.478085 0.461030
17.544564 0.310307 0.026789 0.035830 0.577951 0.474193 -0.478085 0.461030
17.548387 0.310307 0.026789 0.035830 0.572706 0.480513 -0.472991 0.466255
17.552210 0.310307 0.026789 0.035830 0.572706 0.480513 -0.472991 0.466255
17.556033 0.310307 0.026677 0.035830 0.577794 0.475288 -0.478242 0.459935
17.559856 0.310307 0.026677 0.035830 0.577794 0.475288 -0.478242 0.459935
17.563680 0.310307 0.026566 0.035830 0.577794 0.475288 -0.478242 0.459935
17.567503 0.310307 0.026566 0.035830 0.577794 0.475288 -0.478242 0.459935
17.571326 0.310307 0.026454 0.035830 0.577794 0.475288 -0.478242 0.459935
17.575149 0.310195 0.026454 0.035830 0.572538 0.481607 -0.473160 0.465161
17.578972 0.310195 0.026343 0.035830 0.572345 0.482697 -0.473353 0.464072
17.582795 0.310195 0.026343 0.035942 0.567008 0.488955 -0.468226 0.469244
17.586619 0.310083 0.026343 0.035942 0.573902 0.491316 -0.460456 0.466074
17.590442 0.310083 0.026231 0.035942 0.568166 0.498831 -0.455613 0.469865
17.594265 0.310083 0.026231 0.035942 0.557069 0.511194 -0.445179 0.479761
17.598088 0.310083 0.026231 0.035942 0.550648 0.519717 -0.440653 0.482189
17.601911 0.309972 0.026231 0.035942 0.538644 0.532884 -0.430404 0.490560
17.605735 0.309972 0.026231 0.035830 0.538329 0.543826 -0.418492 0.489203
17.609558 0.309972 0.026231 0.035830 0.530454 0.562604 -0.402424 0.490051
17.613381 0.309972 0.026231 0.035719 0.522151 0.580456 -0.386273 0.491144
17.617204 0.310083 0.026119 0.035719 0.507181 0.594684 -0.377480 0.496616
17.621027 0.310083 0.026119 0.035719 0.485001 0.613801 -0.363218 0.506058
17.624850 0.310195 0.026119 0.035719 0.462000 0.631992 -0.348855 0.515211
17.628674 0.310195 0.026119 0.035607 0.445331 0.644360 -0.340124 0.520381
17.632497 0.310307 0.026119 0.035607 0.432329 0.661588 -0.326334 0.518555
17.636320 0.310307 0.026008 0.035496 0.414447 0.673115 -0.318104 0.523411
17.640143 0.310418 0.026008 0.035496 0.390351 0.687392 -0.302373 0.532624
17.643966 0.310530 0.025896 0.035607 0.377920 0.686560 -0.302265 0.542630
17.647790 0.310530 0.025784 0.035607 0.358243 0.689243 -0.295562 0.556101
17.651613 0.310641 0.025673 0.035719 0.340216 0.690569 -0.286752 0.570211
17.655436 0.310753 0.025673 0.035719 0.322266 0.691354 -0.277430 0.584130
17.659259 0.310753 0.025561 0.035830 0.305805 0.698721 -0.265723 0.589631
17.663082 0.310753 0.025561 0.035830 0.295685 0.702839 -0.261654 0.591713
17.666905 0.310753 0.025450 0.035719 0.286717 0.706392 -0.256366 0.594205
17.670729 0.310865 0.025450 0.035719 0.277700 0.709806 -0.251062 0.596679
17.674552 0.310865 0.025338 0.035719 0.277806 0.717023 -0.250445 0.588199
17.678375 0.310865 0.025226 0.035719 0.282830 0.714498 -0.259728 0.584842
17.682198 0.310865 0.025115 0.035719 0.273534 0.717785 -0.254717 0.587438
17.686021 0.310865 0.025115 0.035719 0.270662 0.718135 -0.257590 0.587088
17.689844 0.310865 0.025115 0.035607 0.267918 0.725368 -0.259758 0.578435
17.693668 0.310865 0.025003 0.035496 0.264457 0.732409 -0.262582 0.569817
17.697491 0.310865 0.025003 0.035496 0.259651 0.745963 -0.265920 0.552636
17.701314 0.310865 0.025003 0.035384 0.255407 0.745732 -0.270163 0.552867
17.705137 0.310865 0.025003 0.035384 0.243842 0.754900 -0.266623 0.547338
17.708960 0.310865 0.025003 0.035384 0.230993 0.756882 -0.265136 0.550885
17.712784 0.310865 0.025003 0.035384 0.220410 0.758950 -0.261322 0.554189
17.716607 0.310865 0.025003 0.035384 0.207592 0.760279 -0.259684 0.558073
17.720430 0.310865 0.025003 0.035384 0.188636 0.764011 -0.249562 0.564289
17.724253 0.310865 0.025003 0.035384 0.169634 0.767230 -0.239274 0.570378
17.728076 0.310865 0.025003 0.035384 0.153780 0.763869 -0.226240 0.584526
17.731899 0.310865 0.025003 0.035496 0.123503 0.763874 -0.197381 0.601900
17.735723 0.310976 0.025003 0.035607 0.108638 0.759580 -0.182549 0.614746
17.739546 0.310976 0.025115 0.035719 0.074787 0.752639 -0.141000 0.638796
17.743369 0.310976 0.025115 0.035719 0.045906 0.749362 -0.108695 0.651563
17.747192 0.311088 0.025115 0.035942 0.021192 0.738551 -0.071861 0.670022
17.751015 0.311088 0.025115 0.036054 -0.009484 0.727414 -0.025077 0.685675
17.754838 0.311088 0.025115 0.036165 -0.036229 0.720793 0.010288 0.692126
17.758662 0.311088 0.025003 0.036277 -0.072495 0.706287 0.067041 0.701005
17.762485 0.311088 0.025003 0.036388 -0.105295 0.696151 0.111296 0.701356
17.766308 0.311200 0.025003 0.036388 -0.137044 0.684682 0.155913 0.698657
17.770131 0.311200 0.025003 0.036500 -0.175040 0.670164 0.208308 0.690543
17.773954 0.311200 0.025003 0.036500 -0.203914 0.662586 0.238842 0.679966
17.777778 0.311200 0.025003 0.036388 -0.247081 0.653861 0.268844 0.662676
17.781601 0.311200 0.025003 0.036388 -0.282451 0.639801 0.304978 0.646424
17.785424 0.311200 0.024891 0.036277 -0.317829 0.628884 0.325618 0.630447
17.789247 0.311311 0.024891 0.036277 -0.360528 0.616122 0.337539 0.613580
17.793070 0.311311 0.024891 0.036165 -0.388337 0.603513 0.349696 0.602228
17.796893 0.311311 0.024891 0.035942 -0.423178 0.588365 0.353532 0.591407
17.800717 0.311423 0.025003 0.035830 -0.455890 0.566322 0.371400 0.577500
17.804540 0.311423 0.025003 0.035830 -0.475188 0.552397 0.376416 0.572158
17.808363 0.311534 0.025003 0.035719 -0.499662 0.531734 0.387788 0.563221
17.812186 0.311534 0.025115 0.035607 -0.522907 0.509386 0.399251 0.554701
17.816009 0.311534 0.025115 0.035607 -0.545433 0.486926 0.410248 0.545071
17.819833 0.311534 0.025115 0.035496 -0.555312 0.473362 0.422812 0.537390
17.823656 0.311646 0.025115 0.035496 -0.570609 0.454805 0.440291 0.523165
17.827479 0.311646 0.025115 0.035496 -0.579666 0.440753 0.452477 0.514771
17.831302 0.311646 0.025115 0.035496 -0.588351 0.426541 0.464537 0.506075
17.835125 0.311646 0.025226 0.035496 -0.602087 0.406921 0.480961 0.490492
17.838948 0.311758 0.025226 0.035496 -0.605574 0.398972 0.487268 0.486489
17.842772 0.311758 0.025226 0.035496 -0.613190 0.384303 0.498842 0.476933
17.846595 0.311758 0.025226 0.035496 -0.616330 0.376310 0.505097 0.472658
17.850418 0.311758 0.025226 0.035607 -0.624449 0.362678 0.515360 0.461446
17.854241 0.311758 0.025226 0.035607 -0.627285 0.354621 0.521509 0.456931
17.858064 0.311758 0.025226 0.035607 -0.634925 0.340753 0.531423 0.445363
17.861887 0.311758 0.025115 0.035607 -0.633763 0.339629 0.532584 0.446487
17.865711 0.311758 0.025115 0.035607 -0.640668 0.325314 0.532823 0.447006
17.869534 0.311758 0.025003 0.035607 -0.639319 0.324144 0.534173 0.448176
17.873357 0.311758 0.025003 0.035607 -0.645457 0.309426 0.534875 0.448943
17.877180 0.311869 0.024891 0.035607 -0.643911 0.308228 0.536421 0.450141
17.881003 0.311869 0.024780 0.035607 -0.650976 0.294404 0.535887 0.449869
17.884827 0.311869 0.024668 0.035607 -0.652436 0.286008 0.542533 0.445181
17.888650 0.311869 0.024557 0.035607 -0.655538 0.278823 0.547391 0.439193
17.892473 0.311981 0.024445 0.035607 -0.659906 0.263386 0.548929 0.440260
17.896296 0.311981 0.024333 0.035607 -0.662558 0.255960 0.563378 0.422026
17.900119 0.312093 0.024222 0.035719 -0.663482 0.247616 0.569829 0.416861
17.903942 0.312093 0.023999 0.035719 -0.668762 0.232979 0.578850 0.404241
17.907766 0.312093 0.023887 0.035830 -0.676076 0.210815 0.591857 0.384946
17.911589 0.312204 0.023775 0.035830 -0.676490 0.202535 0.606092 0.366051
17.915412 0.312204 0.023664 0.035942 -0.680849 0.187664 0.621507 0.339051
17.919235 0.312204 0.023552 0.036054 -0.686664 0.165126 0.632342 0.318386
17.923058 0.312204 0.023440 0.036054 -0.690024 0.141886 0.644199 0.297898
17.926882 0.312204 0.023440 0.036165 -0.690210 0.133990 0.654980 0.276870
17.930705 0.312204 0.023329 0.036165 -0.694653 0.111311 0.668772 0.240440
17.934528 0.312204 0.023329 0.036277 -0.694980 0.103587 0.677169 0.218435
17.938351 0.312093 0.023329 0.036277 -0.696747 0.080489 0.685269 0.196141
17.942174 0.312093 0.023217 0.036277 -0.697415 0.049572 0.691623 0.181143
17.945997 0.311981 0.023217 0.036277 -0.695024 0.041876 0.696465 0.173566
17.949821 0.311981 0.023217 0.036277 -0.693148 0.018839 0.701220 0.165777
17.953644 0.311981 0.023217 0.036277 -0.691701 0.011347 0.704611 0.157939
17.957467 0.311869 0.023217 0.036277 -0.686628 0.003944 0.707995 0.165137
17.961290 0.311869 0.023217 0.036165 -0.682507 -0.018535 0.713632 0.156750
17.965113 0.311869 0.023217 0.036165 -0.677733 -0.033271 0.717807 0.155961
17.968936 0.311869 0.023217 0.036054 -0.670573 -0.039842 0.722766 0.162338
17.972760 0.311758 0.023329 0.035942 -0.664538 -0.054041 0.727691 0.161040
17.976583 0.311869 0.023329 0.035942 -0.660394 -0.068751 0.730385 0.160281
17.980406 0.311869 0.023329 0.035830 -0.654136 -0.075308 0.733934 0.166660
17.984229 0.311981 0.023329 0.035830 -0.647500 -0.081692 0.737694 0.172855
17.988052 0.311981 0.023329 0.035830 -0.646563 -0.088800 0.739548 0.164740
17.991876 0.311981 0.023329 0.035719 -0.638406 -0.101944 0.745409 0.162517
17.995699 0.312093 0.023440 0.035719 -0.637247 -0.108951 0.747149 0.154318
17.999522 0.312093 0.023440 0.035719 -0.636012 -0.115945 0.748799 0.146100
18.003345 0.312204 0.023440 0.035719 -0.630010 -0.129890 0.751832 0.144795
18.007168 0.312204 0.023552 0.035719 -0.628544 -0.136804 0.753377 0.136527
18.010991 0.312316 0.023552 0.035719 -0.627004 -0.143701 0.754831 0.128242
18.014815 0.312316 0.023552 0.035719 -0.631845 -0.136841 0.753207 0.121346
18.018638 0.312316 0.023552 0.035830 -0.630304 -0.143774 0.754495 0.113064
18.022461 0.312427 0.023664 0.035830 -0.628686 -0.150690 0.755691 0.104768
18.026284 0.312427 0.023664 0.035830 -0.628015 -0.165892 0.755020 0.089566
18.030107 0.312427 0.023664 0.035830 -0.628015 -0.165892 0.755020 0.089566
18.033930 0.312427 0.023664 0.035830 -0.626154 -0.172782 0.755958 0.081265
18.037754 0.312427 0.023664 0.035830 -0.627009 -0.181077 0.754014 0.074382
18.041577 0.312427 0.023664 0.035942 -0.627009 -0.181077 0.754014 0.074382
18.045400 0.312427 0.023664 0.035942 -0.624982 -0.187954 0.754786 0.066093
18.049223 0.312427 0.023664 0.035942 -0.624982 -0.187954 0.754786 0.066093
18.053046 0.312427 0.023664 0.035942 -0.625671 -0.196235 0.752676 0.059223
18.056870 0.312427 0.023664 0.035942 -0.625671 -0.196235 0.752676 0.059223
18.060693 0.312427 0.023664 0.035942 -0.625671 -0.196235 0.752676 0.059223
18.064516 0.312427 0.023664 0.035942 -0.623477 -0.203097 0.753281 0.050951
18.068339 0.312316 0.023664 0.035942 -0.623999 -0.211360 0.751004 0.044098
18.072162 0.312316 0.023552 0.035942 -0.623999 -0.211360 0.751004 0.044098
18.075985 0.312316 0.023552 0.035942 -0.623999 -0.211360 0.751004 0.044098
18.079809 0.312316 0.023552 0.035942 -0.619019 -0.217971 0.752790 0.051098
18.083632 0.312316 0.023552 0.035942 -0.619019 -0.217971 0.752790 0.051098
18.087455 0.312316 0.023552 0.035942 -0.616587 -0.224759 0.753306 0.042824
18.091278 0.312427 0.023552 0.035942 -0.616587 -0.224759 0.753306 0.042824
18.095101 0.312427 0.023552 0.035942 -0.617020 -0.233021 0.750792 0.036048
18.098925 0.312427 0.023552 0.035942 -0.617020 -0.233021 0.750792 0.036048
18.102748 0.312427 0.023552 0.035942 -0.614423 -0.239786 0.751142 0.027797
18.106571 0.312427 0.023440 0.035942 -0.614423 -0.239786 0.751142 0.027797
18.110394 0.312427 0.023440 0.035942 -0.614423 -0.239786 0.751142 0.027797
18.114217 0.312427 0.023440 0.035942 -0.614423 -0.239786 0.751142 0.027797
18.118040 0.312427 0.023440 0.035942 -0.611751 -0.246521 0.751402 0.019544
18.121864 0.312427 0.023440 0.035942 -0.611751 -0.246521 0.751402 0.019544
18.125687 0.312427 0.023440 0.035942 -0.611751 -0.246521 0.751402 0.019544
18.129510 0.312427 0.023329 0.035942 -0.611751 -0.246521 0.751402 0.019544
18.133333 0.312427 0.023329 0.035942 -0.611751 -0.246521 0.751402 0.019544
18.137156 0.312427 0.023329 0.035942 -0.603743 -0.259605 0.753503 0.018258
18.140979 0.312427 0.023329 0.035942 -0.603506 -0.251311 0.756309 0.024890
18.144803 0.312316 0.023217 0.035942 -0.603506 -0.251311 0.756309 0.024890
18.148626 0.312316 0.023217 0.035942 -0.603506 -0.251311 0.756309 0.024890
18.152449 0.312316 0.023217 0.035942 -0.600708 -0.257926 0.756537 0.016579
18.156272 0.312316 0.023217 0.035942 -0.595227 -0.264192 0.758523 0.023467
18.160095 0.312316 0.023217 0.035942 -0.595227 -0.264192 0.758523 0.023467
18.163919 0.312204 0.023106 0.035830 -0.589304 -0.262056 0.763342 0.036828
18.167742 0.312204 0.023106 0.035830 -0.586390 -0.268515 0.763700 0.028440
18.171565 0.312204 0.023106 0.035830 -0.580622 -0.274633 0.765645 0.035238
18.175388 0.312204 0.023106 0.035830 -0.580622 -0.274633 0.765645 0.035238
18.179211 0.312204 0.023106 0.035719 -0.574785 -0.280719 0.767498 0.042032
18.183034 0.312204 0.023106 0.035719 -0.571666 -0.287016 0.767913 0.033598
18.186858 0.312204 0.023106 0.035719 -0.565693 -0.293002 0.769748 0.040367
18.190681 0.312204 0.023106 0.035719 -0.566102 -0.301441 0.766482 0.034150
18.194504 0.312204 0.023106 0.035719 -0.566102 -0.301441 0.766482 0.034150
18.198327 0.312204 0.023106 0.035719 -0.560135 -0.307411 0.768158 0.040980
18.202150 0.312204 0.022994 0.035719 -0.560552 -0.315831 0.764735 0.034824
18.205973 0.312204 0.022994 0.035719 -0.560552 -0.315831 0.764735 0.034824
18.209797 0.312204 0.022994 0.035719 -0.555018 -0.330180 0.762672 0.035620
18.213620 0.312204 0.022994 0.035719 -0.555018 -0.330180 0.762672 0.035620
18.217443 0.312204 0.022994 0.035607 -0.555376 -0.338538 0.758998 0.029520
18.221266 0.312204 0.022994 0.035607 -0.555376 -0.338538 0.758998 0.029520
18.225089 0.312204 0.022994 0.035607 -0.549871 -0.352811 0.756463 0.030498
18.228913 0.312204 0.022994 0.035607 -0.550173 -0.361100 0.752542 0.024455
18.232736 0.312204 0.022994 0.035607 -0.546172 -0.367123 0.752765 0.016186
18.236559 0.312204 0.022994 0.035607 -0.540547 -0.381243 0.749774 0.017378
18.240382 0.312204 0.022994 0.035607 -0.540705 -0.389457 0.745540 0.011438
18.244205 0.312204 0.022994 0.035607 -0.535123 -0.403471 0.742085 0.012814
18.248028 0.312204 0.023106 0.035607 -0.535123 -0.403471 0.742085 0.012814
18.251852 0.312204 0.023106 0.035496 -0.535231 -0.411599 0.737608 0.006935
18.255675 0.312204 0.023106 0.035496 -0.524990 -0.431285 0.733742 0.000433
18.259498 0.312204 0.023106 0.035496 -0.524990 -0.431285 0.733742 0.000433
18.263321 0.312204 0.023106 0.035496 -0.524963 -0.439320 0.728960 -0.005334
18.267144 0.312204 0.023106 0.035496 -0.519332 -0.453015 0.724609 -0.003546
18.270968 0.312204 0.023106 0.035496 -0.519262 -0.460949 0.719588 -0.009251
18.274791 0.312204 0.023106 0.035496 -0.514167 -0.466626 0.719443 -0.017156
18.278614 0.312204 0.023106 0.035496 -0.508449 -0.480108 0.714666 -0.015130
18.282437 0.312204 0.023217 0.035496 -0.508449 -0.480108 0.714666 -0.015130
18.286260 0.312204 0.023217 0.035496 -0.508253 -0.487930 0.709348 -0.020715
18.290083 0.312204 0.023217 0.035496 -0.508253 -0.487930 0.709348 -0.020715
18.293907 0.312204 0.023217 0.035496 -0.508253 -0.487930 0.709348 -0.020715
18.297730 0.312204 0.023106 0.035496 -0.507994 -0.495694 0.703945 -0.026297
18.301553 0.312204 0.023106 0.035496 -0.513409 -0.490083 0.704191 -0.018562
18.305376 0.312204 0.023106 0.035496 -0.513409 -0.490083 0.704191 -0.018562
18.309199 0.312204 0.023106 0.035496 -0.513409 -0.490083 0.704191 -0.018562
18.313022 0.312204 0.023106 0.035496 -0.513175 -0.497790 0.698764 -0.024201
18.316846 0.312204 0.023106 0.035496 -0.518612 -0.492122 0.698988 -0.016523
18.320669 0.312204 0.023106 0.035496 -0.518612 -0.492122 0.698988 -0.016523
18.324492 0.312204 0.023106 0.035496 -0.523730 -0.486392 0.698954 -0.024376
18.328315 0.312204 0.022994 0.035496 -0.529042 -0.480609 0.699179 -0.016696
18.332138 0.312204 0.022994 0.035496 -0.528826 -0.488261 0.693857 -0.022507
18.335962 0.312204 0.022994 0.035496 -0.528826 -0.488261 0.693857 -0.022507
18.339785 0.312204 0.022994 0.035496 -0.528826 -0.488261 0.693857 -0.022507
18.343608 0.312204 0.022994 0.035496 -0.533963 -0.490017 0.688721 -0.020750
18.347431 0.312204 0.022994 0.035496 -0.538715 -0.484122 0.688904 -0.028708
18.351254 0.312204 0.022994 0.035496 -0.538367 -0.491661 0.683544 -0.034625
18.355077 0.312204 0.022882 0.035607 -0.543736 -0.485717 0.683883 -0.027113
18.358901 0.312204 0.022882 0.035607 -0.543405 -0.493200 0.678506 -0.033085
18.362724 0.312204 0.022882 0.035607 -0.543405 -0.493200 0.678506 -0.033085
18.366547 0.312204 0.022882 0.035607 -0.548476 -0.494629 0.673435 -0.031656
18.370370 0.312204 0.022882 0.035607 -0.548095 -0.501998 0.667960 -0.037680
18.374193 0.312204 0.022771 0.035607 -0.547648 -0.509306 0.662405 -0.043699
18.378017 0.312204 0.022771 0.035607 -0.552777 -0.510510 0.657276 -0.042495
18.381840 0.312204 0.022771 0.035607 -0.547870 -0.530815 0.644926 -0.046313
18.385663 0.312204 0.022771 0.035607 -0.553204 -0.531822 0.639592 -0.045305
18.389486 0.312316 0.022659 0.035607 -0.552673 -0.538817 0.633711 -0.051380
18.393309 0.312316 0.022659 0.035607 -0.552075 -0.545746 0.627753 -0.057449
18.397132 0.312316 0.022659 0.035607 -0.554041 -0.552466 0.620882 -0.048222
18.400956 0.312316 0.022547 0.035607 -0.552848 -0.565974 0.608594 -0.060383
18.404779 0.312316 0.022547 0.035607 -0.558409 -0.566525 0.603033 -0.059832
18.408602 0.312316 0.022547 0.035607 -0.557718 -0.573116 0.596773 -0.065963
18.412425 0.312316 0.022547 0.035607 -0.563981 -0.566954 0.597461 -0.059403
18.416248 0.312316 0.022547 0.035607 -0.563294 -0.573484 0.591197 -0.065595
18.420071 0.312316 0.022436 0.035496 -0.566159 -0.579586 0.583373 -0.056748
18.423895 0.312316 0.022436 0.035496 -0.566159 -0.579586 0.583373 -0.056748
18.427718 0.312316 0.022436 0.035496 -0.566159 -0.579586 0.583373 -0.056748
18.431541 0.312316 0.022436 0.035496 -0.571905 -0.579712 0.577627 -0.056622
18.435364 0.312316 0.022324 0.035496 -0.571905 -0.579712 0.577627 -0.056622
18.439187 0.312316 0.022324 0.035496 -0.571905 -0.579712 0.577627 -0.056622
18.443011 0.312316 0.022324 0.035496 -0.577652 -0.579711 0.571880 -0.056622
18.446834 0.312316 0.022324 0.035496 -0.577652 -0.579711 0.571880 -0.056622
18.450657 0.312316 0.022324 0.035496 -0.576995 -0.585959 0.565477 -0.062965
18.454480 0.312316 0.022324 0.035384 -0.574621 -0.591720 0.562785 -0.054326
18.458303 0.312427 0.022324 0.035496 -0.580523 -0.591525 0.556883 -0.054521
18.462126 0.312427 0.022324 0.035496 -0.580523 -0.591525 0.556883 -0.054521
18.465950 0.312427 0.022213 0.035496 -0.579889 -0.597608 0.550351 -0.060896
18.469773 0.312427 0.022213 0.035496 -0.579185 -0.603618 0.543752 -0.067263
18.473596 0.312427 0.022213 0.035496 -0.578411 -0.609555 0.537088 -0.073622
18.477419 0.312427 0.022213 0.035496 -0.577567 -0.615419 0.530359 -0.079972
18.481242 0.312427 0.022324 0.035496 -0.576654 -0.621208 0.523566 -0.086312
18.485065 0.312539 0.022324 0.035607 -0.576654 -0.621208 0.523566 -0.086312
18.488889 0.312539 0.022324 0.035607 -0.577314 -0.621367 0.519932 -0.101403
18.492712 0.312539 0.022324 0.035607 -0.576165 -0.627042 0.513074 -0.107739
18.496535 0.312539 0.022324 0.035607 -0.567961 -0.638919 0.504871 -0.119616
18.500358 0.312539 0.022324 0.035719 -0.566613 -0.644427 0.497821 -0.125849
18.504181 0.312539 0.022324 0.035719 -0.565196 -0.649857 0.490712 -0.132066
18.508005 0.312539 0.022324 0.035719 -0.563711 -0.655209 0.483543 -0.138267
18.511828 0.312539 0.022324 0.035830 -0.563211 -0.655083 0.479742 -0.153323
18.515651 0.312651 0.022324 0.035830 -0.561493 -0.660313 0.472516 -0.159501
18.519474 0.312651 0.022324 0.035830 -0.559706 -0.665465 0.465233 -0.165660
18.523297 0.312651 0.022324 0.035942 -0.558545 -0.665172 0.461442 -0.180680
18.527120 0.312651 0.022324 0.035942 -0.556527 -0.670201 0.454107 -0.186805
18.530944 0.312651 0.022324 0.036054 -0.554871 -0.669783 0.450327 -0.201778
18.534767 0.312651 0.022436 0.036054 -0.554871 -0.669783 0.450327 -0.201778
18.538590 0.312651 0.022436 0.036054 -0.552887 -0.669282 0.446557 -0.216711
18.542413 0.312651 0.022436 0.036165 -0.550473 -0.674148 0.439178 -0.222772
18.546236 0.312651 0.022436 0.036165 -0.547998 -0.673523 0.435426 -0.237631
18.550060 0.312651 0.022436 0.036165 -0.547998 -0.673523 0.435426 -0.237631
18.553883 0.312651 0.022436 0.036277 -0.545197 -0.672816 0.431690 -0.252433
18.557706 0.312651 0.022436 0.036277 -0.545197 -0.672816 0.431690 -0.252433
18.561529 0.312651 0.022436 0.036277 -0.542391 -0.677518 0.424272 -0.258407
18.565352 0.312651 0.022436 0.036277 -0.534915 -0.683436 0.421408 -0.263053
18.569175 0.312651 0.022547 0.036277 -0.534656 -0.677942 0.425009 -0.271855
18.572999 0.312651 0.022547 0.036277 -0.534656 -0.677942 0.425009 -0.271855
18.576822 0.312651 0.022547 0.036277 -0.531637 -0.682570 0.417536 -0.277712
18.580645 0.312651 0.022547 0.036277 -0.531637 -0.682570 0.417536 -0.277712
18.584468 0.312651 0.022547 0.036277 -0.524106 -0.688369 0.414459 -0.282282
18.588291 0.312539 0.022547 0.036277 -0.524106 -0.688369 0.414459 -0.282282
18.592114 0.312539 0.022547 0.036277 -0.524106 -0.688369 0.414459 -0.282282
18.595938 0.312539 0.022547 0.036277 -0.524106 -0.688369 0.414459 -0.282282
18.599761 0.312539 0.022547 0.036277 -0.524106 -0.688369 0.414459 -0.282282
18.603584 0.312539 0.022547 0.036277 -0.524402 -0.693827 0.410895 -0.273444
18.607407 0.312539 0.022547 0.036277 -0.524402 -0.693827 0.410895 -0.273444
18.611230 0.312539 0.022547 0.036277 -0.516748 -0.699547 0.407866 -0.277942
18.615054 0.312427 0.022659 0.036277 -0.516748 -0.699547 0.407866 -0.277942
18.618877 0.312427 0.022659 0.036277 -0.516748 -0.699547 0.407866 -0.277942
18.622700 0.312427 0.022659 0.036277 -0.516748 -0.699547 0.407866 -0.277942
18.626523 0.312427 0.022659 0.036277 -0.516748 -0.699547 0.407866 -0.277942
18.630346 0.312427 0.022659 0.036165 -0.516921 -0.704923 0.404350 -0.269031
18.634169 0.312427 0.022659 0.036165 -0.516921 -0.704923 0.404350 -0.269031
18.637993 0.312427 0.022659 0.036165 -0.509146 -0.710559 0.401370 -0.273457
18.641816 0.312427 0.022659 0.036165 -0.509146 -0.710559 0.401370 -0.273457
18.645639 0.312427 0.022659 0.036165 -0.509146 -0.710559 0.401370 -0.273457
18.649462 0.312427 0.022659 0.036165 -0.509198 -0.715851 0.397903 -0.264475
18.653285 0.312427 0.022659 0.036165 -0.509198 -0.715851 0.397903 -0.264475
18.657108 0.312427 0.022659 0.036165 -0.509198 -0.715851 0.397903 -0.264475
18.660932 0.312427 0.022659 0.036165 -0.501303 -0.721402 0.394973 -0.268831
18.664755 0.312427 0.022771 0.036054 -0.501303 -0.721402 0.394973 -0.268831
18.668578 0.312427 0.022771 0.036054 -0.501303 -0.721402 0.394973 -0.268831
18.672401 0.312427 0.022771 0.036054 -0.501303 -0.721402 0.394973 -0.268831
18.676224 0.312427 0.022771 0.036054 -0.501303 -0.721402 0.394973 -0.268831
18.680048 0.312427 0.022771 0.036054 -0.501303 -0.721402 0.394973 -0.268831
18.683871 0.312427 0.022771 0.036054 -0.501303 -0.721402 0.394973 -0.268831
18.687694 0.312427 0.022771 0.036054 -0.501303 -0.721402 0.394973 -0.268831
18.691517 0.312427 0.022771 0.036054 -0.501303 -0.721402 0.394973 -0.268831
18.695340 0.312427 0.022771 0.036054 -0.501303 -0.721402 0.394973 -0.268831
18.699163 0.312427 0.022771 0.036054 -0.501303 -0.721402 0.394973 -0.268831
18.702987 0.312427 0.022771 0.036054 -0.501303 -0.721402 0.394973 -0.268831
18.706810 0.312427 0.022771 0.036054 -0.493348 -0.726866 0.391996 -0.273154
18.710633 0.312427 0.022771 0.036054 -0.493225 -0.732070 0.388680 -0.264065
18.714456 0.312427 0.022882 0.036054 -0.493225 -0.732070 0.388680 -0.264065
18.718279 0.312427 0.022882 0.036054 -0.493225 -0.732070 0.388680 -0.264065
18.722103 0.312427 0.022882 0.036054 -0.493225 -0.732070 0.388680 -0.264065
18.725926 0.312427 0.022882 0.035942 -0.493225 -0.732070 0.388680 -0.264065
18.729749 0.312427 0.022882 0.035942 -0.493042 -0.737186 0.385317 -0.254945
18.733572 0.312427 0.022882 0.035942 -0.484913 -0.742558 0.382493 -0.259162
18.737395 0.312427 0.022882 0.035942 -0.484913 -0.742558 0.382493 -0.259162
18.741218 0.312427 0.022882 0.035942 -0.484616 -0.747582 0.379185 -0.249974
18.745042 0.312427 0.022882 0.035942 -0.481841 -0.751703 0.370949 -0.255283
18.748865 0.312427 0.022882 0.035942 -0.481841 -0.751703 0.370949 -0.255283
18.752688 0.312427 0.022882 0.035942 -0.481841 -0.751703 0.370949 -0.255283
18.756511 0.312427 0.022882 0.035942 -0.481841 -0.751703 0.370949 -0.255283
18.760334 0.312427 0.022882 0.035942 -0.490070 -0.746364 0.373731 -0.251192
18.764157 0.312427 0.022882 0.035942 -0.489869 -0.751263 0.370222 -0.242009
18.767981 0.312427 0.022882 0.035830 -0.489869 -0.751263 0.370222 -0.242009
18.771804 0.312427 0.022882 0.035830 -0.489869 -0.751263 0.370222 -0.242009
18.775627 0.312427 0.022882 0.035830 -0.489869 -0.751263 0.370222 -0.242009
18.779450 0.312427 0.022882 0.035830 -0.498093 -0.745836 0.372858 -0.237927
18.783273 0.312427 0.022882 0.035830 -0.500677 -0.741695 0.381029 -0.232440
18.787097 0.312427 0.022882 0.035830 -0.500677 -0.741695 0.381029 -0.232440
18.790920 0.312427 0.022882 0.035830 -0.500677 -0.741695 0.381029 -0.232440
18.794743 0.312427 0.022882 0.035830 -0.500677 -0.741695 0.381029 -0.232440
18.798566 0.312427 0.022882 0.035830 -0.511565 -0.726909 0.395226 -0.231737
18.802389 0.312427 0.022882 0.035830 -0.511565 -0.726909 0.395226 -0.231737
18.806212 0.312427 0.022882 0.035830 -0.514080 -0.722523 0.403188 -0.226103
18.810036 0.312427 0.022882 0.035830 -0.521986 -0.716831 0.405648 -0.221660
18.813859 0.312427 0.022882 0.035830 -0.524390 -0.712332 0.413498 -0.215912
18.817682 0.312427 0.022882 0.035830 -0.534474 -0.701916 0.423582 -0.205497
18.821505 0.312427 0.022882 0.035719 -0.544327 -0.691282 0.433435 -0.194862
18.825328 0.312427 0.022994 0.035719 -0.561825 -0.669017 0.448809 -0.187988
18.829152 0.312427 0.022994 0.035719 -0.587228 -0.639992 0.468934 -0.160233
18.832975 0.312427 0.022994 0.035607 -0.609551 -0.615049 0.480746 -0.138005
18.836798 0.312539 0.023106 0.035607 -0.650914 -0.562684 0.501276 -0.091760
18.840621 0.312539 0.023106 0.035496 -0.687606 -0.501603 0.522447 -0.051402
18.844444 0.312539 0.023106 0.035496 -0.719295 -0.449429 0.529668 -0.008975
18.848267 0.312539 0.023217 0.035384 -0.759625 -0.370405 0.532068 0.051704
18.852091 0.312539 0.023217 0.035384 -0.791290 -0.287830 0.527559 0.112675
18.855914 0.312651 0.023217 0.035272 -0.811710 -0.211584 0.517988 0.167476
18.859737 0.312651 0.023217 0.035272 -0.826185 -0.124934 0.506549 0.212645
18.863560 0.312539 0.023217 0.035384 -0.830491 -0.046921 0.501357 0.238170
18.867383 0.312539 0.023217 0.035384 -0.823881 0.035905 0.495036 0.273624
18.871206 0.312539 0.023106 0.035384 -0.814415 0.103648 0.480994 0.307620
18.875030 0.312651 0.023106 0.035272 -0.796300 0.175889 0.452183 0.361248
18.878853 0.312651 0.023106 0.035272 -0.771098 0.245286 0.429125 0.401365
18.882676 0.312651 0.022994 0.035272 -0.739848 0.311917 0.402363 0.439815
18.886499 0.312651 0.022994 0.035272 -0.706316 0.366666 0.389956 0.463258
18.890322 0.312651 0.022882 0.035272 -0.669213 0.419295 0.362715 0.494756
18.894146 0.312651 0.022882 0.035161 -0.629258 0.472997 0.318454 0.528105
18.897969 0.312651 0.022771 0.035161 -0.590278 0.515551 0.291592 0.548409
18.901792 0.312651 0.022771 0.035161 -0.535959 0.563731 0.250943 0.576179
18.905615 0.312651 0.022659 0.035049 -0.490829 0.598950 0.220843 0.592937
18.909438 0.312651 0.022659 0.035049 -0.436654 0.632636 0.182627 0.612986
18.913261 0.312651 0.022659 0.034937 -0.394184 0.661213 0.126485 0.625634
18.917085 0.312539 0.022659 0.034937 -0.357201 0.680663 0.107396 0.630532
18.920908 0.312539 0.022771 0.034937 -0.319266 0.697711 0.088074 0.635225
18.924731 0.312539 0.022771 0.034937 -0.287561 0.711517 0.076297 0.636578
18.928554 0.312539 0.022882 0.034937 -0.255076 0.725735 0.049207 0.637043
18.932377 0.312539 0.022882 0.034826 -0.236924 0.735597 0.037345 0.633537
18.936200 0.312427 0.022994 0.034826 -0.203140 0.747423 0.010716 0.632438
18.940024 0.312427 0.022994 0.034826 -0.170824 0.752655 -0.002268 0.635866
18.943847 0.312316 0.023106 0.034826 -0.137230 0.757854 -0.014328 0.637667
18.947670 0.312316 0.023217 0.034937 -0.112123 0.759743 -0.019777 0.640178
18.951493 0.312316 0.023329 0.034937 -0.101049 0.763738 -0.024088 0.637113
18.955316 0.312316 0.023440 0.034937 -0.060897 0.763842 -0.045531 0.640909
18.959140 0.312316 0.023440 0.035049 -0.028259 0.762262 -0.059229 0.643933
18.962963 0.312316 0.023440 0.035049 0.002506 0.757988 -0.074870 0.647953
18.966786 0.312316 0.023440 0.035049 0.040938 0.751819 -0.098263 0.650720
18.970609 0.312427 0.023440 0.035161 0.081967 0.737003 -0.119029 0.660257
18.974432 0.312427 0.023552 0.035161 0.110128 0.727531 -0.136952 0.663185
18.978255 0.312539 0.023552 0.035161 0.152573 0.713402 -0.170646 0.662314
18.982079 0.312651 0.023552 0.035161 0.186101 0.698829 -0.197381 0.661850
18.985902 0.312762 0.023552 0.035161 0.226098 0.680176 -0.231622 0.657717
18.989725 0.312874 0.023552 0.035272 0.248639 0.672406 -0.252921 0.649677
18.993548 0.312874 0.023552 0.035272 0.279073 0.653222 -0.280150 0.645706
18.997371 0.312986 0.023440 0.035272 0.301207 0.635939 -0.300514 0.643853
19.001195 0.313097 0.023552 0.035272 0.322383 0.617835 -0.321106 0.641280
19.005018 0.313209 0.023552 0.035272 0.342567 0.606876 -0.342064 0.630350
19.008841 0.313209 0.023552 0.035272 0.355299 0.591293 -0.356177 0.630296
19.012664 0.313320 0.023552 0.035272 0.374591 0.579263 -0.376754 0.618217
19.016487 0.313320 0.023552 0.035272 0.385888 0.562991 -0.391302 0.617263
19.020310 0.313320 0.023552 0.035272 0.390240 0.550813 -0.399488 0.620264
19.024134 0.313320 0.023664 0.035384 0.393987 0.538608 -0.408072 0.623018
19.027957 0.313320 0.023664 0.035384 0.384382 0.535209 -0.404295 0.634309
19.031780 0.313320 0.023664 0.035496 0.381269 0.527386 -0.406739 0.641141
19.035603 0.313320 0.023775 0.035496 0.383470 0.515419 -0.416552 0.643256
19.039426 0.313320 0.023775 0.035607 0.376950 0.499594 -0.421231 0.656414
19.043249 0.313209 0.023775 0.035719 0.379697 0.487259 -0.430053 0.658379
19.047073 0.313209 0.023775 0.035719 0.371927 0.471429 -0.435365 0.670732
19.050896 0.313209 0.023887 0.035830 0.361450 0.467915 -0.431892 0.681086
19.054719 0.313209 0.023887 0.035942 0.355829 0.460443 -0.436064 0.686459
19.058542 0.313209 0.023887 0.035942 0.352498 0.452117 -0.437850 0.692548
19.062365 0.313209 0.023999 0.035942 0.345708 0.435301 -0.441264 0.704475
19.066189 0.313209 0.023999 0.036054 0.337948 0.440122 -0.436456 0.708230
19.070012 0.313209 0.023999 0.036054 0.342250 0.426814 -0.442892 0.710311
19.073835 0.313209 0.024110 0.036054 0.338751 0.418275 -0.444465 0.716062
19.077658 0.313097 0.024110 0.036054 0.338751 0.418275 -0.444465 0.716062
19.081481 0.313097 0.024110 0.036054 0.338751 0.418275 -0.444465 0.716062
19.085304 0.313097 0.024110 0.035942 0.338751 0.418275 -0.444465 0.716062
19.089128 0.313097 0.024110 0.035942 0.346598 0.413367 -0.449034 0.712297
19.092951 0.313097 0.024222 0.035942 0.350033 0.421922 -0.447554 0.706508
19.096774 0.313097 0.024222 0.035830 0.357774 0.416980 -0.452162 0.702620
19.100597 0.313097 0.024222 0.035830 0.361102 0.425501 -0.450722 0.696709
19.104420 0.313097 0.024222 0.035830 0.365755 0.421508 -0.458349 0.691716
19.108243 0.313097 0.024110 0.035830 0.365755 0.421508 -0.458349 0.691716
19.112067 0.313097 0.024110 0.035719 0.376644 0.424897 -0.461484 0.681641
19.115890 0.313097 0.024110 0.035719 0.381290 0.420733 -0.468945 0.676530
19.119713 0.313097 0.024110 0.035719 0.384648 0.429095 -0.467354 0.670450
19.123536 0.313097 0.024110 0.035607 0.396624 0.419603 -0.479331 0.660957
19.127359 0.313097 0.024110 0.035607 0.399960 0.427895 -0.477707 0.654778
19.131183 0.313097 0.023999 0.035607 0.404637 0.423475 -0.484872 0.649490
19.135006 0.313097 0.023999 0.035607 0.404637 0.423475 -0.484872 0.649490
19.138829 0.313097 0.023999 0.035607 0.416316 0.413574 -0.496552 0.639589
19.142652 0.313097 0.023999 0.035607 0.416316 0.413574 -0.496552 0.639589
19.146475 0.313097 0.023887 0.035496 0.420835 0.408975 -0.503548 0.634095
19.150298 0.313097 0.023887 0.035496 0.425302 0.404327 -0.510484 0.628525
19.154122 0.313097 0.023887 0.035496 0.432182 0.398694 -0.514895 0.623815
19.157945 0.312986 0.023887 0.035496 0.436536 0.393922 -0.521717 0.618120
19.161768 0.312986 0.023775 0.035496 0.447538 0.383273 -0.532720 0.607471
19.165591 0.312986 0.023775 0.035496 0.443865 0.375157 -0.534480 0.613655
19.169414 0.312986 0.023775 0.035496 0.454610 0.364290 -0.545224 0.602788
19.173238 0.312986 0.023664 0.035496 0.465113 0.353190 -0.555727 0.591688
19.177061 0.312986 0.023664 0.035496 0.465113 0.353190 -0.555727 0.591688
19.180884 0.312986 0.023664 0.035384 0.475369 0.341861 -0.565984 0.580359
19.184707 0.312986 0.023552 0.035384 0.481717 0.335623 -0.569706 0.575102
19.188530 0.312986 0.023552 0.035384 0.491594 0.323962 -0.579584 0.563441
19.192353 0.312986 0.023552 0.035384 0.491594 0.323962 -0.579584 0.563441
19.196177 0.312986 0.023552 0.035384 0.497755 0.317576 -0.583108 0.558007
19.200000 0.312986 0.023552 0.035384 0.507243 0.305596 -0.592596 0.546027
19.203823 0.312986 0.023552 0.035272 0.509586 0.290975 -0.597241 0.546772
19.207646 0.312986 0.023552 0.035272 0.515562 0.284396 -0.600402 0.541140
19.211469 0.312986 0.023552 0.035272 0.515562 0.284396 -0.600402 0.541140
19.215292 0.312986 0.023552 0.035272 0.521476 0.277783 -0.603490 0.535444
19.219116 0.312986 0.023552 0.035272 0.523849 0.262972 -0.607488 0.536084
19.222939 0.312986 0.023552 0.035272 0.529707 0.256282 -0.610340 0.530297
19.226762 0.312986 0.023552 0.035272 0.523478 0.253843 -0.605227 0.543354
19.230585 0.312986 0.023664 0.035272 0.529416 0.247179 -0.607979 0.537571
19.234408 0.312986 0.023664 0.035384 0.531986 0.232198 -0.611153 0.538115
19.238232 0.312986 0.023664 0.035384 0.534566 0.217152 -0.613996 0.538603
19.242055 0.312986 0.023775 0.035384 0.534566 0.217152 -0.613996 0.538603
19.245878 0.312986 0.023775 0.035384 0.537157 0.202046 -0.616508 0.539034
19.249701 0.312986 0.023775 0.035384 0.537671 0.192807 -0.612724 0.546172
19.253524 0.312986 0.023887 0.035496 0.540446 0.177635 -0.614567 0.546509
19.257347 0.312986 0.023887 0.035496 0.543226 0.162427 -0.616076 0.546785
19.261171 0.312986 0.023887 0.035496 0.546013 0.147189 -0.617250 0.546999
19.264994 0.312986 0.023887 0.035496 0.548803 0.131928 -0.618089 0.547153
19.268817 0.312986 0.023887 0.035607 0.551596 0.116653 -0.618593 0.547245
19.272640 0.312986 0.023999 0.035607 0.557575 0.109850 -0.619837 0.541152
19.276463 0.312986 0.023999 0.035607 0.560370 0.094567 -0.619837 0.541152
19.280287 0.313097 0.023999 0.035607 0.563163 0.079288 -0.619501 0.541090
19.284110 0.313097 0.023999 0.035607 0.563163 0.079288 -0.619501 0.541090
19.287933 0.313097 0.023999 0.035719 0.565955 0.064019 -0.618830 0.540968
19.291756 0.313097 0.023999 0.035719 0.565218 0.070233 -0.612849 0.547734
19.295579 0.313097 0.023999 0.035719 0.565218 0.070233 -0.612849 0.547734
19.299402 0.313097 0.023999 0.035719 0.567535 0.061253 -0.605792 0.554227
19.303226 0.313097 0.024110 0.035719 0.567535 0.061253 -0.605792 0.554227
19.307049 0.313097 0.024110 0.035830 0.567535 0.061253 -0.605792 0.554227
19.310872 0.313097 0.024110 0.035830 0.572955 0.060892 -0.600372 0.554588
19.314695 0.313097 0.024110 0.035830 0.570112 0.052360 -0.598334 0.560560
19.318518 0.313097 0.024110 0.035830 0.569502 0.058620 -0.592140 0.567099
19.322341 0.312986 0.024222 0.035830 0.575698 0.052111 -0.592748 0.560808
19.326165 0.312986 0.024222 0.035830 0.575091 0.058433 -0.586551 0.567287
19.329988 0.312986 0.024222 0.035830 0.581288 0.051985 -0.587158 0.560934
19.333811 0.312986 0.024222 0.035830 0.578694 0.043436 -0.584730 0.566849
19.337634 0.312986 0.024222 0.035830 0.584444 0.043433 -0.578979 0.566852
19.341457 0.312986 0.024222 0.035830 0.590637 0.037070 -0.579421 0.560397
19.345281 0.312986 0.024333 0.035830 0.590637 0.037070 -0.579421 0.560397
19.349104 0.313097 0.024333 0.035719 0.596384 0.037256 -0.573674 0.560211
19.352927 0.313097 0.024333 0.035719 0.602503 0.030951 -0.574048 0.553625
19.356750 0.313097 0.024333 0.035719 0.608549 0.024643 -0.574354 0.546972
19.360573 0.313097 0.024333 0.035607 0.614521 0.018331 -0.574590 0.540254
19.364396 0.313097 0.024222 0.035607 0.626243 0.005703 -0.574854 0.526622
19.368220 0.313097 0.024222 0.035607 0.631990 -0.000613 -0.574882 0.519710
19.372043 0.313097 0.024222 0.035496 0.644954 0.002075 -0.572782 0.505915
19.375866 0.313097 0.024222 0.035384 0.650474 -0.004217 -0.572770 0.498799
19.379689 0.313209 0.024222 0.035384 0.661276 -0.016801 -0.572539 0.484387
19.383512 0.313209 0.024222 0.035272 0.666771 -0.015765 -0.567044 0.483352
19.387335 0.313209 0.024110 0.035272 0.677229 -0.028220 -0.566561 0.468586
19.391159 0.313209 0.024110 0.035161 0.688562 -0.025183 -0.565207 0.453640
19.394982 0.313209 0.024110 0.035161 0.698734 -0.029920 -0.559667 0.444577
19.398805 0.313209 0.023999 0.035161 0.708398 -0.042157 -0.549228 0.441297
19.402628 0.313209 0.023999 0.035049 0.718475 -0.046324 -0.543460 0.431623
19.406451 0.313209 0.023887 0.035049 0.723628 -0.051907 -0.532883 0.435550
19.410275 0.313209 0.023887 0.035161 0.733724 -0.062981 -0.521332 0.431156
19.414098 0.313209 0.023775 0.035161 0.739228 -0.067953 -0.510082 0.434442
19.417921 0.313209 0.023775 0.035272 0.744874 -0.072665 -0.498539 0.437425
19.421744 0.313209 0.023664 0.035272 0.750766 -0.084312 -0.480405 0.445480
19.425567 0.313209 0.023552 0.035384 0.752709 -0.082168 -0.457479 0.466252
19.429390 0.313209 0.023552 0.035496 0.758873 -0.093042 -0.437980 0.472894
19.433214 0.313209 0.023440 0.035607 0.758823 -0.100118 -0.431145 0.477784
19.437037 0.313320 0.023329 0.035607 0.759658 -0.105892 -0.411940 0.491947
19.440860 0.313320 0.023329 0.035719 0.760606 -0.104582 -0.399420 0.501004
19.444683 0.313432 0.023217 0.035830 0.761524 -0.103252 -0.386704 0.509784
19.448506 0.313432 0.023217 0.035830 0.762613 -0.094880 -0.381081 0.514002
19.452330 0.313544 0.023106 0.035830 0.763487 -0.093520 -0.368082 0.522357
19.456153 0.313655 0.023106 0.035830 0.764468 -0.085126 -0.362321 0.526370
19.459976 0.313655 0.023106 0.035830 0.771976 -0.072158 -0.349898 0.525754
19.463799 0.313767 0.022994 0.035830 0.772493 -0.056733 -0.351683 0.525694
19.467622 0.313879 0.022994 0.035719 0.778849 -0.036627 -0.347291 0.521000
19.471445 0.313990 0.022994 0.035607 0.784424 -0.016436 -0.343342 0.516261
19.475269 0.313990 0.022994 0.035496 0.788041 0.010458 -0.347718 0.507911
19.479092 0.314102 0.022994 0.035496 0.791779 0.030604 -0.344755 0.503283
19.482915 0.314213 0.022994 0.035384 0.796479 0.044325 -0.334121 0.502016
19.486738 0.314213 0.022994 0.035384 0.798195 0.073310 -0.326426 0.500956
19.490561 0.314325 0.022994 0.035272 0.796204 0.108314 -0.327577 0.497012
19.494384 0.314325 0.022994 0.035161 0.795003 0.136945 -0.320958 0.496188
19.498208 0.314325 0.022994 0.035049 0.797929 0.161916 -0.316589 0.486686
19.502031 0.314325 0.022994 0.034937 0.794203 0.190164 -0.311171 0.486057
19.505854 0.314437 0.022994 0.034937 0.787506 0.216232 -0.294985 0.496047
19.509677 0.314325 0.022994 0.034937 0.785459 0.238991 -0.281121 0.496899
19.513500 0.314325 0.022994 0.034937 0.789349 0.248367 -0.263935 0.495561
19.517324 0.314325 0.022994 0.035049 0.780735 0.274244 -0.247462 0.503989
19.521147 0.314325 0.022994 0.035049 0.780926 0.292757 -0.224863 0.503869
19.524970 0.314325 0.022994 0.035049 0.774305 0.309844 -0.213738 0.508688
19.528793 0.314325 0.022994 0.035049 0.772903 0.324537 -0.206088 0.504801
19.532616 0.314325 0.022882 0.035049 0.769856 0.337265 -0.185728 0.508998
19.536439 0.314325 0.022882 0.035049 0.775891 0.339636 -0.174628 0.502142
19.540263 0.314325 0.022771 0.035161 0.776282 0.344076 -0.159802 0.503449
19.544086 0.314325 0.022771 0.035272 0.772700 0.357035 -0.139401 0.505992
19.547909 0.314325 0.022659 0.035272 0.768731 0.365502 -0.133834 0.507493
19.551732 0.314325 0.022659 0.035161 0.770214 0.372494 -0.132350 0.500501
19.555555 0.314437 0.022547 0.035161 0.766075 0.380933 -0.126844 0.501925
19.559378 0.314437 0.022547 0.035272 0.766076 0.385554 -0.112010 0.501926
19.563202 0.314437 0.022436 0.035272 0.766076 0.385554 -0.112010 0.501926
19.567025 0.314437 0.022436 0.035272 0.765974 0.390174 -0.097180 0.501601
19.570848 0.314437 0.022324 0.035272 0.761642 0.398566 -0.091664 0.502638
19.574671 0.314437 0.022324 0.035272 0.757420 0.402293 -0.100955 0.504266
19.578494 0.314437 0.022213 0.035272 0.752954 0.410589 -0.095409 0.505344
19.582318 0.314437 0.022213 0.035272 0.748398 0.418837 -0.089852 0.506362
19.586141 0.314437 0.022101 0.035272 0.749280 0.426082 -0.088970 0.499117
19.589964 0.314548 0.022101 0.035272 0.749280 0.426082 -0.088970 0.499117
19.593787 0.314548 0.021989 0.035384 0.744554 0.434288 -0.083481 0.500064
19.597610 0.314548 0.021989 0.035384 0.748913 0.430851 -0.074232 0.497982
19.601433 0.314548 0.021878 0.035384 0.744134 0.439053 -0.068756 0.498768
19.605257 0.314548 0.021878 0.035384 0.739266 0.447202 -0.063273 0.499493
19.609080 0.314548 0.021878 0.035384 0.739759 0.454634 -0.062780 0.492060
19.612903 0.314660 0.021766 0.035384 0.744113 0.451389 -0.053561 0.489566
19.616726 0.314660 0.021766 0.035384 0.739109 0.459537 -0.048179 0.490125
19.620549 0.314660 0.021654 0.035496 0.738351 0.464424 -0.033624 0.487869
19.624373 0.314660 0.021654 0.035496 0.737576 0.477188 -0.019034 0.477401
19.628196 0.314660 0.021543 0.035607 0.736518 0.482184 -0.004679 0.474361
19.632019 0.314660 0.021543 0.035607 0.729954 0.495206 0.014780 0.470872
19.635842 0.314771 0.021431 0.035719 0.728623 0.500136 0.028946 0.467049
19.639665 0.314771 0.021431 0.035719 0.726628 0.513493 0.042469 0.454459
19.643488 0.314771 0.021431 0.035830 0.713411 0.534299 0.066221 0.448534
19.647312 0.314883 0.021320 0.035942 0.708303 0.552918 0.092172 0.429061
19.651135 0.314883 0.021320 0.035942 0.698255 0.574485 0.108447 0.413093
19.654958 0.314883 0.021320 0.036054 0.680674 0.603546 0.128139 0.394963
19.658781 0.314883 0.021320 0.036054 0.672594 0.626417 0.135449 0.369964
19.662604 0.314883 0.021320 0.036054 0.655891 0.656613 0.145036 0.342975
19.666427 0.314995 0.021208 0.036165 0.626050 0.695062 0.148413 0.320817
19.670251 0.314995 0.021208 0.036054 0.601666 0.725287 0.146464 0.300841
19.674074 0.314995 0.021208 0.035942 0.558560 0.769174 0.133900 0.280093
19.677897 0.314883 0.021208 0.035830 0.524181 0.803160 0.122676 0.255185
19.681720 0.314883 0.021208 0.035830 0.484361 0.834694 0.103117 0.240931
19.685543 0.314883 0.021096 0.035719 0.440072 0.862244 0.076889 0.238663
19.689367 0.314771 0.021096 0.035607 0.397226 0.886548 0.055738 0.230517
19.693190 0.314771 0.021096 0.035496 0.363192 0.903423 0.031549 0.225661
19.697013 0.314771 0.020985 0.035272 0.316909 0.919343 0.005735 0.233117
19.700836 0.314771 0.020985 0.035161 0.269609 0.933405 -0.005308 0.236723
19.704659 0.314771 0.020985 0.035049 0.220935 0.941869 -0.018434 0.252451
19.708482 0.314771 0.020985 0.035049 0.184860 0.950275 -0.028211 0.249016
19.712306 0.314883 0.020873 0.034937 0.145128 0.954480 -0.029420 0.258921
19.716129 0.314883 0.020873 0.034937 0.116443 0.958457 -0.031404 0.258487
19.719952 0.314995 0.020873 0.034937 0.077072 0.962369 -0.030592 0.258786
19.723775 0.314995 0.020762 0.035049 0.037573 0.964557 -0.029792 0.259483
19.727598 0.315106 0.020762 0.035049 0.008627 0.964979 -0.031829 0.260244
19.731422 0.315218 0.020762 0.035049 -0.020306 0.964426 -0.033833 0.261391
19.735245 0.315330 0.020650 0.035161 -0.049190 0.962898 -0.035782 0.262920
19.739068 0.315330 0.020650 0.035161 -0.081751 0.963481 -0.028298 0.253416
19.742891 0.315441 0.020538 0.035272 -0.113456 0.960264 -0.019932 0.254211
19.746714 0.315441 0.020538 0.035272 -0.143362 0.958348 -0.023964 0.245851
19.750537 0.315553 0.020427 0.035384 -0.169407 0.952525 -0.036786 0.250290
19.754361 0.315553 0.020427 0.035384 -0.199540 0.948301 -0.041591 0.243266
19.758184 0.315553 0.020315 0.035384 -0.225254 0.940247 -0.054223 0.249513
19.762007 0.315553 0.020315 0.035384 -0.240291 0.933774 -0.069261 0.255986
19.765830 0.315553 0.020203 0.035384 -0.257905 0.927515 -0.073814 0.260295
19.769653 0.315664 0.020203 0.035384 -0.277772 0.922540 -0.081997 0.255028
19.773476 0.315664 0.020203 0.035384 -0.305173 0.912022 -0.083573 0.260960
19.777300 0.315664 0.020092 0.035384 -0.319287 0.903169 -0.097687 0.269814
19.781123 0.315664 0.020092 0.035272 -0.326194 0.898512 -0.104594 0.274471
19.784946 0.315664 0.019980 0.035272 -0.339693 0.888748 -0.118094 0.284235
19.788769 0.315776 0.019980 0.035272 -0.346279 0.883646 -0.124679 0.289337
19.792592 0.315776 0.019869 0.035384 -0.359255 0.880745 -0.126433 0.281493
19.796416 0.315888 0.019869 0.035384 -0.378738 0.871989 -0.134931 0.279261
19.800239 0.315888 0.019757 0.035384 -0.388295 0.867775 -0.131855 0.280727
19.804062 0.315888 0.019757 0.035384 -0.397805 0.863457 -0.128763 0.282158
19.807885 0.315999 0.019757 0.035384 -0.407267 0.859035 -0.125655 0.283556
19.811708 0.315999 0.019645 0.035496 -0.426042 0.849879 -0.119395 0.286248
19.815531 0.315999 0.019645 0.035496 -0.441741 0.846834 -0.112654 0.273946
19.819355 0.316111 0.019534 0.035607 -0.451018 0.841930 -0.109637 0.275167
19.823178 0.316111 0.019534 0.035607 -0.475544 0.833223 -0.100394 0.263664
19.827001 0.316111 0.019534 0.035607 -0.493736 0.822574 -0.094577 0.265806
19.830824 0.316111 0.019422 0.035719 -0.514601 0.812453 -0.079793 0.262183
19.834647 0.316111 0.019422 0.035719 -0.523495 0.806750 -0.076908 0.263043
19.838470 0.315999 0.019422 0.035719 -0.549725 0.789572 -0.052816 0.267559
19.842294 0.315999 0.019422 0.035719 -0.566940 0.777304 -0.046925 0.268655
19.846117 0.315999 0.019422 0.035719 -0.586808 0.765064 -0.032608 0.263191
19.849940 0.315999 0.019422 0.035719 -0.603476 0.751987 -0.026818 0.263843
19.853763 0.315999 0.019422 0.035719 -0.624977 0.731624 -0.010622 0.272062
19.857586 0.315999 0.019422 0.035719 -0.637871 0.717625 0.003008 0.279510
19.861410 0.315999 0.019422 0.035607 -0.650374 0.703329 0.016956 0.286452
19.865233 0.315999 0.019422 0.035607 -0.659221 0.689047 0.023634 0.300139
19.869056 0.315999 0.019422 0.035607 -0.670852 0.674352 0.038326 0.306167
19.872879 0.315999 0.019534 0.035607 -0.685507 0.659450 0.045044 0.305251
19.876702 0.315999 0.019534 0.035607 -0.696398 0.644253 0.060119 0.310408
19.880525 0.315999 0.019534 0.035496 -0.699918 0.636548 0.071966 0.315820
19.884349 0.315999 0.019534 0.035496 -0.713735 0.621016 0.078887 0.314163
19.888172 0.316111 0.019534 0.035496 -0.716913 0.613164 0.090960 0.319049
19.891995 0.316111 0.019534 0.035496 -0.719917 0.605244 0.103138 0.323669
19.895818 0.316111 0.019534 0.035496 -0.726523 0.597298 0.106687 0.322516
19.899641 0.316111 0.019534 0.035496 -0.729265 0.589283 0.119010 0.326732
19.903465 0.316223 0.019534 0.035496 -0.739226 0.579854 0.128971 0.317303
19.907288 0.316223 0.019422 0.035496 -0.745551 0.571698 0.132449 0.315867
19.911111 0.316223 0.019422 0.035496 -0.747979 0.563433 0.144855 0.319511
19.914934 0.316223 0.019534 0.035496 -0.754124 0.555182 0.148357 0.317900
19.918757 0.316223 0.019534 0.035384 -0.762240 0.538500 0.164395 0.319347
19.922580 0.316223 0.019534 0.035384 -0.769895 0.521667 0.180543 0.320202
19.926404 0.316334 0.019534 0.035384 -0.774992 0.511050 0.198875 0.314108
19.930227 0.316334 0.019534 0.035384 -0.786034 0.493899 0.205728 0.309663
19.934050 0.316334 0.019645 0.035384 -0.792563 0.476555 0.221841 0.309072
19.937873 0.316334 0.019645 0.035384 -0.800209 0.452930 0.236402 0.314060
19.941696 0.316334 0.019757 0.035272 -0.809967 0.435239 0.243245 0.308791
19.945519 0.316446 0.019757 0.035272 -0.816139 0.411590 0.258392 0.312642
19.949343 0.316446 0.019869 0.035272 -0.824799 0.385091 0.278219 0.306604
19.953166 0.316446 0.019980 0.035272 -0.833725 0.360846 0.284225 0.306447
19.956989 0.316446 0.019980 0.035161 -0.833538 0.346652 0.296850 0.311331
19.960812 0.316557 0.020092 0.035161 -0.841147 0.322349 0.303425 0.310640
19.964635 0.316557 0.020092 0.035272 -0.852475 0.296332 0.300425 0.308575
19.968459 0.316557 0.020203 0.035272 -0.858446 0.271474 0.307466 0.307957
19.972282 0.316557 0.020203 0.035272 -0.865177 0.253940 0.301498 0.309972
19.976105 0.316557 0.020203 0.035272 -0.866276 0.232083 0.306524 0.318978
19.979928 0.316669 0.020203 0.035272 -0.871795 0.213797 0.301256 0.321730
19.983751 0.316669 0.020203 0.035384 -0.871308 0.191756 0.307556 0.330851
19.987574 0.316669 0.020203 0.035384 -0.877346 0.179255 0.289570 0.338055
19.991398 0.316669 0.020203 0.035496 -0.884660 0.156661 0.287096 0.332281
19.995221 0.316781 0.020203 0.035607 -0.890943 0.133441 0.273144 0.337353
19.999044 0.316781 0.020203 0.035607 -0.891762 0.123026 0.265628 0.345060
20.002867 0.316781 0.020203 0.035719 -0.896046 0.109520 0.259550 0.343132
20.006690 0.316781 0.020092 0.035719 -0.896228 0.098703 0.252363 0.351206
20.010513 0.316781 0.020092 0.035830 -0.893377 0.091660 0.255215 0.358248
20.014337 0.316781 0.020092 0.035830 -0.897748 0.067949 0.253248 0.353974
20.018160 0.316781 0.020092 0.035830 -0.896931 0.056701 0.246722 0.362531
20.021983 0.316892 0.020092 0.035942 -0.897499 0.046844 0.250690 0.359799
20.025806 0.316892 0.020092 0.035942 -0.893983 0.039776 0.254206 0.366866
20.029629 0.316892 0.020092 0.035942 -0.894366 0.029952 0.258221 0.364052
20.033453 0.316892 0.020092 0.035942 -0.890619 0.023004 0.261968 0.371000
20.037276 0.316892 0.020092 0.035830 -0.884621 0.020784 0.275367 0.375749
20.041099 0.316892 0.020092 0.035830 -0.884796 0.011064 0.279478 0.372701
20.044922 0.316892 0.020092 0.035830 -0.880750 0.004458 0.283524 0.379307
20.048745 0.316892 0.020092 0.035830 -0.874562 0.002860 0.296999 0.383308
20.052568 0.316892 0.020092 0.035830 -0.874541 -0.006748 0.301192 0.380022
20.056392 0.316892 0.020092 0.035830 -0.868119 -0.017476 0.318839 0.380008
20.060215 0.316892 0.020092 0.035830 -0.867874 -0.027013 0.322995 0.376482
20.064038 0.316892 0.020092 0.035830 -0.861509 -0.027722 0.336435 0.379269
20.067861 0.316781 0.020092 0.035830 -0.856975 -0.033441 0.340970 0.384988
20.071684 0.316781 0.020092 0.035719 -0.856556 -0.042854 0.345179 0.381218
20.075508 0.316781 0.019980 0.035719 -0.850115 -0.042936 0.358572 0.383258
20.079331 0.316781 0.019980 0.035719 -0.849592 -0.052273 0.362761 0.379296
20.083154 0.316781 0.019980 0.035719 -0.848967 -0.061604 0.366906 0.375287
20.086977 0.316781 0.019980 0.035719 -0.844109 -0.066847 0.371764 0.380530
20.090800 0.316781 0.019869 0.035719 -0.841787 -0.070459 0.384325 0.372457
20.094623 0.316781 0.019869 0.035719 -0.836866 -0.075431 0.389245 0.377429
20.098447 0.316781 0.019757 0.035719 -0.835987 -0.084620 0.393368 0.373130
20.102270 0.316669 0.019645 0.035719 -0.834520 -0.078829 0.401571 0.368920
20.106093 0.316669 0.019645 0.035719 -0.829549 -0.083531 0.406542 0.373622
20.109916 0.316669 0.019534 0.035607 -0.827190 -0.086718 0.418617 0.364685
20.113739 0.316669 0.019422 0.035607 -0.821693 -0.076095 0.427423 0.369243
20.117562 0.316669 0.019310 0.035607 -0.819333 -0.079073 0.439230 0.359886
20.121386 0.316557 0.019199 0.035496 -0.813808 -0.068105 0.447729 0.364167
20.125209 0.316557 0.019199 0.035384 -0.812188 -0.061958 0.455331 0.359424
20.129032 0.316557 0.019087 0.035384 -0.806525 -0.050715 0.463463 0.363520
20.132855 0.316557 0.018976 0.035272 -0.798557 -0.041743 0.482599 0.357299
20.136678 0.316557 0.018864 0.035161 -0.796725 -0.035389 0.489784 0.352264
20.140502 0.316557 0.018864 0.035161 -0.794796 -0.029031 0.496909 0.347186
20.144325 0.316557 0.018864 0.035049 -0.788965 -0.017132 0.504194 0.350755
20.148148 0.316557 0.018752 0.035049 -0.786737 -0.019336 0.514894 0.339935
20.151971 0.316669 0.018752 0.034937 -0.784649 -0.012871 0.521709 0.334634
20.155794 0.316669 0.018752 0.034826 -0.782467 -0.006404 0.528461 0.329293
20.159617 0.316669 0.018752 0.034826 -0.776584 0.005942 0.535116 0.332464
20.163441 0.316669 0.018752 0.034714 -0.777844 -0.002015 0.545239 0.312521
20.167264 0.316781 0.018752 0.034714 -0.777844 -0.002015 0.545239 0.312521
20.171087 0.316781 0.018752 0.034714 -0.775450 0.004478 0.551737 0.306991
20.174910 0.316781 0.018641 0.034714 -0.775450 0.004478 0.551737 0.306991
20.178733 0.316781 0.018641 0.034714 -0.776228 0.004838 0.558255 0.292914
20.182557 0.316781 0.018641 0.034603 -0.776234 -0.003690 0.561439 0.286763
20.186380 0.316781 0.018641 0.034603 -0.776704 -0.003478 0.567809 0.272601
20.190203 0.316892 0.018641 0.034603 -0.776704 -0.003478 0.567809 0.272601
20.194026 0.316892 0.018641 0.034603 -0.779499 -0.018280 0.570603 0.257799
20.197849 0.316892 0.018641 0.034603 -0.779502 -0.018279 0.576820 0.243560
20.201672 0.316892 0.018529 0.034603 -0.782131 -0.024615 0.576584 0.234982
20.205496 0.316892 0.018529 0.034603 -0.781345 -0.033404 0.585187 0.214335
20.209319 0.316892 0.018529 0.034603 -0.785866 -0.046253 0.584312 0.197116
20.213142 0.316892 0.018529 0.034603 -0.784210 -0.055336 0.592328 0.176355
20.216965 0.316892 0.018417 0.034603 -0.783794 -0.071101 0.599201 0.146869
20.220788 0.316892 0.018417 0.034603 -0.785360 -0.077679 0.598383 0.138250
20.224611 0.316892 0.018417 0.034603 -0.783641 -0.093742 0.604401 0.108714
20.228435 0.316781 0.018417 0.034714 -0.784617 -0.115626 0.603164 0.084849
20.232258 0.316781 0.018306 0.034714 -0.781086 -0.131957 0.607810 0.055307
20.236081 0.316781 0.018306 0.034714 -0.776568 -0.148426 0.611757 0.025810
20.239904 0.316781 0.018306 0.034714 -0.771062 -0.165002 0.615000 -0.003605
20.243727 0.316781 0.018306 0.034714 -0.764885 -0.174859 0.619496 -0.024500
20.247551 0.316781 0.018306 0.034714 -0.757730 -0.191537 0.621509 -0.053721
20.251374 0.316781 0.018306 0.034714 -0.756367 -0.205146 0.617150 -0.070356
20.255197 0.316781 0.018306 0.034714 -0.748639 -0.215067 0.620488 -0.090991
20.259020 0.316781 0.018306 0.034714 -0.743903 -0.236835 0.614396 -0.114174
20.262843 0.316781 0.018306 0.034603 -0.737852 -0.238574 0.618319 -0.127826
20.266666 0.316669 0.018306 0.034603 -0.731502 -0.240399 0.622203 -0.141341
20.270490 0.316669 0.018306 0.034603 -0.729905 -0.247220 0.619524 -0.149369
20.274313 0.316669 0.018306 0.034603 -0.721283 -0.256004 0.620571 -0.170602
20.278136 0.316669 0.018194 0.034603 -0.719365 -0.262807 0.617721 -0.178515
20.281959 0.316669 0.018194 0.034603 -0.717360 -0.269577 0.614796 -0.186408
20.285782 0.316669 0.018194 0.034603 -0.709849 -0.271736 0.618505 -0.199313
20.289605 0.316669 0.018194 0.034603 -0.707617 -0.278514 0.615482 -0.207100
20.293429 0.316669 0.018194 0.034603 -0.697228 -0.287578 0.615995 -0.227424
20.297252 0.316669 0.018194 0.034603 -0.694687 -0.294329 0.612799 -0.235070
20.301075 0.316669 0.018194 0.034603 -0.695328 -0.293422 0.612158 -0.235977
20.304898 0.316669 0.018194 0.034603 -0.689976 -0.306801 0.605563 -0.251197
20.308721 0.316781 0.018194 0.034603 -0.687174 -0.313435 0.602156 -0.258762
20.312545 0.316781 0.018194 0.034714 -0.675177 -0.322759 0.602199 -0.278064
20.316368 0.316781 0.018306 0.034714 -0.672081 -0.329355 0.598616 -0.285465
20.320191 0.316781 0.018306 0.034714 -0.665647 -0.342428 0.591236 -0.300162
20.324014 0.316892 0.018306 0.034714 -0.662309 -0.348903 0.587438 -0.307457
20.327837 0.316892 0.018306 0.034826 -0.655394 -0.361725 0.579631 -0.321934
20.331660 0.316892 0.018306 0.034826 -0.648163 -0.374373 0.571543 -0.336256
20.335484 0.317004 0.018306 0.034937 -0.647196 -0.389871 0.555728 -0.346849
20.339307 0.317004 0.018306 0.034937 -0.639419 -0.401987 0.547029 -0.360984
20.343130 0.317116 0.018306 0.035049 -0.626748 -0.420819 0.533913 -0.380835
20.346953 0.317116 0.018417 0.035049 -0.618230 -0.432448 0.524538 -0.394513
20.350776 0.317116 0.018417 0.035161 -0.609413 -0.443868 0.514910 -0.408001
20.354600 0.317227 0.018417 0.035161 -0.607133 -0.457292 0.497265 -0.418331
20.358423 0.317227 0.018417 0.035272 -0.597795 -0.468107 0.487098 -0.431570
20.362246 0.317227 0.018417 0.035272 -0.595053 -0.480512 0.468780 -0.441889
20.366069 0.317227 0.018417 0.035384 -0.585201 -0.490695 0.458110 -0.454856
20.369892 0.317227 0.018529 0.035384 -0.574687 -0.502042 0.447596 -0.466203
20.373715 0.317227 0.018529 0.035496 -0.571245 -0.513149 0.428428 -0.476243
20.377539 0.317227 0.018529 0.035496 -0.560643 -0.522438 0.417050 -0.488678
20.381362 0.317227 0.018529 0.035496 -0.549418 -0.533057 0.405824 -0.499297
20.385185 0.317227 0.018641 0.035496 -0.538315 -0.541844 0.394015 -0.511248
20.389008 0.317227 0.018641 0.035607 -0.532666 -0.546140 0.388038 -0.517131
20.392831 0.317227 0.018641 0.035607 -0.514054 -0.553772 0.384046 -0.530654
20.396654 0.317116 0.018641 0.035607 -0.508194 -0.557958 0.377939 -0.536269
20.400478 0.317116 0.018641 0.035607 -0.496066 -0.567560 0.365812 -0.545872
20.404301 0.317116 0.018641 0.035607 -0.482804 -0.570902 0.367613 -0.553020
20.408124 0.317116 0.018641 0.035607 -0.476700 -0.574906 0.361319 -0.558291
20.411947 0.317116 0.018752 0.035607 -0.463210 -0.578306 0.363009 -0.564999
20.415770 0.317116 0.018752 0.035607 -0.463210 -0.578306 0.363009 -0.564999
20.419594 0.317004 0.018752 0.035496 -0.449575 -0.581742 0.364624 -0.571408
20.423417 0.317004 0.018641 0.035496 -0.442122 -0.581155 0.372571 -0.572694
20.427240 0.317004 0.018641 0.035496 -0.442122 -0.581155 0.372571 -0.572694
20.431063 0.317004 0.018641 0.035496 -0.434615 -0.580497 0.380473 -0.573911
20.434886 0.317004 0.018641 0.035496 -0.434615 -0.580497 0.380473 -0.573911
20.438709 0.317004 0.018641 0.035496 -0.427056 -0.579769 0.388328 -0.575058
20.442533 0.317004 0.018641 0.035384 -0.427056 -0.579769 0.388328 -0.575058
20.446356 0.317004 0.018641 0.035384 -0.427056 -0.579769 0.388328 -0.575058
20.450179 0.317004 0.018641 0.035384 -0.433400 -0.575043 0.394622 -0.570757
20.454002 0.317004 0.018641 0.035384 -0.419474 -0.578715 0.396109 -0.576393
20.457825 0.317004 0.018641 0.035384 -0.419474 -0.578715 0.396109 -0.576393
20.461648 0.317004 0.018641 0.035384 -0.419474 -0.578715 0.396109 -0.576393
20.465472 0.317004 0.018529 0.035384 -0.419474 -0.578715 0.396109 -0.576393
20.469295 0.317004 0.018529 0.035384 -0.419474 -0.578715 0.396109 -0.576393
20.473118 0.317004 0.018529 0.035384 -0.419496 -0.578458 0.396086 -0.576650
20.476941 0.317004 0.018529 0.035384 -0.411801 -0.577930 0.403881 -0.577319
20.480764 0.317004 0.018529 0.035384 -0.405434 -0.582333 0.397507 -0.581808
20.484588 0.317004 0.018529 0.035384 -0.405434 -0.582333 0.397507 -0.581808
20.488411 0.316892 0.018417 0.035384 -0.399018 -0.586665 0.391085 -0.586227
20.492234 0.316892 0.018417 0.035384 -0.399021 -0.586577 0.391082 -0.586314
20.496057 0.316892 0.018417 0.035384 -0.399021 -0.586577 0.391082 -0.586314
20.499880 0.316892 0.018417 0.035384 -0.392556 -0.590838 0.384614 -0.590662
20.503703 0.316892 0.018417 0.035496 -0.386043 -0.595028 0.378100 -0.594939
20.507527 0.316892 0.018417 0.035496 -0.371716 -0.599145 0.379309 -0.599147
20.511350 0.316781 0.018417 0.035496 -0.365111 -0.603276 0.372703 -0.603194
20.515173 0.316781 0.018417 0.035496 -0.365111 -0.603276 0.372703 -0.603194
20.518996 0.316781 0.018417 0.035496 -0.358462 -0.607335 0.366053 -0.607169
20.522819 0.316781 0.018417 0.035496 -0.351770 -0.611319 0.359359 -0.611071
20.526643 0.316781 0.018417 0.035496 -0.330451 -0.619164 0.353568 -0.618407
20.530466 0.316781 0.018417 0.035496 -0.323638 -0.623011 0.346744 -0.622000
20.534289 0.316781 0.018417 0.035496 -0.323638 -0.623011 0.346744 -0.622000
20.538112 0.316781 0.018417 0.035496 -0.302043 -0.630414 0.340668 -0.628723
20.541935 0.316781 0.018529 0.035496 -0.295118 -0.634119 0.333722 -0.632004
20.545758 0.316892 0.018529 0.035384 -0.295118 -0.634119 0.333722 -0.632004
20.549582 0.316892 0.018529 0.035384 -0.273272 -0.641068 0.327381 -0.638103
20.553405 0.316892 0.018529 0.035384 -0.273272 -0.641068 0.327381 -0.638103
20.557228 0.316892 0.018529 0.035384 -0.259147 -0.647512 0.313257 -0.644547
20.561051 0.316892 0.018529 0.035384 -0.251260 -0.647625 0.320868 -0.643812
20.564874 0.316892 0.018641 0.035384 -0.244172 -0.651111 0.313734 -0.646533
20.568697 0.316892 0.018641 0.035384 -0.237004 -0.653754 0.306612 -0.649941
20.572521 0.316892 0.018641 0.035384 -0.237004 -0.653754 0.306612 -0.649941
20.576344 0.316892 0.018641 0.035384 -0.229849 -0.657084 0.299411 -0.652505
20.580167 0.317004 0.018641 0.035384 -0.221950 -0.657198 0.306992 -0.651602
20.583990 0.317004 0.018641 0.035384 -0.214716 -0.659597 0.299815 -0.654935
20.587813 0.317004 0.018641 0.035384 -0.214716 -0.659597 0.299815 -0.654935
20.591637 0.317004 0.018641 0.035384 -0.214716 -0.659597 0.299815 -0.654935
20.595460 0.317004 0.018641 0.035384 -0.214716 -0.659597 0.299815 -0.654935
20.599283 0.317004 0.018641 0.035384 -0.199532 -0.661778 0.300165 -0.657373
20.603106 0.317004 0.018641 0.035384 -0.199532 -0.661778 0.300165 -0.657373
20.606929 0.317004 0.018641 0.035384 -0.199532 -0.661778 0.300165 -0.657373
20.610752 0.317116 0.018641 0.035384 -0.199532 -0.661778 0.300165 -0.657373
20.614576 0.317116 0.018641 0.035384 -0.199532 -0.661778 0.300165 -0.657373
20.618399 0.317116 0.018641 0.035384 -0.184303 -0.663624 0.300461 -0.659817
20.622222 0.317116 0.018641 0.035384 -0.177043 -0.666885 0.293153 -0.661802
20.626045 0.317116 0.018641 0.035384 -0.177043 -0.666885 0.293153 -0.661802
20.629868 0.317227 0.018641 0.035384 -0.177043 -0.666885 0.293153 -0.661802
20.633692 0.317227 0.018641 0.035384 -0.169085 -0.666581 0.300657 -0.660822
20.637515 0.317227 0.018752 0.035384 -0.161751 -0.668399 0.293379 -0.664085
20.641338 0.317227 0.018752 0.035384 -0.154446 -0.671581 0.286018 -0.665822
20.645161 0.317227 0.018752 0.035384 -0.154446 -0.671581 0.286018 -0.665822
20.648984 0.317227 0.018752 0.035384 -0.146483 -0.671192 0.293501 -0.664756
20.652807 0.317227 0.018752 0.035496 -0.139171 -0.674376 0.286110 -0.666326
20.656631 0.317339 0.018641 0.035496 -0.139171 -0.674376 0.286110 -0.666326
20.660454 0.317339 0.018641 0.035496 -0.124392 -0.678886 0.271330 -0.670836
20.664277 0.317339 0.018641 0.035496 -0.109079 -0.681514 0.271330 -0.670836
20.668100 0.317339 0.018641 0.035496 -0.109079 -0.681514 0.271330 -0.670836
20.671923 0.317339 0.018641 0.035607 -0.101702 -0.684454 0.263827 -0.671994
20.675746 0.317339 0.018641 0.035607 -0.086398 -0.687080 0.263740 -0.671489
20.679570 0.317339 0.018641 0.035607 -0.071431 -0.690763 0.248773 -0.675171
20.683393 0.317339 0.018529 0.035607 -0.056124 -0.693217 0.248611 -0.674161
20.687216 0.317339 0.018529 0.035719 -0.033622 -0.698923 0.225889 -0.677754
20.691039 0.317339 0.018529 0.035719 -0.018348 -0.701200 0.225637 -0.676069
20.694862 0.317339 0.018417 0.035830 0.004615 -0.703463 0.217917 -0.676484
20.698686 0.317450 0.018417 0.035830 0.019824 -0.705560 0.217592 -0.674126
20.702509 0.317450 0.018306 0.035830 0.050150 -0.709485 0.202049 -0.673270
20.706332 0.317450 0.018194 0.035830 0.080713 -0.710199 0.201678 -0.669648
20.710155 0.317450 0.018194 0.035942 0.103514 -0.710836 0.193923 -0.668125
20.713978 0.317450 0.018194 0.035942 0.126520 -0.708181 0.201396 -0.664765
20.717801 0.317450 0.018083 0.035942 0.164427 -0.705254 0.193856 -0.661816
20.721625 0.317450 0.018083 0.035942 0.179642 -0.702202 0.194008 -0.661061
20.725448 0.317450 0.017971 0.035830 0.202203 -0.697363 0.201594 -0.657388
20.729271 0.317450 0.017971 0.035830 0.224942 -0.687008 0.209556 -0.658413
20.733094 0.317450 0.017971 0.035830 0.247071 -0.680356 0.217127 -0.654925
20.736917 0.317450 0.017971 0.035830 0.269163 -0.672412 0.210119 -0.656706
20.740740 0.317450 0.017971 0.035719 0.283594 -0.661879 0.225031 -0.656393
20.744564 0.317450 0.017859 0.035719 0.290700 -0.653379 0.232389 -0.659231
20.748387 0.317450 0.017859 0.035719 0.304703 -0.641175 0.232298 -0.664897
20.752210 0.317339 0.017859 0.035719 0.318688 -0.634409 0.232336 -0.664819
20.756033 0.317339 0.017859 0.035719 0.318288 -0.628359 0.231935 -0.670868
20.759856 0.317339 0.017859 0.035719 0.332043 -0.621135 0.231896 -0.670942
20.763680 0.317339 0.017859 0.035719 0.331427 -0.614946 0.231281 -0.677131
20.767503 0.317227 0.017859 0.035719 0.344935 -0.607274 0.231156 -0.677352
20.771326 0.317227 0.017859 0.035719 0.350806 -0.596732 0.237595 -0.681465
20.775149 0.317227 0.017859 0.035719 0.350806 -0.596732 0.237595 -0.681465
20.778972 0.317227 0.017859 0.035719 0.357340 -0.592842 0.230094 -0.684034
20.782795 0.317227 0.017859 0.035719 0.370403 -0.584442 0.229865 -0.684392
20.786619 0.317116 0.017859 0.035719 0.369413 -0.577292 0.243493 -0.686280
20.790442 0.317116 0.017748 0.035719 0.375733 -0.573199 0.235939 -0.688913
20.794265 0.317116 0.017748 0.035719 0.388409 -0.564236 0.235595 -0.689399
20.798088 0.317116 0.017748 0.035719 0.394765 -0.559367 0.242805 -0.687252
20.801911 0.317227 0.017748 0.035719 0.400886 -0.554996 0.235241 -0.689878
20.805735 0.317227 0.017636 0.035719 0.420716 -0.548033 0.228869 -0.685768
20.809558 0.317227 0.017636 0.035719 0.426711 -0.543378 0.221321 -0.688241
20.813381 0.317227 0.017636 0.035719 0.438666 -0.533464 0.221050 -0.688568
20.817204 0.317227 0.017636 0.035719 0.444501 -0.528612 0.213472 -0.690954
20.821027 0.317227 0.017636 0.035719 0.457870 -0.525927 0.200102 -0.688269
20.824850 0.317227 0.017525 0.035719 0.469381 -0.515495 0.199932 -0.688458
20.828674 0.317339 0.017525 0.035719 0.480594 -0.505058 0.184758 -0.692684
20.832497 0.317339 0.017525 0.035719 0.486113 -0.499747 0.177136 -0.694672
20.836320 0.317339 0.017525 0.035719 0.504637 -0.490614 0.171576 -0.689348
20.840143 0.317339 0.017525 0.035719 0.515295 -0.479408 0.156389 -0.692952
20.843966 0.317339 0.017413 0.035719 0.520531 -0.473718 0.148767 -0.694628
20.847789 0.317450 0.017413 0.035719 0.535874 -0.456226 0.141064 -0.696275
20.851613 0.317450 0.017413 0.035719 0.540854 -0.450311 0.133406 -0.697783
20.855436 0.317450 0.017413 0.035719 0.555413 -0.432161 0.125666 -0.699258
20.859259 0.317562 0.017413 0.035719 0.569365 -0.413542 0.117910 -0.700646
20.863082 0.317562 0.017413 0.035607 0.573873 -0.407261 0.110205 -0.701899
20.866905 0.317562 0.017413 0.035607 0.579233 -0.386898 0.106675 -0.709520
20.870729 0.317674 0.017413 0.035607 0.583449 -0.380511 0.098874 -0.710649
20.874552 0.317674 0.017413 0.035607 0.595699 -0.360826 0.090844 -0.711825
20.878375 0.317785 0.017525 0.035607 0.603510 -0.347398 0.090624 -0.711953
20.882198 0.317785 0.017525 0.035607 0.610997 -0.334054 0.074960 -0.713772
20.886021 0.317785 0.017525 0.035607 0.618189 -0.320550 0.059260 -0.715247
20.889844 0.317785 0.017525 0.035607 0.625099 -0.306637 0.059032 -0.715360
20.893668 0.317897 0.017636 0.035607 0.631686 -0.292829 0.043301 -0.716484
20.897491 0.317897 0.017636 0.035607 0.634865 -0.285871 0.035427 -0.716917
20.901314 0.317897 0.017748 0.035607 0.648836 -0.272053 0.016679 -0.710437
20.905137 0.317897 0.017748 0.035719 0.659553 -0.264903 -0.009574 -0.703367
20.908960 0.317897 0.017748 0.035719 0.662423 -0.257641 -0.017301 -0.703219
20.912784 0.317897 0.017859 0.035719 0.675603 -0.242650 -0.035415 -0.695289
20.916607 0.317897 0.017859 0.035830 0.688359 -0.227178 -0.053181 -0.686822
20.920430 0.318009 0.017859 0.035830 0.693184 -0.211999 -0.068259 -0.685488
20.924253 0.318009 0.017971 0.035830 0.705145 -0.195791 -0.085459 -0.676117
20.928076 0.317897 0.017971 0.035830 0.711214 -0.172448 -0.107693 -0.672933
20.931899 0.317897 0.017971 0.035830 0.720275 -0.162590 -0.132187 -0.661283
20.935723 0.318009 0.018083 0.035942 0.734068 -0.129933 -0.147367 -0.650034
20.939546 0.318009 0.018083 0.035942 0.744991 -0.103813 -0.169859 -0.636679
20.943369 0.318009 0.018083 0.035942 0.754891 -0.077106 -0.191606 -0.622480
20.947192 0.318009 0.018083 0.035830 0.758374 -0.036764 -0.210738 -0.615716
20.951015 0.318009 0.017971 0.035830 0.765830 0.007612 -0.244157 -0.594839
20.954838 0.318009 0.017971 0.035830 0.764816 0.048310 -0.262176 -0.586503
20.958662 0.318009 0.017971 0.035830 0.766857 0.100410 -0.285157 -0.566157
20.962485 0.318009 0.017859 0.035830 0.766995 0.144229 -0.300489 -0.548291
20.966308 0.318120 0.017748 0.035830 0.765746 0.181336 -0.322313 -0.526180
20.970131 0.318120 0.017636 0.035830 0.758760 0.233480 -0.340676 -0.503697
20.973954 0.318232 0.017525 0.035830 0.748269 0.285144 -0.357343 -0.480721
20.977778 0.318343 0.017413 0.035719 0.732853 0.323951 -0.370851 -0.469524
20.981601 0.318455 0.017301 0.035719 0.718845 0.368028 -0.392050 -0.440584
20.985424 0.318455 0.017078 0.035830 0.703857 0.409511 -0.399698 -0.420865
20.989247 0.318567 0.016966 0.035830 0.689572 0.444600 -0.412942 -0.395348
20.993070 0.318678 0.016743 0.035942 0.678698 0.471731 -0.420588 -0.374092
20.996893 0.318790 0.016632 0.035942 0.665989 0.488546 -0.439060 -0.353565
21.000717 0.318901 0.016520 0.036054 0.650795 0.517146 -0.454543 -0.320027
21.004540 0.319013 0.016408 0.036054 0.627447 0.545237 -0.468163 -0.299749
21.008363 0.319236 0.016297 0.036054 0.602889 0.572275 -0.480880 -0.278893
21.012186 0.319348 0.016185 0.036165 0.574302 0.592760 -0.499210 -0.263823
21.016009 0.319348 0.015962 0.036165 0.562460 0.594890 -0.516310 -0.251334
21.019832 0.319460 0.015850 0.036165 0.537599 0.608502 -0.537974 -0.226490
21.023656 0.319460 0.015739 0.036277 0.519466 0.615189 -0.555964 -0.206403
21.027479 0.319571 0.015739 0.036277 0.496816 0.625755 -0.569373 -0.193440
21.031302 0.319571 0.015627 0.036277 0.466970 0.640595 -0.584394 -0.173381
21.035125 0.319571 0.015627 0.036277 0.447441 0.638164 -0.606879 -0.155696
21.038948 0.319683 0.015515 0.036277 0.437179 0.636755 -0.619761 -0.138973
21.042772 0.319683 0.015515 0.036277 0.413255 0.636948 -0.638153 -0.127585
21.046595 0.319683 0.015404 0.036277 0.389607 0.635958 -0.656141 -0.115075
21.050418 0.319683 0.015404 0.036165 0.366298 0.633803 -0.673665 -0.101463
21.054241 0.319683 0.015404 0.036165 0.350296 0.626697 -0.689667 -0.094356
21.058064 0.319683 0.015404 0.036054 0.327802 0.622533 -0.706250 -0.078800
21.061887 0.319683 0.015404 0.036054 0.306228 0.625198 -0.714022 -0.074330
21.065711 0.319683 0.015404 0.036054 0.291059 0.615903 -0.729191 -0.065035
21.069534 0.319683 0.015404 0.036054 0.276902 0.614087 -0.737234 -0.052043
21.073357 0.319794 0.015404 0.035942 0.269108 0.600733 -0.751142 -0.049865
21.077180 0.319794 0.015404 0.035942 0.255463 0.598202 -0.758673 -0.036159
21.081003 0.319794 0.015404 0.035942 0.233693 0.589462 -0.772601 -0.031765
21.084827 0.319794 0.015515 0.035830 0.212525 0.596824 -0.773409 -0.021739
21.088650 0.319906 0.015515 0.035830 0.199297 0.592813 -0.780260 -0.006932
21.092473 0.319906 0.015515 0.035830 0.177895 0.590365 -0.787286 0.001411
21.096296 0.320018 0.015515 0.035830 0.171499 0.583600 -0.793683 0.008177
21.100119 0.320018 0.015627 0.035830 0.158635 0.587227 -0.793312 0.025613
21.103942 0.320129 0.015627 0.035830 0.152543 0.580187 -0.799405 0.032653
21.107766 0.320129 0.015627 0.035830 0.139758 0.583398 -0.798494 0.050209
21.111589 0.320241 0.015739 0.035719 0.126907 0.586328 -0.797198 0.067740
21.115412 0.320241 0.015739 0.035719 0.114924 0.580200 -0.801940 0.083981
21.119235 0.320241 0.015739 0.035719 0.108543 0.581427 -0.800969 0.092787
21.123058 0.320353 0.015739 0.035719 0.095742 0.583672 -0.798737 0.110362
21.126881 0.320353 0.015850 0.035719 0.089324 0.584688 -0.797476 0.119131
21.130705 0.320353 0.015850 0.035719 0.077953 0.577744 -0.801062 0.135775
21.134528 0.320464 0.015850 0.035719 0.065240 0.579317 -0.797886 0.153342
21.138351 0.320464 0.015850 0.035719 0.052496 0.580611 -0.794324 0.170835
21.142174 0.320464 0.015850 0.035719 0.041793 0.572906 -0.796721 0.187798
21.145997 0.320464 0.015850 0.035719 0.020215 0.573152 -0.794577 0.199339
21.149821 0.320464 0.015850 0.035719 0.009998 0.564744 -0.796258 0.216651
21.153644 0.320464 0.015850 0.035607 -0.008617 0.564767 -0.788686 0.242773
21.157467 0.320576 0.015850 0.035607 -0.027200 0.554456 -0.791816 0.254689
21.161290 0.320576 0.015739 0.035607 -0.039376 0.553725 -0.786029 0.272025
21.165113 0.320576 0.015739 0.035607 -0.066541 0.550219 -0.779346 0.292320
21.168936 0.320687 0.015739 0.035496 -0.090061 0.536945 -0.778030 0.313446
21.172760 0.320687 0.015627 0.035496 -0.116533 0.531031 -0.770128 0.333661
21.176583 0.320687 0.015627 0.035496 -0.142688 0.523895 -0.761644 0.353657
21.180406 0.320799 0.015515 0.035496 -0.155706 0.510642 -0.755232 0.380297
21.184229 0.320799 0.015404 0.035384 -0.172449 0.505234 -0.742289 0.404977
21.188052 0.320911 0.015292 0.035496 -0.189004 0.499277 -0.728541 0.429218
21.191875 0.320911 0.015180 0.035496 -0.205680 0.482673 -0.714327 0.463097
21.195699 0.321022 0.015069 0.035496 -0.218579 0.477829 -0.689551 0.498420
21.199522 0.321022 0.014957 0.035496 -0.238585 0.457816 -0.666215 0.538181
21.203345 0.321022 0.014846 0.035607 -0.244499 0.445286 -0.642684 0.573496
21.207168 0.321022 0.014622 0.035607 -0.249658 0.433113 -0.617314 0.607460
21.210991 0.321022 0.014511 0.035719 -0.251411 0.424684 -0.578583 0.649368
21.214815 0.321022 0.014399 0.035830 -0.264331 0.407931 -0.534275 0.691572
21.218638 0.321022 0.014287 0.035942 -0.271766 0.394340 -0.494954 0.725024
21.222461 0.321134 0.014176 0.035942 -0.282369 0.367065 -0.432528 0.773596
21.226284 0.321134 0.014064 0.035942 -0.306351 0.332057 -0.380457 0.806932
21.230107 0.321134 0.013953 0.035942 -0.321777 0.304035 -0.320697 0.837362
21.233930 0.321134 0.013841 0.035942 -0.337728 0.271898 -0.248960 0.866043
21.237754 0.321246 0.013729 0.035942 -0.360941 0.235814 -0.186433 0.882812
21.241577 0.321357 0.013618 0.035942 -0.382690 0.193608 -0.112918 0.896278
21.245400 0.321469 0.013618 0.035942 -0.412666 0.135571 -0.031640 0.900181
21.249223 0.321692 0.013618 0.035942 -0.433755 0.078612 0.039063 0.896744
21.253046 0.321804 0.013618 0.035830 -0.447925 0.014414 0.118222 0.886103
21.256870 0.321915 0.013618 0.035830 -0.455868 -0.031750 0.180911 0.870889
21.260693 0.322027 0.013506 0.035830 -0.456998 -0.088319 0.236876 0.852785
21.264516 0.322138 0.013506 0.035830 -0.464054 -0.138903 0.293972 0.823978
21.268339 0.322250 0.013395 0.035830 -0.464206 -0.194326 0.333690 0.797120
21.272162 0.322362 0.013283 0.035830 -0.460395 -0.246341 0.383681 0.761670
21.275985 0.322585 0.013283 0.035830 -0.459205 -0.285580 0.426848 0.724828
21.279809 0.322697 0.013283 0.035830 -0.436350 -0.335329 0.460010 0.696809
21.283632 0.322920 0.013171 0.035830 -0.414750 -0.375850 0.495864 0.663957
21.287455 0.322920 0.013060 0.035830 -0.393489 -0.398055 0.531569 0.635730
21.291278 0.322920 0.012948 0.035830 -0.375622 -0.414957 0.558985 0.611764
21.295101 0.323031 0.012836 0.035830 -0.345878 -0.428427 0.596473 0.583986
21.298924 0.323143 0.012725 0.035830 -0.321834 -0.446771 0.627636 0.550356
21.302748 0.323143 0.012613 0.035830 -0.281684 -0.474117 0.648929 0.524174
21.306571 0.323255 0.012502 0.035830 -0.241916 -0.486109 0.678256 0.495120
21.310394 0.323366 0.012502 0.035719 -0.191319 -0.479495 0.716976 0.468430
21.314217 0.323366 0.012390 0.035719 -0.155253 -0.472864 0.752184 0.431874
21.318040 0.323366 0.012278 0.035719 -0.106319 -0.468182 0.786526 0.388431
21.321864 0.323366 0.012278 0.035719 -0.072862 -0.455475 0.816871 0.346346
21.325687 0.323366 0.012167 0.035719 -0.029959 -0.452309 0.840557 0.296620
21.329510 0.323478 0.012055 0.035607 0.019892 -0.437758 0.860881 0.258565
21.333333 0.323590 0.012055 0.035607 0.056068 -0.427484 0.876384 0.214629
21.337156 0.323590 0.012055 0.035607 0.103046 -0.405233 0.891847 0.172557
21.340979 0.323701 0.011943 0.035496 0.136504 -0.388983 0.902321 0.126000
21.344803 0.323701 0.011943 0.035496 0.178511 -0.369570 0.908146 0.082594
21.348626 0.323813 0.011832 0.035496 0.201156 -0.352423 0.912340 0.054499
21.352449 0.323813 0.011832 0.035496 0.212660 -0.345603 0.913641 0.024405
21.356272 0.323924 0.011832 0.035496 0.237355 -0.324040 0.915673 -0.014249
21.360095 0.323924 0.011720 0.035496 0.254249 -0.316664 0.913325 -0.030315
21.363919 0.323924 0.011720 0.035384 0.273638 -0.295655 0.913343 -0.059291
21.367742 0.324036 0.011720 0.035384 0.289749 -0.286899 0.909981 -0.075288
21.371565 0.324036 0.011720 0.035384 0.305568 -0.277546 0.906249 -0.091157
21.375388 0.324036 0.011720 0.035384 0.310353 -0.260818 0.906947 -0.114463
21.379211 0.324148 0.011720 0.035384 0.316008 -0.253936 0.904214 -0.134362
21.383034 0.324148 0.011720 0.035384 0.329222 -0.233482 0.901931 -0.153686
21.386858 0.324036 0.011720 0.035272 0.332346 -0.216309 0.900768 -0.177128
21.390681 0.324036 0.011832 0.035272 0.334835 -0.199092 0.898900 -0.200566
21.394504 0.324036 0.011832 0.035272 0.336688 -0.181851 0.896328 -0.223980
21.398327 0.324036 0.011943 0.035272 0.337905 -0.164609 0.893053 -0.247346
21.402150 0.324036 0.011943 0.035272 0.335494 -0.137610 0.890642 -0.274345
21.405973 0.324036 0.012055 0.035272 0.333844 -0.124157 0.888992 -0.287798
21.409797 0.324036 0.012055 0.035272 0.333095 -0.107090 0.883684 -0.310938
21.413620 0.324036 0.012167 0.035272 0.328030 -0.080461 0.878619 -0.337567
21.417443 0.324036 0.012167 0.035272 0.315947 -0.072203 0.877298 -0.353996
21.421266 0.324036 0.012278 0.035272 0.312707 -0.059129 0.874058 -0.367070
21.425089 0.324036 0.012278 0.035272 0.305370 -0.033210 0.866721 -0.392990
21.428913 0.324036 0.012278 0.035272 0.301035 -0.023686 0.867033 -0.396321
21.432736 0.324036 0.012278 0.035384 0.287712 -0.016169 0.864494 -0.411839
21.436559 0.324036 0.012390 0.035384 0.278546 0.005889 0.859995 -0.427534
21.440382 0.324148 0.012390 0.035384 0.273647 0.018344 0.855096 -0.439990
21.444205 0.324148 0.012390 0.035384 0.259682 0.022342 0.856613 -0.445287
21.448028 0.324148 0.012390 0.035384 0.254774 0.031752 0.856316 -0.448113
21.451852 0.324148 0.012390 0.035384 0.249369 0.043900 0.850910 -0.460261
21.455675 0.324148 0.012390 0.035496 0.235140 0.047804 0.852198 -0.464954
21.459498 0.324148 0.012278 0.035496 0.230018 0.057164 0.851622 -0.467509
21.463321 0.324148 0.012278 0.035496 0.224868 0.066516 0.850942 -0.470008
21.467144 0.324148 0.012278 0.035496 0.224868 0.066516 0.850942 -0.470008
21.470967 0.324148 0.012278 0.035496 0.219690 0.075861 0.850160 -0.472450
21.474791 0.324148 0.012278 0.035496 0.206090 0.077571 0.856414 -0.466975
21.478614 0.324148 0.012278 0.035607 0.206090 0.077571 0.856414 -0.466975
21.482437 0.324148 0.012167 0.035607 0.200948 0.086975 0.855510 -0.469210
21.486260 0.324148 0.012167 0.035607 0.200948 0.086975 0.855510 -0.469210
21.490083 0.324148 0.012167 0.035607 0.200948 0.086975 0.855510 -0.469210
21.493907 0.324148 0.012167 0.035607 0.195781 0.096369 0.854503 -0.471390
21.497730 0.324148 0.012167 0.035607 0.195781 0.096369 0.854503 -0.471390
21.501553 0.324148 0.012167 0.035607 0.195781 0.096369 0.854503 -0.471390
21.505376 0.324148 0.012167 0.035607 0.190590 0.105751 0.853392 -0.473512
21.509199 0.324148 0.012167 0.035607 0.190590 0.105751 0.853392 -0.473512
21.513022 0.324148 0.012055 0.035607 0.190590 0.105751 0.853392 -0.473512
21.516846 0.324148 0.012055 0.035607 0.190590 0.105751 0.853392 -0.473512
21.520669 0.324148 0.012055 0.035607 0.190590 0.105751 0.853392 -0.473512
21.524492 0.324148 0.012055 0.035607 0.190590 0.105751 0.853392 -0.473512
21.528315 0.324148 0.012055 0.035607 0.189417 0.107838 0.848139 -0.482859
21.532138 0.324148 0.012055 0.035607 0.184101 0.117149 0.846903 -0.484911
21.535962 0.324259 0.012055 0.035607 0.184101 0.117149 0.846903 -0.484911
21.539785 0.324259 0.012055 0.035607 0.184101 0.117149 0.846903 -0.484911
21.543608 0.324259 0.012055 0.035607 0.184101 0.117149 0.846903 -0.484911
21.547431 0.324259 0.012055 0.035607 0.182803 0.119165 0.841524 -0.494186
21.551254 0.324259 0.012055 0.035607 0.182803 0.119165 0.841524 -0.494186
21.555077 0.324259 0.012167 0.035607 0.182803 0.119165 0.841524 -0.494186
21.558901 0.324259 0.012167 0.035607 0.192063 0.124541 0.839347 -0.493050
21.562724 0.324259 0.012167 0.035607 0.192063 0.124541 0.839347 -0.493050
21.566547 0.324259 0.012167 0.035607 0.190683 0.126644 0.833879 -0.502242
21.570370 0.324259 0.012167 0.035607 0.190683 0.126644 0.833879 -0.502242
21.574193 0.324259 0.012167 0.035607 0.190683 0.126644 0.833879 -0.502242
21.578016 0.324259 0.012167 0.035607 0.190683 0.126644 0.833879 -0.502242
21.581840 0.324371 0.012167 0.035607 0.190683 0.126644 0.833879 -0.502242
21.585663 0.324371 0.012055 0.035607 0.190683 0.126644 0.833879 -0.502242
21.589486 0.324371 0.012055 0.035607 0.190683 0.126644 0.833879 -0.502242
21.593309 0.324371 0.012055 0.035607 0.190683 0.126644 0.833879 -0.502242
21.597132 0.324371 0.012055 0.035607 0.190683 0.126644 0.833879 -0.502242
21.600956 0.324371 0.012055 0.035607 0.185154 0.135797 0.832438 -0.504306
21.604779 0.324371 0.012055 0.035607 0.185154 0.135797 0.832438 -0.504306
21.608602 0.324371 0.012055 0.035607 0.185154 0.135797 0.832438 -0.504306
21.612425 0.324371 0.012055 0.035607 0.185154 0.135797 0.832438 -0.504306
21.616248 0.324371 0.012055 0.035607 0.185154 0.135797 0.832438 -0.504306
21.620071 0.324371 0.012055 0.035719 0.185154 0.135797 0.832438 -0.504306
21.623895 0.324371 0.011943 0.035719 0.185154 0.135797 0.832438 -0.504306
21.627718 0.324371 0.011943 0.035719 0.185154 0.135797 0.832438 -0.504306
21.631541 0.324371 0.011943 0.035719 0.185154 0.135797 0.832438 -0.504306
21.635364 0.324371 0.011943 0.035719 0.185154 0.135797 0.832438 -0.504306
21.639187 0.324371 0.011943 0.035719 0.185154 0.135797 0.832438 -0.504306
21.643010 0.324371 0.011943 0.035719 0.185154 0.135797 0.832438 -0.504306
21.646834 0.324371 0.011943 0.035719 0.190683 0.126644 0.833879 -0.502242
21.650657 0.324371 0.011832 0.035719 0.190683 0.126644 0.833879 -0.502242
21.654480 0.324371 0.011832 0.035719 0.190683 0.126644 0.833879 -0.502242
21.658303 0.324371 0.011832 0.035719 0.190683 0.126644 0.833879 -0.502242
21.662126 0.324371 0.011832 0.035830 0.196189 0.117475 0.835220 -0.500117
21.665950 0.324259 0.011832 0.035830 0.187002 0.111974 0.837325 -0.501377
21.669773 0.324259 0.011832 0.035830 0.187002 0.111974 0.837325 -0.501377
21.673596 0.324259 0.011720 0.035830 0.187002 0.111974 0.837325 -0.501377
21.677419 0.324259 0.011720 0.035830 0.192499 0.102768 0.838505 -0.499292
21.681242 0.324259 0.011720 0.035830 0.192499 0.102768 0.838505 -0.499292
21.685065 0.324148 0.011720 0.035830 0.192499 0.102768 0.838505 -0.499292
21.688889 0.324148 0.011720 0.035830 0.182223 0.099239 0.834898 -0.509796
21.692712 0.324148 0.011720 0.035830 0.182223 0.099239 0.834898 -0.509796
21.696535 0.324148 0.011720 0.035830 0.182223 0.099239 0.834898 -0.509796
21.700358 0.324148 0.011609 0.035830 0.173066 0.093590 0.836726 -0.511057
21.704181 0.324148 0.011609 0.035830 0.172027 0.095486 0.831061 -0.520219
21.708005 0.324148 0.011609 0.035830 0.172027 0.095486 0.831061 -0.520219
21.711828 0.324148 0.011609 0.035830 0.172027 0.095486 0.831061 -0.520219
21.715651 0.324148 0.011609 0.035830 0.170968 0.097370 0.825295 -0.529317
21.719474 0.324148 0.011609 0.035830 0.161916 0.091509 0.826996 -0.530554
21.723297 0.324148 0.011609 0.035830 0.160901 0.093282 0.821117 -0.539607
21.727120 0.324148 0.011609 0.035830 0.159867 0.095044 0.815139 -0.548596
21.730944 0.324148 0.011609 0.035830 0.158813 0.096795 0.809063 -0.557518
21.734767 0.324148 0.011609 0.035830 0.158813 0.096795 0.809063 -0.557518
21.738590 0.324259 0.011609 0.035830 0.157740 0.098534 0.802889 -0.566373
21.742413 0.324259 0.011609 0.035830 0.156648 0.100261 0.796619 -0.575159
21.746236 0.324259 0.011609 0.035830 0.149113 0.110651 0.789084 -0.585550
21.750059 0.324259 0.011609 0.035830 0.147888 0.112283 0.782603 -0.594183
21.753883 0.324259 0.011609 0.035830 0.146646 0.113901 0.776028 -0.602745
21.757706 0.324259 0.011609 0.035830 0.145386 0.115505 0.769360 -0.611234
21.761529 0.324259 0.011609 0.035942 0.144108 0.117095 0.762598 -0.619650
21.765352 0.324371 0.011609 0.035942 0.134502 0.128452 0.747434 -0.637771
21.769175 0.324371 0.011497 0.035942 0.141238 0.136977 0.738720 -0.644657
21.772999 0.324371 0.011497 0.035942 0.132545 0.146549 0.730027 -0.654229
21.776822 0.324371 0.011497 0.035942 0.121924 0.157277 0.713792 -0.671491
21.780645 0.324371 0.011497 0.035942 0.112719 0.166358 0.704587 -0.680571
21.784468 0.324371 0.011497 0.035942 0.109099 0.183838 0.685580 -0.695904
21.788291 0.324371 0.011497 0.035942 0.091593 0.199874 0.673664 -0.705576
21.792114 0.324371 0.011497 0.035830 0.079262 0.209055 0.655742 -0.721121
21.795938 0.324371 0.011497 0.035830 0.073898 0.225534 0.635042 -0.735116
21.799761 0.324371 0.011497 0.035830 0.052455 0.240643 0.613598 -0.750224
21.803584 0.324483 0.011497 0.035830 0.045776 0.256258 0.591641 -0.763019
21.807407 0.324483 0.011497 0.035719 0.038450 0.271569 0.569103 -0.775173
21.811230 0.324483 0.011497 0.035719 0.021849 0.292529 0.542825 -0.786950
21.815054 0.324483 0.011497 0.035719 0.009784 0.307015 0.510237 -0.803308
21.818877 0.324483 0.011497 0.035607 0.000346 0.320882 0.485827 -0.813023
21.822700 0.324594 0.011497 0.035607 -0.015751 0.325932 0.464294 -0.823378
21.826523 0.324594 0.011497 0.035607 -0.017007 0.334034 0.442770 -0.831918
21.830346 0.324594 0.011497 0.035607 -0.033585 0.338222 0.420695 -0.841127
21.834169 0.324594 0.011497 0.035607 -0.048631 0.349948 0.385546 -0.852365
21.837993 0.324706 0.011497 0.035607 -0.065760 0.352803 0.362872 -0.859959
21.841816 0.324706 0.011497 0.035607 -0.083024 0.355030 0.340010 -0.866864
21.845639 0.324706 0.011497 0.035607 -0.100402 0.356624 0.316983 -0.873075
21.849462 0.324706 0.011497 0.035607 -0.117872 0.357582 0.293814 -0.878587
21.853285 0.324817 0.011497 0.035719 -0.125700 0.354906 0.274440 -0.884830
21.857108 0.324817 0.011497 0.035719 -0.147623 0.345664 0.254792 -0.890957
21.860932 0.324817 0.011497 0.035719 -0.165020 0.344900 0.231381 -0.894581
21.864755 0.324929 0.011497 0.035719 -0.182739 0.336207 0.221614 -0.896916
21.868578 0.324929 0.011497 0.035830 -0.199975 0.334309 0.198194 -0.899426
21.872401 0.325041 0.011497 0.035830 -0.213528 0.334140 0.184641 -0.899257
21.876224 0.325041 0.011497 0.035830 -0.227073 0.333674 0.171095 -0.898791
21.880048 0.325152 0.011385 0.035830 -0.240606 0.332910 0.157563 -0.898028
21.883871 0.325264 0.011385 0.035830 -0.250538 0.341152 0.139799 -0.895155
21.887694 0.325264 0.011274 0.035830 -0.254271 0.338379 0.129957 -0.896637
21.891517 0.325375 0.011274 0.035830 -0.260577 0.349039 0.121883 -0.891861
21.895340 0.325375 0.011274 0.035719 -0.274611 0.353571 0.094063 -0.889229
21.899163 0.325487 0.011274 0.035719 -0.275165 0.359766 0.079882 -0.887959
21.902987 0.325487 0.011274 0.035607 -0.285577 0.366647 0.061708 -0.883294
21.906810 0.325599 0.011274 0.035607 -0.283143 0.381780 0.043054 -0.878761
21.910633 0.325599 0.011162 0.035496 -0.293758 0.388053 0.024685 -0.873219
21.914456 0.325599 0.011162 0.035496 -0.294863 0.393854 0.010568 -0.870530
21.918279 0.325710 0.011162 0.035496 -0.305608 0.399567 -0.007877 -0.864227
21.922102 0.325710 0.011162 0.035384 -0.311362 0.401764 -0.031381 -0.860613
21.925926 0.325710 0.011162 0.035384 -0.312868 0.407310 -0.045311 -0.856831
21.929749 0.325710 0.011162 0.035384 -0.328353 0.408564 -0.073013 -0.848486
21.933572 0.325710 0.011162 0.035384 -0.334638 0.410217 -0.096040 -0.842921
21.937395 0.325710 0.011050 0.035384 -0.343570 0.402766 -0.114536 -0.840607
21.941218 0.325599 0.011050 0.035384 -0.359218 0.402612 -0.141627 -0.829944
21.945042 0.325599 0.011050 0.035384 -0.367977 0.394623 -0.159827 -0.826632
21.948865 0.325599 0.011050 0.035384 -0.391630 0.371161 -0.186980 -0.820917
21.952688 0.325599 0.011050 0.035496 -0.399690 0.362467 -0.204971 -0.816610
21.956511 0.325599 0.010939 0.035496 -0.421636 0.337401 -0.231513 -0.809188
21.960334 0.325599 0.010939 0.035607 -0.445740 0.306426 -0.266305 -0.797810
21.964157 0.325599 0.010939 0.035607 -0.464868 0.279146 -0.291630 -0.787989
21.967981 0.325599 0.010939 0.035719 -0.485162 0.254858 -0.328786 -0.769133
21.971804 0.325710 0.010939 0.035719 -0.506401 0.214593 -0.369204 -0.749130
21.975627 0.325710 0.010939 0.035719 -0.525383 0.181953 -0.411802 -0.722001
21.979450 0.325822 0.010939 0.035830 -0.549794 0.142891 -0.454070 -0.686388
21.983273 0.325934 0.011050 0.035830 -0.565174 0.100885 -0.499435 -0.648818
21.987097 0.326045 0.011050 0.035830 -0.576642 0.063828 -0.535038 -0.614120
21.990920 0.326157 0.011050 0.035830 -0.585656 0.025831 -0.568267 -0.577419
21.994743 0.326268 0.011050 0.035830 -0.594887 -0.011104 -0.607473 -0.526273
21.998566 0.326380 0.011050 0.035830 -0.605143 -0.034415 -0.639380 -0.473087
22.002389 0.326492 0.011050 0.035719 -0.613952 -0.058952 -0.667218 -0.417621
22.006212 0.326603 0.010939 0.035719 -0.617204 -0.076995 -0.691699 -0.366992
22.010036 0.326603 0.010939 0.035719 -0.620743 -0.104171 -0.706909 -0.322656
22.013859 0.326715 0.010827 0.035719 -0.618730 -0.139247 -0.718914 -0.284509
22.017682 0.326715 0.010827 0.035719 -0.619042 -0.167041 -0.729256 -0.238892
22.021505 0.326715 0.010716 0.035719 -0.617653 -0.180202 -0.736820 -0.207676
22.025328 0.326827 0.010604 0.035719 -0.615636 -0.208364 -0.742675 -0.161278
22.029151 0.326827 0.010492 0.035607 -0.614586 -0.229886 -0.744545 -0.122843
22.032975 0.326827 0.010492 0.035607 -0.612475 -0.251486 -0.744658 -0.084343
22.036798 0.326715 0.010381 0.035607 -0.606260 -0.279785 -0.743470 -0.037697
22.040621 0.326715 0.010269 0.035607 -0.591791 -0.314181 -0.742213 -0.013884
22.044444 0.326827 0.010269 0.035719 -0.577177 -0.348008 -0.738328 0.025078
22.048267 0.326827 0.010158 0.035719 -0.560666 -0.381097 -0.732371 0.063653
22.052091 0.326938 0.010158 0.035719 -0.552335 -0.401536 -0.723527 0.101012
22.055914 0.326938 0.010046 0.035607 -0.531859 -0.441287 -0.704966 0.159422
22.059737 0.326938 0.010046 0.035607 -0.509838 -0.471858 -0.692140 0.195851
22.063560 0.327050 0.010046 0.035607 -0.486103 -0.501273 -0.677401 0.231423
22.067383 0.327050 0.010046 0.035607 -0.451844 -0.541660 -0.651930 0.278261
22.071206 0.327161 0.010046 0.035607 -0.411636 -0.577157 -0.625882 0.325141
22.075030 0.327273 0.010046 0.035719 -0.375360 -0.605521 -0.600470 0.363160
22.078853 0.327385 0.009934 0.035719 -0.343742 -0.627567 -0.568512 0.405950
22.082676 0.327496 0.009934 0.035719 -0.305692 -0.653529 -0.526500 0.449723
22.086499 0.327608 0.009934 0.035607 -0.270770 -0.671231 -0.488707 0.487132
22.090322 0.327720 0.009823 0.035607 -0.227856 -0.690111 -0.453670 0.515763
22.094145 0.327720 0.009823 0.035719 -0.184541 -0.707669 -0.403618 0.549765
22.097969 0.327831 0.009711 0.035719 -0.139125 -0.720786 -0.364929 0.572659
22.101792 0.327943 0.009599 0.035830 -0.100858 -0.729887 -0.331420 0.589281
22.105615 0.328054 0.009488 0.035830 -0.061008 -0.735272 -0.284153 0.612299
22.109438 0.328054 0.009376 0.035830 -0.028870 -0.737884 -0.242312 0.629269
22.113261 0.328166 0.009265 0.035830 0.010550 -0.740911 -0.191418 0.643661
22.117085 0.328166 0.009153 0.035942 0.058386 -0.740881 -0.147659 0.652598
22.120908 0.328166 0.009041 0.035942 0.105322 -0.740034 -0.102613 0.656299
22.124731 0.328166 0.008930 0.036054 0.144976 -0.735457 -0.065606 0.658620
22.128554 0.328278 0.008818 0.036054 0.192390 -0.726667 -0.021364 0.659155
22.132377 0.328389 0.008706 0.036165 0.224127 -0.717513 0.007614 0.659457
22.136200 0.328389 0.008706 0.036277 0.270397 -0.703602 0.051543 0.655113
22.140024 0.328501 0.008706 0.036277 0.337514 -0.682138 0.101645 0.640656
22.143847 0.328501 0.008706 0.036388 0.388719 -0.652839 0.165868 0.628639
22.147670 0.328612 0.008706 0.036388 0.444446 -0.618660 0.220485 0.609191
22.151493 0.328724 0.008706 0.036500 0.491215 -0.586782 0.251794 0.592449
22.155316 0.328947 0.008706 0.036612 0.541645 -0.545451 0.288146 0.571031
22.159140 0.329059 0.008706 0.036723 0.582991 -0.506225 0.316672 0.550978
22.162963 0.329171 0.008706 0.036723 0.619414 -0.457067 0.358814 0.527891
22.166786 0.329394 0.008818 0.036723 0.651083 -0.404502 0.412029 0.492647
22.170609 0.329505 0.008818 0.036612 0.673262 -0.354889 0.457838 0.459518
22.174432 0.329617 0.008930 0.036612 0.696337 -0.299013 0.504074 0.414266
22.178255 0.329729 0.008930 0.036612 0.713095 -0.250487 0.531692 0.382172
22.182079 0.329952 0.008930 0.036612 0.715552 -0.220661 0.557993 0.357685
22.185902 0.330064 0.008818 0.036612 0.722596 -0.177363 0.588346 0.316617
22.189725 0.330175 0.008818 0.036500 0.725690 -0.142297 0.612342 0.279576
22.193548 0.330287 0.008818 0.036388 0.723668 -0.114159 0.638969 0.234500
22.197371 0.330287 0.008818 0.036388 0.723340 -0.088159 0.654798 0.200615
22.201194 0.330398 0.008706 0.036277 0.720050 -0.061637 0.674389 0.151422
22.205018 0.330398 0.008706 0.036277 0.718866 -0.028783 0.686183 0.107493
22.208841 0.330510 0.008706 0.036165 0.717205 -0.004484 0.693325 0.069979
22.212664 0.330510 0.008595 0.036165 0.714714 0.019623 0.698406 0.032055
22.216487 0.330622 0.008595 0.036165 0.713134 0.058680 0.698538 -0.006493
22.220310 0.330622 0.008483 0.036165 0.708361 0.082413 0.699593 -0.044759
22.224134 0.330622 0.008483 0.036165 0.701842 0.113509 0.697342 -0.090823
22.227957 0.330733 0.008483 0.036165 0.694802 0.151834 0.691052 -0.129011
22.231780 0.330845 0.008372 0.036165 0.685670 0.189722 0.682674 -0.166788
22.235603 0.330845 0.008372 0.036165 0.676926 0.219636 0.674435 -0.196642
22.239426 0.330957 0.008372 0.036165 0.661496 0.263716 0.659510 -0.240673
22.243249 0.331068 0.008260 0.036165 0.646526 0.299610 0.644794 -0.276546
22.247073 0.331180 0.008260 0.036277 0.629609 0.334634 0.628130 -0.311552
22.250896 0.331291 0.008260 0.036277 0.610373 0.360970 0.610137 -0.353381
22.254719 0.331515 0.008148 0.036277 0.589800 0.393938 0.589648 -0.386347
22.258542 0.331626 0.008148 0.036277 0.567365 0.425728 0.567463 -0.418136
22.262365 0.331738 0.008148 0.036388 0.538256 0.462186 0.538521 -0.454598
22.266189 0.331961 0.008037 0.036388 0.517516 0.485391 0.517947 -0.477811
22.270012 0.332073 0.008037 0.036277 0.490777 0.505337 0.490239 -0.513263
22.273835 0.332184 0.007925 0.036277 0.468656 0.518599 0.466550 -0.541985
22.277658 0.332296 0.007925 0.036277 0.445924 0.530804 0.441571 -0.569573
22.281481 0.332408 0.007925 0.036277 0.422634 0.541918 0.415359 -0.595972
22.285304 0.332408 0.007925 0.036277 0.398841 0.551911 0.387973 -0.621126
22.289128 0.332519 0.007925 0.036277 0.375707 0.552688 0.357837 -0.652176
22.292951 0.332519 0.007813 0.036165 0.358616 0.556674 0.334238 -0.670667
22.296774 0.332631 0.007813 0.036165 0.341561 0.551517 0.309130 -0.695416
22.300597 0.332631 0.007813 0.036165 0.323039 0.553800 0.285469 -0.712361
22.304420 0.332631 0.007702 0.036165 0.304364 0.555352 0.261334 -0.728459
22.308243 0.332631 0.007702 0.036054 0.285566 0.556164 0.236757 -0.743693
22.312067 0.332742 0.007702 0.036054 0.274988 0.553871 0.217870 -0.755077
22.315890 0.332742 0.007702 0.036054 0.258542 0.554193 0.190149 -0.768030
22.319713 0.332742 0.007702 0.036054 0.246304 0.559739 0.173228 -0.772022
22.323536 0.332742 0.007702 0.036165 0.233946 0.565016 0.156224 -0.775642
22.327359 0.332742 0.007702 0.036165 0.223957 0.561658 0.136006 -0.784784
22.331183 0.332854 0.007702 0.036165 0.211563 0.566443 0.118730 -0.787583
22.335006 0.332854 0.007702 0.036165 0.201888 0.562641 0.097990 -0.795660
22.338829 0.332854 0.007702 0.036165 0.198229 0.566023 0.086709 -0.795491
22.342652 0.332854 0.007702 0.036165 0.182500 0.578382 0.072953 -0.791736
22.346475 0.332966 0.007702 0.036165 0.175621 0.575546 0.049228 -0.797170
22.350298 0.332966 0.007702 0.036165 0.171691 0.578883 0.038064 -0.796221
22.354122 0.333077 0.007702 0.036165 0.171684 0.574458 0.022547 -0.800009
22.357945 0.333077 0.007702 0.036165 0.167804 0.578002 0.011316 -0.798516
22.361768 0.333077 0.007702 0.036165 0.159444 0.573917 -0.010939 -0.803167
22.365591 0.333189 0.007702 0.036054 0.155606 0.577561 -0.022238 -0.801071
22.369414 0.333189 0.007702 0.036054 0.156451 0.573850 -0.038512 -0.802954
22.373237 0.333301 0.007702 0.036054 0.148737 0.569794 -0.061291 -0.805888
22.377061 0.333301 0.007702 0.036054 0.145011 0.573757 -0.072684 -0.802802
22.380884 0.333301 0.007590 0.035942 0.143895 0.568116 -0.086842 -0.805603
22.384707 0.333412 0.007590 0.035942 0.151772 0.563528 -0.094874 -0.806474
22.388530 0.333412 0.007590 0.035830 0.150929 0.558000 -0.109204 -0.808660
22.392353 0.333412 0.007590 0.035830 0.141294 0.551064 -0.129640 -0.812132
22.396177 0.333524 0.007590 0.035719 0.135231 0.552583 -0.138555 -0.810658
22.400000 0.333524 0.007590 0.035719 0.134678 0.546859 -0.152921 -0.812048
22.403823 0.333524 0.007590 0.035719 0.134678 0.546859 -0.152921 -0.812048
22.407646 0.333524 0.007479 0.035607 0.140186 0.539617 -0.158371 -0.814911
22.411469 0.333635 0.007479 0.035607 0.131225 0.537845 -0.164290 -0.816402
22.415292 0.333635 0.007479 0.035607 0.131225 0.537845 -0.164290 -0.816402
22.419116 0.333635 0.007479 0.035607 0.131225 0.537845 -0.164290 -0.816402
22.422939 0.333635 0.007479 0.035607 0.127678 0.528582 -0.175458 -0.820679
22.426762 0.333747 0.007479 0.035607 0.122248 0.536007 -0.170189 -0.817794
22.430585 0.333747 0.007367 0.035607 0.122248 0.536007 -0.170189 -0.817794
22.434408 0.333747 0.007367 0.035607 0.128130 0.534632 -0.161194 -0.819615
22.438232 0.333747 0.007367 0.035607 0.128130 0.534632 -0.161194 -0.819615
22.442055 0.333747 0.007367 0.035607 0.137126 0.536371 -0.155311 -0.818157
22.445878 0.333747 0.007367 0.035607 0.131730 0.543732 -0.149973 -0.815175
22.449701 0.333859 0.007255 0.035607 0.131730 0.543732 -0.149973 -0.815175
22.453524 0.333859 0.007255 0.035607 0.137695 0.542252 -0.141008 -0.816774
22.457347 0.333859 0.007255 0.035719 0.132363 0.549607 -0.135686 -0.813635
22.461171 0.333859 0.007255 0.035719 0.132363 0.549607 -0.135686 -0.813635
22.464994 0.333859 0.007255 0.035719 0.132363 0.549607 -0.135686 -0.813635
22.468817 0.333859 0.007144 0.035719 0.135911 0.558294 -0.124222 -0.808953
22.472640 0.333859 0.007144 0.035719 0.135911 0.558294 -0.124222 -0.808953
22.476463 0.333859 0.007144 0.035719 0.135911 0.558294 -0.124222 -0.808953
22.480286 0.333859 0.007144 0.035719 0.135911 0.558294 -0.124222 -0.808953
22.484110 0.333859 0.007144 0.035830 0.135911 0.558294 -0.124222 -0.808953
22.487933 0.333859 0.007032 0.035830 0.130511 0.565456 -0.118790 -0.805677
22.491756 0.333859 0.007032 0.035830 0.130511 0.565456 -0.118790 -0.805677
22.495579 0.333747 0.007032 0.035830 0.130511 0.565456 -0.118790 -0.805677
22.499402 0.333747 0.007032 0.035830 0.121652 0.564116 -0.124995 -0.807062
22.503226 0.333747 0.006921 0.035830 0.127842 0.562746 -0.116121 -0.808387
22.507049 0.333747 0.006921 0.035830 0.122543 0.569958 -0.110790 -0.804896
22.510872 0.333747 0.006921 0.035830 0.122543 0.569958 -0.110790 -0.804896
22.514695 0.333747 0.006921 0.035830 0.113693 0.568706 -0.117045 -0.806193
22.518518 0.333635 0.006809 0.035830 0.113693 0.568706 -0.117045 -0.806193
22.522341 0.333635 0.006809 0.035830 0.113693 0.568706 -0.117045 -0.806193
22.526165 0.333635 0.006809 0.035830 0.099595 0.574645 -0.118099 -0.803689
22.529988 0.333635 0.006809 0.035830 0.099595 0.574645 -0.118099 -0.803689
22.533811 0.333635 0.006697 0.035830 0.099595 0.574645 -0.118099 -0.803689
22.537634 0.333635 0.006697 0.035830 0.090760 0.573313 -0.124405 -0.804735
22.541457 0.333524 0.006697 0.035830 0.090760 0.573313 -0.124405 -0.804735
22.545280 0.333524 0.006697 0.035830 0.081913 0.571911 -0.130696 -0.805684
22.549104 0.333524 0.006697 0.035830 0.075625 0.572777 -0.139540 -0.804199
22.552927 0.333524 0.006697 0.035830 0.075625 0.572777 -0.139540 -0.804199
22.556750 0.333524 0.006697 0.035830 0.066786 0.571209 -0.145824 -0.804981
22.560573 0.333524 0.006697 0.035830 0.066786 0.571209 -0.145824 -0.804981
22.564396 0.333524 0.006697 0.035830 0.051677 0.570175 -0.160932 -0.803947
22.568220 0.333524 0.006697 0.035830 0.051677 0.570175 -0.160932 -0.803947
22.572043 0.333635 0.006697 0.035830 0.036595 0.568809 -0.176015 -0.802581
22.575866 0.333635 0.006697 0.035830 0.033001 0.559424 -0.187080 -0.806819
22.579689 0.333635 0.006697 0.035830 0.026853 0.559753 -0.195933 -0.804715
22.583512 0.333635 0.006697 0.035830 0.018011 0.557567 -0.202070 -0.804961
22.587335 0.333635 0.006697 0.035830 0.003065 0.555380 -0.217016 -0.802775
22.591159 0.333635 0.006697 0.035830 -0.000494 0.545438 -0.227746 -0.806616
22.594982 0.333635 0.006697 0.035830 -0.015319 0.542768 -0.242571 -0.803945
22.598805 0.333635 0.006697 0.035719 -0.030082 0.539772 -0.257334 -0.800950
22.602628 0.333635 0.006697 0.035719 -0.038880 0.536912 -0.263249 -0.800571
22.606451 0.333635 0.006809 0.035719 -0.048192 0.525818 -0.282310 -0.800933
22.610275 0.333635 0.006809 0.035719 -0.056988 0.522685 -0.288070 -0.800355
22.614098 0.333635 0.006809 0.035719 -0.071480 0.518735 -0.302562 -0.796405
22.617921 0.333747 0.006809 0.035830 -0.085525 0.523077 -0.304047 -0.791601
22.621744 0.333747 0.006809 0.035830 -0.099920 0.518638 -0.318443 -0.787162
22.625567 0.333747 0.006921 0.035830 -0.105612 0.517509 -0.327071 -0.783616
22.629390 0.333747 0.006921 0.035830 -0.114215 0.513885 -0.332737 -0.782409
22.633214 0.333747 0.006921 0.035830 -0.128401 0.508818 -0.346923 -0.777342
22.637037 0.333747 0.006921 0.035830 -0.133983 0.507377 -0.355442 -0.773484
22.640860 0.333747 0.006921 0.035830 -0.142473 0.503441 -0.360995 -0.771966
22.644683 0.333747 0.006921 0.035830 -0.142473 0.503441 -0.360995 -0.771966
22.648506 0.333747 0.007032 0.035830 -0.156423 0.497757 -0.374945 -0.766281
22.652329 0.333747 0.007032 0.035830 -0.161882 0.496008 -0.383341 -0.762115
22.656153 0.333747 0.007032 0.035830 -0.161882 0.496008 -0.383341 -0.762115
22.659976 0.333859 0.007032 0.035830 -0.161882 0.496008 -0.383341 -0.762115
22.663799 0.333747 0.007032 0.035830 -0.175637 0.489867 -0.397096 -0.755974
22.667622 0.333747 0.007032 0.035830 -0.175637 0.489867 -0.397096 -0.755974
22.671445 0.333747 0.007032 0.035830 -0.181008 0.487908 -0.405377 -0.751566
22.675269 0.333747 0.007032 0.035830 -0.181008 0.487908 -0.405377 -0.751566
22.679092 0.333747 0.007032 0.035830 -0.175303 0.480423 -0.409421 -0.755538
22.682915 0.333747 0.007032 0.035830 -0.180570 0.478468 -0.417697 -0.750994
22.686738 0.333747 0.007032 0.035830 -0.180570 0.478468 -0.417697 -0.750994
22.690561 0.333747 0.007032 0.035830 -0.180570 0.478468 -0.417697 -0.750994
22.694384 0.333747 0.007032 0.035830 -0.180570 0.478468 -0.417697 -0.750994
22.698208 0.333747 0.007144 0.035830 -0.185816 0.476456 -0.425922 -0.746360
22.702031 0.333747 0.007144 0.035830 -0.185816 0.476456 -0.425922 -0.746360
22.705854 0.333747 0.007144 0.035830 -0.185816 0.476456 -0.425922 -0.746360
22.709677 0.333747 0.007144 0.035830 -0.185816 0.476456 -0.425922 -0.746360
22.713500 0.333747 0.007144 0.035719 -0.185816 0.476456 -0.425922 -0.746360
22.717324 0.333747 0.007144 0.035719 -0.179925 0.469041 -0.430001 -0.750152
22.721147 0.333747 0.007144 0.035719 -0.179925 0.469041 -0.430001 -0.750152
22.724970 0.333747 0.007144 0.035719 -0.179925 0.469041 -0.430001 -0.750152
22.728793 0.333747 0.007144 0.035719 -0.185067 0.467036 -0.438216 -0.745382
22.732616 0.333747 0.007144 0.035719 -0.185067 0.467036 -0.438216 -0.745382
22.736439 0.333859 0.007144 0.035719 -0.185067 0.467036 -0.438216 -0.745382
22.740263 0.333859 0.007144 0.035719 -0.185067 0.467036 -0.438216 -0.745382
22.744086 0.333859 0.007144 0.035719 -0.185067 0.467036 -0.438216 -0.745382
22.747909 0.333859 0.007144 0.035719 -0.185067 0.467036 -0.438216 -0.745382
22.751732 0.333859 0.007144 0.035719 -0.185067 0.467036 -0.438216 -0.745382
22.755555 0.333859 0.007144 0.035719 -0.179072 0.459629 -0.442283 -0.749039
22.759378 0.333859 0.007144 0.035719 -0.179072 0.459629 -0.442283 -0.749039
22.763202 0.333859 0.007144 0.035719 -0.179072 0.459629 -0.442283 -0.749039
22.767025 0.333859 0.007144 0.035607 -0.179072 0.459629 -0.442283 -0.749039
22.770848 0.333747 0.007144 0.035607 -0.187291 0.454743 -0.447306 -0.747027
22.774671 0.333747 0.007144 0.035607 -0.187291 0.454743 -0.447306 -0.747027
22.778494 0.333859 0.007144 0.035607 -0.187291 0.454743 -0.447306 -0.747027
22.782318 0.333859 0.007144 0.035607 -0.187291 0.454743 -0.447306 -0.747027
22.786141 0.333859 0.007144 0.035607 -0.192275 0.452658 -0.455486 -0.742067
22.789964 0.333859 0.007144 0.035719 -0.192275 0.452658 -0.455486 -0.742067
22.793787 0.333859 0.007144 0.035719 -0.192275 0.452658 -0.455486 -0.742067
22.797610 0.333859 0.007144 0.035719 -0.200416 0.447626 -0.460431 -0.739910
22.801433 0.333859 0.007144 0.035719 -0.200416 0.447626 -0.460431 -0.739910
22.805257 0.333859 0.007144 0.035719 -0.206411 0.455055 -0.456486 -0.736166
22.809080 0.333859 0.007144 0.035719 -0.206411 0.455055 -0.456486 -0.736166
22.812903 0.333859 0.007144 0.035719 -0.219417 0.447629 -0.469493 -0.728740
22.816726 0.333859 0.007032 0.035719 -0.219417 0.447629 -0.469493 -0.728740
22.820549 0.333970 0.007032 0.035830 -0.227409 0.442444 -0.474382 -0.726285
22.824372 0.333970 0.007032 0.035830 -0.227409 0.442444 -0.474382 -0.726285
22.828196 0.333970 0.007032 0.035830 -0.235375 0.437205 -0.479214 -0.723743
22.832019 0.333970 0.007032 0.035830 -0.248042 0.429215 -0.491881 -0.715753
22.835842 0.334082 0.007032 0.035830 -0.254002 0.436628 -0.488120 -0.711743
22.839665 0.334082 0.007032 0.035830 -0.261806 0.431239 -0.492888 -0.708909
22.843488 0.334082 0.007032 0.035830 -0.268287 0.415382 -0.508964 -0.704581
22.847312 0.334194 0.007032 0.035830 -0.276012 0.409766 -0.513497 -0.701591
22.851135 0.334194 0.007032 0.035830 -0.288125 0.400958 -0.525610 -0.692784
22.854958 0.334305 0.007032 0.035830 -0.282148 0.393468 -0.529072 -0.696892
22.858781 0.334305 0.006921 0.035830 -0.283820 0.380057 -0.536677 -0.697841
22.862604 0.334417 0.006921 0.035830 -0.295562 0.370913 -0.548419 -0.688697
22.866427 0.334417 0.006921 0.035830 -0.301021 0.353955 -0.563129 -0.683365
22.870251 0.334528 0.006921 0.035830 -0.302438 0.340112 -0.570003 -0.684069
22.874074 0.334528 0.006921 0.035830 -0.313584 0.330405 -0.581149 -0.674362
22.877897 0.334640 0.006921 0.035830 -0.325650 0.306294 -0.598351 -0.664915
22.881720 0.334752 0.006921 0.035830 -0.329986 0.288392 -0.611584 -0.658714
22.885543 0.334863 0.006921 0.035830 -0.338206 0.267161 -0.620206 -0.655429
22.889367 0.334863 0.006921 0.035830 -0.355288 0.249582 -0.633005 -0.640924
22.893190 0.334975 0.007032 0.035830 -0.374371 0.227444 -0.652089 -0.618786
22.897013 0.335087 0.007032 0.035830 -0.383919 0.201161 -0.665630 -0.607518
22.900836 0.335087 0.007032 0.035830 -0.399198 0.182113 -0.676428 -0.591540
22.904659 0.335198 0.007032 0.035830 -0.413959 0.147505 -0.690005 -0.575129
22.908482 0.335198 0.007032 0.035942 -0.434030 0.119926 -0.700614 -0.553512
22.912306 0.335310 0.007032 0.035942 -0.453070 0.091802 -0.710064 -0.531140
22.916129 0.335310 0.007032 0.035942 -0.459984 0.058482 -0.724281 -0.510305
22.919952 0.335310 0.007032 0.035942 -0.465289 0.029947 -0.731741 -0.497157
22.923775 0.335310 0.007032 0.035942 -0.476223 0.008631 -0.737526 -0.478740
22.927598 0.335310 0.007032 0.035942 -0.480035 -0.025523 -0.748304 -0.457117
22.931421 0.335310 0.007032 0.035942 -0.489472 -0.047338 -0.752422 -0.438221
22.935245 0.335310 0.007032 0.035942 -0.487988 -0.062802 -0.752244 -0.438238
22.939068 0.335310 0.006921 0.035830 -0.479209 -0.090717 -0.756683 -0.435385
22.942891 0.335310 0.006921 0.035830 -0.476363 -0.111371 -0.760397 -0.427167
22.946714 0.335310 0.006921 0.035719 -0.474547 -0.126740 -0.759035 -0.427328
22.950537 0.335310 0.006921 0.035719 -0.464957 -0.143997 -0.768174 -0.415919
22.954361 0.335310 0.006921 0.035719 -0.464957 -0.143997 -0.768174 -0.415919
22.958184 0.335310 0.006921 0.035607 -0.461032 -0.164344 -0.770838 -0.407737
22.962007 0.335310 0.006921 0.035607 -0.452307 -0.176072 -0.775062 -0.404594
22.965830 0.335421 0.006921 0.035607 -0.445360 -0.182723 -0.774759 -0.409896
22.969653 0.335421 0.006921 0.035607 -0.443326 -0.187605 -0.779215 -0.401360
22.973476 0.335421 0.006921 0.035496 -0.434094 -0.198938 -0.783297 -0.398035
22.977300 0.335421 0.006921 0.035496 -0.431882 -0.203695 -0.787623 -0.389405
22.981123 0.335533 0.006921 0.035496 -0.431882 -0.203695 -0.787623 -0.389405
22.984946 0.335533 0.006921 0.035496 -0.436903 -0.202112 -0.792018 -0.375464
22.988769 0.335533 0.006921 0.035496 -0.430601 -0.198141 -0.798320 -0.371494
22.992592 0.335533 0.006921 0.035496 -0.430601 -0.198141 -0.798320 -0.371494
22.996415 0.335645 0.006921 0.035607 -0.428398 -0.202860 -0.802353 -0.362701
23.000239 0.335645 0.006921 0.035607 -0.435826 -0.196682 -0.802238 -0.357472
23.004062 0.335645 0.006921 0.035607 -0.433639 -0.201458 -0.806117 -0.348637
23.007885 0.335756 0.006921 0.035607 -0.441081 -0.195337 -0.805847 -0.343367
23.011708 0.335756 0.006921 0.035607 -0.448471 -0.189192 -0.805480 -0.338057
23.015531 0.335756 0.006921 0.035719 -0.448471 -0.189192 -0.805480 -0.338057
23.019355 0.335868 0.006921 0.035719 -0.455806 -0.183025 -0.805016 -0.332705
23.023178 0.335868 0.006809 0.035719 -0.452124 -0.174170 -0.806978 -0.337692
23.027001 0.335868 0.006809 0.035719 -0.463086 -0.176836 -0.804454 -0.327313
23.030824 0.335868 0.006809 0.035830 -0.463086 -0.176836 -0.804454 -0.327313
23.034647 0.335979 0.006809 0.035830 -0.463086 -0.176836 -0.804454 -0.327313
23.038470 0.335979 0.006697 0.035830 -0.463086 -0.176836 -0.804454 -0.327313
23.042294 0.335979 0.006697 0.035830 -0.472157 -0.165448 -0.800211 -0.330693
23.046117 0.336091 0.006586 0.035830 -0.477647 -0.168992 -0.794721 -0.334237
23.049940 0.336091 0.006586 0.035830 -0.477647 -0.168992 -0.794721 -0.334237
23.053763 0.336203 0.006474 0.035830 -0.470621 -0.175365 -0.795190 -0.339759
23.057586 0.336203 0.006474 0.035830 -0.476319 -0.178868 -0.789492 -0.343262
23.061410 0.336314 0.006362 0.035830 -0.476319 -0.178868 -0.789492 -0.343262
23.065233 0.336426 0.006362 0.035830 -0.476319 -0.178868 -0.789492 -0.343262
23.069056 0.336538 0.006362 0.035830 -0.482093 -0.182246 -0.783718 -0.346640
23.072879 0.336538 0.006251 0.035830 -0.482093 -0.182246 -0.783718 -0.346640
23.076702 0.336649 0.006251 0.035830 -0.482093 -0.182246 -0.783718 -0.346640
23.080525 0.336761 0.006251 0.035942 -0.482093 -0.182246 -0.783718 -0.346640
23.084349 0.336872 0.006251 0.035942 -0.485872 -0.190845 -0.781669 -0.341322
23.088172 0.336984 0.006251 0.035942 -0.485872 -0.190845 -0.781669 -0.341322
23.091995 0.337096 0.006251 0.035942 -0.483746 -0.196171 -0.785371 -0.332714
23.095818 0.337207 0.006251 0.035942 -0.483746 -0.196171 -0.785371 -0.332714
23.099641 0.337207 0.006251 0.036054 -0.483746 -0.196171 -0.785371 -0.332714
23.103464 0.337319 0.006362 0.036054 -0.494078 -0.198325 -0.783044 -0.321553
23.107288 0.337431 0.006362 0.036054 -0.491869 -0.203741 -0.786529 -0.312931
23.111111 0.337431 0.006362 0.036054 -0.491869 -0.203741 -0.786529 -0.312931
23.114934 0.337542 0.006362 0.036054 -0.489601 -0.209133 -0.789920 -0.304271
23.118757 0.337542 0.006362 0.036054 -0.496388 -0.202794 -0.789572 -0.298411
23.122580 0.337654 0.006474 0.036165 -0.496388 -0.202794 -0.789572 -0.298411
23.126404 0.337654 0.006474 0.036165 -0.496388 -0.202794 -0.789572 -0.298411
23.130227 0.337765 0.006474 0.036165 -0.496388 -0.202794 -0.789572 -0.298411
23.134050 0.337765 0.006474 0.036165 -0.496388 -0.202794 -0.789572 -0.298411
23.137873 0.337877 0.006474 0.036165 -0.493080 -0.194108 -0.791752 -0.303847
23.141696 0.337877 0.006474 0.036165 -0.493080 -0.194108 -0.791752 -0.303847
23.145519 0.337989 0.006474 0.036165 -0.493080 -0.194108 -0.791752 -0.303847
23.149343 0.337989 0.006474 0.036165 -0.491720 -0.180007 -0.790391 -0.317948
23.153166 0.338100 0.006474 0.036165 -0.491720 -0.180007 -0.790391 -0.317948
23.156989 0.338100 0.006474 0.036165 -0.493667 -0.174594 -0.786851 -0.326612
23.160812 0.338212 0.006474 0.036165 -0.496826 -0.159443 -0.788193 -0.326332
23.164635 0.338212 0.006474 0.036277 -0.498548 -0.153976 -0.784561 -0.334972
23.168459 0.338212 0.006474 0.036277 -0.496405 -0.139902 -0.782417 -0.349045
23.172282 0.338324 0.006474 0.036277 -0.504473 -0.127713 -0.778027 -0.351951
23.176105 0.338324 0.006474 0.036277 -0.505846 -0.122163 -0.774114 -0.360477
23.179928 0.338435 0.006474 0.036277 -0.508408 -0.111020 -0.766007 -0.377398
23.183751 0.338435 0.006474 0.036277 -0.509597 -0.105427 -0.761815 -0.385791
23.187574 0.338547 0.006586 0.036277 -0.522159 -0.095316 -0.751928 -0.390984
23.191398 0.338547 0.006586 0.036165 -0.523175 -0.089574 -0.747588 -0.399221
23.195221 0.338547 0.006586 0.036165 -0.535162 -0.078807 -0.737771 -0.403839
23.199044 0.338658 0.006697 0.036165 -0.536764 -0.067030 -0.728720 -0.419951
23.202867 0.338658 0.006697 0.036165 -0.543524 -0.057152 -0.713901 -0.437791
23.206690 0.338770 0.006697 0.036054 -0.549596 -0.052929 -0.703571 -0.447360
23.210513 0.338770 0.006809 0.036054 -0.560659 -0.056070 -0.692507 -0.450501
23.214337 0.338882 0.006921 0.035942 -0.562483 -0.059163 -0.680733 -0.465526
23.218160 0.338882 0.006921 0.035830 -0.569155 -0.075750 -0.672739 -0.466633
23.221983 0.338993 0.007032 0.035830 -0.575935 -0.070500 -0.661590 -0.475002
23.225806 0.338993 0.007032 0.035830 -0.582687 -0.064977 -0.650320 -0.483051
23.229629 0.338993 0.007032 0.035719 -0.588715 -0.065654 -0.644291 -0.483728
23.233453 0.339105 0.007144 0.035719 -0.596637 -0.081280 -0.635047 -0.483873
23.237276 0.339216 0.007144 0.035607 -0.599530 -0.089706 -0.626165 -0.490341
23.241099 0.339216 0.007144 0.035607 -0.605905 -0.089928 -0.619789 -0.490564
23.244922 0.339328 0.007144 0.035607 -0.608087 -0.104766 -0.615776 -0.489974
23.248745 0.339328 0.007255 0.035607 -0.619968 -0.111466 -0.608053 -0.483204
23.252568 0.339328 0.007255 0.035607 -0.616944 -0.119452 -0.604749 -0.489275
23.256392 0.339328 0.007255 0.035607 -0.623630 -0.119245 -0.598063 -0.489068
23.260215 0.339440 0.007144 0.035607 -0.623630 -0.119245 -0.598063 -0.489068
23.264038 0.339440 0.007144 0.035719 -0.628965 -0.125808 -0.596717 -0.482187
23.267861 0.339440 0.007144 0.035719 -0.630309 -0.118890 -0.591383 -0.488713
23.271684 0.339440 0.007144 0.035719 -0.630309 -0.118890 -0.591383 -0.488713
23.275507 0.339440 0.007144 0.035719 -0.630309 -0.118890 -0.591383 -0.488713
23.279331 0.339440 0.007144 0.035719 -0.630309 -0.118890 -0.591383 -0.488713
23.283154 0.339440 0.007144 0.035719 -0.631578 -0.111959 -0.585979 -0.495181
23.286977 0.339440 0.007144 0.035719 -0.631578 -0.111959 -0.585979 -0.495181
23.290800 0.339440 0.007144 0.035719 -0.626099 -0.105514 -0.587173 -0.502090
23.294623 0.339440 0.007144 0.035830 -0.627221 -0.098629 -0.581622 -0.508510
23.298447 0.339440 0.007144 0.035830 -0.627221 -0.098629 -0.581622 -0.508510
23.302270 0.339440 0.007144 0.035830 -0.621596 -0.092234 -0.582670 -0.515370
23.306093 0.339440 0.007144 0.035830 -0.621596 -0.092234 -0.582670 -0.515370
23.309916 0.339440 0.007032 0.035830 -0.616803 -0.079055 -0.577877 -0.528548
23.313739 0.339440 0.007032 0.035830 -0.616803 -0.079055 -0.577877 -0.528548
23.317562 0.339440 0.007032 0.035830 -0.616803 -0.079055 -0.577877 -0.528548
23.321386 0.339440 0.007032 0.035830 -0.616803 -0.079055 -0.577877 -0.528548
23.325209 0.339440 0.007032 0.035830 -0.610959 -0.072702 -0.578710 -0.535293
23.329032 0.339440 0.007032 0.035830 -0.613668 -0.064484 -0.582164 -0.529471
23.332855 0.339440 0.007032 0.035830 -0.614339 -0.057738 -0.576312 -0.535835
23.336678 0.339440 0.007032 0.035830 -0.608415 -0.051403 -0.576911 -0.542551
23.340502 0.339440 0.007032 0.035830 -0.608415 -0.051403 -0.576911 -0.542551
23.344325 0.339440 0.007032 0.035830 -0.602418 -0.045062 -0.577441 -0.549203
23.348148 0.339440 0.007032 0.035830 -0.605090 -0.036734 -0.580707 -0.543412
23.351971 0.339328 0.007032 0.035830 -0.605090 -0.036734 -0.580707 -0.543412
23.355794 0.339328 0.007032 0.035830 -0.601747 -0.021985 -0.584179 -0.544199
23.359617 0.339328 0.007032 0.035942 -0.595732 -0.015566 -0.584385 -0.550777
23.363441 0.339328 0.007032 0.035942 -0.598387 -0.007163 -0.587326 -0.544912
23.367264 0.339328 0.007032 0.035942 -0.588983 0.014207 -0.590027 -0.552056
23.371087 0.339328 0.007032 0.035942 -0.585589 0.029180 -0.592356 -0.552584
23.374910 0.339328 0.007032 0.035942 -0.582185 0.044199 -0.594355 -0.553037
23.378733 0.339328 0.007032 0.036054 -0.572656 0.065804 -0.595337 -0.559740
23.382556 0.339328 0.007032 0.036054 -0.571923 0.089472 -0.598367 -0.553946
23.386380 0.339328 0.007032 0.036054 -0.563557 0.104999 -0.603974 -0.553709
23.390203 0.339216 0.007032 0.036054 -0.547988 0.133432 -0.601362 -0.565923
23.394026 0.339216 0.007144 0.036054 -0.540145 0.149280 -0.605446 -0.565150
23.397849 0.339328 0.007144 0.036054 -0.530812 0.171102 -0.602607 -0.570813
23.401672 0.339328 0.007144 0.035942 -0.523514 0.187105 -0.605324 -0.569656
23.405496 0.339328 0.007255 0.035942 -0.508883 0.195817 -0.611573 -0.573299
23.409319 0.339328 0.007255 0.035830 -0.502357 0.212102 -0.613031 -0.571702
23.413142 0.339328 0.007367 0.035830 -0.492123 0.220126 -0.614587 -0.575884
23.416965 0.339440 0.007367 0.035719 -0.481888 0.228296 -0.616010 -0.579825
23.420788 0.339440 0.007479 0.035719 -0.469033 0.241775 -0.610845 -0.590272
23.424611 0.339440 0.007479 0.035607 -0.458726 0.250113 -0.611946 -0.593748
23.428435 0.339551 0.007479 0.035607 -0.448438 0.258586 -0.612898 -0.596986
23.432258 0.339551 0.007590 0.035496 -0.435214 0.271990 -0.607069 -0.606694
23.436081 0.339551 0.007590 0.035496 -0.431557 0.273918 -0.610725 -0.604766
23.439904 0.339551 0.007590 0.035384 -0.418166 0.287270 -0.604559 -0.614102
23.443727 0.339551 0.007590 0.035384 -0.416686 0.301724 -0.599085 -0.613541
23.447550 0.339551 0.007590 0.035384 -0.409920 0.308287 -0.595734 -0.618082
23.451374 0.339551 0.007590 0.035384 -0.403105 0.314814 -0.592311 -0.622548
23.455197 0.339551 0.007479 0.035384 -0.401651 0.329013 -0.586207 -0.621923
23.459020 0.339551 0.007479 0.035384 -0.400211 0.343075 -0.579793 -0.621266
23.462843 0.339551 0.007479 0.035384 -0.389499 0.353724 -0.569081 -0.631915
23.466666 0.339551 0.007479 0.035384 -0.394839 0.361352 -0.566218 -0.626836
23.470490 0.339551 0.007479 0.035384 -0.394839 0.361352 -0.566218 -0.626836
23.474313 0.339551 0.007479 0.035496 -0.393278 0.375102 -0.559201 -0.626039
23.478136 0.339551 0.007479 0.035496 -0.394353 0.386964 -0.549265 -0.626939
23.481959 0.339551 0.007367 0.035496 -0.394353 0.386964 -0.549265 -0.626939
23.485782 0.339551 0.007367 0.035496 -0.399524 0.394482 -0.546174 -0.621658
23.489605 0.339551 0.007367 0.035496 -0.399524 0.394482 -0.546174 -0.621658
23.493429 0.339551 0.007367 0.035496 -0.399524 0.394482 -0.546174 -0.621658
23.497252 0.339551 0.007367 0.035496 -0.404647 0.401951 -0.543018 -0.616301
23.501075 0.339551 0.007367 0.035496 -0.400207 0.406372 -0.536214 -0.622230
23.504898 0.339551 0.007367 0.035496 -0.407019 0.400457 -0.540646 -0.617795
23.508721 0.339551 0.007367 0.035496 -0.407019 0.400457 -0.540646 -0.617795
23.512545 0.339551 0.007255 0.035496 -0.407019 0.400457 -0.540646 -0.617795
23.516368 0.339551 0.007255 0.035496 -0.407019 0.400457 -0.540646 -0.617795
23.520191 0.339663 0.007255 0.035496 -0.407019 0.400457 -0.540646 -0.617795
23.524014 0.339663 0.007255 0.035496 -0.407019 0.400457 -0.540646 -0.617795
23.527837 0.339663 0.007255 0.035496 -0.409423 0.399015 -0.538243 -0.619237
23.531660 0.339663 0.007255 0.035496 -0.409423 0.399015 -0.538243 -0.619237
23.535484 0.339663 0.007255 0.035496 -0.409423 0.399015 -0.538243 -0.619237
23.539307 0.339663 0.007255 0.035496 -0.409423 0.399015 -0.538243 -0.619237
23.543130 0.339663 0.007255 0.035496 -0.416201 0.393078 -0.542594 -0.614702
23.546953 0.339663 0.007255 0.035496 -0.411857 0.397627 -0.535808 -0.620626
23.550776 0.339663 0.007255 0.035496 -0.411857 0.397627 -0.535808 -0.620626
23.554599 0.339663 0.007144 0.035496 -0.411857 0.397627 -0.535808 -0.620626
23.558423 0.339663 0.007144 0.035496 -0.418651 0.391716 -0.540144 -0.616064
23.562246 0.339663 0.007144 0.035496 -0.418651 0.391716 -0.540144 -0.616064
23.566069 0.339663 0.007144 0.035496 -0.421130 0.390409 -0.537665 -0.617371
23.569892 0.339663 0.007144 0.035496 -0.421130 0.390409 -0.537665 -0.617371
23.573715 0.339663 0.007144 0.035496 -0.421130 0.390409 -0.537665 -0.617371
23.577539 0.339663 0.007144 0.035496 -0.427887 0.384478 -0.541921 -0.612707
23.581362 0.339663 0.007144 0.035496 -0.423637 0.389156 -0.535157 -0.618624
23.585185 0.339663 0.007144 0.035496 -0.430408 0.383253 -0.539400 -0.613933
23.589008 0.339663 0.007032 0.035496 -0.434623 0.391143 -0.537081 -0.607992
23.592831 0.339663 0.007032 0.035496 -0.441277 0.385219 -0.541345 -0.603180
23.596654 0.339551 0.007032 0.035496 -0.437018 0.390044 -0.534686 -0.609091
23.600478 0.339551 0.007032 0.035496 -0.443683 0.384146 -0.538939 -0.604253
23.604301 0.339551 0.007032 0.035496 -0.443683 0.384146 -0.538939 -0.604253
23.608124 0.339551 0.007032 0.035496 -0.450295 0.378202 -0.543127 -0.599342
23.611947 0.339551 0.007032 0.035496 -0.456852 0.372213 -0.547249 -0.594359
23.615770 0.339551 0.007032 0.035496 -0.456852 0.372213 -0.547249 -0.594359
23.619594 0.339551 0.007032 0.035496 -0.459303 0.371246 -0.544798 -0.595325
23.623417 0.339551 0.007032 0.035496 -0.459303 0.371246 -0.544798 -0.595325
23.627240 0.339551 0.006921 0.035496 -0.459303 0.371246 -0.544798 -0.595325
23.631063 0.339551 0.006921 0.035496 -0.465816 0.365239 -0.548843 -0.590243
23.634886 0.339551 0.006921 0.035496 -0.465816 0.365239 -0.548843 -0.590243
23.638709 0.339551 0.006921 0.035496 -0.472272 0.359187 -0.552823 -0.585090
23.642533 0.339551 0.006921 0.035496 -0.472272 0.359187 -0.552823 -0.585090
23.646356 0.339551 0.006921 0.035496 -0.478672 0.353092 -0.556735 -0.579867
23.650179 0.339551 0.006921 0.035496 -0.478672 0.353092 -0.556735 -0.579867
23.654002 0.339551 0.006921 0.035607 -0.474764 0.358329 -0.550331 -0.585948
23.657825 0.339551 0.006921 0.035607 -0.481172 0.352262 -0.554235 -0.580697
23.661648 0.339551 0.006921 0.035607 -0.481172 0.352262 -0.554235 -0.580697
23.665472 0.339551 0.006921 0.035607 -0.481172 0.352262 -0.554235 -0.580697
23.669295 0.339551 0.006921 0.035607 -0.487523 0.346152 -0.558071 -0.575376
23.673118 0.339551 0.006809 0.035607 -0.487523 0.346152 -0.558071 -0.575376
23.676941 0.339551 0.006809 0.035607 -0.483690 0.351487 -0.551717 -0.581472
23.680764 0.339551 0.006809 0.035607 -0.490049 0.345404 -0.555545 -0.576123
23.684588 0.339551 0.006809 0.035607 -0.490049 0.345404 -0.555545 -0.576123
23.688411 0.339551 0.006809 0.035607 -0.490049 0.345404 -0.555545 -0.576123
23.692234 0.339551 0.006809 0.035607 -0.490049 0.345404 -0.555545 -0.576123
23.696057 0.339551 0.006809 0.035607 -0.490049 0.345404 -0.555545 -0.576123
23.699880 0.339551 0.006809 0.035607 -0.493099 0.353619 -0.554409 -0.569594
23.703703 0.339551 0.006809 0.035607 -0.493099 0.353619 -0.554409 -0.569594
23.707527 0.339551 0.006809 0.035607 -0.493099 0.353619 -0.554409 -0.569594
23.711350 0.339551 0.006809 0.035607 -0.493099 0.353619 -0.554409 -0.569594
23.715173 0.339551 0.006809 0.035607 -0.493099 0.353619 -0.554409 -0.569594
23.718996 0.339551 0.006809 0.035607 -0.493099 0.353619 -0.554409 -0.569594
23.722819 0.339551 0.006809 0.035719 -0.493099 0.353619 -0.554409 -0.569594
23.726642 0.339551 0.006809 0.035719 -0.493099 0.353619 -0.554409 -0.569594
23.730466 0.339551 0.006809 0.035719 -0.493099 0.353619 -0.554409 -0.569594
23.734289 0.339551 0.006809 0.035719 -0.493099 0.353619 -0.554409 -0.569594
23.738112 0.339551 0.006809 0.035719 -0.493099 0.353619 -0.554409 -0.569594
23.741935 0.339551 0.006809 0.035719 -0.496089 0.361792 -0.553206 -0.562997
23.745758 0.339551 0.006809 0.035719 -0.496089 0.361792 -0.553206 -0.562997
23.749582 0.339551 0.006809 0.035719 -0.496089 0.361792 -0.553206 -0.562997
23.753405 0.339551 0.006809 0.035719 -0.496089 0.361792 -0.553206 -0.562997
23.757228 0.339551 0.006809 0.035719 -0.496089 0.361792 -0.553206 -0.562997
23.761051 0.339440 0.006809 0.035719 -0.496089 0.361792 -0.553206 -0.562997
23.764874 0.339440 0.006809 0.035719 -0.496089 0.361792 -0.553206 -0.562997
23.768697 0.339440 0.006809 0.035719 -0.496089 0.361792 -0.553206 -0.562997
23.772521 0.339440 0.006809 0.035719 -0.496089 0.361792 -0.553206 -0.562997
23.776344 0.339440 0.006809 0.035719 -0.494925 0.375380 -0.545791 -0.562362
23.780167 0.339440 0.006697 0.035719 -0.494925 0.375380 -0.545791 -0.562362
23.783990 0.339440 0.006697 0.035719 -0.494925 0.375380 -0.545791 -0.562362
23.787813 0.339440 0.006697 0.035719 -0.494925 0.375380 -0.545791 -0.562362
23.791637 0.339440 0.006697 0.035719 -0.494925 0.375380 -0.545791 -0.562362
23.795460 0.339440 0.006697 0.035719 -0.494925 0.375380 -0.545791 -0.562362
23.799283 0.339440 0.006697 0.035719 -0.494925 0.375380 -0.545791 -0.562362
23.803106 0.339440 0.006697 0.035719 -0.494925 0.375380 -0.545791 -0.562362
23.806929 0.339440 0.006697 0.035830 -0.490771 0.380795 -0.539580 -0.568324
23.810752 0.339440 0.006697 0.035830 -0.484498 0.386700 -0.535364 -0.573681
23.814576 0.339440 0.006697 0.035830 -0.484498 0.386700 -0.535364 -0.573681
23.818399 0.339440 0.006697 0.035830 -0.484498 0.386700 -0.535364 -0.573681
23.822222 0.339440 0.006697 0.035830 -0.487263 0.394832 -0.534087 -0.566951
23.826045 0.339440 0.006697 0.035830 -0.487263 0.394832 -0.534087 -0.566951
23.829868 0.339440 0.006697 0.035830 -0.487263 0.394832 -0.534087 -0.566951
23.833691 0.339440 0.006697 0.035830 -0.491572 0.389455 -0.540283 -0.561050
23.837515 0.339440 0.006697 0.035830 -0.491572 0.389455 -0.540283 -0.561050
23.841338 0.339440 0.006697 0.035830 -0.491572 0.389455 -0.540283 -0.561050
23.845161 0.339440 0.006697 0.035830 -0.491572 0.389455 -0.540283 -0.561050
23.848984 0.339440 0.006697 0.035830 -0.491572 0.389455 -0.540283 -0.561050
23.852807 0.339440 0.006697 0.035830 -0.485378 0.395367 -0.535972 -0.566416
23.856631 0.339440 0.006697 0.035830 -0.489692 0.390010 -0.542162 -0.560494
23.860454 0.339440 0.006697 0.035830 -0.489692 0.390010 -0.542162 -0.560494
23.864277 0.339440 0.006697 0.035830 -0.489692 0.390010 -0.542162 -0.560494
23.868100 0.339440 0.006697 0.035830 -0.489692 0.390010 -0.542162 -0.560494
23.871923 0.339440 0.006697 0.035719 -0.493948 0.384607 -0.548287 -0.554504
23.875746 0.339440 0.006697 0.035719 -0.493948 0.384607 -0.548287 -0.554504
23.879570 0.339440 0.006697 0.035719 -0.490842 0.376588 -0.549874 -0.561154
23.883393 0.339440 0.006697 0.035719 -0.490842 0.376588 -0.549874 -0.561154
23.887216 0.339440 0.006809 0.035719 -0.494950 0.371173 -0.556006 -0.555079
23.891039 0.339440 0.006809 0.035719 -0.491697 0.363143 -0.557598 -0.561645
23.894862 0.339440 0.006809 0.035719 -0.491697 0.363143 -0.557598 -0.561645
23.898685 0.339440 0.006809 0.035607 -0.491697 0.363143 -0.557598 -0.561645
23.902509 0.339440 0.006809 0.035607 -0.485497 0.369247 -0.553575 -0.567013
23.906332 0.339440 0.006809 0.035607 -0.482113 0.361191 -0.555189 -0.573475
23.910155 0.339440 0.006809 0.035607 -0.482113 0.361191 -0.555189 -0.573475
23.913978 0.339440 0.006809 0.035607 -0.486052 0.355873 -0.561455 -0.567341
23.917801 0.339440 0.006809 0.035607 -0.486052 0.355873 -0.561455 -0.567341
23.921625 0.339440 0.006809 0.035607 -0.486052 0.355873 -0.561455 -0.567341
23.925448 0.339440 0.006809 0.035607 -0.486052 0.355873 -0.561455 -0.567341
23.929271 0.339440 0.006809 0.035607 -0.482522 0.347812 -0.563072 -0.573715
23.933094 0.339440 0.006809 0.035496 -0.482522 0.347812 -0.563072 -0.573715
23.936917 0.339440 0.006809 0.035496 -0.476190 0.353977 -0.559217 -0.578982
23.940740 0.339440 0.006809 0.035496 -0.476190 0.353977 -0.559217 -0.578982
23.944564 0.339328 0.006809 0.035496 -0.476190 0.353977 -0.559217 -0.578982
23.948387 0.339328 0.006809 0.035496 -0.476190 0.353977 -0.559217 -0.578982
23.952210 0.339328 0.006809 0.035496 -0.476190 0.353977 -0.559217 -0.578982
23.956033 0.339328 0.006809 0.035496 -0.476190 0.353977 -0.559217 -0.578982
23.959856 0.339328 0.006809 0.035496 -0.476190 0.353977 -0.559217 -0.578982
23.963680 0.339328 0.006809 0.035607 -0.476190 0.353977 -0.559217 -0.578982
23.967503 0.339328 0.006809 0.035607 -0.479790 0.362020 -0.557512 -0.572646
23.971326 0.339328 0.006809 0.035607 -0.479790 0.362020 -0.557512 -0.572646
23.975149 0.339328 0.006809 0.035607 -0.483738 0.356727 -0.563769 -0.566487
23.978972 0.339328 0.006809 0.035607 -0.483738 0.356727 -0.563769 -0.566487
23.982795 0.339328 0.006809 0.035607 -0.483738 0.356727 -0.563769 -0.566487
23.986619 0.339328 0.006809 0.035607 -0.483738 0.356727 -0.563769 -0.566487
23.990442 0.339328 0.006809 0.035607 -0.483738 0.356727 -0.563769 -0.566487
23.994265 0.339328 0.006809 0.035607 -0.483738 0.356727 -0.563769 -0.566487
23.998088 0.339328 0.006809 0.035607 -0.481186 0.370838 -0.557886 -0.565422
24.001911 0.339328 0.006809 0.035607 -0.481186 0.370838 -0.557886 -0.565422
24.005734 0.339328 0.006809 0.035607 -0.481186 0.370838 -0.557886 -0.565422
24.009558 0.339328 0.006809 0.035607 -0.481186 0.370838 -0.557886 -0.565422
24.013381 0.339328 0.006809 0.035607 -0.481186 0.370838 -0.557886 -0.565422
24.017204 0.339328 0.006809 0.035607 -0.481186 0.370838 -0.557886 -0.565422
24.021027 0.339328 0.006697 0.035607 -0.481186 0.370838 -0.557886 -0.565422
24.024850 0.339328 0.006697 0.035607 -0.481186 0.370838 -0.557886 -0.565422
24.028674 0.339328 0.006697 0.035607 -0.474945 0.376945 -0.553778 -0.570675
24.032497 0.339328 0.006697 0.035607 -0.474945 0.376945 -0.553778 -0.570675
24.036320 0.339328 0.006697 0.035607 -0.474945 0.376945 -0.553778 -0.570675
24.040143 0.339328 0.006697 0.035607 -0.474945 0.376945 -0.553778 -0.570675
24.043966 0.339216 0.006697 0.035607 -0.474945 0.376945 -0.553778 -0.570675
24.047789 0.339216 0.006697 0.035607 -0.474945 0.376945 -0.553778 -0.570675
24.051613 0.339216 0.006697 0.035607 -0.468647 0.383006 -0.549604 -0.575858
24.055436 0.339216 0.006697 0.035607 -0.468647 0.383006 -0.549604 -0.575858
24.059259 0.339216 0.006697 0.035607 -0.468647 0.383006 -0.549604 -0.575858
24.063082 0.339216 0.006697 0.035607 -0.472429 0.390855 -0.547433 -0.569527
24.066905 0.339216 0.006697 0.035607 -0.472429 0.390855 -0.547433 -0.569527
24.070729 0.339216 0.006697 0.035607 -0.466143 0.396845 -0.543106 -0.574683
24.074552 0.339216 0.006697 0.035607 -0.466143 0.396845 -0.543106 -0.574683
24.078375 0.339216 0.006697 0.035607 -0.463666 0.410538 -0.536306 -0.573453
24.082198 0.339216 0.006697 0.035607 -0.463666 0.410538 -0.536306 -0.573453
24.086021 0.339216 0.006697 0.035607 -0.463666 0.410538 -0.536306 -0.573453
24.089844 0.339216 0.006697 0.035719 -0.461217 0.424078 -0.529207 -0.572168
24.093668 0.339216 0.006697 0.035719 -0.454903 0.429867 -0.524516 -0.577201
24.097491 0.339216 0.006697 0.035719 -0.458796 0.437460 -0.521812 -0.570831
24.101314 0.339216 0.006697 0.035719 -0.456406 0.450675 -0.514125 -0.569440
24.105137 0.339216 0.006697 0.035830 -0.454046 0.463718 -0.506149 -0.567997
24.108960 0.339216 0.006697 0.035830 -0.454046 0.463718 -0.506149 -0.567997
24.112783 0.339216 0.006697 0.035830 -0.451719 0.476583 -0.497889 -0.566503
24.116607 0.339216 0.006697 0.035942 -0.445468 0.482024 -0.492623 -0.571431
24.120430 0.339216 0.006697 0.035942 -0.444023 0.494171 -0.483111 -0.570300
24.124253 0.339216 0.006697 0.035942 -0.441626 0.506635 -0.474312 -0.568608
24.128076 0.339328 0.006697 0.035942 -0.435353 0.511816 -0.468717 -0.573425
24.131899 0.339328 0.006697 0.036054 -0.439268 0.518903 -0.465240 -0.566864
24.135723 0.339328 0.006697 0.036054 -0.433014 0.523983 -0.459512 -0.571655
24.139546 0.339328 0.006697 0.036054 -0.433014 0.523983 -0.459512 -0.571655
24.143369 0.339328 0.006697 0.036054 -0.426707 0.529000 -0.453727 -0.576378
24.147192 0.339328 0.006697 0.036054 -0.426707 0.529000 -0.453727 -0.576378
24.151015 0.339328 0.006697 0.036054 -0.420349 0.533952 -0.447888 -0.581031
24.154838 0.339328 0.006697 0.036054 -0.420349 0.533952 -0.447888 -0.581031
24.158662 0.339328 0.006697 0.036054 -0.420349 0.533952 -0.447888 -0.581031
24.162485 0.339440 0.006697 0.036054 -0.413941 0.538841 -0.441995 -0.585614
24.166308 0.339440 0.006697 0.036054 -0.413941 0.538841 -0.441995 -0.585614
24.170131 0.339440 0.006697 0.035942 -0.413941 0.538841 -0.441995 -0.585614
24.173954 0.339440 0.006697 0.035942 -0.407482 0.543664 -0.436049 -0.590126
24.177777 0.339440 0.006697 0.035942 -0.407482 0.543664 -0.436049 -0.590126
24.181601 0.339440 0.006697 0.035942 -0.403213 0.536778 -0.439909 -0.596463
24.185424 0.339440 0.006697 0.035942 -0.403213 0.536778 -0.439909 -0.596463
24.189247 0.339440 0.006697 0.035942 -0.396636 0.541579 -0.433986 -0.600857
24.193070 0.339440 0.006697 0.035942 -0.396636 0.541579 -0.433986 -0.600857
24.196893 0.339440 0.006697 0.035942 -0.396636 0.541579 -0.433986 -0.600857
24.200717 0.339440 0.006697 0.035942 -0.396636 0.541579 -0.433986 -0.600857
24.204540 0.339328 0.006697 0.035942 -0.396636 0.541579 -0.433986 -0.600857
24.208363 0.339328 0.006697 0.035942 -0.390011 0.546314 -0.428010 -0.605178
24.212186 0.339328 0.006697 0.035942 -0.390011 0.546314 -0.428010 -0.605178
24.216009 0.339328 0.006697 0.035942 -0.390011 0.546314 -0.428010 -0.605178
24.219832 0.339328 0.006697 0.035942 -0.390011 0.546314 -0.428010 -0.605178
24.223656 0.339328 0.006697 0.035942 -0.390011 0.546314 -0.428010 -0.605178
24.227479 0.339328 0.006697 0.035942 -0.390011 0.546314 -0.428010 -0.605178
24.231302 0.339328 0.006697 0.035942 -0.390011 0.546314 -0.428010 -0.605178
24.235125 0.339328 0.006586 0.035942 -0.390011 0.546314 -0.428010 -0.605178
24.238948 0.339328 0.006586 0.035830 -0.383339 0.550983 -0.421982 -0.609426
24.242772 0.339328 0.006586 0.035830 -0.383339 0.550983 -0.421982 -0.609426
24.246595 0.339328 0.006586 0.035830 -0.383339 0.550983 -0.421982 -0.609426
24.250418 0.339328 0.006697 0.035830 -0.383339 0.550983 -0.421982 -0.609426
24.254241 0.339328 0.006697 0.035830 -0.383339 0.550983 -0.421982 -0.609426
24.258064 0.339328 0.006697 0.035830 -0.376620 0.555586 -0.415903 -0.613601
24.261887 0.339328 0.006697 0.035830 -0.376620 0.555586 -0.415903 -0.613601
24.265711 0.339328 0.006697 0.035830 -0.376620 0.555586 -0.415903 -0.613601
24.269534 0.339328 0.006697 0.035830 -0.369857 0.560121 -0.409775 -0.617701
24.273357 0.339328 0.006697 0.035719 -0.369857 0.560121 -0.409775 -0.617701
24.277180 0.339328 0.006697 0.035719 -0.363048 0.564589 -0.403596 -0.621727
24.281003 0.339328 0.006697 0.035719 -0.363048 0.564589 -0.403596 -0.621727
24.284826 0.339328 0.006697 0.035719 -0.362425 0.565042 -0.404219 -0.621275
24.288650 0.339328 0.006697 0.035719 -0.355578 0.569448 -0.397987 -0.625219
24.292473 0.339328 0.006697 0.035719 -0.353632 0.580204 -0.387121 -0.623254
24.296296 0.339328 0.006697 0.035719 -0.353632 0.580204 -0.387121 -0.623254
24.300119 0.339328 0.006697 0.035719 -0.346764 0.584421 -0.380724 -0.627101
24.303942 0.339216 0.006809 0.035719 -0.351398 0.590988 -0.376354 -0.620975
24.307766 0.339216 0.006809 0.035719 -0.344555 0.595087 -0.369839 -0.624798
24.311589 0.339216 0.006809 0.035607 -0.349675 0.601150 -0.364892 -0.619032
24.315412 0.339216 0.006809 0.035607 -0.342853 0.605122 -0.358266 -0.622836
24.319235 0.339216 0.006809 0.035607 -0.342660 0.605294 -0.358459 -0.622664
24.323058 0.339216 0.006921 0.035607 -0.342660 0.605294 -0.358459 -0.622664
24.326881 0.339216 0.006921 0.035607 -0.341130 0.614960 -0.346540 -0.620778
24.330705 0.339216 0.006921 0.035607 -0.347866 0.611175 -0.353339 -0.616933
24.334528 0.339216 0.006921 0.035607 -0.341067 0.615020 -0.346603 -0.620718
24.338351 0.339328 0.006921 0.035719 -0.346481 0.620592 -0.341190 -0.615147
24.342174 0.339328 0.007032 0.035719 -0.339702 0.624303 -0.334352 -0.618916
24.345997 0.339328 0.007032 0.035719 -0.339702 0.624303 -0.334352 -0.618916
24.349820 0.339328 0.007032 0.035719 -0.332882 0.627939 -0.327473 -0.622611
24.353644 0.339328 0.007032 0.035719 -0.332882 0.627939 -0.327473 -0.622611
24.357467 0.339328 0.007032 0.035719 -0.331577 0.636814 -0.314922 -0.620765
24.361290 0.339440 0.006921 0.035719 -0.331577 0.636814 -0.314922 -0.620765
24.365113 0.339440 0.006921 0.035719 -0.317684 0.643764 -0.301029 -0.627715
24.368936 0.339440 0.006921 0.035719 -0.317684 0.643764 -0.301029 -0.627715
24.372760 0.339440 0.006921 0.035719 -0.303641 0.650407 -0.286987 -0.634359
24.376583 0.339328 0.006921 0.035719 -0.303641 0.650407 -0.286987 -0.634359
24.380406 0.339328 0.006809 0.035719 -0.289456 0.656740 -0.272801 -0.640692
24.384229 0.339328 0.006809 0.035719 -0.289456 0.656740 -0.272801 -0.640692
24.388052 0.339328 0.006809 0.035719 -0.275136 0.662761 -0.258481 -0.646712
24.391875 0.339328 0.006809 0.035719 -0.275136 0.662761 -0.258481 -0.646712
24.395699 0.339328 0.006809 0.035719 -0.275136 0.662761 -0.258481 -0.646712
24.399522 0.339328 0.006697 0.035719 -0.267838 0.665743 -0.251360 -0.649513
24.403345 0.339328 0.006697 0.035719 -0.260686 0.668464 -0.244031 -0.652416
24.407168 0.339328 0.006697 0.035607 -0.260686 0.668464 -0.244031 -0.652416
24.410991 0.339216 0.006697 0.035607 -0.253327 0.671288 -0.236849 -0.655058
24.414815 0.339216 0.006697 0.035607 -0.253327 0.671288 -0.236849 -0.655058
24.418638 0.339216 0.006697 0.035607 -0.253327 0.671288 -0.236849 -0.655058
24.422461 0.339216 0.006697 0.035607 -0.253327 0.671288 -0.236849 -0.655058
24.426284 0.339216 0.006697 0.035607 -0.253327 0.671288 -0.236849 -0.655058
24.430107 0.339216 0.006697 0.035607 -0.253327 0.671288 -0.236849 -0.655058
24.433930 0.339216 0.006697 0.035607 -0.247822 0.665916 -0.242412 -0.660588
24.437754 0.339216 0.006697 0.035607 -0.255064 0.663213 -0.249714 -0.657825
24.441577 0.339328 0.006697 0.035607 -0.255064 0.663213 -0.249714 -0.657825
24.445400 0.339328 0.006697 0.035607 -0.255064 0.663213 -0.249714 -0.657825
24.449223 0.339328 0.006697 0.035607 -0.255064 0.663213 -0.249714 -0.657825
24.453046 0.339328 0.006697 0.035607 -0.249589 0.657700 -0.255188 -0.663337
24.456869 0.339328 0.006697 0.035607 -0.256862 0.654857 -0.262398 -0.660554
24.460693 0.339328 0.006697 0.035607 -0.256862 0.654857 -0.262398 -0.660554
24.464516 0.339328 0.006697 0.035607 -0.256862 0.654857 -0.262398 -0.660554
24.468339 0.339328 0.006697 0.035607 -0.264103 0.651934 -0.269576 -0.657693
24.472162 0.339328 0.006697 0.035607 -0.258719 0.646224 -0.274895 -0.663243
24.475985 0.339328 0.006697 0.035719 -0.258719 0.646224 -0.274895 -0.663243
24.479809 0.339328 0.006697 0.035719 -0.265990 0.643165 -0.281978 -0.660361
24.483632 0.339328 0.006697 0.035719 -0.265990 0.643165 -0.281978 -0.660361
24.487455 0.339328 0.006697 0.035719 -0.273229 0.640028 -0.289027 -0.657399
24.491278 0.339328 0.006697 0.035719 -0.280434 0.636814 -0.296041 -0.654358
24.495101 0.339328 0.006697 0.035719 -0.294549 0.630326 -0.310155 -0.647869
24.498924 0.339328 0.006697 0.035830 -0.301649 0.626880 -0.317061 -0.644594
24.502748 0.339328 0.006697 0.035830 -0.315738 0.619763 -0.330758 -0.637811
24.506571 0.339328 0.006697 0.035830 -0.322726 0.616092 -0.337547 -0.634303
24.510394 0.339328 0.006697 0.035942 -0.343250 0.604792 -0.357869 -0.623166
24.514217 0.339328 0.006697 0.035942 -0.352069 0.590454 -0.375683 -0.621509
24.518040 0.339328 0.006697 0.035942 -0.372358 0.577754 -0.394937 -0.609570
24.521864 0.339328 0.006697 0.035942 -0.385661 0.568937 -0.407535 -0.601241
24.525687 0.339328 0.006697 0.035942 -0.406975 0.543983 -0.436556 -0.589807
24.529510 0.339328 0.006809 0.035942 -0.415560 0.527379 -0.452257 -0.587064
24.533333 0.339328 0.006809 0.035942 -0.436087 0.500363 -0.479296 -0.574230
24.537156 0.339328 0.006809 0.035830 -0.446646 0.469848 -0.502157 -0.572354
24.540979 0.339328 0.006809 0.035830 -0.461329 0.445634 -0.520350 -0.563757
24.544803 0.339328 0.006809 0.035830 -0.480471 0.415433 -0.543486 -0.548804
24.548626 0.339328 0.006921 0.035719 -0.490822 0.381951 -0.561667 -0.545653
24.552449 0.339328 0.006921 0.035607 -0.502951 0.356222 -0.577956 -0.534895
24.556272 0.339328 0.006921 0.035607 -0.513007 0.321225 -0.593038 -0.530984
24.560095 0.339440 0.007032 0.035496 -0.520463 0.286433 -0.608786 -0.525789
24.563918 0.339440 0.007032 0.035496 -0.528215 0.264954 -0.616227 -0.520628
24.567742 0.339440 0.007144 0.035384 -0.538568 0.237357 -0.628566 -0.508440
24.571565 0.339440 0.007144 0.035384 -0.548331 0.209377 -0.639975 -0.495910
24.575388 0.339440 0.007144 0.035384 -0.550049 0.194239 -0.643001 -0.496253
24.579211 0.339440 0.007255 0.035272 -0.559052 0.165802 -0.652970 -0.483323
24.583034 0.339551 0.007255 0.035272 -0.560619 0.150502 -0.655162 -0.483547
24.586858 0.339551 0.007255 0.035272 -0.567438 0.137070 -0.661981 -0.470115
24.590681 0.339551 0.007367 0.035272 -0.570145 0.115433 -0.668796 -0.462949
24.594504 0.339551 0.007367 0.035272 -0.570145 0.115433 -0.668796 -0.462949
24.598327 0.339551 0.007479 0.035272 -0.576349 0.101753 -0.675000 -0.449269
24.602150 0.339551 0.007479 0.035272 -0.576349 0.101753 -0.675000 -0.449269
24.605973 0.339551 0.007479 0.035272 -0.577432 0.095415 -0.679895 -0.441827
24.609797 0.339551 0.007479 0.035272 -0.582251 0.087940 -0.680902 -0.435456
24.613620 0.339551 0.007479 0.035272 -0.587119 0.089475 -0.685315 -0.421461
24.617443 0.339663 0.007590 0.035272 -0.587119 0.089475 -0.685315 -0.421461
24.621266 0.339663 0.007590 0.035272 -0.592578 0.075435 -0.690774 -0.407421
24.625089 0.339663 0.007590 0.035384 -0.592578 0.075435 -0.690774 -0.407421
24.628912 0.339663 0.007590 0.035384 -0.592578 0.075435 -0.690774 -0.407421
24.632736 0.339663 0.007590 0.035384 -0.592578 0.075435 -0.690774 -0.407421
24.636559 0.339663 0.007590 0.035384 -0.597727 0.061279 -0.695924 -0.393264
24.640382 0.339663 0.007590 0.035384 -0.597727 0.061279 -0.695924 -0.393264
24.644205 0.339551 0.007590 0.035384 -0.597727 0.061279 -0.695924 -0.393264
24.648028 0.339551 0.007590 0.035384 -0.602012 0.053629 -0.696555 -0.386674
24.651852 0.339551 0.007590 0.035384 -0.606224 0.045974 -0.697102 -0.380037
24.655675 0.339551 0.007590 0.035384 -0.606692 0.039311 -0.701235 -0.372356
24.659498 0.339551 0.007590 0.035384 -0.610746 0.031605 -0.701625 -0.365668
24.663321 0.339551 0.007590 0.035384 -0.614727 0.023895 -0.701930 -0.358936
24.667144 0.339551 0.007590 0.035384 -0.626001 0.016286 -0.702344 -0.338484
24.670967 0.339551 0.007590 0.035384 -0.629681 0.008569 -0.702480 -0.331586
24.674791 0.339551 0.007590 0.035496 -0.636815 -0.006867 -0.702499 -0.317672
24.678614 0.339551 0.007479 0.035496 -0.643641 -0.022300 -0.702178 -0.303604
24.682437 0.339551 0.007479 0.035496 -0.650156 -0.037722 -0.701519 -0.289389
24.686260 0.339440 0.007479 0.035496 -0.662022 -0.053046 -0.700726 -0.260569
24.690083 0.339440 0.007479 0.035607 -0.670249 -0.076108 -0.698597 -0.238612
24.693907 0.339440 0.007479 0.035607 -0.680830 -0.083899 -0.694629 -0.216615
24.697730 0.339440 0.007367 0.035607 -0.689689 -0.114334 -0.690273 -0.186496
24.701553 0.339440 0.007367 0.035719 -0.696835 -0.129392 -0.687976 -0.156103
24.705376 0.339440 0.007367 0.035719 -0.701600 -0.151992 -0.683339 -0.133055
24.709199 0.339440 0.007255 0.035830 -0.705604 -0.174428 -0.677959 -0.109863
24.713022 0.339440 0.007255 0.035830 -0.711413 -0.181438 -0.673445 -0.086281
24.716846 0.339440 0.007255 0.035830 -0.713870 -0.203531 -0.667100 -0.062791
24.720669 0.339440 0.007255 0.035942 -0.715077 -0.218139 -0.662467 -0.047092
24.724492 0.339440 0.007255 0.035942 -0.715718 -0.225398 -0.660592 -0.023707
24.728315 0.339440 0.007144 0.035942 -0.716066 -0.239857 -0.655480 -0.007977
24.732138 0.339440 0.007144 0.036054 -0.718781 -0.239162 -0.652765 -0.007281
24.735961 0.339440 0.007144 0.036054 -0.718768 -0.253446 -0.647353 0.008513
24.739785 0.339440 0.007144 0.036054 -0.714913 -0.261364 -0.647780 0.031117
24.743608 0.339440 0.007144 0.036165 -0.717435 -0.260599 -0.645259 0.031882
24.747431 0.339328 0.007144 0.036165 -0.717435 -0.260599 -0.645259 0.031882
24.751254 0.339328 0.007144 0.036165 -0.716375 -0.253559 -0.648812 0.039457
24.755077 0.339328 0.007144 0.036165 -0.715899 -0.260671 -0.645987 0.047325
24.758901 0.339328 0.007144 0.036165 -0.715899 -0.260671 -0.645987 0.047325
24.762724 0.339216 0.007144 0.036277 -0.714670 -0.253639 -0.649540 0.054883
24.766547 0.339216 0.007144 0.036277 -0.714670 -0.253639 -0.649540 0.054883
24.770370 0.339216 0.007144 0.036277 -0.714670 -0.253639 -0.649540 0.054883
24.774193 0.339216 0.007032 0.036277 -0.714670 -0.253639 -0.649540 0.054883
24.778016 0.339216 0.007032 0.036277 -0.713355 -0.246576 -0.653014 0.062434
24.781840 0.339105 0.007032 0.036277 -0.713355 -0.246576 -0.653014 0.062434
24.785663 0.339105 0.007032 0.036277 -0.716021 -0.238724 -0.653660 0.055256
24.789486 0.339105 0.007032 0.036277 -0.716021 -0.238724 -0.653660 0.055256
24.793309 0.339105 0.007032 0.036277 -0.715371 -0.245891 -0.650998 0.063119
24.797132 0.339105 0.007032 0.036277 -0.716846 -0.252900 -0.647364 0.055622
24.800955 0.339105 0.007032 0.036277 -0.716846 -0.252900 -0.647364 0.055622
24.804779 0.339105 0.007032 0.036277 -0.716846 -0.252900 -0.647364 0.055622
24.808602 0.339105 0.007032 0.036165 -0.716846 -0.252900 -0.647364 0.055622
24.812425 0.339105 0.007032 0.036165 -0.716846 -0.252900 -0.647364 0.055622
24.816248 0.339105 0.007032 0.036165 -0.716846 -0.252900 -0.647364 0.055622
24.820071 0.339105 0.007032 0.036165 -0.718234 -0.259878 -0.643652 0.048119
24.823895 0.339105 0.007032 0.036165 -0.718234 -0.259878 -0.643652 0.048119
24.827718 0.339105 0.007032 0.036165 -0.718719 -0.252791 -0.646468 0.040226
24.831541 0.339105 0.007032 0.036165 -0.718719 -0.252791 -0.646468 0.040226
24.835364 0.339105 0.007032 0.036054 -0.719938 -0.259778 -0.642755 0.032702
24.839187 0.339216 0.007032 0.036054 -0.719938 -0.259778 -0.642755 0.032702
24.843010 0.339216 0.007032 0.036054 -0.719938 -0.259778 -0.642755 0.032702
24.846834 0.339216 0.007032 0.036054 -0.719938 -0.259778 -0.642755 0.032702
24.850657 0.339216 0.007032 0.036054 -0.721071 -0.266735 -0.638965 0.025176
24.854480 0.339216 0.007032 0.036054 -0.721304 -0.259699 -0.641856 0.017252
24.858303 0.339216 0.007032 0.036054 -0.721304 -0.259699 -0.641856 0.017252
24.862126 0.339216 0.007032 0.035942 -0.721304 -0.259699 -0.641856 0.017252
24.865950 0.339216 0.007032 0.035942 -0.722329 -0.259639 -0.640956 0.001776
24.869773 0.339216 0.007032 0.035942 -0.722329 -0.259639 -0.640956 0.001776
24.873596 0.339216 0.007032 0.035942 -0.722329 -0.259639 -0.640956 0.001776
24.877419 0.339216 0.007032 0.035942 -0.722305 -0.252582 -0.643770 -0.006160
24.881242 0.339216 0.007032 0.035942 -0.722305 -0.252582 -0.643770 -0.006160
24.885065 0.339216 0.007032 0.035942 -0.722194 -0.245494 -0.646506 -0.014095
24.888889 0.339216 0.007032 0.035942 -0.722194 -0.245494 -0.646506 -0.014095
24.892712 0.339216 0.007032 0.035830 -0.722539 -0.245474 -0.645604 -0.029602
24.896535 0.339216 0.007032 0.035830 -0.722170 -0.238367 -0.648262 -0.037538
24.900358 0.339216 0.007032 0.035830 -0.721714 -0.231230 -0.650841 -0.045469
24.904181 0.339216 0.007032 0.035830 -0.722880 -0.208946 -0.655051 -0.068516
24.908004 0.339216 0.007032 0.035719 -0.722203 -0.208993 -0.653980 -0.084000
24.911828 0.339216 0.007032 0.035719 -0.720183 -0.194574 -0.658413 -0.099848
24.915651 0.339216 0.007032 0.035719 -0.716501 -0.172772 -0.664468 -0.123526
24.919474 0.339216 0.007032 0.035607 -0.713067 -0.165602 -0.665262 -0.146755
24.923297 0.339216 0.007032 0.035607 -0.709671 -0.150946 -0.668740 -0.162387
24.927120 0.339328 0.007032 0.035496 -0.702890 -0.136427 -0.670843 -0.193138
24.930944 0.339328 0.007032 0.035384 -0.694771 -0.121911 -0.672637 -0.223584
24.934767 0.339328 0.007032 0.035384 -0.689691 -0.107104 -0.675153 -0.238795
24.938590 0.339328 0.007032 0.035272 -0.681448 -0.084797 -0.678316 -0.261393
24.942413 0.339328 0.007032 0.035272 -0.675540 -0.069873 -0.680015 -0.276302
24.946236 0.339328 0.007032 0.035272 -0.669306 -0.054916 -0.681386 -0.291077
24.950059 0.339440 0.007032 0.035272 -0.666068 -0.047427 -0.681948 -0.298413
24.953883 0.339440 0.007032 0.035161 -0.662750 -0.039932 -0.682428 -0.305712
24.957706 0.339440 0.007032 0.035161 -0.659351 -0.032432 -0.682826 -0.312975
24.961529 0.339440 0.007032 0.035161 -0.655873 -0.024929 -0.683141 -0.320200
24.965352 0.339440 0.007032 0.035272 -0.655873 -0.024929 -0.683141 -0.320200
24.969175 0.339440 0.007032 0.035272 -0.654869 -0.002295 -0.680949 -0.327795
24.972999 0.339440 0.007032 0.035272 -0.657192 0.005664 -0.682080 -0.320677
24.976822 0.339440 0.007032 0.035272 -0.653629 0.013157 -0.681977 -0.327878
24.980645 0.339440 0.006921 0.035384 -0.653629 0.013157 -0.681977 -0.327878
24.984468 0.339440 0.006921 0.035384 -0.655951 0.021127 -0.682938 -0.320746
24.988291 0.339440 0.006921 0.035384 -0.655951 0.021127 -0.682938 -0.320746
24.992114 0.339440 0.006921 0.035384 -0.655951 0.021127 -0.682938 -0.320746
24.995938 0.339440 0.006921 0.035384 -0.655951 0.021127 -0.682938 -0.320746
24.999761 0.339440 0.006921 0.035384 -0.655951 0.021127 -0.682938 -0.320746
25.003584 0.339440 0.006921 0.035384 -0.658193 0.029095 -0.683817 -0.313575
25.007407 0.339440 0.006921 0.035384 -0.658193 0.029095 -0.683817 -0.313575
25.011230 0.339440 0.006921 0.035384 -0.655951 0.021127 -0.682938 -0.320746
25.015053 0.339440 0.006921 0.035384 -0.655951 0.021127 -0.682938 -0.320746
25.018877 0.339440 0.006921 0.035384 -0.655951 0.021127 -0.682938 -0.320746
25.022700 0.339440 0.006921 0.035384 -0.659545 0.006378 -0.686532 -0.305996
25.026523 0.339440 0.006921 0.035384 -0.659545 0.006378 -0.686532 -0.305996
25.030346 0.339440 0.006921 0.035384 -0.657214 -0.001556 -0.685562 -0.313164
25.034169 0.339440 0.007032 0.035384 -0.657214 -0.001556 -0.685562 -0.313164
25.037993 0.339551 0.007032 0.035384 -0.657157 -0.008776 -0.688961 -0.305614
25.041816 0.339551 0.007032 0.035384 -0.657157 -0.008776 -0.688961 -0.305614
25.045639 0.339551 0.007032 0.035384 -0.654661 -0.016683 -0.687987 -0.312755
25.049462 0.339551 0.007032 0.035384 -0.654661 -0.016683 -0.687987 -0.312755
25.053285 0.339551 0.007032 0.035384 -0.654661 -0.016683 -0.687987 -0.312755
25.057108 0.339551 0.007032 0.035384 -0.654438 -0.023874 -0.691381 -0.305178
25.060932 0.339551 0.007032 0.035384 -0.654438 -0.023874 -0.691381 -0.305178
25.064755 0.339551 0.007032 0.035384 -0.651775 -0.031750 -0.690402 -0.312292
25.068578 0.339551 0.007032 0.035384 -0.651775 -0.031750 -0.690402 -0.312292
25.072401 0.339551 0.007032 0.035384 -0.648305 -0.024163 -0.690709 -0.319434
25.076224 0.339551 0.007032 0.035384 -0.648305 -0.024163 -0.690709 -0.319434
25.080047 0.339551 0.007032 0.035384 -0.648305 -0.024163 -0.690709 -0.319434
25.083871 0.339551 0.007032 0.035384 -0.648305 -0.024163 -0.690709 -0.319434
25.087694 0.339551 0.007032 0.035384 -0.648305 -0.024163 -0.690709 -0.319434
25.091517 0.339551 0.007032 0.035384 -0.648000 -0.031284 -0.694176 -0.311827
25.095340 0.339551 0.007032 0.035496 -0.648000 -0.031284 -0.694176 -0.311827
25.099163 0.339551 0.007032 0.035496 -0.644536 -0.023656 -0.694478 -0.318927
25.102987 0.339551 0.007032 0.035496 -0.644536 -0.023656 -0.694478 -0.318927
25.106810 0.339551 0.007032 0.035496 -0.644536 -0.023656 -0.694478 -0.318927
25.110633 0.339551 0.007032 0.035496 -0.641553 -0.031517 -0.693666 -0.325951
25.114456 0.339551 0.007032 0.035496 -0.641553 -0.031517 -0.693666 -0.325951
25.118279 0.339551 0.007144 0.035496 -0.641168 -0.038564 -0.697205 -0.318311
25.122102 0.339551 0.007144 0.035496 -0.637632 -0.030902 -0.697586 -0.325336
25.125926 0.339551 0.007144 0.035496 -0.637632 -0.030902 -0.697586 -0.325336
25.129749 0.339551 0.007144 0.035496 -0.634410 -0.038734 -0.696853 -0.332295
25.133572 0.339551 0.007144 0.035496 -0.633946 -0.045701 -0.700462 -0.324619
25.137395 0.339551 0.007144 0.035496 -0.633946 -0.045701 -0.700462 -0.324619
25.141218 0.339551 0.007144 0.035496 -0.630341 -0.038003 -0.700921 -0.331564
25.145042 0.339551 0.007144 0.035496 -0.630341 -0.038003 -0.700921 -0.331564
25.148865 0.339551 0.007255 0.035496 -0.630341 -0.038003 -0.700921 -0.331564
25.152688 0.339551 0.007255 0.035607 -0.626290 -0.037183 -0.704973 -0.330744
25.156511 0.339551 0.007255 0.035607 -0.626290 -0.037183 -0.704973 -0.330744
25.160334 0.339551 0.007255 0.035607 -0.622619 -0.029436 -0.705339 -0.337605
25.164157 0.339551 0.007255 0.035607 -0.622569 -0.013908 -0.705858 -0.337607
25.167981 0.339551 0.007255 0.035607 -0.622569 -0.013908 -0.705858 -0.337607
25.171804 0.339551 0.007255 0.035607 -0.618823 -0.006152 -0.705969 -0.344426
25.175627 0.339440 0.007255 0.035607 -0.615001 0.001604 -0.705994 -0.351203
25.179450 0.339440 0.007255 0.035607 -0.611106 0.009360 -0.705933 -0.357939
25.183273 0.339440 0.007255 0.035607 -0.607137 0.017115 -0.705788 -0.364631
25.187096 0.339440 0.007255 0.035719 -0.603094 0.024868 -0.705557 -0.371279
25.190920 0.339440 0.007255 0.035719 -0.603452 0.033762 -0.708919 -0.363510
25.194743 0.339328 0.007255 0.035719 -0.595320 0.049330 -0.708006 -0.376681
25.198566 0.339328 0.007255 0.035719 -0.591146 0.057105 -0.707421 -0.383199
25.202389 0.339328 0.007255 0.035719 -0.578076 0.064942 -0.706851 -0.402457
25.206212 0.339328 0.007255 0.035719 -0.569095 0.080456 -0.705254 -0.415061
25.210036 0.339328 0.007255 0.035719 -0.560858 0.089776 -0.707969 -0.419712
25.213859 0.339216 0.007255 0.035719 -0.541591 0.105495 -0.706051 -0.443895
25.217682 0.339216 0.007255 0.035607 -0.531707 0.120982 -0.703563 -0.455687
25.221505 0.339216 0.007367 0.035607 -0.517501 0.123225 -0.707558 -0.465155
25.225328 0.339216 0.007367 0.035607 -0.501892 0.146474 -0.703113 -0.481956
25.229151 0.339105 0.007367 0.035607 -0.485290 0.154526 -0.701780 -0.498117
25.232975 0.339105 0.007367 0.035607 -0.468612 0.177568 -0.696306 -0.513839
25.236798 0.339105 0.007255 0.035607 -0.451425 0.200416 -0.690077 -0.529002
25.240621 0.339105 0.007255 0.035607 -0.433309 0.208351 -0.688117 -0.543441
25.244444 0.339105 0.007255 0.035607 -0.415166 0.230914 -0.680877 -0.557424
25.248267 0.339105 0.007255 0.035607 -0.396572 0.253225 -0.672898 -0.570803
25.252090 0.339105 0.007255 0.035607 -0.387659 0.279146 -0.657582 -0.582567
25.255914 0.339105 0.007144 0.035607 -0.368251 0.300663 -0.648026 -0.595025
25.259737 0.339105 0.007144 0.035607 -0.344886 0.325663 -0.631061 -0.613807
25.263560 0.339216 0.007144 0.035719 -0.327525 0.356584 -0.609227 -0.628027
25.267383 0.339216 0.007032 0.035719 -0.302497 0.379812 -0.590095 -0.645001
25.271206 0.339216 0.007032 0.035719 -0.276677 0.402115 -0.570032 -0.660921
25.275030 0.339216 0.007032 0.035719 -0.261772 0.427131 -0.551963 -0.666611
25.278853 0.339216 0.006921 0.035719 -0.234759 0.447694 -0.530141 -0.680741
25.282676 0.339328 0.006921 0.035719 -0.206525 0.478957 -0.497351 -0.693245
25.286499 0.339328 0.006921 0.035719 -0.183569 0.495086 -0.481298 -0.699675
25.290322 0.339328 0.006921 0.035607 -0.153169 0.504834 -0.470114 -0.707584
25.294145 0.339440 0.006921 0.035607 -0.124047 0.521446 -0.445370 -0.717183
25.297969 0.339440 0.006921 0.035496 -0.106228 0.534704 -0.435839 -0.716136
25.301792 0.339440 0.006921 0.035496 -0.082571 0.548776 -0.417982 -0.719248
25.305615 0.339440 0.006921 0.035384 -0.051342 0.557101 -0.405736 -0.722759
25.309438 0.339440 0.006921 0.035384 -0.033760 0.569832 -0.395089 -0.719762
25.313261 0.339551 0.006921 0.035384 -0.017938 0.578375 -0.382474 -0.720330
25.317085 0.339551 0.006921 0.035272 -0.000680 0.590692 -0.371101 -0.716496
25.320908 0.339551 0.007032 0.035161 0.024018 0.598612 -0.365884 -0.712190
25.324731 0.339551 0.007032 0.035161 0.031953 0.610564 -0.345949 -0.711695
25.328554 0.339440 0.007032 0.035161 0.048556 0.622204 -0.333425 -0.706635
25.332377 0.339440 0.007032 0.035161 0.056339 0.632902 -0.312736 -0.706015
25.336200 0.339440 0.007032 0.035161 0.064755 0.646830 -0.292348 -0.701392
25.340024 0.339440 0.007032 0.035161 0.064662 0.658808 -0.263679 -0.701616
25.343847 0.339440 0.007032 0.035272 0.080021 0.669635 -0.234498 -0.700140
25.347670 0.339440 0.007032 0.035272 0.079947 0.679050 -0.204888 -0.700371
25.351493 0.339328 0.007032 0.035272 0.087605 0.685313 -0.182417 -0.699568
25.355316 0.339328 0.007032 0.035384 0.095232 0.694056 -0.144556 -0.698800
25.359139 0.339328 0.007032 0.035384 0.095190 0.699497 -0.113965 -0.699039
25.362963 0.339328 0.007032 0.035496 0.095158 0.703589 -0.083165 -0.699279
25.366786 0.339328 0.007032 0.035607 0.102891 0.705236 -0.044527 -0.700052
25.370609 0.339328 0.006921 0.035607 0.102895 0.706609 -0.013486 -0.699954
25.374432 0.339328 0.006921 0.035607 0.118336 0.705461 0.017490 -0.698582
25.378255 0.339328 0.006921 0.035719 0.125996 0.704718 0.040766 -0.697019
25.382079 0.339328 0.006921 0.035719 0.133632 0.703208 0.064007 -0.695373
25.385902 0.339440 0.006921 0.035719 0.141315 0.700338 0.087115 -0.694239
25.389725 0.339440 0.006921 0.035719 0.148886 0.697470 0.110223 -0.692257
25.393548 0.339440 0.006921 0.035719 0.156483 0.696217 0.117879 -0.690579
25.397371 0.339440 0.006921 0.035719 0.164036 0.692081 0.140802 -0.688688
25.401194 0.339551 0.006921 0.035719 0.171592 0.690492 0.148397 -0.686844
25.405018 0.339551 0.006921 0.035719 0.179128 0.688820 0.155974 -0.684918
25.408841 0.339551 0.006921 0.035719 0.186641 0.687065 0.163532 -0.682908
25.412664 0.339551 0.006921 0.035719 0.194133 0.685227 0.171070 -0.680817
25.416487 0.339663 0.006921 0.035719 0.201649 0.683053 0.178539 -0.678896
25.420310 0.339663 0.006921 0.035719 0.201649 0.683053 0.178539 -0.678896
25.424134 0.339663 0.006921 0.035719 0.209095 0.681050 0.186033 -0.676640
25.427957 0.339663 0.006921 0.035719 0.209095 0.681050 0.186033 -0.676640
25.431780 0.339663 0.006921 0.035607 0.209095 0.681050 0.186033 -0.676640
25.435603 0.339663 0.006921 0.035607 0.224078 0.680344 0.185842 -0.672595
25.439426 0.339663 0.006921 0.035607 0.224078 0.680344 0.185842 -0.672595
25.443249 0.339663 0.006809 0.035607 0.224078 0.680344 0.185842 -0.672595
25.447073 0.339551 0.006809 0.035607 0.231539 0.677841 0.193220 -0.670513
25.450896 0.339551 0.006809 0.035607 0.238891 0.675677 0.200655 -0.667929
25.454719 0.339551 0.006809 0.035496 0.246421 0.676975 0.192966 -0.666142
25.458542 0.339551 0.006809 0.035496 0.246421 0.676975 0.192966 -0.666142
25.462365 0.339551 0.006809 0.035496 0.253724 0.674814 0.200391 -0.663395
25.466188 0.339551 0.006809 0.035496 0.261123 0.671986 0.207667 -0.661153
25.470012 0.339551 0.006697 0.035496 0.268370 0.669664 0.215037 -0.658245
25.473835 0.339551 0.006697 0.035496 0.268370 0.669664 0.215037 -0.658245
25.477658 0.339551 0.006697 0.035384 0.283036 0.668649 0.214690 -0.653228
25.481481 0.339551 0.006697 0.035384 0.290195 0.666250 0.222023 -0.650079
25.485304 0.339551 0.006697 0.035384 0.297497 0.663022 0.229152 -0.647601
25.489128 0.339551 0.006697 0.035384 0.304594 0.660464 0.236422 -0.644294
25.492951 0.339551 0.006697 0.035384 0.311654 0.657827 0.243663 -0.640908
25.496774 0.339551 0.006697 0.035384 0.325660 0.652315 0.258058 -0.633906
25.500597 0.339551 0.006697 0.035384 0.332604 0.649440 0.265208 -0.630290
25.504420 0.339551 0.006697 0.035384 0.332215 0.644593 0.279917 -0.629110
25.508243 0.339551 0.006697 0.035384 0.345957 0.638287 0.294012 -0.621659
25.512067 0.339551 0.006697 0.035384 0.359721 0.631105 0.307776 -0.614477
25.515890 0.339551 0.006697 0.035384 0.365920 0.621885 0.329035 -0.609178
25.519713 0.339551 0.006697 0.035384 0.372018 0.611963 0.349992 -0.603829
25.523536 0.339551 0.006697 0.035496 0.378015 0.601349 0.370624 -0.598433
25.527359 0.339663 0.006697 0.035496 0.377372 0.594311 0.384404 -0.597175
25.531182 0.339663 0.006697 0.035496 0.383226 0.582565 0.404450 -0.591757
25.535006 0.339551 0.006697 0.035607 0.382515 0.574782 0.417822 -0.590535
25.538829 0.339551 0.006697 0.035607 0.381778 0.566707 0.431020 -0.589330
25.542652 0.339551 0.006697 0.035607 0.387452 0.553433 0.450145 -0.583920
25.546475 0.339551 0.006697 0.035719 0.386650 0.544645 0.462880 -0.582757
25.550298 0.339551 0.006697 0.035719 0.385822 0.535580 0.475418 -0.581612
25.554122 0.339440 0.006697 0.035719 0.384969 0.526242 0.487755 -0.580485
25.557945 0.339440 0.006697 0.035719 0.385578 0.525119 0.487147 -0.581608
25.561768 0.339440 0.006697 0.035719 0.378393 0.520823 0.493488 -0.584835
25.565591 0.339440 0.006697 0.035719 0.384795 0.515370 0.499180 -0.580642
25.569414 0.339328 0.006697 0.035719 0.384795 0.515370 0.499180 -0.580642
25.573237 0.339328 0.006697 0.035719 0.391151 0.509855 0.504812 -0.576380
25.577061 0.339328 0.006697 0.035719 0.383992 0.505359 0.510996 -0.579694
25.580884 0.339328 0.006697 0.035719 0.384824 0.503973 0.510164 -0.581080
25.584707 0.339216 0.006697 0.035719 0.391184 0.498338 0.515670 -0.576817
25.588530 0.339216 0.006697 0.035719 0.391184 0.498338 0.515670 -0.576817
25.592353 0.339216 0.006697 0.035719 0.391184 0.498338 0.515670 -0.576817
25.596177 0.339216 0.006697 0.035719 0.397498 0.492643 0.521114 -0.572485
25.600000 0.339216 0.006697 0.035719 0.397498 0.492643 0.521114 -0.572485
25.603823 0.339216 0.006809 0.035719 0.390456 0.487809 0.527045 -0.576030
25.607646 0.339216 0.006809 0.035719 0.396760 0.481989 0.532372 -0.571706
25.611469 0.339216 0.006809 0.035719 0.396760 0.481989 0.532372 -0.571706
25.615292 0.339216 0.006809 0.035719 0.396760 0.481989 0.532372 -0.571706
25.619116 0.339216 0.006809 0.035830 0.403017 0.476112 0.537635 -0.567312
25.622939 0.339216 0.006809 0.035830 0.396006 0.471091 0.543393 -0.570943
25.626762 0.339328 0.006809 0.035830 0.396006 0.471091 0.543393 -0.570943
25.630585 0.339328 0.006809 0.035830 0.402255 0.465093 0.548536 -0.566558
25.634408 0.339328 0.006809 0.035830 0.402255 0.465093 0.548536 -0.566558
25.638231 0.339328 0.006809 0.035830 0.408455 0.459039 0.553612 -0.562105
25.642055 0.339328 0.006809 0.035830 0.401476 0.453838 0.559192 -0.565820
25.645878 0.339328 0.006809 0.035830 0.407668 0.447667 0.564144 -0.561376
25.649701 0.339328 0.006809 0.035830 0.407668 0.447667 0.564144 -0.561376
25.653524 0.339328 0.006809 0.035830 0.408936 0.445962 0.562876 -0.563081
25.657347 0.339328 0.006809 0.035830 0.408936 0.445962 0.562876 -0.563081
25.661171 0.339328 0.006809 0.035830 0.408936 0.445962 0.562876 -0.563081
25.664994 0.339328 0.006809 0.035830 0.410241 0.444285 0.561571 -0.564758
25.668817 0.339328 0.006809 0.035830 0.410241 0.444285 0.561571 -0.564758
25.672640 0.339328 0.006809 0.035830 0.403459 0.438700 0.566821 -0.568751
25.676463 0.339328 0.006921 0.035830 0.405335 0.448765 0.555333 -0.570893
25.680286 0.339328 0.006921 0.035830 0.411583 0.442637 0.560229 -0.566406
25.684110 0.339328 0.006921 0.035830 0.411583 0.442637 0.560229 -0.566406
25.687933 0.339440 0.006921 0.035830 0.406695 0.447132 0.553973 -0.572526
25.691756 0.339440 0.006921 0.035830 0.406695 0.447132 0.553973 -0.572526
25.695579 0.339440 0.006921 0.035830 0.401758 0.451573 0.547650 -0.578578
25.699402 0.339440 0.006921 0.035830 0.401758 0.451573 0.547650 -0.578578
25.703225 0.339440 0.006921 0.035830 0.401758 0.451573 0.547650 -0.578578
25.707049 0.339440 0.006921 0.035830 0.403171 0.449985 0.546237 -0.580165
25.710872 0.339440 0.007032 0.035830 0.403171 0.449985 0.546237 -0.580165
25.714695 0.339440 0.007032 0.035830 0.398203 0.454388 0.539830 -0.586131
25.718518 0.339440 0.007032 0.035830 0.398203 0.454388 0.539830 -0.586131
25.722341 0.339440 0.007032 0.035830 0.399667 0.452848 0.538366 -0.587671
25.726165 0.339551 0.007032 0.035830 0.394668 0.457211 0.531877 -0.593550
25.729988 0.339551 0.007032 0.035830 0.394668 0.457211 0.531877 -0.593550
25.733811 0.339551 0.007032 0.035830 0.396183 0.455720 0.530363 -0.595041
25.737634 0.339551 0.007032 0.035830 0.397729 0.454263 0.528816 -0.596498
25.741457 0.339551 0.007032 0.035830 0.410098 0.454904 0.529301 -0.587131
25.745280 0.339551 0.007032 0.035830 0.405076 0.459382 0.522819 -0.592910
25.749104 0.339551 0.007032 0.035719 0.412148 0.464701 0.516985 -0.588994
25.752927 0.339440 0.007032 0.035719 0.413526 0.463564 0.515607 -0.590131
25.756750 0.339440 0.007032 0.035719 0.431683 0.458865 0.521529 -0.575413
25.760573 0.339440 0.007032 0.035719 0.432974 0.457892 0.520238 -0.576386
25.764396 0.339440 0.007032 0.035719 0.445504 0.458149 0.520063 -0.566709
25.768220 0.339440 0.007032 0.035607 0.451413 0.464313 0.515089 -0.561537
25.772043 0.339440 0.007032 0.035607 0.468160 0.459879 0.521483 -0.545337
25.775866 0.339440 0.006921 0.035607 0.473421 0.466333 0.516938 -0.539612
25.779689 0.339440 0.006921 0.035607 0.480136 0.460165 0.521215 -0.534838
25.783512 0.339440 0.006921 0.035496 0.490631 0.461191 0.522201 -0.523345
25.787335 0.339440 0.006921 0.035496 0.500036 0.462618 0.524045 -0.511200
25.791159 0.339440 0.006921 0.035496 0.506161 0.456581 0.528556 -0.505928
25.794982 0.339440 0.006921 0.035496 0.515399 0.457857 0.530207 -0.493570
25.798805 0.339440 0.006921 0.035496 0.521186 0.451850 0.534810 -0.488032
25.802628 0.339440 0.006921 0.035496 0.524288 0.459144 0.531961 -0.480963
25.806451 0.339440 0.006921 0.035496 0.529782 0.453193 0.536732 -0.475253
25.810274 0.339440 0.006921 0.035607 0.534971 0.447269 0.541678 -0.469405
25.814098 0.339440 0.006921 0.035607 0.535215 0.447198 0.541434 -0.469476
25.817921 0.339440 0.006921 0.035607 0.535461 0.447133 0.541189 -0.469541
25.821744 0.339440 0.006921 0.035607 0.538616 0.433506 0.547778 -0.471067
25.825567 0.339440 0.006921 0.035607 0.539030 0.433410 0.547365 -0.471163
25.829390 0.339440 0.006921 0.035719 0.544173 0.427371 0.552093 -0.465213
25.833214 0.339440 0.006921 0.035719 0.547545 0.413504 0.558062 -0.466664
25.837037 0.339440 0.006921 0.035719 0.548130 0.413395 0.557477 -0.466773
25.840860 0.339440 0.006809 0.035719 0.548130 0.413395 0.557477 -0.466773
25.844683 0.339440 0.006809 0.035719 0.548130 0.413395 0.557477 -0.466773
25.848506 0.339440 0.006809 0.035719 0.553225 0.407245 0.561985 -0.460723
25.852329 0.339440 0.006809 0.035719 0.553225 0.407245 0.561985 -0.460723
25.856153 0.339440 0.006809 0.035719 0.548718 0.413299 0.556889 -0.466870
25.859976 0.339440 0.006809 0.035719 0.553814 0.407156 0.561396 -0.460813
25.863799 0.339440 0.006809 0.035607 0.555101 0.415000 0.560511 -0.453282
25.867622 0.339440 0.006809 0.035607 0.555101 0.415000 0.560511 -0.453282
25.871445 0.339440 0.006809 0.035607 0.555101 0.415000 0.560511 -0.453282
25.875269 0.339440 0.006809 0.035607 0.561185 0.416622 0.564169 -0.439557
25.879092 0.339440 0.006809 0.035607 0.556574 0.422762 0.559306 -0.445729
25.882915 0.339440 0.006809 0.035607 0.556574 0.422762 0.559306 -0.445729
25.886738 0.339440 0.006809 0.035607 0.562337 0.424366 0.563151 -0.431915
25.890561 0.339440 0.006809 0.035496 0.562337 0.424366 0.563151 -0.431915
25.894384 0.339440 0.006809 0.035496 0.562420 0.424358 0.563068 -0.431923
25.898208 0.339440 0.006809 0.035496 0.563083 0.432098 0.562405 -0.424182
25.902031 0.339328 0.006809 0.035496 0.562996 0.432104 0.562492 -0.424176
25.905854 0.339328 0.006809 0.035496 0.567622 0.425898 0.567205 -0.417965
25.909677 0.339328 0.006809 0.035496 0.563162 0.439818 0.562188 -0.416358
25.913500 0.339328 0.006809 0.035496 0.562904 0.439826 0.562446 -0.416350
25.917323 0.339328 0.006697 0.035496 0.567444 0.433620 0.567244 -0.410141
25.921147 0.339328 0.006697 0.035607 0.567186 0.433619 0.567502 -0.410141
25.924970 0.339328 0.006697 0.035607 0.570901 0.435007 0.572710 -0.396035
25.928793 0.339216 0.006697 0.035607 0.570473 0.434982 0.573138 -0.396060
25.932616 0.339216 0.006697 0.035607 0.564242 0.448756 0.569758 -0.394493
25.936439 0.339216 0.006697 0.035607 0.562417 0.456186 0.571033 -0.386654
25.940263 0.339105 0.006697 0.035607 0.556610 0.462226 0.567513 -0.393016
25.944086 0.339105 0.006697 0.035607 0.553212 0.469296 0.570230 -0.385428
25.947909 0.339105 0.006697 0.035607 0.544911 0.482365 0.568265 -0.384020
25.951732 0.338993 0.006697 0.035607 0.540171 0.488888 0.572061 -0.376763
25.955555 0.338993 0.006697 0.035496 0.527689 0.508243 0.572696 -0.367768
25.959378 0.338882 0.006697 0.035496 0.517283 0.520214 0.572088 -0.366755
25.963202 0.338882 0.006809 0.035496 0.510302 0.525486 0.577616 -0.360300
25.967025 0.338770 0.006809 0.035496 0.492849 0.542106 0.573788 -0.366043
25.970848 0.338770 0.006809 0.035384 0.480246 0.552420 0.582892 -0.352751
25.974671 0.338658 0.006697 0.035384 0.471139 0.555897 0.590057 -0.347620
25.978494 0.338547 0.006697 0.035384 0.457710 0.565304 0.591445 -0.348032
25.982317 0.338547 0.006697 0.035384 0.453002 0.562261 0.596153 -0.351074
25.986141 0.338435 0.006697 0.035384 0.438945 0.570795 0.597956 -0.352092
25.989964 0.338435 0.006697 0.035384 0.430284 0.573783 0.596415 -0.360439
25.993787 0.338435 0.006697 0.035384 0.431915 0.565320 0.604986 -0.357567
25.997610 0.338324 0.006697 0.035384 0.423438 0.568080 0.603262 -0.366143
26.001433 0.338324 0.006697 0.035496 0.414997 0.570674 0.601377 -0.374772
26.005257 0.338324 0.006697 0.035496 0.412868 0.568603 0.603507 -0.376843
26.009080 0.338324 0.006809 0.035607 0.417340 0.562175 0.601148 -0.385237
26.012903 0.338324 0.006809 0.035607 0.409240 0.564664 0.598778 -0.393880
26.016726 0.338324 0.006809 0.035607 0.403012 0.569126 0.594415 -0.400434
26.020549 0.338324 0.006809 0.035607 0.396735 0.573519 0.589980 -0.406940
26.024372 0.338324 0.006921 0.035719 0.390883 0.578211 0.575938 -0.425649
26.028196 0.338324 0.006921 0.035719 0.389229 0.576160 0.577592 -0.427700
26.032019 0.338324 0.006921 0.035719 0.382876 0.580402 0.572858 -0.434020
26.035842 0.338324 0.007032 0.035719 0.376477 0.584573 0.568055 -0.440287
26.039665 0.338435 0.007032 0.035719 0.370032 0.588674 0.563184 -0.446502
26.043488 0.338435 0.007032 0.035719 0.356434 0.596150 0.563555 -0.447176
26.047312 0.338435 0.007144 0.035719 0.349863 0.600029 0.558608 -0.453340
26.051135 0.338435 0.007144 0.035719 0.349863 0.600029 0.558608 -0.453340
26.054958 0.338547 0.007144 0.035719 0.354822 0.593856 0.565166 -0.449469
26.058781 0.338547 0.007144 0.035719 0.340994 0.600876 0.565592 -0.450308
26.062604 0.338547 0.007144 0.035719 0.340994 0.600876 0.565592 -0.450308
26.066427 0.338547 0.007144 0.035719 0.345920 0.594626 0.572159 -0.446534
26.070251 0.338658 0.007144 0.035719 0.338537 0.597652 0.577522 -0.441217
26.074074 0.338658 0.007144 0.035719 0.345083 0.593897 0.582334 -0.434846
26.077897 0.338658 0.007032 0.035719 0.349839 0.587463 0.588824 -0.431029
26.081720 0.338658 0.007032 0.035719 0.349839 0.587463 0.588824 -0.431029
26.085543 0.338658 0.007032 0.035719 0.354553 0.580959 0.595242 -0.427159
26.089366 0.338770 0.007032 0.035719 0.360914 0.577029 0.599899 -0.420594
26.093190 0.338770 0.007032 0.035719 0.360914 0.577029 0.599899 -0.420594
26.097013 0.338770 0.007032 0.035719 0.365513 0.570404 0.606202 -0.416604
26.100836 0.338770 0.007032 0.035719 0.365513 0.570404 0.606202 -0.416604
26.104659 0.338770 0.007032 0.035719 0.370068 0.563709 0.612432 -0.412563
26.108482 0.338770 0.007032 0.035719 0.370068 0.563709 0.612432 -0.412563
26.112306 0.338770 0.007032 0.035719 0.380674 0.552798 0.623038 -0.401652
26.116129 0.338882 0.007032 0.035719 0.380674 0.552798 0.623038 -0.401652
26.119952 0.338882 0.007032 0.035719 0.379043 0.550118 0.624670 -0.404333
26.123775 0.338882 0.007032 0.035719 0.379043 0.550118 0.624670 -0.404333
26.127598 0.338882 0.007032 0.035719 0.383462 0.543222 0.630676 -0.400144
26.131421 0.338882 0.007032 0.035719 0.387835 0.536260 0.636605 -0.395907
26.135245 0.338993 0.007032 0.035719 0.387835 0.536260 0.636605 -0.395907
26.139068 0.338993 0.007032 0.035719 0.386323 0.533510 0.638117 -0.398657
26.142891 0.338993 0.007032 0.035719 0.390680 0.526468 0.643940 -0.394389
26.146714 0.338993 0.007032 0.035719 0.402933 0.516917 0.644045 -0.394523
26.150537 0.338993 0.007032 0.035719 0.401617 0.514253 0.645360 -0.397187
26.154360 0.339105 0.007032 0.035719 0.405957 0.507132 0.650971 -0.392750
26.158184 0.339105 0.007032 0.035719 0.410247 0.499950 0.656503 -0.388267
26.162007 0.339105 0.007032 0.035719 0.422593 0.490543 0.656089 -0.387724
26.165830 0.339105 0.007032 0.035719 0.426827 0.483305 0.661439 -0.383058
26.169653 0.339105 0.007032 0.035719 0.439148 0.473916 0.660716 -0.382108
26.173476 0.339105 0.006921 0.035830 0.451446 0.464546 0.659786 -0.380889
26.177300 0.339105 0.006921 0.035830 0.455603 0.457269 0.664850 -0.375906
26.181123 0.339105 0.006921 0.035830 0.468687 0.450076 0.662779 -0.372140
26.184946 0.339105 0.006809 0.035830 0.480816 0.440622 0.661420 -0.370396
26.188769 0.339105 0.006809 0.035830 0.485627 0.435313 0.665449 -0.363107
26.192592 0.338993 0.006809 0.035830 0.497611 0.425758 0.663860 -0.361114
26.196415 0.338993 0.006809 0.035830 0.510196 0.417910 0.661413 -0.357190
26.200239 0.338993 0.006697 0.035830 0.518570 0.404945 0.669786 -0.344226
26.204062 0.338993 0.006697 0.035830 0.518570 0.404945 0.669786 -0.344226
26.207885 0.338993 0.006697 0.035830 0.530847 0.396715 0.667120 -0.340249
26.211708 0.338993 0.006697 0.035830 0.534553 0.389362 0.671438 -0.334397
26.215531 0.338993 0.006697 0.035830 0.538798 0.383466 0.675072 -0.327000
26.219355 0.338993 0.006697 0.035830 0.542358 0.376026 0.679244 -0.321061
26.223178 0.338993 0.006697 0.035830 0.546457 0.370045 0.682730 -0.313579
26.227001 0.338993 0.006697 0.035830 0.549869 0.362522 0.686754 -0.307557
26.230824 0.339105 0.006697 0.035830 0.557080 0.348856 0.693966 -0.293891
26.234647 0.339105 0.006697 0.035719 0.571854 0.332491 0.694393 -0.283287
26.238470 0.339105 0.006697 0.035719 0.575473 0.326188 0.697463 -0.275641
26.242294 0.339105 0.006697 0.035719 0.578466 0.318506 0.701004 -0.269302
26.246117 0.339105 0.006697 0.035719 0.584769 0.304380 0.707307 -0.255176
26.249940 0.339216 0.006697 0.035607 0.593371 0.282264 0.716442 -0.234409
26.253763 0.339216 0.006697 0.035607 0.609619 0.258563 0.717795 -0.215126
26.257586 0.339328 0.006697 0.035607 0.614663 0.243924 0.722839 -0.200487
26.261409 0.339328 0.006697 0.035607 0.627142 0.226467 0.720943 -0.188802
26.265233 0.339328 0.006697 0.035607 0.641484 0.201824 0.720543 -0.169066
26.269056 0.339440 0.006697 0.035607 0.643663 0.194765 0.722357 -0.161139
26.272879 0.339440 0.006697 0.035607 0.654956 0.176766 0.719385 -0.149237
26.276702 0.339551 0.006697 0.035607 0.665843 0.158651 0.715998 -0.137221
26.280525 0.339551 0.006697 0.035607 0.674903 0.148249 0.710608 -0.132526
26.284349 0.339551 0.006697 0.035607 0.683733 0.137650 0.705117 -0.127952
26.288172 0.339663 0.006697 0.035607 0.693643 0.119166 0.700878 -0.115885
26.291995 0.339663 0.006697 0.035719 0.700719 0.115958 0.693804 -0.119094
26.295818 0.339663 0.006697 0.035719 0.701950 0.108253 0.695070 -0.111465
26.299641 0.339663 0.006809 0.035719 0.708906 0.104954 0.687948 -0.114737
26.303464 0.339663 0.006809 0.035719 0.708906 0.104954 0.687948 -0.114737
26.307288 0.339775 0.006809 0.035719 0.714436 0.109115 0.679585 -0.125853
26.311111 0.339775 0.006809 0.035719 0.721183 0.105711 0.672335 -0.129172
26.314934 0.339775 0.006809 0.035719 0.721183 0.105711 0.672335 -0.129172
26.318757 0.339775 0.006809 0.035719 0.727844 0.102294 0.665003 -0.132475
26.322580 0.339775 0.006809 0.035719 0.728924 0.094292 0.666419 -0.125162
26.326404 0.339775 0.006809 0.035719 0.728924 0.094292 0.666419 -0.125162
26.330227 0.339775 0.006809 0.035719 0.735458 0.090791 0.659043 -0.128530
26.334050 0.339886 0.006921 0.035719 0.734002 0.098026 0.658006 -0.136602
26.337873 0.339886 0.006921 0.035719 0.734002 0.098026 0.658006 -0.136602
26.341696 0.339886 0.006921 0.035607 0.741403 0.086292 0.652090 -0.132870
26.345519 0.339886 0.006809 0.035607 0.739898 0.093451 0.651102 -0.141008
26.349343 0.339886 0.006809 0.035607 0.740880 0.085317 0.652612 -0.133846
26.353166 0.339886 0.006809 0.035607 0.740880 0.085317 0.652612 -0.133846
26.356989 0.339886 0.006809 0.035607 0.746452 0.080380 0.645863 -0.138597
26.360812 0.339775 0.006809 0.035607 0.746452 0.080380 0.645863 -0.138597
26.364635 0.339775 0.006809 0.035607 0.745800 0.079282 0.646515 -0.139695
26.368458 0.339775 0.006697 0.035607 0.745800 0.079282 0.646515 -0.139695
26.372282 0.339775 0.006697 0.035607 0.750973 0.073926 0.639997 -0.144840
26.376105 0.339775 0.006697 0.035607 0.750973 0.073926 0.639997 -0.144840
26.379928 0.339775 0.006697 0.035607 0.751740 0.065671 0.641550 -0.137800
26.383751 0.339775 0.006697 0.035607 0.750180 0.072716 0.640790 -0.146050
26.387574 0.339775 0.006586 0.035607 0.750180 0.072716 0.640790 -0.146050
26.391398 0.339775 0.006586 0.035607 0.748531 0.079751 0.639952 -0.154283
26.395221 0.339775 0.006586 0.035607 0.748531 0.079751 0.639952 -0.154283
26.399044 0.339775 0.006586 0.035607 0.749362 0.071523 0.641608 -0.147243
26.402867 0.339775 0.006586 0.035607 0.753219 0.073926 0.633753 -0.159853
26.406690 0.339775 0.006586 0.035607 0.753219 0.073926 0.633753 -0.159853
26.410513 0.339775 0.006586 0.035607 0.753219 0.073926 0.633753 -0.159853
26.414337 0.339775 0.006586 0.035607 0.751418 0.080884 0.632902 -0.168119
26.418160 0.339775 0.006586 0.035607 0.751418 0.080884 0.632902 -0.168119
26.421983 0.339775 0.006586 0.035607 0.751418 0.080884 0.632902 -0.168119
26.425806 0.339775 0.006586 0.035719 0.751418 0.080884 0.632902 -0.168119
26.429629 0.339775 0.006586 0.035719 0.756799 0.076156 0.625846 -0.172545
26.433452 0.339775 0.006586 0.035719 0.755917 0.084466 0.623913 -0.179411
26.437276 0.339775 0.006586 0.035719 0.753900 0.091315 0.622947 -0.187704
26.441099 0.339775 0.006586 0.035719 0.753900 0.091315 0.622947 -0.187704
26.444922 0.339775 0.006586 0.035719 0.753900 0.091315 0.622947 -0.187704
26.448745 0.339775 0.006586 0.035719 0.760099 0.078212 0.617893 -0.185313
26.452568 0.339775 0.006586 0.035719 0.760099 0.078212 0.617893 -0.185313
26.456392 0.339775 0.006586 0.035719 0.760099 0.078212 0.617893 -0.185313
26.460215 0.339775 0.006586 0.035719 0.760099 0.078212 0.617893 -0.185313
26.464038 0.339775 0.006586 0.035719 0.760099 0.078212 0.617893 -0.185313
26.467861 0.339775 0.006586 0.035719 0.760099 0.078212 0.617893 -0.185313
26.471684 0.339775 0.006586 0.035719 0.758017 0.084995 0.616996 -0.193652
26.475507 0.339775 0.006586 0.035719 0.763118 0.080092 0.609896 -0.198150
26.479331 0.339775 0.006586 0.035719 0.763118 0.080092 0.609896 -0.198150
26.483154 0.339886 0.006586 0.035719 0.763118 0.080092 0.609896 -0.198150
26.486977 0.339886 0.006586 0.035719 0.763118 0.080092 0.609896 -0.198150
26.490800 0.339886 0.006586 0.035719 0.762192 0.088471 0.607682 -0.204838
26.494623 0.339886 0.006586 0.035719 0.762192 0.088471 0.607682 -0.204838
26.498447 0.339886 0.006586 0.035719 0.762192 0.088471 0.607682 -0.204838
26.502270 0.339886 0.006586 0.035719 0.762192 0.088471 0.607682 -0.204838
26.506093 0.339886 0.006586 0.035719 0.754790 0.100067 0.613769 -0.208724
26.509916 0.339886 0.006697 0.035719 0.754790 0.100067 0.613769 -0.208724
26.513739 0.339886 0.006697 0.035719 0.754790 0.100067 0.613769 -0.208724
26.517562 0.339886 0.006697 0.035719 0.754790 0.100067 0.613769 -0.208724
26.521386 0.339886 0.006697 0.035719 0.754790 0.100067 0.613769 -0.208724
26.525209 0.339886 0.006697 0.035719 0.754790 0.100067 0.613769 -0.208724
26.529032 0.339998 0.006697 0.035719 0.754790 0.100067 0.613769 -0.208724
26.532855 0.339998 0.006697 0.035719 0.752452 0.106804 0.612633 -0.217003
26.536678 0.339998 0.006697 0.035719 0.752452 0.106804 0.612633 -0.217003
26.540501 0.339998 0.006697 0.035719 0.752452 0.106804 0.612633 -0.217003
26.544325 0.339998 0.006697 0.035719 0.752452 0.106804 0.612633 -0.217003
26.548148 0.339998 0.006586 0.035719 0.752452 0.106804 0.612633 -0.217003
26.551971 0.339998 0.006586 0.035719 0.752452 0.106804 0.612633 -0.217003
26.555794 0.339998 0.006586 0.035719 0.752452 0.106804 0.612633 -0.217003
26.559617 0.339998 0.006586 0.035719 0.752452 0.106804 0.612633 -0.217003
26.563441 0.339998 0.006586 0.035719 0.755028 0.108448 0.604437 -0.229844
26.567264 0.339998 0.006586 0.035719 0.755028 0.108448 0.604437 -0.229844
26.571087 0.339998 0.006586 0.035719 0.755028 0.108448 0.604437 -0.229844
26.574910 0.339998 0.006586 0.035719 0.756174 0.100147 0.606925 -0.223189
26.578733 0.339998 0.006586 0.035719 0.756174 0.100147 0.606925 -0.223189
26.582556 0.339998 0.006586 0.035719 0.761032 0.095000 0.599917 -0.227826
26.586380 0.339998 0.006586 0.035830 0.761032 0.095000 0.599917 -0.227826
26.590203 0.339998 0.006586 0.035830 0.761032 0.095000 0.599917 -0.227826
26.594026 0.339998 0.006586 0.035830 0.761032 0.095000 0.599917 -0.227826
26.597849 0.339998 0.006586 0.035830 0.763199 0.096350 0.591814 -0.240834
26.601672 0.339998 0.006586 0.035830 0.763199 0.096350 0.591814 -0.240834
26.605495 0.339998 0.006586 0.035830 0.763199 0.096350 0.591814 -0.240834
26.609319 0.339998 0.006586 0.035830 0.763199 0.096350 0.591814 -0.240834
26.613142 0.339998 0.006586 0.035830 0.763199 0.096350 0.591814 -0.240834
26.616965 0.339998 0.006586 0.035830 0.767822 0.091103 0.584719 -0.245466
26.620788 0.339998 0.006586 0.035830 0.767822 0.091103 0.584719 -0.245466
26.624611 0.339998 0.006586 0.035830 0.767822 0.091103 0.584719 -0.245466
26.628435 0.339998 0.006586 0.035830 0.767822 0.091103 0.584719 -0.245466
26.632258 0.339998 0.006586 0.035830 0.767822 0.091103 0.584719 -0.245466
26.636081 0.339998 0.006474 0.035830 0.767822 0.091103 0.584719 -0.245466
26.639904 0.339998 0.006474 0.035830 0.767822 0.091103 0.584719 -0.245466
26.643727 0.339998 0.006474 0.035719 0.768776 0.082662 0.587380 -0.239027
26.647550 0.339998 0.006474 0.035719 0.768776 0.082662 0.587380 -0.239027
26.651374 0.339998 0.006474 0.035719 0.768776 0.082662 0.587380 -0.239027
26.655197 0.339998 0.006474 0.035719 0.766104 0.089110 0.586437 -0.247459
26.659020 0.339998 0.006474 0.035719 0.766104 0.089110 0.586437 -0.247459
26.662843 0.339998 0.006474 0.035719 0.766104 0.089110 0.586437 -0.247459
26.666666 0.339998 0.006474 0.035719 0.766104 0.089110 0.586437 -0.247459
26.670490 0.339998 0.006474 0.035719 0.766104 0.089110 0.586437 -0.247459
26.674313 0.339998 0.006474 0.035719 0.767037 0.080688 0.589120 -0.241001
26.678136 0.339998 0.006474 0.035719 0.766104 0.089110 0.586437 -0.247459
26.681959 0.339998 0.006474 0.035719 0.766104 0.089110 0.586437 -0.247459
26.685782 0.339998 0.006474 0.035719 0.766104 0.089110 0.586437 -0.247459
26.689605 0.339998 0.006474 0.035719 0.766104 0.089110 0.586437 -0.247459
26.693429 0.339998 0.006474 0.035719 0.766104 0.089110 0.586437 -0.247459
26.697252 0.339998 0.006474 0.035719 0.763339 0.095547 0.585422 -0.255860
26.701075 0.339998 0.006474 0.035719 0.767708 0.090085 0.578426 -0.260638
26.704898 0.339998 0.006474 0.035719 0.767708 0.090085 0.578426 -0.260638
26.708721 0.340109 0.006474 0.035719 0.767708 0.090085 0.578426 -0.260638
26.712544 0.340109 0.006474 0.035719 0.766672 0.098514 0.575528 -0.266977
26.716368 0.340109 0.006474 0.035719 0.766672 0.098514 0.575528 -0.266977
26.720191 0.340109 0.006474 0.035719 0.766672 0.098514 0.575528 -0.266977
26.724014 0.340109 0.006474 0.035719 0.771008 0.093088 0.568410 -0.271646
26.727837 0.340109 0.006474 0.035719 0.771008 0.093088 0.568410 -0.271646
26.731660 0.340109 0.006474 0.035719 0.771008 0.093088 0.568410 -0.271646
26.735484 0.339998 0.006474 0.035719 0.771008 0.093088 0.568410 -0.271646
26.739307 0.339998 0.006474 0.035719 0.778239 0.081479 0.562153 -0.267748
26.743130 0.339998 0.006474 0.035719 0.778239 0.081479 0.562153 -0.267748
26.746953 0.339998 0.006474 0.035719 0.782439 0.076112 0.554840 -0.272304
26.750776 0.339998 0.006474 0.035719 0.783228 0.067511 0.557798 -0.266192
26.754599 0.339998 0.006362 0.035830 0.787274 0.062089 0.550467 -0.270797
26.758423 0.339998 0.006362 0.035830 0.787274 0.062089 0.550467 -0.270797
26.762246 0.339998 0.006362 0.035830 0.791224 0.056660 0.543071 -0.275369
26.766069 0.339998 0.006362 0.035830 0.791224 0.056660 0.543071 -0.275369
26.769892 0.339998 0.006362 0.035830 0.795080 0.051224 0.535608 -0.279907
26.773715 0.339998 0.006362 0.035830 0.795080 0.051224 0.535608 -0.279907
26.777539 0.339998 0.006362 0.035830 0.798839 0.045782 0.528082 -0.284412
26.781362 0.339998 0.006362 0.035942 0.795666 0.051580 0.527547 -0.293171
26.785185 0.339998 0.006362 0.035942 0.799280 0.046050 0.520016 -0.297681
26.789008 0.339998 0.006362 0.035942 0.799280 0.046050 0.520016 -0.297681
26.792831 0.339998 0.006362 0.035942 0.799280 0.046050 0.520016 -0.297681
26.796654 0.339998 0.006362 0.035942 0.799280 0.046050 0.520016 -0.297681
26.800478 0.339998 0.006362 0.035942 0.799280 0.046050 0.520016 -0.297681
26.804301 0.339998 0.006362 0.035942 0.802303 0.049330 0.509073 -0.307767
26.808124 0.340109 0.006474 0.035942 0.798874 0.054920 0.508500 -0.316563
26.811947 0.340109 0.006474 0.035942 0.798874 0.054920 0.508500 -0.316563
26.815770 0.340109 0.006474 0.035942 0.798874 0.054920 0.508500 -0.316563
26.819593 0.340109 0.006474 0.035942 0.798222 0.063693 0.504992 -0.322130
26.823417 0.340109 0.006474 0.035942 0.794632 0.069235 0.512621 -0.317784
26.827240 0.340109 0.006474 0.035942 0.791093 0.074863 0.511829 -0.326494
26.831063 0.340109 0.006474 0.035942 0.791093 0.074863 0.511829 -0.326494
26.834886 0.340109 0.006474 0.035942 0.791093 0.074863 0.511829 -0.326494
26.838709 0.340109 0.006474 0.035942 0.787458 0.080481 0.510976 -0.335166
26.842533 0.340109 0.006474 0.035942 0.786526 0.089128 0.507263 -0.340759
26.846356 0.340109 0.006474 0.035942 0.782735 0.094695 0.506253 -0.349379
26.850179 0.340221 0.006586 0.035942 0.782735 0.094695 0.506253 -0.349379
26.854002 0.340221 0.006586 0.035942 0.778850 0.100251 0.505182 -0.357958
26.857825 0.340221 0.006586 0.035942 0.775295 0.106073 0.512549 -0.353496
26.861648 0.340221 0.006586 0.035942 0.771365 0.111698 0.511352 -0.361992
26.865472 0.340221 0.006586 0.035942 0.771365 0.111698 0.511352 -0.361992
26.869295 0.340221 0.006586 0.035942 0.767342 0.117309 0.510094 -0.370444
26.873118 0.340221 0.006586 0.035942 0.767342 0.117309 0.510094 -0.370444
26.876941 0.340333 0.006586 0.035942 0.763226 0.122905 0.508775 -0.378852
26.880764 0.340333 0.006586 0.035942 0.763226 0.122905 0.508775 -0.378852
26.884587 0.340333 0.006586 0.035942 0.759017 0.128487 0.507394 -0.387214
26.888411 0.340333 0.006586 0.035942 0.755571 0.134612 0.514436 -0.382554
26.892234 0.340444 0.006586 0.035942 0.751323 0.140256 0.512926 -0.390832
26.896057 0.340444 0.006586 0.035942 0.751323 0.140256 0.512926 -0.390832
26.899880 0.340444 0.006586 0.035942 0.746984 0.145882 0.511354 -0.399062
26.903703 0.340556 0.006586 0.035942 0.746984 0.145882 0.511354 -0.399062
26.907527 0.340556 0.006586 0.035942 0.739174 0.157826 0.516496 -0.402424
26.911350 0.340556 0.006586 0.035942 0.740863 0.149696 0.520886 -0.396726
26.915173 0.340668 0.006586 0.035942 0.736460 0.155409 0.519210 -0.404841
26.918996 0.340668 0.006586 0.035942 0.731968 0.161104 0.517471 -0.412907
26.922819 0.340668 0.006586 0.035942 0.729176 0.158778 0.520263 -0.415233
26.926642 0.340779 0.006586 0.035942 0.729176 0.158778 0.520263 -0.415233
26.930466 0.340779 0.006586 0.035942 0.726333 0.156514 0.523106 -0.417497
26.934289 0.340779 0.006586 0.035942 0.721703 0.162252 0.521355 -0.425452
26.938112 0.340779 0.006586 0.035942 0.718787 0.160082 0.524270 -0.427621
26.941935 0.340891 0.006586 0.035942 0.716743 0.158870 0.516440 -0.440828
26.945758 0.340891 0.006586 0.035942 0.708711 0.162403 0.517809 -0.450808
26.949582 0.340891 0.006586 0.035942 0.703716 0.168081 0.515993 -0.458566
26.953405 0.340891 0.006586 0.035942 0.698202 0.173327 0.524814 -0.455019
26.957228 0.340891 0.006586 0.035942 0.695086 0.171456 0.527930 -0.456890
26.961051 0.341002 0.006586 0.035942 0.695086 0.171456 0.527930 -0.456890
26.964874 0.341002 0.006474 0.035942 0.690025 0.177246 0.526014 -0.464499
26.968697 0.341002 0.006474 0.035942 0.691930 0.169655 0.531085 -0.458692
26.972521 0.341002 0.006474 0.035942 0.691930 0.169655 0.531085 -0.458692
26.976344 0.341114 0.006474 0.035942 0.691736 0.169485 0.541285 -0.446975
26.980167 0.341114 0.006474 0.035830 0.691736 0.169485 0.541285 -0.446975
26.983990 0.341114 0.006474 0.035942 0.691538 0.169320 0.551225 -0.435037
26.987813 0.341226 0.006474 0.035942 0.691538 0.169320 0.551225 -0.435037
26.991636 0.341226 0.006474 0.035942 0.698027 0.155595 0.557714 -0.421312
26.995460 0.341226 0.006474 0.035942 0.699694 0.147917 0.562309 -0.415159
26.999283 0.341337 0.006362 0.035942 0.699353 0.147657 0.571713 -0.402799
27.003106 0.341337 0.006362 0.035942 0.705246 0.133628 0.577607 -0.388769
27.006929 0.341449 0.006362 0.035942 0.706672 0.125872 0.581843 -0.382400
27.010752 0.341561 0.006362 0.035942 0.705517 0.117036 0.580005 -0.390055
27.014576 0.341672 0.006362 0.035942 0.706760 0.109278 0.584255 -0.383660
27.018399 0.341784 0.006362 0.035942 0.710334 0.086165 0.588011 -0.377151
27.022222 0.341895 0.006362 0.036054 0.712056 0.070538 0.596156 -0.364141
27.026045 0.342007 0.006474 0.036054 0.710388 0.053845 0.599139 -0.365353
27.029868 0.342230 0.006474 0.036054 0.708453 0.029425 0.598337 -0.373123
27.033691 0.342454 0.006586 0.036054 0.704664 0.028257 0.602126 -0.374292
27.037515 0.342677 0.006586 0.036165 0.692510 0.009430 0.606387 -0.390687
27.041338 0.343012 0.006697 0.036165 0.687667 -0.006974 0.611351 -0.391555
27.045161 0.343235 0.006809 0.036165 0.676593 -0.024447 0.613563 -0.406405
27.048984 0.343458 0.006809 0.036277 0.669538 -0.047822 0.624005 -0.400063
27.052807 0.343793 0.006921 0.036277 0.657013 -0.063827 0.635457 -0.400568
27.056630 0.344016 0.007032 0.036277 0.648747 -0.079114 0.642310 -0.400383
27.060454 0.344239 0.007144 0.036277 0.640821 -0.087066 0.645045 -0.407043
27.064277 0.344463 0.007255 0.036165 0.634400 -0.093935 0.654904 -0.399767
27.068100 0.344574 0.007255 0.036054 0.628979 -0.093650 0.660325 -0.399482
27.071923 0.344686 0.007367 0.036054 0.625814 -0.092243 0.671989 -0.385069
27.075746 0.344798 0.007367 0.035942 0.623637 -0.105970 0.680287 -0.370212
27.079570 0.344909 0.007255 0.035942 0.625022 -0.127201 0.686901 -0.348330
27.083393 0.344909 0.007255 0.035942 0.630805 -0.134003 0.690794 -0.327005
27.087216 0.344909 0.007255 0.035830 0.629295 -0.140925 0.694345 -0.319396
27.091039 0.344909 0.007255 0.035830 0.629295 -0.140925 0.694345 -0.319396
27.094862 0.344909 0.007255 0.035719 0.634622 -0.147928 0.697615 -0.297836
27.098685 0.344909 0.007255 0.035719 0.632958 -0.154891 0.700844 -0.290154
27.102509 0.344909 0.007144 0.035607 0.633100 -0.161301 0.708203 -0.267611
27.106332 0.344909 0.007144 0.035607 0.631290 -0.168247 0.711100 -0.259815
27.110155 0.344909 0.007032 0.035719 0.632133 -0.183004 0.711944 -0.245057
27.113978 0.344909 0.007032 0.035719 0.626222 -0.197261 0.713594 -0.244373
27.117801 0.344909 0.007032 0.035719 0.626222 -0.197261 0.713594 -0.244373
27.121625 0.344909 0.007032 0.035719 0.624017 -0.204129 0.716236 -0.236518
27.125448 0.344909 0.006921 0.035607 0.621737 -0.210972 0.718791 -0.228635
27.129271 0.344909 0.006921 0.035607 0.621737 -0.210972 0.718791 -0.228635
27.133094 0.344909 0.006921 0.035719 0.619381 -0.217790 0.721259 -0.220725
27.136917 0.344909 0.006921 0.035719 0.616951 -0.224581 0.723641 -0.212788
27.140740 0.344909 0.006921 0.035719 0.616951 -0.224581 0.723641 -0.212788
27.144564 0.344909 0.006921 0.035719 0.614447 -0.231346 0.725935 -0.204825
27.148387 0.344909 0.006809 0.035719 0.610114 -0.238418 0.725242 -0.211996
27.152210 0.344909 0.006809 0.035719 0.607458 -0.245106 0.727527 -0.204016
27.156033 0.344909 0.006809 0.035719 0.607458 -0.245106 0.727527 -0.204016
27.159856 0.344909 0.006809 0.035719 0.604728 -0.251765 0.729725 -0.196011
27.163679 0.345021 0.006809 0.035719 0.604728 -0.251765 0.729725 -0.196011
27.167503 0.345021 0.006809 0.035719 0.597289 -0.265287 0.731290 -0.195150
27.171326 0.345021 0.006809 0.035719 0.597289 -0.265287 0.731290 -0.195150
27.175149 0.345021 0.006809 0.035719 0.597289 -0.265287 0.731290 -0.195150
27.178972 0.345021 0.006809 0.035719 0.589555 -0.278643 0.732836 -0.194255
27.182795 0.344909 0.006809 0.035719 0.587385 -0.270575 0.735853 -0.200720
27.186619 0.344909 0.006809 0.035719 0.582452 -0.277358 0.735285 -0.207793
27.190442 0.344909 0.006809 0.035719 0.582452 -0.277358 0.735285 -0.207793
27.194265 0.344909 0.006809 0.035719 0.582452 -0.277358 0.735285 -0.207793
27.198088 0.344909 0.006809 0.035719 0.582452 -0.277358 0.735285 -0.207793
27.201911 0.344909 0.006809 0.035719 0.577449 -0.284108 0.734628 -0.214841
27.205734 0.344909 0.006809 0.035719 0.577449 -0.284108 0.734628 -0.214841
27.209558 0.344909 0.006809 0.035719 0.574293 -0.290435 0.736944 -0.206758
27.213381 0.344909 0.006809 0.035719 0.574293 -0.290435 0.736944 -0.206758
27.217204 0.344909 0.006809 0.035719 0.574293 -0.290435 0.736944 -0.206758
27.221027 0.344798 0.006809 0.035719 0.574293 -0.290435 0.736944 -0.206758
27.224850 0.344798 0.006809 0.035719 0.574293 -0.290435 0.736944 -0.206758
27.228674 0.344798 0.006921 0.035719 0.574293 -0.290435 0.736944 -0.206758
27.232497 0.344798 0.006921 0.035719 0.577449 -0.284108 0.734628 -0.214841
27.236320 0.344798 0.006921 0.035719 0.577449 -0.284108 0.734628 -0.214841
27.240143 0.344798 0.006921 0.035719 0.577449 -0.284108 0.734628 -0.214841
27.243966 0.344798 0.006921 0.035719 0.582452 -0.277358 0.735285 -0.207793
27.247789 0.344798 0.006921 0.035719 0.584700 -0.285419 0.732193 -0.201382
27.251613 0.344798 0.006921 0.035719 0.589555 -0.278643 0.732836 -0.194255
27.255436 0.344798 0.006921 0.035719 0.589555 -0.278643 0.732836 -0.194255
27.259259 0.344686 0.006921 0.035719 0.594339 -0.271833 0.733390 -0.187104
27.263082 0.344686 0.006921 0.035719 0.597289 -0.265287 0.731290 -0.195150
27.266905 0.344686 0.006921 0.035607 0.601926 -0.258393 0.731834 -0.187982
27.270728 0.344686 0.006921 0.035607 0.608439 -0.259498 0.729483 -0.174118
27.274552 0.344686 0.006921 0.035607 0.619848 -0.238769 0.728486 -0.167589
27.278375 0.344574 0.006921 0.035607 0.632304 -0.225689 0.724933 -0.154039
27.282198 0.344463 0.006921 0.035607 0.645903 -0.197066 0.724171 -0.139824
27.286021 0.344463 0.006921 0.035496 0.659582 -0.175901 0.721135 -0.118215
27.289844 0.344351 0.006921 0.035496 0.673325 -0.138907 0.719804 -0.096027
27.293668 0.344351 0.006921 0.035496 0.683449 -0.116815 0.716811 -0.073715
27.297491 0.344351 0.007032 0.035496 0.692146 -0.078925 0.714336 -0.066551
27.301314 0.344239 0.007032 0.035384 0.699857 -0.040649 0.711782 -0.043739
27.305137 0.344351 0.007032 0.035384 0.705459 -0.002153 0.708443 -0.020783
27.308960 0.344351 0.006921 0.035384 0.708463 0.020957 0.705433 0.002327
27.312783 0.344239 0.006921 0.035384 0.710190 0.044073 0.702559 0.009932
27.316607 0.344239 0.006921 0.035384 0.710896 0.067234 0.699854 0.017628
27.320430 0.344351 0.006921 0.035384 0.711620 0.082570 0.697476 0.017516
27.324253 0.344351 0.006921 0.035384 0.712106 0.090212 0.695795 0.025213
27.328076 0.344351 0.006921 0.035384 0.713225 0.113059 0.690981 0.032763
27.331899 0.344351 0.006809 0.035384 0.713939 0.128206 0.687599 0.032603
27.335722 0.344463 0.006809 0.035384 0.715698 0.127897 0.684933 0.047805
27.339546 0.344463 0.006697 0.035384 0.717451 0.127550 0.681934 0.062944
27.343369 0.344463 0.006697 0.035272 0.717451 0.127550 0.681934 0.062944
27.347192 0.344463 0.006697 0.035272 0.718486 0.142514 0.677894 0.062665
27.351015 0.344463 0.006697 0.035272 0.720391 0.142071 0.674402 0.077677
27.354838 0.344351 0.006586 0.035272 0.720391 0.142071 0.674402 0.077677
27.358662 0.344351 0.006586 0.035272 0.720687 0.149513 0.671559 0.085236
27.362485 0.344351 0.006586 0.035272 0.721225 0.134210 0.672097 0.100539
27.366308 0.344351 0.006474 0.035272 0.721433 0.141664 0.669171 0.108058
27.370131 0.344351 0.006474 0.035161 0.721433 0.141664 0.669171 0.108058
27.373954 0.344351 0.006474 0.035161 0.721433 0.141664 0.669171 0.108058
27.377777 0.344239 0.006474 0.035161 0.720202 0.134304 0.670687 0.115977
27.381601 0.344239 0.006474 0.035161 0.720202 0.134304 0.670687 0.115977
27.385424 0.344239 0.006474 0.035161 0.720202 0.134304 0.670687 0.115977
27.389247 0.344239 0.006474 0.035161 0.720202 0.134304 0.670687 0.115977
27.393070 0.344239 0.006474 0.035161 0.720202 0.134304 0.670687 0.115977
27.396893 0.344239 0.006474 0.035161 0.718884 0.126928 0.672122 0.123882
27.400717 0.344128 0.006474 0.035161 0.718842 0.119411 0.674883 0.116360
27.404540 0.344128 0.006474 0.035161 0.718842 0.119411 0.674883 0.116360
27.408363 0.344128 0.006474 0.035161 0.718842 0.119411 0.674883 0.116360
27.412186 0.344128 0.006474 0.035161 0.717487 0.127302 0.676121 0.108939
27.416009 0.344128 0.006474 0.035161 0.717440 0.119770 0.678718 0.101374
27.419832 0.344128 0.006474 0.035161 0.717440 0.119770 0.678718 0.101374
27.423656 0.344016 0.006474 0.035161 0.717440 0.119770 0.678718 0.101374
27.427479 0.344016 0.006474 0.035161 0.716031 0.120098 0.682222 0.086307
27.431302 0.344016 0.006474 0.035161 0.716031 0.120098 0.682222 0.086307
27.435125 0.344016 0.006474 0.035161 0.714615 0.120395 0.685395 0.071167
27.438948 0.344016 0.006586 0.035161 0.713193 0.120660 0.688234 0.055960
27.442771 0.343905 0.006586 0.035161 0.711824 0.128488 0.688807 0.048396
27.446595 0.343905 0.006586 0.035161 0.710715 0.136292 0.689688 0.025298
27.450418 0.343905 0.006697 0.035161 0.709112 0.136501 0.691686 0.009975
27.454241 0.343793 0.006697 0.035161 0.705960 0.144439 0.693245 -0.013005
27.458064 0.343793 0.006809 0.035161 0.703993 0.152180 0.692769 -0.036150
27.461887 0.343793 0.006921 0.035161 0.699802 0.167583 0.691174 -0.066871
27.465711 0.343681 0.006921 0.035161 0.697846 0.167621 0.691479 -0.082282
27.469534 0.343681 0.007032 0.035161 0.692808 0.182826 0.688364 -0.112903
27.473357 0.343570 0.007032 0.035161 0.687101 0.197857 0.684240 -0.143390
27.477180 0.343570 0.007144 0.035161 0.684813 0.197701 0.683194 -0.158721
27.481003 0.343570 0.007144 0.035161 0.680575 0.204973 0.679601 -0.181513
27.484826 0.343458 0.007255 0.035161 0.676165 0.219868 0.675191 -0.196408
27.488650 0.343458 0.007255 0.035272 0.673318 0.211781 0.673549 -0.219370
27.492473 0.343458 0.007255 0.035272 0.668102 0.218733 0.668808 -0.241851
27.496296 0.343458 0.007255 0.035272 0.665347 0.218237 0.666102 -0.256892
27.500119 0.343458 0.007255 0.035272 0.664955 0.210389 0.666014 -0.264569
27.503942 0.343346 0.007255 0.035272 0.664483 0.202515 0.665845 -0.272214
27.507765 0.343346 0.007255 0.035272 0.664483 0.202515 0.665845 -0.272214
27.511589 0.343346 0.007255 0.035272 0.666029 0.187311 0.668630 -0.272497
27.515412 0.343346 0.007255 0.035272 0.665309 0.179397 0.668383 -0.280079
27.519235 0.343346 0.007255 0.035272 0.665309 0.179397 0.668383 -0.280079
27.523058 0.343346 0.007144 0.035272 0.666353 0.164150 0.671176 -0.280270
27.526881 0.343346 0.007144 0.035272 0.666353 0.164150 0.671176 -0.280270
27.530705 0.343346 0.007144 0.035272 0.668116 0.156819 0.674214 -0.272880
27.534528 0.343346 0.007144 0.035272 0.668116 0.156819 0.674214 -0.272880
27.538351 0.343346 0.007144 0.035272 0.668116 0.156819 0.674214 -0.272880
27.542174 0.343346 0.007144 0.035272 0.668657 0.141546 0.677012 -0.272979
27.545997 0.343346 0.007032 0.035272 0.668657 0.141546 0.677012 -0.272979
27.549820 0.343346 0.007032 0.035272 0.666842 0.156900 0.675489 -0.272799
27.553644 0.343346 0.007032 0.035272 0.668526 0.149565 0.678445 -0.265361
27.557467 0.343346 0.007032 0.035161 0.665570 0.157009 0.676761 -0.272690
27.561290 0.343346 0.007032 0.035161 0.665570 0.157009 0.676761 -0.272690
27.565113 0.343458 0.007032 0.035161 0.665570 0.157009 0.676761 -0.272690
27.568936 0.343458 0.007032 0.035161 0.662534 0.164435 0.674995 -0.279985
27.572760 0.343458 0.007032 0.035161 0.664300 0.157146 0.678030 -0.272553
27.576583 0.343458 0.007032 0.035161 0.661266 0.164585 0.676263 -0.279834
27.580406 0.343458 0.007032 0.035161 0.661266 0.164585 0.676263 -0.279834
27.584229 0.343458 0.007032 0.035161 0.661266 0.164585 0.676263 -0.279834
27.588052 0.343458 0.006921 0.035161 0.660002 0.164764 0.677527 -0.279656
27.591875 0.343458 0.006921 0.035161 0.660002 0.164764 0.677527 -0.279656
27.595699 0.343458 0.006921 0.035161 0.656890 0.172198 0.675676 -0.286890
27.599522 0.343570 0.006921 0.035161 0.656890 0.172198 0.675676 -0.286890
27.603345 0.343570 0.006921 0.035161 0.658742 0.164971 0.678787 -0.279449
27.607168 0.343570 0.006921 0.035161 0.655632 0.172418 0.676934 -0.286670
27.610991 0.343570 0.006921 0.035272 0.655632 0.172418 0.676934 -0.286670
27.614814 0.343570 0.006921 0.035272 0.653570 0.164589 0.677708 -0.294055
27.618638 0.343570 0.006921 0.035272 0.650300 0.172024 0.675859 -0.301218
27.622461 0.343681 0.006921 0.035272 0.650300 0.172024 0.675859 -0.301218
27.626284 0.343681 0.006809 0.035272 0.650300 0.172024 0.675859 -0.301218
27.630107 0.343681 0.006809 0.035272 0.646951 0.179439 0.673929 -0.308344
27.633930 0.343681 0.006809 0.035272 0.644649 0.171607 0.674794 -0.315645
27.637754 0.343681 0.006809 0.035272 0.641143 0.179010 0.672868 -0.322708
27.641577 0.343681 0.006809 0.035384 0.641143 0.179010 0.672868 -0.322708
27.645400 0.343793 0.006809 0.035384 0.635473 0.193384 0.667197 -0.337083
27.649223 0.343793 0.006809 0.035384 0.635473 0.193384 0.667197 -0.337083
27.653046 0.343793 0.006809 0.035384 0.629488 0.207630 0.661213 -0.351329
27.656869 0.343793 0.006809 0.035384 0.623192 0.221742 0.654917 -0.365441
27.660693 0.343793 0.006809 0.035384 0.616623 0.221038 0.653419 -0.379423
27.664516 0.343793 0.006809 0.035384 0.609873 0.234918 0.646670 -0.393302
27.668339 0.343905 0.006809 0.035384 0.602820 0.248646 0.639617 -0.407030
27.672162 0.343905 0.006921 0.035384 0.594954 0.276703 0.626679 -0.420402
27.675985 0.343905 0.006921 0.035384 0.587149 0.290039 0.618874 -0.433738
27.679809 0.343905 0.006921 0.035384 0.579052 0.303201 0.610777 -0.446899
27.683632 0.343905 0.006921 0.035384 0.567160 0.322431 0.597305 -0.466470
27.687455 0.343905 0.006921 0.035384 0.550703 0.333533 0.585757 -0.492312
27.691278 0.344016 0.006921 0.035384 0.537660 0.351846 0.570968 -0.511000
27.695101 0.344016 0.006921 0.035384 0.524018 0.369700 0.555575 -0.529211
27.698924 0.344016 0.006921 0.035496 0.507679 0.378872 0.540309 -0.553882
27.702748 0.344016 0.006921 0.035496 0.492988 0.395712 0.523693 -0.571070
27.706571 0.343905 0.006921 0.035496 0.482290 0.398115 0.511457 -0.589332
27.710394 0.343905 0.006809 0.035496 0.462224 0.419169 0.487184 -0.610981
27.714217 0.343905 0.006809 0.035496 0.448160 0.434174 0.466785 -0.626703
27.718040 0.343905 0.006809 0.035607 0.437238 0.435395 0.452773 -0.643624
27.721863 0.343793 0.006697 0.035607 0.422653 0.449567 0.431317 -0.658194
27.725687 0.343793 0.006697 0.035607 0.408320 0.471836 0.409973 -0.665258
27.729510 0.343793 0.006697 0.035496 0.387484 0.497868 0.381183 -0.675783
27.733333 0.343681 0.006697 0.035496 0.372817 0.510522 0.356758 -0.687822
