0.000000 0.358639 0.002791 0.033263 0.572845 0.319368 -0.669647 0.348462
0.003975 0.358639 0.002679 0.033263 0.576319 0.313056 -0.673435 0.341084
0.007951 0.358639 0.002679 0.033263 0.580031 0.305638 -0.676834 0.334732
0.011926 0.358639 0.002679 0.033263 0.583354 0.299248 -0.680470 0.327276
0.015902 0.358639 0.002679 0.033263 0.586606 0.292821 -0.684025 0.319780
0.019877 0.358750 0.002679 0.033263 0.601120 0.281068 -0.683597 0.303893
0.023853 0.358750 0.002679 0.033263 0.604171 0.274447 -0.686894 0.296365
0.027828 0.358750 0.002679 0.033263 0.607150 0.267793 -0.690109 0.288800
0.031804 0.358750 0.002567 0.033263 0.613108 0.253475 -0.696066 0.274482
0.035779 0.358750 0.002567 0.033263 0.623794 0.248701 -0.691898 0.265153
0.039754 0.358750 0.002567 0.033263 0.629280 0.234186 -0.697384 0.250637
0.043730 0.358750 0.002567 0.033263 0.631814 0.227258 -0.700096 0.242961
0.047705 0.358750 0.002567 0.033263 0.644708 0.214416 -0.697862 0.226640
0.051681 0.358750 0.002567 0.033263 0.647025 0.207320 -0.700310 0.218959
0.055656 0.358750 0.002567 0.033263 0.651545 0.192468 -0.704830 0.204107
0.059632 0.358750 0.002567 0.033375 0.663571 0.179243 -0.701686 0.187568
0.063607 0.358750 0.002567 0.033375 0.663571 0.179243 -0.701686 0.187568
0.067582 0.358750 0.002456 0.033375 0.667436 0.164201 -0.705551 0.172526
0.071558 0.358639 0.002456 0.033486 0.677027 0.158219 -0.699910 0.163482
0.075533 0.358639 0.002456 0.033486 0.680456 0.142803 -0.703218 0.148567
0.079509 0.358527 0.002456 0.033598 0.683490 0.127568 -0.706251 0.133332
0.083484 0.358527 0.002456 0.033598 0.692507 0.121806 -0.700186 0.123840
0.087460 0.358415 0.002456 0.033710 0.695061 0.106393 -0.702693 0.108596
0.091435 0.358304 0.002456 0.033710 0.704695 0.093246 -0.697448 0.090981
0.095411 0.358192 0.002344 0.033821 0.712956 0.087967 -0.690958 0.080825
0.099386 0.358080 0.002344 0.033821 0.714560 0.072765 -0.692724 0.065141
0.103361 0.357969 0.002344 0.033933 0.722924 0.060235 -0.686711 0.046692
0.107337 0.357857 0.002344 0.033933 0.730731 0.047998 -0.680404 0.027905
0.111312 0.357746 0.002344 0.034044 0.730505 0.048548 -0.680630 0.027355
0.115288 0.357634 0.002344 0.034044 0.730929 0.033582 -0.681533 0.011298
0.119263 0.357522 0.002344 0.034156 0.737341 0.037458 -0.674441 0.007401
0.123239 0.357299 0.002344 0.034156 0.737378 0.030046 -0.674812 -0.000700
0.127214 0.357187 0.002344 0.034268 0.730416 0.034657 -0.682046 0.010224
0.131190 0.356964 0.002344 0.034268 0.723545 0.031541 -0.689427 0.013356
0.135165 0.356853 0.002344 0.034379 0.716511 0.035767 -0.696221 0.024665
0.139140 0.356741 0.002344 0.034491 0.709386 0.039838 -0.702766 0.036120
0.143116 0.356741 0.002344 0.034491 0.700998 0.059243 -0.707882 0.063208
0.147091 0.356629 0.002344 0.034603 0.693531 0.062980 -0.713747 0.074924
0.151067 0.356518 0.002344 0.034603 0.679088 0.062503 -0.725738 0.090761
0.155042 0.356406 0.002344 0.034714 0.664413 0.061682 -0.737116 0.106822
0.159018 0.356295 0.002344 0.034826 0.649519 0.060515 -0.747872 0.123088
0.162993 0.356183 0.002344 0.034826 0.641656 0.063325 -0.752282 0.135425
0.166968 0.356183 0.002344 0.034937 0.627106 0.054659 -0.763623 0.143634
0.170944 0.356071 0.002344 0.034937 0.611712 0.052691 -0.772881 0.160273
0.174919 0.356071 0.002344 0.034937 0.603656 0.054889 -0.776330 0.172913
0.178895 0.356071 0.002344 0.035049 0.590513 0.037187 -0.787016 0.174690
0.182870 0.355960 0.002344 0.035049 0.580902 0.041294 -0.791533 0.185262
0.186846 0.355848 0.002344 0.035049 0.565701 0.025991 -0.803269 0.184570
0.190821 0.355848 0.002232 0.035049 0.557991 0.015398 -0.810020 0.179656
0.194797 0.355736 0.002232 0.035049 0.539775 0.015639 -0.819148 0.193377
0.198772 0.355736 0.002232 0.035161 0.529567 0.014539 -0.825679 0.193911
0.202747 0.355625 0.002232 0.035161 0.510693 0.009712 -0.836707 0.197532
0.206723 0.355625 0.002232 0.035161 0.500027 0.009406 -0.843207 0.197196
0.210698 0.355513 0.002121 0.035161 0.478165 0.015047 -0.853914 0.204847
0.214674 0.355402 0.002121 0.035161 0.467267 0.010490 -0.862496 0.194041
0.218649 0.355290 0.002121 0.035161 0.444749 0.017784 -0.872920 0.199731
0.222625 0.355178 0.002009 0.035161 0.421809 0.025934 -0.883008 0.204212
0.226600 0.355067 0.002009 0.035272 0.398871 0.030552 -0.894931 0.197651
0.230575 0.354955 0.002009 0.035272 0.363813 0.044004 -0.909750 0.195086
0.234551 0.354732 0.001898 0.035272 0.330018 0.053160 -0.921845 0.196124
0.238526 0.354620 0.001898 0.035384 0.296507 0.060198 -0.934999 0.185032
0.242502 0.354397 0.001898 0.035384 0.272557 0.073818 -0.941897 0.181918
0.246477 0.354174 0.001898 0.035384 0.238180 0.086475 -0.950921 0.177599
0.250453 0.353950 0.001786 0.035496 0.205620 0.089590 -0.959720 0.169207
0.254428 0.353727 0.001786 0.035496 0.162249 0.091999 -0.969447 0.159326
0.258404 0.353504 0.001786 0.035607 0.128354 0.098173 -0.973906 0.159353
0.262379 0.353281 0.001786 0.035607 0.094346 0.104339 -0.977290 0.158481
0.266354 0.353169 0.001786 0.035719 0.060894 0.100373 -0.978976 0.166801
0.270330 0.353058 0.001786 0.035719 0.040183 0.086648 -0.979848 0.175429
0.274305 0.352946 0.001898 0.035830 0.017700 0.083158 -0.979118 0.184663
0.278281 0.352834 0.001898 0.035830 -0.000447 0.057642 -0.979333 0.193864
0.282256 0.352723 0.001898 0.035830 -0.009576 0.044655 -0.977878 0.204131
0.286232 0.352611 0.001898 0.035942 -0.039863 0.026724 -0.975714 0.213725
0.290207 0.352499 0.001898 0.036054 -0.059059 0.010612 -0.972710 0.224132
0.294183 0.352499 0.002009 0.036054 -0.067241 -0.003298 -0.969625 0.235148
0.298158 0.352499 0.002009 0.036054 -0.074918 -0.018193 -0.963359 0.256896
0.302133 0.352388 0.002121 0.036054 -0.082320 -0.032496 -0.959311 0.268123
0.306109 0.352388 0.002121 0.036054 -0.078892 -0.043903 -0.955883 0.279529
0.310084 0.352388 0.002121 0.036054 -0.085688 -0.058366 -0.951123 0.290887
0.314060 0.352276 0.002121 0.036165 -0.092950 -0.071925 -0.949194 0.291920
0.318035 0.352276 0.002121 0.036165 -0.100188 -0.085439 -0.946967 0.293113
0.322011 0.352165 0.002121 0.036054 -0.096961 -0.095837 -0.945972 0.294196
0.325986 0.352053 0.002121 0.036054 -0.095903 -0.096897 -0.942683 0.304571
0.329961 0.351941 0.002121 0.036054 -0.085489 -0.093707 -0.944099 0.304282
0.333937 0.351830 0.002121 0.035942 -0.072826 -0.100093 -0.947641 0.294371
0.337912 0.351718 0.002009 0.035830 -0.051893 -0.093914 -0.949963 0.293356
0.341888 0.351606 0.002009 0.035830 -0.042412 -0.090347 -0.954111 0.282330
0.345863 0.351495 0.002009 0.035719 -0.021378 -0.084331 -0.955731 0.281085
0.349839 0.351383 0.002009 0.035607 -0.001194 -0.078267 -0.959905 0.269175
0.353814 0.351160 0.001898 0.035496 0.029703 -0.069791 -0.963625 0.256271
0.357790 0.351048 0.001898 0.035384 0.061427 -0.061257 -0.963398 0.253650
0.361765 0.350937 0.001898 0.035272 0.092501 -0.053675 -0.964822 0.240168
0.365740 0.350825 0.001898 0.035161 0.134672 -0.042583 -0.961453 0.235920
0.369716 0.350713 0.001786 0.035049 0.165749 -0.036032 -0.960203 0.221899
0.373691 0.350602 0.001786 0.034937 0.197122 -0.027965 -0.955376 0.218214
0.377667 0.350490 0.001786 0.034826 0.238410 -0.019783 -0.949610 0.202512
0.381642 0.350379 0.001786 0.034714 0.279557 -0.009399 -0.939670 0.196928
0.385618 0.350379 0.001786 0.034603 0.317904 0.014691 -0.925656 0.204651
0.389593 0.350267 0.001786 0.034491 0.357846 0.025381 -0.912062 0.198608
0.393569 0.350267 0.001786 0.034491 0.384701 0.047490 -0.898058 0.207946
0.397544 0.350155 0.001786 0.034379 0.413752 0.055624 -0.885693 0.203135
0.401519 0.350155 0.001786 0.034379 0.439319 0.078109 -0.869330 0.212514
0.405495 0.350155 0.001898 0.034379 0.466433 0.091395 -0.852693 0.216799
0.409470 0.350044 0.001898 0.034379 0.479997 0.116809 -0.836558 0.236917
0.413446 0.350044 0.002009 0.034379 0.496688 0.128098 -0.823544 0.242214
0.417421 0.349932 0.002009 0.034379 0.505633 0.163033 -0.803968 0.267191
0.421397 0.349932 0.002121 0.034379 0.518198 0.183472 -0.787867 0.277622
0.425372 0.349821 0.002232 0.034379 0.527880 0.209653 -0.767815 0.296391
0.429347 0.349821 0.002232 0.034379 0.528088 0.232764 -0.752727 0.316774
0.433323 0.349709 0.002344 0.034491 0.533813 0.241830 -0.743221 0.322778
0.437298 0.349597 0.002344 0.034491 0.532816 0.264934 -0.727064 0.342484
0.441274 0.349597 0.002456 0.034491 0.542182 0.285374 -0.707842 0.351511
0.445249 0.349486 0.002456 0.034491 0.546974 0.294686 -0.697638 0.356763
0.449225 0.349374 0.002567 0.034491 0.550944 0.305599 -0.687939 0.360292
0.453200 0.349374 0.002567 0.034491 0.551327 0.322373 -0.673963 0.371333
0.457176 0.349262 0.002567 0.034491 0.555498 0.331701 -0.663278 0.376110
0.461151 0.349262 0.002567 0.034491 0.551332 0.338968 -0.659594 0.382190
0.465126 0.349262 0.002679 0.034491 0.559039 0.342146 -0.652914 0.379624
0.469102 0.349262 0.002679 0.034491 0.566679 0.345282 -0.646156 0.377012
0.473077 0.349151 0.002679 0.034491 0.570102 0.355379 -0.635454 0.380641
0.477053 0.349151 0.002679 0.034491 0.577633 0.358356 -0.628507 0.378021
0.481028 0.349151 0.002679 0.034491 0.577424 0.358917 -0.628717 0.377460
0.485004 0.349151 0.002679 0.034491 0.584945 0.361691 -0.621634 0.374954
0.488979 0.349262 0.002679 0.034603 0.596363 0.357890 -0.618531 0.365630
0.492955 0.349262 0.002679 0.034603 0.603743 0.360578 -0.611299 0.363031
0.496930 0.349262 0.002679 0.034603 0.607668 0.353923 -0.615250 0.356293
0.500905 0.349262 0.002679 0.034603 0.618960 0.349462 -0.611689 0.347277
0.504881 0.349262 0.002679 0.034603 0.626396 0.351413 -0.604106 0.345244
0.508856 0.349262 0.002567 0.034603 0.641346 0.339391 -0.603867 0.329901
0.512832 0.349262 0.002567 0.034603 0.652357 0.334030 -0.599681 0.321305
0.516807 0.349262 0.002567 0.034603 0.659538 0.319616 -0.606596 0.308052
0.520783 0.349262 0.002567 0.034603 0.670303 0.313776 -0.602037 0.299649
0.524758 0.349262 0.002456 0.034603 0.681107 0.306780 -0.597125 0.292269
0.528733 0.349262 0.002456 0.034491 0.697890 0.286130 -0.598449 0.270070
0.532709 0.349262 0.002344 0.034491 0.708101 0.279367 -0.593170 0.262099
0.536684 0.349262 0.002344 0.034491 0.721110 0.264476 -0.590475 0.247774
0.540660 0.349262 0.002344 0.034491 0.733715 0.249117 -0.587369 0.233667
0.544635 0.349262 0.002232 0.034491 0.748271 0.226876 -0.586389 0.211581
0.548611 0.349262 0.002232 0.034379 0.753075 0.210381 -0.590896 0.198647
0.552586 0.349262 0.002232 0.034379 0.766302 0.187464 -0.588610 0.176568
0.556562 0.349262 0.002121 0.034379 0.770138 0.172536 -0.592445 0.161640
0.560537 0.349374 0.002121 0.034379 0.782022 0.149195 -0.588837 0.139478
0.564512 0.349374 0.002121 0.034379 0.793049 0.125578 -0.584402 0.117380
0.568488 0.349262 0.002121 0.034379 0.795616 0.108123 -0.586840 0.104512
0.572463 0.349262 0.002121 0.034379 0.797785 0.092911 -0.589009 0.089299
0.576439 0.349262 0.002121 0.034491 0.793835 0.068924 -0.600410 0.067703
0.580414 0.349262 0.002121 0.034491 0.795167 0.053591 -0.601743 0.052371
0.584390 0.349262 0.002121 0.034491 0.796163 0.038233 -0.602738 0.037012
0.588365 0.349262 0.002121 0.034603 0.790343 0.014158 -0.612318 0.014990
0.592340 0.349262 0.002121 0.034603 0.790493 -0.001254 -0.612469 -0.000422
0.596316 0.349151 0.002232 0.034603 0.783529 -0.016652 -0.620928 -0.015892
0.600291 0.349151 0.002232 0.034714 0.776130 -0.032079 -0.628973 -0.031391
0.604267 0.349151 0.002232 0.034714 0.768766 -0.040525 -0.637085 -0.038463
0.608242 0.349039 0.002344 0.034826 0.761708 -0.040442 -0.645502 -0.038622
0.612218 0.349039 0.002344 0.034826 0.753519 -0.055817 -0.652802 -0.054239
0.616193 0.349039 0.002344 0.034826 0.752141 -0.071253 -0.651424 -0.069675
0.620169 0.349039 0.002456 0.034937 0.744071 -0.079362 -0.658875 -0.077091
0.624144 0.349039 0.002456 0.034937 0.734851 -0.094604 -0.665163 -0.092747
0.628119 0.349039 0.002456 0.035049 0.723952 -0.117768 -0.669800 -0.115729
0.632095 0.349039 0.002567 0.035049 0.713710 -0.132806 -0.675076 -0.131352
0.636070 0.349039 0.002567 0.035161 0.701380 -0.155489 -0.678278 -0.154365
0.640046 0.349151 0.002567 0.035161 0.690132 -0.170250 -0.682549 -0.169881
0.644021 0.349151 0.002679 0.035272 0.674238 -0.199860 -0.682173 -0.200246
0.647997 0.349262 0.002679 0.035272 0.656970 -0.228798 -0.680392 -0.230454
0.651972 0.349374 0.002679 0.035384 0.635434 -0.264766 -0.674378 -0.267091
0.655948 0.349486 0.002679 0.035384 0.608513 -0.306753 -0.662958 -0.310002
0.659923 0.349597 0.002679 0.035384 0.582601 -0.340180 -0.652491 -0.345122
0.663898 0.349821 0.002679 0.035496 0.546326 -0.386299 -0.631751 -0.391397
0.667874 0.349932 0.002679 0.035496 0.503079 -0.422660 -0.619443 -0.429604
0.671849 0.350044 0.002679 0.035607 0.465551 -0.457796 -0.597364 -0.465662
0.675825 0.350267 0.002679 0.035607 0.412002 -0.494295 -0.574548 -0.505789
0.679800 0.350379 0.002567 0.035607 0.369687 -0.524448 -0.547618 -0.537029
0.683776 0.350490 0.002567 0.035607 0.323290 -0.544913 -0.531750 -0.561957
0.687751 0.350490 0.002567 0.035607 0.277819 -0.567802 -0.501125 -0.591009
0.691726 0.350602 0.002567 0.035607 0.237289 -0.585114 -0.475552 -0.612524
0.695702 0.350602 0.002567 0.035607 0.194130 -0.595978 -0.462756 -0.626881
0.699677 0.350602 0.002567 0.035496 0.172750 -0.597702 -0.455725 -0.636573
0.703653 0.350602 0.002567 0.035496 0.137625 -0.605141 -0.434686 -0.652619
0.707628 0.350602 0.002567 0.035496 0.116170 -0.605101 -0.427033 -0.661816
0.711604 0.350602 0.002567 0.035384 0.094775 -0.604339 -0.419133 -0.670910
0.715579 0.350602 0.002456 0.035384 0.073463 -0.602856 -0.410987 -0.679895
0.719555 0.350490 0.002456 0.035272 0.053558 -0.604950 -0.388359 -0.693069
0.723530 0.350490 0.002456 0.035272 0.046908 -0.605502 -0.380722 -0.697293
0.727505 0.350490 0.002456 0.035161 0.032438 -0.602054 -0.379683 -0.701655
0.731481 0.350379 0.002456 0.035161 0.025822 -0.602374 -0.371951 -0.705784
0.735456 0.350379 0.002567 0.035161 0.019202 -0.602621 -0.364175 -0.709828
0.739432 0.350379 0.002567 0.035049 0.012581 -0.602796 -0.356355 -0.713786
0.743407 0.350379 0.002456 0.035049 -0.008592 -0.606632 -0.333942 -0.721392
0.747383 0.350267 0.002456 0.035049 -0.008592 -0.606632 -0.333942 -0.721392
0.751358 0.350267 0.002456 0.035049 -0.023220 -0.610046 -0.319314 -0.724806
0.755334 0.350267 0.002456 0.035049 -0.037423 -0.605311 -0.317999 -0.728748
0.759309 0.350267 0.002567 0.035049 -0.045426 -0.608768 -0.311330 -0.728293
0.763284 0.350267 0.002567 0.035049 -0.060147 -0.611528 -0.296610 -0.731053
0.767260 0.350267 0.002567 0.035049 -0.068174 -0.614750 -0.289874 -0.730348
0.771235 0.350267 0.002567 0.035049 -0.082334 -0.609505 -0.288602 -0.733780
0.775211 0.350155 0.002567 0.035049 -0.090390 -0.612639 -0.281889 -0.732832
0.779186 0.350155 0.002567 0.035161 -0.112548 -0.610116 -0.273917 -0.734889
0.783162 0.350155 0.002567 0.035161 -0.112548 -0.610116 -0.273917 -0.734889
0.787137 0.350155 0.002567 0.035161 -0.120614 -0.613088 -0.267198 -0.733608
0.791112 0.350155 0.002567 0.035161 -0.134633 -0.607183 -0.265971 -0.736521
0.795088 0.350155 0.002567 0.035161 -0.142716 -0.610068 -0.259284 -0.734997
0.799063 0.350155 0.002456 0.035161 -0.164728 -0.606641 -0.251412 -0.735964
0.803039 0.350155 0.002456 0.035272 -0.164728 -0.606641 -0.251412 -0.735964
0.807014 0.350155 0.002456 0.035272 -0.186636 -0.602810 -0.243594 -0.736512
0.810990 0.350155 0.002456 0.035272 -0.186636 -0.602810 -0.243594 -0.736512
0.814965 0.350155 0.002456 0.035272 -0.208427 -0.598578 -0.235841 -0.736642
0.818941 0.350155 0.002456 0.035272 -0.216507 -0.601133 -0.229251 -0.734308
0.822916 0.350155 0.002456 0.035272 -0.223098 -0.598718 -0.221170 -0.736782
0.826891 0.350155 0.002456 0.035272 -0.231179 -0.601112 -0.214579 -0.734287
0.830867 0.350155 0.002456 0.035272 -0.252773 -0.596078 -0.207016 -0.733445
0.834842 0.350155 0.002456 0.035272 -0.259306 -0.593265 -0.198946 -0.735675
0.838818 0.350155 0.002456 0.035384 -0.267373 -0.595415 -0.192416 -0.732782
0.842793 0.350267 0.002456 0.035384 -0.282237 -0.592812 -0.193054 -0.729141
0.846769 0.350267 0.002567 0.035384 -0.296749 -0.591673 -0.178542 -0.728002
0.850744 0.350267 0.002567 0.035272 -0.296749 -0.591673 -0.178542 -0.728002
0.854720 0.350267 0.002567 0.035272 -0.311232 -0.590215 -0.164059 -0.726544
0.858695 0.350267 0.002567 0.035272 -0.319195 -0.591982 -0.157565 -0.723081
0.862670 0.350267 0.002567 0.035272 -0.340229 -0.585394 -0.150538 -0.720345
0.866646 0.350267 0.002567 0.035272 -0.340229 -0.585394 -0.150538 -0.720345
0.870621 0.350267 0.002456 0.035272 -0.354550 -0.583153 -0.136216 -0.718103
0.874597 0.350267 0.002456 0.035272 -0.361054 -0.578438 -0.143659 -0.717224
0.878572 0.350379 0.002456 0.035272 -0.375262 -0.575894 -0.129452 -0.714680
0.882548 0.350379 0.002456 0.035272 -0.375262 -0.575894 -0.129452 -0.714680
0.886523 0.350379 0.002456 0.035272 -0.383091 -0.577281 -0.123117 -0.710514
0.890498 0.350267 0.002456 0.035272 -0.389409 -0.573038 -0.115304 -0.711824
0.894474 0.350267 0.002456 0.035272 -0.389409 -0.573038 -0.115304 -0.711824
0.898449 0.350267 0.002456 0.035272 -0.395744 -0.568278 -0.122856 -0.710882
0.902425 0.350267 0.002456 0.035161 -0.403530 -0.569593 -0.116605 -0.706491
0.906400 0.350267 0.002456 0.035161 -0.403530 -0.569593 -0.116605 -0.706491
0.910376 0.350267 0.002456 0.035161 -0.403530 -0.569593 -0.116605 -0.706491
0.914351 0.350267 0.002456 0.035161 -0.411268 -0.570840 -0.110340 -0.702016
0.918327 0.350267 0.002456 0.035161 -0.411268 -0.570840 -0.110340 -0.702016
0.922302 0.350267 0.002456 0.035161 -0.417531 -0.566178 -0.117981 -0.700850
0.926277 0.350155 0.002456 0.035161 -0.425205 -0.567440 -0.111754 -0.696221
0.930253 0.350155 0.002456 0.035161 -0.431404 -0.562794 -0.119432 -0.694903
0.934228 0.350155 0.002456 0.035161 -0.439012 -0.564072 -0.113242 -0.690122
0.938204 0.350155 0.002456 0.035161 -0.445143 -0.559442 -0.120957 -0.688652
0.942179 0.350044 0.002456 0.035161 -0.458741 -0.556125 -0.122555 -0.682101
0.946155 0.350044 0.002456 0.035161 -0.464745 -0.551446 -0.130291 -0.680400
0.950130 0.349932 0.002456 0.035161 -0.472069 -0.553403 -0.139388 -0.671913
0.954106 0.349932 0.002456 0.035272 -0.491338 -0.544959 -0.133776 -0.666116
0.958081 0.349821 0.002456 0.035272 -0.510099 -0.537087 -0.143451 -0.656322
0.962056 0.349709 0.002456 0.035272 -0.534235 -0.523398 -0.146142 -0.647527
0.966032 0.349709 0.002456 0.035272 -0.552073 -0.515374 -0.156175 -0.636564
0.970007 0.349597 0.002456 0.035272 -0.564283 -0.512254 -0.158426 -0.627760
0.973983 0.349486 0.002456 0.035384 -0.580062 -0.496115 -0.167366 -0.624008
0.977958 0.349486 0.002456 0.035384 -0.591840 -0.492966 -0.169853 -0.614703
0.981934 0.349374 0.002456 0.035384 -0.613479 -0.478174 -0.173746 -0.603991
0.985909 0.349262 0.002344 0.035272 -0.618130 -0.473075 -0.181720 -0.600910
0.989884 0.349262 0.002344 0.035272 -0.634360 -0.463034 -0.178018 -0.592871
0.993860 0.349151 0.002344 0.035272 -0.634360 -0.463034 -0.178018 -0.592871
0.997835 0.349039 0.002344 0.035272 -0.645208 -0.459877 -0.180998 -0.582631
1.001811 0.349039 0.002344 0.035161 -0.645208 -0.459877 -0.180998 -0.582631
1.005786 0.348928 0.002456 0.035161 -0.645208 -0.459877 -0.180998 -0.582631
1.009762 0.348928 0.002456 0.035049 -0.649504 -0.454736 -0.189054 -0.579326
1.013737 0.348816 0.002456 0.035049 -0.655829 -0.456786 -0.184047 -0.572156
1.017713 0.348704 0.002456 0.034937 -0.651570 -0.461837 -0.175935 -0.575508
1.021688 0.348704 0.002456 0.034937 -0.650771 -0.463963 -0.190321 -0.570099
1.025663 0.348704 0.002567 0.034826 -0.650771 -0.463963 -0.190321 -0.570099
1.029639 0.348593 0.002567 0.034826 -0.645635 -0.471085 -0.196573 -0.567974
1.033614 0.348593 0.002567 0.034826 -0.651836 -0.473216 -0.191386 -0.560847
1.037590 0.348593 0.002679 0.034714 -0.656086 -0.468290 -0.199453 -0.557201
1.041565 0.348593 0.002679 0.034714 -0.656086 -0.468290 -0.199453 -0.557201
1.045541 0.348481 0.002679 0.034714 -0.660258 -0.463308 -0.207496 -0.553489
1.049516 0.348481 0.002679 0.034714 -0.670349 -0.460611 -0.210467 -0.542378
1.053491 0.348481 0.002679 0.034714 -0.665248 -0.467947 -0.216413 -0.540033
1.057467 0.348481 0.002679 0.034826 -0.675121 -0.465424 -0.219317 -0.528670
1.061442 0.348481 0.002679 0.034826 -0.679020 -0.460495 -0.227349 -0.524585
1.065418 0.348481 0.002679 0.034826 -0.682837 -0.455510 -0.235353 -0.520436
1.069393 0.348369 0.002679 0.034826 -0.691478 -0.442900 -0.237644 -0.518866
1.073369 0.348369 0.002679 0.034937 -0.700686 -0.440439 -0.240813 -0.507013
1.077344 0.348369 0.002679 0.034937 -0.704151 -0.435340 -0.248833 -0.502726
1.081320 0.348369 0.002679 0.034937 -0.712213 -0.422390 -0.251332 -0.501170
1.085295 0.348258 0.002679 0.034937 -0.712213 -0.422390 -0.251332 -0.501170
1.089270 0.348258 0.002679 0.034937 -0.715450 -0.417150 -0.259339 -0.496850
1.093246 0.348146 0.002679 0.034937 -0.715450 -0.417150 -0.259339 -0.496850
1.097221 0.348146 0.002679 0.034937 -0.715450 -0.417150 -0.259339 -0.496850
1.101197 0.348146 0.002679 0.034937 -0.717596 -0.401040 -0.266310 -0.503291
1.105172 0.348035 0.002679 0.034937 -0.717596 -0.401040 -0.266310 -0.503291
1.109148 0.348035 0.002679 0.034937 -0.714457 -0.406452 -0.258346 -0.507549
1.113123 0.347923 0.002679 0.034937 -0.718879 -0.398578 -0.252754 -0.510357
1.117099 0.347923 0.002679 0.034937 -0.718879 -0.398578 -0.252754 -0.510357
1.121074 0.347811 0.002679 0.034937 -0.718879 -0.398578 -0.252754 -0.510357
1.125049 0.347811 0.002679 0.034937 -0.718879 -0.398578 -0.252754 -0.510357
1.129025 0.347700 0.002567 0.034937 -0.718879 -0.398578 -0.252754 -0.510357
1.133000 0.347700 0.002567 0.034937 -0.723215 -0.390656 -0.247132 -0.513103
1.136976 0.347700 0.002567 0.034937 -0.723215 -0.390656 -0.247132 -0.513103
1.140951 0.347588 0.002567 0.034937 -0.727463 -0.382687 -0.241480 -0.515787
1.144927 0.347588 0.002456 0.035049 -0.733085 -0.385317 -0.237261 -0.507763
1.148902 0.347476 0.002456 0.035049 -0.740129 -0.371786 -0.239873 -0.506404
1.152877 0.347476 0.002456 0.035161 -0.744169 -0.363632 -0.234295 -0.509009
1.156853 0.347476 0.002344 0.035161 -0.744169 -0.363632 -0.234295 -0.509009
1.160828 0.347365 0.002344 0.035161 -0.748119 -0.355435 -0.228689 -0.511552
1.164804 0.347365 0.002344 0.035272 -0.751979 -0.347194 -0.223055 -0.514034
1.168779 0.347365 0.002232 0.035272 -0.752590 -0.330796 -0.229385 -0.521119
1.172755 0.347253 0.002232 0.035272 -0.756178 -0.322508 -0.223646 -0.523608
1.176730 0.347253 0.002232 0.035384 -0.747843 -0.325858 -0.218919 -0.535370
1.180706 0.347142 0.002121 0.035272 -0.748815 -0.323437 -0.204705 -0.541074
1.184681 0.347142 0.002121 0.035272 -0.740136 -0.327036 -0.199965 -0.552504
1.188656 0.347142 0.002121 0.035272 -0.731208 -0.330738 -0.195306 -0.563741
1.192632 0.347142 0.002121 0.035272 -0.719012 -0.340470 -0.182508 -0.577748
1.196607 0.347030 0.002121 0.035161 -0.712707 -0.352204 -0.165999 -0.583477
1.200583 0.347030 0.002121 0.035161 -0.699545 -0.362104 -0.153398 -0.596646
1.204558 0.347030 0.002232 0.035049 -0.688352 -0.381259 -0.143466 -0.600192
1.208534 0.347030 0.002232 0.034937 -0.674157 -0.391149 -0.131224 -0.612613
1.212509 0.347030 0.002232 0.034937 -0.661811 -0.409745 -0.121513 -0.615914
1.216485 0.346918 0.002344 0.034937 -0.653482 -0.420760 -0.105021 -0.620397
1.220460 0.346918 0.002344 0.034826 -0.649200 -0.426192 -0.096755 -0.622526
1.224435 0.346918 0.002344 0.034826 -0.644839 -0.431573 -0.088478 -0.624580
1.228411 0.346807 0.002344 0.034826 -0.635561 -0.443910 -0.087069 -0.625639
1.232386 0.346807 0.002344 0.034826 -0.642396 -0.444840 -0.082187 -0.618619
1.236362 0.346807 0.002344 0.034826 -0.642396 -0.444840 -0.082187 -0.618619
1.240337 0.346695 0.002344 0.034937 -0.654011 -0.438557 -0.070572 -0.612337
1.244313 0.346695 0.002344 0.034937 -0.665070 -0.434254 -0.074208 -0.602991
1.248288 0.346584 0.002232 0.035049 -0.675921 -0.430031 -0.077939 -0.593405
1.252263 0.346584 0.002232 0.035161 -0.684734 -0.417471 -0.079936 -0.592003
1.256239 0.346472 0.002232 0.035272 -0.695217 -0.413258 -0.083913 -0.582108
1.260214 0.346472 0.002232 0.035272 -0.709933 -0.401358 -0.081691 -0.572916
1.264190 0.346472 0.002232 0.035384 -0.713703 -0.396246 -0.090321 -0.570491
1.268165 0.346360 0.002232 0.035384 -0.723583 -0.392149 -0.094638 -0.560081
1.272141 0.346360 0.002232 0.035496 -0.733231 -0.388148 -0.099043 -0.549457
1.276116 0.346360 0.002232 0.035607 -0.736682 -0.383085 -0.107750 -0.546750
1.280092 0.346360 0.002232 0.035607 -0.745976 -0.379231 -0.112285 -0.535813
1.284067 0.346249 0.002232 0.035719 -0.747593 -0.388678 -0.113902 -0.526366
1.288042 0.346249 0.002232 0.035719 -0.750856 -0.383750 -0.122661 -0.523359
1.292018 0.346249 0.002232 0.035719 -0.756561 -0.385075 -0.118437 -0.515079
1.295993 0.346249 0.002232 0.035719 -0.752285 -0.393363 -0.124089 -0.513746
1.299969 0.346249 0.002232 0.035830 -0.755477 -0.388520 -0.132852 -0.510545
1.303944 0.346137 0.002344 0.035830 -0.756711 -0.398293 -0.134086 -0.500772
1.307920 0.346137 0.002344 0.035830 -0.756711 -0.398293 -0.134086 -0.500772
1.311895 0.346137 0.002344 0.035830 -0.752289 -0.406582 -0.139579 -0.499269
1.315871 0.346137 0.002344 0.035830 -0.757729 -0.408091 -0.135104 -0.490974
1.319846 0.346137 0.002344 0.035830 -0.757729 -0.408091 -0.135104 -0.490974
1.323821 0.346025 0.002344 0.035830 -0.749927 -0.420935 -0.131734 -0.493021
1.327797 0.346025 0.002344 0.035830 -0.749927 -0.420935 -0.131734 -0.493021
1.331772 0.346025 0.002344 0.035830 -0.750612 -0.430629 -0.132420 -0.483327
1.335748 0.346025 0.002344 0.035830 -0.750612 -0.430629 -0.132420 -0.483327
1.339723 0.346025 0.002344 0.035830 -0.745836 -0.438850 -0.137722 -0.481843
1.343699 0.345914 0.002344 0.035830 -0.745836 -0.438850 -0.137722 -0.481843
1.347674 0.345914 0.002344 0.035830 -0.745836 -0.438850 -0.137722 -0.481843
1.351649 0.345802 0.002344 0.035719 -0.740970 -0.447017 -0.143007 -0.480301
1.355625 0.345802 0.002344 0.035719 -0.740970 -0.447017 -0.143007 -0.480301
1.359600 0.345691 0.002456 0.035719 -0.736014 -0.455131 -0.148275 -0.478700
1.363576 0.345691 0.002456 0.035719 -0.730969 -0.463189 -0.153525 -0.477043
1.367551 0.345579 0.002456 0.035719 -0.725837 -0.471192 -0.158757 -0.475327
1.371527 0.345579 0.002456 0.035607 -0.720616 -0.479137 -0.163969 -0.473554
1.375502 0.345467 0.002456 0.035607 -0.715309 -0.487025 -0.169162 -0.471724
1.379478 0.345356 0.002456 0.035607 -0.700920 -0.497048 -0.171377 -0.481958
1.383453 0.345244 0.002567 0.035496 -0.695417 -0.504719 -0.176662 -0.480047
1.387428 0.345244 0.002567 0.035496 -0.680152 -0.523825 -0.178909 -0.480616
1.391404 0.345132 0.002567 0.035384 -0.669058 -0.529211 -0.190003 -0.486001
1.395379 0.345021 0.002679 0.035384 -0.653001 -0.547621 -0.192551 -0.486441
1.399355 0.345021 0.002679 0.035272 -0.637146 -0.556367 -0.195952 -0.496088
1.403330 0.344909 0.002679 0.035272 -0.624768 -0.570232 -0.206804 -0.491663
1.407306 0.344909 0.002791 0.035272 -0.608361 -0.578376 -0.210680 -0.500992
1.411281 0.344798 0.002791 0.035161 -0.601970 -0.585024 -0.216171 -0.498647
1.415256 0.344798 0.002791 0.035161 -0.590663 -0.595108 -0.213878 -0.501218
1.419232 0.344686 0.002791 0.035161 -0.578574 -0.599115 -0.225967 -0.505225
1.423207 0.344686 0.002902 0.035161 -0.571957 -0.605435 -0.231504 -0.502712
1.427183 0.344686 0.002902 0.035161 -0.565271 -0.611682 -0.237013 -0.500138
1.431158 0.344686 0.002902 0.035161 -0.568942 -0.617193 -0.243223 -0.486026
1.435134 0.344574 0.002902 0.035161 -0.568942 -0.617193 -0.243223 -0.486026
1.439109 0.344574 0.002902 0.035161 -0.562127 -0.623406 -0.248548 -0.483325
1.443085 0.344574 0.002902 0.035272 -0.567087 -0.620096 -0.255991 -0.477872
1.447060 0.344574 0.002902 0.035272 -0.572303 -0.622871 -0.249163 -0.471613
1.451035 0.344574 0.002902 0.035272 -0.572303 -0.622871 -0.249163 -0.471613
1.455011 0.344574 0.002902 0.035272 -0.575347 -0.628709 -0.254825 -0.456908
1.458986 0.344574 0.002902 0.035272 -0.575347 -0.628709 -0.254825 -0.456908
1.462962 0.344574 0.002902 0.035272 -0.580083 -0.625465 -0.262217 -0.451154
1.466937 0.344574 0.002791 0.035384 -0.585004 -0.628308 -0.255330 -0.444754
1.470913 0.344574 0.002791 0.035384 -0.585004 -0.628308 -0.255330 -0.444754
1.474888 0.344574 0.002791 0.035384 -0.585004 -0.628308 -0.255330 -0.444754
1.478864 0.344574 0.002791 0.035384 -0.594392 -0.627918 -0.255843 -0.432391
1.482839 0.344574 0.002791 0.035384 -0.594392 -0.627918 -0.255843 -0.432391
1.486814 0.344574 0.002679 0.035384 -0.594392 -0.627918 -0.255843 -0.432391
1.490790 0.344574 0.002679 0.035384 -0.592141 -0.637234 -0.253593 -0.423075
1.494765 0.344574 0.002679 0.035496 -0.592141 -0.637234 -0.253593 -0.423075
1.498741 0.344574 0.002679 0.035496 -0.596575 -0.634132 -0.260962 -0.416983
1.502716 0.344574 0.002679 0.035496 -0.589572 -0.640647 -0.265527 -0.414091
1.506692 0.344574 0.002679 0.035496 -0.593968 -0.637516 -0.272797 -0.407869
1.510667 0.344574 0.002567 0.035496 -0.591341 -0.647010 -0.270170 -0.398375
1.514642 0.344574 0.002567 0.035607 -0.584197 -0.653468 -0.274530 -0.395382
1.518618 0.344574 0.002567 0.035607 -0.581339 -0.656860 -0.285917 -0.385788
1.522593 0.344574 0.002567 0.035607 -0.578407 -0.660188 -0.297090 -0.375945
1.526569 0.344574 0.002567 0.035719 -0.571119 -0.666503 -0.301202 -0.372659
1.530544 0.344686 0.002567 0.035719 -0.568079 -0.669733 -0.312045 -0.362453
1.534520 0.344686 0.002567 0.035719 -0.564969 -0.672895 -0.322661 -0.352012
1.538495 0.344686 0.002567 0.035830 -0.557542 -0.679061 -0.326509 -0.348446
1.542471 0.344686 0.002567 0.035830 -0.554329 -0.682119 -0.336775 -0.337661
1.546446 0.344686 0.002567 0.035830 -0.539209 -0.694134 -0.344112 -0.330180
1.550421 0.344686 0.002567 0.035830 -0.531550 -0.700016 -0.347719 -0.326380
1.554397 0.344686 0.002567 0.035830 -0.516042 -0.711525 -0.354806 -0.318662
1.558372 0.344686 0.002567 0.035830 -0.508194 -0.717152 -0.358285 -0.314744
1.562348 0.344686 0.002567 0.035719 -0.492315 -0.728144 -0.365114 -0.306797
1.566323 0.344686 0.002567 0.035719 -0.471611 -0.741323 -0.366135 -0.306543
1.570299 0.344686 0.002567 0.035719 -0.458768 -0.748858 -0.363890 -0.310368
1.574274 0.344686 0.002567 0.035607 -0.432600 -0.763070 -0.359656 -0.318164
1.578250 0.344686 0.002679 0.035607 -0.407286 -0.770287 -0.369671 -0.322674
1.582225 0.344686 0.002679 0.035496 -0.383624 -0.786463 -0.357564 -0.326278
1.586200 0.344798 0.002679 0.035496 -0.361115 -0.796107 -0.359495 -0.326454
1.590176 0.344798 0.002679 0.035384 -0.333079 -0.806144 -0.356505 -0.334806
1.594151 0.344798 0.002679 0.035272 -0.295658 -0.818236 -0.357635 -0.339372
1.598127 0.344798 0.002791 0.035272 -0.266768 -0.825455 -0.355485 -0.347979
1.602102 0.344798 0.002791 0.035161 -0.237588 -0.831399 -0.353714 -0.356671
1.606078 0.344798 0.002791 0.035161 -0.202939 -0.842155 -0.347089 -0.359332
1.610053 0.344798 0.002791 0.035049 -0.173414 -0.845179 -0.346152 -0.368481
1.614028 0.344798 0.002791 0.035049 -0.143785 -0.846903 -0.345618 -0.377663
1.618004 0.344798 0.002679 0.035049 -0.123784 -0.852432 -0.340337 -0.377105
1.621979 0.344798 0.002679 0.035049 -0.094349 -0.858285 -0.339273 -0.373282
1.625955 0.344798 0.002679 0.035049 -0.070208 -0.858346 -0.343662 -0.374446
1.629930 0.344798 0.002567 0.035049 -0.055359 -0.863494 -0.342340 -0.366219
1.633906 0.344798 0.002567 0.035049 -0.031290 -0.862327 -0.346940 -0.367486
1.637881 0.344686 0.002456 0.035049 -0.016288 -0.866653 -0.345430 -0.359618
1.641857 0.344686 0.002456 0.035049 0.007641 -0.864268 -0.350261 -0.360970
1.645832 0.344686 0.002344 0.035161 0.022746 -0.867774 -0.348595 -0.353458
1.649807 0.344686 0.002344 0.035161 0.041807 -0.867065 -0.356276 -0.345714
1.653783 0.344574 0.002232 0.035161 0.065444 -0.862956 -0.361388 -0.347018
1.657758 0.344574 0.002232 0.035161 0.080659 -0.865311 -0.359440 -0.339901
1.661734 0.344574 0.002121 0.035161 0.094544 -0.861116 -0.361051 -0.345230
1.665709 0.344463 0.002121 0.035161 0.117738 -0.855374 -0.366606 -0.346515
1.669685 0.344463 0.002009 0.035161 0.135600 -0.846713 -0.366578 -0.360985
1.673660 0.344351 0.002009 0.035049 0.149082 -0.841334 -0.357511 -0.376984
1.677636 0.344351 0.002009 0.035049 0.175394 -0.829417 -0.362236 -0.387415
1.681611 0.344239 0.002009 0.034937 0.187752 -0.822455 -0.354009 -0.403727
1.685586 0.344239 0.002009 0.034937 0.204062 -0.810903 -0.355102 -0.417967
1.689562 0.344128 0.002009 0.034826 0.224082 -0.800157 -0.352334 -0.430577
1.693537 0.344128 0.001898 0.034826 0.239408 -0.787169 -0.354083 -0.444606
1.697513 0.344128 0.001898 0.034714 0.249303 -0.777427 -0.347490 -0.461201
1.701488 0.344016 0.001898 0.034714 0.255300 -0.766092 -0.344506 -0.478791
1.705464 0.344016 0.001898 0.034603 0.264021 -0.755236 -0.338509 -0.495300
1.709439 0.344016 0.001898 0.034603 0.269453 -0.749941 -0.334330 -0.503196
1.713414 0.343905 0.001898 0.034603 0.288264 -0.737614 -0.344140 -0.504379
1.717390 0.343905 0.001898 0.034491 0.293033 -0.731846 -0.340529 -0.512419
1.721365 0.343793 0.002009 0.034491 0.295449 -0.732341 -0.338113 -0.511924
1.725341 0.343793 0.002009 0.034491 0.311468 -0.725673 -0.349278 -0.504372
1.729316 0.343681 0.002009 0.034491 0.321206 -0.715670 -0.354164 -0.509128
1.733292 0.343681 0.002009 0.034603 0.323479 -0.716007 -0.351891 -0.508791
1.737267 0.343570 0.002009 0.034603 0.337659 -0.715324 -0.363262 -0.492280
1.741243 0.343570 0.002009 0.034603 0.345497 -0.711571 -0.368648 -0.488259
1.745218 0.343458 0.002121 0.034603 0.355752 -0.707933 -0.371532 -0.483979
1.749193 0.343346 0.002121 0.034603 0.362377 -0.710550 -0.376605 -0.471138
1.753169 0.343235 0.002121 0.034714 0.376869 -0.708923 -0.386405 -0.453970
1.757144 0.343235 0.002121 0.034714 0.384635 -0.704740 -0.391369 -0.449697
1.761120 0.343123 0.002232 0.034826 0.391418 -0.706915 -0.395585 -0.436549
1.765095 0.343012 0.002232 0.034826 0.406855 -0.698145 -0.405081 -0.427752
1.769071 0.342900 0.002232 0.034826 0.414500 -0.693633 -0.409756 -0.423276
1.773046 0.342900 0.002232 0.034937 0.421393 -0.695432 -0.413244 -0.409917
1.777021 0.342788 0.002344 0.034937 0.429007 -0.690761 -0.417722 -0.405352
1.780997 0.342788 0.002344 0.034937 0.436570 -0.686006 -0.422150 -0.400738
1.784972 0.342677 0.002344 0.034937 0.444080 -0.681169 -0.426527 -0.396076
1.788948 0.342677 0.002456 0.034937 0.451537 -0.676249 -0.430853 -0.391367
1.792923 0.342677 0.002456 0.035049 0.451537 -0.676249 -0.430853 -0.391367
1.796899 0.342677 0.002456 0.035049 0.458939 -0.671247 -0.435127 -0.386610
1.800874 0.342677 0.002456 0.035049 0.458939 -0.671247 -0.435127 -0.386610
1.804850 0.342677 0.002456 0.035049 0.463606 -0.659985 -0.444025 -0.390297
1.808825 0.342677 0.002456 0.035049 0.470828 -0.654852 -0.448286 -0.385395
1.812800 0.342677 0.002456 0.035049 0.470828 -0.654852 -0.448286 -0.385395
1.816776 0.342677 0.002456 0.035049 0.463606 -0.659985 -0.444025 -0.390297
1.820751 0.342677 0.002456 0.035049 0.467865 -0.655067 -0.451249 -0.385180
1.824727 0.342677 0.002456 0.035049 0.467865 -0.655067 -0.451249 -0.385180
1.828702 0.342788 0.002456 0.035049 0.467865 -0.655067 -0.451249 -0.385180
1.832678 0.342788 0.002456 0.035049 0.460641 -0.660168 -0.446990 -0.390114
1.836653 0.342788 0.002456 0.035049 0.461199 -0.653636 -0.448319 -0.398830
1.840629 0.342788 0.002456 0.035049 0.458398 -0.653747 -0.451120 -0.398719
1.844604 0.342788 0.002456 0.035049 0.458398 -0.653747 -0.451120 -0.398719
1.848579 0.342788 0.002456 0.035049 0.451189 -0.658744 -0.446712 -0.403651
1.852555 0.342788 0.002344 0.035049 0.444740 -0.657060 -0.443167 -0.417230
1.856530 0.342788 0.002344 0.035049 0.449297 -0.652152 -0.450359 -0.412319
1.860506 0.342788 0.002344 0.035049 0.443036 -0.650369 -0.446496 -0.425887
1.864481 0.342788 0.002344 0.035049 0.435864 -0.655197 -0.441790 -0.430767
1.868457 0.342788 0.002232 0.035049 0.436816 -0.648450 -0.442336 -0.439367
1.872432 0.342788 0.002232 0.035049 0.434519 -0.648364 -0.444633 -0.439453
1.876407 0.342788 0.002232 0.035049 0.428512 -0.646291 -0.440008 -0.452855
1.880383 0.342788 0.002121 0.035049 0.428512 -0.646291 -0.440008 -0.452855
1.884358 0.342788 0.002121 0.035049 0.422552 -0.644087 -0.435090 -0.466153
1.888334 0.342788 0.002121 0.035049 0.428856 -0.632317 -0.442094 -0.469904
1.892309 0.342788 0.002121 0.035049 0.421883 -0.636991 -0.436905 -0.474733
1.896285 0.342788 0.002009 0.035049 0.421883 -0.636991 -0.436905 -0.474733
1.900260 0.342788 0.002009 0.035049 0.427073 -0.632152 -0.443877 -0.470069
1.904236 0.342788 0.002009 0.035049 0.427073 -0.632152 -0.443877 -0.470069
1.908211 0.342900 0.002009 0.035049 0.427073 -0.632152 -0.443877 -0.470069
1.912186 0.342900 0.002009 0.035161 0.433628 -0.620230 -0.450450 -0.473683
1.916162 0.342900 0.002009 0.035161 0.432212 -0.627238 -0.450795 -0.465349
1.920137 0.342900 0.002009 0.035161 0.439077 -0.622451 -0.455880 -0.460368
1.924113 0.342900 0.002121 0.035161 0.444108 -0.617406 -0.462691 -0.455517
1.928088 0.342900 0.002121 0.035272 0.450864 -0.612489 -0.467667 -0.450406
1.932064 0.342900 0.002121 0.035272 0.450864 -0.612489 -0.467667 -0.450406
1.936039 0.342900 0.002121 0.035272 0.457566 -0.607499 -0.472587 -0.445241
1.940015 0.342900 0.002232 0.035384 0.462957 -0.609426 -0.477448 -0.431641
1.943990 0.342900 0.002232 0.035384 0.467671 -0.604144 -0.484115 -0.426528
1.947965 0.342900 0.002232 0.035384 0.474280 -0.598970 -0.488772 -0.421184
1.951941 0.342900 0.002232 0.035384 0.480832 -0.593723 -0.493369 -0.415789
1.955916 0.342788 0.002344 0.035384 0.480832 -0.593723 -0.493369 -0.415789
1.959892 0.342788 0.002344 0.035384 0.487326 -0.588405 -0.497907 -0.410344
1.963867 0.342788 0.002344 0.035496 0.494799 -0.575973 -0.502678 -0.413212
1.967843 0.342788 0.002344 0.035496 0.494799 -0.575973 -0.502678 -0.413212
1.971818 0.342788 0.002456 0.035496 0.501097 -0.570502 -0.507187 -0.407664
1.975793 0.342788 0.002456 0.035496 0.505545 -0.564896 -0.513424 -0.402135
1.979769 0.342788 0.002456 0.035496 0.506537 -0.557770 -0.513670 -0.410434
1.983744 0.342788 0.002456 0.035496 0.506537 -0.557770 -0.513670 -0.410434
1.987720 0.342788 0.002456 0.035496 0.506537 -0.557770 -0.513670 -0.410434
1.991695 0.342677 0.002456 0.035496 0.507468 -0.550577 -0.513853 -0.418684
1.995671 0.342677 0.002344 0.035496 0.507468 -0.550577 -0.513853 -0.418684
1.999646 0.342677 0.002344 0.035496 0.508337 -0.543318 -0.513974 -0.426883
2.003622 0.342677 0.002344 0.035496 0.502338 -0.548870 -0.509253 -0.432504
2.007597 0.342677 0.002344 0.035496 0.508037 -0.535927 -0.515141 -0.435097
2.011572 0.342677 0.002232 0.035496 0.502118 -0.541476 -0.510330 -0.440730
2.015548 0.342677 0.002232 0.035496 0.503116 -0.534107 -0.510069 -0.448813
2.019523 0.342677 0.002232 0.035496 0.503116 -0.534107 -0.510069 -0.448813
2.023499 0.342565 0.002232 0.035496 0.498237 -0.532180 -0.504696 -0.462415
2.027474 0.342565 0.002121 0.035496 0.504333 -0.519122 -0.509957 -0.464871
2.031450 0.342565 0.002121 0.035496 0.498599 -0.524631 -0.504819 -0.470445
2.035425 0.342565 0.002121 0.035496 0.499667 -0.517099 -0.504116 -0.478340
2.039401 0.342454 0.002009 0.035496 0.499667 -0.517099 -0.504116 -0.478340
2.043376 0.342454 0.002009 0.035496 0.505986 -0.503943 -0.508919 -0.480647
2.047351 0.342454 0.002009 0.035496 0.501535 -0.501836 -0.502614 -0.493965
2.051327 0.342454 0.001898 0.035496 0.502591 -0.494140 -0.501560 -0.501663
2.055302 0.342342 0.001898 0.035496 0.502591 -0.494140 -0.501560 -0.501663
2.059278 0.342342 0.001898 0.035384 0.514403 -0.475235 -0.511261 -0.498149
2.063253 0.342342 0.001898 0.035384 0.515335 -0.467424 -0.510083 -0.505727
2.067229 0.342342 0.001898 0.035384 0.515335 -0.467424 -0.510083 -0.505727
2.071204 0.342342 0.001898 0.035384 0.516205 -0.459556 -0.508844 -0.513244
2.075179 0.342342 0.001898 0.035384 0.521943 -0.445925 -0.513232 -0.515091
2.079155 0.342342 0.001898 0.035384 0.528309 -0.432289 -0.516732 -0.516725
2.083130 0.342342 0.001898 0.035384 0.533026 -0.426459 -0.522377 -0.511017
2.087106 0.342342 0.001898 0.035272 0.538178 -0.412541 -0.526690 -0.512613
2.091081 0.342342 0.001898 0.035272 0.542677 -0.406604 -0.532290 -0.506796
2.095057 0.342342 0.001898 0.035272 0.543022 -0.398513 -0.531037 -0.514114
2.099032 0.342454 0.002009 0.035384 0.552918 -0.386604 -0.540933 -0.502205
2.103008 0.342454 0.002009 0.035384 0.557312 -0.372377 -0.545171 -0.503514
2.106983 0.342454 0.002009 0.035384 0.561369 -0.366232 -0.550670 -0.497495
2.110958 0.342454 0.002009 0.035384 0.566801 -0.360160 -0.554660 -0.491297
2.114934 0.342454 0.002009 0.035384 0.570724 -0.353912 -0.560024 -0.485174
2.118909 0.342454 0.001898 0.035384 0.570724 -0.353912 -0.560024 -0.485174
2.122885 0.342342 0.001898 0.035384 0.574577 -0.347620 -0.565321 -0.478992
2.126860 0.342342 0.001898 0.035496 0.583520 -0.334998 -0.574264 -0.466370
2.130836 0.342230 0.001898 0.035496 0.583520 -0.334998 -0.574264 -0.466370
2.134811 0.342230 0.001898 0.035496 0.583520 -0.334998 -0.574264 -0.466370
2.138786 0.342119 0.001898 0.035496 0.592184 -0.322183 -0.582927 -0.453555
2.142762 0.342119 0.001786 0.035496 0.592184 -0.322183 -0.582927 -0.453555
2.146737 0.342007 0.001786 0.035496 0.592184 -0.322183 -0.582927 -0.453555
2.150713 0.341895 0.001786 0.035496 0.595503 -0.307526 -0.586773 -0.454425
2.154688 0.341784 0.001786 0.035496 0.603463 -0.286293 -0.593817 -0.448609
2.158664 0.341784 0.001674 0.035384 0.606142 -0.271462 -0.597534 -0.449280
2.162639 0.341672 0.001674 0.035384 0.608495 -0.256576 -0.601265 -0.449870
2.166615 0.341561 0.001674 0.035384 0.615431 -0.234981 -0.607626 -0.443643
2.170590 0.341561 0.001674 0.035272 0.616214 -0.211700 -0.609892 -0.451105
2.174565 0.341561 0.001674 0.035272 0.617419 -0.196637 -0.613492 -0.451393
2.178541 0.341449 0.001674 0.035161 0.616969 -0.173238 -0.615706 -0.458523
2.182516 0.341449 0.001674 0.035161 0.622391 -0.136168 -0.624462 -0.451813
2.186492 0.341449 0.001674 0.035049 0.623395 -0.114179 -0.632831 -0.444822
2.190467 0.341449 0.001674 0.035049 0.621488 -0.083941 -0.639708 -0.444388
2.194443 0.341449 0.001674 0.035049 0.620036 -0.068861 -0.643137 -0.444058
2.198418 0.341449 0.001674 0.035049 0.615678 -0.045581 -0.645062 -0.450286
2.202394 0.341449 0.001563 0.035049 0.613401 -0.030603 -0.648468 -0.449769
2.206369 0.341449 0.001563 0.035049 0.610796 -0.015679 -0.651862 -0.449176
2.210344 0.341449 0.001563 0.035049 0.602950 -0.001390 -0.660154 -0.447935
2.214320 0.341449 0.001563 0.035049 0.599538 0.013330 -0.663672 -0.447119
2.218295 0.341449 0.001451 0.035049 0.595803 0.027973 -0.667172 -0.446227
2.222271 0.341337 0.001451 0.035049 0.586820 0.035159 -0.671077 -0.451731
2.226246 0.341337 0.001339 0.035049 0.582457 0.049584 -0.674693 -0.450638
2.230222 0.341337 0.001339 0.035049 0.573610 0.071832 -0.676882 -0.455678
2.234197 0.341226 0.001228 0.035049 0.568462 0.085996 -0.680432 -0.454388
2.238172 0.341226 0.001228 0.035049 0.553379 0.100335 -0.683584 -0.465207
2.242148 0.341114 0.001228 0.035049 0.546191 0.120164 -0.692262 -0.456081
2.246123 0.341114 0.001228 0.035049 0.538126 0.154933 -0.697710 -0.446784
2.250099 0.341002 0.001116 0.034937 0.520507 0.183159 -0.697772 -0.456769
2.254074 0.340891 0.001116 0.034937 0.505131 0.209081 -0.704269 -0.452915
2.258050 0.340779 0.001116 0.034937 0.496161 0.236658 -0.703060 -0.451136
2.262025 0.340779 0.001005 0.034937 0.483674 0.269162 -0.706056 -0.441698
2.266001 0.340668 0.001005 0.034826 0.473244 0.295784 -0.703458 -0.440112
2.269976 0.340668 0.001005 0.034826 0.458692 0.326988 -0.704969 -0.430929
2.273951 0.340556 0.001005 0.034826 0.442981 0.357384 -0.705709 -0.421923
2.277927 0.340556 0.001005 0.034826 0.425728 0.374480 -0.705274 -0.425569
2.281902 0.340444 0.001005 0.034714 0.415081 0.397451 -0.707613 -0.411127
2.285878 0.340333 0.001005 0.034714 0.408249 0.415514 -0.704960 -0.404614
2.289853 0.340221 0.001005 0.034826 0.401101 0.433314 -0.701955 -0.398265
2.293829 0.340221 0.001005 0.034826 0.393646 0.450841 -0.698607 -0.392090
2.297804 0.340109 0.001005 0.034826 0.381626 0.460419 -0.700022 -0.390314
2.301780 0.340109 0.001116 0.034826 0.369399 0.469732 -0.701398 -0.388507
2.305755 0.339998 0.001116 0.034826 0.363065 0.485503 -0.704473 -0.369036
2.309730 0.339998 0.001116 0.034826 0.357710 0.489462 -0.708485 -0.361275
2.313706 0.339886 0.001116 0.034826 0.344969 0.498103 -0.709665 -0.359535
2.317681 0.339886 0.001116 0.034826 0.339476 0.501863 -0.713572 -0.351717
2.321657 0.339775 0.001116 0.034826 0.337700 0.513413 -0.711795 -0.340167
2.325632 0.339775 0.001228 0.034826 0.332039 0.517092 -0.715490 -0.332326
2.329608 0.339663 0.001228 0.034826 0.318825 0.525031 -0.716485 -0.330670
2.333583 0.339663 0.001228 0.034826 0.313037 0.528502 -0.720075 -0.322778
2.337558 0.339663 0.001228 0.034826 0.304703 0.543207 -0.721068 -0.303551
2.341534 0.339551 0.001339 0.034826 0.291055 0.550418 -0.721892 -0.301991
2.345509 0.339551 0.001339 0.034826 0.288204 0.561516 -0.719041 -0.290894
2.349485 0.339551 0.001339 0.034826 0.282017 0.564648 -0.722193 -0.282977
2.353460 0.339551 0.001339 0.034826 0.272461 0.578674 -0.721922 -0.264064
2.357436 0.339551 0.001451 0.034826 0.266087 0.581632 -0.724780 -0.256117
2.361411 0.339440 0.001451 0.034826 0.262392 0.592478 -0.721084 -0.245271
2.365387 0.339440 0.001451 0.034826 0.255867 0.595325 -0.723735 -0.237334
2.369362 0.339440 0.001451 0.034826 0.251816 0.606043 -0.719684 -0.226616
2.373337 0.339440 0.001451 0.034826 0.251816 0.606043 -0.719684 -0.226616
2.377313 0.339440 0.001451 0.034826 0.245143 0.608773 -0.722130 -0.218696
2.381288 0.339440 0.001451 0.034826 0.238440 0.611430 -0.724489 -0.210749
2.385264 0.339440 0.001451 0.034937 0.246185 0.608477 -0.726374 -0.203789
2.389239 0.339440 0.001451 0.034937 0.239485 0.611144 -0.728569 -0.195797
2.393215 0.339440 0.001451 0.034937 0.239485 0.611144 -0.728569 -0.195797
2.397190 0.339440 0.001451 0.034937 0.239485 0.611144 -0.728569 -0.195797
2.401166 0.339440 0.001451 0.034937 0.247233 0.608203 -0.730289 -0.188793
2.405141 0.339440 0.001451 0.034937 0.245144 0.600143 -0.736927 -0.191498
2.409116 0.339440 0.001451 0.034937 0.245144 0.600143 -0.736927 -0.191498
2.413092 0.339440 0.001339 0.034937 0.243025 0.592011 -0.743476 -0.194179
2.417067 0.339440 0.001339 0.034937 0.247277 0.581126 -0.747727 -0.205065
2.421043 0.339440 0.001339 0.034937 0.255188 0.577971 -0.749333 -0.198313
2.425018 0.339440 0.001228 0.034937 0.252994 0.569704 -0.755637 -0.201105
2.428994 0.339440 0.001228 0.034937 0.250769 0.561368 -0.761851 -0.203872
2.432969 0.339328 0.001228 0.034937 0.254574 0.550201 -0.765656 -0.215039
2.436944 0.339328 0.001116 0.034937 0.252197 0.541756 -0.771654 -0.217823
2.440920 0.339328 0.001116 0.034937 0.249788 0.533246 -0.777559 -0.220581
2.444895 0.339328 0.001005 0.034937 0.253099 0.521923 -0.780870 -0.231904
2.448871 0.339328 0.001005 0.034826 0.247943 0.504640 -0.792149 -0.237409
2.452846 0.339216 0.000893 0.034826 0.236855 0.499391 -0.796228 -0.246026
2.456822 0.339216 0.000893 0.034826 0.234138 0.490614 -0.801666 -0.248614
2.460797 0.339216 0.000893 0.034826 0.231393 0.481777 -0.807008 -0.251171
2.464773 0.339216 0.000781 0.034714 0.225818 0.463930 -0.817398 -0.256194
2.468748 0.339216 0.000781 0.034714 0.214187 0.458424 -0.821123 -0.264062
2.472723 0.339216 0.000670 0.034714 0.211273 0.449375 -0.826110 -0.266400
2.476699 0.339216 0.000670 0.034714 0.208333 0.440272 -0.830997 -0.268704
2.480674 0.339216 0.000670 0.034714 0.200620 0.433347 -0.838710 -0.261779
2.484650 0.339216 0.000558 0.034714 0.203945 0.411346 -0.849103 -0.261200
2.488625 0.339216 0.000558 0.034714 0.196635 0.404177 -0.856413 -0.254031
2.492601 0.339216 0.000558 0.034714 0.193832 0.394744 -0.860802 -0.256176
2.496576 0.339105 0.000558 0.034826 0.197505 0.372281 -0.870033 -0.255814
2.500552 0.339105 0.000558 0.034826 0.200098 0.361412 -0.877426 -0.243856
2.504527 0.339105 0.000558 0.034826 0.197407 0.351751 -0.881343 -0.246040
2.508502 0.338993 0.000558 0.034937 0.204177 0.338590 -0.885546 -0.243878
2.512478 0.338993 0.000558 0.034937 0.204844 0.317818 -0.895608 -0.234344
2.516453 0.338882 0.000558 0.035049 0.211869 0.304522 -0.899062 -0.232519
2.520429 0.338882 0.000558 0.035049 0.218932 0.291154 -0.902223 -0.230848
2.524404 0.338770 0.000446 0.035049 0.222966 0.280186 -0.907555 -0.219376
2.528380 0.338770 0.000446 0.035161 0.220543 0.270198 -0.910578 -0.221813
2.532355 0.338658 0.000446 0.035161 0.227835 0.256756 -0.912987 -0.220506
2.536330 0.338658 0.000446 0.035161 0.222675 0.249171 -0.918147 -0.212922
2.540306 0.338547 0.000446 0.035161 0.220322 0.239069 -0.920829 -0.215355
2.544281 0.338547 0.000446 0.035272 0.230155 0.235738 -0.920099 -0.211835
2.548257 0.338435 0.000446 0.035272 0.227813 0.225616 -0.922633 -0.214351
2.552232 0.338435 0.000446 0.035272 0.227813 0.225616 -0.922633 -0.214351
2.556208 0.338435 0.000446 0.035272 0.225445 0.215466 -0.925056 -0.216841
2.560183 0.338435 0.000446 0.035272 0.213121 0.221135 -0.928222 -0.209959
2.564159 0.338435 0.000446 0.035272 0.213121 0.221135 -0.928222 -0.209959
2.568134 0.338435 0.000446 0.035272 0.213121 0.221135 -0.928222 -0.209959
2.572109 0.338435 0.000446 0.035272 0.208472 0.213227 -0.932871 -0.202051
2.576085 0.338435 0.000335 0.035272 0.208472 0.213227 -0.932871 -0.202051
2.580060 0.338435 0.000335 0.035272 0.198433 0.216288 -0.933668 -0.205202
2.584036 0.338435 0.000335 0.035161 0.198433 0.216288 -0.933668 -0.205202
2.588011 0.338435 0.000335 0.035161 0.196045 0.218455 -0.935866 -0.194933
2.591987 0.338435 0.000335 0.035161 0.196045 0.218455 -0.935866 -0.194933
2.595962 0.338435 0.000335 0.035161 0.185950 0.221378 -0.936584 -0.198051
2.599937 0.338435 0.000335 0.035161 0.188115 0.231654 -0.934096 -0.195996
2.603913 0.338324 0.000335 0.035161 0.185558 0.233707 -0.936192 -0.185722
2.607888 0.338324 0.000335 0.035161 0.185558 0.233707 -0.936192 -0.185722
2.611864 0.338324 0.000335 0.035161 0.185558 0.233707 -0.936192 -0.185722
2.615839 0.338324 0.000446 0.035161 0.185558 0.233707 -0.936192 -0.185722
2.619815 0.338324 0.000446 0.035161 0.175444 0.236499 -0.936801 -0.188921
2.623790 0.338324 0.000446 0.035161 0.172835 0.238413 -0.938820 -0.178618
2.627766 0.338324 0.000446 0.035161 0.172835 0.238413 -0.938820 -0.178618
2.631741 0.338324 0.000446 0.035161 0.162670 0.241065 -0.939350 -0.181789
2.635716 0.338212 0.000446 0.035161 0.160012 0.242838 -0.941291 -0.171458
2.639692 0.338212 0.000446 0.035161 0.160012 0.242838 -0.941291 -0.171458
2.643667 0.338212 0.000446 0.035161 0.161886 0.253164 -0.938566 -0.169690
2.647643 0.338212 0.000446 0.035049 0.151708 0.255680 -0.938990 -0.172946
2.651618 0.338212 0.000446 0.035049 0.151708 0.255680 -0.938990 -0.172946
2.655594 0.338212 0.000446 0.035049 0.138667 0.259704 -0.941179 -0.165851
2.659569 0.338212 0.000446 0.035049 0.138667 0.259704 -0.941179 -0.165851
2.663545 0.338324 0.000446 0.035049 0.128428 0.262046 -0.941412 -0.169062
2.667520 0.338324 0.000446 0.035049 0.125541 0.263441 -0.943212 -0.158710
2.671495 0.338324 0.000446 0.035049 0.115262 0.265638 -0.943366 -0.161899
2.675471 0.338324 0.000446 0.035049 0.104968 0.267803 -0.943406 -0.165069
2.679446 0.338324 0.000446 0.035049 0.102019 0.268941 -0.945163 -0.154695
2.683422 0.338324 0.000446 0.035049 0.091690 0.270960 -0.945123 -0.157845
2.687397 0.338324 0.000446 0.035049 0.088708 0.271951 -0.946801 -0.147453
2.691373 0.338324 0.000558 0.035049 0.078346 0.273824 -0.946682 -0.150586
2.695348 0.338324 0.000558 0.035049 0.066513 0.286793 -0.944986 -0.142572
2.699323 0.338324 0.000558 0.035049 0.063359 0.287507 -0.946496 -0.132181
2.703299 0.338324 0.000558 0.035049 0.049798 0.289646 -0.947629 -0.124996
2.707274 0.338324 0.000558 0.035161 0.047869 0.300584 -0.945700 -0.114058
2.711250 0.338324 0.000558 0.035161 0.037485 0.301891 -0.945345 -0.117382
2.715225 0.338324 0.000558 0.035161 0.021526 0.314074 -0.943907 -0.099672
2.719201 0.338212 0.000558 0.035161 0.019055 0.324654 -0.941435 -0.089092
2.723176 0.338212 0.000670 0.035272 0.006031 0.335939 -0.938268 -0.082229
2.727152 0.338212 0.000670 0.035272 -0.010969 0.346784 -0.935599 -0.065380
2.731127 0.338100 0.000670 0.035272 -0.024426 0.357236 -0.931820 -0.059143
2.735102 0.338100 0.000670 0.035272 -0.042055 0.366893 -0.928316 -0.043013
2.739078 0.337989 0.000781 0.035272 -0.055881 0.376479 -0.923980 -0.037436
2.743053 0.337989 0.000781 0.035272 -0.079916 0.385376 -0.918571 -0.036407
2.747029 0.337877 0.000781 0.035272 -0.093535 0.404072 -0.909348 -0.032613
2.751004 0.337877 0.000781 0.035272 -0.107635 0.412321 -0.904216 -0.028270
2.754980 0.337877 0.000781 0.035272 -0.131632 0.419298 -0.897789 -0.028943
2.758955 0.337765 0.000670 0.035272 -0.155505 0.425496 -0.890988 -0.030179
2.762931 0.337765 0.000670 0.035272 -0.164829 0.434081 -0.884902 -0.036790
2.766906 0.337765 0.000670 0.035272 -0.188412 0.439187 -0.877552 -0.038965
2.770881 0.337765 0.000670 0.035272 -0.207453 0.436219 -0.874230 -0.048984
2.774857 0.337765 0.000558 0.035272 -0.221197 0.441810 -0.868149 -0.046831
2.778832 0.337765 0.000558 0.035272 -0.239294 0.447746 -0.859476 -0.059694
2.782808 0.337765 0.000446 0.035272 -0.262666 0.441096 -0.856012 -0.060701
2.786783 0.337765 0.000446 0.035161 -0.281005 0.436889 -0.851531 -0.071125
2.790759 0.337765 0.000446 0.035161 -0.303943 0.429158 -0.847483 -0.072208
2.794734 0.337877 0.000446 0.035161 -0.326593 0.420771 -0.843153 -0.073357
2.798709 0.337877 0.000335 0.035161 -0.345289 0.406318 -0.842189 -0.079996
2.802685 0.337877 0.000335 0.035161 -0.367415 0.396944 -0.837186 -0.080998
2.806660 0.337877 0.000335 0.035161 -0.390073 0.377782 -0.836105 -0.077802
2.810636 0.337877 0.000335 0.035161 -0.420072 0.364040 -0.827039 -0.083791
2.814611 0.337877 0.000335 0.035049 -0.454024 0.335328 -0.821980 -0.075938
2.818587 0.337877 0.000335 0.035049 -0.475054 0.314111 -0.818846 -0.071755
2.822562 0.337877 0.000335 0.035049 -0.506159 0.292053 -0.808566 -0.068767
2.826538 0.337877 0.000335 0.035049 -0.528825 0.263815 -0.804788 -0.055330
2.830513 0.337877 0.000446 0.035049 -0.547775 0.240788 -0.799632 -0.050515
2.834488 0.337877 0.000446 0.035049 -0.568084 0.219906 -0.791881 -0.042976
2.838464 0.337877 0.000446 0.035049 -0.587814 0.189529 -0.785935 -0.029329
2.842439 0.337765 0.000446 0.035049 -0.604566 0.165140 -0.778873 -0.024196
2.846415 0.337765 0.000558 0.035049 -0.615091 0.146996 -0.774536 -0.012170
2.850390 0.337765 0.000558 0.035049 -0.630541 0.121968 -0.766481 -0.007018
2.854366 0.337765 0.000558 0.035049 -0.638609 0.110066 -0.761611 -0.003717
2.858341 0.337654 0.000558 0.035049 -0.646380 0.089670 -0.757700 0.006578
2.862317 0.337654 0.000558 0.035161 -0.647326 0.082563 -0.757582 0.014902
2.866292 0.337654 0.000558 0.035161 -0.653883 0.077480 -0.752555 0.009745
2.870267 0.337654 0.000558 0.035272 -0.654458 0.062021 -0.753129 0.025204
2.874243 0.337654 0.000558 0.035272 -0.660936 0.056914 -0.748012 0.020061
2.878218 0.337654 0.000558 0.035272 -0.660676 0.048693 -0.748592 0.027321
2.882194 0.337654 0.000446 0.035384 -0.667131 0.043636 -0.743329 0.022246
2.886169 0.337654 0.000446 0.035384 -0.667570 0.036304 -0.743039 0.030410
2.890145 0.337654 0.000446 0.035496 -0.673889 0.031172 -0.737742 0.025274
2.894120 0.337765 0.000446 0.035496 -0.673570 0.023065 -0.738040 0.032676
2.898095 0.337765 0.000446 0.035496 -0.679864 0.017989 -0.732598 0.027606
2.902071 0.337765 0.000446 0.035496 -0.680020 0.010519 -0.732251 0.035653
2.906046 0.337877 0.000335 0.035496 -0.686193 -0.002166 -0.726397 0.038501
2.910022 0.337877 0.000446 0.035496 -0.692208 -0.007379 -0.720892 0.033302
2.913997 0.337877 0.000446 0.035496 -0.697959 -0.020261 -0.714947 0.035956
2.917973 0.337989 0.000446 0.035496 -0.703426 -0.033266 -0.708946 0.038479
2.921948 0.337989 0.000446 0.035496 -0.708606 -0.046387 -0.702891 0.040869
2.925924 0.338100 0.000446 0.035496 -0.713496 -0.059620 -0.696785 0.043126
2.929899 0.338100 0.000446 0.035496 -0.718095 -0.072956 -0.690630 0.045248
2.933874 0.338100 0.000446 0.035496 -0.722399 -0.086391 -0.684431 0.047234
2.937850 0.338212 0.000446 0.035496 -0.726407 -0.099917 -0.678189 0.049084
2.941825 0.338212 0.000446 0.035384 -0.735331 -0.111824 -0.667396 0.036978
2.945801 0.338212 0.000446 0.035384 -0.738606 -0.125618 -0.661213 0.038446
2.949776 0.338212 0.000446 0.035384 -0.743066 -0.131326 -0.655397 0.032580
2.953752 0.338212 0.000335 0.035384 -0.746212 -0.138080 -0.650726 0.025647
2.957727 0.338212 0.000335 0.035384 -0.746212 -0.138080 -0.650726 0.025647
2.961702 0.338212 0.000335 0.035384 -0.750363 -0.143866 -0.644880 0.019662
2.965678 0.338212 0.000223 0.035384 -0.750534 -0.136773 -0.646422 0.011417
2.969653 0.338212 0.000223 0.035384 -0.754529 -0.142606 -0.640563 0.005386
2.973629 0.338212 0.000223 0.035384 -0.758380 -0.141441 -0.636218 -0.008978
2.977604 0.338100 0.000112 0.035384 -0.756780 -0.149765 -0.636279 -0.001988
2.981580 0.338100 0.000112 0.035496 -0.756780 -0.149765 -0.636279 -0.001988
2.985555 0.338100 0.000112 0.035496 -0.756780 -0.149765 -0.636279 -0.001988
2.989531 0.338100 0.000000 0.035496 -0.756713 -0.142765 -0.637885 -0.010302
2.993506 0.337989 0.000000 0.035607 -0.755099 -0.151070 -0.637960 -0.003294
2.997481 0.337989 0.000000 0.035607 -0.755099 -0.151070 -0.637960 -0.003294
3.001457 0.337989 0.000000 0.035607 -0.753393 -0.159356 -0.637958 0.003715
3.005432 0.337989 -0.000112 0.035719 -0.751597 -0.167624 -0.637879 0.010724
3.009408 0.337877 -0.000112 0.035719 -0.749710 -0.175871 -0.637722 0.017731
3.013383 0.337877 -0.000112 0.035719 -0.747733 -0.184096 -0.637489 0.024736
3.017359 0.337877 -0.000112 0.035830 -0.745665 -0.192300 -0.637179 0.031738
3.021334 0.337765 -0.000112 0.035830 -0.743508 -0.200480 -0.636792 0.038736
3.025310 0.337765 -0.000112 0.035830 -0.741260 -0.208637 -0.636328 0.045730
3.029285 0.337765 -0.000112 0.035830 -0.735797 -0.231837 -0.632660 0.067787
3.033260 0.337765 -0.000112 0.035830 -0.736148 -0.246212 -0.626778 0.067931
3.037236 0.337765 -0.000112 0.035830 -0.733399 -0.254285 -0.625994 0.074812
3.041211 0.337654 -0.000112 0.035830 -0.733276 -0.268664 -0.620111 0.074762
3.045187 0.337654 -0.000112 0.035830 -0.727196 -0.284709 -0.618318 0.088368
3.049162 0.337654 -0.000112 0.035830 -0.724024 -0.292681 -0.617310 0.095156
3.053138 0.337542 -0.000112 0.035830 -0.718537 -0.321644 -0.606863 0.109395
3.057113 0.337542 0.000000 0.035830 -0.714960 -0.329518 -0.605625 0.116055
3.061088 0.337542 0.000000 0.035830 -0.711297 -0.337353 -0.604313 0.122702
3.065064 0.337431 0.000000 0.035830 -0.703713 -0.352900 -0.601471 0.135949
3.069039 0.337431 0.000000 0.035830 -0.699794 -0.360609 -0.599941 0.142549
3.073015 0.337431 0.000000 0.035830 -0.697635 -0.374760 -0.593969 0.141638
3.076990 0.337319 0.000000 0.035830 -0.693476 -0.382401 -0.592377 0.148155
3.080966 0.337319 0.000000 0.035719 -0.684907 -0.397545 -0.588979 0.161134
3.084941 0.337207 0.000112 0.035719 -0.680498 -0.405046 -0.587173 0.167595
3.088917 0.337207 0.000112 0.035719 -0.676007 -0.412497 -0.585297 0.174036
3.092892 0.337096 0.000112 0.035719 -0.674624 -0.420049 -0.584062 0.165267
3.096867 0.337096 0.000112 0.035719 -0.674624 -0.420049 -0.584062 0.165267
3.100843 0.337096 0.000112 0.035607 -0.671063 -0.433980 -0.578361 0.163810
3.104818 0.336984 0.000112 0.035607 -0.668084 -0.434966 -0.581340 0.162824
3.108794 0.336984 0.000112 0.035607 -0.664048 -0.448834 -0.575843 0.161224
3.112769 0.336872 0.000112 0.035496 -0.659708 -0.462610 -0.570382 0.159504
3.116745 0.336872 0.000112 0.035496 -0.661884 -0.462808 -0.571777 0.144185
3.120720 0.336872 0.000112 0.035384 -0.656760 -0.470052 -0.570159 0.150458
3.124696 0.336761 0.000112 0.035384 -0.658596 -0.470239 -0.571726 0.135111
3.128671 0.336761 0.000112 0.035272 -0.654888 -0.477616 -0.571948 0.126019
3.132646 0.336761 0.000112 0.035272 -0.654792 -0.484021 -0.568409 0.117825
3.136622 0.336649 0.000112 0.035161 -0.650759 -0.484926 -0.572442 0.116920
3.140597 0.336649 0.000000 0.035161 -0.651579 -0.485028 -0.574357 0.101524
3.144573 0.336649 0.000000 0.035161 -0.647356 -0.485830 -0.578580 0.100722
3.148548 0.336538 0.000000 0.035049 -0.643117 -0.486539 -0.582819 0.100013
3.152524 0.336538 0.000000 0.035049 -0.644177 -0.480106 -0.588129 0.092942
3.156499 0.336426 0.000000 0.035049 -0.639917 -0.480675 -0.592388 0.092373
3.160474 0.336426 0.000000 0.035049 -0.640894 -0.474138 -0.597633 0.085337
3.164450 0.336314 0.000000 0.035049 -0.637875 -0.467987 -0.604494 0.093224
3.168425 0.336314 -0.000112 0.035049 -0.638860 -0.461318 -0.609599 0.086211
3.172401 0.336203 -0.000112 0.035049 -0.636172 -0.454919 -0.615997 0.094236
3.176376 0.336091 -0.000112 0.035049 -0.632208 -0.455097 -0.619962 0.094058
3.180352 0.335979 -0.000112 0.035161 -0.628768 -0.455296 -0.620834 0.109183
3.184327 0.335868 -0.000112 0.035161 -0.619925 -0.462180 -0.623401 0.115993
3.188303 0.335756 -0.000112 0.035161 -0.616647 -0.462225 -0.623608 0.131179
3.192278 0.335645 -0.000223 0.035161 -0.606342 -0.475661 -0.620576 0.144848
3.196253 0.335533 -0.000223 0.035161 -0.597450 -0.482058 -0.622577 0.151893
3.200229 0.335421 -0.000223 0.035161 -0.584861 -0.501839 -0.613613 0.171971
3.204204 0.335310 -0.000223 0.035049 -0.559685 -0.533544 -0.604870 0.190302
3.208180 0.335087 -0.000112 0.035049 -0.538957 -0.558039 -0.597882 0.201630
3.212155 0.334975 -0.000112 0.035049 -0.508302 -0.593746 -0.581873 0.224762
3.216131 0.334863 -0.000112 0.034937 -0.471460 -0.626643 -0.568904 0.247773
3.220106 0.334640 -0.000112 0.034937 -0.428599 -0.662717 -0.555682 0.261393
3.224082 0.334528 -0.000112 0.034826 -0.387323 -0.690472 -0.541487 0.282880
3.228057 0.334417 0.000000 0.034826 -0.335004 -0.718282 -0.532534 0.297072
3.232032 0.334417 0.000000 0.034714 -0.276747 -0.747358 -0.515719 0.314485
3.236008 0.334305 0.000000 0.034714 -0.216048 -0.771474 -0.498669 0.330879
3.239983 0.334082 0.000112 0.034714 -0.162949 -0.781970 -0.487268 0.352903
3.243959 0.333970 0.000112 0.034714 -0.113796 -0.792534 -0.470444 0.370975
3.247934 0.333970 0.000112 0.034714 -0.068246 -0.794930 -0.461802 0.387515
3.251910 0.333859 0.000112 0.034714 -0.031333 -0.794144 -0.457076 0.399294
3.255885 0.333859 0.000112 0.034826 0.014236 -0.791259 -0.447563 0.416405
3.259860 0.333859 0.000112 0.034826 0.055610 -0.790899 -0.433507 0.428321
3.263836 0.333747 0.000112 0.034826 0.083503 -0.784645 -0.432661 0.436077
3.267811 0.333747 0.000000 0.034937 0.107448 -0.783040 -0.427946 0.438367
3.271787 0.333635 0.000000 0.034937 0.133194 -0.779074 -0.413268 0.452231
3.275762 0.333635 0.000000 0.034937 0.157000 -0.775915 -0.408537 0.454318
3.279738 0.333635 -0.000112 0.035049 0.167240 -0.769393 -0.417330 0.453763
3.283713 0.333635 -0.000223 0.035049 0.190849 -0.765021 -0.412688 0.456080
3.287689 0.333524 -0.000223 0.035049 0.205958 -0.762200 -0.413104 0.453847
3.291664 0.333524 -0.000335 0.035049 0.207725 -0.756786 -0.426847 0.449363
3.295639 0.333524 -0.000446 0.035049 0.222756 -0.753464 -0.427300 0.447310
3.299615 0.333524 -0.000446 0.035049 0.232804 -0.745067 -0.436011 0.447853
3.303590 0.333524 -0.000558 0.035049 0.241459 -0.737407 -0.454832 0.437100
3.307566 0.333524 -0.000670 0.035049 0.248210 -0.735861 -0.460081 0.430378
3.311541 0.333524 -0.000670 0.035049 0.258256 -0.726277 -0.468600 0.431554
3.315517 0.333524 -0.000781 0.035049 0.267104 -0.717177 -0.486835 0.421074
3.319492 0.333524 -0.000781 0.034937 0.281698 -0.712041 -0.487308 0.419731
3.323467 0.333524 -0.000781 0.034937 0.291561 -0.701184 -0.495543 0.421628
3.327443 0.333524 -0.000893 0.034937 0.300441 -0.690586 -0.513215 0.411627
3.331418 0.333524 -0.000893 0.034937 0.314690 -0.684489 -0.513641 0.410631
3.335394 0.333524 -0.000893 0.034937 0.324281 -0.672392 -0.521507 0.413232
3.339369 0.333412 -0.000893 0.034937 0.330926 -0.669346 -0.526402 0.406651
3.343345 0.333412 -0.001005 0.034937 0.333708 -0.659896 -0.529185 0.416101
3.347320 0.333412 -0.001005 0.034937 0.347542 -0.652865 -0.529521 0.415438
3.351296 0.333412 -0.001005 0.034937 0.354694 -0.649007 -0.524925 0.421231
3.355271 0.333412 -0.001005 0.035049 0.368289 -0.641524 -0.525283 0.420580
3.359246 0.333412 -0.001005 0.035049 0.382295 -0.633277 -0.515916 0.432020
3.363222 0.333301 -0.001005 0.035049 0.384398 -0.623386 -0.518019 0.441911
3.367197 0.333301 -0.001005 0.035049 0.391223 -0.619125 -0.513133 0.447575
3.371173 0.333189 -0.001005 0.035161 0.398001 -0.614790 -0.508184 0.453186
3.375148 0.333189 -0.001005 0.035161 0.403508 -0.619838 -0.491011 0.460315
3.379124 0.333189 -0.000893 0.035272 0.410293 -0.615368 -0.485925 0.465681
3.383099 0.333077 -0.000893 0.035272 0.423714 -0.606205 -0.475576 0.476245
3.387075 0.333077 -0.000893 0.035272 0.435612 -0.606644 -0.463678 0.476684
3.391050 0.333077 -0.000893 0.035384 0.453400 -0.602645 -0.457619 0.470991
3.395025 0.332966 -0.000893 0.035384 0.466531 -0.592538 -0.447160 0.480931
3.399001 0.332966 -0.000893 0.035384 0.478322 -0.592196 -0.435370 0.480589
3.402976 0.332966 -0.000893 0.035384 0.490101 -0.591594 -0.423590 0.479988
3.406952 0.332854 -0.000893 0.035496 0.496571 -0.586174 -0.418292 0.484612
3.410927 0.332854 -0.000893 0.035496 0.513676 -0.580767 -0.412854 0.477910
3.414903 0.332854 -0.000893 0.035496 0.535613 -0.579499 -0.401273 0.465059
3.418878 0.332854 -0.000893 0.035384 0.552007 -0.573437 -0.396308 0.457601
3.422853 0.332854 -0.001005 0.035384 0.568068 -0.567092 -0.391560 0.449874
3.426829 0.332742 -0.001005 0.035384 0.583789 -0.560472 -0.387037 0.441887
3.430804 0.332742 -0.001005 0.035384 0.593042 -0.560138 -0.387488 0.429418
3.434780 0.332742 -0.001116 0.035384 0.603888 -0.557760 -0.376642 0.427041
3.438755 0.332631 -0.001116 0.035384 0.618807 -0.550579 -0.372670 0.418400
3.442731 0.332631 -0.001116 0.035272 0.631769 -0.554151 -0.367357 0.398539
3.446706 0.332519 -0.001116 0.035272 0.645928 -0.546615 -0.363871 0.389342
3.450682 0.332519 -0.001228 0.035161 0.653745 -0.546074 -0.364797 0.375957
3.454657 0.332519 -0.001228 0.035161 0.667219 -0.538256 -0.361731 0.366401
3.458632 0.332408 -0.001228 0.035161 0.675108 -0.546074 -0.349818 0.351653
3.462608 0.332296 -0.001228 0.035161 0.687972 -0.537993 -0.347198 0.341629
3.466583 0.332296 -0.001228 0.035049 0.697594 -0.534144 -0.337576 0.337780
3.470559 0.332184 -0.001228 0.035049 0.713406 -0.529371 -0.329642 0.319616
3.474534 0.332184 -0.001228 0.034937 0.722686 -0.525053 -0.320362 0.315297
3.478510 0.332073 -0.001116 0.034937 0.739831 -0.508197 -0.315452 0.308018
3.482485 0.332073 -0.001116 0.034937 0.748747 -0.503437 -0.306536 0.303257
3.486461 0.332073 -0.001116 0.034826 0.762986 -0.490129 -0.294433 0.301555
3.490436 0.332073 -0.001005 0.034826 0.778673 -0.472208 -0.290658 0.293608
3.494411 0.332073 -0.001005 0.034826 0.787027 -0.466754 -0.282304 0.288154
3.498387 0.331961 -0.001005 0.034826 0.797092 -0.449350 -0.275905 0.294287
3.502362 0.331961 -0.000893 0.034826 0.810023 -0.434662 -0.264613 0.291397
3.506338 0.332073 -0.000893 0.034714 0.819377 -0.416760 -0.258147 0.297140
3.510313 0.332073 -0.000893 0.034714 0.827100 -0.402791 -0.242790 0.307763
3.514289 0.332073 -0.000893 0.034714 0.832261 -0.381906 -0.240179 0.322186
3.518264 0.332073 -0.000893 0.034826 0.836406 -0.372740 -0.236625 0.324805
3.522239 0.332073 -0.000893 0.034826 0.839510 -0.356082 -0.224348 0.343652
3.526215 0.332073 -0.000893 0.034826 0.847131 -0.337552 -0.216743 0.348498
3.530190 0.332073 -0.000893 0.034826 0.845670 -0.330315 -0.207412 0.364300
3.534166 0.332184 -0.000893 0.034826 0.845170 -0.318750 -0.206912 0.375865
3.538141 0.332184 -0.000893 0.034826 0.850759 -0.304655 -0.189416 0.384077
3.542117 0.332184 -0.000893 0.034826 0.849761 -0.293238 -0.188418 0.395495
3.546092 0.332184 -0.000893 0.034937 0.850321 -0.277266 -0.173463 0.412298
3.550068 0.332184 -0.000893 0.034937 0.853315 -0.267907 -0.168923 0.414179
3.554043 0.332184 -0.001005 0.034937 0.856207 -0.258516 -0.164363 0.416009
3.558018 0.332073 -0.001005 0.034937 0.861680 -0.239642 -0.155183 0.419520
3.561994 0.332073 -0.001005 0.034937 0.866737 -0.220653 -0.145928 0.422828
3.565969 0.332073 -0.001005 0.034937 0.868136 -0.215932 -0.131800 0.427015
3.569945 0.332073 -0.000893 0.034937 0.877340 -0.198138 -0.120216 0.420194
3.573920 0.331961 -0.000893 0.034937 0.881482 -0.178815 -0.110955 0.422734
3.577896 0.331961 -0.000893 0.035049 0.889814 -0.160512 -0.099883 0.415320
3.581871 0.331961 -0.000893 0.035049 0.894620 -0.131102 -0.086143 0.418385
3.585847 0.331961 -0.000781 0.035049 0.901847 -0.112253 -0.075701 0.410294
3.589822 0.331850 -0.000781 0.035049 0.909534 -0.083152 -0.061230 0.402598
3.593797 0.331850 -0.000781 0.035049 0.915523 -0.063720 -0.051673 0.393812
3.597773 0.331850 -0.000781 0.035049 0.916702 -0.043590 -0.043008 0.394852
3.601748 0.331850 -0.000670 0.035049 0.921936 -0.013686 -0.029824 0.385949
3.605724 0.331850 -0.000670 0.035049 0.926205 0.006338 -0.021408 0.376359
3.609699 0.331850 -0.000670 0.035049 0.929577 0.036755 -0.009399 0.366670
3.613675 0.331850 -0.000670 0.035049 0.932519 0.057151 -0.001969 0.356564
3.617650 0.331850 -0.000670 0.035049 0.934899 0.077686 0.005013 0.346272
3.621625 0.331850 -0.000781 0.035049 0.936712 0.098340 0.011540 0.335807
3.625601 0.331738 -0.000781 0.035049 0.939206 0.108786 0.014034 0.325362
3.629576 0.331738 -0.000893 0.035049 0.941470 0.119284 0.016298 0.314864
3.633552 0.331738 -0.000893 0.035049 0.943503 0.129829 0.018331 0.304319
3.637527 0.331738 -0.001005 0.035049 0.945304 0.140416 0.020132 0.293731
3.641503 0.331738 -0.001005 0.035049 0.947516 0.147992 0.032121 0.281567
3.645478 0.331738 -0.001116 0.035049 0.948865 0.158769 0.033471 0.270790
3.649454 0.331626 -0.001228 0.035049 0.951783 0.159128 0.031724 0.260349
3.653429 0.331626 -0.001228 0.035049 0.953313 0.167234 0.043194 0.247711
3.657404 0.331515 -0.001339 0.035049 0.955977 0.167698 0.041354 0.237223
3.661380 0.331515 -0.001451 0.035049 0.958526 0.168142 0.039509 0.226707
3.665355 0.331403 -0.001451 0.035161 0.959436 0.176733 0.050566 0.213756
3.669331 0.331403 -0.001563 0.035161 0.959436 0.176733 0.050566 0.213756
3.673306 0.331403 -0.001563 0.035161 0.959995 0.185550 0.061382 0.200532
3.677282 0.331291 -0.001674 0.035161 0.957898 0.196086 0.063581 0.199846
3.681257 0.331291 -0.001786 0.035272 0.958082 0.193783 0.074080 0.197582
3.685232 0.331291 -0.001786 0.035272 0.955896 0.204297 0.076247 0.196756
3.689208 0.331180 -0.001898 0.035272 0.953713 0.212462 0.088841 0.193389
3.693183 0.331180 -0.001898 0.035272 0.949209 0.219450 0.103776 0.200186
3.697159 0.331180 -0.001898 0.035384 0.946741 0.229864 0.105969 0.199034
3.701134 0.331180 -0.002009 0.035384 0.941959 0.236445 0.121052 0.205313
3.705110 0.331180 -0.002009 0.035496 0.939251 0.244146 0.133523 0.200928
3.709085 0.331180 -0.002009 0.035496 0.934162 0.250167 0.148652 0.206545
3.713061 0.331180 -0.002121 0.035607 0.926035 0.266012 0.166138 0.209988
3.717036 0.331180 -0.002121 0.035607 0.918144 0.269229 0.184356 0.224813
3.721011 0.331068 -0.002121 0.035607 0.909412 0.283922 0.202172 0.226903
3.724987 0.331068 -0.002232 0.035719 0.900771 0.282163 0.230257 0.236598
3.728962 0.331068 -0.002232 0.035719 0.891564 0.295537 0.248128 0.237075
3.732938 0.330957 -0.002232 0.035830 0.879209 0.301398 0.278535 0.242011
3.736913 0.330957 -0.002232 0.035830 0.863385 0.319568 0.302448 0.246916
3.740889 0.330845 -0.002232 0.035830 0.850587 0.322574 0.332447 0.248850
3.744864 0.330733 -0.002232 0.035942 0.834142 0.338097 0.356390 0.250766
3.748840 0.330622 -0.002232 0.035942 0.813437 0.361281 0.383111 0.247029
3.752815 0.330510 -0.002232 0.035942 0.792102 0.382749 0.409704 0.241287
3.756790 0.330398 -0.002121 0.035942 0.770278 0.402500 0.436021 0.233562
3.760766 0.330175 -0.002121 0.035942 0.746824 0.428335 0.466122 0.203746
3.764741 0.330064 -0.002009 0.035942 0.718099 0.458108 0.486788 0.193670
3.768717 0.329952 -0.001898 0.035942 0.682656 0.493341 0.509450 0.176226
3.772692 0.329840 -0.001786 0.035942 0.651131 0.518560 0.529879 0.162334
3.776668 0.329729 -0.001674 0.035830 0.603473 0.560462 0.548984 0.142547
3.780643 0.329617 -0.001674 0.035830 0.566987 0.591825 0.558770 0.126671
3.784618 0.329617 -0.001674 0.035719 0.528579 0.620796 0.568434 0.109999
3.788594 0.329617 -0.001674 0.035719 0.487363 0.640857 0.584982 0.097852
3.792569 0.329617 -0.001674 0.035719 0.444912 0.657988 0.601717 0.083913
3.796545 0.329617 -0.001674 0.035607 0.409605 0.674381 0.610308 0.070410
3.800520 0.329617 -0.001674 0.035607 0.367772 0.692598 0.617153 0.064610
3.804496 0.329617 -0.001786 0.035496 0.338309 0.701022 0.625243 0.056455
3.808471 0.329617 -0.001898 0.035496 0.310016 0.707918 0.631483 0.063020
3.812447 0.329617 -0.002009 0.035496 0.293831 0.707564 0.640527 0.052361
3.816422 0.329617 -0.002232 0.035496 0.271244 0.709655 0.648348 0.049617
3.820397 0.329505 -0.002344 0.035496 0.262948 0.705420 0.656644 0.045383
3.824373 0.329505 -0.002567 0.035496 0.247942 0.703689 0.664028 0.049122
3.828348 0.329505 -0.002679 0.035496 0.233331 0.708894 0.663722 0.049982
3.832324 0.329394 -0.002791 0.035607 0.217700 0.713850 0.664660 0.035388
3.836299 0.329394 -0.002902 0.035607 0.194971 0.720594 0.664750 0.028959
3.840275 0.329282 -0.003014 0.035607 0.172031 0.726595 0.664798 0.022538
3.844250 0.329171 -0.003125 0.035607 0.156104 0.737463 0.657071 0.006212
3.848226 0.329059 -0.003237 0.035719 0.132801 0.742204 0.656884 0.000055
3.852201 0.328947 -0.003349 0.035719 0.101150 0.747343 0.656559 -0.013307
3.856176 0.328836 -0.003349 0.035719 0.069303 0.751110 0.655988 -0.026652
3.860152 0.328724 -0.003349 0.035830 0.028520 0.761010 0.646370 -0.047489
3.864127 0.328612 -0.003349 0.035830 -0.012800 0.768597 0.636047 -0.067373
3.868103 0.328501 -0.003237 0.035830 -0.068997 0.765772 0.633664 -0.085454
3.872078 0.328389 -0.003125 0.035830 -0.109535 0.761075 0.630689 -0.104877
3.876054 0.328278 -0.003125 0.035942 -0.159470 0.759343 0.617445 -0.129342
3.880029 0.328166 -0.003125 0.035942 -0.197737 0.743055 0.621444 -0.150256
3.884004 0.328054 -0.003014 0.035942 -0.236869 0.731476 0.616584 -0.169296
3.887980 0.328054 -0.003014 0.036054 -0.273235 0.711053 0.619022 -0.191203
3.891955 0.327943 -0.002902 0.036054 -0.310685 0.695407 0.612891 -0.210351
3.895931 0.327943 -0.002902 0.036054 -0.337300 0.674814 0.616129 -0.226362
3.899906 0.327943 -0.002902 0.036165 -0.356624 0.656609 0.615586 -0.250475
3.903882 0.327831 -0.002791 0.036165 -0.388321 0.629713 0.614428 -0.274128
3.907857 0.327831 -0.002791 0.036165 -0.398879 0.614310 0.615043 -0.291961
3.911833 0.327831 -0.002791 0.036165 -0.415452 0.594148 0.611652 -0.316653
3.915808 0.327720 -0.002791 0.036277 -0.424755 0.578200 0.610936 -0.334702
3.919783 0.327720 -0.002791 0.036277 -0.433506 0.562064 0.609647 -0.352827
3.923759 0.327720 -0.002902 0.036277 -0.441701 0.545760 0.607780 -0.371012
3.927734 0.327720 -0.002902 0.036277 -0.449336 0.529305 0.605334 -0.389236
3.931710 0.327720 -0.002902 0.036388 -0.466767 0.514054 0.600835 -0.396073
3.935685 0.327608 -0.002902 0.036388 -0.473425 0.497141 0.597485 -0.414404
3.939661 0.327608 -0.002902 0.036388 -0.489917 0.481006 0.592580 -0.421265
3.943636 0.327608 -0.002902 0.036277 -0.505865 0.464333 0.587588 -0.428061
3.947612 0.327496 -0.002902 0.036277 -0.515945 0.453106 0.578041 -0.440868
3.951587 0.327496 -0.002902 0.036277 -0.526133 0.441385 0.577700 -0.441164
3.955562 0.327385 -0.002902 0.036277 -0.540747 0.423528 0.572468 -0.447769
3.959538 0.327385 -0.003014 0.036277 -0.555119 0.404919 0.576640 -0.442007
3.963513 0.327385 -0.003014 0.036165 -0.573081 0.379582 0.575903 -0.442530
3.967489 0.327273 -0.003014 0.036054 -0.594744 0.359777 0.571225 -0.436512
3.971464 0.327273 -0.003125 0.036054 -0.606722 0.339639 0.575504 -0.430499
3.975440 0.327161 -0.003125 0.035942 -0.625122 0.305300 0.579457 -0.424551
3.979415 0.327161 -0.003237 0.035830 -0.641614 0.270011 0.583324 -0.418520
3.983390 0.327050 -0.003237 0.035719 -0.648670 0.234812 0.585418 -0.425883
3.987366 0.326938 -0.003349 0.035607 -0.659087 0.205553 0.584567 -0.426186
3.991341 0.326938 -0.003349 0.035607 -0.665813 0.161783 0.589731 -0.427477
3.995317 0.326938 -0.003349 0.035496 -0.675206 0.123893 0.592580 -0.421422
3.999292 0.326827 -0.003460 0.035384 -0.678741 0.071562 0.591564 -0.429233
4.003268 0.326827 -0.003460 0.035272 -0.677767 0.034279 0.590403 -0.436899
4.007243 0.326715 -0.003460 0.035272 -0.674418 -0.002461 0.579708 -0.457267
4.011219 0.326715 -0.003460 0.035272 -0.669360 -0.039012 0.567994 -0.477303
4.015194 0.326603 -0.003572 0.035272 -0.657959 -0.074164 0.559918 -0.498077
4.019169 0.326603 -0.003572 0.035272 -0.649447 -0.101767 0.542115 -0.523424
4.023145 0.326603 -0.003572 0.035272 -0.639758 -0.128869 0.523188 -0.548066
4.027120 0.326603 -0.003572 0.035272 -0.635164 -0.149881 0.504844 -0.565009
4.031096 0.326492 -0.003572 0.035384 -0.623455 -0.176058 0.484046 -0.588223
4.035071 0.326492 -0.003572 0.035496 -0.617315 -0.196507 0.464399 -0.603854
4.039047 0.326492 -0.003572 0.035496 -0.613671 -0.201686 0.446354 -0.619273
4.043022 0.326492 -0.003572 0.035607 -0.607715 -0.213466 0.420813 -0.638773
4.046998 0.326492 -0.003572 0.035719 -0.601576 -0.225054 0.394429 -0.657178
4.050973 0.326380 -0.003572 0.035830 -0.597822 -0.229894 0.374637 -0.670376
4.054948 0.326380 -0.003572 0.035830 -0.589922 -0.249469 0.352343 -0.682358
4.058924 0.326380 -0.003572 0.035942 -0.584298 -0.262370 0.337266 -0.689934
4.062899 0.326268 -0.003572 0.035942 -0.575335 -0.281482 0.314347 -0.700673
4.066875 0.326268 -0.003684 0.035942 -0.574464 -0.298816 0.307919 -0.697055
4.070850 0.326157 -0.003684 0.036054 -0.567760 -0.311365 0.292530 -0.703652
4.074826 0.326157 -0.003684 0.036054 -0.560782 -0.323764 0.276999 -0.709910
4.078801 0.326157 -0.003684 0.036054 -0.550656 -0.343860 0.267388 -0.712069
4.082776 0.326045 -0.003684 0.035942 -0.539853 -0.363621 0.257782 -0.714064
4.086752 0.326045 -0.003684 0.035942 -0.528384 -0.383024 0.248185 -0.715896
4.090727 0.325934 -0.003684 0.035942 -0.520649 -0.396352 0.246471 -0.714900
4.094703 0.325822 -0.003795 0.035942 -0.508093 -0.415113 0.236921 -0.716514
4.098678 0.325822 -0.003795 0.035942 -0.495712 -0.435269 0.241463 -0.711692
4.102654 0.325710 -0.003907 0.035830 -0.481887 -0.453188 0.232022 -0.713142
4.106629 0.325710 -0.003907 0.035830 -0.467459 -0.470649 0.222604 -0.714436
4.110605 0.325599 -0.004018 0.035830 -0.452443 -0.487634 0.213214 -0.715575
4.114580 0.325599 -0.004018 0.035719 -0.442367 -0.499294 0.211714 -0.714279
4.118555 0.325599 -0.004130 0.035719 -0.431291 -0.508892 0.195969 -0.718758
4.122531 0.325487 -0.004242 0.035719 -0.422852 -0.522606 0.192388 -0.714889
4.126506 0.325487 -0.004242 0.035719 -0.411268 -0.531771 0.176634 -0.718943
4.130482 0.325487 -0.004353 0.035719 -0.407401 -0.538879 0.166726 -0.718218
4.134457 0.325487 -0.004465 0.035719 -0.383800 -0.557832 0.149828 -0.720467
4.138433 0.325375 -0.004576 0.035719 -0.379378 -0.564624 0.140174 -0.719460
4.142408 0.325375 -0.004576 0.035719 -0.360566 -0.576819 0.116390 -0.723689
4.146383 0.325375 -0.004800 0.035719 -0.355761 -0.583463 0.106878 -0.722206
4.150359 0.325487 -0.004800 0.035830 -0.342612 -0.589858 0.075777 -0.727284
4.154334 0.325487 -0.004911 0.035830 -0.322814 -0.599536 0.036427 -0.731451
4.158310 0.325487 -0.005023 0.035830 -0.302882 -0.609848 0.012303 -0.732255
4.162285 0.325487 -0.005023 0.035830 -0.275799 -0.622565 -0.019877 -0.732088
4.166261 0.325487 -0.005135 0.035942 -0.255131 -0.630011 -0.059473 -0.731066
4.170236 0.325487 -0.005135 0.035942 -0.219199 -0.639567 -0.098565 -0.730199
4.174212 0.325487 -0.005135 0.035942 -0.191049 -0.647114 -0.145925 -0.723498
4.178187 0.325375 -0.005135 0.035942 -0.154840 -0.651273 -0.199968 -0.715458
4.182162 0.325375 -0.005135 0.036054 -0.118746 -0.653106 -0.253404 -0.703661
4.186138 0.325375 -0.005023 0.036054 -0.082709 -0.658640 -0.291656 -0.688687
4.190113 0.325264 -0.005023 0.036054 -0.031804 -0.658922 -0.343646 -0.668369
4.194089 0.325152 -0.004911 0.036054 0.011546 -0.655462 -0.387048 -0.648406
4.198064 0.325152 -0.004911 0.036054 0.054696 -0.653278 -0.428918 -0.621503
4.202040 0.325041 -0.004800 0.036054 0.083343 -0.650244 -0.455807 -0.602060
4.206015 0.324929 -0.004800 0.036054 0.125240 -0.639286 -0.495229 -0.574785
4.209991 0.324929 -0.004800 0.036054 0.153204 -0.633166 -0.520001 -0.552474
4.213966 0.324817 -0.004800 0.036054 0.187736 -0.623800 -0.549550 -0.523090
4.217941 0.324706 -0.004688 0.036054 0.210894 -0.622810 -0.553673 -0.510957
4.221917 0.324594 -0.004800 0.035942 0.239510 -0.614526 -0.564276 -0.496573
4.225892 0.324594 -0.004800 0.035942 0.255727 -0.614081 -0.562427 -0.491105
4.229868 0.324483 -0.004911 0.035942 0.270518 -0.609757 -0.561870 -0.489202
4.233843 0.324483 -0.005023 0.035942 0.279839 -0.611238 -0.554591 -0.490416
4.237819 0.324483 -0.005135 0.035830 0.286537 -0.608127 -0.559945 -0.484294
4.241794 0.324483 -0.005246 0.035830 0.289058 -0.612311 -0.547312 -0.491905
4.245769 0.324371 -0.005358 0.035830 0.295767 -0.609098 -0.552683 -0.485862
4.249745 0.324371 -0.005469 0.035719 0.303569 -0.607008 -0.546748 -0.490361
4.253720 0.324371 -0.005469 0.035719 0.310219 -0.603636 -0.552102 -0.484325
4.257696 0.324371 -0.005581 0.035719 0.317960 -0.601388 -0.546150 -0.488830
4.261671 0.324259 -0.005693 0.035719 0.312570 -0.607351 -0.539510 -0.492294
4.265647 0.324259 -0.005693 0.035719 0.317960 -0.601388 -0.546150 -0.488830
4.269622 0.324259 -0.005804 0.035607 0.324548 -0.597858 -0.551487 -0.482801
4.273598 0.324259 -0.005804 0.035607 0.323407 -0.596675 -0.562610 -0.472078
4.277573 0.324259 -0.005804 0.035607 0.328574 -0.590458 -0.569131 -0.468496
4.281548 0.324148 -0.005804 0.035607 0.335041 -0.586813 -0.574244 -0.462216
4.285524 0.324148 -0.005804 0.035607 0.346455 -0.576697 -0.585658 -0.452100
4.289499 0.324148 -0.005804 0.035607 0.352770 -0.572856 -0.590589 -0.445639
4.293475 0.324036 -0.005804 0.035607 0.363844 -0.562370 -0.601664 -0.435153
4.297450 0.324036 -0.005804 0.035607 0.362252 -0.560923 -0.612014 -0.423767
4.301426 0.324036 -0.005804 0.035607 0.378973 -0.545970 -0.627213 -0.406079
4.305401 0.323924 -0.005804 0.035496 0.381497 -0.537455 -0.642980 -0.390101
4.309377 0.323924 -0.005804 0.035496 0.397319 -0.521755 -0.657167 -0.371537
4.313352 0.323813 -0.005804 0.035496 0.403027 -0.517359 -0.661210 -0.364295
4.317327 0.323813 -0.005804 0.035496 0.418113 -0.500998 -0.674599 -0.345107
4.321303 0.323701 -0.005804 0.035496 0.421270 -0.494765 -0.687050 -0.325117
4.325278 0.323701 -0.005804 0.035496 0.432884 -0.476141 -0.707442 -0.292278
4.329254 0.323590 -0.005804 0.035496 0.443241 -0.466515 -0.713693 -0.276664
4.333229 0.323478 -0.005916 0.035496 0.453443 -0.447226 -0.731813 -0.242542
4.337205 0.323366 -0.005916 0.035496 0.462626 -0.427579 -0.748354 -0.207652
4.341180 0.323366 -0.005916 0.035496 0.468854 -0.415991 -0.758760 -0.177230
4.345155 0.323255 -0.005916 0.035496 0.488226 -0.386555 -0.770106 -0.138371
4.349131 0.323143 -0.006028 0.035496 0.502355 -0.355116 -0.783840 -0.084422
4.353106 0.323031 -0.006028 0.035607 0.513909 -0.331862 -0.790270 -0.035212
4.357082 0.323031 -0.006028 0.035607 0.513709 -0.310432 -0.799642 0.017527
4.361057 0.322920 -0.006028 0.035607 0.522270 -0.278378 -0.802719 0.073364
4.365033 0.322808 -0.006028 0.035607 0.535445 -0.240507 -0.800171 0.123216
4.369008 0.322808 -0.006139 0.035607 0.541885 -0.199256 -0.798556 0.170196
4.372984 0.322697 -0.006139 0.035607 0.549626 -0.160536 -0.789818 0.219835
4.376959 0.322697 -0.006028 0.035607 0.554689 -0.121578 -0.777940 0.268977
4.380934 0.322697 -0.006028 0.035719 0.551237 -0.089539 -0.763843 0.323519
4.384910 0.322585 -0.006028 0.035607 0.551279 -0.050952 -0.745533 0.371048
4.388885 0.322585 -0.006028 0.035607 0.543987 -0.010672 -0.728923 0.415494
4.392861 0.322473 -0.006028 0.035607 0.544320 0.022785 -0.714293 0.439298
4.396836 0.322473 -0.006028 0.035607 0.538158 0.048391 -0.698939 0.468538
4.400812 0.322362 -0.006139 0.035607 0.536272 0.066099 -0.683120 0.491316
4.404787 0.322362 -0.006028 0.035607 0.532547 0.099185 -0.665508 0.513475
4.408763 0.322250 -0.006028 0.035607 0.523078 0.123794 -0.646905 0.540905
4.412738 0.322250 -0.006028 0.035607 0.518715 0.140964 -0.628729 0.561929
4.416713 0.322138 -0.006028 0.035607 0.507359 0.164671 -0.608098 0.587952
4.420689 0.322138 -0.006028 0.035607 0.509088 0.178792 -0.601900 0.588710
4.424664 0.322027 -0.006028 0.035607 0.498395 0.196392 -0.586698 0.607305
4.428640 0.322027 -0.006139 0.035607 0.496207 0.201855 -0.579990 0.613714
4.432615 0.321915 -0.006139 0.035607 0.493959 0.207294 -0.573213 0.620048
4.436591 0.321915 -0.006139 0.035607 0.491652 0.212709 -0.566366 0.626308
4.440566 0.321915 -0.006139 0.035607 0.493847 0.217376 -0.554891 0.633214
4.444541 0.321915 -0.006139 0.035607 0.491429 0.222789 -0.547901 0.639271
4.448517 0.321804 -0.006139 0.035607 0.488951 0.228174 -0.540845 0.645252
4.452492 0.321804 -0.006251 0.035607 0.486415 0.233532 -0.533723 0.651155
4.456468 0.321804 -0.006251 0.035607 0.483820 0.238862 -0.526537 0.656979
4.460443 0.321804 -0.006251 0.035607 0.478755 0.235211 -0.518219 0.668520
4.464419 0.321804 -0.006362 0.035607 0.478755 0.235211 -0.518219 0.668520
4.468394 0.321804 -0.006362 0.035607 0.476142 0.240456 -0.510843 0.674173
4.472370 0.321804 -0.006474 0.035607 0.473471 0.245672 -0.503406 0.679745
4.476345 0.321804 -0.006474 0.035607 0.472860 0.259886 -0.497167 0.679476
4.480320 0.321692 -0.006586 0.035496 0.469976 0.265065 -0.489672 0.684897
4.484296 0.321692 -0.006586 0.035496 0.467036 0.270212 -0.482118 0.690235
4.488271 0.321580 -0.006697 0.035496 0.462648 0.289485 -0.468292 0.694880
4.492247 0.321580 -0.006697 0.035496 0.451722 0.299593 -0.457366 0.704988
4.496222 0.321469 -0.006809 0.035384 0.449874 0.313629 -0.451020 0.704153
4.500198 0.321469 -0.006921 0.035384 0.442875 0.323438 -0.435440 0.713892
4.504173 0.321357 -0.006921 0.035384 0.432555 0.342073 -0.425405 0.717574
4.508148 0.321246 -0.007032 0.035384 0.425865 0.360588 -0.411082 0.720852
4.512124 0.321134 -0.007032 0.035384 0.417840 0.369857 -0.395145 0.729710
4.516099 0.320911 -0.007144 0.035384 0.409613 0.378948 -0.379017 0.738215
4.520075 0.320799 -0.007255 0.035384 0.401468 0.396945 -0.364593 0.740493
4.524050 0.320687 -0.007255 0.035496 0.392650 0.405669 -0.348235 0.748325
4.528026 0.320576 -0.007367 0.035496 0.391923 0.410529 -0.336240 0.751535
4.532001 0.320576 -0.007479 0.035607 0.396007 0.402143 -0.330096 0.756635
4.535977 0.320464 -0.007590 0.035719 0.395443 0.407279 -0.317886 0.759406
4.539952 0.320353 -0.007590 0.035830 0.404019 0.400180 -0.307200 0.763055
4.543927 0.320353 -0.007702 0.035942 0.403561 0.405745 -0.294837 0.765232
4.547903 0.320241 -0.007702 0.036054 0.417167 0.394885 -0.291857 0.764759
4.551878 0.320241 -0.007813 0.036165 0.416836 0.400910 -0.279406 0.766454
4.555854 0.320241 -0.007813 0.036277 0.416388 0.407063 -0.266987 0.767879
4.559829 0.320129 -0.007925 0.036277 0.417817 0.404649 -0.250452 0.773926
4.563805 0.320129 -0.007925 0.036388 0.417362 0.411142 -0.237919 0.774704
4.567780 0.320129 -0.007925 0.036388 0.416770 0.417761 -0.225444 0.775212
4.571756 0.320129 -0.007925 0.036500 0.416035 0.424503 -0.213034 0.775454
4.575731 0.320129 -0.008037 0.036500 0.415152 0.431362 -0.200696 0.775433
4.579706 0.320018 -0.008037 0.036612 0.414115 0.438335 -0.188437 0.775153
4.583682 0.320018 -0.008037 0.036612 0.399446 0.451744 -0.162791 0.780942
4.587657 0.320018 -0.008037 0.036612 0.389424 0.460411 -0.145594 0.784330
4.591633 0.319906 -0.008037 0.036723 0.374041 0.472993 -0.119669 0.788702
4.595608 0.319906 -0.008037 0.036723 0.363558 0.481097 -0.102312 0.791140
4.599584 0.319794 -0.008037 0.036723 0.356210 0.491950 -0.081595 0.790217
4.603559 0.319794 -0.008037 0.036835 0.345316 0.499657 -0.064214 0.791819
4.607534 0.319683 -0.008037 0.036835 0.334254 0.507123 -0.046801 0.793038
4.611510 0.319571 -0.007925 0.036835 0.323032 0.514345 -0.029366 0.793875
4.615485 0.319460 -0.007925 0.036947 0.320361 0.521155 -0.017644 0.790857
4.619461 0.319460 -0.007925 0.036947 0.308833 0.528068 -0.000263 0.791054
4.623436 0.319348 -0.008037 0.036947 0.297157 0.534726 0.017117 0.790868
4.627412 0.319348 -0.008037 0.036947 0.291264 0.537958 0.025804 0.790633
4.631387 0.319236 -0.008037 0.037058 0.279374 0.544228 0.043169 0.789875
4.635363 0.319236 -0.008037 0.037058 0.282034 0.547801 0.045829 0.786302
4.639338 0.319125 -0.008037 0.037058 0.269930 0.553865 0.063093 0.785105
4.643313 0.319125 -0.008148 0.037058 0.263829 0.556797 0.071715 0.784365
4.647289 0.319013 -0.008148 0.037058 0.257696 0.559662 0.080327 0.783530
4.651264 0.319013 -0.008148 0.037058 0.251532 0.562459 0.088931 0.782600
4.655240 0.319013 -0.008148 0.037058 0.230525 0.566650 0.112336 0.783037
4.659215 0.318901 -0.008260 0.037058 0.224286 0.569148 0.120931 0.781755
4.663191 0.318901 -0.008260 0.036947 0.211773 0.577599 0.122980 0.778722
4.667166 0.318790 -0.008260 0.036947 0.192629 0.587924 0.133475 0.774225
4.671142 0.318790 -0.008260 0.036947 0.179671 0.595674 0.135354 0.771084
4.675117 0.318678 -0.008260 0.036835 0.151480 0.603296 0.152228 0.768059
4.679092 0.318567 -0.008260 0.036835 0.138152 0.610304 0.154009 0.764673
4.683068 0.318567 -0.008372 0.036723 0.102718 0.621667 0.164184 0.758961
4.687043 0.318455 -0.008372 0.036723 0.082101 0.632696 0.159078 0.753425
4.691019 0.318343 -0.008372 0.036612 0.052948 0.637156 0.175815 0.748544
4.694994 0.318232 -0.008372 0.036500 0.017630 0.651565 0.171752 0.738684
4.698970 0.318120 -0.008372 0.036388 -0.011090 0.660021 0.174100 0.730711
4.702945 0.318120 -0.008372 0.036388 -0.048091 0.665232 0.183414 0.722158
4.706920 0.318009 -0.008372 0.036388 -0.062689 0.668335 0.184312 0.717933
4.710896 0.318009 -0.008483 0.036388 -0.077351 0.671117 0.185117 0.713688
4.714871 0.317897 -0.008483 0.036277 -0.099860 0.671493 0.193218 0.708373
4.718847 0.317897 -0.008595 0.036277 -0.114582 0.673621 0.193859 0.703935
4.722822 0.317785 -0.008595 0.036277 -0.121976 0.672321 0.201581 0.701763
4.726798 0.317785 -0.008595 0.036388 -0.136761 0.673962 0.202076 0.697307
4.730773 0.317785 -0.008706 0.036388 -0.129355 0.670940 0.209278 0.699506
4.734749 0.317674 -0.008706 0.036500 -0.129263 0.666458 0.224151 0.699201
4.738724 0.317674 -0.008818 0.036500 -0.114306 0.660174 0.238470 0.703019
4.742699 0.317674 -0.008818 0.036612 -0.114544 0.654175 0.252788 0.703586
4.746675 0.317674 -0.008818 0.036723 -0.107050 0.650757 0.259838 0.705365
4.750650 0.317562 -0.008930 0.036723 -0.092026 0.643685 0.273843 0.708668
4.754626 0.317562 -0.008930 0.036835 -0.099286 0.635857 0.295584 0.706016
4.758601 0.317562 -0.008930 0.036835 -0.084146 0.628335 0.309336 0.708820
4.762577 0.317562 -0.008930 0.036947 -0.084356 0.620949 0.322998 0.709210
4.766552 0.317450 -0.008930 0.036947 -0.083548 0.616043 0.337522 0.706816
4.770528 0.317450 -0.008930 0.037058 -0.075913 0.612028 0.344233 0.707929
4.774503 0.317450 -0.008930 0.037058 -0.076053 0.604047 0.357560 0.708163
4.778478 0.317450 -0.008930 0.037058 -0.068411 0.599811 0.364141 0.709188
4.782454 0.317450 -0.008818 0.037058 -0.082739 0.594902 0.378469 0.704278
4.786429 0.317450 -0.008818 0.037058 -0.090471 0.590708 0.384982 0.703326
4.790405 0.317339 -0.008818 0.037058 -0.090471 0.590708 0.384982 0.703326
4.794380 0.317339 -0.008818 0.037058 -0.090471 0.590708 0.384982 0.703326
4.798356 0.317339 -0.008818 0.037058 -0.104629 0.585329 0.399140 0.697947
4.802331 0.317339 -0.008818 0.037058 -0.112329 0.589610 0.392676 0.696813
4.806306 0.317339 -0.008818 0.037058 -0.112329 0.589610 0.392676 0.696813
4.810282 0.317339 -0.008818 0.037058 -0.112329 0.589610 0.392676 0.696813
4.814257 0.317339 -0.008706 0.036947 -0.120015 0.593821 0.386164 0.695594
4.818233 0.317339 -0.008706 0.036947 -0.120015 0.593821 0.386164 0.695594
4.822208 0.317339 -0.008706 0.036947 -0.127687 0.597960 0.379605 0.694291
4.826184 0.317339 -0.008706 0.036947 -0.127687 0.597960 0.379605 0.694291
4.830159 0.317227 -0.008706 0.036947 -0.127687 0.597960 0.379605 0.694291
4.834135 0.317227 -0.008706 0.036835 -0.135344 0.602026 0.373001 0.692905
4.838110 0.317227 -0.008706 0.036835 -0.135344 0.602026 0.373001 0.692905
4.842085 0.317227 -0.008706 0.036835 -0.135344 0.602026 0.373001 0.692905
4.846061 0.317227 -0.008706 0.036835 -0.127723 0.606088 0.366364 0.694350
4.850036 0.317227 -0.008706 0.036835 -0.127723 0.606088 0.366364 0.694350
4.854012 0.317227 -0.008706 0.036835 -0.127723 0.606088 0.366364 0.694350
4.857987 0.317227 -0.008706 0.036835 -0.120052 0.602094 0.373013 0.695652
4.861963 0.317116 -0.008706 0.036835 -0.120052 0.602094 0.373013 0.695652
4.865938 0.317116 -0.008706 0.036835 -0.120052 0.602094 0.373013 0.695652
4.869913 0.317116 -0.008706 0.036835 -0.112366 0.598027 0.379617 0.696870
4.873889 0.317004 -0.008706 0.036835 -0.112366 0.598027 0.379617 0.696870
4.877864 0.317004 -0.008706 0.036835 -0.104667 0.593889 0.386174 0.698005
4.881840 0.317004 -0.008706 0.036835 -0.112329 0.589610 0.392676 0.696813
4.885815 0.316892 -0.008818 0.036723 -0.112329 0.589610 0.392676 0.696813
4.889791 0.316892 -0.008818 0.036723 -0.119977 0.585261 0.399129 0.695536
4.893766 0.316892 -0.008818 0.036723 -0.118666 0.579640 0.413177 0.692258
4.897742 0.316781 -0.008818 0.036612 -0.126264 0.575065 0.419520 0.690913
4.901717 0.316781 -0.008818 0.036612 -0.126123 0.565945 0.432095 0.690719
4.905692 0.316669 -0.008818 0.036612 -0.139861 0.559661 0.445833 0.684435
4.909668 0.316669 -0.008818 0.036500 -0.147117 0.545067 0.464115 0.682536
4.913643 0.316669 -0.008818 0.036500 -0.152725 0.533495 0.483526 0.676950
4.917619 0.316669 -0.008818 0.036500 -0.165446 0.516053 0.508348 0.669252
4.921594 0.316557 -0.008818 0.036500 -0.170479 0.503652 0.527036 0.662952
4.925570 0.316557 -0.008818 0.036388 -0.182441 0.484935 0.550771 0.654373
4.929545 0.316557 -0.008818 0.036388 -0.185922 0.460381 0.579185 0.646550
4.933521 0.316557 -0.008818 0.036500 -0.184012 0.436948 0.599433 0.644900
4.937496 0.316557 -0.008818 0.036500 -0.186554 0.410624 0.625663 0.636500
4.941471 0.316557 -0.008818 0.036500 -0.188455 0.383481 0.650694 0.627714
4.945447 0.316557 -0.008818 0.036500 -0.196479 0.348149 0.678353 0.616462
4.949422 0.316446 -0.008818 0.036500 -0.196934 0.319306 0.700559 0.607024
4.953398 0.316446 -0.008818 0.036388 -0.211668 0.287792 0.720966 0.593785
4.957373 0.316446 -0.008818 0.036388 -0.207846 0.259914 0.734021 0.591995
4.961349 0.316446 -0.008818 0.036388 -0.212862 0.220956 0.754753 0.579841
4.965324 0.316446 -0.008818 0.036388 -0.217070 0.198158 0.762247 0.576710
4.969299 0.316334 -0.008818 0.036388 -0.229325 0.164149 0.777115 0.562635
4.973275 0.316334 -0.008818 0.036388 -0.233127 0.140783 0.782848 0.559447
4.977250 0.316334 -0.008930 0.036277 -0.244151 0.105895 0.795109 0.544957
4.981226 0.316223 -0.008930 0.036277 -0.256065 0.088400 0.797243 0.539462
4.985201 0.316223 -0.008930 0.036277 -0.259394 0.064525 0.800656 0.536191
4.989177 0.316111 -0.008930 0.036165 -0.262675 0.040540 0.803308 0.532968
4.993152 0.316111 -0.009041 0.036165 -0.265910 0.016470 0.805193 0.529796
4.997128 0.316111 -0.009041 0.036165 -0.277486 -0.001224 0.805361 0.523826
5.001103 0.315999 -0.009153 0.036165 -0.280610 -0.025373 0.805949 0.520635
5.005078 0.315999 -0.009153 0.036165 -0.283696 -0.049540 0.805767 0.517496
5.009054 0.315999 -0.009153 0.036165 -0.286749 -0.073700 0.804815 0.514409
5.013029 0.315888 -0.009265 0.036165 -0.289770 -0.097828 0.803093 0.511375
5.017005 0.315888 -0.009265 0.036277 -0.277588 -0.122589 0.807329 0.506099
5.020980 0.315888 -0.009265 0.036277 -0.272061 -0.152929 0.803599 0.506779
5.024956 0.315776 -0.009376 0.036277 -0.266569 -0.183076 0.798539 0.507700
5.028931 0.315776 -0.009376 0.036388 -0.253257 -0.207051 0.800025 0.502942
5.032907 0.315776 -0.009376 0.036388 -0.244911 -0.239363 0.798173 0.495625
5.036882 0.315776 -0.009376 0.036500 -0.233449 -0.259866 0.792455 0.499986
5.040857 0.315776 -0.009376 0.036500 -0.224340 -0.291240 0.788345 0.493319
5.044833 0.315776 -0.009488 0.036612 -0.214673 -0.321996 0.782930 0.487087
5.048808 0.315776 -0.009488 0.036612 -0.194367 -0.346620 0.772248 0.495691
5.052784 0.315776 -0.009488 0.036723 -0.184035 -0.375917 0.764451 0.490339
5.056759 0.315776 -0.009599 0.036723 -0.164602 -0.409191 0.752392 0.489260
5.060735 0.315888 -0.009599 0.036723 -0.144705 -0.441030 0.738602 0.488897
5.064710 0.315888 -0.009599 0.036723 -0.138410 -0.475181 0.721692 0.483948
5.068685 0.315888 -0.009711 0.036723 -0.126423 -0.500257 0.708636 0.481243
5.072661 0.315776 -0.009711 0.036723 -0.110860 -0.535318 0.684583 0.482173
5.076636 0.315776 -0.009823 0.036723 -0.097425 -0.566218 0.668235 0.472618
5.080612 0.315776 -0.009823 0.036612 -0.074724 -0.597724 0.645777 0.469163
5.084587 0.315664 -0.009823 0.036612 -0.059855 -0.624441 0.626450 0.462656
5.088563 0.315664 -0.009934 0.036500 -0.041303 -0.657106 0.593866 0.462416
5.092538 0.315553 -0.009934 0.036500 -0.025605 -0.679080 0.572021 0.459332
5.096514 0.315553 -0.009934 0.036388 -0.012576 -0.692535 0.561987 0.452115
5.100489 0.315441 -0.009934 0.036277 0.003600 -0.711057 0.538857 0.451683
5.104464 0.315330 -0.009934 0.036165 0.012234 -0.728015 0.520083 0.446496
5.108440 0.315330 -0.009934 0.036054 0.029328 -0.743460 0.505590 0.436790
5.112415 0.315218 -0.009934 0.035942 0.043386 -0.752450 0.494069 0.433397
5.116391 0.315106 -0.009934 0.035942 0.062239 -0.755181 0.490742 0.430116
5.120366 0.314995 -0.009934 0.035830 0.076359 -0.762478 0.479087 0.428102
5.124342 0.314995 -0.009934 0.035830 0.080081 -0.766862 0.475365 0.423718
5.128317 0.314995 -0.009934 0.035719 0.083898 -0.771163 0.471548 0.419417
5.132293 0.314883 -0.009934 0.035607 0.087809 -0.775379 0.467637 0.415201
5.136268 0.314883 -0.009934 0.035607 0.076869 -0.782827 0.463058 0.408474
5.140243 0.314771 -0.009934 0.035496 0.085464 -0.781935 0.467517 0.403362
5.144219 0.314771 -0.009934 0.035496 0.089669 -0.786086 0.463312 0.399211
5.148194 0.314771 -0.009934 0.035496 0.089669 -0.786086 0.463312 0.399211
5.152170 0.314771 -0.009934 0.035496 0.098300 -0.785054 0.467670 0.394097
5.156145 0.314660 -0.009934 0.035384 0.093964 -0.790144 0.459017 0.395153
5.160121 0.314660 -0.009934 0.035384 0.093964 -0.790144 0.459017 0.395153
5.164096 0.314660 -0.009934 0.035384 0.102639 -0.789064 0.463331 0.390086
5.168071 0.314660 -0.009934 0.035384 0.096536 -0.791683 0.466842 0.382070
5.172047 0.314660 -0.010046 0.035384 0.105228 -0.790575 0.471012 0.376918
5.176022 0.314660 -0.010046 0.035384 0.105228 -0.790575 0.471012 0.376918
5.179998 0.314660 -0.010046 0.035384 0.119951 -0.786619 0.471789 0.379812
5.183973 0.314660 -0.010046 0.035384 0.128586 -0.785254 0.475933 0.374606
5.187949 0.314660 -0.010046 0.035384 0.124462 -0.790435 0.467278 0.375996
5.191924 0.314771 -0.010046 0.035384 0.133139 -0.789020 0.471380 0.370840
5.195900 0.314771 -0.010046 0.035384 0.147641 -0.784431 0.472335 0.373857
5.199875 0.314771 -0.010046 0.035384 0.156250 -0.782762 0.476414 0.368645
5.203850 0.314771 -0.010046 0.035496 0.170593 -0.777698 0.477467 0.371629
5.207826 0.314771 -0.010158 0.035496 0.184822 -0.772321 0.478586 0.374589
5.211801 0.314883 -0.010158 0.035496 0.193296 -0.770243 0.482672 0.369309
5.215777 0.314883 -0.010158 0.035607 0.207339 -0.764400 0.483888 0.372231
5.219752 0.314883 -0.010158 0.035607 0.229568 -0.755773 0.489260 0.369772
5.223728 0.314883 -0.010269 0.035719 0.247349 -0.743731 0.498835 0.369927
5.227703 0.314883 -0.010269 0.035719 0.274361 -0.729593 0.501614 0.375238
5.231678 0.314883 -0.010269 0.035830 0.287627 -0.722082 0.503091 0.377846
5.235654 0.314883 -0.010381 0.035942 0.308554 -0.710935 0.508773 0.374854
5.239629 0.314883 -0.010381 0.035942 0.334038 -0.694199 0.512064 0.379865
5.243605 0.314883 -0.010492 0.036054 0.354007 -0.681567 0.517960 0.376647
5.247580 0.314771 -0.010492 0.036054 0.378130 -0.662923 0.521625 0.381389
5.251556 0.314771 -0.010604 0.036165 0.389878 -0.653208 0.523535 0.383699
5.255531 0.314660 -0.010604 0.036277 0.412605 -0.632931 0.536690 0.375659
5.259507 0.314660 -0.010716 0.036277 0.434816 -0.611953 0.540575 0.379773
5.263482 0.314548 -0.010716 0.036277 0.452147 -0.596171 0.546746 0.375781
5.267457 0.314437 -0.010716 0.036277 0.465136 -0.586093 0.554870 0.363678
5.271433 0.314437 -0.010827 0.036277 0.481564 -0.569413 0.560969 0.359415
5.275408 0.314325 -0.010827 0.036277 0.493958 -0.558695 0.568730 0.347004
5.279384 0.314213 -0.010939 0.036277 0.506114 -0.547708 0.576217 0.334424
5.283359 0.314213 -0.010939 0.036388 0.508465 -0.548452 0.573865 0.333680
5.287335 0.314102 -0.011050 0.036277 0.514460 -0.542833 0.577496 0.327355
5.291310 0.314102 -0.011050 0.036277 0.526262 -0.531399 0.584549 0.314588
5.295286 0.314102 -0.011162 0.036277 0.529137 -0.532245 0.588855 0.299964
5.299261 0.314102 -0.011162 0.036277 0.534953 -0.526400 0.592115 0.293477
5.303236 0.313990 -0.011162 0.036277 0.537854 -0.527151 0.595937 0.278719
5.307212 0.313990 -0.011162 0.036165 0.543613 -0.521210 0.598963 0.272155
5.311187 0.313990 -0.011274 0.036165 0.546538 -0.521866 0.602296 0.257279
5.315163 0.313990 -0.011274 0.036165 0.546538 -0.521866 0.602296 0.257279
5.319138 0.313990 -0.011274 0.036165 0.549476 -0.522457 0.605301 0.242333
5.323114 0.313879 -0.011385 0.036165 0.555183 -0.516389 0.607927 0.235669
5.327089 0.313879 -0.011385 0.036054 0.552427 -0.522983 0.607978 0.227325
5.331064 0.313879 -0.011385 0.036054 0.558139 -0.516882 0.610439 0.220632
5.335040 0.313879 -0.011385 0.036054 0.563784 -0.510719 0.612826 0.213912
5.339015 0.313879 -0.011385 0.036054 0.561105 -0.517311 0.612619 0.205544
5.342991 0.313767 -0.011385 0.036054 0.566755 -0.511115 0.614840 0.198801
5.346966 0.313767 -0.011497 0.035942 0.564080 -0.517674 0.614467 0.190411
5.350942 0.313767 -0.011497 0.035942 0.569733 -0.511446 0.616522 0.183649
5.354917 0.313655 -0.011497 0.035942 0.569733 -0.511446 0.616522 0.183649
5.358893 0.313655 -0.011497 0.035942 0.572719 -0.511711 0.617871 0.168464
5.362868 0.313655 -0.011497 0.035942 0.574535 -0.504892 0.623455 0.162162
5.366843 0.313544 -0.011497 0.035942 0.577358 -0.505081 0.624472 0.146919
5.370819 0.313544 -0.011497 0.035830 0.582872 -0.498707 0.626049 0.140050
5.374794 0.313432 -0.011497 0.035830 0.582872 -0.498707 0.626049 0.140050
5.378770 0.313432 -0.011609 0.035830 0.585700 -0.498803 0.626563 0.124782
5.382745 0.313320 -0.011609 0.035830 0.585700 -0.498803 0.626563 0.124782
5.386721 0.313320 -0.011609 0.035830 0.592404 -0.485410 0.633267 0.111389
5.390696 0.313320 -0.011609 0.035830 0.597701 -0.478872 0.634452 0.104425
5.394672 0.313209 -0.011609 0.035830 0.597701 -0.478872 0.634452 0.104425
5.398647 0.313209 -0.011609 0.035830 0.602926 -0.472277 0.635561 0.097449
5.402622 0.313209 -0.011609 0.035830 0.606453 -0.465213 0.640385 0.075487
5.406598 0.313209 -0.011609 0.035830 0.606453 -0.465213 0.640385 0.075487
5.410573 0.313097 -0.011609 0.035830 0.612242 -0.451451 0.646175 0.061725
5.414549 0.313097 -0.011609 0.035830 0.612242 -0.451451 0.646175 0.061725
5.418524 0.313097 -0.011609 0.035830 0.620345 -0.430869 0.652980 0.056040
5.422500 0.313097 -0.011609 0.035830 0.617728 -0.437565 0.651660 0.047839
5.426475 0.313097 -0.011609 0.035830 0.622498 -0.430752 0.652146 0.040677
5.430450 0.313097 -0.011609 0.035830 0.622907 -0.423561 0.656839 0.033835
5.434426 0.313097 -0.011609 0.035830 0.627523 -0.416692 0.657171 0.026617
5.438401 0.312986 -0.011497 0.035830 0.630082 -0.409925 0.658597 0.034760
5.442377 0.312986 -0.011497 0.035830 0.634811 -0.395714 0.663327 0.020550
5.446352 0.312986 -0.011497 0.035830 0.634811 -0.395714 0.663327 0.020550
5.450328 0.312986 -0.011497 0.035830 0.634811 -0.395714 0.663327 0.020550
5.454303 0.312986 -0.011497 0.035830 0.639120 -0.388716 0.663513 0.013261
5.458279 0.312986 -0.011497 0.035830 0.639120 -0.388716 0.663513 0.013261
5.462254 0.312986 -0.011497 0.035830 0.639120 -0.388716 0.663513 0.013261
5.466229 0.312986 -0.011497 0.035830 0.639120 -0.388716 0.663513 0.013261
5.470205 0.312986 -0.011497 0.035830 0.639120 -0.388716 0.663513 0.013261
5.474180 0.312874 -0.011497 0.035830 0.639120 -0.388716 0.663513 0.013261
5.478156 0.312874 -0.011497 0.035830 0.643352 -0.381671 0.663618 0.005971
5.482131 0.312874 -0.011497 0.035830 0.643352 -0.381671 0.663618 0.005971
5.486107 0.312874 -0.011497 0.035830 0.643352 -0.381671 0.663618 0.005971
5.490082 0.312874 -0.011497 0.035830 0.643352 -0.381671 0.663618 0.005971
5.494058 0.312874 -0.011497 0.035830 0.643352 -0.381671 0.663618 0.005971
5.498033 0.312874 -0.011497 0.035830 0.643352 -0.381671 0.663618 0.005971
5.502008 0.312874 -0.011497 0.035830 0.640929 -0.388538 0.662000 -0.002095
5.505984 0.312874 -0.011497 0.035830 0.636622 -0.395556 0.661983 0.005178
5.509959 0.312874 -0.011497 0.035830 0.636622 -0.395556 0.661983 0.005178
5.513935 0.312874 -0.011497 0.035830 0.636622 -0.395556 0.661983 0.005178
5.517910 0.312874 -0.011497 0.035830 0.636622 -0.395556 0.661983 0.005178
5.521886 0.312874 -0.011497 0.035830 0.636622 -0.395556 0.661983 0.005178
5.525861 0.312874 -0.011497 0.035830 0.636622 -0.395556 0.661983 0.005178
5.529836 0.312874 -0.011497 0.035830 0.636622 -0.395556 0.661983 0.005178
5.533812 0.312874 -0.011497 0.035830 0.636622 -0.395556 0.661983 0.005178
5.537787 0.312874 -0.011497 0.035830 0.632238 -0.402526 0.661886 0.012451
5.541763 0.312874 -0.011497 0.035830 0.632063 -0.409773 0.657424 0.019396
5.545738 0.312874 -0.011609 0.035942 0.632063 -0.409773 0.657424 0.019396
5.549714 0.312874 -0.011609 0.035942 0.632063 -0.409773 0.657424 0.019396
5.553689 0.312874 -0.011609 0.035942 0.632063 -0.409773 0.657424 0.019396
5.557665 0.312874 -0.011609 0.035942 0.631811 -0.416971 0.652883 0.026338
5.561640 0.312874 -0.011609 0.035942 0.629340 -0.423699 0.651214 0.018182
5.565615 0.312874 -0.011609 0.035942 0.633957 -0.416760 0.651374 0.011026
5.569591 0.312874 -0.011609 0.035942 0.631413 -0.430575 0.644846 0.009824
5.573566 0.312874 -0.011720 0.035942 0.631413 -0.430575 0.644846 0.009824
5.577542 0.312874 -0.011720 0.035830 0.636037 -0.430672 0.640222 0.009727
5.581517 0.312874 -0.011720 0.035830 0.633739 -0.437307 0.638072 0.001557
5.585493 0.312874 -0.011720 0.035830 0.636203 -0.436927 0.635733 -0.013599
5.589468 0.312874 -0.011720 0.035830 0.636314 -0.443885 0.630894 -0.006609
5.593444 0.312874 -0.011720 0.035830 0.638934 -0.443421 0.628228 -0.021682
5.597419 0.312874 -0.011720 0.035719 0.636929 -0.456767 0.620616 -0.022826
5.601394 0.312874 -0.011832 0.035719 0.639698 -0.456183 0.617461 -0.037773
5.605370 0.312762 -0.011832 0.035719 0.639698 -0.456183 0.617461 -0.037773
5.609345 0.312762 -0.011832 0.035607 0.642992 -0.462255 0.608936 -0.045587
5.613321 0.312762 -0.011832 0.035607 0.640785 -0.468576 0.605761 -0.053698
5.617296 0.312762 -0.011832 0.035607 0.638501 -0.474840 0.602514 -0.061804
5.621272 0.312651 -0.011832 0.035496 0.638501 -0.474840 0.602514 -0.061804
5.625247 0.312651 -0.011943 0.035496 0.636140 -0.481047 0.599193 -0.069901
5.629222 0.312651 -0.011943 0.035496 0.633703 -0.487196 0.595801 -0.077991
5.633198 0.312651 -0.011943 0.035496 0.633703 -0.487196 0.595801 -0.077991
5.637173 0.312651 -0.011943 0.035496 0.631188 -0.493286 0.592336 -0.086071
5.641149 0.312651 -0.011943 0.035496 0.631188 -0.493286 0.592336 -0.086071
5.645124 0.312539 -0.011943 0.035384 0.628598 -0.499316 0.588800 -0.094140
5.649100 0.312539 -0.012055 0.035384 0.628598 -0.499316 0.588800 -0.094140
5.653075 0.312539 -0.012055 0.035384 0.625931 -0.505287 0.585193 -0.102198
5.657051 0.312539 -0.012055 0.035384 0.630213 -0.491933 0.589475 -0.115552
5.661026 0.312539 -0.012055 0.035384 0.627449 -0.497913 0.585774 -0.123527
5.665001 0.312539 -0.012055 0.035496 0.627449 -0.497913 0.585774 -0.123527
5.668977 0.312539 -0.012055 0.035496 0.632881 -0.490990 0.584382 -0.129955
5.672952 0.312539 -0.011943 0.035496 0.631415 -0.484540 0.589741 -0.136900
5.676928 0.312539 -0.011943 0.035496 0.628553 -0.490533 0.585948 -0.144787
5.680903 0.312539 -0.011943 0.035496 0.626924 -0.484066 0.591302 -0.151684
5.684879 0.312539 -0.011943 0.035496 0.632205 -0.477150 0.589600 -0.158171
5.688854 0.312539 -0.011943 0.035496 0.629246 -0.483158 0.585716 -0.165965
5.692829 0.312539 -0.011943 0.035496 0.627385 -0.476694 0.590988 -0.172868
5.696805 0.312539 -0.011943 0.035496 0.627385 -0.476694 0.590988 -0.172868
5.700780 0.312539 -0.011943 0.035496 0.625448 -0.470173 0.596190 -0.179750
5.704756 0.312539 -0.011943 0.035496 0.625448 -0.470173 0.596190 -0.179750
5.708731 0.312539 -0.011943 0.035496 0.623436 -0.463595 0.601319 -0.186611
5.712707 0.312539 -0.011832 0.035496 0.623436 -0.463595 0.601319 -0.186611
5.716682 0.312539 -0.011832 0.035496 0.621348 -0.456960 0.606376 -0.193449
5.720658 0.312539 -0.011832 0.035496 0.621348 -0.456960 0.606376 -0.193449
5.724633 0.312539 -0.011832 0.035607 0.619185 -0.450271 0.611359 -0.200263
5.728608 0.312539 -0.011832 0.035607 0.619185 -0.450271 0.611359 -0.200263
5.732584 0.312539 -0.011832 0.035607 0.616948 -0.443527 0.616269 -0.207054
5.736559 0.312539 -0.011832 0.035607 0.616948 -0.443527 0.616269 -0.207054
5.740535 0.312539 -0.011832 0.035607 0.616948 -0.443527 0.616269 -0.207054
5.744510 0.312539 -0.011832 0.035607 0.614636 -0.436730 0.621105 -0.213819
5.748486 0.312539 -0.011832 0.035607 0.614636 -0.436730 0.621105 -0.213819
5.752461 0.312539 -0.011832 0.035607 0.612250 -0.429880 0.625865 -0.220558
5.756437 0.312539 -0.011832 0.035607 0.612250 -0.429880 0.625865 -0.220558
5.760412 0.312539 -0.011720 0.035607 0.612250 -0.429880 0.625865 -0.220558
5.764387 0.312539 -0.011720 0.035607 0.605106 -0.429652 0.633009 -0.220330
5.768363 0.312539 -0.011720 0.035607 0.605106 -0.429652 0.633009 -0.220330
5.772338 0.312539 -0.011720 0.035607 0.602649 -0.422672 0.637691 -0.226965
5.776314 0.312539 -0.011720 0.035607 0.602649 -0.422672 0.637691 -0.226965
5.780289 0.312539 -0.011720 0.035607 0.595516 -0.422209 0.644823 -0.226502
5.784265 0.312539 -0.011720 0.035607 0.588396 -0.421589 0.651944 -0.225882
5.788240 0.312539 -0.011720 0.035607 0.585879 -0.414401 0.656536 -0.232332
5.792215 0.312539 -0.011720 0.035607 0.583183 -0.407201 0.666228 -0.224107
5.796191 0.312539 -0.011720 0.035719 0.576258 -0.406213 0.673154 -0.223119
5.800166 0.312539 -0.011720 0.035719 0.569356 -0.405072 0.680055 -0.221978
5.804142 0.312539 -0.011720 0.035719 0.567264 -0.397461 0.688994 -0.213363
5.808117 0.312539 -0.011720 0.035830 0.561117 -0.395902 0.699726 -0.196960
5.812093 0.312539 -0.011720 0.035830 0.557537 -0.380216 0.711957 -0.194179
5.816068 0.312539 -0.011720 0.035830 0.556424 -0.372137 0.719459 -0.185163
5.820044 0.312427 -0.011720 0.035942 0.549670 -0.362022 0.732448 -0.174135
5.824019 0.312427 -0.011720 0.035942 0.539815 -0.365902 0.740161 -0.163941
5.827994 0.312427 -0.011720 0.035942 0.539723 -0.357500 0.746323 -0.154581
5.831970 0.312427 -0.011720 0.035942 0.536040 -0.354958 0.753603 -0.136924
5.835945 0.312427 -0.011609 0.035942 0.530663 -0.352509 0.758980 -0.134475
5.839921 0.312427 -0.011609 0.035942 0.521464 -0.355692 0.765706 -0.123503
5.843896 0.312427 -0.011609 0.035942 0.517525 -0.361399 0.767016 -0.115084
5.847872 0.312316 -0.011609 0.035830 0.505917 -0.364313 0.772744 -0.119125
5.851847 0.312316 -0.011609 0.035830 0.501884 -0.369849 0.774006 -0.110629
5.855823 0.312316 -0.011720 0.035719 0.489976 -0.372320 0.779892 -0.114323
5.859798 0.312316 -0.011720 0.035719 0.485856 -0.377680 0.781101 -0.105748
5.863773 0.312316 -0.011720 0.035607 0.474837 -0.388319 0.782910 -0.103874
5.867749 0.312204 -0.011720 0.035607 0.470542 -0.393512 0.784004 -0.095267
5.871724 0.312204 -0.011720 0.035607 0.458125 -0.395126 0.790139 -0.098374
5.875700 0.312204 -0.011720 0.035496 0.453757 -0.400135 0.791172 -0.089687
5.879675 0.312204 -0.011720 0.035496 0.448416 -0.396369 0.796512 -0.085921
5.883651 0.312093 -0.011720 0.035496 0.448416 -0.396369 0.796512 -0.085921
5.887626 0.312093 -0.011832 0.035496 0.443160 -0.392487 0.801768 -0.082039
5.891601 0.312093 -0.011832 0.035496 0.446267 -0.392557 0.801423 -0.066820
5.895577 0.312093 -0.011832 0.035496 0.441264 -0.388600 0.806427 -0.062863
5.899552 0.311981 -0.011832 0.035496 0.441264 -0.388600 0.806427 -0.062863
5.903528 0.311981 -0.011832 0.035496 0.443982 -0.379909 0.809805 -0.052580
5.907503 0.311981 -0.011832 0.035496 0.439782 -0.384764 0.810334 -0.043680
5.911479 0.311981 -0.011832 0.035496 0.439276 -0.375838 0.814512 -0.048509
5.915454 0.311981 -0.011832 0.035496 0.446975 -0.371269 0.812758 -0.042388
5.919430 0.311869 -0.011832 0.035496 0.442475 -0.367201 0.817258 -0.038320
5.923405 0.311869 -0.011832 0.035496 0.442475 -0.367201 0.817258 -0.038320
5.927380 0.311869 -0.011720 0.035496 0.449855 -0.353714 0.819225 -0.037243
5.931356 0.311869 -0.011720 0.035496 0.445942 -0.358635 0.819585 -0.028241
5.935331 0.311869 -0.011720 0.035496 0.445605 -0.349609 0.823475 -0.033138
5.939307 0.311869 -0.011720 0.035496 0.445605 -0.349609 0.823475 -0.033138
5.943282 0.311981 -0.011720 0.035496 0.453165 -0.336147 0.824988 -0.032289
5.947258 0.311981 -0.011720 0.035607 0.453165 -0.336147 0.824988 -0.032289
5.951233 0.311981 -0.011609 0.035607 0.452783 -0.327063 0.828631 -0.037266
5.955209 0.311981 -0.011609 0.035607 0.452783 -0.327063 0.828631 -0.037266
5.959184 0.311981 -0.011609 0.035607 0.448826 -0.322890 0.832588 -0.033093
5.963159 0.312093 -0.011609 0.035607 0.456894 -0.318597 0.830051 -0.027549
5.967135 0.312093 -0.011609 0.035607 0.456564 -0.309459 0.833501 -0.032567
5.971110 0.312093 -0.011609 0.035607 0.456564 -0.309459 0.833501 -0.032567
5.975086 0.312093 -0.011609 0.035719 0.452852 -0.305277 0.837213 -0.028385
5.979061 0.312093 -0.011609 0.035719 0.461031 -0.301094 0.834423 -0.023045
5.983037 0.312204 -0.011609 0.035719 0.461031 -0.301094 0.834423 -0.023045
5.987012 0.312204 -0.011720 0.035719 0.460750 -0.291909 0.837680 -0.028109
5.990987 0.312204 -0.011720 0.035719 0.457516 -0.296953 0.837939 -0.018904
5.994963 0.312204 -0.011720 0.035719 0.465565 -0.283665 0.838111 -0.018800
5.998938 0.312204 -0.011720 0.035719 0.465565 -0.283665 0.838111 -0.018800
6.002914 0.312204 -0.011720 0.035830 0.462287 -0.279536 0.841389 -0.014670
6.006889 0.312204 -0.011720 0.035830 0.462287 -0.279536 0.841389 -0.014670
6.010865 0.312316 -0.011720 0.035830 0.462098 -0.270276 0.844409 -0.019748
6.014840 0.312316 -0.011720 0.035830 0.462098 -0.270276 0.844409 -0.019748
6.018816 0.312316 -0.011720 0.035830 0.462098 -0.270276 0.844409 -0.019748
6.022791 0.312204 -0.011832 0.035830 0.461853 -0.260983 0.847327 -0.024824
6.026766 0.312204 -0.011832 0.035830 0.461853 -0.260983 0.847327 -0.024824
6.030742 0.312204 -0.011832 0.035830 0.461853 -0.260983 0.847327 -0.024824
6.034717 0.312204 -0.011832 0.035830 0.453008 -0.255491 0.853410 -0.034621
6.038693 0.312204 -0.011832 0.035719 0.453008 -0.255491 0.853410 -0.034621
6.042668 0.312204 -0.011832 0.035719 0.452600 -0.246100 0.856166 -0.039596
6.046644 0.312204 -0.011832 0.035719 0.452600 -0.246100 0.856166 -0.039596
6.050619 0.312204 -0.011832 0.035719 0.452600 -0.246100 0.856166 -0.039596
6.054594 0.312204 -0.011943 0.035719 0.443437 -0.240411 0.862065 -0.049097
6.058570 0.312204 -0.011943 0.035719 0.443437 -0.240411 0.862065 -0.049097
6.062545 0.312204 -0.011943 0.035719 0.434068 -0.234593 0.867837 -0.058394
6.066521 0.312093 -0.011943 0.035607 0.433400 -0.225045 0.870362 -0.063159
6.070496 0.312093 -0.012055 0.035607 0.426983 -0.223973 0.872686 -0.077075
6.074472 0.312093 -0.012055 0.035607 0.426110 -0.214372 0.875094 -0.081761
6.078447 0.311981 -0.012055 0.035607 0.425186 -0.204746 0.877396 -0.086438
6.082423 0.311981 -0.012055 0.035607 0.427410 -0.200062 0.876394 -0.096072
6.086398 0.311981 -0.012055 0.035496 0.417315 -0.194097 0.881579 -0.104848
6.090373 0.311869 -0.012055 0.035496 0.418138 -0.179818 0.882403 -0.119127
6.094349 0.311869 -0.012055 0.035496 0.416804 -0.170113 0.884325 -0.123714
6.098324 0.311758 -0.012055 0.035496 0.417157 -0.155814 0.884678 -0.138013
6.102300 0.311758 -0.012055 0.035496 0.417157 -0.155814 0.884678 -0.138013
6.106275 0.311646 -0.012055 0.035496 0.417196 -0.141510 0.884716 -0.152316
6.110251 0.311646 -0.012055 0.035496 0.415497 -0.131782 0.886217 -0.156890
6.114226 0.311534 -0.012055 0.035496 0.425981 -0.123304 0.881363 -0.162893
6.118202 0.311534 -0.012055 0.035496 0.427310 -0.118617 0.879521 -0.172566
6.122177 0.311534 -0.011943 0.035496 0.425389 -0.108947 0.880771 -0.177250
6.126152 0.311423 -0.011943 0.035496 0.426560 -0.104268 0.878770 -0.186916
6.130128 0.311423 -0.011943 0.035496 0.434453 -0.085791 0.874555 -0.197595
6.134103 0.311423 -0.011943 0.035496 0.434453 -0.085791 0.874555 -0.197595
6.138079 0.311423 -0.011943 0.035496 0.434453 -0.085791 0.874555 -0.197595
6.142054 0.311423 -0.011943 0.035496 0.435370 -0.081013 0.872331 -0.207191
6.146030 0.311311 -0.011832 0.035496 0.435370 -0.081013 0.872331 -0.207191
6.150005 0.311311 -0.011832 0.035496 0.444230 -0.076759 0.869117 -0.203481
6.153980 0.311311 -0.011832 0.035496 0.444230 -0.076759 0.869117 -0.203481
6.157956 0.311311 -0.011832 0.035496 0.442679 -0.062346 0.867566 -0.217894
6.161931 0.311311 -0.011832 0.035496 0.442679 -0.062346 0.867566 -0.217894
6.165907 0.311423 -0.011832 0.035607 0.442679 -0.062346 0.867566 -0.217894
6.169882 0.311423 -0.011832 0.035607 0.441967 -0.067206 0.869907 -0.208349
6.173858 0.311423 -0.011832 0.035607 0.441967 -0.067206 0.869907 -0.208349
6.177833 0.311423 -0.011832 0.035607 0.441967 -0.067206 0.869907 -0.208349
6.181809 0.311423 -0.011832 0.035607 0.441967 -0.067206 0.869907 -0.208349
6.185784 0.311423 -0.011832 0.035607 0.441967 -0.067206 0.869907 -0.208349
6.189759 0.311423 -0.011832 0.035607 0.441967 -0.067206 0.869907 -0.208349
6.193735 0.311423 -0.011832 0.035496 0.441202 -0.072057 0.872144 -0.198780
6.197710 0.311423 -0.011832 0.035496 0.441202 -0.072057 0.872144 -0.198780
6.201686 0.311423 -0.011832 0.035496 0.441202 -0.072057 0.872144 -0.198780
6.205661 0.311423 -0.011832 0.035496 0.440384 -0.076900 0.874275 -0.189187
6.209637 0.311423 -0.011832 0.035496 0.440384 -0.076900 0.874275 -0.189187
6.213612 0.311423 -0.011832 0.035496 0.440384 -0.076900 0.874275 -0.189187
6.217588 0.311423 -0.011943 0.035496 0.439513 -0.081734 0.876301 -0.179570
6.221563 0.311423 -0.011943 0.035496 0.438588 -0.086557 0.878221 -0.169932
6.225538 0.311423 -0.011943 0.035496 0.435824 -0.081697 0.880985 -0.165072
6.229514 0.311423 -0.011943 0.035496 0.435824 -0.081697 0.880985 -0.165072
6.233489 0.311423 -0.011943 0.035496 0.434900 -0.086480 0.882745 -0.155383
6.237465 0.311423 -0.011943 0.035496 0.433923 -0.091252 0.884399 -0.145676
6.241440 0.311423 -0.012055 0.035496 0.442114 -0.092621 0.882236 -0.132724
6.245416 0.311423 -0.012055 0.035496 0.441070 -0.097472 0.883641 -0.123024
6.249391 0.311423 -0.012055 0.035496 0.439973 -0.102312 0.884939 -0.113309
6.253366 0.311534 -0.012055 0.035496 0.438701 -0.092584 0.886010 -0.118135
6.257342 0.311534 -0.012167 0.035496 0.437658 -0.097398 0.887254 -0.108395
6.261317 0.311534 -0.012167 0.035496 0.445902 -0.099245 0.884403 -0.095671
6.265293 0.311534 -0.012167 0.035496 0.445902 -0.099245 0.884403 -0.095671
6.269268 0.311534 -0.012167 0.035496 0.454143 -0.086601 0.881313 -0.097685
6.273244 0.311534 -0.012167 0.035496 0.453164 -0.091585 0.882333 -0.087997
6.277219 0.311534 -0.012167 0.035496 0.453164 -0.091585 0.882333 -0.087997
6.281195 0.311534 -0.012278 0.035496 0.462459 -0.088754 0.878068 -0.085153
6.285170 0.311534 -0.012278 0.035496 0.462459 -0.088754 0.878068 -0.085153
6.289145 0.311534 -0.012278 0.035496 0.471699 -0.085913 0.873697 -0.082299
6.293121 0.311534 -0.012278 0.035496 0.471699 -0.085913 0.873697 -0.082299
6.297096 0.311534 -0.012278 0.035496 0.480882 -0.083062 0.869220 -0.079435
6.301072 0.311534 -0.012278 0.035496 0.480759 -0.068230 0.869097 -0.094267
6.305047 0.311534 -0.012278 0.035496 0.480759 -0.068230 0.869097 -0.094267
6.309023 0.311534 -0.012278 0.035496 0.489883 -0.065318 0.864515 -0.091443
6.312998 0.311534 -0.012278 0.035496 0.490571 -0.059933 0.863458 -0.100935
6.316974 0.311534 -0.012278 0.035496 0.491200 -0.054539 0.862297 -0.110415
6.320949 0.311534 -0.012278 0.035496 0.500734 -0.045923 0.856442 -0.116894
6.324924 0.311423 -0.012278 0.035496 0.510076 -0.037100 0.850446 -0.123243
6.328900 0.311423 -0.012278 0.035496 0.510452 -0.031494 0.849040 -0.132578
6.332875 0.311423 -0.012278 0.035496 0.518056 -0.007415 0.841395 -0.153678
6.336851 0.311311 -0.012278 0.035384 0.518094 0.003969 0.837816 -0.172127
6.340826 0.311311 -0.012278 0.035384 0.526381 0.019290 0.829174 -0.187139
6.344802 0.311311 -0.012278 0.035384 0.534177 0.034971 0.820180 -0.201831
6.348777 0.311200 -0.012278 0.035272 0.540877 0.056943 0.808421 -0.225088
6.352752 0.311200 -0.012278 0.035272 0.539496 0.068813 0.803280 -0.242796
6.356728 0.311088 -0.012278 0.035272 0.541814 0.100048 0.789241 -0.271160
6.360703 0.311088 -0.012278 0.035161 0.547180 0.116853 0.778480 -0.284442
6.364679 0.310976 -0.012278 0.035161 0.546405 0.126368 0.770119 -0.303956
6.368654 0.310976 -0.012390 0.035049 0.550798 0.143715 0.758836 -0.316444
6.372630 0.310865 -0.012390 0.035049 0.547507 0.155781 0.751700 -0.333040
6.376605 0.310865 -0.012390 0.034937 0.547759 0.159587 0.745999 -0.343478
6.380581 0.310753 -0.012390 0.034937 0.542202 0.177551 0.734276 -0.367874
6.384556 0.310641 -0.012390 0.034826 0.544316 0.175464 0.732162 -0.369961
6.388531 0.310530 -0.012390 0.034826 0.546825 0.193582 0.719990 -0.380949
6.392507 0.310530 -0.012390 0.034826 0.546765 0.197721 0.713662 -0.390692
6.396482 0.310418 -0.012390 0.034826 0.544560 0.203716 0.709327 -0.398509
6.400458 0.310418 -0.012502 0.034714 0.546720 0.201930 0.707167 -0.400296
6.404433 0.310307 -0.012502 0.034714 0.542151 0.213893 0.698201 -0.415736
6.408409 0.310307 -0.012502 0.034714 0.538566 0.205410 0.699213 -0.422913
6.412384 0.310307 -0.012502 0.034714 0.533922 0.217193 0.689753 -0.438173
6.416359 0.310195 -0.012502 0.034603 0.536369 0.215508 0.687306 -0.439858
6.420335 0.310195 -0.012502 0.034603 0.528449 0.214285 0.685276 -0.453013
6.424310 0.310195 -0.012502 0.034603 0.528449 0.214285 0.685276 -0.453013
6.428286 0.310307 -0.012613 0.034603 0.531090 0.212591 0.682635 -0.454707
6.432261 0.310307 -0.012613 0.034603 0.528722 0.218413 0.677598 -0.462179
6.436237 0.310307 -0.012613 0.034603 0.526291 0.224209 0.672480 -0.469595
6.440212 0.310307 -0.012613 0.034603 0.531418 0.216807 0.674902 -0.463785
6.444188 0.310307 -0.012725 0.034491 0.523865 0.215213 0.672117 -0.476977
6.448163 0.310307 -0.012725 0.034491 0.523865 0.215213 0.672117 -0.476977
6.452138 0.310418 -0.012725 0.034603 0.529004 0.222632 0.669766 -0.471171
6.456114 0.310418 -0.012836 0.034603 0.529004 0.222632 0.669766 -0.471171
6.460089 0.310418 -0.012836 0.034603 0.529004 0.222632 0.669766 -0.471171
6.464065 0.310418 -0.012948 0.034603 0.534080 0.230025 0.667334 -0.465309
6.468040 0.310418 -0.012948 0.034603 0.531520 0.235878 0.662182 -0.472612
6.472016 0.310418 -0.013060 0.034714 0.536450 0.243298 0.659735 -0.466666
6.475991 0.310307 -0.013060 0.034714 0.536450 0.243298 0.659735 -0.466666
6.479967 0.310307 -0.013171 0.034714 0.536450 0.243298 0.659735 -0.466666
6.483942 0.310307 -0.013171 0.034826 0.536222 0.257893 0.654414 -0.466583
6.487917 0.310307 -0.013283 0.034826 0.541088 0.265224 0.651727 -0.460578
6.491893 0.310195 -0.013283 0.034826 0.541088 0.265224 0.651727 -0.460578
6.495868 0.310195 -0.013283 0.034826 0.541088 0.265224 0.651727 -0.460578
6.499844 0.310195 -0.013395 0.034826 0.545888 0.272523 0.648962 -0.454517
6.503819 0.310083 -0.013395 0.034826 0.542861 0.278504 0.643929 -0.461619
6.507795 0.310083 -0.013395 0.034826 0.542861 0.278504 0.643929 -0.461619
6.511770 0.310083 -0.013395 0.034826 0.542861 0.278504 0.643929 -0.461619
6.515745 0.309972 -0.013395 0.034826 0.544885 0.277416 0.641906 -0.462707
6.519721 0.309972 -0.013395 0.034826 0.544885 0.277416 0.641906 -0.462707
6.523696 0.309972 -0.013395 0.034826 0.544885 0.277416 0.641906 -0.462707
6.527672 0.309972 -0.013395 0.034826 0.546932 0.276372 0.639858 -0.463751
6.531647 0.309972 -0.013395 0.034826 0.543863 0.282364 0.634725 -0.470752
6.535623 0.309972 -0.013395 0.034826 0.544733 0.267793 0.640037 -0.471069
6.539598 0.309972 -0.013395 0.034826 0.544733 0.267793 0.640037 -0.471069
6.543574 0.309972 -0.013395 0.034826 0.545944 0.281389 0.632644 -0.471728
6.547549 0.310083 -0.013395 0.034826 0.545944 0.281389 0.632644 -0.471728
6.551524 0.310083 -0.013395 0.034826 0.551093 0.274421 0.635698 -0.465701
6.555500 0.310083 -0.013395 0.034826 0.551093 0.274421 0.635698 -0.465701
6.559475 0.310083 -0.013395 0.034826 0.551093 0.274421 0.635698 -0.465701
6.563451 0.310083 -0.013395 0.034826 0.551093 0.274421 0.635698 -0.465701
6.567426 0.310083 -0.013395 0.034826 0.555142 0.282039 0.633526 -0.459255
6.571402 0.310083 -0.013395 0.034826 0.555142 0.282039 0.633526 -0.459255
6.575377 0.310083 -0.013395 0.034826 0.560154 0.275062 0.636587 -0.453128
6.579353 0.310083 -0.013506 0.034826 0.560154 0.275062 0.636587 -0.453128
6.583328 0.310083 -0.013506 0.034826 0.560154 0.275062 0.636587 -0.453128
6.587303 0.310083 -0.013506 0.034826 0.558208 0.275923 0.638533 -0.452267
6.591279 0.310083 -0.013506 0.034826 0.562273 0.283463 0.636214 -0.445791
6.595254 0.310083 -0.013506 0.034826 0.562273 0.283463 0.636214 -0.445791
6.599230 0.310083 -0.013506 0.034826 0.562273 0.283463 0.636214 -0.445791
6.603205 0.310083 -0.013506 0.034937 0.562273 0.283463 0.636214 -0.445791
6.607181 0.310083 -0.013506 0.034937 0.562273 0.283463 0.636214 -0.445791
6.611156 0.310083 -0.013506 0.034937 0.562273 0.283463 0.636214 -0.445791
6.615131 0.310083 -0.013506 0.034937 0.566271 0.290968 0.633819 -0.439260
6.619107 0.310195 -0.013506 0.034937 0.566271 0.290968 0.633819 -0.439260
6.623082 0.310195 -0.013506 0.034937 0.561411 0.297914 0.630584 -0.445455
6.627058 0.310195 -0.013506 0.034937 0.561411 0.297914 0.630584 -0.445455
6.631033 0.310195 -0.013506 0.035049 0.558104 0.304063 0.625652 -0.452355
6.635009 0.310195 -0.013506 0.035049 0.558104 0.304063 0.625652 -0.452355
6.638984 0.310195 -0.013506 0.035049 0.553101 0.310918 0.622274 -0.458459
6.642960 0.310195 -0.013506 0.035049 0.557092 0.318377 0.619709 -0.451935
6.646935 0.310195 -0.013506 0.035049 0.557092 0.318377 0.619709 -0.451935
6.650910 0.310195 -0.013506 0.035049 0.557092 0.318377 0.619709 -0.451935
6.654886 0.310195 -0.013506 0.035049 0.552093 0.325166 0.616174 -0.458028
6.658861 0.310195 -0.013506 0.035049 0.552093 0.325166 0.616174 -0.458028
6.662837 0.310195 -0.013506 0.035161 0.556089 0.332556 0.613454 -0.451493
6.666812 0.310195 -0.013506 0.035161 0.551095 0.339276 0.609763 -0.457575
6.670788 0.310195 -0.013506 0.035161 0.551095 0.339276 0.609763 -0.457575
6.674763 0.310083 -0.013506 0.035161 0.551095 0.339276 0.609763 -0.457575
6.678739 0.310083 -0.013506 0.035161 0.550108 0.353241 0.603044 -0.457100
6.682714 0.310083 -0.013506 0.035161 0.550108 0.353241 0.603044 -0.457100
6.686689 0.310083 -0.013506 0.035272 0.545053 0.359845 0.599127 -0.463116
6.690665 0.310083 -0.013618 0.035272 0.539932 0.366405 0.595137 -0.469076
6.694640 0.310083 -0.013618 0.035272 0.544082 0.373581 0.591951 -0.462608
6.698616 0.310083 -0.013618 0.035272 0.538967 0.380062 0.587811 -0.468558
6.702591 0.310083 -0.013618 0.035384 0.533787 0.386497 0.583600 -0.474451
6.706567 0.310083 -0.013729 0.035384 0.528542 0.392885 0.579318 -0.480286
6.710542 0.310083 -0.013729 0.035384 0.518816 0.404950 0.569593 -0.492351
6.714517 0.310083 -0.013729 0.035384 0.507873 0.417367 0.560558 -0.503631
6.718493 0.309972 -0.013729 0.035496 0.493146 0.421982 0.553904 -0.521467
6.722468 0.309972 -0.013841 0.035496 0.482655 0.433371 0.543414 -0.532856
6.726444 0.309972 -0.013841 0.035496 0.461325 0.443308 0.531384 -0.555238
6.730419 0.309972 -0.013841 0.035496 0.450236 0.454092 0.520295 -0.566022
6.734395 0.309972 -0.013841 0.035496 0.433781 0.469425 0.502606 -0.582118
6.738370 0.309972 -0.013841 0.035496 0.417589 0.472403 0.494473 -0.598290
6.742346 0.309972 -0.013953 0.035496 0.405717 0.482293 0.482601 -0.608181
6.746321 0.309972 -0.013953 0.035496 0.393631 0.491920 0.470514 -0.617808
6.750296 0.309972 -0.013953 0.035384 0.376802 0.494005 0.461735 -0.633072
6.754272 0.309972 -0.013953 0.035384 0.364319 0.503081 0.449252 -0.642148
6.758247 0.309972 -0.013953 0.035384 0.364319 0.503081 0.449252 -0.642148
6.762223 0.309972 -0.013953 0.035384 0.356143 0.519176 0.433027 -0.645063
6.766198 0.309972 -0.013953 0.035384 0.350418 0.523057 0.425914 -0.649782
6.770174 0.309972 -0.013953 0.035384 0.350418 0.523057 0.425914 -0.649782
6.774149 0.309860 -0.013953 0.035384 0.337440 0.531444 0.412936 -0.658168
6.778124 0.309860 -0.013953 0.035384 0.337440 0.531444 0.412936 -0.658168
6.782100 0.309860 -0.013953 0.035384 0.331581 0.535119 0.405680 -0.662665
6.786075 0.309860 -0.013841 0.035496 0.331581 0.535119 0.405680 -0.662665
6.790051 0.309860 -0.013841 0.035496 0.331581 0.535119 0.405680 -0.662665
6.794026 0.309860 -0.013841 0.035496 0.329887 0.546114 0.394962 -0.661014
6.798002 0.309860 -0.013841 0.035496 0.329887 0.546114 0.394962 -0.661014
6.801977 0.309860 -0.013841 0.035496 0.331157 0.545413 0.393691 -0.661715
6.805953 0.309749 -0.013841 0.035384 0.327101 0.537946 0.396957 -0.667865
6.809928 0.309749 -0.013841 0.035384 0.327101 0.537946 0.396957 -0.667865
6.813903 0.309749 -0.013841 0.035384 0.327101 0.537946 0.396957 -0.667865
6.817879 0.309749 -0.013841 0.035384 0.327101 0.537946 0.396957 -0.667865
6.821854 0.309749 -0.013841 0.035384 0.327101 0.537946 0.396957 -0.667865
6.825830 0.309749 -0.013841 0.035384 0.327101 0.537946 0.396957 -0.667865
6.829805 0.309749 -0.013841 0.035384 0.327101 0.537946 0.396957 -0.667865
6.833781 0.309749 -0.013841 0.035384 0.319744 0.542275 0.391023 -0.671418
6.837756 0.309749 -0.013841 0.035384 0.319744 0.542275 0.391023 -0.671418
6.841732 0.309749 -0.013841 0.035384 0.319744 0.542275 0.391023 -0.671418
6.845707 0.309749 -0.013841 0.035384 0.319744 0.542275 0.391023 -0.671418
6.849682 0.309749 -0.013953 0.035384 0.312349 0.546538 0.385042 -0.674891
6.853658 0.309749 -0.013953 0.035384 0.312349 0.546538 0.385042 -0.674891
6.857633 0.309749 -0.013953 0.035384 0.312349 0.546538 0.385042 -0.674891
6.861609 0.309749 -0.013953 0.035384 0.304915 0.550735 0.379015 -0.678281
6.865584 0.309749 -0.013953 0.035384 0.293087 0.547482 0.376487 -0.687474
6.869560 0.309749 -0.014064 0.035384 0.293087 0.547482 0.376487 -0.687474
6.873535 0.309749 -0.014064 0.035496 0.285516 0.551586 0.370449 -0.690653
6.877510 0.309749 -0.014176 0.035496 0.264109 0.562527 0.350565 -0.700653
6.881486 0.309637 -0.014176 0.035384 0.250159 0.569127 0.336614 -0.707253
6.885461 0.309637 -0.014287 0.035384 0.231602 0.568022 0.326240 -0.719221
6.889437 0.309637 -0.014399 0.035384 0.198607 0.572171 0.301417 -0.736426
6.893412 0.309637 -0.014399 0.035384 0.173447 0.571886 0.282462 -0.750385
6.897388 0.309637 -0.014511 0.035272 0.148241 0.570712 0.263146 -0.763588
6.901363 0.309525 -0.014734 0.035272 0.116768 0.569964 0.234960 -0.778653
6.905339 0.309525 -0.014846 0.035272 0.085374 0.567700 0.206198 -0.792408
6.909314 0.309525 -0.014957 0.035161 0.062973 0.561946 0.183109 -0.804191
6.913289 0.309525 -0.015069 0.035161 0.025963 0.557310 0.144366 -0.817245
6.917265 0.309525 -0.015180 0.035049 0.001452 0.540556 0.122893 -0.832283
6.921240 0.309525 -0.015180 0.035049 -0.013299 0.531640 0.107208 -0.840052
6.925216 0.309525 -0.015292 0.034937 -0.024976 0.531220 0.088726 -0.842205
6.929191 0.309525 -0.015404 0.035049 -0.042468 0.530108 0.060924 -0.844671
6.933167 0.309525 -0.015404 0.035049 -0.061146 0.538468 0.034220 -0.839728
6.937142 0.309525 -0.015515 0.035049 -0.067058 0.537763 0.024992 -0.840053
6.941118 0.309525 -0.015515 0.035049 -0.072962 0.536994 0.015762 -0.840277
6.945093 0.309525 -0.015515 0.035049 -0.084742 0.535261 -0.002704 -0.840420
6.949068 0.309414 -0.015515 0.035049 -0.093970 0.535199 -0.008584 -0.839439
6.953044 0.309414 -0.015515 0.035049 -0.103982 0.542035 -0.029076 -0.833391
6.957019 0.309414 -0.015515 0.035161 -0.119075 0.540407 -0.044170 -0.831763
6.960995 0.309302 -0.015515 0.035161 -0.117373 0.549367 -0.046252 -0.826003
6.964970 0.309302 -0.015515 0.035161 -0.132463 0.547403 -0.061341 -0.824039
6.968946 0.309190 -0.015515 0.035161 -0.138468 0.545915 -0.070391 -0.823316
6.972921 0.309190 -0.015515 0.035161 -0.138468 0.545915 -0.070391 -0.823316
6.976896 0.309079 -0.015515 0.035161 -0.142970 0.553285 -0.081412 -0.816583
6.980872 0.309079 -0.015515 0.035161 -0.149040 0.551681 -0.090379 -0.815639
6.984847 0.308967 -0.015404 0.035272 -0.149040 0.551681 -0.090379 -0.815639
6.988823 0.308967 -0.015404 0.035272 -0.155092 0.550010 -0.099334 -0.814597
6.992798 0.308856 -0.015404 0.035272 -0.159913 0.557175 -0.110049 -0.807387
6.996774 0.308856 -0.015404 0.035272 -0.166025 0.555384 -0.118912 -0.806129
7.000749 0.308856 -0.015292 0.035272 -0.164891 0.564232 -0.120603 -0.799942
7.004725 0.308856 -0.015292 0.035272 -0.162296 0.563774 -0.123198 -0.800400
7.008700 0.308744 -0.015292 0.035272 -0.167589 0.570776 -0.133425 -0.792670
7.012675 0.308744 -0.015292 0.035384 -0.173850 0.568901 -0.142125 -0.791157
7.016651 0.308744 -0.015180 0.035384 -0.170756 0.577361 -0.145758 -0.785017
7.020626 0.308744 -0.015180 0.035384 -0.177089 0.575450 -0.154373 -0.783368
7.024602 0.308632 -0.015180 0.035384 -0.182923 0.582194 -0.163995 -0.775045
7.028577 0.308632 -0.015180 0.035384 -0.180472 0.590679 -0.166953 -0.768541
7.032553 0.308632 -0.015180 0.035384 -0.178516 0.590552 -0.168908 -0.768668
7.036528 0.308632 -0.015180 0.035384 -0.184905 0.597165 -0.177916 -0.759967
7.040504 0.308521 -0.015180 0.035384 -0.183174 0.605652 -0.180087 -0.753128
7.044479 0.308521 -0.015180 0.035384 -0.196436 0.601481 -0.196590 -0.748990
7.048454 0.308521 -0.015180 0.035384 -0.194816 0.601501 -0.198211 -0.748970
7.052430 0.308521 -0.015180 0.035384 -0.208563 0.605530 -0.214501 -0.737444
7.056405 0.308409 -0.015180 0.035384 -0.207114 0.605611 -0.215950 -0.737363
7.060381 0.308409 -0.015180 0.035384 -0.205668 0.605724 -0.217396 -0.737250
7.064356 0.308409 -0.015292 0.035384 -0.210869 0.603589 -0.226924 -0.734657
7.068332 0.308409 -0.015292 0.035384 -0.216051 0.601444 -0.236417 -0.731911
7.072307 0.308409 -0.015292 0.035272 -0.214620 0.601683 -0.237848 -0.731672
7.076282 0.308409 -0.015292 0.035272 -0.217931 0.591290 -0.248649 -0.735565
7.080258 0.308409 -0.015404 0.035272 -0.222837 0.589232 -0.258292 -0.732417
7.084233 0.308409 -0.015404 0.035161 -0.218956 0.581385 -0.261590 -0.738661
7.088209 0.308409 -0.015404 0.035161 -0.215522 0.582398 -0.265024 -0.737649
7.092184 0.308409 -0.015404 0.035161 -0.213822 0.582960 -0.266723 -0.737086
7.096160 0.308409 -0.015515 0.035049 -0.204032 0.586474 -0.261983 -0.738772
7.100135 0.308409 -0.015515 0.035049 -0.202366 0.587129 -0.263649 -0.738117
7.104111 0.308409 -0.015515 0.035049 -0.197347 0.579856 -0.268046 -0.743622
7.108086 0.308521 -0.015515 0.034937 -0.189165 0.582765 -0.261659 -0.745745
7.112061 0.308521 -0.015627 0.034937 -0.179189 0.586440 -0.257014 -0.746943
7.116037 0.308521 -0.015627 0.034937 -0.170972 0.589229 -0.250555 -0.748866
7.120012 0.308521 -0.015739 0.034937 -0.166522 0.599706 -0.240822 -0.744733
7.123988 0.308521 -0.015739 0.034937 -0.151704 0.604019 -0.226004 -0.749046
7.127963 0.308521 -0.015850 0.034937 -0.147282 0.614122 -0.215979 -0.744658
7.131939 0.308521 -0.015850 0.034937 -0.139092 0.616458 -0.209219 -0.746231
7.135914 0.308521 -0.015850 0.034937 -0.132311 0.617949 -0.201008 -0.748484
7.139889 0.308521 -0.015962 0.034937 -0.127929 0.627669 -0.190706 -0.743840
7.143865 0.308521 -0.015962 0.034937 -0.121026 0.629036 -0.182522 -0.745890
7.147840 0.308521 -0.015962 0.034937 -0.116643 0.638480 -0.172062 -0.741035
7.151816 0.308521 -0.016073 0.034937 -0.108495 0.640332 -0.165037 -0.742272
7.155791 0.308521 -0.016073 0.035049 -0.112368 0.647691 -0.161396 -0.736085
7.159767 0.308521 -0.016073 0.035049 -0.097133 0.650532 -0.146162 -0.738925
7.163742 0.308521 -0.016073 0.035049 -0.097133 0.650532 -0.146162 -0.738925
7.167718 0.308521 -0.016073 0.035049 -0.100982 0.657815 -0.142490 -0.732652
7.171693 0.308521 -0.016073 0.035049 -0.100164 0.658280 -0.143307 -0.732187
7.175668 0.308521 -0.016073 0.035049 -0.100164 0.658280 -0.143307 -0.732187
7.179644 0.308409 -0.016073 0.035049 -0.092115 0.659815 -0.136067 -0.733243
7.183619 0.308409 -0.016073 0.035049 -0.096167 0.666892 -0.132152 -0.727009
7.187595 0.308409 -0.016073 0.035049 -0.095511 0.667295 -0.132808 -0.726607
7.191570 0.308409 -0.016073 0.035049 -0.095511 0.667295 -0.132808 -0.726607
7.195546 0.308409 -0.016073 0.035049 -0.094864 0.667712 -0.133455 -0.726190
7.199521 0.308297 -0.015962 0.035049 -0.106599 0.673397 -0.137139 -0.718587
7.203497 0.308297 -0.015962 0.035049 -0.098698 0.674863 -0.129732 -0.719714
7.207472 0.308297 -0.015962 0.035049 -0.098209 0.675209 -0.130221 -0.719368
7.211447 0.308186 -0.015850 0.034937 -0.105621 0.674089 -0.138116 -0.717894
7.215423 0.308186 -0.015850 0.035049 -0.109950 0.680837 -0.133876 -0.711652
7.219398 0.308186 -0.015850 0.035049 -0.109950 0.680837 -0.133876 -0.711652
7.223374 0.308074 -0.015850 0.035049 -0.109614 0.681104 -0.134212 -0.711386
7.227349 0.308074 -0.015739 0.035049 -0.122084 0.686001 -0.137088 -0.704063
7.231325 0.307963 -0.015739 0.035049 -0.121888 0.686168 -0.137284 -0.703896
7.235300 0.307963 -0.015739 0.035049 -0.126932 0.692176 -0.132272 -0.698058
7.239275 0.307851 -0.015739 0.035049 -0.126932 0.692176 -0.132272 -0.698058
7.243251 0.307851 -0.015739 0.035049 -0.132215 0.697872 -0.126989 -0.692364
7.247226 0.307851 -0.015739 0.035049 -0.139874 0.696377 -0.134588 -0.690927
7.251202 0.307739 -0.015739 0.035049 -0.132275 0.697814 -0.126929 -0.692422
7.255177 0.307739 -0.015850 0.035049 -0.145446 0.701692 -0.128983 -0.685447
7.259153 0.307739 -0.015850 0.035049 -0.137907 0.703067 -0.121266 -0.687003
7.263128 0.307739 -0.015962 0.035049 -0.137907 0.703067 -0.121266 -0.687003
7.267104 0.307628 -0.015962 0.035049 -0.130351 0.704356 -0.113535 -0.688477
7.271079 0.307628 -0.015962 0.035049 -0.128457 0.710664 -0.100058 -0.684430
7.275054 0.307628 -0.015962 0.035049 -0.136257 0.709210 -0.107571 -0.683289
7.279030 0.307628 -0.016073 0.035161 -0.128742 0.710349 -0.099773 -0.684745
7.283005 0.307628 -0.016073 0.035161 -0.128742 0.710349 -0.099773 -0.684745
7.286981 0.307628 -0.016073 0.035049 -0.121211 0.711402 -0.091963 -0.686118
7.290956 0.307628 -0.016185 0.035049 -0.127047 0.716227 -0.086051 -0.680788
7.294932 0.307628 -0.016185 0.035161 -0.119560 0.717129 -0.078177 -0.682143
7.298907 0.307628 -0.016185 0.035161 -0.125927 0.721213 -0.071714 -0.677386
7.302883 0.307628 -0.016185 0.035161 -0.125927 0.721213 -0.071714 -0.677386
7.306858 0.307628 -0.016185 0.035161 -0.132480 0.724934 -0.065042 -0.672822
7.310833 0.307628 -0.016185 0.035161 -0.125081 0.725604 -0.057074 -0.674237
7.314809 0.307516 -0.016185 0.035161 -0.139210 0.728285 -0.058170 -0.668460
7.318784 0.307516 -0.016185 0.035161 -0.138062 0.732820 -0.043807 -0.664827
7.322760 0.307516 -0.016297 0.035272 -0.145084 0.735490 -0.036609 -0.660807
7.326735 0.307516 -0.016297 0.035272 -0.145891 0.734289 -0.035802 -0.662007
7.330711 0.307404 -0.016297 0.035272 -0.153127 0.736411 -0.028369 -0.658366
7.334686 0.307404 -0.016297 0.035384 -0.160494 0.738138 -0.020782 -0.654952
7.338661 0.307404 -0.016297 0.035384 -0.167982 0.739464 -0.013053 -0.651770
7.342637 0.307293 -0.016297 0.035384 -0.190361 0.740883 -0.005353 -0.644070
7.346612 0.307181 -0.016408 0.035496 -0.191402 0.738839 -0.004312 -0.646114
7.350588 0.307181 -0.016408 0.035496 -0.214348 0.736539 -0.011362 -0.641433
7.354563 0.307181 -0.016408 0.035496 -0.230245 0.733654 -0.010150 -0.639246
7.358539 0.307070 -0.016520 0.035607 -0.246152 0.730087 -0.008815 -0.637420
7.362514 0.307070 -0.016520 0.035607 -0.255118 0.724710 -0.014857 -0.639914
7.366490 0.306958 -0.016520 0.035607 -0.277921 0.719904 -0.021349 -0.635643
7.370465 0.306958 -0.016520 0.035607 -0.286676 0.713969 -0.027468 -0.638209
7.374440 0.306846 -0.016632 0.035607 -0.295272 0.707911 -0.033708 -0.640734
7.378416 0.306846 -0.016632 0.035607 -0.311398 0.698356 -0.047134 -0.642735
7.382391 0.306846 -0.016632 0.035607 -0.326666 0.691346 -0.061244 -0.641544
7.386367 0.306846 -0.016632 0.035607 -0.327181 0.688424 -0.060729 -0.644466
7.390342 0.306846 -0.016632 0.035607 -0.335143 0.681851 -0.067387 -0.646697
7.394318 0.306846 -0.016743 0.035607 -0.335494 0.678879 -0.051564 -0.651083
7.398293 0.306846 -0.016743 0.035607 -0.343169 0.672027 -0.058477 -0.653602
7.402269 0.306846 -0.016743 0.035607 -0.350464 0.667681 -0.050249 -0.654868
7.406244 0.306735 -0.016743 0.035607 -0.335991 0.668624 -0.035567 -0.662410
7.410219 0.306735 -0.016855 0.035607 -0.336023 0.665323 -0.035535 -0.665711
7.414195 0.306735 -0.016855 0.035607 -0.328476 0.664127 -0.012910 -0.671470
7.418170 0.306735 -0.016966 0.035607 -0.321080 0.664229 -0.005613 -0.675038
7.422146 0.306735 -0.016966 0.035496 -0.313449 0.660788 0.001490 -0.681987
7.426121 0.306735 -0.016966 0.035496 -0.305938 0.660732 0.008749 -0.685389
7.430097 0.306735 -0.017078 0.035496 -0.290806 0.660380 0.023264 -0.691946
7.434072 0.306623 -0.017078 0.035496 -0.290421 0.656934 0.022879 -0.695392
7.438047 0.306623 -0.017078 0.035496 -0.282251 0.653438 0.045098 -0.700942
7.442023 0.306623 -0.017078 0.035384 -0.281689 0.649847 0.044536 -0.704533
7.445998 0.306623 -0.017190 0.035384 -0.266775 0.652403 0.043941 -0.708005
7.449974 0.306512 -0.017190 0.035384 -0.266126 0.648996 0.043293 -0.711411
7.453949 0.306512 -0.017190 0.035384 -0.258295 0.648482 0.050420 -0.714292
7.457925 0.306512 -0.017190 0.035272 -0.250411 0.648515 0.042026 -0.717605
7.461900 0.306512 -0.017190 0.035272 -0.257520 0.645724 0.034140 -0.718024
7.465876 0.306400 -0.017190 0.035272 -0.263734 0.639670 0.025385 -0.721541
7.469851 0.306400 -0.017190 0.035272 -0.263751 0.640467 0.009872 -0.721207
7.473826 0.306400 -0.017190 0.035161 -0.262831 0.637471 0.008952 -0.724203
7.477802 0.306400 -0.017190 0.035161 -0.261846 0.634495 0.007967 -0.727179
7.481777 0.306288 -0.017301 0.035161 -0.261920 0.635630 -0.007495 -0.726165
7.485753 0.306288 -0.017301 0.035049 -0.260895 0.632846 -0.008520 -0.728949
7.489728 0.306288 -0.017301 0.035049 -0.259970 0.631554 -0.024980 -0.730021
7.493704 0.306288 -0.017301 0.035049 -0.258860 0.628985 -0.026090 -0.732591
7.497679 0.306288 -0.017413 0.034937 -0.257971 0.628236 -0.042506 -0.732778
7.501655 0.306288 -0.017413 0.034937 -0.256797 0.625882 -0.043680 -0.735132
7.505630 0.306177 -0.017525 0.034826 -0.255571 0.623554 -0.044906 -0.737460
7.509605 0.306177 -0.017636 0.034826 -0.239795 0.626834 -0.046233 -0.739891
7.513581 0.306177 -0.017636 0.034714 -0.230364 0.625206 -0.040632 -0.744580
7.517556 0.306177 -0.017748 0.034714 -0.222854 0.628533 -0.048604 -0.743586
7.521532 0.306177 -0.017859 0.034603 -0.220243 0.624761 -0.051215 -0.747358
7.525507 0.306177 -0.017859 0.034603 -0.225706 0.620476 -0.060810 -0.748577
7.529483 0.306177 -0.017971 0.034603 -0.216021 0.619327 -0.055436 -0.752792
7.533458 0.306065 -0.017971 0.034603 -0.221308 0.615185 -0.065208 -0.753869
7.537433 0.306065 -0.018083 0.034603 -0.219765 0.613486 -0.066750 -0.755567
7.541409 0.306065 -0.018083 0.034603 -0.230089 0.602821 -0.070937 -0.760680
7.545384 0.305953 -0.018083 0.034603 -0.234925 0.598547 -0.081062 -0.761564
7.549360 0.305953 -0.018083 0.034714 -0.254521 0.590481 -0.106114 -0.758480
7.553335 0.305842 -0.017971 0.034714 -0.263651 0.578925 -0.111098 -0.763538
7.557311 0.305842 -0.017971 0.034714 -0.282585 0.569923 -0.136198 -0.759463
7.561286 0.305730 -0.017971 0.034826 -0.299144 0.556136 -0.147874 -0.761156
7.565262 0.305730 -0.017971 0.034826 -0.315194 0.541834 -0.159672 -0.762610
7.569237 0.305619 -0.017971 0.034937 -0.318665 0.536684 -0.170503 -0.762464
7.573212 0.305619 -0.017971 0.034937 -0.333849 0.521679 -0.182607 -0.763578
7.577188 0.305507 -0.017859 0.034937 -0.350858 0.510394 -0.207670 -0.757146
7.581163 0.305507 -0.017859 0.034937 -0.353700 0.504996 -0.218720 -0.756331
7.585139 0.305395 -0.017859 0.034937 -0.356433 0.499658 -0.229809 -0.755305
7.589114 0.305395 -0.017859 0.034937 -0.367325 0.491706 -0.246349 -0.750073
7.593090 0.305395 -0.017971 0.034937 -0.362070 0.498743 -0.252955 -0.745771
7.597065 0.305284 -0.017971 0.034937 -0.364788 0.493597 -0.263872 -0.744086
7.601040 0.305284 -0.018083 0.034826 -0.359981 0.500945 -0.269985 -0.739308
7.605016 0.305284 -0.018083 0.034826 -0.355422 0.508409 -0.275773 -0.734265
7.608991 0.305172 -0.018194 0.034826 -0.358486 0.503653 -0.286323 -0.732011
7.612967 0.305172 -0.018194 0.034826 -0.354410 0.511373 -0.291578 -0.726549
7.616942 0.305172 -0.018306 0.034714 -0.360007 0.507449 -0.299542 -0.723302
7.620918 0.305172 -0.018417 0.034714 -0.356282 0.515295 -0.304390 -0.717552
7.624893 0.305060 -0.018417 0.034714 -0.360625 0.519786 -0.314617 -0.707664
7.628869 0.305060 -0.018529 0.034714 -0.366314 0.515793 -0.322372 -0.704165
7.632844 0.305060 -0.018529 0.034714 -0.371958 0.511738 -0.330089 -0.700581
7.636819 0.304949 -0.018641 0.034826 -0.390704 0.499617 -0.350911 -0.688908
7.640795 0.304949 -0.018641 0.034826 -0.403671 0.491327 -0.363878 -0.680618
7.644770 0.304949 -0.018641 0.034826 -0.422595 0.469703 -0.381886 -0.674504
7.648746 0.304949 -0.018641 0.034937 -0.435067 0.460728 -0.394358 -0.665529
7.652721 0.304837 -0.018752 0.034937 -0.452272 0.446538 -0.413816 -0.651774
7.656697 0.304837 -0.018752 0.034937 -0.464890 0.428428 -0.423607 -0.648755
7.660672 0.304837 -0.018752 0.035049 -0.474605 0.409585 -0.435681 -0.645889
7.664648 0.304837 -0.018641 0.035049 -0.486424 0.390902 -0.445014 -0.642301
7.668623 0.304837 -0.018641 0.035161 -0.497914 0.371964 -0.454022 -0.638426
7.672598 0.304837 -0.018641 0.035161 -0.502068 0.357844 -0.458795 -0.639830
7.676574 0.304837 -0.018641 0.035161 -0.505910 0.343635 -0.463598 -0.641129
7.680549 0.304837 -0.018641 0.035161 -0.509655 0.338057 -0.470613 -0.635997
7.684525 0.304837 -0.018641 0.035161 -0.513027 0.323730 -0.475456 -0.637137
7.688500 0.304837 -0.018641 0.035161 -0.513027 0.323730 -0.475456 -0.637137
7.692476 0.304837 -0.018641 0.035272 -0.509042 0.314590 -0.476895 -0.643802
7.696451 0.304837 -0.018641 0.035272 -0.508442 0.305788 -0.474830 -0.650013
7.700426 0.304837 -0.018641 0.035272 -0.508442 0.305788 -0.474830 -0.650013
7.704402 0.304837 -0.018641 0.035272 -0.500542 0.302123 -0.469416 -0.661686
7.708377 0.304837 -0.018641 0.035272 -0.500542 0.302123 -0.469416 -0.661686
7.712353 0.304837 -0.018641 0.035272 -0.493242 0.307262 -0.466068 -0.667145
7.716328 0.304949 -0.018641 0.035272 -0.493242 0.307262 -0.466068 -0.667145
7.720304 0.304949 -0.018641 0.035272 -0.493242 0.307262 -0.466068 -0.667145
7.724279 0.304949 -0.018641 0.035272 -0.485883 0.312364 -0.462665 -0.672523
7.728255 0.304949 -0.018641 0.035272 -0.485883 0.312364 -0.462665 -0.672523
7.732230 0.304949 -0.018641 0.035272 -0.485883 0.312364 -0.462665 -0.672523
7.736205 0.304949 -0.018641 0.035272 -0.485883 0.312364 -0.462665 -0.672523
7.740181 0.304949 -0.018641 0.035161 -0.486746 0.321269 -0.464495 -0.666415
7.744156 0.304949 -0.018641 0.035161 -0.486746 0.321269 -0.464495 -0.666415
7.748132 0.304949 -0.018641 0.035161 -0.486746 0.321269 -0.464495 -0.666415
7.752107 0.304949 -0.018641 0.035161 -0.483187 0.326597 -0.457146 -0.671478
7.756083 0.304949 -0.018641 0.035161 -0.483187 0.326597 -0.457146 -0.671478
7.760058 0.304949 -0.018641 0.035161 -0.483187 0.326597 -0.457146 -0.671478
7.764034 0.304949 -0.018641 0.035161 -0.476555 0.340493 -0.455275 -0.670585
7.768009 0.304949 -0.018641 0.035161 -0.476555 0.340493 -0.455275 -0.670585
7.771984 0.304949 -0.018641 0.035161 -0.476555 0.340493 -0.455275 -0.670585
7.775960 0.304949 -0.018752 0.035161 -0.476555 0.340493 -0.455275 -0.670585
7.779935 0.304949 -0.018752 0.035161 -0.472786 0.345708 -0.447880 -0.675546
7.783911 0.304949 -0.018752 0.035161 -0.472786 0.345708 -0.447880 -0.675546
7.787886 0.304949 -0.018752 0.035161 -0.472786 0.345708 -0.447880 -0.675546
7.791862 0.304949 -0.018752 0.035161 -0.465336 0.350608 -0.444055 -0.680700
7.795837 0.305060 -0.018752 0.035161 -0.466023 0.359486 -0.445716 -0.674484
7.799812 0.305060 -0.018752 0.035161 -0.462046 0.364585 -0.438279 -0.679340
7.803788 0.305060 -0.018752 0.035161 -0.462046 0.364585 -0.438279 -0.679340
7.807763 0.305060 -0.018752 0.035161 -0.454555 0.369377 -0.434248 -0.684375
7.811739 0.305060 -0.018864 0.035161 -0.454555 0.369377 -0.434248 -0.684375
7.815714 0.305060 -0.018864 0.035161 -0.450469 0.374349 -0.426703 -0.689105
7.819690 0.305060 -0.018864 0.035161 -0.442871 0.379014 -0.422564 -0.694012
7.823665 0.305060 -0.018864 0.035161 -0.438681 0.383857 -0.414914 -0.698612
7.827641 0.305060 -0.018976 0.035161 -0.438681 0.383857 -0.414914 -0.698612
7.831616 0.305060 -0.018976 0.035161 -0.438681 0.383857 -0.414914 -0.698612
7.835591 0.305060 -0.018976 0.035161 -0.434437 0.388653 -0.407214 -0.703128
7.839567 0.305060 -0.018976 0.035161 -0.426686 0.393103 -0.402920 -0.707859
7.843542 0.305060 -0.019087 0.035161 -0.422692 0.406683 -0.396776 -0.706052
7.847518 0.305060 -0.019087 0.035161 -0.422692 0.406683 -0.396776 -0.706052
7.851493 0.305060 -0.019087 0.035161 -0.418198 0.411303 -0.388996 -0.710368
7.855469 0.305060 -0.019087 0.035161 -0.418198 0.411303 -0.388996 -0.710368
7.859444 0.305060 -0.019199 0.035161 -0.413654 0.415872 -0.381168 -0.714599
7.863420 0.305172 -0.019199 0.035161 -0.413654 0.415872 -0.381168 -0.714599
7.867395 0.305172 -0.019199 0.035161 -0.405779 0.420035 -0.376576 -0.719100
7.871370 0.305172 -0.019199 0.035161 -0.401140 0.424467 -0.368653 -0.723194
7.875346 0.305172 -0.019199 0.035161 -0.401140 0.424467 -0.368653 -0.723194
7.879321 0.305172 -0.019310 0.035161 -0.401140 0.424467 -0.368653 -0.723194
7.883297 0.305172 -0.019310 0.035161 -0.388439 0.432785 -0.355953 -0.731512
7.887272 0.305172 -0.019310 0.035049 -0.388439 0.432785 -0.355953 -0.731512
7.891248 0.305172 -0.019310 0.035049 -0.388439 0.432785 -0.355953 -0.731512
7.895223 0.305172 -0.019310 0.035049 -0.380379 0.436670 -0.351177 -0.735735
7.899198 0.305172 -0.019310 0.035049 -0.375559 0.440822 -0.343073 -0.739549
7.903174 0.305172 -0.019310 0.035049 -0.367412 0.444565 -0.338209 -0.743630
7.907149 0.305172 -0.019422 0.035049 -0.367412 0.444565 -0.338209 -0.743630
7.911125 0.305172 -0.019422 0.035161 -0.367412 0.444565 -0.338209 -0.743630
7.915100 0.305172 -0.019422 0.035161 -0.354274 0.452173 -0.325071 -0.751238
7.919076 0.305172 -0.019422 0.035161 -0.354179 0.443153 -0.323502 -0.757310
7.923051 0.305172 -0.019422 0.035161 -0.354179 0.443153 -0.323502 -0.757310
7.927027 0.305172 -0.019422 0.035161 -0.345837 0.446680 -0.318614 -0.761156
7.931002 0.305172 -0.019422 0.035161 -0.340909 0.450453 -0.310233 -0.764610
7.934977 0.305172 -0.019534 0.035161 -0.340805 0.441361 -0.308659 -0.770572
7.938953 0.305172 -0.019534 0.035161 -0.340805 0.441361 -0.308659 -0.770572
7.942928 0.305172 -0.019534 0.035161 -0.340805 0.441361 -0.308659 -0.770572
7.946904 0.305172 -0.019534 0.035161 -0.340805 0.441361 -0.308659 -0.770572
7.950879 0.305172 -0.019534 0.035161 -0.327413 0.448349 -0.295267 -0.777561
7.954855 0.305172 -0.019534 0.035272 -0.327305 0.439185 -0.293693 -0.783411
7.958830 0.305172 -0.019534 0.035272 -0.327305 0.439185 -0.293693 -0.783411
7.962805 0.305172 -0.019534 0.035272 -0.332110 0.435563 -0.302282 -0.780137
7.966781 0.305172 -0.019422 0.035272 -0.332110 0.435563 -0.302282 -0.780137
7.970756 0.305172 -0.019422 0.035272 -0.332110 0.435563 -0.302282 -0.780137
7.974732 0.305172 -0.019422 0.035272 -0.332110 0.435563 -0.302282 -0.780137
7.978707 0.305172 -0.019422 0.035272 -0.331861 0.426348 -0.300735 -0.785910
7.982683 0.305172 -0.019422 0.035272 -0.327907 0.426049 -0.304688 -0.786209
7.986658 0.305172 -0.019422 0.035272 -0.327907 0.426049 -0.304688 -0.786209
7.990634 0.305172 -0.019310 0.035272 -0.327907 0.426049 -0.304688 -0.786209
7.994609 0.305172 -0.019310 0.035272 -0.327907 0.426049 -0.304688 -0.786209
7.998584 0.305172 -0.019310 0.035272 -0.323329 0.416550 -0.307394 -0.792120
8.002560 0.305172 -0.019310 0.035272 -0.323329 0.416550 -0.307394 -0.792120
8.006535 0.305172 -0.019310 0.035272 -0.323329 0.416550 -0.307394 -0.792120
8.010511 0.305172 -0.019310 0.035272 -0.314608 0.419902 -0.302799 -0.795624
8.014486 0.305172 -0.019310 0.035272 -0.313889 0.410550 -0.301610 -0.801220
8.018462 0.305172 -0.019310 0.035272 -0.313889 0.410550 -0.301610 -0.801220
8.022437 0.305060 -0.019310 0.035272 -0.313889 0.410550 -0.301610 -0.801220
8.026413 0.305060 -0.019310 0.035272 -0.305067 0.413839 -0.297082 -0.804620
8.030388 0.305060 -0.019310 0.035272 -0.304250 0.404425 -0.295960 -0.810111
8.034363 0.305060 -0.019310 0.035272 -0.304250 0.404425 -0.295960 -0.810111
8.038339 0.305060 -0.019310 0.035272 -0.295332 0.407652 -0.291499 -0.813405
8.042314 0.305060 -0.019310 0.035272 -0.295332 0.407652 -0.291499 -0.813405
8.046290 0.305060 -0.019310 0.035272 -0.290027 0.401388 -0.281433 -0.821929
8.050265 0.305060 -0.019310 0.035272 -0.290027 0.401388 -0.281433 -0.821929
8.054241 0.305060 -0.019310 0.035272 -0.280980 0.404455 -0.277006 -0.825066
8.058216 0.305060 -0.019310 0.035272 -0.280980 0.404455 -0.277006 -0.825066
8.062191 0.305060 -0.019310 0.035272 -0.280980 0.404455 -0.277006 -0.825066
8.066167 0.304949 -0.019310 0.035384 -0.271898 0.407474 -0.272546 -0.828103
8.070142 0.304949 -0.019310 0.035384 -0.271898 0.407474 -0.272546 -0.828103
8.074118 0.304949 -0.019310 0.035384 -0.270939 0.397918 -0.271609 -0.833356
8.078093 0.304949 -0.019310 0.035384 -0.257347 0.403730 -0.258018 -0.839167
8.082069 0.304949 -0.019310 0.035384 -0.257347 0.403730 -0.258018 -0.839167
8.086044 0.304949 -0.019310 0.035384 -0.257347 0.403730 -0.258018 -0.839167
8.090020 0.304949 -0.019310 0.035384 -0.257347 0.403730 -0.258018 -0.839167
8.093995 0.304949 -0.019310 0.035384 -0.248113 0.406540 -0.253567 -0.841944
8.097970 0.304949 -0.019310 0.035384 -0.248113 0.406540 -0.253567 -0.841944
8.101946 0.304949 -0.019310 0.035384 -0.248113 0.406540 -0.253567 -0.841944
8.105921 0.304949 -0.019310 0.035384 -0.248113 0.406540 -0.253567 -0.841944
8.109897 0.304949 -0.019310 0.035384 -0.248113 0.406540 -0.253567 -0.841944
8.113872 0.304949 -0.019310 0.035384 -0.248113 0.406540 -0.253567 -0.841944
8.117848 0.304949 -0.019310 0.035384 -0.252564 0.403790 -0.262801 -0.839107
8.121823 0.304949 -0.019310 0.035384 -0.252564 0.403790 -0.262801 -0.839107
8.125799 0.304949 -0.019310 0.035384 -0.252564 0.403790 -0.262801 -0.839107
8.129774 0.304949 -0.019199 0.035384 -0.252564 0.403790 -0.262801 -0.839107
8.133749 0.304837 -0.019199 0.035384 -0.252564 0.403790 -0.262801 -0.839107
8.137725 0.304837 -0.019199 0.035384 -0.252564 0.403790 -0.262801 -0.839107
8.141700 0.304837 -0.019199 0.035384 -0.252564 0.403790 -0.262801 -0.839107
8.145676 0.304837 -0.019199 0.035384 -0.261767 0.400878 -0.267221 -0.836282
8.149651 0.304837 -0.019199 0.035384 -0.261767 0.400878 -0.267221 -0.836282
8.153627 0.304837 -0.019199 0.035384 -0.261767 0.400878 -0.267221 -0.836282
8.157602 0.304837 -0.019199 0.035384 -0.261767 0.400878 -0.267221 -0.836282
8.161577 0.304837 -0.019199 0.035384 -0.261767 0.400878 -0.267221 -0.836282
8.165553 0.304837 -0.019199 0.035384 -0.266155 0.397978 -0.276393 -0.833296
8.169528 0.304837 -0.019199 0.035384 -0.266155 0.397978 -0.276393 -0.833296
8.173504 0.304837 -0.019199 0.035384 -0.266155 0.397978 -0.276393 -0.833296
8.177479 0.304837 -0.019199 0.035384 -0.266155 0.397978 -0.276393 -0.833296
8.181455 0.304837 -0.019310 0.035384 -0.266155 0.397978 -0.276393 -0.833296
8.185430 0.304837 -0.019310 0.035384 -0.266155 0.397978 -0.276393 -0.833296
8.189406 0.304837 -0.019310 0.035384 -0.270512 0.395030 -0.285531 -0.830209
8.193381 0.304837 -0.019310 0.035384 -0.270512 0.395030 -0.285531 -0.830209
8.197356 0.304837 -0.019310 0.035272 -0.274835 0.392035 -0.294634 -0.827022
8.201332 0.304837 -0.019310 0.035272 -0.280562 0.398503 -0.304303 -0.818462
8.205307 0.304837 -0.019310 0.035272 -0.284923 0.395397 -0.313276 -0.815070
8.209283 0.304837 -0.019310 0.035272 -0.295255 0.398453 -0.331495 -0.802602
8.213258 0.304837 -0.019422 0.035161 -0.314562 0.394379 -0.366539 -0.781770
8.217234 0.304837 -0.019534 0.035161 -0.335741 0.376513 -0.408909 -0.760467
8.221209 0.304837 -0.019534 0.035161 -0.358956 0.366465 -0.449493 -0.731307
8.225185 0.304726 -0.019645 0.035049 -0.412151 0.336128 -0.528182 -0.661947
8.229160 0.304614 -0.019757 0.035049 -0.444597 0.306744 -0.582491 -0.607409
8.233135 0.304502 -0.019869 0.034937 -0.472984 0.264771 -0.630382 -0.555699
8.237111 0.304391 -0.019980 0.034937 -0.504441 0.203749 -0.689790 -0.477719
8.241086 0.304279 -0.020092 0.034937 -0.526533 0.144889 -0.735215 -0.401532
8.245062 0.304167 -0.020092 0.034937 -0.544172 0.104099 -0.764040 -0.330580
8.249037 0.304167 -0.020203 0.034937 -0.561391 0.052638 -0.786642 -0.251521
8.253013 0.304056 -0.020203 0.034826 -0.563639 0.015545 -0.801502 -0.199159
8.256988 0.303944 -0.020203 0.034826 -0.571126 -0.023510 -0.809683 -0.132951
8.260963 0.303833 -0.020315 0.034714 -0.567970 -0.045866 -0.816314 -0.094541
8.264939 0.303721 -0.020315 0.034714 -0.572946 -0.073632 -0.814972 -0.046170
8.268914 0.303609 -0.020427 0.034714 -0.568040 -0.104978 -0.816277 -0.001355
8.272890 0.303498 -0.020427 0.034714 -0.561863 -0.127044 -0.816566 0.037293
8.276865 0.303386 -0.020538 0.034714 -0.554040 -0.157701 -0.813286 0.082070
8.280841 0.303275 -0.020427 0.034603 -0.552779 -0.183743 -0.802129 0.131390
8.284816 0.303275 -0.020427 0.034603 -0.550721 -0.213037 -0.787448 0.176770
8.288792 0.303163 -0.020538 0.034491 -0.551956 -0.228107 -0.775061 0.206378
8.292767 0.303051 -0.020650 0.034491 -0.541402 -0.252135 -0.765247 0.240228
8.296742 0.302940 -0.020650 0.034603 -0.521022 -0.277876 -0.760394 0.270412
8.300718 0.302828 -0.020762 0.034603 -0.502703 -0.294306 -0.757489 0.294761
8.304693 0.302828 -0.020873 0.034714 -0.485658 -0.324258 -0.740291 0.333110
8.308669 0.302716 -0.020873 0.034714 -0.470944 -0.345281 -0.724942 0.365310
8.312644 0.302716 -0.020985 0.034603 -0.468056 -0.362196 -0.706053 0.388880
8.316620 0.302605 -0.021096 0.034714 -0.455866 -0.377423 -0.692854 0.411935
8.320595 0.302605 -0.021208 0.034714 -0.429753 -0.397590 -0.681012 0.439837
8.324570 0.302493 -0.021320 0.034826 -0.402707 -0.416481 -0.667974 0.467100
8.328546 0.302493 -0.021543 0.034937 -0.374788 -0.434051 -0.653777 0.493669
8.332521 0.302493 -0.021654 0.035049 -0.337477 -0.447324 -0.644635 0.520054
8.336497 0.302493 -0.021878 0.035049 -0.322553 -0.458202 -0.627148 0.541014
8.340472 0.302493 -0.021989 0.035049 -0.301093 -0.475244 -0.603795 0.564729
8.344448 0.302382 -0.022213 0.035161 -0.270523 -0.487612 -0.585593 0.588331
8.348423 0.302382 -0.022324 0.035161 -0.248840 -0.499025 -0.559181 0.613489
8.352399 0.302382 -0.022547 0.035272 -0.203645 -0.506417 -0.537955 0.642397
8.356374 0.302382 -0.022659 0.035384 -0.171681 -0.513772 -0.516690 0.663020
8.360349 0.302270 -0.022882 0.035384 -0.141409 -0.526137 -0.481313 0.686673
8.364325 0.302270 -0.023106 0.035496 -0.102873 -0.531423 -0.450607 0.709902
8.368300 0.302270 -0.023217 0.035496 -0.079427 -0.535429 -0.418985 0.729012
8.372276 0.302158 -0.023329 0.035384 -0.062841 -0.544378 -0.380913 0.744721
8.376251 0.302158 -0.023440 0.035384 -0.039528 -0.553294 -0.333885 0.762118
8.380227 0.302047 -0.023552 0.035384 -0.000672 -0.564356 -0.271347 0.779662
8.384202 0.301935 -0.023552 0.035384 0.033090 -0.572806 -0.216483 0.789894
8.388178 0.301935 -0.023664 0.035272 0.058924 -0.577165 -0.167502 0.797089
8.392153 0.301823 -0.023775 0.035272 0.078963 -0.581227 -0.127181 0.799853
8.396128 0.301823 -0.023887 0.035161 0.109753 -0.591545 -0.066701 0.795977
8.400104 0.301712 -0.023887 0.035161 0.121724 -0.608225 -0.017148 0.784188
8.404079 0.301712 -0.023887 0.035049 0.154879 -0.615044 0.041833 0.772000
8.408055 0.301600 -0.023887 0.035049 0.188798 -0.619456 0.099655 0.755446
8.412030 0.301600 -0.023999 0.035049 0.220261 -0.616485 0.143685 0.742150
8.416006 0.301600 -0.023999 0.035049 0.258333 -0.608898 0.194809 0.724263
8.419981 0.301489 -0.023999 0.035049 0.286130 -0.609425 0.240477 0.699215
8.423956 0.301489 -0.023999 0.035049 0.317099 -0.600738 0.280997 0.677940
8.427932 0.301489 -0.024110 0.035049 0.348318 -0.590596 0.319483 0.654066
8.431907 0.301489 -0.024110 0.035161 0.378130 -0.578326 0.357354 0.628375
8.435883 0.301377 -0.024110 0.035161 0.407277 -0.564372 0.393639 0.600548
8.439858 0.301377 -0.024110 0.035272 0.438454 -0.541432 0.425214 0.577757
8.443834 0.301377 -0.024110 0.035272 0.465617 -0.524180 0.458417 0.546159
8.447809 0.301377 -0.024110 0.035272 0.493939 -0.497893 0.487467 0.520098
8.451785 0.301377 -0.024110 0.035384 0.513633 -0.483338 0.511670 0.490672
8.455760 0.301377 -0.024110 0.035384 0.532693 -0.467891 0.534408 0.460135
8.459735 0.301377 -0.024110 0.035384 0.546328 -0.457665 0.550641 0.434584
8.463711 0.301377 -0.024110 0.035384 0.561113 -0.439413 0.564663 0.416203
8.467686 0.301265 -0.024110 0.035384 0.578898 -0.421962 0.583097 0.383175
8.471662 0.301265 -0.024110 0.035272 0.590824 -0.417813 0.596064 0.347946
8.475637 0.301265 -0.024110 0.035272 0.603580 -0.405647 0.607165 0.320145
8.479613 0.301265 -0.024110 0.035161 0.611073 -0.407232 0.613396 0.290684
8.483588 0.301265 -0.024110 0.035161 0.620738 -0.401102 0.617568 0.269093
8.487564 0.301154 -0.024110 0.035161 0.633372 -0.387804 0.624973 0.240535
8.491539 0.301154 -0.024222 0.035049 0.641337 -0.388416 0.627271 0.210596
8.495514 0.301154 -0.024222 0.035049 0.651674 -0.381239 0.627921 0.188924
8.499490 0.301154 -0.024222 0.034937 0.664052 -0.366737 0.631587 0.160116
8.503465 0.301154 -0.024222 0.034937 0.673672 -0.352219 0.636390 0.130828
8.507441 0.301042 -0.024222 0.034937 0.686441 -0.337011 0.638557 0.086413
8.511416 0.301042 -0.024222 0.034937 0.697464 -0.321260 0.637990 0.057484
8.515392 0.301042 -0.024222 0.034937 0.705064 -0.305863 0.639182 0.027932
8.519367 0.301042 -0.024110 0.035049 0.714792 -0.275417 0.642819 -0.000999
8.523342 0.301042 -0.024110 0.035049 0.723192 -0.244640 0.645164 -0.030128
8.527318 0.301042 -0.023999 0.035161 0.732555 -0.205554 0.645515 -0.066493
8.531293 0.301042 -0.023887 0.035161 0.738789 -0.181322 0.640843 -0.103118
8.535269 0.301042 -0.023887 0.035161 0.744555 -0.141698 0.637290 -0.139360
8.539244 0.301042 -0.023887 0.035272 0.748179 -0.117225 0.629049 -0.175452
8.543220 0.301042 -0.023775 0.035272 0.749436 -0.085658 0.623904 -0.204332
8.547195 0.301042 -0.023664 0.035272 0.750731 -0.061238 0.612545 -0.239669
8.551171 0.301042 -0.023552 0.035272 0.752341 -0.036466 0.604315 -0.259724
8.555146 0.301042 -0.023552 0.035272 0.755061 -0.010354 0.586836 -0.292231
8.559121 0.301042 -0.023552 0.035384 0.755106 0.006238 0.580274 -0.305054
8.563097 0.300930 -0.023440 0.035272 0.752955 0.030446 0.563719 -0.338162
8.567072 0.300930 -0.023440 0.035272 0.754234 0.040092 0.550147 -0.356178
8.571048 0.300930 -0.023440 0.035272 0.758893 0.052255 0.532461 -0.371264
8.575023 0.300930 -0.023329 0.035272 0.762232 0.055489 0.511089 -0.393334
8.578999 0.300819 -0.023329 0.035161 0.767626 0.060100 0.496266 -0.401071
8.582974 0.300819 -0.023329 0.035161 0.770931 0.063834 0.473301 -0.421398
8.586950 0.300707 -0.023329 0.035049 0.776498 0.069215 0.457513 -0.427718
8.590925 0.300707 -0.023329 0.035049 0.777296 0.079864 0.440579 -0.441953
8.594900 0.300707 -0.023329 0.035049 0.778855 0.082021 0.428171 -0.450918
8.598876 0.300596 -0.023329 0.034937 0.781828 0.086436 0.402781 -0.468018
8.602851 0.300596 -0.023329 0.034937 0.787450 0.093060 0.385601 -0.471777
8.606827 0.300596 -0.023329 0.034937 0.787776 0.104167 0.367105 -0.483520
8.610802 0.300484 -0.023329 0.034937 0.789117 0.106658 0.353654 -0.490761
8.614778 0.300484 -0.023329 0.034937 0.781060 0.127729 0.341403 -0.507024
8.618753 0.300484 -0.023329 0.034937 0.782218 0.130125 0.327619 -0.513681
8.622728 0.300484 -0.023329 0.034937 0.779170 0.147280 0.316254 -0.520755
8.626704 0.300484 -0.023329 0.034937 0.772658 0.161534 0.294629 -0.538609
8.630679 0.300484 -0.023329 0.034937 0.768923 0.178471 0.282724 -0.544952
8.634655 0.300372 -0.023329 0.035049 0.764816 0.195322 0.270683 -0.551032
8.638630 0.300372 -0.023329 0.035049 0.751770 0.223178 0.249941 -0.567946
8.642606 0.300372 -0.023440 0.035161 0.743354 0.245600 0.245831 -0.571553
8.646581 0.300372 -0.023440 0.035161 0.734857 0.269962 0.226863 -0.579344
8.650557 0.300372 -0.023552 0.035272 0.722286 0.288377 0.210924 -0.592159
8.654532 0.300372 -0.023552 0.035272 0.712391 0.312022 0.191296 -0.598788
8.658507 0.300372 -0.023552 0.035272 0.708704 0.335717 0.159979 -0.599533
8.662483 0.300372 -0.023552 0.035272 0.697256 0.358889 0.140136 -0.604479
8.666458 0.300261 -0.023552 0.035384 0.680816 0.389173 0.113445 -0.610052
8.670434 0.300261 -0.023664 0.035384 0.663062 0.418707 0.086535 -0.614447
8.674409 0.300261 -0.023664 0.035384 0.660432 0.434839 0.062433 -0.608972
8.678385 0.300149 -0.023664 0.035384 0.652266 0.458530 0.032060 -0.602719
8.682360 0.300149 -0.023664 0.035384 0.636509 0.482421 -0.003033 -0.601762
8.686335 0.300149 -0.023664 0.035384 0.631892 0.499234 -0.025895 -0.592290
8.690311 0.300038 -0.023664 0.035272 0.614510 0.522553 -0.060343 -0.587941
8.694286 0.300038 -0.023775 0.035272 0.596217 0.545250 -0.094431 -0.581644
8.698262 0.300038 -0.023775 0.035272 0.583236 0.560914 -0.121745 -0.574795
8.702237 0.299926 -0.023775 0.035272 0.569795 0.576249 -0.148684 -0.566713
8.706213 0.299926 -0.023775 0.035272 0.550497 0.594713 -0.167278 -0.561506
8.710188 0.299926 -0.023887 0.035272 0.536120 0.609237 -0.193467 -0.551340
8.714164 0.299926 -0.023887 0.035272 0.515753 0.626573 -0.211530 -0.544665
8.718139 0.299926 -0.023999 0.035272 0.501862 0.637753 -0.223446 -0.539886
8.722114 0.299926 -0.023999 0.035272 0.474698 0.651256 -0.248285 -0.537477
8.726090 0.299926 -0.024110 0.035272 0.466123 0.658701 -0.267226 -0.526718
8.730065 0.299926 -0.024110 0.035272 0.438225 0.676337 -0.277420 -0.523035
8.734041 0.299926 -0.024222 0.035384 0.415700 0.690410 -0.294505 -0.513609
8.738016 0.299926 -0.024222 0.035384 0.392149 0.709189 -0.296814 -0.505146
8.741992 0.299926 -0.024333 0.035384 0.376473 0.717633 -0.307840 -0.498503
8.745967 0.299926 -0.024445 0.035384 0.365994 0.729189 -0.310726 -0.487627
8.749943 0.299926 -0.024557 0.035384 0.349035 0.741985 -0.306870 -0.483181
8.753918 0.299926 -0.024668 0.035384 0.329569 0.756582 -0.314332 -0.469214
8.757893 0.299926 -0.024668 0.035384 0.309479 0.770607 -0.321177 -0.455229
8.761869 0.299814 -0.024780 0.035384 0.275326 0.783459 -0.340866 -0.440680
8.765844 0.299814 -0.024780 0.035496 0.256750 0.793473 -0.336228 -0.437528
8.769820 0.299814 -0.024891 0.035496 0.239772 0.809009 -0.332769 -0.421044
8.773795 0.299703 -0.025003 0.035496 0.226470 0.817789 -0.332975 -0.411168
8.777771 0.299703 -0.025226 0.035384 0.212871 0.826275 -0.332871 -0.401439
8.781746 0.299703 -0.025226 0.035384 0.198983 0.834455 -0.332463 -0.391866
8.785721 0.299703 -0.025338 0.035384 0.194056 0.840240 -0.327537 -0.386081
8.789697 0.299591 -0.025450 0.035384 0.175549 0.844300 -0.335941 -0.378792
8.793672 0.299591 -0.025561 0.035384 0.161026 0.851684 -0.334846 -0.369573
8.797648 0.299591 -0.025561 0.035384 0.142275 0.855016 -0.342885 -0.362127
8.801623 0.299591 -0.025673 0.035496 0.127506 0.855336 -0.342780 -0.366939
8.805599 0.299479 -0.025784 0.035496 0.118102 0.856685 -0.346791 -0.363151
8.809574 0.299479 -0.025896 0.035496 0.108683 0.857931 -0.350760 -0.359319
8.813550 0.299479 -0.025896 0.035496 0.089807 0.860112 -0.358569 -0.351526
8.817525 0.299479 -0.026008 0.035496 0.080352 0.861047 -0.362410 -0.347565
8.821500 0.299479 -0.026008 0.035496 0.070888 0.861877 -0.366206 -0.343563
8.825476 0.299368 -0.026008 0.035496 0.051935 0.863227 -0.373666 -0.335434
8.829451 0.299368 -0.026008 0.035496 0.042448 0.863745 -0.377329 -0.331309
8.833427 0.299368 -0.026008 0.035496 0.023461 0.864469 -0.384517 -0.322938
8.837402 0.299256 -0.026008 0.035496 0.013962 0.864675 -0.388041 -0.318694
8.841378 0.299256 -0.026008 0.035496 -0.001632 0.869060 -0.385425 -0.310129
8.845353 0.299256 -0.026008 0.035384 -0.020726 0.868814 -0.392146 -0.301586
8.849329 0.299145 -0.026008 0.035384 -0.027002 0.872826 -0.385870 -0.297574
8.853304 0.299145 -0.026008 0.035384 -0.046172 0.872022 -0.392315 -0.289024
8.857279 0.299145 -0.026008 0.035384 -0.062236 0.875123 -0.388980 -0.281035
8.861255 0.299145 -0.026008 0.035384 -0.081448 0.873545 -0.395060 -0.272421
8.865230 0.299033 -0.025896 0.035384 -0.100621 0.871544 -0.400950 -0.263676
8.869206 0.299033 -0.025896 0.035384 -0.116939 0.873538 -0.397074 -0.256103
8.873181 0.299033 -0.025896 0.035384 -0.133378 0.875128 -0.393014 -0.248798
8.877157 0.299033 -0.025896 0.035384 -0.147133 0.870587 -0.394775 -0.254131
8.881132 0.299033 -0.025896 0.035384 -0.163520 0.871489 -0.390713 -0.247208
8.885107 0.299033 -0.025896 0.035384 -0.182627 0.867686 -0.396050 -0.238564
8.889083 0.299033 -0.025896 0.035384 -0.205457 0.860066 -0.400874 -0.239528
8.893058 0.298921 -0.025896 0.035384 -0.221756 0.859754 -0.396618 -0.233112
8.897034 0.298921 -0.025896 0.035384 -0.234749 0.853641 -0.399144 -0.238482
8.901009 0.298921 -0.025896 0.035384 -0.253448 0.848277 -0.404288 -0.229655
8.904985 0.298921 -0.025896 0.035384 -0.260262 0.849860 -0.397474 -0.228072
8.908960 0.298921 -0.025896 0.035384 -0.282087 0.840026 -0.402906 -0.229021
8.912936 0.298921 -0.025896 0.035384 -0.288813 0.841279 -0.396179 -0.227767
8.916911 0.298921 -0.025784 0.035384 -0.307227 0.834731 -0.401088 -0.219008
8.920886 0.298921 -0.025784 0.035384 -0.319275 0.827167 -0.404410 -0.224299
8.924862 0.298921 -0.025784 0.035272 -0.334985 0.824399 -0.400207 -0.219053
8.928837 0.298921 -0.025784 0.035272 -0.344022 0.820670 -0.402590 -0.214644
8.932813 0.298921 -0.025784 0.035272 -0.361970 0.812913 -0.407208 -0.205746
8.936788 0.298921 -0.025784 0.035272 -0.368645 0.813337 -0.400533 -0.205323
8.940764 0.298921 -0.025784 0.035272 -0.375328 0.813614 -0.393850 -0.205046
8.944739 0.298921 -0.025784 0.035161 -0.393114 0.805171 -0.398260 -0.196343
8.948715 0.298921 -0.025896 0.035161 -0.397800 0.809492 -0.389379 -0.186713
8.952690 0.298810 -0.025896 0.035161 -0.415489 0.800557 -0.393387 -0.178113
8.956665 0.298810 -0.025896 0.035161 -0.432796 0.791158 -0.391151 -0.183734
8.960641 0.298810 -0.025896 0.035161 -0.441461 0.786355 -0.393146 -0.179426
8.964616 0.298810 -0.025896 0.035161 -0.456728 0.780781 -0.388439 -0.175773
8.968592 0.298698 -0.026008 0.035161 -0.472414 0.775002 -0.388975 -0.157781
8.972567 0.298698 -0.026008 0.035161 -0.489327 0.764436 -0.392348 -0.149197
8.976543 0.298698 -0.026008 0.035272 -0.507166 0.749000 -0.399174 -0.149805
8.980518 0.298586 -0.026119 0.035272 -0.523500 0.737677 -0.402369 -0.140998
8.984493 0.298586 -0.026119 0.035384 -0.540479 0.721362 -0.409366 -0.141203
8.988469 0.298475 -0.026231 0.035384 -0.566099 0.693779 -0.425689 -0.130353
8.992444 0.298475 -0.026343 0.035496 -0.583195 0.671487 -0.440188 -0.123380
8.996420 0.298363 -0.026343 0.035607 -0.606719 0.641901 -0.455610 -0.110793
9.000395 0.298363 -0.026454 0.035719 -0.628556 0.616479 -0.465814 -0.088819
9.004371 0.298252 -0.026566 0.035719 -0.649619 0.584956 -0.479849 -0.074603
9.008346 0.298252 -0.026566 0.035830 -0.675992 0.534089 -0.504761 -0.054773
9.012322 0.298140 -0.026677 0.035942 -0.698981 0.492616 -0.517383 -0.032715
9.016297 0.298140 -0.026789 0.036054 -0.719148 0.444124 -0.534119 -0.017274
9.020272 0.298028 -0.026789 0.036054 -0.732670 0.408375 -0.544449 0.000951
9.024248 0.297917 -0.026901 0.036165 -0.748639 0.363809 -0.553634 0.025896
9.028223 0.297917 -0.027012 0.036165 -0.763302 0.324486 -0.555561 0.058582
9.032199 0.297805 -0.027124 0.036165 -0.778413 0.276121 -0.557716 0.082354
9.036174 0.297693 -0.027124 0.036165 -0.792399 0.232967 -0.552354 0.112851
9.040150 0.297693 -0.027236 0.036165 -0.805517 0.195089 -0.543214 0.134166
9.044125 0.297582 -0.027236 0.036054 -0.814996 0.165401 -0.535011 0.148956
9.048101 0.297470 -0.027347 0.036054 -0.822848 0.120405 -0.526025 0.178105
9.052076 0.297359 -0.027459 0.036054 -0.832656 0.094956 -0.508891 0.196718
9.056051 0.297359 -0.027570 0.035942 -0.839944 0.054043 -0.489165 0.228674
9.060027 0.297247 -0.027570 0.035942 -0.844202 0.022348 -0.478430 0.240683
9.064002 0.297247 -0.027682 0.035942 -0.847033 -0.018931 -0.464730 0.257297
9.067978 0.297135 -0.027794 0.035830 -0.844716 -0.065408 -0.449903 0.282425
9.071953 0.297135 -0.027794 0.035830 -0.844294 -0.097646 -0.438160 0.292659
9.075929 0.297024 -0.027905 0.035830 -0.842087 -0.140178 -0.412278 0.318224
9.079904 0.297024 -0.028017 0.035719 -0.837010 -0.167851 -0.401568 0.331637
9.083879 0.296912 -0.028240 0.035830 -0.824131 -0.207785 -0.395887 0.347717
9.087855 0.296912 -0.028352 0.035830 -0.807934 -0.242279 -0.390840 0.368495
9.091830 0.296800 -0.028463 0.035830 -0.792229 -0.281633 -0.371203 0.394036
9.095806 0.296800 -0.028575 0.035942 -0.772798 -0.314523 -0.363790 0.414145
9.099781 0.296800 -0.028687 0.035942 -0.760331 -0.334293 -0.363743 0.421706
9.103757 0.296689 -0.028910 0.035942 -0.738544 -0.365731 -0.354756 0.441522
9.107732 0.296689 -0.029021 0.036054 -0.719654 -0.388311 -0.349758 0.457145
9.111708 0.296577 -0.029133 0.036054 -0.705800 -0.407736 -0.335170 0.472502
9.115683 0.296466 -0.029245 0.036054 -0.675267 -0.440287 -0.318750 0.498558
9.119658 0.296466 -0.029468 0.036165 -0.664833 -0.451094 -0.308317 0.509364
9.123634 0.296354 -0.029468 0.036165 -0.637737 -0.478404 -0.294922 0.526728
9.127609 0.296354 -0.029580 0.036165 -0.615698 -0.502177 -0.271904 0.542957
9.131585 0.296242 -0.029580 0.036165 -0.598816 -0.522193 -0.253865 0.551622
9.135560 0.296242 -0.029580 0.036165 -0.587636 -0.539689 -0.226880 0.558520
9.139536 0.296131 -0.029691 0.036165 -0.569413 -0.554794 -0.208472 0.569660
9.143511 0.296019 -0.029691 0.036165 -0.550878 -0.573446 -0.174701 0.580666
9.147486 0.296019 -0.029691 0.036165 -0.518665 -0.598694 -0.142454 0.593514
9.151462 0.295908 -0.029580 0.036165 -0.498387 -0.619446 -0.107838 0.596881
9.155437 0.295908 -0.029580 0.036165 -0.470693 -0.640743 -0.081512 0.601042
9.159413 0.295796 -0.029580 0.036054 -0.468927 -0.653233 -0.052416 0.592154
9.163388 0.295796 -0.029468 0.036054 -0.433226 -0.673451 -0.018954 0.598681
9.167364 0.295684 -0.029468 0.035942 -0.409753 -0.691217 0.015276 0.595052
9.171339 0.295684 -0.029468 0.035942 -0.393254 -0.703859 0.042651 0.590012
9.175315 0.295573 -0.029468 0.035942 -0.374808 -0.720962 0.068186 0.578864
9.179290 0.295461 -0.029580 0.035830 -0.369766 -0.733750 0.093972 0.562186
9.183265 0.295461 -0.029580 0.035719 -0.357684 -0.746836 0.111458 0.549431
9.187241 0.295349 -0.029580 0.035607 -0.339013 -0.758439 0.136510 0.539635
9.191216 0.295349 -0.029691 0.035607 -0.317217 -0.774783 0.158308 0.523472
9.195192 0.295238 -0.029691 0.035496 -0.291513 -0.784816 0.175472 0.517971
9.199167 0.295238 -0.029803 0.035496 -0.285700 -0.793811 0.184445 0.504202
9.203143 0.295126 -0.030026 0.035384 -0.279411 -0.802870 0.192832 0.490046
9.207118 0.295015 -0.030138 0.035272 -0.272635 -0.811971 0.200618 0.475526
9.211094 0.295015 -0.030249 0.035272 -0.265365 -0.821091 0.207786 0.460670
9.215069 0.294903 -0.030361 0.035161 -0.252255 -0.829066 0.208762 0.453250
9.219044 0.294903 -0.030473 0.035161 -0.238893 -0.836760 0.209489 0.445956
9.223020 0.294903 -0.030584 0.035161 -0.225285 -0.844165 0.209975 0.438797
9.226995 0.294791 -0.030696 0.035161 -0.215997 -0.846589 0.214783 0.436464
9.230971 0.294791 -0.030807 0.035161 -0.202075 -0.853543 0.214957 0.429445
9.234946 0.294791 -0.030919 0.035161 -0.173839 -0.859739 0.228992 0.422129
9.238922 0.294791 -0.031031 0.035049 -0.168983 -0.864111 0.224136 0.417756
9.242897 0.294680 -0.031142 0.035049 -0.163541 -0.874702 0.218409 0.400559
9.246872 0.294680 -0.031254 0.034937 -0.144283 -0.878084 0.227157 0.395664
9.250848 0.294680 -0.031366 0.035049 -0.124886 -0.881168 0.222250 0.398186
9.254823 0.294680 -0.031366 0.035049 -0.101169 -0.881108 0.240640 0.394342
9.258799 0.294680 -0.031477 0.035049 -0.077432 -0.880449 0.245734 0.398031
9.262774 0.294680 -0.031477 0.035049 -0.062378 -0.884679 0.244716 0.391874
9.266750 0.294680 -0.031589 0.035049 -0.047057 -0.888729 0.256344 0.377140
9.270725 0.294680 -0.031589 0.035049 -0.031598 -0.892401 0.254780 0.371092
9.274701 0.294680 -0.031700 0.035049 -0.021792 -0.892694 0.258841 0.368271
9.278676 0.294680 -0.031700 0.035049 0.001688 -0.889815 0.264340 0.371956
9.282651 0.294568 -0.031812 0.035049 0.015517 -0.886740 0.278169 0.368881
9.286627 0.294568 -0.031924 0.035161 0.029152 -0.883208 0.279814 0.375230
9.290602 0.294568 -0.032035 0.035161 0.038853 -0.882835 0.283919 0.372134
9.294578 0.294568 -0.032147 0.035161 0.052364 -0.878855 0.285772 0.378425
9.298553 0.294568 -0.032259 0.035161 0.062016 -0.878227 0.289912 0.375263
9.302529 0.294456 -0.032370 0.035161 0.062016 -0.878227 0.289912 0.375263
9.306504 0.294456 -0.032482 0.035161 0.071660 -0.877493 0.294018 0.372055
9.310480 0.294345 -0.032593 0.035161 0.075743 -0.874209 0.303640 0.371246
9.314455 0.294345 -0.032705 0.035272 0.085343 -0.873325 0.307700 0.367888
9.318430 0.294233 -0.032928 0.035272 0.089379 -0.869891 0.317276 0.366928
9.322406 0.294233 -0.033040 0.035272 0.098931 -0.868857 0.321288 0.363420
9.326381 0.294233 -0.033151 0.035272 0.108470 -0.867718 0.325261 0.359868
9.330357 0.294122 -0.033263 0.035272 0.123765 -0.868873 0.334659 0.343139
9.334332 0.294122 -0.033263 0.035272 0.133201 -0.867360 0.349383 0.328445
9.338308 0.294010 -0.033375 0.035272 0.152226 -0.864224 0.356515 0.320689
9.342283 0.294010 -0.033486 0.035272 0.180260 -0.858415 0.377238 0.297189
9.346258 0.293898 -0.033486 0.035384 0.198449 -0.853711 0.393759 0.277038
9.350234 0.293898 -0.033486 0.035384 0.220093 -0.844701 0.409056 0.265918
9.354209 0.293898 -0.033598 0.035496 0.246747 -0.836178 0.426995 0.239995
9.358185 0.293898 -0.033598 0.035496 0.279062 -0.817843 0.452750 0.219715
9.362160 0.293898 -0.033598 0.035607 0.299249 -0.806440 0.466356 0.206440
9.366136 0.293787 -0.033598 0.035607 0.325751 -0.789638 0.489841 0.174397
9.370111 0.293787 -0.033598 0.035719 0.353312 -0.772986 0.503844 0.154288
9.374087 0.293787 -0.033710 0.035830 0.373266 -0.753710 0.523799 0.135013
9.378062 0.293787 -0.033710 0.035942 0.396561 -0.729143 0.543805 0.123962
9.382037 0.293787 -0.033710 0.036054 0.417848 -0.709584 0.555277 0.116448
9.386013 0.293787 -0.033710 0.036165 0.427940 -0.692553 0.571877 0.100963
9.389988 0.293675 -0.033821 0.036277 0.448240 -0.671757 0.582495 0.092318
9.393964 0.293675 -0.033821 0.036388 0.456509 -0.660342 0.590764 0.080903
9.397939 0.293675 -0.033821 0.036388 0.464525 -0.648748 0.598781 0.069308
9.401915 0.293675 -0.033821 0.036500 0.479255 -0.631753 0.607136 0.050874
9.405890 0.293563 -0.033821 0.036500 0.486166 -0.626450 0.607659 0.044201
9.409866 0.293563 -0.033821 0.036500 0.497634 -0.609063 0.616240 0.040647
9.413841 0.293563 -0.033821 0.036612 0.504295 -0.603559 0.616649 0.033875
9.417816 0.293563 -0.033821 0.036612 0.517434 -0.592333 0.617244 0.020318
9.421792 0.293563 -0.033821 0.036500 0.523910 -0.586613 0.617430 0.013536
9.425767 0.293452 -0.033821 0.036500 0.526388 -0.586337 0.615729 -0.001705
9.429743 0.293452 -0.033821 0.036500 0.522469 -0.598488 0.607304 -0.004422
9.433718 0.293452 -0.033821 0.036388 0.525103 -0.598106 0.605106 -0.019570
9.437694 0.293452 -0.033821 0.036277 0.528077 -0.604250 0.595973 -0.028867
9.441669 0.293452 -0.033821 0.036277 0.534683 -0.598412 0.595619 -0.035412
9.445644 0.293452 -0.033821 0.036165 0.537978 -0.604327 0.585995 -0.044480
9.449620 0.293452 -0.033821 0.036054 0.534238 -0.609576 0.583270 -0.052950
9.453595 0.293452 -0.033821 0.036054 0.537867 -0.615219 0.573040 -0.061881
9.457571 0.293452 -0.033821 0.035942 0.534888 -0.626555 0.563176 -0.064473
9.461546 0.293452 -0.033821 0.035830 0.535332 -0.636718 0.548941 -0.081696
9.465522 0.293452 -0.033933 0.035719 0.532618 -0.647525 0.538440 -0.084333
9.469497 0.293452 -0.033933 0.035719 0.532618 -0.647525 0.538440 -0.084333
9.473473 0.293452 -0.033933 0.035607 0.528975 -0.652262 0.534902 -0.092845
9.477448 0.293452 -0.034044 0.035607 0.529963 -0.658099 0.527704 -0.087028
9.481423 0.293452 -0.034044 0.035496 0.529963 -0.658099 0.527704 -0.087028
9.485399 0.293340 -0.034044 0.035496 0.523562 -0.669649 0.521303 -0.075478
9.489374 0.293340 -0.034156 0.035496 0.523562 -0.669649 0.521303 -0.075478
9.493350 0.293340 -0.034156 0.035496 0.524359 -0.675336 0.513915 -0.069722
9.497325 0.293340 -0.034156 0.035384 0.516908 -0.681056 0.514649 -0.064072
9.501301 0.293229 -0.034268 0.035384 0.520370 -0.676513 0.518151 -0.055364
9.505276 0.293229 -0.034268 0.035384 0.512906 -0.682189 0.518728 -0.049669
9.509251 0.293229 -0.034268 0.035384 0.516774 -0.683297 0.514596 -0.035242
9.513227 0.293229 -0.034268 0.035384 0.516774 -0.683297 0.514596 -0.035242
9.517202 0.293229 -0.034268 0.035384 0.512577 -0.684337 0.518186 -0.020758
9.521178 0.293229 -0.034268 0.035384 0.512577 -0.684337 0.518186 -0.020758
9.525153 0.293117 -0.034268 0.035384 0.515956 -0.685345 0.513860 -0.006258
9.529129 0.293117 -0.034379 0.035496 0.515956 -0.685345 0.513860 -0.006258
9.533104 0.293117 -0.034379 0.035496 0.511567 -0.686281 0.516961 0.008290
9.537080 0.293117 -0.034379 0.035496 0.511567 -0.686281 0.516961 0.008290
9.541055 0.293117 -0.034379 0.035496 0.514677 -0.681507 0.519962 0.017191
9.545030 0.293117 -0.034379 0.035496 0.507159 -0.687120 0.519742 0.022902
9.549006 0.293117 -0.034379 0.035496 0.509879 -0.687997 0.515055 0.037436
9.552981 0.293117 -0.034379 0.035496 0.505285 -0.688716 0.517345 0.052083
9.556957 0.293117 -0.034379 0.035496 0.508218 -0.683791 0.520015 0.061067
9.560932 0.293005 -0.034379 0.035496 0.503602 -0.684357 0.521821 0.075781
9.564908 0.293005 -0.034491 0.035607 0.501836 -0.679714 0.525587 0.099542
9.568883 0.293005 -0.034491 0.035607 0.497196 -0.680026 0.526582 0.114332
9.572859 0.292894 -0.034603 0.035607 0.487901 -0.680344 0.527597 0.143962
9.576834 0.292894 -0.034603 0.035607 0.483250 -0.680350 0.527617 0.158786
9.580809 0.292894 -0.034603 0.035719 0.479362 -0.680576 0.521271 0.187898
9.584785 0.292782 -0.034714 0.035719 0.467053 -0.685490 0.518221 0.208355
9.588760 0.292782 -0.034826 0.035719 0.457473 -0.684552 0.515343 0.237758
9.592736 0.292671 -0.034826 0.035719 0.447943 -0.683194 0.511175 0.267005
9.596711 0.292559 -0.034937 0.035719 0.428104 -0.691932 0.502302 0.292660
9.600687 0.292559 -0.035049 0.035719 0.415174 -0.695146 0.487976 0.326010
9.604662 0.292447 -0.035049 0.035719 0.402722 -0.698322 0.480391 0.345523
9.608637 0.292447 -0.035161 0.035719 0.393235 -0.695321 0.471515 0.373588
9.612613 0.292336 -0.035161 0.035830 0.380900 -0.697892 0.462331 0.392571
9.616588 0.292336 -0.035161 0.035830 0.368595 -0.700174 0.452487 0.411277
9.620564 0.292224 -0.035272 0.035830 0.359495 -0.696152 0.440587 0.438200
9.624539 0.292224 -0.035272 0.035830 0.355013 -0.693992 0.434196 0.451458
9.628515 0.292224 -0.035272 0.035830 0.339680 -0.701624 0.424172 0.460889
9.632490 0.292224 -0.035272 0.035942 0.338603 -0.693140 0.415277 0.482130
9.636466 0.292112 -0.035272 0.035942 0.334301 -0.690642 0.407886 0.494859
9.640441 0.292112 -0.035161 0.035942 0.332159 -0.689810 0.410028 0.495691
9.644416 0.292112 -0.035161 0.035942 0.328078 -0.687258 0.402194 0.508214
9.648392 0.292112 -0.035161 0.036054 0.329754 -0.680245 0.401583 0.516972
9.652367 0.292112 -0.035161 0.036054 0.322261 -0.683827 0.395880 0.521352
9.656343 0.292112 -0.035161 0.036054 0.322261 -0.683827 0.395880 0.521352
9.660318 0.292001 -0.035049 0.036054 0.324301 -0.676851 0.394799 0.529939
9.664294 0.292001 -0.035049 0.036054 0.316846 -0.680373 0.388953 0.534244
9.668269 0.292001 -0.035049 0.036054 0.322696 -0.676059 0.396405 0.530731
9.672245 0.292001 -0.035049 0.036054 0.319246 -0.673453 0.387410 0.542639
9.676220 0.291889 -0.035049 0.036054 0.325188 -0.669156 0.394786 0.539099
9.680195 0.291889 -0.035049 0.036054 0.317817 -0.672688 0.388839 0.543403
9.684171 0.291889 -0.035049 0.036054 0.317817 -0.672688 0.388839 0.543403
9.688146 0.291778 -0.035049 0.036054 0.317817 -0.672688 0.388839 0.543403
9.692122 0.291778 -0.035049 0.036054 0.327957 -0.662301 0.392803 0.547272
9.696097 0.291666 -0.035049 0.036054 0.327957 -0.662301 0.392803 0.547272
9.700073 0.291666 -0.035049 0.036054 0.320661 -0.665864 0.386767 0.551555
9.704048 0.291666 -0.035161 0.036054 0.320661 -0.665864 0.386767 0.551555
9.708023 0.291666 -0.035161 0.036054 0.320661 -0.665864 0.386767 0.551555
9.711999 0.291666 -0.035161 0.036054 0.320661 -0.665864 0.386767 0.551555
9.715974 0.291666 -0.035272 0.036054 0.319413 -0.665124 0.388014 0.552295
9.719950 0.291554 -0.035272 0.036054 0.323777 -0.659103 0.384337 0.559497
9.723925 0.291554 -0.035272 0.036054 0.323777 -0.659103 0.384337 0.559497
9.727901 0.291554 -0.035384 0.036054 0.317610 -0.663285 0.377073 0.563021
9.731876 0.291554 -0.035384 0.036054 0.310304 -0.666735 0.370865 0.567129
9.735852 0.291554 -0.035496 0.036054 0.310304 -0.666735 0.370865 0.567129
9.739827 0.291666 -0.035496 0.036054 0.302961 -0.670103 0.364612 0.571169
9.743802 0.291666 -0.035607 0.036054 0.302961 -0.670103 0.364612 0.571169
9.747778 0.291666 -0.035607 0.036054 0.295581 -0.673391 0.358315 0.575141
9.751753 0.291666 -0.035719 0.036054 0.300026 -0.667393 0.354424 0.582198
9.755729 0.291666 -0.035830 0.036054 0.286220 -0.674431 0.340618 0.589237
9.759704 0.291666 -0.035830 0.036054 0.278793 -0.677535 0.334124 0.592943
9.763680 0.291666 -0.035942 0.036054 0.264763 -0.684115 0.320093 0.599523
9.767655 0.291554 -0.035942 0.036054 0.264763 -0.684115 0.320093 0.599523
9.771631 0.291554 -0.036054 0.036054 0.261752 -0.681011 0.309381 0.609913
9.775606 0.291554 -0.036165 0.036054 0.247502 -0.687129 0.295130 0.616031
9.779581 0.291554 -0.036165 0.036054 0.237593 -0.686887 0.276588 0.628677
9.783557 0.291443 -0.036277 0.036054 0.230033 -0.689456 0.269664 0.631678
9.787532 0.291443 -0.036388 0.036054 0.219963 -0.688708 0.250815 0.643731
9.791508 0.291331 -0.036500 0.036054 0.205269 -0.693719 0.236120 0.648741
9.795483 0.291331 -0.036500 0.036054 0.194935 -0.692249 0.217003 0.660077
9.799459 0.291219 -0.036612 0.036054 0.184469 -0.690372 0.197750 0.671009
9.803434 0.291219 -0.036723 0.036054 0.181360 -0.686083 0.185925 0.679581
9.807409 0.291108 -0.036835 0.036054 0.163257 -0.685431 0.158826 0.691596
9.811385 0.290996 -0.036835 0.035942 0.140447 -0.690340 0.136084 0.696554
9.815360 0.290996 -0.036947 0.035942 0.125178 -0.693210 0.120815 0.699424
9.819336 0.290885 -0.037058 0.035942 0.114301 -0.689304 0.101009 0.708232
9.823311 0.290773 -0.037058 0.035830 0.091112 -0.692399 0.078029 0.711473
9.827287 0.290773 -0.037170 0.035830 0.072488 -0.688352 0.050270 0.719993
9.831262 0.290773 -0.037281 0.035830 0.072488 -0.688352 0.050270 0.719993
9.835238 0.290661 -0.037281 0.035830 0.061447 -0.682922 0.030305 0.727271
9.839213 0.290661 -0.037393 0.035830 0.045944 -0.683760 0.014802 0.728109
9.843188 0.290550 -0.037393 0.035719 0.022908 -0.684550 -0.008719 0.728554
9.847164 0.290550 -0.037505 0.035719 0.007382 -0.684535 -0.024245 0.728539
9.851139 0.290550 -0.037505 0.035719 -0.008139 -0.684179 -0.039766 0.728183
9.855115 0.290438 -0.037616 0.035719 -0.011041 -0.677457 -0.052347 0.733614
9.859090 0.290438 -0.037616 0.035719 -0.018483 -0.677295 -0.060403 0.732995
9.863066 0.290438 -0.037728 0.035830 -0.021162 -0.670480 -0.073156 0.738009
9.867041 0.290326 -0.037728 0.035830 -0.035888 -0.669853 -0.089353 0.736223
9.871016 0.290326 -0.037840 0.035830 -0.058658 -0.667704 -0.112849 0.733482
9.874992 0.290326 -0.037951 0.035830 -0.068182 -0.659875 -0.133923 0.736193
9.878967 0.290215 -0.037951 0.035830 -0.082663 -0.658218 -0.150066 0.733073
9.882943 0.290215 -0.038063 0.035830 -0.097105 -0.656243 -0.166136 0.729599
9.886918 0.290103 -0.038174 0.035830 -0.111500 -0.653951 -0.182126 0.725773
9.890894 0.290103 -0.038286 0.035830 -0.132989 -0.649921 -0.205943 0.719377
9.894869 0.289992 -0.038398 0.035719 -0.162149 -0.642625 -0.236611 0.710462
9.898845 0.289992 -0.038509 0.035719 -0.183237 -0.636933 -0.259894 0.702279
9.902820 0.289880 -0.038509 0.035719 -0.217337 -0.633510 -0.284563 0.685896
9.906795 0.289880 -0.038621 0.035607 -0.258779 -0.624811 -0.315150 0.665826
9.910771 0.289880 -0.038733 0.035607 -0.293117 -0.609022 -0.350808 0.648157
9.914746 0.289768 -0.038844 0.035496 -0.326365 -0.599924 -0.372504 0.628345
9.918722 0.289768 -0.038956 0.035384 -0.365457 -0.576600 -0.412801 0.602967
9.922697 0.289768 -0.039067 0.035384 -0.396830 -0.555133 -0.445017 0.579926
9.926673 0.289768 -0.039179 0.035272 -0.434140 -0.535486 -0.469082 0.552032
9.930648 0.289768 -0.039179 0.035272 -0.468630 -0.505333 -0.504266 0.520328
9.934624 0.289768 -0.039179 0.035272 -0.490377 -0.484257 -0.526637 0.497672
9.938599 0.289768 -0.039291 0.035272 -0.508796 -0.453580 -0.560211 0.470697
9.942574 0.289768 -0.039291 0.035272 -0.533094 -0.424388 -0.585046 0.439802
9.946550 0.289768 -0.039291 0.035272 -0.547760 -0.392490 -0.615581 0.408620
9.950525 0.289768 -0.039402 0.035272 -0.556495 -0.366360 -0.640195 0.382418
9.954501 0.289768 -0.039402 0.035384 -0.556156 -0.353584 -0.655819 0.368199
9.958476 0.289768 -0.039402 0.035496 -0.562922 -0.327742 -0.678542 0.339536
9.962452 0.289768 -0.039402 0.035496 -0.561567 -0.315813 -0.693045 0.323410
9.966427 0.289768 -0.039402 0.035607 -0.559914 -0.304406 -0.707059 0.306432
9.970402 0.289657 -0.039402 0.035719 -0.564246 -0.279412 -0.726775 0.274506
9.974378 0.289657 -0.039402 0.035719 -0.558960 -0.277058 -0.736342 0.261924
9.978353 0.289657 -0.039402 0.035830 -0.556555 -0.267272 -0.748375 0.242379
9.982329 0.289657 -0.039402 0.035942 -0.556429 -0.249659 -0.762503 0.215978
9.986304 0.289545 -0.039514 0.035942 -0.562225 -0.239624 -0.766619 0.196922
9.990280 0.289545 -0.039514 0.036054 -0.569816 -0.220967 -0.772692 0.171553
9.994255 0.289545 -0.039514 0.036054 -0.575149 -0.210604 -0.775659 0.152325
9.998231 0.289434 -0.039514 0.036054 -0.581777 -0.191537 -0.780257 0.126682
10.002206 0.289434 -0.039514 0.036054 -0.585844 -0.178709 -0.782852 0.109508
10.006181 0.289434 -0.039625 0.036165 -0.591415 -0.159306 -0.786036 0.083652
10.010157 0.289434 -0.039625 0.036054 -0.596344 -0.139731 -0.788365 0.057704
10.014132 0.289322 -0.039625 0.036054 -0.599677 -0.117914 -0.790786 0.033783
10.018108 0.289322 -0.039737 0.036054 -0.603285 -0.089388 -0.792500 0.001078
10.022083 0.289322 -0.039737 0.036054 -0.605104 -0.076112 -0.792332 -0.016334
10.026059 0.289322 -0.039849 0.036054 -0.606780 -0.047433 -0.791932 -0.049104
10.030034 0.289322 -0.039849 0.036054 -0.607151 -0.018733 -0.790137 -0.081849
10.034010 0.289210 -0.039960 0.036054 -0.598418 -0.000594 -0.793661 -0.109535
10.037985 0.289210 -0.039960 0.036054 -0.598112 0.019126 -0.789620 -0.135629
10.041960 0.289210 -0.040072 0.036054 -0.595346 0.047444 -0.784248 -0.168127
10.045936 0.289210 -0.040184 0.036054 -0.583679 0.071065 -0.782616 -0.204402
10.049911 0.289210 -0.040184 0.036054 -0.578458 0.098774 -0.774417 -0.236450
10.053887 0.289099 -0.040295 0.035942 -0.571978 0.126193 -0.764864 -0.268141
10.057862 0.289099 -0.040407 0.035942 -0.564253 0.153265 -0.753975 -0.299417
10.061838 0.289099 -0.040407 0.035942 -0.558896 0.171776 -0.743699 -0.324100
10.065813 0.288987 -0.040518 0.035942 -0.546861 0.204157 -0.726543 -0.362488
10.069788 0.288987 -0.040518 0.035830 -0.535560 0.229900 -0.711721 -0.392141
10.073764 0.288987 -0.040630 0.035830 -0.526834 0.266817 -0.686627 -0.424026
10.077739 0.288875 -0.040742 0.035719 -0.519179 0.297538 -0.664774 -0.447214
10.081715 0.288875 -0.040742 0.035607 -0.500347 0.327120 -0.640930 -0.481512
10.085690 0.288764 -0.040853 0.035607 -0.483747 0.350272 -0.620904 -0.507716
10.089666 0.288764 -0.040853 0.035496 -0.471878 0.379258 -0.595698 -0.527862
10.093641 0.288764 -0.040853 0.035496 -0.458631 0.407645 -0.569559 -0.546887
10.097617 0.288652 -0.040853 0.035384 -0.444040 0.435369 -0.542538 -0.564743
10.101592 0.288652 -0.040853 0.035384 -0.428140 0.462367 -0.514690 -0.581384
10.105567 0.288652 -0.040853 0.035384 -0.404758 0.482573 -0.491308 -0.601590
10.109543 0.288541 -0.040853 0.035272 -0.381829 0.500796 -0.465743 -0.621685
10.113518 0.288541 -0.040853 0.035384 -0.358103 0.517964 -0.439340 -0.640668
10.117494 0.288541 -0.040853 0.035272 -0.344082 0.537484 -0.415574 -0.648088
10.121469 0.288541 -0.040853 0.035272 -0.324951 0.549289 -0.395224 -0.660671
10.125445 0.288541 -0.040742 0.035272 -0.305434 0.560444 -0.374478 -0.672592
10.129420 0.288541 -0.040742 0.035272 -0.275970 0.585050 -0.335809 -0.684682
10.133396 0.288541 -0.040742 0.035272 -0.255432 0.594460 -0.314173 -0.694743
10.137371 0.288541 -0.040853 0.035272 -0.235704 0.602554 -0.291109 -0.704718
10.141346 0.288541 -0.040853 0.035272 -0.207864 0.612898 -0.261010 -0.716255
10.145322 0.288541 -0.040965 0.035272 -0.169239 0.616271 -0.225571 -0.735313
10.149297 0.288541 -0.040965 0.035384 -0.148839 0.621514 -0.201217 -0.742347
10.153273 0.288541 -0.040965 0.035384 -0.120045 0.627984 -0.169757 -0.749939
10.157248 0.288541 -0.040965 0.035384 -0.090984 0.633153 -0.138004 -0.756171
10.161224 0.288541 -0.041077 0.035384 -0.054712 0.637650 -0.097652 -0.762151
10.165199 0.288429 -0.041077 0.035384 -0.033669 0.639106 -0.072484 -0.764955
10.169174 0.288429 -0.041188 0.035384 -0.003584 0.631723 -0.040736 -0.774115
10.173150 0.288429 -0.041188 0.035496 0.010346 0.622892 -0.023752 -0.781879
10.177125 0.288317 -0.041188 0.035607 0.032213 0.613688 0.000636 -0.788891
10.181101 0.288317 -0.041188 0.035607 0.052418 0.612293 0.026632 -0.788442
10.185076 0.288317 -0.041188 0.035719 0.066726 0.602334 0.042921 -0.794292
10.189052 0.288317 -0.041188 0.035719 0.079944 0.600722 0.060362 -0.793157
10.193027 0.288206 -0.041077 0.035830 0.093598 0.590059 0.077028 -0.798208
10.197003 0.288206 -0.041077 0.035830 0.097984 0.580016 0.087569 -0.803936
10.200978 0.288206 -0.041077 0.035942 0.110672 0.559816 0.104428 -0.814526
10.204953 0.288206 -0.040965 0.036054 0.122710 0.548197 0.122026 -0.818249
10.208929 0.288206 -0.040965 0.036165 0.134275 0.536258 0.139820 -0.821492
10.212904 0.288206 -0.040853 0.036165 0.139591 0.525580 0.148732 -0.825929
10.216880 0.288206 -0.040853 0.036165 0.151105 0.522386 0.166843 -0.822462
10.220855 0.288206 -0.040853 0.036165 0.170606 0.507678 0.190599 -0.822696
10.224831 0.288206 -0.040742 0.036165 0.190698 0.501485 0.214151 -0.816264
10.228806 0.288206 -0.040742 0.036165 0.200384 0.487961 0.232202 -0.817204
10.232781 0.288206 -0.040742 0.036277 0.225230 0.478218 0.264275 -0.806683
10.236757 0.288206 -0.040853 0.036277 0.242774 0.460834 0.287370 -0.803810
10.240732 0.288206 -0.040853 0.036165 0.266534 0.449110 0.318655 -0.791024
10.244708 0.288206 -0.040853 0.036165 0.296784 0.442112 0.357380 -0.767291
10.248683 0.288206 -0.040853 0.036054 0.319468 0.427864 0.387194 -0.751634
10.252659 0.288206 -0.040965 0.036054 0.344176 0.421404 0.415578 -0.728874
10.256634 0.288094 -0.040965 0.036054 0.370134 0.400939 0.451629 -0.705889
10.260610 0.288094 -0.041077 0.035942 0.383145 0.388525 0.474645 -0.690623
10.264585 0.287982 -0.041077 0.035942 0.407170 0.365752 0.508575 -0.664672
10.268560 0.287871 -0.041188 0.035942 0.426091 0.346290 0.534039 -0.642910
10.272536 0.287871 -0.041188 0.035830 0.444110 0.325944 0.558549 -0.620121
10.276511 0.287871 -0.041300 0.035830 0.465373 0.312866 0.580441 -0.590449
10.280487 0.287759 -0.041300 0.035830 0.481675 0.290756 0.602814 -0.565744
10.284462 0.287759 -0.041411 0.035830 0.490994 0.274726 0.621129 -0.545572
10.288438 0.287648 -0.041411 0.035830 0.502724 0.256902 0.635827 -0.526302
10.292413 0.287648 -0.041523 0.035830 0.510917 0.240196 0.652825 -0.505064
10.296389 0.287648 -0.041523 0.035830 0.526725 0.214274 0.668633 -0.479142
10.300364 0.287648 -0.041635 0.035719 0.536375 0.195178 0.681184 -0.458471
10.304339 0.287648 -0.041635 0.035719 0.543409 0.181724 0.688218 -0.445017
10.308315 0.287648 -0.041746 0.035719 0.556581 0.154368 0.701390 -0.417661
10.312290 0.287648 -0.041746 0.035719 0.564222 0.134289 0.711915 -0.395975
10.316266 0.287648 -0.041746 0.035719 0.569894 0.120206 0.717586 -0.381892
10.320241 0.287648 -0.041746 0.035719 0.575254 0.106002 0.722947 -0.367688
10.324217 0.287648 -0.041858 0.035719 0.584148 0.083680 0.728957 -0.346973
10.328192 0.287648 -0.041858 0.035719 0.588720 0.069203 0.733530 -0.332496
10.332167 0.287759 -0.041858 0.035719 0.596431 0.046520 0.738338 -0.311388
10.336143 0.287759 -0.041970 0.035719 0.600201 0.031814 0.742109 -0.296682
10.340118 0.287759 -0.041970 0.035719 0.603648 0.017028 0.745556 -0.281897
10.344094 0.287759 -0.042081 0.035719 0.609666 -0.006054 0.748655 -0.260357
10.348069 0.287759 -0.042081 0.035719 0.612296 -0.021007 0.751285 -0.245404
10.352045 0.287759 -0.042081 0.035719 0.614596 -0.036013 0.753586 -0.230398
10.356020 0.287648 -0.042193 0.035719 0.616567 -0.051067 0.755556 -0.215344
10.359996 0.287648 -0.042193 0.035719 0.618206 -0.066160 0.757195 -0.200251
10.363971 0.287648 -0.042304 0.035719 0.618582 -0.088087 0.760490 -0.176781
10.367946 0.287536 -0.042416 0.035719 0.619390 -0.103247 0.761298 -0.161621
10.371922 0.287536 -0.042416 0.035719 0.625204 -0.126907 0.759933 -0.124563
10.375897 0.287424 -0.042528 0.035719 0.625011 -0.142123 0.759740 -0.109347
10.379873 0.287424 -0.042528 0.035719 0.622718 -0.164182 0.760202 -0.085792
10.383848 0.287313 -0.042639 0.035607 0.624945 -0.179687 0.757679 -0.055495
10.387824 0.287201 -0.042751 0.035607 0.621549 -0.209997 0.754283 -0.025185
10.391799 0.287201 -0.042862 0.035607 0.622089 -0.225512 0.749749 0.005015
10.395775 0.287089 -0.042974 0.035496 0.621523 -0.249198 0.741519 0.041940
10.399750 0.287089 -0.042974 0.035496 0.614471 -0.278997 0.734466 0.071740
10.403725 0.286978 -0.043086 0.035496 0.603853 -0.307115 0.728373 0.102544
10.407701 0.286978 -0.043197 0.035384 0.594211 -0.336180 0.718731 0.131609
10.411676 0.286978 -0.043309 0.035384 0.579259 -0.371180 0.706019 0.167989
10.415652 0.286978 -0.043309 0.035384 0.566796 -0.399152 0.693556 0.195961
10.419627 0.286866 -0.043421 0.035384 0.555536 -0.419054 0.684520 0.217268
10.423603 0.286866 -0.043532 0.035384 0.536028 -0.451902 0.667221 0.251545
10.427578 0.286866 -0.043532 0.035384 0.523014 -0.470809 0.656401 0.271906
10.431553 0.286866 -0.043644 0.035384 0.500647 -0.501888 0.636211 0.304462
10.435529 0.286866 -0.043755 0.035496 0.480493 -0.525086 0.627015 0.316646
10.439504 0.286866 -0.043755 0.035496 0.468840 -0.535516 0.619906 0.330345
10.443480 0.286755 -0.043867 0.035496 0.453155 -0.552383 0.606467 0.348885
10.447455 0.286755 -0.043867 0.035496 0.430630 -0.573515 0.588375 0.373434
10.451431 0.286643 -0.043979 0.035607 0.407842 -0.594102 0.577359 0.383881
10.455406 0.286643 -0.044090 0.035607 0.388043 -0.607219 0.564396 0.402698
10.459382 0.286531 -0.044090 0.035607 0.374608 -0.615598 0.555412 0.415001
10.463357 0.286531 -0.044202 0.035607 0.354119 -0.627608 0.541434 0.433079
10.467332 0.286420 -0.044202 0.035607 0.341584 -0.636732 0.520316 0.455153
10.471308 0.286420 -0.044202 0.035607 0.327512 -0.644083 0.510190 0.466475
10.475283 0.286308 -0.044202 0.035607 0.314341 -0.652414 0.487874 0.487366
10.479259 0.286196 -0.044314 0.035607 0.299931 -0.659163 0.477048 0.497967
10.483234 0.286196 -0.044314 0.035607 0.291842 -0.661634 0.460899 0.514433
10.487210 0.286085 -0.044314 0.035607 0.271456 -0.672784 0.442121 0.527449
10.491185 0.286085 -0.044314 0.035607 0.257167 -0.679402 0.417619 0.545777
10.495161 0.285973 -0.044314 0.035496 0.242531 -0.685431 0.392517 0.563288
10.499136 0.285973 -0.044314 0.035496 0.235150 -0.688313 0.373193 0.575896
10.503111 0.285973 -0.044202 0.035384 0.227556 -0.690825 0.353639 0.588148
10.507087 0.285862 -0.044202 0.035384 0.212132 -0.695334 0.327254 0.603668
10.511062 0.285862 -0.044202 0.035384 0.204123 -0.697001 0.307149 0.614966
10.515038 0.285862 -0.044202 0.035272 0.175058 -0.707598 0.278084 0.625563
10.519013 0.285750 -0.044090 0.035272 0.158825 -0.710032 0.250534 0.638641
10.522989 0.285750 -0.044090 0.035272 0.143960 -0.714366 0.235669 0.642975
10.526964 0.285750 -0.044090 0.035161 0.127409 -0.715635 0.207569 0.654636
10.530939 0.285750 -0.044090 0.035161 0.104408 -0.720340 0.185233 0.660226
10.534915 0.285750 -0.044090 0.035161 0.095521 -0.719231 0.163906 0.668369
10.538890 0.285750 -0.044090 0.035161 0.087613 -0.720237 0.156553 0.670129
10.542866 0.285750 -0.043979 0.035161 0.071768 -0.721988 0.141792 0.673407
10.546841 0.285750 -0.043979 0.035161 0.063832 -0.722733 0.134386 0.674924
10.550817 0.285638 -0.043979 0.035161 0.047937 -0.723961 0.119524 0.677714
10.554792 0.285638 -0.043979 0.035161 0.039076 -0.721846 0.097632 0.684017
10.558768 0.285638 -0.043979 0.035161 0.023207 -0.722530 0.082580 0.685997
10.562743 0.285638 -0.043979 0.035161 0.022813 -0.721874 0.082974 0.686654
10.566718 0.285638 -0.043867 0.035161 0.022813 -0.721874 0.082974 0.686654
10.570694 0.285638 -0.043867 0.035161 0.021643 -0.718573 0.068707 0.691711
10.574669 0.285750 -0.043867 0.035161 0.021643 -0.718573 0.068707 0.691711
10.578645 0.285750 -0.043755 0.035161 0.013747 -0.718767 0.061103 0.692424
10.582620 0.285750 -0.043755 0.035161 0.005850 -0.718875 0.053493 0.693053
10.586596 0.285750 -0.043755 0.035161 0.004826 -0.715526 0.039017 0.697479
10.590571 0.285750 -0.043644 0.035161 0.004826 -0.715526 0.039017 0.697479
10.594547 0.285750 -0.043644 0.035161 -0.003035 -0.715536 0.031352 0.697865
10.598522 0.285750 -0.043644 0.035161 -0.011658 -0.712297 0.008914 0.701725
10.602497 0.285862 -0.043644 0.035161 -0.011658 -0.712297 0.008914 0.701725
10.606473 0.285862 -0.043644 0.035161 -0.012536 -0.708736 -0.005745 0.705340
10.610448 0.285862 -0.043644 0.035161 -0.028068 -0.708364 -0.021277 0.704968
10.614424 0.285862 -0.043644 0.035161 -0.035848 -0.708013 -0.029021 0.704692
10.618399 0.285862 -0.043644 0.035161 -0.051395 -0.707054 -0.044496 0.703884
10.622375 0.285862 -0.043755 0.035161 -0.059160 -0.706447 -0.052226 0.703353
10.626350 0.285973 -0.043755 0.035161 -0.066918 -0.705755 -0.059950 0.702736
10.630325 0.285973 -0.043755 0.035161 -0.074667 -0.704977 -0.067667 0.702035
10.634301 0.285973 -0.043867 0.035161 -0.090138 -0.703166 -0.083075 0.700379
10.638276 0.285973 -0.043867 0.035272 -0.097858 -0.702133 -0.090765 0.699424
10.642252 0.285973 -0.043979 0.035272 -0.105565 -0.701016 -0.098443 0.698385
10.646227 0.285862 -0.043979 0.035272 -0.120942 -0.698527 -0.113763 0.696054
10.650203 0.285862 -0.043979 0.035272 -0.128352 -0.700734 -0.106325 0.693680
10.654178 0.285862 -0.044090 0.035272 -0.136043 -0.699282 -0.113940 0.692471
10.658154 0.285862 -0.044090 0.035384 -0.136115 -0.699038 -0.113867 0.692714
10.662129 0.285862 -0.044090 0.035384 -0.143786 -0.697500 -0.121471 0.691421
10.666104 0.285862 -0.044202 0.035384 -0.143786 -0.697500 -0.121471 0.691421
10.670080 0.285862 -0.044202 0.035384 -0.143850 -0.697255 -0.121407 0.691667
10.674055 0.285862 -0.044202 0.035384 -0.151502 -0.695632 -0.128998 0.690292
10.678031 0.285750 -0.044202 0.035384 -0.143960 -0.693921 -0.136573 0.692168
10.682006 0.285750 -0.044202 0.035384 -0.143979 -0.693840 -0.136555 0.692249
10.685982 0.285750 -0.044314 0.035384 -0.143979 -0.693840 -0.136555 0.692249
10.689957 0.285750 -0.044314 0.035384 -0.143979 -0.693840 -0.136555 0.692249
10.693932 0.285750 -0.044314 0.035384 -0.151593 -0.692216 -0.144151 0.690707
10.697908 0.285750 -0.044314 0.035384 -0.143979 -0.690672 -0.151765 0.692250
10.701883 0.285750 -0.044314 0.035384 -0.143979 -0.690672 -0.151765 0.692250
10.705859 0.285750 -0.044314 0.035272 -0.136365 -0.692297 -0.144168 0.693790
10.709834 0.285750 -0.044314 0.035272 -0.143963 -0.690757 -0.151781 0.692164
10.713810 0.285750 -0.044314 0.035272 -0.143963 -0.690757 -0.151781 0.692164
10.717785 0.285750 -0.044314 0.035272 -0.143963 -0.690757 -0.151781 0.692164
10.721761 0.285750 -0.044314 0.035272 -0.136299 -0.689297 -0.159408 0.693456
10.725736 0.285750 -0.044314 0.035272 -0.143864 -0.687758 -0.167017 0.691663
10.729711 0.285750 -0.044314 0.035272 -0.136256 -0.689551 -0.159451 0.693202
10.733687 0.285750 -0.044314 0.035272 -0.136256 -0.689551 -0.159451 0.693202
10.737662 0.285750 -0.044425 0.035272 -0.151529 -0.689220 -0.159390 0.690369
10.741638 0.285750 -0.044425 0.035272 -0.159092 -0.687514 -0.166965 0.688576
10.745613 0.285750 -0.044425 0.035272 -0.151517 -0.689307 -0.159401 0.690282
10.749589 0.285750 -0.044425 0.035384 -0.159081 -0.687601 -0.166975 0.688490
10.753564 0.285750 -0.044425 0.035384 -0.166625 -0.685811 -0.174529 0.686614
10.757540 0.285750 -0.044537 0.035384 -0.166618 -0.685898 -0.174537 0.686527
10.761515 0.285750 -0.044537 0.035384 -0.181647 -0.682072 -0.189578 0.682526
10.765490 0.285750 -0.044537 0.035384 -0.189130 -0.680035 -0.197065 0.680402
10.769466 0.285638 -0.044537 0.035384 -0.204025 -0.675716 -0.211967 0.675908
10.773441 0.285638 -0.044648 0.035272 -0.211436 -0.673434 -0.219380 0.673539
10.777417 0.285638 -0.044648 0.035272 -0.226181 -0.668626 -0.234125 0.668556
10.781392 0.285638 -0.044760 0.035272 -0.225717 -0.666172 -0.249193 0.665710
10.785368 0.285638 -0.044760 0.035272 -0.240299 -0.661052 -0.263759 0.660074
10.789343 0.285638 -0.044760 0.035161 -0.247547 -0.658372 -0.270995 0.657136
10.793318 0.285638 -0.044760 0.035161 -0.261936 -0.652517 -0.285384 0.651281
10.797294 0.285638 -0.044648 0.035161 -0.254114 -0.652767 -0.293073 0.650714
10.801269 0.285638 -0.044648 0.035161 -0.261270 -0.649936 -0.300204 0.647455
10.805245 0.285638 -0.044648 0.035049 -0.275455 -0.643612 -0.314389 0.641131
10.809220 0.285638 -0.044648 0.035049 -0.275455 -0.643612 -0.314389 0.641131
10.813196 0.285638 -0.044648 0.035049 -0.282509 -0.640547 -0.321413 0.637638
10.817171 0.285638 -0.044537 0.035049 -0.289497 -0.636977 -0.328431 0.634496
10.821147 0.285638 -0.044537 0.035049 -0.289497 -0.636977 -0.328431 0.634496
10.825122 0.285638 -0.044537 0.035049 -0.304299 -0.633332 -0.327714 0.631582
10.829097 0.285638 -0.044425 0.035049 -0.311219 -0.629694 -0.334652 0.628201
10.833073 0.285638 -0.044425 0.035049 -0.318118 -0.626237 -0.341533 0.624486
10.837048 0.285638 -0.044425 0.035049 -0.332760 -0.622116 -0.340675 0.621437
10.841024 0.285638 -0.044425 0.035161 -0.339574 -0.618423 -0.347481 0.617656
10.844999 0.285638 -0.044425 0.035161 -0.346348 -0.614655 -0.354246 0.613802
10.848975 0.285527 -0.044425 0.035161 -0.360794 -0.609895 -0.353255 0.610793
10.852950 0.285527 -0.044425 0.035161 -0.367472 -0.605894 -0.359943 0.606875
10.856926 0.285527 -0.044425 0.035272 -0.380696 -0.597674 -0.373190 0.598820
10.860901 0.285527 -0.044425 0.035272 -0.393749 -0.589248 -0.386243 0.590394
10.864876 0.285415 -0.044537 0.035272 -0.406600 -0.580455 -0.399121 0.581765
10.868852 0.285415 -0.044537 0.035272 -0.419255 -0.571381 -0.411807 0.572856
10.872827 0.285415 -0.044537 0.035272 -0.424104 -0.563622 -0.431897 0.562079
10.876803 0.285415 -0.044537 0.035272 -0.436384 -0.554168 -0.444142 0.552454
10.880778 0.285415 -0.044648 0.035272 -0.442446 -0.549340 -0.450184 0.547541
10.884754 0.285415 -0.044648 0.035272 -0.460287 -0.534377 -0.468004 0.532493
10.888729 0.285304 -0.044648 0.035272 -0.458547 -0.531148 -0.481295 0.525330
10.892704 0.285304 -0.044648 0.035272 -0.470039 -0.520696 -0.492787 0.514878
10.896680 0.285304 -0.044648 0.035272 -0.475731 -0.515501 -0.498414 0.509433
10.900655 0.285304 -0.044648 0.035161 -0.479249 -0.506561 -0.516937 0.496479
10.904631 0.285304 -0.044648 0.035161 -0.484785 -0.501266 -0.522361 0.490770
10.908606 0.285304 -0.044648 0.035161 -0.490148 -0.495497 -0.527836 0.485415
10.912582 0.285415 -0.044537 0.035161 -0.495562 -0.490082 -0.533137 0.479587
10.916557 0.285415 -0.044537 0.035161 -0.506090 -0.478664 -0.543665 0.468169
10.920533 0.285415 -0.044537 0.035161 -0.511318 -0.473075 -0.548776 0.462168
10.924508 0.285415 -0.044537 0.035049 -0.508692 -0.468939 -0.561223 0.454266
10.928483 0.285415 -0.044537 0.035049 -0.513813 -0.463322 -0.566180 0.448073
10.932459 0.285415 -0.044425 0.035049 -0.523695 -0.451348 -0.576062 0.436099
10.936434 0.285415 -0.044425 0.035049 -0.525589 -0.441120 -0.592858 0.421531
10.940410 0.285304 -0.044425 0.035049 -0.530403 -0.435319 -0.597454 0.414993
10.944385 0.285304 -0.044425 0.034937 -0.539608 -0.422827 -0.606658 0.402500
10.948361 0.285304 -0.044425 0.034937 -0.540761 -0.412143 -0.622657 0.387316
10.952336 0.285304 -0.044425 0.034937 -0.545256 -0.406177 -0.626875 0.380452
10.956312 0.285304 -0.044425 0.034937 -0.558043 -0.387098 -0.639374 0.360478
10.960287 0.285304 -0.044537 0.034937 -0.570183 -0.367612 -0.651217 0.340100
10.964262 0.285304 -0.044537 0.034937 -0.577811 -0.354109 -0.658845 0.326597
10.968238 0.285304 -0.044537 0.034937 -0.588844 -0.333993 -0.669571 0.305592
10.972213 0.285304 -0.044648 0.034826 -0.602285 -0.306042 -0.683012 0.277641
10.976189 0.285304 -0.044648 0.034826 -0.611712 -0.285149 -0.692122 0.255863
10.980164 0.285304 -0.044760 0.034826 -0.628094 -0.261377 -0.693660 0.236678
10.984140 0.285304 -0.044760 0.034826 -0.636079 -0.239823 -0.701369 0.214405
10.988115 0.285304 -0.044760 0.034826 -0.640907 -0.225076 -0.706198 0.199658
10.992090 0.285304 -0.044872 0.034826 -0.649587 -0.195281 -0.714877 0.169863
10.996066 0.285304 -0.044872 0.034826 -0.653433 -0.180247 -0.718724 0.154830
11.000041 0.285304 -0.044872 0.034714 -0.660131 -0.149945 -0.725421 0.124528
11.004017 0.285304 -0.044872 0.034714 -0.662979 -0.134691 -0.728269 0.109274
11.007992 0.285304 -0.044872 0.034714 -0.666483 -0.111343 -0.732049 0.086644
11.011968 0.285304 -0.044872 0.034714 -0.668489 -0.095955 -0.734055 0.071257
11.015943 0.285304 -0.044872 0.034603 -0.670157 -0.080528 -0.735723 0.055829
11.019919 0.285304 -0.044872 0.034603 -0.670730 -0.072440 -0.736563 0.048463
11.023894 0.285304 -0.044872 0.034603 -0.664173 -0.059593 -0.744583 0.030307
11.027869 0.285304 -0.044760 0.034603 -0.664788 -0.052293 -0.744871 0.022125
11.031845 0.285304 -0.044760 0.034603 -0.665435 -0.036798 -0.745519 0.006630
11.035820 0.285304 -0.044760 0.034603 -0.665799 -0.029485 -0.745546 -0.001560
11.039796 0.285192 -0.044760 0.034603 -0.665799 -0.029485 -0.745546 -0.001560
11.043771 0.285192 -0.044760 0.034714 -0.666083 -0.022169 -0.745484 -0.009751
11.047747 0.285192 -0.044648 0.034714 -0.666286 -0.014850 -0.745332 -0.017940
11.051722 0.285192 -0.044648 0.034714 -0.666082 0.000657 -0.745128 -0.033447
11.055697 0.285192 -0.044760 0.034714 -0.658395 0.004908 -0.751330 -0.044662
11.059673 0.285192 -0.044760 0.034714 -0.658129 0.019372 -0.750167 -0.061158
11.063648 0.285080 -0.044760 0.034714 -0.657876 0.026601 -0.749450 -0.069396
11.067624 0.285080 -0.044760 0.034826 -0.656652 0.042050 -0.748226 -0.084845
11.071599 0.285080 -0.044872 0.034826 -0.655569 0.056467 -0.746181 -0.101263
11.075575 0.285080 -0.044872 0.034826 -0.654170 0.070857 -0.743776 -0.117633
11.079550 0.285080 -0.044983 0.034826 -0.651931 0.086191 -0.741537 -0.132968
11.083526 0.285080 -0.044983 0.034826 -0.648201 0.108600 -0.737288 -0.156358
11.087501 0.285080 -0.045095 0.034826 -0.645659 0.122816 -0.733674 -0.172519
11.091476 0.285080 -0.045095 0.034826 -0.647899 0.148989 -0.721948 -0.191886
11.095452 0.284969 -0.045207 0.034826 -0.642148 0.171062 -0.715722 -0.214769
11.099427 0.284969 -0.045318 0.034937 -0.645223 0.189362 -0.704659 -0.226461
11.103403 0.284969 -0.045318 0.034937 -0.638211 0.211165 -0.697235 -0.248915
11.107378 0.284969 -0.045430 0.034937 -0.634645 0.244083 -0.679937 -0.274472
11.111354 0.284969 -0.045541 0.034937 -0.629130 0.257968 -0.673742 -0.289344
11.115329 0.284857 -0.045541 0.035049 -0.623312 0.290550 -0.654722 -0.313690
11.119305 0.284857 -0.045653 0.035049 -0.616778 0.304175 -0.647672 -0.327999
11.123280 0.284745 -0.045765 0.035049 -0.612561 0.329359 -0.630672 -0.344302
11.127255 0.284745 -0.045765 0.035161 -0.601207 0.349561 -0.619152 -0.364703
11.131231 0.284745 -0.045876 0.035161 -0.595203 0.374431 -0.601102 -0.379751
11.135206 0.284634 -0.045876 0.035161 -0.582541 0.393841 -0.588262 -0.399353
11.139182 0.284634 -0.045988 0.035272 -0.569246 0.412824 -0.574783 -0.418521
11.143157 0.284634 -0.045988 0.035272 -0.545139 0.431750 -0.561128 -0.448944
11.147133 0.284522 -0.046100 0.035272 -0.530615 0.449479 -0.546030 -0.467191
11.151108 0.284522 -0.046100 0.035272 -0.510486 0.460581 -0.535114 -0.490839
11.155083 0.284411 -0.046211 0.035272 -0.495031 0.477153 -0.518648 -0.508206
11.159059 0.284411 -0.046211 0.035272 -0.479038 0.493207 -0.501620 -0.525021
11.163034 0.284411 -0.046323 0.035384 -0.462526 0.508725 -0.484046 -0.541266
11.167010 0.284411 -0.046323 0.035384 -0.439365 0.528777 -0.460166 -0.561783
11.170985 0.284299 -0.046323 0.035384 -0.417624 0.536064 -0.445167 -0.583140
11.174961 0.284299 -0.046434 0.035384 -0.395836 0.542433 -0.429206 -0.604039
11.178936 0.284299 -0.046546 0.035384 -0.377746 0.555182 -0.409068 -0.617855
11.182912 0.284187 -0.046546 0.035384 -0.359246 0.567328 -0.388486 -0.630999
11.186887 0.284187 -0.046658 0.035384 -0.347404 0.574786 -0.373818 -0.639680
11.190862 0.284076 -0.046658 0.035384 -0.337627 0.589829 -0.357075 -0.640786
11.194838 0.284076 -0.046658 0.035384 -0.325153 0.596910 -0.342343 -0.648672
11.198813 0.283964 -0.046769 0.035384 -0.302953 0.599552 -0.322832 -0.666736
11.202789 0.283964 -0.046769 0.035384 -0.283031 0.609209 -0.300686 -0.677012
11.206764 0.283852 -0.046881 0.035384 -0.270329 0.615111 -0.284988 -0.683624
11.210740 0.283852 -0.046881 0.035384 -0.256060 0.612720 -0.270270 -0.697109
11.214715 0.283741 -0.046992 0.035384 -0.243467 0.618073 -0.253957 -0.703005
11.218691 0.283629 -0.046992 0.035384 -0.230765 0.623188 -0.237514 -0.708499
11.222666 0.283518 -0.046992 0.035384 -0.217957 0.628065 -0.220951 -0.713589
11.226641 0.283406 -0.046992 0.035384 -0.204966 0.624458 -0.204061 -0.725534
11.230617 0.283294 -0.047104 0.035384 -0.192555 0.620547 -0.186392 -0.736955
11.234592 0.283294 -0.047104 0.035384 -0.172503 0.618182 -0.161180 -0.749743
11.238568 0.283183 -0.047104 0.035384 -0.160320 0.621995 -0.143228 -0.752932
11.242543 0.283071 -0.047104 0.035384 -0.140848 0.618557 -0.116946 -0.764116
11.246519 0.282959 -0.047104 0.035384 -0.130260 0.613418 -0.096817 -0.772901
11.250494 0.282848 -0.047104 0.035384 -0.109976 0.617378 -0.071295 -0.775672
11.254469 0.282848 -0.047104 0.035384 -0.091558 0.612306 -0.043529 -0.784094
11.258445 0.282736 -0.047104 0.035272 -0.073583 0.606627 -0.015285 -0.791427
11.262420 0.282736 -0.047216 0.035272 -0.047306 0.600180 0.019985 -0.798215
11.266396 0.282736 -0.047216 0.035272 -0.012141 0.601038 0.061639 -0.796748
11.270371 0.282625 -0.047216 0.035272 0.006935 0.591912 0.088434 -0.801106
11.274347 0.282625 -0.047216 0.035272 0.026437 0.591362 0.114785 -0.797757
11.278322 0.282625 -0.047327 0.035272 0.053681 0.579283 0.148061 -0.799767
11.282298 0.282625 -0.047327 0.035272 0.081465 0.575249 0.180666 -0.793607
11.286273 0.282513 -0.047327 0.035161 0.105389 0.561732 0.215996 -0.791642
11.290248 0.282513 -0.047439 0.035161 0.134962 0.554019 0.245568 -0.783929
11.294224 0.282513 -0.047439 0.035161 0.157739 0.538084 0.280289 -0.779116
11.298199 0.282513 -0.047439 0.035161 0.173947 0.523005 0.306191 -0.776180
11.302175 0.282513 -0.047551 0.035161 0.199487 0.513315 0.337262 -0.763523
11.306150 0.282513 -0.047551 0.035161 0.214598 0.496809 0.362590 -0.758721
11.310126 0.282513 -0.047551 0.035049 0.233694 0.487779 0.384554 -0.748049
11.314101 0.282513 -0.047551 0.035049 0.239618 0.474554 0.404051 -0.744396
11.318077 0.282513 -0.047551 0.035049 0.253163 0.456572 0.428562 -0.737418
11.322052 0.282513 -0.047662 0.034937 0.266072 0.438050 0.452677 -0.729659
11.326027 0.282513 -0.047662 0.034937 0.270385 0.424221 0.471737 -0.724150
11.330003 0.282513 -0.047662 0.034937 0.275030 0.421225 0.479664 -0.718923
11.333978 0.282513 -0.047662 0.034937 0.278680 0.407331 0.498572 -0.712633
11.337954 0.282513 -0.047662 0.034937 0.281820 0.393435 0.517371 -0.705771
11.341929 0.282513 -0.047662 0.034937 0.286126 0.390315 0.525093 -0.700045
11.345905 0.282513 -0.047662 0.034937 0.290397 0.387148 0.532753 -0.694234
11.349880 0.282513 -0.047662 0.034937 0.300246 0.367135 0.555324 -0.683139
11.353855 0.282513 -0.047662 0.034937 0.304262 0.363814 0.562796 -0.676997
11.357831 0.282513 -0.047662 0.034937 0.308240 0.360450 0.570199 -0.670773
11.361806 0.282513 -0.047662 0.034937 0.318490 0.364335 0.574102 -0.660477
11.365782 0.282513 -0.047662 0.034937 0.329640 0.354406 0.585253 -0.650548
11.369757 0.282513 -0.047662 0.035049 0.333514 0.350763 0.592364 -0.644079
11.373733 0.282513 -0.047662 0.035049 0.339897 0.357912 0.588853 -0.640016
11.377708 0.282513 -0.047662 0.035049 0.350748 0.347589 0.599704 -0.629693
11.381684 0.282401 -0.047662 0.035049 0.354545 0.343715 0.606585 -0.623067
11.385659 0.282401 -0.047662 0.035049 0.371533 0.340013 0.613525 -0.608228
11.389634 0.282401 -0.047662 0.035049 0.375246 0.335911 0.620170 -0.601451
11.393610 0.282401 -0.047662 0.035049 0.385423 0.324863 0.630347 -0.590403
11.397585 0.282401 -0.047662 0.035049 0.388969 0.320609 0.636796 -0.583442
11.401561 0.282401 -0.047662 0.035161 0.405422 0.315956 0.642929 -0.567844
11.405536 0.282290 -0.047662 0.035161 0.408869 0.311483 0.649128 -0.560747
11.409512 0.282290 -0.047662 0.035161 0.412266 0.306972 0.655250 -0.553582
11.413487 0.282290 -0.047662 0.035161 0.418911 0.297840 0.667254 -0.539051
11.417462 0.282290 -0.047662 0.035161 0.422158 0.293220 0.673136 -0.531688
11.421438 0.282290 -0.047662 0.035161 0.425354 0.288564 0.678937 -0.524261
11.425413 0.282178 -0.047774 0.035272 0.431591 0.279149 0.690291 -0.509218
11.429389 0.282178 -0.047774 0.035272 0.441856 0.280394 0.691687 -0.497706
11.433364 0.282178 -0.047774 0.035272 0.442584 0.278319 0.699439 -0.487281
11.437340 0.282178 -0.047774 0.035272 0.445615 0.273440 0.704751 -0.479567
11.441315 0.282178 -0.047774 0.035384 0.451515 0.263584 0.715117 -0.463968
11.445291 0.282178 -0.047885 0.035384 0.452246 0.261551 0.722308 -0.453140
11.449266 0.282178 -0.047885 0.035384 0.465684 0.256681 0.727366 -0.433812
11.453241 0.282178 -0.047885 0.035384 0.468476 0.251549 0.732088 -0.425794
11.457217 0.282178 -0.047997 0.035384 0.473890 0.241196 0.741266 -0.409607
11.461192 0.282178 -0.047997 0.035496 0.487088 0.235391 0.745095 -0.390090
11.465168 0.282178 -0.047997 0.035496 0.492142 0.224633 0.753486 -0.373626
11.469143 0.282178 -0.048109 0.035496 0.496958 0.213766 0.761513 -0.356981
11.473119 0.282178 -0.048109 0.035496 0.513452 0.198494 0.766119 -0.331705
11.477094 0.282178 -0.048109 0.035496 0.515602 0.192841 0.769717 -0.323269
11.481070 0.282066 -0.048220 0.035384 0.523048 0.172923 0.778580 -0.300551
11.485045 0.282066 -0.048220 0.035384 0.526721 0.161390 0.784996 -0.283372
11.489020 0.281955 -0.048220 0.035384 0.531449 0.146926 0.789723 -0.268909
11.492996 0.281955 -0.048220 0.035384 0.537279 0.126467 0.796878 -0.245605
11.496971 0.281955 -0.048220 0.035384 0.539928 0.114632 0.802082 -0.228038
11.500947 0.281843 -0.048220 0.035272 0.543530 0.099848 0.805685 -0.213254
11.504922 0.281843 -0.048220 0.035272 0.554143 0.091065 0.804615 -0.192943
11.508898 0.281732 -0.048220 0.035272 0.557099 0.076104 0.807571 -0.177983
11.512873 0.281732 -0.048220 0.035272 0.557902 0.069979 0.809477 -0.169100
11.516848 0.281732 -0.048220 0.035272 0.558637 0.063846 0.811286 -0.160197
11.520824 0.281620 -0.048220 0.035272 0.559905 0.051556 0.814610 -0.142333
11.524799 0.281620 -0.048220 0.035272 0.558938 0.054365 0.815577 -0.139524
11.528775 0.281620 -0.048220 0.035384 0.559502 0.048222 0.817060 -0.130556
11.532750 0.281620 -0.048220 0.035384 0.558628 0.051061 0.817934 -0.127717
11.536726 0.281620 -0.048220 0.035384 0.558628 0.051061 0.817934 -0.127717
11.540701 0.281620 -0.048220 0.035384 0.566615 0.056107 0.812810 -0.123042
11.544677 0.281620 -0.048109 0.035496 0.565229 0.065033 0.812145 -0.129259
11.548652 0.281620 -0.048109 0.035496 0.564553 0.067754 0.812820 -0.126539
11.552627 0.281620 -0.048109 0.035496 0.563129 0.076679 0.812027 -0.132734
11.556603 0.281620 -0.048109 0.035496 0.563129 0.076679 0.812027 -0.132734
11.560578 0.281732 -0.048109 0.035607 0.561637 0.085596 0.811136 -0.138912
11.564554 0.281732 -0.048109 0.035607 0.560077 0.094502 0.810146 -0.145074
11.568529 0.281732 -0.047997 0.035607 0.561081 0.088343 0.811691 -0.136165
11.572505 0.281732 -0.047997 0.035607 0.559551 0.097255 0.810672 -0.142321
11.576480 0.281732 -0.047997 0.035607 0.559551 0.097255 0.810672 -0.142321
11.580456 0.281732 -0.047997 0.035607 0.559551 0.097255 0.810672 -0.142321
11.584431 0.281732 -0.047997 0.035607 0.557954 0.106155 0.809554 -0.148460
11.588406 0.281732 -0.047997 0.035496 0.559087 0.100019 0.811136 -0.139557
11.592382 0.281732 -0.047997 0.035496 0.559087 0.100019 0.811136 -0.139557
11.596357 0.281732 -0.047885 0.035496 0.560152 0.093871 0.812621 -0.130637
11.600333 0.281732 -0.047885 0.035496 0.561149 0.087711 0.814007 -0.121702
11.604308 0.281732 -0.047885 0.035496 0.553074 0.080406 0.821441 -0.113484
11.608284 0.281732 -0.047997 0.035496 0.553924 0.074325 0.822638 -0.104453
11.612259 0.281732 -0.047997 0.035496 0.554707 0.068235 0.823736 -0.095409
11.616234 0.281732 -0.047997 0.035496 0.556072 0.056031 0.825634 -0.077287
11.620210 0.281732 -0.047997 0.035496 0.556654 0.049919 0.826433 -0.068212
11.624185 0.281732 -0.048109 0.035496 0.558133 0.028581 0.828096 -0.043909
11.628161 0.281620 -0.048109 0.035496 0.558626 0.016311 0.828861 -0.025705
11.632136 0.281620 -0.048109 0.035607 0.558733 0.013143 0.829131 -0.013627
11.636112 0.281620 -0.048220 0.035607 0.558863 -0.005276 0.829130 0.013703
11.640087 0.281620 -0.048220 0.035607 0.567677 -0.018010 0.822449 0.031562
11.644063 0.281508 -0.048220 0.035607 0.567144 -0.030478 0.821557 0.049625
11.648038 0.281508 -0.048220 0.035607 0.567047 -0.033917 0.820690 0.061437
11.652013 0.281508 -0.048220 0.035607 0.557159 -0.045247 0.825274 0.080313
11.655989 0.281508 -0.048220 0.035607 0.556030 -0.057478 0.823310 0.098426
11.659964 0.281397 -0.048220 0.035607 0.564815 -0.062239 0.815594 0.109164
11.663940 0.281397 -0.048220 0.035607 0.564097 -0.068440 0.814346 0.118118
11.667915 0.281397 -0.048220 0.035607 0.563917 -0.071897 0.812393 0.129794
11.671891 0.281397 -0.048220 0.035607 0.564583 -0.069174 0.811727 0.132516
11.675866 0.281397 -0.048220 0.035607 0.563789 -0.075372 0.810222 0.141426
11.679842 0.281285 -0.048220 0.035607 0.555791 -0.070310 0.815369 0.146038
11.683817 0.281285 -0.048220 0.035496 0.554985 -0.076412 0.813715 0.154987
11.687792 0.281285 -0.048220 0.035496 0.555879 -0.073579 0.812821 0.157820
11.691768 0.281285 -0.048220 0.035496 0.555037 -0.079682 0.811038 0.166740
11.695743 0.281174 -0.048220 0.035496 0.554128 -0.085775 0.809157 0.175640
11.699719 0.281174 -0.048220 0.035496 0.555146 -0.082984 0.808139 0.178431
11.703694 0.281174 -0.048109 0.035496 0.546520 -0.080008 0.813766 0.180832
11.707670 0.281174 -0.048109 0.035496 0.547660 -0.077084 0.812626 0.183756
11.711645 0.281174 -0.048109 0.035496 0.547660 -0.077084 0.812626 0.183756
11.715620 0.281062 -0.048109 0.035496 0.546780 -0.083096 0.810558 0.192672
11.719596 0.281062 -0.048109 0.035496 0.548016 -0.080212 0.809322 0.195557
11.723571 0.281062 -0.048109 0.035496 0.548016 -0.080212 0.809322 0.195557
11.727547 0.281062 -0.048109 0.035496 0.547101 -0.086227 0.807125 0.204436
11.731522 0.281062 -0.048109 0.035496 0.557710 -0.080887 0.802621 0.195489
11.735498 0.281062 -0.048109 0.035496 0.556787 -0.087010 0.800425 0.204295
11.739473 0.281062 -0.047997 0.035496 0.555798 -0.093121 0.798133 0.213076
11.743449 0.281062 -0.047997 0.035496 0.557145 -0.090474 0.796786 0.215724
11.747424 0.281062 -0.047997 0.035496 0.564247 -0.100533 0.789046 0.221188
11.751399 0.280950 -0.047997 0.035496 0.563109 -0.106725 0.786569 0.229844
11.755375 0.280950 -0.047997 0.035607 0.564488 -0.104285 0.785189 0.232284
11.759350 0.280950 -0.047997 0.035607 0.563309 -0.110481 0.782590 0.240896
11.763326 0.280950 -0.047997 0.035496 0.563546 -0.114286 0.778411 0.251856
11.767301 0.281062 -0.047997 0.035496 0.560899 -0.126640 0.772689 0.268897
11.771277 0.281062 -0.048109 0.035496 0.557981 -0.138933 0.766595 0.285809
11.775252 0.281062 -0.048109 0.035496 0.558085 -0.142798 0.761745 0.296470
11.779227 0.281062 -0.048109 0.035384 0.545784 -0.155815 0.756146 0.325706
11.783203 0.281062 -0.048220 0.035384 0.533174 -0.168160 0.749353 0.354848
11.787178 0.281062 -0.048220 0.035384 0.524473 -0.171672 0.743298 0.378106
11.791154 0.281062 -0.048220 0.035272 0.511660 -0.182756 0.734244 0.407051
11.795129 0.281062 -0.048332 0.035161 0.498632 -0.193164 0.723998 0.435753
11.799105 0.280950 -0.048332 0.035161 0.480293 -0.210709 0.710297 0.469466
11.803080 0.280950 -0.048444 0.035049 0.466625 -0.219620 0.697595 0.497382
11.807056 0.280950 -0.048444 0.035049 0.464821 -0.227383 0.683366 0.515024
11.811031 0.280950 -0.048555 0.035049 0.457075 -0.242577 0.666023 0.537264
11.815006 0.280839 -0.048555 0.035049 0.451635 -0.252561 0.654058 0.551767
11.818982 0.280839 -0.048667 0.035049 0.448607 -0.274866 0.633046 0.567850
11.822957 0.280839 -0.048778 0.035049 0.439306 -0.289499 0.613990 0.588402
11.826933 0.280727 -0.048778 0.035161 0.437903 -0.306898 0.598655 0.596378
11.830908 0.280727 -0.048890 0.035161 0.435894 -0.324332 0.583196 0.603893
11.834884 0.280727 -0.048890 0.035161 0.433276 -0.341782 0.567628 0.610946
11.838859 0.280727 -0.048890 0.035272 0.433969 -0.354481 0.558718 0.611432
11.842835 0.280615 -0.049002 0.035272 0.430322 -0.371943 0.543045 0.617725
11.846810 0.280615 -0.049002 0.035272 0.426064 -0.389365 0.527302 0.623552
11.850785 0.280615 -0.049002 0.035272 0.421761 -0.394023 0.520420 0.629307
11.854761 0.280615 -0.049002 0.035272 0.417407 -0.398632 0.513475 0.634986
11.858736 0.280615 -0.049002 0.035272 0.408548 -0.407707 0.499400 0.646115
11.862712 0.280615 -0.049002 0.035272 0.396861 -0.417554 0.487713 0.655962
11.866687 0.280615 -0.049002 0.035272 0.392250 -0.421889 0.480477 0.661280
11.870663 0.280504 -0.049002 0.035161 0.387592 -0.426172 0.473184 0.666519
11.874638 0.280504 -0.049002 0.035161 0.379524 -0.422043 0.467433 0.677752
11.878613 0.280504 -0.049002 0.035161 0.368581 -0.418757 0.464406 0.687836
11.882589 0.280504 -0.049002 0.035049 0.363959 -0.422781 0.456821 0.692896
11.886564 0.280504 -0.049002 0.035049 0.355960 -0.418232 0.450632 0.703779
11.890540 0.280504 -0.049002 0.035049 0.359108 -0.417227 0.447484 0.704784
11.894515 0.280504 -0.049002 0.035049 0.354503 -0.421147 0.439714 0.709658
11.898491 0.280504 -0.049002 0.035049 0.349855 -0.425016 0.431891 0.714446
11.902466 0.280504 -0.049002 0.035049 0.353044 -0.424150 0.428702 0.715312
11.906442 0.280504 -0.049002 0.035161 0.348363 -0.428003 0.420818 0.719979
11.910417 0.280504 -0.049002 0.035161 0.351579 -0.427242 0.417601 0.720739
11.914392 0.280504 -0.049002 0.035161 0.357213 -0.435340 0.413761 0.715318
11.918368 0.280504 -0.049113 0.035272 0.360295 -0.434752 0.410679 0.715906
11.922343 0.280504 -0.049113 0.035384 0.360529 -0.447014 0.399429 0.714600
11.926319 0.280504 -0.049113 0.035384 0.372959 -0.451022 0.401322 0.704572
11.930294 0.280504 -0.049113 0.035496 0.372117 -0.463604 0.390911 0.702701
11.934270 0.280504 -0.049113 0.035496 0.375876 -0.472145 0.388548 0.696295
11.938245 0.280504 -0.049113 0.035496 0.380806 -0.471974 0.383618 0.696465
11.942221 0.280504 -0.049113 0.035607 0.383272 -0.471971 0.381152 0.696469
11.946196 0.280504 -0.049113 0.035607 0.386149 -0.480691 0.379579 0.689743
11.950171 0.280392 -0.049113 0.035607 0.390738 -0.480936 0.374990 0.689498
11.954147 0.280392 -0.049113 0.035607 0.387718 -0.485423 0.365106 0.693352
11.958122 0.280392 -0.049113 0.035607 0.384640 -0.489952 0.355188 0.697023
11.962098 0.280392 -0.049113 0.035496 0.374422 -0.489685 0.337933 0.711209
11.966073 0.280281 -0.049113 0.035496 0.372300 -0.485603 0.325542 0.720836
11.970049 0.280281 -0.049113 0.035384 0.369515 -0.490235 0.315031 0.723799
11.974024 0.280281 -0.049113 0.035384 0.359914 -0.489628 0.296510 0.736756
11.977999 0.280169 -0.049113 0.035384 0.358684 -0.485701 0.282892 0.745260
11.981975 0.280169 -0.049225 0.035272 0.357843 -0.481908 0.268789 0.753303
11.985950 0.280169 -0.049225 0.035272 0.341769 -0.493438 0.243820 0.761751
11.989926 0.280169 -0.049337 0.035272 0.341425 -0.489788 0.229008 0.768825
11.993901 0.280169 -0.049337 0.035272 0.319579 -0.504314 0.195012 0.778143
11.997877 0.280169 -0.049448 0.035272 0.319748 -0.500856 0.179495 0.784019
12.001852 0.280057 -0.049448 0.035272 0.311725 -0.509403 0.159168 0.786131
12.005828 0.280057 -0.049560 0.035272 0.294769 -0.519398 0.133176 0.790949
12.009803 0.280057 -0.049560 0.035272 0.286210 -0.527622 0.112843 0.791812
12.013778 0.280057 -0.049671 0.035272 0.277386 -0.535782 0.092581 0.792101
12.017754 0.280057 -0.049783 0.035272 0.264014 -0.551460 0.077526 0.787514
12.021729 0.280057 -0.049895 0.035272 0.239533 -0.562526 0.042855 0.790160
12.025705 0.280057 -0.049895 0.035272 0.225718 -0.562874 0.011359 0.795044
12.029680 0.279946 -0.050006 0.035272 0.213296 -0.567698 -0.006111 0.795102
12.033656 0.279946 -0.050006 0.035272 0.197909 -0.581638 -0.020280 0.788745
12.037631 0.279946 -0.050118 0.035272 0.185082 -0.585846 -0.037605 0.788109
12.041607 0.279946 -0.050118 0.035272 0.174306 -0.592289 -0.057051 0.784574
12.045582 0.279834 -0.050118 0.035161 0.161250 -0.595976 -0.074275 0.783131
12.049557 0.279834 -0.050118 0.035161 0.148117 -0.599375 -0.091463 0.781310
12.053533 0.279722 -0.050118 0.035161 0.134913 -0.602484 -0.108607 0.779112
12.057508 0.279722 -0.050118 0.035161 0.121643 -0.605303 -0.125699 0.776538
12.061484 0.279722 -0.050118 0.035161 0.123494 -0.608041 -0.127550 0.773800
12.065459 0.279611 -0.050118 0.035161 0.116807 -0.609361 -0.136043 0.772352
12.069435 0.279499 -0.050118 0.035161 0.112068 -0.617745 -0.131349 0.767189
12.073410 0.279499 -0.050006 0.035161 0.098469 -0.620058 -0.148174 0.764118
12.077385 0.279388 -0.050006 0.035272 0.093307 -0.628007 -0.143121 0.759221
12.081361 0.279388 -0.050006 0.035272 0.087914 -0.635620 -0.137832 0.754494
12.085336 0.279276 -0.049895 0.035272 0.089192 -0.638114 -0.139111 0.752000
12.089312 0.279276 -0.049895 0.035384 0.091657 -0.646684 -0.126368 0.746612
12.093287 0.279164 -0.049783 0.035384 0.085662 -0.653406 -0.120437 0.742441
12.097263 0.279164 -0.049783 0.035384 0.086616 -0.655680 -0.121390 0.740166
12.101238 0.279053 -0.049783 0.035496 0.081109 -0.664054 -0.115943 0.734173
12.105214 0.279053 -0.049783 0.035496 0.074529 -0.669752 -0.109418 0.730688
12.109189 0.278941 -0.049783 0.035496 0.067791 -0.672565 -0.118063 0.727407
12.113164 0.278941 -0.049783 0.035607 0.061395 -0.679549 -0.111740 0.722467
12.117140 0.278829 -0.049783 0.035607 0.046769 -0.684638 -0.112602 0.718612
12.121115 0.278829 -0.049783 0.035607 0.047438 -0.688156 -0.113271 0.715095
12.125091 0.278718 -0.049783 0.035607 0.032545 -0.690806 -0.129193 0.710660
12.129066 0.278718 -0.049895 0.035607 0.017519 -0.693137 -0.144935 0.705866
12.133042 0.278606 -0.049895 0.035607 0.002367 -0.695143 -0.160489 0.700723
12.137017 0.278606 -0.049895 0.035607 -0.012904 -0.696818 -0.175848 0.695238
12.140993 0.278495 -0.050006 0.035607 -0.020440 -0.697642 -0.198559 0.688079
12.144968 0.278495 -0.050006 0.035607 -0.035933 -0.698977 -0.213459 0.681598
12.148943 0.278383 -0.050006 0.035607 -0.059223 -0.699353 -0.235528 0.672253
12.152919 0.278383 -0.050118 0.035496 -0.074420 -0.697450 -0.264874 0.661715
12.156894 0.278271 -0.050229 0.035496 -0.097847 -0.696692 -0.286051 0.650554
12.160870 0.278271 -0.050229 0.035496 -0.113010 -0.694112 -0.314399 0.637645
12.164845 0.278160 -0.050341 0.035496 -0.128101 -0.691204 -0.342159 0.623502
12.168821 0.278160 -0.050341 0.035496 -0.144078 -0.690549 -0.354954 0.613508
12.172796 0.278048 -0.050453 0.035384 -0.152580 -0.691266 -0.374019 0.599149
12.176771 0.278048 -0.050453 0.035384 -0.175276 -0.685863 -0.393560 0.586499
12.180747 0.278048 -0.050564 0.035384 -0.190334 -0.681889 -0.418930 0.568593
12.184722 0.277937 -0.050564 0.035384 -0.212701 -0.675247 -0.437440 0.554479
12.188698 0.277937 -0.050676 0.035384 -0.214197 -0.677873 -0.448037 0.542099
12.192673 0.277937 -0.050676 0.035384 -0.221780 -0.675645 -0.465582 0.526830
12.196649 0.277937 -0.050676 0.035384 -0.230882 -0.675810 -0.469649 0.519042
12.200624 0.277825 -0.050788 0.035384 -0.245675 -0.670574 -0.480939 0.508598
12.204600 0.277825 -0.050788 0.035384 -0.254863 -0.670380 -0.484662 0.500738
12.208575 0.277713 -0.050788 0.035384 -0.262212 -0.667539 -0.490134 0.495384
12.212550 0.277713 -0.050788 0.035384 -0.264131 -0.670022 -0.488215 0.492901
12.216526 0.277713 -0.050788 0.035384 -0.271476 -0.667080 -0.493601 0.487507
12.220501 0.277713 -0.050788 0.035384 -0.280136 -0.665854 -0.486628 0.491280
12.224477 0.277602 -0.050788 0.035384 -0.287434 -0.662736 -0.491996 0.485904
12.228452 0.277602 -0.050788 0.035496 -0.282079 -0.668101 -0.484685 0.489032
12.232428 0.277490 -0.050676 0.035496 -0.295875 -0.661039 -0.485176 0.489990
12.236403 0.277490 -0.050676 0.035496 -0.302314 -0.657036 -0.480264 0.496243
12.240378 0.277490 -0.050676 0.035496 -0.304102 -0.658971 -0.478476 0.494307
12.244354 0.277378 -0.050676 0.035496 -0.317564 -0.651316 -0.479092 0.495390
12.248329 0.277378 -0.050676 0.035496 -0.317564 -0.651316 -0.479092 0.495390
12.252305 0.277378 -0.050676 0.035496 -0.324700 -0.647788 -0.484506 0.490097
12.256280 0.277378 -0.050676 0.035496 -0.330855 -0.643367 -0.479732 0.496460
12.260256 0.277378 -0.050676 0.035496 -0.337903 -0.639693 -0.485157 0.491159
12.264231 0.277378 -0.050676 0.035607 -0.350924 -0.631310 -0.485831 0.492207
12.268207 0.277378 -0.050676 0.035607 -0.357839 -0.627417 -0.491209 0.486840
12.272182 0.277267 -0.050676 0.035607 -0.364710 -0.623447 -0.496528 0.481414
12.276157 0.277267 -0.050676 0.035607 -0.377351 -0.614501 -0.497248 0.482431
12.280133 0.277267 -0.050788 0.035607 -0.384079 -0.610318 -0.502518 0.476939
12.284108 0.277267 -0.050788 0.035607 -0.397396 -0.601732 -0.512876 0.465783
12.288084 0.277267 -0.050788 0.035607 -0.403982 -0.597330 -0.517962 0.460121
12.292059 0.277267 -0.050788 0.035607 -0.410520 -0.592856 -0.522985 0.454402
12.296035 0.277267 -0.050788 0.035607 -0.417009 -0.588310 -0.527946 0.448629
12.300010 0.277155 -0.050899 0.035607 -0.428815 -0.578288 -0.528752 0.449579
12.303986 0.277155 -0.050899 0.035607 -0.436580 -0.574608 -0.532222 0.442677
12.307961 0.277155 -0.050899 0.035607 -0.442867 -0.569777 -0.537053 0.436803
12.311936 0.277155 -0.050899 0.035607 -0.444050 -0.570555 -0.545546 0.423870
12.315912 0.277044 -0.051011 0.035607 -0.450292 -0.565642 -0.550170 0.417851
12.319887 0.277044 -0.051011 0.035607 -0.456479 -0.560661 -0.554727 0.411782
12.323863 0.277044 -0.051011 0.035607 -0.462611 -0.555612 -0.559217 0.405663
12.327838 0.276932 -0.051011 0.035607 -0.458126 -0.561722 -0.553080 0.410721
12.331814 0.276932 -0.051011 0.035607 -0.464270 -0.556655 -0.557559 0.404620
12.335789 0.276932 -0.051011 0.035607 -0.465650 -0.557437 -0.565173 0.391170
12.339764 0.276820 -0.051011 0.035496 -0.471746 -0.552287 -0.569436 0.384937
12.343740 0.276820 -0.051011 0.035496 -0.477785 -0.547071 -0.573631 0.378658
12.347715 0.276820 -0.050899 0.035496 -0.477785 -0.547071 -0.573631 0.378658
12.351691 0.276820 -0.050899 0.035496 -0.483178 -0.541379 -0.586630 0.359601
12.355666 0.276820 -0.050899 0.035496 -0.483178 -0.541379 -0.586630 0.359601
12.359642 0.276709 -0.050899 0.035384 -0.484453 -0.541994 -0.593350 0.345664
12.363617 0.276820 -0.050899 0.035384 -0.484453 -0.541994 -0.593350 0.345664
12.367593 0.276820 -0.050899 0.035384 -0.490378 -0.536639 -0.597111 0.339124
12.371568 0.276820 -0.050899 0.035384 -0.490378 -0.536639 -0.597111 0.339124
12.375543 0.276820 -0.050899 0.035384 -0.489355 -0.535959 -0.605686 0.326226
12.379519 0.276820 -0.050899 0.035384 -0.495214 -0.530551 -0.609233 0.319552
12.383494 0.276820 -0.050899 0.035384 -0.495214 -0.530551 -0.609233 0.319552
12.387470 0.276820 -0.050899 0.035272 -0.495214 -0.530551 -0.609233 0.319552
12.391445 0.276932 -0.050899 0.035272 -0.501013 -0.525078 -0.612707 0.312840
12.395421 0.276932 -0.050899 0.035272 -0.501013 -0.525078 -0.612707 0.312840
12.399396 0.276932 -0.050899 0.035272 -0.501013 -0.525078 -0.612707 0.312840
12.403372 0.276932 -0.050899 0.035384 -0.506751 -0.519542 -0.616107 0.306090
12.407347 0.276932 -0.050899 0.035384 -0.506751 -0.519542 -0.616107 0.306090
12.411322 0.276932 -0.050899 0.035384 -0.512428 -0.513944 -0.619433 0.299303
12.415298 0.276932 -0.050899 0.035384 -0.512428 -0.513944 -0.619433 0.299303
12.419273 0.276932 -0.050899 0.035384 -0.514799 -0.515093 -0.617062 0.298153
12.423249 0.276932 -0.050899 0.035384 -0.519102 -0.508906 -0.614830 0.305829
12.427224 0.276932 -0.050899 0.035384 -0.524662 -0.503172 -0.618153 0.299056
12.431200 0.276932 -0.051011 0.035384 -0.526916 -0.504175 -0.615899 0.298053
12.435175 0.276932 -0.051011 0.035384 -0.526916 -0.504175 -0.615899 0.298053
12.439150 0.276932 -0.051011 0.035384 -0.532423 -0.498356 -0.619137 0.291269
12.443126 0.276932 -0.051011 0.035384 -0.532423 -0.498356 -0.619137 0.291269
12.447101 0.276932 -0.051011 0.035384 -0.537865 -0.492476 -0.622299 0.284450
12.451077 0.276932 -0.051011 0.035384 -0.537865 -0.492476 -0.622299 0.284450
12.455052 0.276932 -0.051011 0.035384 -0.543243 -0.486538 -0.625387 0.277596
12.459028 0.276932 -0.051011 0.035384 -0.547049 -0.480045 -0.623575 0.285392
12.463003 0.276932 -0.051011 0.035384 -0.547049 -0.480045 -0.623575 0.285392
12.466979 0.276932 -0.051011 0.035384 -0.552290 -0.474006 -0.626672 0.278524
12.470954 0.276932 -0.051011 0.035384 -0.552290 -0.474006 -0.626672 0.278524
12.474929 0.276932 -0.051011 0.035384 -0.552290 -0.474006 -0.626672 0.278524
12.478905 0.276932 -0.051011 0.035384 -0.557464 -0.467910 -0.629695 0.271623
12.482880 0.276820 -0.051011 0.035384 -0.557464 -0.467910 -0.629695 0.271623
12.486856 0.276820 -0.051011 0.035384 -0.557464 -0.467910 -0.629695 0.271623
12.490831 0.276820 -0.051011 0.035384 -0.562571 -0.461757 -0.632641 0.264688
12.494807 0.276820 -0.051011 0.035384 -0.562571 -0.461757 -0.632641 0.264688
12.498782 0.276820 -0.051011 0.035384 -0.562571 -0.461757 -0.632641 0.264688
12.502758 0.276820 -0.051011 0.035384 -0.562571 -0.461757 -0.632641 0.264688
12.506733 0.276820 -0.051011 0.035384 -0.566093 -0.455087 -0.631010 0.272508
12.510708 0.276820 -0.051011 0.035384 -0.571058 -0.448841 -0.633966 0.265559
12.514684 0.276820 -0.051011 0.035384 -0.571058 -0.448841 -0.633966 0.265559
12.518659 0.276820 -0.051011 0.035384 -0.571058 -0.448841 -0.633966 0.265559
12.522635 0.276820 -0.051011 0.035384 -0.571058 -0.448841 -0.633966 0.265559
12.526610 0.276820 -0.051011 0.035384 -0.571058 -0.448841 -0.633966 0.265559
12.530586 0.276709 -0.051011 0.035384 -0.575955 -0.442540 -0.636845 0.258578
12.534561 0.276709 -0.051011 0.035384 -0.578761 -0.435517 -0.641669 0.252235
12.538536 0.276709 -0.051011 0.035384 -0.578761 -0.435517 -0.641669 0.252235
12.542512 0.276709 -0.051011 0.035384 -0.582151 -0.428735 -0.640059 0.260021
12.546487 0.276709 -0.051011 0.035384 -0.582151 -0.428735 -0.640059 0.260021
12.550463 0.276709 -0.051011 0.035384 -0.589570 -0.415225 -0.647478 0.246511
12.554438 0.276709 -0.051011 0.035384 -0.589570 -0.415225 -0.647478 0.246511
12.558414 0.276709 -0.051011 0.035384 -0.592243 -0.408087 -0.652000 0.240019
12.562389 0.276709 -0.051011 0.035384 -0.592243 -0.408087 -0.652000 0.240019
12.566365 0.276820 -0.051011 0.035384 -0.594844 -0.400899 -0.656444 0.233498
12.570340 0.276820 -0.051011 0.035384 -0.591273 -0.407664 -0.658192 0.225809
12.574315 0.276820 -0.051011 0.035384 -0.593718 -0.400409 -0.662631 0.219300
12.578291 0.276820 -0.051011 0.035384 -0.600374 -0.386532 -0.669287 0.205423
12.582266 0.276820 -0.051011 0.035384 -0.604039 -0.379767 -0.667475 0.213053
12.586242 0.276820 -0.051011 0.035384 -0.606343 -0.372411 -0.671607 0.206404
12.590217 0.276820 -0.051011 0.035384 -0.608574 -0.365010 -0.675658 0.199730
12.594193 0.276932 -0.051011 0.035384 -0.608574 -0.365010 -0.675658 0.199730
12.598168 0.276932 -0.051011 0.035384 -0.610732 -0.357565 -0.679627 0.193032
12.602143 0.276932 -0.051122 0.035384 -0.610732 -0.357565 -0.679627 0.193032
12.606119 0.276932 -0.051122 0.035384 -0.612815 -0.350077 -0.683514 0.186311
12.610094 0.276932 -0.051122 0.035384 -0.616738 -0.343355 -0.681324 0.193749
12.614070 0.276932 -0.051122 0.035384 -0.622482 -0.329031 -0.687068 0.179425
12.618045 0.276932 -0.051122 0.035496 -0.624415 -0.321463 -0.690641 0.172575
12.622021 0.276932 -0.051122 0.035496 -0.624415 -0.321463 -0.690641 0.172575
12.625996 0.276932 -0.051122 0.035496 -0.626274 -0.313856 -0.694131 0.165705
12.629972 0.276932 -0.051122 0.035496 -0.632153 -0.299509 -0.695049 0.166081
12.633947 0.276932 -0.051122 0.035496 -0.632153 -0.299509 -0.695049 0.166081
12.637922 0.276932 -0.051122 0.035496 -0.633940 -0.291855 -0.698298 0.159127
12.641898 0.276932 -0.051122 0.035496 -0.631394 -0.290812 -0.704096 0.144977
12.645873 0.276932 -0.051122 0.035384 -0.632949 -0.283059 -0.707249 0.138032
12.649849 0.276932 -0.051122 0.035384 -0.634427 -0.275272 -0.710316 0.131070
12.653824 0.276932 -0.051122 0.035384 -0.635829 -0.267452 -0.713297 0.124092
12.657800 0.276932 -0.051234 0.035384 -0.632510 -0.266092 -0.719030 0.110104
12.661775 0.276932 -0.051234 0.035384 -0.633681 -0.258176 -0.721910 0.103149
12.665751 0.276932 -0.051234 0.035384 -0.634776 -0.250230 -0.724702 0.096181
12.669726 0.276932 -0.051234 0.035384 -0.638418 -0.235253 -0.728344 0.081205
12.673701 0.276932 -0.051234 0.035272 -0.634318 -0.233626 -0.733841 0.067359
12.677677 0.276932 -0.051234 0.035272 -0.635645 -0.217446 -0.738797 0.053406
12.681652 0.276932 -0.051234 0.035272 -0.636193 -0.209316 -0.741141 0.046420
12.685628 0.276932 -0.051234 0.035272 -0.636193 -0.209316 -0.741141 0.046420
12.689603 0.276932 -0.051234 0.035272 -0.638836 -0.194155 -0.743784 0.031258
12.693579 0.276932 -0.051234 0.035272 -0.639141 -0.185972 -0.745873 0.024238
12.697554 0.276932 -0.051234 0.035272 -0.639369 -0.177766 -0.747871 0.017215
12.701529 0.276932 -0.051234 0.035272 -0.639519 -0.169539 -0.749778 0.010190
12.705505 0.276932 -0.051234 0.035272 -0.639593 -0.161292 -0.751596 0.003163
12.709480 0.276932 -0.051346 0.035272 -0.641231 -0.145989 -0.753234 -0.012140
12.713456 0.276932 -0.051346 0.035272 -0.641059 -0.137706 -0.754793 -0.019183
12.717431 0.276932 -0.051346 0.035272 -0.641059 -0.137706 -0.754793 -0.019183
12.721407 0.276932 -0.051346 0.035272 -0.640810 -0.129405 -0.756260 -0.026225
12.725382 0.276932 -0.051346 0.035272 -0.634730 -0.127144 -0.761180 -0.039458
12.729358 0.276932 -0.051346 0.035272 -0.634258 -0.118774 -0.762531 -0.046428
12.733333 0.276932 -0.051346 0.035272 -0.633710 -0.110390 -0.763790 -0.053394
