0.000000 0.252487 0.033375 0.036500 -0.582269 -0.461063 -0.655153 0.138416
0.002540 0.252487 0.033375 0.036500 -0.582269 -0.461063 -0.655153 0.138416
0.005081 0.252487 0.033375 0.036500 -0.582269 -0.461063 -0.655153 0.138416
0.007621 0.252487 0.033375 0.036500 -0.582269 -0.461063 -0.655153 0.138416
0.010161 0.252487 0.033375 0.036500 -0.580713 -0.468233 -0.650048 0.144804
0.012702 0.252487 0.033375 0.036500 -0.580713 -0.468233 -0.650048 0.144804
0.015242 0.252487 0.033375 0.036500 -0.580713 -0.468233 -0.650048 0.144804
0.017783 0.252487 0.033263 0.036500 -0.580713 -0.468233 -0.650048 0.144804
0.020323 0.252487 0.033263 0.036500 -0.580713 -0.468233 -0.650048 0.144804
0.022863 0.252487 0.033263 0.036500 -0.583887 -0.461630 -0.650052 0.152991
0.025404 0.252487 0.033263 0.036500 -0.583887 -0.461630 -0.650052 0.152991
0.027944 0.252487 0.033263 0.036500 -0.583887 -0.461630 -0.650052 0.152991
0.030484 0.252487 0.033263 0.036500 -0.583887 -0.461630 -0.650052 0.152991
0.033025 0.252487 0.033263 0.036500 -0.583887 -0.461630 -0.650052 0.152991
0.035565 0.252487 0.033263 0.036500 -0.582171 -0.468744 -0.644941 0.159396
0.038106 0.252487 0.033263 0.036500 -0.582171 -0.468744 -0.644941 0.159396
0.040646 0.252487 0.033263 0.036500 -0.582171 -0.468744 -0.644941 0.159396
0.043186 0.252487 0.033263 0.036500 -0.582171 -0.468744 -0.644941 0.159396
0.045727 0.252487 0.033263 0.036500 -0.585186 -0.462084 -0.644940 0.167598
0.048267 0.252487 0.033263 0.036500 -0.585186 -0.462084 -0.644940 0.167598
0.050807 0.252487 0.033263 0.036500 -0.588428 -0.462705 -0.641697 0.166977
0.053348 0.252487 0.033263 0.036500 -0.588428 -0.462705 -0.641697 0.166977
0.055888 0.252487 0.033263 0.036500 -0.588428 -0.462705 -0.641697 0.166977
0.058429 0.252487 0.033263 0.036500 -0.588428 -0.462705 -0.641697 0.166977
0.060969 0.252487 0.033263 0.036500 -0.593476 -0.456213 -0.643493 0.159917
0.063509 0.252599 0.033263 0.036500 -0.591683 -0.463255 -0.638442 0.166427
0.066050 0.252599 0.033263 0.036500 -0.599277 -0.449924 -0.640572 0.167640
0.068590 0.252599 0.033263 0.036388 -0.604184 -0.443313 -0.642375 0.160593
0.071130 0.252599 0.033263 0.036388 -0.607294 -0.443698 -0.639265 0.160208
0.073671 0.252710 0.033263 0.036388 -0.614282 -0.430071 -0.641596 0.161403
0.076211 0.252710 0.033263 0.036388 -0.617237 -0.430339 -0.638641 0.161135
0.078752 0.252710 0.033263 0.036388 -0.621927 -0.423532 -0.640373 0.154109
0.081292 0.252710 0.033263 0.036388 -0.629507 -0.416811 -0.639064 0.146927
0.083832 0.252822 0.033263 0.036388 -0.635558 -0.402810 -0.641776 0.148100
0.086373 0.252822 0.033263 0.036277 -0.638356 -0.402848 -0.638978 0.148062
0.088913 0.252933 0.033263 0.036277 -0.645542 -0.395756 -0.637767 0.141088
0.091453 0.252933 0.033263 0.036277 -0.649851 -0.388640 -0.639279 0.134073
0.093994 0.252933 0.033263 0.036277 -0.656875 -0.381299 -0.637920 0.127219
0.096534 0.253045 0.033263 0.036277 -0.659664 -0.381060 -0.635131 0.127458
0.099075 0.253045 0.033375 0.036277 -0.667877 -0.366475 -0.637778 0.113473
0.101615 0.253157 0.033375 0.036277 -0.670368 -0.373175 -0.632581 0.105778
0.104155 0.253157 0.033375 0.036277 -0.678405 -0.358356 -0.634752 0.091855
0.106696 0.253268 0.033375 0.036277 -0.681281 -0.364838 -0.628991 0.084383
0.109236 0.253268 0.033375 0.036388 -0.688315 -0.356689 -0.626812 0.078110
0.111776 0.253380 0.033375 0.036388 -0.692379 -0.356021 -0.624380 0.063328
0.114317 0.253380 0.033375 0.036388 -0.700034 -0.340723 -0.625620 0.049595
0.116857 0.253491 0.033375 0.036388 -0.703639 -0.346695 -0.618769 0.042667
0.119398 0.253491 0.033375 0.036388 -0.707405 -0.338943 -0.619200 0.035866
0.121938 0.253491 0.033375 0.036388 -0.711287 -0.344669 -0.611901 0.029175
0.124478 0.253603 0.033263 0.036388 -0.718688 -0.328958 -0.612394 0.015724
0.127019 0.253603 0.033263 0.036388 -0.722898 -0.334374 -0.604586 0.009376
0.129559 0.253715 0.033263 0.036388 -0.726528 -0.326412 -0.604653 0.002734
0.132099 0.253715 0.033263 0.036500 -0.730070 -0.318411 -0.604647 -0.003909
0.134640 0.253715 0.033263 0.036500 -0.733595 -0.316994 -0.601121 -0.002493
0.137180 0.253826 0.033263 0.036500 -0.740511 -0.307383 -0.597580 -0.007564
0.139721 0.253826 0.033263 0.036500 -0.745128 -0.305641 -0.592379 -0.021348
0.142261 0.253826 0.033263 0.036500 -0.748441 -0.297437 -0.592108 -0.027854
0.144801 0.253938 0.033263 0.036500 -0.755198 -0.287401 -0.588231 -0.032562
0.147342 0.253938 0.033263 0.036500 -0.759620 -0.264468 -0.592914 -0.038568
0.149882 0.254050 0.033263 0.036500 -0.762928 -0.262600 -0.589605 -0.036700
0.152422 0.254050 0.033263 0.036500 -0.770504 -0.251922 -0.582824 -0.056348
0.154963 0.254161 0.033263 0.036500 -0.776566 -0.241306 -0.578829 -0.060611
0.157503 0.254161 0.033151 0.036500 -0.784096 -0.215585 -0.576517 -0.079653
0.160044 0.254273 0.033151 0.036500 -0.789610 -0.204606 -0.572415 -0.083630
0.162584 0.254273 0.033151 0.036500 -0.793914 -0.187209 -0.570439 -0.096187
0.165124 0.254384 0.033151 0.036500 -0.800867 -0.167164 -0.565158 -0.106140
0.167665 0.254496 0.033151 0.036500 -0.805940 -0.140682 -0.561353 -0.124706
0.170205 0.254496 0.033151 0.036500 -0.813377 -0.119435 -0.549653 -0.148438
0.172745 0.254608 0.033040 0.036500 -0.817519 -0.107531 -0.545111 -0.151507
0.175286 0.254608 0.033040 0.036500 -0.820618 -0.080533 -0.539822 -0.169387
0.177826 0.254608 0.033040 0.036500 -0.828533 -0.064215 -0.525431 -0.182571
0.180367 0.254719 0.033040 0.036500 -0.829743 -0.045996 -0.521293 -0.194071
0.182907 0.254719 0.033040 0.036500 -0.833078 -0.024281 -0.514379 -0.202004
0.185447 0.254831 0.033040 0.036500 -0.829301 -0.001456 -0.518089 -0.209384
0.187988 0.254831 0.032928 0.036500 -0.831508 0.011124 -0.513517 -0.211594
0.190528 0.254831 0.032928 0.036500 -0.833460 0.023799 -0.509036 -0.213682
0.193068 0.254943 0.032928 0.036388 -0.832736 0.042105 -0.504218 -0.224814
0.195609 0.254943 0.032928 0.036388 -0.830055 0.049633 -0.510869 -0.218079
0.198149 0.255054 0.032928 0.036388 -0.831233 0.062296 -0.506669 -0.220131
0.200690 0.255054 0.032928 0.036388 -0.827992 0.069421 -0.513709 -0.213808
0.203230 0.255166 0.032928 0.036388 -0.828689 0.082000 -0.509819 -0.215952
0.205770 0.255166 0.032928 0.036388 -0.830122 0.085519 -0.508386 -0.212433
0.208311 0.255277 0.032928 0.036388 -0.831478 0.089069 -0.507030 -0.208883
0.210851 0.255389 0.032928 0.036388 -0.832755 0.092648 -0.505753 -0.205304
0.213391 0.255389 0.032928 0.036388 -0.832845 0.105410 -0.502309 -0.207229
0.215932 0.255501 0.032928 0.036388 -0.833924 0.109053 -0.501230 -0.203586
0.218472 0.255612 0.032817 0.036388 -0.834922 0.112719 -0.500232 -0.199920
0.221013 0.255724 0.032817 0.036388 -0.841268 0.114228 -0.490105 -0.197526
0.223553 0.255836 0.032817 0.036388 -0.840793 0.127340 -0.487076 -0.199021
0.226093 0.255947 0.032817 0.036500 -0.846954 0.129424 -0.476984 -0.195972
0.228634 0.255947 0.032817 0.036500 -0.852982 0.131832 -0.466866 -0.192558
0.231174 0.256059 0.032817 0.036500 -0.857335 0.143990 -0.454632 -0.193790
0.233714 0.256170 0.032817 0.036612 -0.861358 0.156577 -0.442434 -0.194416
0.236255 0.256282 0.032817 0.036612 -0.865029 0.169582 -0.430302 -0.194441
0.238795 0.256394 0.032705 0.036612 -0.865250 0.174360 -0.430081 -0.189662
0.241336 0.256505 0.032705 0.036723 -0.868388 0.187939 -0.418196 -0.188925
0.243876 0.256505 0.032705 0.036723 -0.864050 0.206973 -0.413944 -0.198067
0.246416 0.256617 0.032593 0.036723 -0.866470 0.220996 -0.402222 -0.196488
0.248957 0.256729 0.032593 0.036723 -0.863609 0.235595 -0.400420 -0.195802
0.251497 0.256840 0.032593 0.036723 -0.860968 0.245069 -0.398245 -0.200189
0.254037 0.256952 0.032482 0.036723 -0.857619 0.259584 -0.396626 -0.199481
0.256578 0.257063 0.032482 0.036723 -0.853944 0.274039 -0.395182 -0.198777
0.259118 0.257063 0.032482 0.036723 -0.848187 0.278611 -0.405641 -0.195986
0.261658 0.257175 0.032482 0.036723 -0.841861 0.297179 -0.401237 -0.204851
0.264199 0.257287 0.032482 0.036612 -0.835863 0.301248 -0.411746 -0.202604
0.266739 0.257398 0.032370 0.036612 -0.829735 0.304940 -0.422234 -0.200672
0.269280 0.257510 0.032370 0.036612 -0.828541 0.309404 -0.423429 -0.196208
0.271820 0.257621 0.032370 0.036612 -0.820054 0.317283 -0.430476 -0.203799
0.274360 0.257733 0.032370 0.036500 -0.818760 0.321549 -0.431769 -0.199533
0.276901 0.257845 0.032370 0.036500 -0.812335 0.324230 -0.442234 -0.198535
0.279441 0.257956 0.032370 0.036500 -0.807198 0.322635 -0.451258 -0.201750
0.281981 0.258068 0.032370 0.036500 -0.805827 0.326531 -0.452629 -0.197854
0.284522 0.258180 0.032370 0.036500 -0.805827 0.326531 -0.452629 -0.197854
0.287062 0.258291 0.032370 0.036500 -0.804371 0.330395 -0.454086 -0.193990
0.289603 0.258291 0.032370 0.036500 -0.804371 0.330395 -0.454086 -0.193990
0.292143 0.258403 0.032370 0.036500 -0.804371 0.330395 -0.454086 -0.193990
0.294683 0.258514 0.032370 0.036500 -0.800693 0.339212 -0.451927 -0.198967
0.297224 0.258514 0.032259 0.036500 -0.805696 0.341171 -0.443054 -0.195346
0.299764 0.258514 0.032259 0.036500 -0.801899 0.350002 -0.440882 -0.200201
0.302304 0.258626 0.032259 0.036612 -0.806783 0.351973 -0.431996 -0.196459
0.304845 0.258626 0.032259 0.036612 -0.806783 0.351973 -0.431996 -0.196459
0.307385 0.258626 0.032259 0.036612 -0.807633 0.362796 -0.420916 -0.197329
0.309926 0.258626 0.032259 0.036723 -0.812300 0.364733 -0.411969 -0.193441
0.312466 0.258626 0.032147 0.036723 -0.810126 0.369237 -0.407937 -0.202353
0.315006 0.258626 0.032147 0.036723 -0.812793 0.375578 -0.400867 -0.193945
0.317547 0.258626 0.032147 0.036723 -0.812793 0.375578 -0.400867 -0.193945
0.320087 0.258626 0.032147 0.036835 -0.817243 0.377476 -0.391865 -0.189911
0.322627 0.258626 0.032147 0.036835 -0.821595 0.379329 -0.382817 -0.185855
0.325168 0.258738 0.032147 0.036835 -0.821595 0.379329 -0.382817 -0.185855
0.327708 0.258738 0.032147 0.036835 -0.821611 0.390185 -0.371703 -0.185871
0.330249 0.258738 0.032147 0.036835 -0.821611 0.390185 -0.371703 -0.185871
0.332789 0.258738 0.032147 0.036947 -0.823603 0.386078 -0.375967 -0.176834
0.335329 0.258738 0.032147 0.036947 -0.827690 0.387984 -0.366893 -0.172588
0.337870 0.258738 0.032147 0.036947 -0.827690 0.387984 -0.366893 -0.172588
0.340410 0.258738 0.032147 0.036947 -0.829537 0.383930 -0.371133 -0.163484
0.342950 0.258849 0.032147 0.036947 -0.833477 0.385889 -0.362036 -0.159174
0.345491 0.258849 0.032147 0.036947 -0.833477 0.385889 -0.362036 -0.159174
0.348031 0.258849 0.032147 0.036947 -0.835175 0.381888 -0.366254 -0.150008
0.350572 0.258849 0.032147 0.036947 -0.830929 0.391040 -0.364584 -0.154022
0.353112 0.258849 0.032147 0.036947 -0.832571 0.387012 -0.368858 -0.144884
0.355652 0.258849 0.032147 0.036947 -0.836291 0.389165 -0.359810 -0.140372
0.358193 0.258849 0.032147 0.036947 -0.836291 0.389165 -0.359810 -0.140372
0.360733 0.258961 0.032147 0.036947 -0.833500 0.394370 -0.362601 -0.135167
0.363273 0.258961 0.032147 0.036947 -0.833500 0.394370 -0.362601 -0.135167
0.365814 0.258961 0.032147 0.036947 -0.833500 0.394370 -0.362601 -0.135167
0.368354 0.258961 0.032147 0.036947 -0.834935 0.390362 -0.366912 -0.126002
0.370895 0.258961 0.032147 0.036947 -0.830596 0.399512 -0.365505 -0.130026
0.373435 0.258961 0.032147 0.036947 -0.830596 0.399512 -0.365505 -0.130026
0.375975 0.258961 0.032147 0.036947 -0.827580 0.404588 -0.368522 -0.124949
0.378516 0.258961 0.032035 0.036947 -0.827580 0.404588 -0.368522 -0.124949
0.381056 0.259073 0.032035 0.036947 -0.828902 0.400515 -0.372944 -0.115849
0.383596 0.259073 0.032035 0.036947 -0.825470 0.397851 -0.381730 -0.120813
0.386137 0.259073 0.032035 0.036947 -0.822373 0.402693 -0.384827 -0.115972
0.388677 0.259073 0.032035 0.036947 -0.823598 0.398441 -0.389227 -0.106930
0.391218 0.259184 0.032035 0.036835 -0.820208 0.395500 -0.397849 -0.112051
0.393758 0.259184 0.031924 0.036835 -0.821389 0.391105 -0.402170 -0.103033
0.396298 0.259184 0.031924 0.036835 -0.814833 0.392463 -0.413834 -0.103739
0.398839 0.259296 0.031924 0.036835 -0.815923 0.387893 -0.418121 -0.094780
0.401379 0.259296 0.031812 0.036723 -0.813593 0.379832 -0.430682 -0.091148
0.403919 0.259407 0.031812 0.036723 -0.811183 0.371497 -0.443063 -0.087568
0.406460 0.259407 0.031812 0.036723 -0.812096 0.366607 -0.447118 -0.078651
0.409000 0.259519 0.031812 0.036612 -0.809569 0.357868 -0.459217 -0.075153
0.411541 0.259519 0.031700 0.036612 -0.803085 0.357710 -0.470306 -0.076882
0.414081 0.259631 0.031700 0.036612 -0.800508 0.348420 -0.482047 -0.073627
0.416621 0.259631 0.031700 0.036612 -0.801269 0.343103 -0.485845 -0.064828
0.419162 0.259742 0.031589 0.036500 -0.798587 0.333431 -0.497273 -0.061659
0.421702 0.259854 0.031589 0.036500 -0.796431 0.317904 -0.512010 -0.049803
0.424242 0.259854 0.031589 0.036500 -0.793580 0.307619 -0.522889 -0.046786
0.426783 0.259966 0.031589 0.036500 -0.794046 0.301856 -0.526237 -0.038065
0.429323 0.260077 0.031589 0.036388 -0.791096 0.291217 -0.536772 -0.035144
0.431864 0.260077 0.031477 0.036388 -0.788252 0.293980 -0.539616 -0.032381
0.434404 0.260189 0.031477 0.036388 -0.788560 0.288034 -0.542813 -0.023719
0.436944 0.260189 0.031477 0.036388 -0.785607 0.276911 -0.552901 -0.021041
0.439485 0.260300 0.031477 0.036388 -0.785791 0.270820 -0.555910 -0.012409
0.442025 0.260300 0.031477 0.036388 -0.785880 0.264696 -0.558851 -0.003776
0.444565 0.260412 0.031477 0.036388 -0.785874 0.258540 -0.561726 0.004858
0.447106 0.260412 0.031477 0.036388 -0.785773 0.252354 -0.564532 0.013492
0.449646 0.260524 0.031477 0.036388 -0.785577 0.246136 -0.567270 0.022123
0.452187 0.260635 0.031477 0.036388 -0.785577 0.246136 -0.567270 0.022123
0.454727 0.260635 0.031477 0.036388 -0.788052 0.245479 -0.563338 0.036935
0.457267 0.260747 0.031477 0.036388 -0.787599 0.239276 -0.566001 0.045590
0.459808 0.260747 0.031477 0.036388 -0.787599 0.239276 -0.566001 0.045590
0.462348 0.260859 0.031477 0.036388 -0.787050 0.233043 -0.568596 0.054240
0.464888 0.260859 0.031477 0.036500 -0.789584 0.238749 -0.562049 0.060475
0.467429 0.260970 0.031477 0.036500 -0.788872 0.232560 -0.564638 0.069146
0.469969 0.260970 0.031477 0.036500 -0.791241 0.238309 -0.558087 0.075399
0.472510 0.261082 0.031477 0.036500 -0.790365 0.232163 -0.560672 0.084088
0.475050 0.261082 0.031477 0.036500 -0.792570 0.237956 -0.554116 0.090357
0.477590 0.261193 0.031366 0.036500 -0.793571 0.237690 -0.550138 0.105340
0.480131 0.261193 0.031366 0.036612 -0.793571 0.237690 -0.550138 0.105340
0.482671 0.261305 0.031366 0.036612 -0.796803 0.228772 -0.544801 0.126335
0.485211 0.261305 0.031366 0.036612 -0.794242 0.237512 -0.546156 0.120342
0.487752 0.261417 0.031366 0.036612 -0.794583 0.237422 -0.542170 0.135354
0.490292 0.261417 0.031366 0.036612 -0.794583 0.237422 -0.542170 0.135354
0.492832 0.261417 0.031366 0.036612 -0.794594 0.237419 -0.538183 0.150371
0.495373 0.261528 0.031366 0.036723 -0.795389 0.222767 -0.538979 0.165023
0.497913 0.261528 0.031366 0.036723 -0.795389 0.222767 -0.538979 0.165023
0.500454 0.261528 0.031254 0.036723 -0.794907 0.222901 -0.534830 0.179987
0.502994 0.261640 0.031254 0.036723 -0.792882 0.217011 -0.537246 0.188709
0.505534 0.261640 0.031254 0.036723 -0.792882 0.217011 -0.537246 0.188709
0.508075 0.261640 0.031254 0.036723 -0.790761 0.211096 -0.539598 0.197408
0.510615 0.261640 0.031254 0.036723 -0.790761 0.211096 -0.539598 0.197408
0.513155 0.261751 0.031254 0.036723 -0.788544 0.205155 -0.541884 0.206083
0.515696 0.261751 0.031254 0.036723 -0.783997 0.207815 -0.546432 0.208743
0.518236 0.261751 0.031254 0.036723 -0.784936 0.214153 -0.540144 0.215077
0.520777 0.261863 0.031254 0.036723 -0.782526 0.208206 -0.542464 0.223688
0.523317 0.261863 0.031254 0.036723 -0.782526 0.208206 -0.542464 0.223688
0.525857 0.261863 0.031254 0.036723 -0.780021 0.202234 -0.544719 0.232271
0.528398 0.261863 0.031254 0.036723 -0.780021 0.202234 -0.544719 0.232271
0.530938 0.261863 0.031254 0.036723 -0.777422 0.196237 -0.546908 0.240827
0.533478 0.261863 0.031254 0.036723 -0.777422 0.196237 -0.546908 0.240827
0.536019 0.261975 0.031142 0.036723 -0.774730 0.190217 -0.549031 0.249353
0.538559 0.261975 0.031142 0.036723 -0.774730 0.190217 -0.549031 0.249353
0.541100 0.261975 0.031142 0.036723 -0.770297 0.199299 -0.547960 0.258189
0.543640 0.261975 0.031142 0.036723 -0.770297 0.199299 -0.547960 0.258189
0.546180 0.261975 0.031142 0.036723 -0.767414 0.193267 -0.550117 0.266636
0.548721 0.261975 0.031142 0.036723 -0.767414 0.193267 -0.550117 0.266636
0.551261 0.261975 0.031142 0.036723 -0.764438 0.187212 -0.552207 0.275051
0.553801 0.261975 0.031031 0.036723 -0.761491 0.187960 -0.548459 0.289819
0.556342 0.261975 0.031031 0.036723 -0.761491 0.187960 -0.548459 0.289819
0.558882 0.262086 0.031031 0.036723 -0.758261 0.181923 -0.550491 0.298168
0.561423 0.262086 0.031031 0.036723 -0.754828 0.182794 -0.546770 0.312831
0.563963 0.262086 0.031031 0.036723 -0.751346 0.176777 -0.548745 0.321104
0.566503 0.262086 0.030919 0.036723 -0.751346 0.176777 -0.548745 0.321104
0.569044 0.262086 0.030919 0.036723 -0.747773 0.170737 -0.550654 0.329339
0.571584 0.262086 0.030919 0.036723 -0.743699 0.171771 -0.546975 0.343837
0.574124 0.262198 0.030919 0.036723 -0.739877 0.165751 -0.548830 0.351987
0.576665 0.262198 0.030807 0.036723 -0.735965 0.159712 -0.550617 0.360094
0.579205 0.262198 0.030807 0.036723 -0.735328 0.166906 -0.545187 0.366343
0.581746 0.262198 0.030807 0.036723 -0.731259 0.160906 -0.546987 0.374399
0.584286 0.262310 0.030807 0.036723 -0.727101 0.154887 -0.548722 0.382410
0.586826 0.262310 0.030696 0.036723 -0.726239 0.162180 -0.543385 0.388597
0.589367 0.262310 0.030696 0.036723 -0.721926 0.156201 -0.545133 0.396552
0.591907 0.262310 0.030696 0.036723 -0.720909 0.163533 -0.539810 0.402682
0.594447 0.262421 0.030696 0.036723 -0.722662 0.155603 -0.535354 0.408588
0.596988 0.262421 0.030584 0.036723 -0.717039 0.157096 -0.531657 0.422512
0.599528 0.262421 0.030584 0.036723 -0.717039 0.157096 -0.531657 0.422512
0.602069 0.262421 0.030584 0.036723 -0.717626 0.156586 -0.521480 0.434226
0.604609 0.262533 0.030584 0.036723 -0.717626 0.156586 -0.521480 0.434226
0.607149 0.262533 0.030584 0.036723 -0.713261 0.150439 -0.512732 0.453577
0.609690 0.262533 0.030584 0.036723 -0.713261 0.150439 -0.512732 0.453577
0.612230 0.262533 0.030584 0.036723 -0.712010 0.157853 -0.507122 0.459294
0.614770 0.262644 0.030584 0.036723 -0.708552 0.144497 -0.503663 0.472650
0.617311 0.262644 0.030584 0.036723 -0.710097 0.136704 -0.498440 0.478155
0.619851 0.262756 0.030584 0.036723 -0.703505 0.138768 -0.494282 0.491436
0.622392 0.262756 0.030584 0.036723 -0.704987 0.131031 -0.488853 0.496837
0.624932 0.262756 0.030584 0.036723 -0.704987 0.131031 -0.488853 0.496837
0.627472 0.262868 0.030584 0.036723 -0.700825 0.117960 -0.484690 0.509908
0.630013 0.262868 0.030584 0.036723 -0.700825 0.117960 -0.484690 0.509908
0.632553 0.262979 0.030473 0.036723 -0.702078 0.110253 -0.479059 0.515202
0.635093 0.262979 0.030473 0.036723 -0.695129 0.112683 -0.474543 0.528117
0.637634 0.263091 0.030473 0.036723 -0.696325 0.105040 -0.468712 0.533298
0.640174 0.263203 0.030473 0.036723 -0.696325 0.105040 -0.468712 0.533298
0.642715 0.263203 0.030473 0.036723 -0.691480 0.092293 -0.463867 0.546045
0.645255 0.263203 0.030473 0.036723 -0.691480 0.092293 -0.463867 0.546045
0.647795 0.263314 0.030473 0.036723 -0.691480 0.092293 -0.463867 0.546045
0.650336 0.263314 0.030473 0.036723 -0.691480 0.092293 -0.463867 0.546045
0.652876 0.263314 0.030473 0.036723 -0.691480 0.092293 -0.463867 0.546045
0.655416 0.263426 0.030473 0.036723 -0.690263 0.100071 -0.458084 0.551073
0.657957 0.263426 0.030361 0.036723 -0.690263 0.100071 -0.458084 0.551073
0.660497 0.263426 0.030361 0.036723 -0.684167 0.095032 -0.459156 0.558623
0.663038 0.263426 0.030361 0.036723 -0.684167 0.095032 -0.459156 0.558623
0.665578 0.263537 0.030361 0.036723 -0.684167 0.095032 -0.459156 0.558623
0.668118 0.263537 0.030249 0.036723 -0.676959 0.097425 -0.466364 0.561016
0.670659 0.263649 0.030138 0.036723 -0.670755 0.092296 -0.467406 0.568420
0.673199 0.263649 0.030138 0.036723 -0.662865 0.095152 -0.462954 0.580714
0.675739 0.263649 0.030026 0.036723 -0.656445 0.090061 -0.463972 0.587962
0.678280 0.263761 0.030026 0.036723 -0.649946 0.084958 -0.464933 0.595138
0.680820 0.263761 0.030026 0.036612 -0.645136 0.071673 -0.471009 0.597338
0.683361 0.263761 0.029914 0.036612 -0.638535 0.066494 -0.471768 0.604389
0.685901 0.263872 0.029914 0.036612 -0.638535 0.066494 -0.471768 0.604389
0.688441 0.263872 0.029914 0.036612 -0.631856 0.061307 -0.472470 0.611368
0.690982 0.263872 0.029914 0.036612 -0.625102 0.056113 -0.473115 0.618273
0.693522 0.263872 0.029914 0.036612 -0.625102 0.056113 -0.473115 0.618273
0.696062 0.263984 0.029914 0.036612 -0.625102 0.056113 -0.473115 0.618273
0.698603 0.263984 0.029914 0.036612 -0.618272 0.050912 -0.473703 0.625103
0.701143 0.263984 0.029914 0.036612 -0.618794 0.044116 -0.466807 0.630269
0.703684 0.263984 0.029914 0.036500 -0.618794 0.044116 -0.466807 0.630269
0.706224 0.264096 0.029914 0.036612 -0.618794 0.044116 -0.466807 0.630269
0.708764 0.264096 0.029914 0.036612 -0.611832 0.038985 -0.467264 0.637029
0.711305 0.264096 0.029914 0.036612 -0.609333 0.054148 -0.469519 0.636658
0.713845 0.264096 0.029914 0.036612 -0.609333 0.054148 -0.469519 0.636658
0.716385 0.264096 0.029914 0.036612 -0.609333 0.054148 -0.469519 0.636658
0.718926 0.264207 0.029914 0.036612 -0.609333 0.054148 -0.469519 0.636658
0.721466 0.264207 0.029914 0.036612 -0.609333 0.054148 -0.469519 0.636658
0.724007 0.264207 0.029914 0.036612 -0.600143 0.057476 -0.465408 0.648013
0.726547 0.264207 0.029914 0.036612 -0.600143 0.057476 -0.465408 0.648013
0.729087 0.264207 0.029914 0.036612 -0.600143 0.057476 -0.465408 0.648013
0.731628 0.264207 0.029914 0.036612 -0.597150 0.072523 -0.467816 0.647534
0.734168 0.264207 0.029914 0.036612 -0.597150 0.072523 -0.467816 0.647534
0.736708 0.264319 0.029914 0.036612 -0.597150 0.072523 -0.467816 0.647534
0.739249 0.264319 0.029914 0.036612 -0.590000 0.067379 -0.468584 0.654055
0.741789 0.264319 0.029914 0.036612 -0.587553 0.075879 -0.463938 0.658624
0.744329 0.264319 0.029914 0.036612 -0.587553 0.075879 -0.463938 0.658624
0.746870 0.264319 0.029803 0.036612 -0.580282 0.070777 -0.464743 0.665039
0.749410 0.264319 0.029803 0.036612 -0.580282 0.070777 -0.464743 0.665039
0.751951 0.264430 0.029803 0.036612 -0.580282 0.070777 -0.464743 0.665039
0.754491 0.264430 0.029803 0.036612 -0.572941 0.065667 -0.465493 0.671374
0.757031 0.264430 0.029803 0.036500 -0.570325 0.074259 -0.460978 0.675807
0.759572 0.264430 0.029803 0.036500 -0.562866 0.069190 -0.461766 0.682032
0.762112 0.264542 0.029803 0.036500 -0.563592 0.063002 -0.454245 0.687063
0.764652 0.264542 0.029691 0.036500 -0.556010 0.058008 -0.454910 0.693214
0.767193 0.264654 0.029691 0.036500 -0.548360 0.053007 -0.455520 0.699280
0.769733 0.264654 0.029691 0.036500 -0.546275 0.055768 -0.443432 0.708407
0.772274 0.264765 0.029691 0.036500 -0.538460 0.050894 -0.444018 0.714366
0.774814 0.264765 0.029580 0.036500 -0.531053 0.040181 -0.436611 0.725079
0.777354 0.264877 0.029580 0.036500 -0.528361 0.049088 -0.432330 0.729051
0.779895 0.264877 0.029580 0.036500 -0.517522 0.053284 -0.428608 0.738666
0.782435 0.264988 0.029468 0.036612 -0.516905 0.058967 -0.436697 0.733913
0.784975 0.264988 0.029356 0.036612 -0.508811 0.054166 -0.437319 0.739547
0.787516 0.264988 0.029356 0.036612 -0.497614 0.058359 -0.433839 0.748838
0.790056 0.264988 0.029245 0.036612 -0.496943 0.063823 -0.442039 0.744027
0.792597 0.265100 0.029245 0.036612 -0.485499 0.067966 -0.438752 0.753106
0.795137 0.265100 0.029133 0.036612 -0.481325 0.082255 -0.443024 0.751858
0.797677 0.265100 0.029133 0.036612 -0.473036 0.077383 -0.443901 0.757101
0.800218 0.265100 0.029021 0.036612 -0.463865 0.077602 -0.453071 0.757320
0.802758 0.265100 0.029021 0.036612 -0.454692 0.077620 -0.462245 0.757338
0.805298 0.265100 0.029021 0.036612 -0.454692 0.077620 -0.462245 0.757338
0.807839 0.265100 0.028910 0.036500 -0.446344 0.072537 -0.463070 0.762287
0.810379 0.265100 0.028910 0.036500 -0.434098 0.076520 -0.460381 0.770554
0.812920 0.265212 0.028910 0.036500 -0.425606 0.071457 -0.461194 0.775276
0.815460 0.265212 0.028910 0.036500 -0.417063 0.066386 -0.461951 0.779905
0.818000 0.265212 0.028910 0.036500 -0.409119 0.056816 -0.454007 0.789475
0.820541 0.265323 0.028910 0.036500 -0.404310 0.042564 -0.457694 0.790720
0.823081 0.265323 0.029021 0.036500 -0.395987 0.033185 -0.449371 0.800099
0.825621 0.265435 0.029021 0.036500 -0.387460 0.023991 -0.440845 0.809293
0.828162 0.265435 0.029021 0.036388 -0.382370 0.005500 -0.434949 0.815219
0.830702 0.265547 0.029021 0.036388 -0.373376 -0.003381 -0.425955 0.824100
0.833243 0.265547 0.029021 0.036388 -0.364189 -0.012062 -0.416769 0.832781
0.835783 0.265658 0.029133 0.036388 -0.354814 -0.020539 -0.407393 0.841258
0.838323 0.265658 0.029133 0.036388 -0.348111 -0.042389 -0.390999 0.850965
0.840864 0.265770 0.029133 0.036388 -0.338208 -0.050401 -0.381096 0.858977
0.843404 0.265881 0.029245 0.036388 -0.328131 -0.058193 -0.371019 0.866769
0.845944 0.265881 0.029245 0.036388 -0.317886 -0.065762 -0.360773 0.874338
0.848485 0.265881 0.029245 0.036388 -0.310319 -0.083122 -0.352529 0.878929
0.851025 0.265993 0.029245 0.036388 -0.299670 -0.090287 -0.341881 0.886095
0.853566 0.265993 0.029245 0.036388 -0.288867 -0.097217 -0.331077 0.893024
0.856106 0.266105 0.029245 0.036277 -0.268013 -0.107419 -0.318963 0.902714
0.858646 0.266105 0.029245 0.036277 -0.256845 -0.113745 -0.307796 0.909040
0.861187 0.266105 0.029245 0.036277 -0.245541 -0.119824 -0.296492 0.915120
0.863727 0.266105 0.029245 0.036277 -0.235473 -0.123074 -0.295157 0.917762
0.866267 0.266216 0.029245 0.036277 -0.223975 -0.128778 -0.283659 0.923466
0.868808 0.266216 0.029133 0.036277 -0.211393 -0.121521 -0.280903 0.928245
0.871348 0.266216 0.029133 0.036277 -0.199802 -0.126803 -0.269311 0.933527
0.873889 0.266216 0.029133 0.036388 -0.189534 -0.129754 -0.267902 0.935665
0.876429 0.266328 0.029133 0.036388 -0.177775 -0.134650 -0.256142 0.940562
0.878969 0.266328 0.029021 0.036388 -0.177775 -0.134650 -0.256142 0.940562
0.881510 0.266328 0.029021 0.036388 -0.167431 -0.137456 -0.254648 0.942458
0.884050 0.266328 0.029021 0.036388 -0.167431 -0.137456 -0.254648 0.942458
0.886590 0.266440 0.028910 0.036388 -0.169726 -0.147922 -0.255565 0.940212
0.889131 0.266440 0.028910 0.036388 -0.169726 -0.147922 -0.255565 0.940212
0.891671 0.266551 0.028798 0.036388 -0.171341 -0.146049 -0.265879 0.937347
0.894212 0.266551 0.028798 0.036388 -0.171341 -0.146049 -0.265879 0.937347
0.896752 0.266551 0.028798 0.036388 -0.171341 -0.146049 -0.265879 0.937347
0.899292 0.266663 0.028687 0.036388 -0.171341 -0.146049 -0.265879 0.937347
0.901833 0.266663 0.028687 0.036388 -0.172935 -0.144158 -0.276161 0.934370
0.904373 0.266663 0.028575 0.036388 -0.174508 -0.142249 -0.286409 0.931280
0.906913 0.266774 0.028575 0.036388 -0.184729 -0.139094 -0.287955 0.929306
0.909454 0.266774 0.028575 0.036388 -0.186246 -0.137056 -0.298147 0.926087
0.911994 0.266774 0.028463 0.036388 -0.187740 -0.135002 -0.308303 0.922755
0.914535 0.266886 0.028463 0.036388 -0.187740 -0.135002 -0.308303 0.922755
0.917075 0.266886 0.028463 0.036388 -0.189212 -0.132931 -0.318422 0.919313
0.919615 0.266886 0.028463 0.036388 -0.189212 -0.132931 -0.318422 0.919313
0.922156 0.266886 0.028352 0.036388 -0.190661 -0.130844 -0.328502 0.915759
0.924696 0.266998 0.028352 0.036388 -0.190661 -0.130844 -0.328502 0.915759
0.927236 0.266998 0.028352 0.036388 -0.192087 -0.128742 -0.338543 0.912095
0.929777 0.267109 0.028352 0.036388 -0.182055 -0.132453 -0.337108 0.914150
0.932317 0.267109 0.028352 0.036388 -0.182055 -0.132453 -0.337108 0.914150
0.934858 0.267221 0.028240 0.036388 -0.178850 -0.122229 -0.336391 0.916468
0.937398 0.267221 0.028240 0.036388 -0.180182 -0.120257 -0.346440 0.912717
0.939938 0.267333 0.028240 0.036388 -0.183499 -0.130445 -0.347131 0.910391
0.942479 0.267333 0.028240 0.036388 -0.183499 -0.130445 -0.347131 0.910391
0.945019 0.267444 0.028240 0.036388 -0.183499 -0.130445 -0.347131 0.910391
0.947559 0.267444 0.028129 0.036388 -0.183499 -0.130445 -0.347131 0.910391
0.950100 0.267556 0.028129 0.036388 -0.184921 -0.128421 -0.357112 0.906523
0.952640 0.267667 0.028129 0.036388 -0.184921 -0.128421 -0.357112 0.906523
0.955181 0.267667 0.028129 0.036388 -0.184921 -0.128421 -0.357112 0.906523
0.957721 0.267779 0.028017 0.036388 -0.189839 -0.136480 -0.367645 0.900095
0.960261 0.267779 0.028017 0.036388 -0.189839 -0.136480 -0.367645 0.900095
0.962802 0.267891 0.028017 0.036388 -0.189839 -0.136480 -0.367645 0.900095
0.965342 0.267891 0.028017 0.036388 -0.181471 -0.138526 -0.376012 0.898050
0.967882 0.268002 0.028017 0.036388 -0.185105 -0.148573 -0.376426 0.895526
0.970423 0.268114 0.028017 0.036388 -0.186726 -0.146531 -0.386241 0.891336
0.972963 0.268114 0.027905 0.036388 -0.186726 -0.146531 -0.386241 0.891336
0.975504 0.268225 0.027905 0.036388 -0.182982 -0.136524 -0.385856 0.893865
0.978044 0.268225 0.027905 0.036388 -0.182982 -0.136524 -0.385856 0.893865
0.980584 0.268337 0.027905 0.036388 -0.173151 -0.140754 -0.384333 0.895821
0.983125 0.268337 0.028017 0.036500 -0.174687 -0.138844 -0.394151 0.891545
0.985665 0.268449 0.028017 0.036500 -0.170785 -0.128858 -0.393856 0.893927
0.988205 0.268449 0.028017 0.036500 -0.157007 -0.123173 -0.392183 0.897981
0.990746 0.268560 0.028017 0.036500 -0.153041 -0.113154 -0.391902 0.900104
0.993286 0.268560 0.028017 0.036612 -0.162920 -0.108842 -0.393122 0.898368
0.995826 0.268560 0.028017 0.036612 -0.158958 -0.098813 -0.392684 0.900426
0.998367 0.268672 0.028017 0.036612 -0.154977 -0.088773 -0.392198 0.902376
1.000907 0.268672 0.028017 0.036612 -0.153992 -0.090470 -0.382261 0.906630
1.003448 0.268672 0.028017 0.036723 -0.140113 -0.084564 -0.380802 0.910059
1.005988 0.268784 0.028017 0.036723 -0.146959 -0.068661 -0.391085 0.905948
1.008528 0.268784 0.028017 0.036723 -0.146959 -0.068661 -0.391085 0.905948
1.011069 0.268784 0.028017 0.036723 -0.142923 -0.058592 -0.390458 0.907570
1.013609 0.268784 0.027905 0.036723 -0.142923 -0.058592 -0.390458 0.907570
1.016149 0.268784 0.027905 0.036835 -0.142923 -0.058592 -0.390458 0.907570
1.018690 0.268784 0.027905 0.036835 -0.142923 -0.058592 -0.390458 0.907570
1.021230 0.268895 0.027905 0.036723 -0.142923 -0.058592 -0.390458 0.907570
1.023771 0.268895 0.027905 0.036723 -0.142923 -0.058592 -0.390458 0.907570
1.026311 0.268895 0.027905 0.036723 -0.142923 -0.058592 -0.390458 0.907570
1.028851 0.268895 0.027905 0.036723 -0.143558 -0.057018 -0.400405 0.903225
1.031392 0.269007 0.027905 0.036723 -0.143558 -0.057018 -0.400405 0.903225
1.033932 0.269007 0.027794 0.036723 -0.139394 -0.046987 -0.399747 0.904745
1.036472 0.269007 0.027794 0.036723 -0.129446 -0.051376 -0.399207 0.906222
1.039013 0.269007 0.027794 0.036723 -0.129446 -0.051376 -0.399207 0.906222
1.041553 0.269118 0.027794 0.036723 -0.129446 -0.051376 -0.399207 0.906222
1.044094 0.269118 0.027794 0.036723 -0.129446 -0.051376 -0.399207 0.906222
1.046634 0.269118 0.027682 0.036723 -0.120088 -0.054443 -0.408565 0.903155
1.049174 0.269118 0.027682 0.036723 -0.120088 -0.054443 -0.408565 0.903155
1.051715 0.269230 0.027682 0.036723 -0.110158 -0.058928 -0.407943 0.904420
1.054255 0.269230 0.027682 0.036723 -0.105823 -0.048920 -0.407582 0.905696
1.056795 0.269230 0.027570 0.036723 -0.105823 -0.048920 -0.407582 0.905696
1.059336 0.269342 0.027570 0.036723 -0.091507 -0.043378 -0.406720 0.907923
1.061876 0.269342 0.027459 0.036723 -0.091978 -0.042370 -0.416670 0.903400
1.064417 0.269342 0.027459 0.036723 -0.091978 -0.042370 -0.416670 0.903400
1.066957 0.269453 0.027347 0.036723 -0.091978 -0.042370 -0.416670 0.903400
1.069497 0.269453 0.027347 0.036612 -0.091978 -0.042370 -0.416670 0.903400
1.072038 0.269453 0.027236 0.036612 -0.087847 -0.031433 -0.426243 0.899784
1.074578 0.269453 0.027236 0.036612 -0.087847 -0.031433 -0.426243 0.899784
1.077118 0.269453 0.027124 0.036723 -0.083246 -0.021505 -0.425864 0.900693
1.079659 0.269565 0.027124 0.036612 -0.093315 -0.015801 -0.435934 0.894989
1.082199 0.269565 0.027012 0.036612 -0.093315 -0.015801 -0.435934 0.894989
1.084740 0.269565 0.027012 0.036612 -0.098291 -0.024595 -0.446206 0.889176
1.087280 0.269565 0.026901 0.036612 -0.098291 -0.024595 -0.446206 0.889176
1.089820 0.269677 0.026901 0.036612 -0.098291 -0.024595 -0.446206 0.889176
1.092361 0.269677 0.026789 0.036612 -0.103257 -0.009877 -0.445875 0.889065
1.094901 0.269677 0.026789 0.036612 -0.103359 -0.008742 -0.455616 0.884112
1.097441 0.269677 0.026789 0.036612 -0.103359 -0.008742 -0.455616 0.884112
1.099982 0.269788 0.026677 0.036612 -0.103359 -0.008742 -0.455616 0.884112
1.102522 0.269788 0.026677 0.036500 -0.093640 -0.013747 -0.455492 0.885195
1.105063 0.269788 0.026677 0.036500 -0.098555 -0.023514 -0.455948 0.884220
1.107603 0.269900 0.026566 0.036500 -0.098555 -0.023514 -0.455948 0.884220
1.110143 0.269900 0.026566 0.036500 -0.083910 -0.018750 -0.455314 0.886170
1.112684 0.269900 0.026566 0.036500 -0.083910 -0.018750 -0.455314 0.886170
1.115224 0.270011 0.026566 0.036500 -0.074169 -0.023751 -0.455080 0.887038
1.117764 0.270011 0.026566 0.036500 -0.074169 -0.023751 -0.455080 0.887038
1.120305 0.270123 0.026566 0.036500 -0.068937 -0.039285 -0.445153 0.891932
1.122845 0.270123 0.026566 0.036500 -0.068937 -0.039285 -0.445153 0.891932
1.125386 0.270235 0.026454 0.036500 -0.059134 -0.044173 -0.444695 0.892636
1.127926 0.270346 0.026566 0.036500 -0.059134 -0.044173 -0.444695 0.892636
1.130466 0.270346 0.026566 0.036500 -0.049323 -0.049056 -0.444182 0.893232
1.133007 0.270458 0.026566 0.036500 -0.054171 -0.058881 -0.444055 0.892420
1.135547 0.270458 0.026566 0.036500 -0.054171 -0.058881 -0.444055 0.892420
1.138087 0.270570 0.026566 0.036500 -0.044364 -0.063756 -0.443382 0.892961
1.140628 0.270570 0.026566 0.036500 -0.049215 -0.073571 -0.443093 0.892095
1.143168 0.270681 0.026566 0.036500 -0.054972 -0.082778 -0.452514 0.886204
1.145709 0.270681 0.026677 0.036500 -0.055879 -0.082169 -0.462222 0.881179
1.148249 0.270681 0.026677 0.036500 -0.056778 -0.081550 -0.471875 0.876048
1.150789 0.270681 0.026677 0.036500 -0.049044 -0.085672 -0.490097 0.866060
1.153330 0.270793 0.026677 0.036500 -0.049982 -0.085128 -0.499582 0.860623
1.155870 0.270793 0.026677 0.036612 -0.049292 -0.098484 -0.526019 0.843312
1.158410 0.270793 0.026677 0.036612 -0.052510 -0.096806 -0.553523 0.825520
1.160951 0.270793 0.026677 0.036612 -0.046805 -0.101394 -0.579346 0.807395
1.163491 0.270904 0.026677 0.036612 -0.042629 -0.105983 -0.613130 0.781679
1.166032 0.270904 0.026677 0.036612 -0.032910 -0.102526 -0.655059 0.747866
1.168572 0.270904 0.026789 0.036723 -0.021864 -0.100705 -0.687268 0.719057
1.171112 0.271016 0.026789 0.036723 -0.021063 -0.107094 -0.732008 0.672497
1.173653 0.271016 0.026789 0.036723 -0.012637 -0.107242 -0.774736 0.622996
1.176193 0.271128 0.026789 0.036723 -0.013403 -0.115114 -0.812875 0.570792
1.178733 0.271239 0.026789 0.036723 -0.007184 -0.117690 -0.854240 0.506331
1.181274 0.271351 0.026901 0.036723 -0.001540 -0.121875 -0.890395 0.438566
1.183814 0.271462 0.026901 0.036723 0.003316 -0.127586 -0.921052 0.367931
1.186355 0.271574 0.027012 0.036723 0.007178 -0.134715 -0.945962 0.294883
1.188895 0.271686 0.027012 0.036723 0.011427 -0.143013 -0.962440 0.230489
1.191435 0.271686 0.027124 0.036612 0.003811 -0.154164 -0.973898 0.166560
1.193976 0.271797 0.027236 0.036612 -0.006352 -0.154080 -0.982754 0.102048
1.196516 0.271909 0.027236 0.036612 -0.016487 -0.153327 -0.987341 0.037092
1.199056 0.272021 0.027347 0.036612 -0.016027 -0.163123 -0.986033 -0.029533
1.201597 0.272132 0.027347 0.036500 -0.015100 -0.173733 -0.980979 -0.085260
1.204137 0.272132 0.027459 0.036500 -0.024616 -0.172642 -0.974818 -0.138992
1.206678 0.272244 0.027459 0.036500 -0.023446 -0.173132 -0.965284 -0.194171
1.209218 0.272355 0.027570 0.036500 -0.033624 -0.182425 -0.953875 -0.236034
1.211758 0.272355 0.027570 0.036388 -0.031235 -0.183769 -0.941844 -0.279614
1.214299 0.272355 0.027570 0.036388 -0.044911 -0.191929 -0.923018 -0.330430
1.216839 0.272467 0.027570 0.036388 -0.041158 -0.194208 -0.910570 -0.362563
1.219379 0.272467 0.027570 0.036500 -0.034343 -0.210521 -0.888898 -0.405415
1.221920 0.272467 0.027570 0.036500 -0.021809 -0.218322 -0.871812 -0.437954
1.224460 0.272579 0.027570 0.036500 -0.016971 -0.222486 -0.860163 -0.458619
1.227001 0.272579 0.027570 0.036500 -0.020183 -0.236034 -0.840071 -0.488018
1.229541 0.272579 0.027570 0.036500 -0.018660 -0.240484 -0.821357 -0.516906
1.232081 0.272690 0.027570 0.036500 -0.014341 -0.259508 -0.796338 -0.546165
1.234622 0.272690 0.027570 0.036500 -0.011056 -0.264759 -0.781545 -0.564773
1.237162 0.272802 0.027570 0.036500 -0.017474 -0.278471 -0.756763 -0.591150
1.239702 0.272802 0.027570 0.036612 -0.014933 -0.284037 -0.740680 -0.608681
1.242243 0.272914 0.027682 0.036612 -0.012646 -0.289812 -0.724106 -0.625715
1.244783 0.272914 0.027682 0.036612 -0.005551 -0.302031 -0.696738 -0.650617
1.247323 0.273025 0.027682 0.036612 -0.004007 -0.308359 -0.678960 -0.666267
1.249864 0.273025 0.027682 0.036612 -0.013769 -0.321970 -0.649728 -0.688476
1.252404 0.273137 0.027682 0.036723 -0.020242 -0.328073 -0.615283 -0.716509
1.254945 0.273248 0.027794 0.036723 -0.019939 -0.334694 -0.595745 -0.729842
1.257485 0.273360 0.027794 0.036723 -0.023688 -0.341204 -0.567657 -0.748855
1.260025 0.273360 0.027905 0.036723 -0.032424 -0.354059 -0.543436 -0.760440
1.262566 0.273472 0.027905 0.036723 -0.033241 -0.360797 -0.522685 -0.771700
1.265106 0.273472 0.027905 0.036835 -0.038405 -0.367223 -0.493018 -0.787785
1.267646 0.273583 0.027905 0.036835 -0.044029 -0.373648 -0.462807 -0.802657
1.270187 0.273583 0.027905 0.036835 -0.059084 -0.384772 -0.427901 -0.815696
1.272727 0.273695 0.027905 0.036835 -0.076582 -0.387861 -0.405639 -0.824109
1.275268 0.273695 0.027905 0.036835 -0.083955 -0.399401 -0.388006 -0.826367
1.277808 0.273807 0.027905 0.036835 -0.088337 -0.398454 -0.378904 -0.830580
1.280348 0.273807 0.027905 0.036835 -0.096045 -0.409603 -0.360982 -0.832282
1.282889 0.273918 0.027794 0.036835 -0.114244 -0.411133 -0.338113 -0.838807
1.285429 0.273918 0.027794 0.036835 -0.113165 -0.418048 -0.324407 -0.840945
1.287969 0.273918 0.027682 0.036835 -0.127021 -0.420217 -0.310551 -0.843114
1.290510 0.274030 0.027682 0.036723 -0.121490 -0.428373 -0.305971 -0.841498
1.293050 0.274030 0.027682 0.036723 -0.135463 -0.430246 -0.291998 -0.843371
1.295591 0.274141 0.027570 0.036723 -0.129988 -0.438360 -0.287311 -0.841663
1.298131 0.274141 0.027570 0.036612 -0.129988 -0.438360 -0.287311 -0.841663
1.300671 0.274141 0.027570 0.036612 -0.125164 -0.439761 -0.296540 -0.838456
1.303212 0.274253 0.027570 0.036612 -0.110386 -0.444528 -0.296699 -0.837961
1.305752 0.274253 0.027459 0.036612 -0.110386 -0.444528 -0.296699 -0.837961
1.308292 0.274365 0.027459 0.036500 -0.104813 -0.452526 -0.292010 -0.836041
1.310833 0.274365 0.027459 0.036500 -0.090680 -0.450314 -0.306143 -0.833829
1.313373 0.274365 0.027459 0.036500 -0.085030 -0.458247 -0.301483 -0.831798
1.315914 0.274365 0.027347 0.036500 -0.065161 -0.463580 -0.310995 -0.827121
1.318454 0.274365 0.027347 0.036500 -0.054248 -0.472015 -0.315368 -0.821463
1.320994 0.274476 0.027347 0.036388 -0.040070 -0.468990 -0.329546 -0.818439
1.323535 0.274476 0.027347 0.036388 -0.014076 -0.480925 -0.334383 -0.810371
1.326075 0.274476 0.027347 0.036388 -0.002764 -0.488533 -0.338541 -0.804187
1.328615 0.274476 0.027347 0.036388 0.017478 -0.492098 -0.347991 -0.797770
1.331156 0.274476 0.027236 0.036388 0.043861 -0.502537 -0.352669 -0.788136
1.333696 0.274476 0.027236 0.036277 0.061772 -0.516256 -0.351625 -0.778475
1.336237 0.274476 0.027236 0.036277 0.082616 -0.526451 -0.347579 -0.771500
1.338777 0.274476 0.027236 0.036277 0.094604 -0.532394 -0.351086 -0.764425
1.341317 0.274476 0.027124 0.036165 0.112979 -0.544757 -0.349369 -0.753934
1.343858 0.274476 0.027124 0.036165 0.125456 -0.557927 -0.339107 -0.746984
1.346398 0.274476 0.027124 0.036165 0.131672 -0.564412 -0.333914 -0.743373
1.348938 0.274476 0.027012 0.036054 0.144056 -0.577177 -0.323408 -0.735882
1.351479 0.274476 0.027012 0.036054 0.150222 -0.583455 -0.318096 -0.732004
1.354019 0.274476 0.027012 0.035942 0.162499 -0.595799 -0.307357 -0.723982
1.356560 0.274476 0.027012 0.035942 0.161986 -0.603680 -0.294005 -0.723113
1.359100 0.274476 0.026901 0.035942 0.161986 -0.603680 -0.294005 -0.723113
1.361640 0.274476 0.026901 0.035830 0.168009 -0.609738 -0.288591 -0.718824
1.364181 0.274476 0.026901 0.035830 0.174012 -0.615723 -0.283141 -0.714448
1.366721 0.274476 0.026901 0.035830 0.179994 -0.621634 -0.277657 -0.709986
1.369261 0.274588 0.026901 0.035719 0.179994 -0.621634 -0.277657 -0.709986
1.371802 0.274588 0.026901 0.035719 0.178193 -0.630421 -0.265230 -0.707439
1.374342 0.274588 0.026901 0.035719 0.178193 -0.630421 -0.265230 -0.707439
1.376883 0.274588 0.026901 0.035719 0.178193 -0.630421 -0.265230 -0.707439
1.379423 0.274700 0.026901 0.035719 0.184181 -0.636120 -0.259617 -0.702872
1.381963 0.274700 0.027012 0.035719 0.184181 -0.636120 -0.259617 -0.702872
1.384504 0.274700 0.027012 0.035719 0.197185 -0.639614 -0.261628 -0.695387
1.387044 0.274700 0.027012 0.035719 0.197185 -0.639614 -0.261628 -0.695387
1.389584 0.274700 0.027012 0.035719 0.197185 -0.639614 -0.261628 -0.695387
1.392125 0.274700 0.027012 0.035719 0.203189 -0.645092 -0.255901 -0.690713
1.394665 0.274811 0.027012 0.035719 0.203189 -0.645092 -0.255901 -0.690713
1.397206 0.274811 0.027012 0.035719 0.203189 -0.645092 -0.255901 -0.690713
1.399746 0.274811 0.026901 0.035719 0.209168 -0.650493 -0.250143 -0.685956
1.402286 0.274811 0.026901 0.035719 0.209168 -0.650493 -0.250143 -0.685956
1.404827 0.274811 0.026901 0.035719 0.201619 -0.653202 -0.242981 -0.688213
1.407367 0.274811 0.026901 0.035719 0.214847 -0.656140 -0.244629 -0.680792
1.409907 0.274811 0.026901 0.035719 0.214847 -0.656140 -0.244629 -0.680792
1.412448 0.274811 0.026901 0.035719 0.214847 -0.656140 -0.244629 -0.680792
1.414988 0.274811 0.026901 0.035719 0.214847 -0.656140 -0.244629 -0.680792
1.417529 0.274811 0.026901 0.035719 0.213445 -0.663835 -0.231423 -0.678386
1.420069 0.274811 0.026901 0.035719 0.213445 -0.663835 -0.231423 -0.678386
1.422609 0.274811 0.026901 0.035719 0.220725 -0.661450 -0.238862 -0.675803
1.425150 0.274811 0.026901 0.035719 0.220725 -0.661450 -0.238862 -0.675803
1.427690 0.274811 0.026901 0.035607 0.220725 -0.661450 -0.238862 -0.675803
1.430230 0.274811 0.026901 0.035607 0.213287 -0.664034 -0.231580 -0.678187
1.432771 0.274811 0.026901 0.035607 0.219458 -0.668868 -0.225463 -0.673514
1.435311 0.274811 0.026901 0.035607 0.219458 -0.668868 -0.225463 -0.673514
1.437852 0.274811 0.026901 0.035607 0.226793 -0.666416 -0.232849 -0.670996
1.440392 0.274923 0.026901 0.035607 0.219408 -0.668934 -0.225513 -0.673447
1.442932 0.274923 0.026789 0.035496 0.225654 -0.673551 -0.219266 -0.668829
1.445473 0.274923 0.026789 0.035496 0.225654 -0.673551 -0.219266 -0.668829
1.448013 0.274923 0.026789 0.035496 0.225654 -0.673551 -0.219266 -0.668829
1.450553 0.274923 0.026677 0.035496 0.225654 -0.673551 -0.219266 -0.668829
1.453094 0.274923 0.026677 0.035496 0.225654 -0.673551 -0.219266 -0.668829
1.455634 0.274923 0.026677 0.035496 0.231874 -0.678086 -0.212992 -0.664130
1.458175 0.274923 0.026677 0.035496 0.224564 -0.680385 -0.205530 -0.666637
1.460715 0.274923 0.026566 0.035496 0.224564 -0.680385 -0.205530 -0.666637
1.463255 0.274923 0.026566 0.035496 0.230808 -0.684769 -0.199181 -0.661926
1.465796 0.274923 0.026566 0.035496 0.238317 -0.682192 -0.206441 -0.659698
1.468336 0.274923 0.026454 0.035496 0.237369 -0.688581 -0.192464 -0.657625
1.470876 0.274923 0.026454 0.035496 0.244920 -0.685932 -0.199677 -0.655470
1.473417 0.275034 0.026454 0.035496 0.237704 -0.688084 -0.192129 -0.658122
1.475957 0.275034 0.026454 0.035607 0.244500 -0.691373 -0.185124 -0.654180
1.478497 0.275034 0.026343 0.035607 0.258565 -0.692285 -0.185547 -0.647656
1.481038 0.275146 0.026343 0.035607 0.265586 -0.694887 -0.178203 -0.644080
1.483578 0.275146 0.026343 0.035607 0.272726 -0.697099 -0.170687 -0.640734
1.486119 0.275258 0.026343 0.035607 0.280368 -0.694060 -0.177716 -0.638820
1.488659 0.275258 0.026343 0.035719 0.295260 -0.692595 -0.176981 -0.633886
1.491199 0.275369 0.026343 0.035719 0.302632 -0.693849 -0.169095 -0.631185
1.493740 0.275369 0.026231 0.035719 0.324560 -0.689361 -0.175558 -0.623395
1.496280 0.275481 0.026231 0.035719 0.325267 -0.687716 -0.174851 -0.625040
1.498820 0.275481 0.026231 0.035830 0.340323 -0.684292 -0.173499 -0.621146
1.501361 0.275481 0.026231 0.035830 0.347821 -0.680512 -0.180313 -0.619203
1.503901 0.275592 0.026231 0.035830 0.355377 -0.680205 -0.171987 -0.617616
1.506442 0.275592 0.026231 0.035830 0.363472 -0.674230 -0.178118 -0.617718
1.508982 0.275592 0.026231 0.035830 0.364070 -0.672187 -0.177520 -0.619761
1.511522 0.275704 0.026231 0.035830 0.371433 -0.668147 -0.184318 -0.617774
1.514063 0.275704 0.026119 0.035830 0.379259 -0.661958 -0.190586 -0.617779
1.516603 0.275704 0.026119 0.035830 0.372449 -0.664012 -0.183302 -0.621908
1.519143 0.275704 0.026119 0.035830 0.372889 -0.661929 -0.182862 -0.623991
1.521684 0.275816 0.026008 0.035830 0.366105 -0.659434 -0.190457 -0.628363
1.524224 0.275816 0.026008 0.035719 0.366425 -0.657501 -0.190137 -0.630296
1.526765 0.275816 0.025896 0.035719 0.352207 -0.659322 -0.190898 -0.636241
1.529305 0.275816 0.025896 0.035719 0.352441 -0.657547 -0.190664 -0.638016
1.531845 0.275927 0.025896 0.035719 0.359644 -0.653636 -0.197662 -0.635882
1.534386 0.275927 0.025784 0.035719 0.345281 -0.655797 -0.198483 -0.641338
1.536926 0.275927 0.025673 0.035719 0.345423 -0.654183 -0.198342 -0.642953
1.539466 0.275927 0.025673 0.035607 0.345423 -0.654183 -0.198342 -0.642953
1.542007 0.275927 0.025561 0.035607 0.345528 -0.652566 -0.198236 -0.644570
1.544547 0.276039 0.025450 0.035607 0.330992 -0.655082 -0.199068 -0.649373
1.547088 0.276039 0.025450 0.035607 0.338169 -0.651406 -0.206190 -0.647146
1.549628 0.276039 0.025338 0.035607 0.338200 -0.649955 -0.206159 -0.648597
1.552168 0.276039 0.025338 0.035607 0.338200 -0.649955 -0.206159 -0.648597
1.554709 0.276039 0.025226 0.035607 0.345320 -0.646201 -0.213272 -0.646293
1.557249 0.276039 0.025226 0.035607 0.345303 -0.644750 -0.213289 -0.647743
1.559789 0.276039 0.025115 0.035607 0.345254 -0.643300 -0.213338 -0.649193
1.562330 0.276039 0.025115 0.035607 0.352672 -0.642250 -0.205310 -0.648833
1.564870 0.276039 0.025003 0.035607 0.359599 -0.636720 -0.212534 -0.648156
1.567411 0.276039 0.025003 0.035719 0.366572 -0.632731 -0.219642 -0.645782
1.569951 0.276039 0.024891 0.035719 0.359455 -0.635106 -0.212677 -0.649770
1.572491 0.276039 0.024891 0.035719 0.366594 -0.631780 -0.204845 -0.651538
1.575032 0.276039 0.024780 0.035719 0.380766 -0.625843 -0.203955 -0.649415
1.577572 0.275927 0.024780 0.035719 0.380486 -0.623904 -0.204236 -0.651354
1.580112 0.275927 0.024780 0.035719 0.401237 -0.613122 -0.210470 -0.647142
1.582653 0.275927 0.024780 0.035719 0.407895 -0.608519 -0.202845 -0.649754
1.585193 0.275927 0.024668 0.035719 0.421533 -0.601339 -0.201930 -0.648017
1.587734 0.275927 0.024668 0.035830 0.427883 -0.596034 -0.194441 -0.651040
1.590274 0.275927 0.024668 0.035830 0.434405 -0.591297 -0.201582 -0.648864
1.592814 0.275927 0.024668 0.035830 0.447646 -0.583369 -0.200660 -0.647325
1.595355 0.275927 0.024668 0.035830 0.460709 -0.575151 -0.199705 -0.645807
1.597895 0.275927 0.024668 0.035830 0.467334 -0.571818 -0.191626 -0.646454
1.600435 0.275927 0.024557 0.035830 0.473588 -0.566649 -0.198716 -0.644309
1.602976 0.275927 0.024557 0.035830 0.486278 -0.557866 -0.197695 -0.642834
1.605516 0.275927 0.024557 0.035830 0.492377 -0.552490 -0.204746 -0.640624
1.608057 0.276039 0.024557 0.035830 0.498417 -0.547047 -0.211771 -0.638336
1.610597 0.276039 0.024557 0.035830 0.498417 -0.547047 -0.211771 -0.638336
1.613137 0.276039 0.024557 0.035830 0.510709 -0.537715 -0.210686 -0.636907
1.615678 0.276039 0.024557 0.035830 0.510709 -0.537715 -0.210686 -0.636907
1.618218 0.276039 0.024557 0.035830 0.516585 -0.532072 -0.217671 -0.634554
1.620758 0.276151 0.024445 0.035830 0.510316 -0.535965 -0.225745 -0.633529
1.623299 0.276151 0.024445 0.035830 0.523075 -0.527737 -0.238504 -0.625302
1.625839 0.276151 0.024445 0.035830 0.523075 -0.527737 -0.238504 -0.625302
1.628380 0.276151 0.024445 0.035719 0.528841 -0.521959 -0.245359 -0.622644
1.630920 0.276151 0.024445 0.035719 0.528327 -0.520064 -0.260234 -0.618613
1.633460 0.276262 0.024445 0.035719 0.528327 -0.520064 -0.260234 -0.618613
1.636001 0.276262 0.024445 0.035719 0.534009 -0.514228 -0.267015 -0.615716
1.638541 0.276262 0.024445 0.035719 0.527772 -0.518181 -0.275018 -0.614256
1.641081 0.276262 0.024445 0.035607 0.533433 -0.512351 -0.281750 -0.611197
1.643622 0.276262 0.024445 0.035607 0.526123 -0.513712 -0.290755 -0.612173
1.646162 0.276374 0.024445 0.035607 0.531735 -0.507901 -0.297463 -0.608942
1.648703 0.276374 0.024445 0.035607 0.531735 -0.507901 -0.297463 -0.608942
1.651243 0.276374 0.024445 0.035496 0.537283 -0.502029 -0.304135 -0.605637
1.653783 0.276374 0.024445 0.035496 0.536116 -0.499480 -0.305302 -0.608186
1.656324 0.276485 0.024445 0.035496 0.535522 -0.497968 -0.319682 -0.602534
1.658864 0.276485 0.024557 0.035496 0.546961 -0.487581 -0.318590 -0.601331
1.661404 0.276485 0.024557 0.035496 0.545684 -0.485086 -0.319867 -0.603826
1.663945 0.276485 0.024557 0.035496 0.550980 -0.479061 -0.326482 -0.600276
1.666485 0.276485 0.024557 0.035496 0.561963 -0.468169 -0.325458 -0.599243
1.669026 0.276597 0.024557 0.035496 0.567073 -0.461967 -0.332021 -0.595631
1.671566 0.276597 0.024668 0.035496 0.566098 -0.460575 -0.319370 -0.604489
1.674106 0.276597 0.024668 0.035496 0.571124 -0.454328 -0.325992 -0.600943
1.676647 0.276597 0.024668 0.035607 0.576603 -0.449200 -0.318427 -0.603617
1.679187 0.276597 0.024668 0.035607 0.586855 -0.437597 -0.317464 -0.602767
1.681727 0.276597 0.024668 0.035607 0.592136 -0.432302 -0.309851 -0.605378
1.684268 0.276597 0.024668 0.035719 0.592136 -0.432302 -0.309851 -0.605378
1.686808 0.276597 0.024668 0.035719 0.597345 -0.426956 -0.302200 -0.607916
1.689349 0.276597 0.024668 0.035719 0.602483 -0.421558 -0.294513 -0.610381
1.691889 0.276597 0.024668 0.035719 0.602483 -0.421558 -0.294513 -0.610381
1.694429 0.276597 0.024557 0.035830 0.607548 -0.416109 -0.286791 -0.612773
1.696970 0.276597 0.024557 0.035830 0.614243 -0.412933 -0.291345 -0.606061
1.699510 0.276597 0.024557 0.035830 0.614745 -0.414298 -0.276828 -0.611402
1.702050 0.276597 0.024557 0.035830 0.614745 -0.414298 -0.276828 -0.611402
1.704591 0.276597 0.024557 0.035830 0.619747 -0.408890 -0.268953 -0.613504
1.707131 0.276485 0.024557 0.035830 0.615217 -0.415674 -0.262197 -0.616422
1.709672 0.276485 0.024557 0.035942 0.615217 -0.415674 -0.262197 -0.616422
1.712212 0.276485 0.024445 0.035942 0.621952 -0.412768 -0.266747 -0.609626
1.714752 0.276485 0.024445 0.035942 0.621952 -0.412768 -0.266747 -0.609626
1.717293 0.276597 0.024445 0.035942 0.622445 -0.414316 -0.252026 -0.614318
1.719833 0.276597 0.024445 0.035942 0.622445 -0.414316 -0.252026 -0.614318
1.722373 0.276597 0.024445 0.035942 0.622445 -0.414316 -0.252026 -0.614318
1.724914 0.276597 0.024445 0.035942 0.617856 -0.421129 -0.245261 -0.617050
1.727454 0.276597 0.024445 0.035942 0.617856 -0.421129 -0.245261 -0.617050
1.729994 0.276597 0.024445 0.035942 0.617856 -0.421129 -0.245261 -0.617050
1.732535 0.276597 0.024445 0.035942 0.613192 -0.427892 -0.238468 -0.619707
1.735075 0.276709 0.024445 0.035830 0.613192 -0.427892 -0.238468 -0.619707
1.737616 0.276709 0.024445 0.035830 0.608454 -0.434602 -0.231645 -0.622290
1.740156 0.276820 0.024445 0.035830 0.603218 -0.439693 -0.239708 -0.620756
1.742696 0.276820 0.024445 0.035830 0.598351 -0.446293 -0.232874 -0.623352
1.745237 0.276932 0.024557 0.035830 0.593412 -0.452840 -0.226012 -0.625873
1.747777 0.276932 0.024557 0.035719 0.587994 -0.457760 -0.234080 -0.624441
1.750317 0.276932 0.024557 0.035719 0.582929 -0.464192 -0.227205 -0.626975
1.752858 0.277044 0.024557 0.035719 0.572200 -0.475310 -0.228374 -0.628103
1.755398 0.277044 0.024557 0.035607 0.559617 -0.482564 -0.231130 -0.632883
1.757939 0.277155 0.024557 0.035607 0.554281 -0.488683 -0.224163 -0.635384
1.760479 0.277155 0.024557 0.035607 0.543061 -0.499331 -0.225164 -0.636439
1.763019 0.277155 0.024557 0.035607 0.544529 -0.502840 -0.223696 -0.632930
1.765560 0.277155 0.024557 0.035607 0.538972 -0.508792 -0.216729 -0.635349
1.768100 0.277155 0.024557 0.035496 0.526312 -0.516955 -0.204069 -0.643513
1.770640 0.277155 0.024557 0.035496 0.508704 -0.532592 -0.197917 -0.646835
1.773181 0.277155 0.024557 0.035496 0.502822 -0.538149 -0.190799 -0.648970
1.775721 0.277267 0.024445 0.035496 0.496879 -0.543640 -0.183657 -0.651027
1.778262 0.277267 0.024445 0.035496 0.497135 -0.545072 -0.168430 -0.653747
1.780802 0.277267 0.024445 0.035496 0.497359 -0.546509 -0.153146 -0.656131
1.783342 0.277267 0.024445 0.035384 0.491325 -0.551940 -0.145929 -0.657774
1.785883 0.277267 0.024333 0.035384 0.484225 -0.554785 -0.124487 -0.665013
1.788423 0.277378 0.024333 0.035384 0.478101 -0.560071 -0.117174 -0.666340
1.790963 0.277378 0.024333 0.035384 0.484353 -0.556063 -0.109081 -0.666556
1.793504 0.277378 0.024333 0.035384 0.484453 -0.557344 -0.093644 -0.667760
1.796044 0.277490 0.024333 0.035384 0.490633 -0.553270 -0.085526 -0.667726
1.798585 0.277490 0.024445 0.035384 0.490633 -0.553270 -0.085526 -0.667726
1.801125 0.277602 0.024445 0.035384 0.489389 -0.549946 -0.071360 -0.673028
1.803665 0.277602 0.024445 0.035496 0.495451 -0.545649 -0.063268 -0.672898
1.806206 0.277602 0.024445 0.035496 0.495451 -0.545649 -0.063268 -0.672898
1.808746 0.277713 0.024445 0.035496 0.507370 -0.535745 -0.062556 -0.672041
1.811286 0.277713 0.024445 0.035496 0.507370 -0.535745 -0.062556 -0.672041
1.813827 0.277713 0.024557 0.035496 0.505851 -0.531819 -0.048608 -0.677437
1.816367 0.277825 0.024557 0.035496 0.511663 -0.526229 -0.056047 -0.676862
1.818908 0.277825 0.024557 0.035496 0.517445 -0.521520 -0.047981 -0.676731
1.821448 0.277825 0.024557 0.035496 0.509979 -0.522016 -0.042249 -0.682375
1.823988 0.277937 0.024557 0.035496 0.515684 -0.516381 -0.049743 -0.681870
1.826529 0.277937 0.024557 0.035496 0.521352 -0.511458 -0.041722 -0.681808
1.829069 0.277937 0.024557 0.035496 0.521352 -0.511458 -0.041722 -0.681808
1.831609 0.277937 0.024557 0.035496 0.521352 -0.511458 -0.041722 -0.681808
1.834150 0.278048 0.024557 0.035496 0.532489 -0.500653 -0.041184 -0.681253
1.836690 0.278048 0.024557 0.035496 0.524973 -0.501075 -0.035681 -0.687062
1.839231 0.278048 0.024557 0.035384 0.524973 -0.501075 -0.035681 -0.687062
1.841771 0.278048 0.024557 0.035384 0.530460 -0.495881 -0.027706 -0.686984
1.844311 0.278160 0.024445 0.035384 0.535876 -0.490023 -0.035252 -0.686638
1.846852 0.278160 0.024445 0.035384 0.541240 -0.484709 -0.027272 -0.686565
1.849392 0.278160 0.024445 0.035384 0.546533 -0.478734 -0.034813 -0.686224
1.851932 0.278271 0.024445 0.035384 0.551759 -0.472701 -0.042350 -0.685801
1.854473 0.278271 0.024445 0.035384 0.551759 -0.472701 -0.042350 -0.685801
1.857013 0.278271 0.024445 0.035384 0.562039 -0.461066 -0.041898 -0.685401
1.859554 0.278383 0.024445 0.035384 0.572033 -0.448606 -0.056947 -0.684315
1.862094 0.278383 0.024445 0.035384 0.576927 -0.442295 -0.064461 -0.683648
1.864634 0.278383 0.024445 0.035384 0.589219 -0.435113 -0.076753 -0.676466
1.867175 0.278383 0.024445 0.035384 0.598705 -0.422833 -0.076141 -0.675994
1.869715 0.278383 0.024445 0.035384 0.610695 -0.415287 -0.088130 -0.668447
1.872255 0.278495 0.024445 0.035384 0.619671 -0.401769 -0.102795 -0.666350
1.874796 0.278495 0.024445 0.035384 0.635740 -0.387850 -0.106285 -0.658870
1.877336 0.278495 0.024445 0.035384 0.639963 -0.380842 -0.113517 -0.657663
1.879877 0.278495 0.024445 0.035384 0.644108 -0.373789 -0.120735 -0.656376
1.882417 0.278495 0.024445 0.035384 0.659490 -0.359312 -0.123746 -0.648579
1.884957 0.278495 0.024445 0.035384 0.663398 -0.352045 -0.130863 -0.647180
1.887498 0.278383 0.024445 0.035384 0.667225 -0.344736 -0.137966 -0.645704
1.890038 0.278383 0.024445 0.035384 0.671170 -0.338654 -0.129753 -0.646535
1.892578 0.278383 0.024445 0.035384 0.671510 -0.326488 -0.125048 -0.653332
1.895119 0.278383 0.024445 0.035384 0.671510 -0.326488 -0.125048 -0.653332
1.897659 0.278383 0.024445 0.035384 0.675056 -0.319091 -0.132218 -0.651919
1.900200 0.278383 0.024333 0.035384 0.671480 -0.314101 -0.120618 -0.660232
1.902740 0.278383 0.024333 0.035384 0.671480 -0.314101 -0.120618 -0.660232
1.905280 0.278383 0.024333 0.035384 0.667722 -0.308857 -0.109129 -0.668465
1.907821 0.278383 0.024222 0.035384 0.664288 -0.316174 -0.101779 -0.669624
1.910361 0.278383 0.024222 0.035384 0.660411 -0.310636 -0.090319 -0.677647
1.912901 0.278383 0.024110 0.035272 0.660411 -0.310636 -0.090319 -0.677647
1.915442 0.278383 0.024110 0.035272 0.652927 -0.311609 -0.086901 -0.684861
1.917982 0.278383 0.023999 0.035272 0.652927 -0.311609 -0.086901 -0.684861
1.920523 0.278383 0.023999 0.035272 0.652927 -0.311609 -0.086901 -0.684861
1.923063 0.278383 0.023887 0.035272 0.648787 -0.305697 -0.075631 -0.692752
1.925603 0.278383 0.023887 0.035161 0.648787 -0.305697 -0.075631 -0.692752
1.928144 0.278383 0.023775 0.035161 0.648787 -0.305697 -0.075631 -0.692752
1.930684 0.278495 0.023775 0.035161 0.652106 -0.298551 -0.083237 -0.691879
1.933224 0.278495 0.023664 0.035161 0.652106 -0.298551 -0.083237 -0.691879
1.935765 0.278495 0.023664 0.035161 0.662898 -0.290353 -0.094028 -0.683682
1.938305 0.278495 0.023664 0.035161 0.666047 -0.283053 -0.101534 -0.682607
1.940846 0.278495 0.023552 0.035161 0.672168 -0.268779 -0.101136 -0.682437
1.943386 0.278495 0.023552 0.035272 0.675080 -0.261378 -0.108627 -0.681285
1.945926 0.278495 0.023552 0.035272 0.680726 -0.246910 -0.108225 -0.681127
1.948467 0.278495 0.023552 0.035272 0.690826 -0.238131 -0.118324 -0.672348
1.951007 0.278495 0.023440 0.035272 0.698404 -0.215831 -0.125133 -0.670814
1.953547 0.278495 0.023440 0.035384 0.700733 -0.208145 -0.132495 -0.669398
1.956088 0.278495 0.023440 0.035384 0.707330 -0.185532 -0.139262 -0.667733
1.958628 0.278495 0.023440 0.035384 0.711355 -0.170538 -0.138680 -0.667577
1.961169 0.278495 0.023440 0.035496 0.715049 -0.155458 -0.138094 -0.667433
1.963709 0.278495 0.023440 0.035496 0.719909 -0.132401 -0.144828 -0.665752
1.966249 0.278495 0.023440 0.035496 0.722770 -0.117142 -0.144235 -0.665641
1.968790 0.278495 0.023329 0.035496 0.724013 -0.109194 -0.151539 -0.664016
1.971330 0.278495 0.023329 0.035496 0.726370 -0.093849 -0.150943 -0.663925
1.973870 0.278606 0.023329 0.035496 0.727357 -0.085863 -0.158228 -0.662226
1.976411 0.278606 0.023329 0.035496 0.729206 -0.070449 -0.157629 -0.662154
1.978951 0.278606 0.023329 0.035496 0.729936 -0.062434 -0.164894 -0.660383
1.981491 0.278606 0.023329 0.035496 0.722637 -0.064241 -0.164198 -0.668362
1.984032 0.278606 0.023217 0.035496 0.723299 -0.056299 -0.171531 -0.666518
1.986572 0.278606 0.023217 0.035496 0.723874 -0.048349 -0.178843 -0.664593
1.989113 0.278606 0.023217 0.035496 0.716529 -0.050311 -0.178301 -0.672506
1.991653 0.278606 0.023217 0.035384 0.716461 -0.050058 -0.193295 -0.668443
1.994193 0.278718 0.023217 0.035384 0.709604 -0.044385 -0.200151 -0.674115
1.996734 0.278718 0.023217 0.035384 0.709048 -0.052091 -0.207636 -0.671881
1.999274 0.278718 0.023217 0.035384 0.701648 -0.054445 -0.221854 -0.674912
2.001814 0.278718 0.023217 0.035272 0.694272 -0.057116 -0.235936 -0.677538
2.004355 0.278718 0.023217 0.035272 0.686787 -0.059704 -0.235295 -0.685125
2.006895 0.278718 0.023217 0.035272 0.679423 -0.062841 -0.249195 -0.687268
2.009436 0.278718 0.023106 0.035272 0.678902 -0.070854 -0.256141 -0.684444
2.011976 0.278718 0.023106 0.035272 0.671628 -0.074370 -0.269726 -0.686027
2.014516 0.278718 0.023106 0.035272 0.664420 -0.078185 -0.283132 -0.687219
2.017057 0.278829 0.023106 0.035272 0.656345 -0.089509 -0.288770 -0.691239
2.019597 0.278829 0.023106 0.035272 0.649691 -0.085544 -0.295425 -0.695204
2.022137 0.278829 0.023106 0.035272 0.641615 -0.097137 -0.300727 -0.698898
2.024678 0.278829 0.023106 0.035272 0.642643 -0.090083 -0.308387 -0.695552
2.027218 0.278829 0.023106 0.035272 0.634963 -0.093465 -0.307379 -0.702570
2.029759 0.278829 0.023106 0.035272 0.635698 -0.094901 -0.321132 -0.695525
2.032299 0.278829 0.023106 0.035384 0.629062 -0.091518 -0.327769 -0.698908
2.034839 0.278829 0.023106 0.035384 0.629062 -0.091518 -0.327769 -0.698908
2.037380 0.278941 0.023106 0.035384 0.622354 -0.088281 -0.334477 -0.702145
2.039920 0.278941 0.023217 0.035384 0.623286 -0.081438 -0.342171 -0.698428
2.042460 0.278941 0.023217 0.035496 0.623319 -0.089978 -0.347874 -0.694522
2.045001 0.278941 0.023217 0.035496 0.616644 -0.087025 -0.354549 -0.697475
2.047541 0.278941 0.023217 0.035496 0.617563 -0.080245 -0.362190 -0.693538
2.050082 0.279053 0.023217 0.035496 0.618408 -0.073455 -0.369787 -0.689517
2.052622 0.279053 0.023217 0.035607 0.611126 -0.086158 -0.374296 -0.692102
2.055162 0.279053 0.023329 0.035607 0.612035 -0.079439 -0.381877 -0.687948
2.057703 0.279053 0.023329 0.035607 0.612871 -0.072710 -0.389412 -0.683711
2.060243 0.279053 0.023329 0.035607 0.605817 -0.085667 -0.393692 -0.686042
2.062783 0.279164 0.023329 0.035607 0.607238 -0.087673 -0.406212 -0.677176
2.065324 0.279164 0.023329 0.035607 0.599762 -0.092131 -0.405224 -0.683806
2.067864 0.279164 0.023329 0.035607 0.592213 -0.096577 -0.404188 -0.690354
2.070405 0.279164 0.023329 0.035607 0.592757 -0.105341 -0.408954 -0.685784
2.072945 0.279164 0.023329 0.035607 0.585187 -0.109827 -0.407772 -0.692254
2.075485 0.279164 0.023329 0.035607 0.577547 -0.114300 -0.406540 -0.698642
2.078026 0.279164 0.023329 0.035607 0.577547 -0.114300 -0.406540 -0.698642
2.080566 0.279164 0.023329 0.035607 0.568497 -0.125013 -0.397491 -0.709354
2.083106 0.279164 0.023329 0.035607 0.560670 -0.129372 -0.396094 -0.715557
2.085647 0.279276 0.023217 0.035719 0.559215 -0.135524 -0.388209 -0.719865
2.088187 0.279276 0.023217 0.035719 0.551273 -0.139781 -0.386696 -0.725965
2.090728 0.279276 0.023217 0.035719 0.549704 -0.145829 -0.378698 -0.730170
2.093268 0.279276 0.023217 0.035719 0.539969 -0.155922 -0.368962 -0.740263
2.095808 0.279276 0.023106 0.035719 0.538223 -0.161845 -0.360807 -0.744272
2.098349 0.279276 0.023106 0.035830 0.528160 -0.171611 -0.350745 -0.754039
2.100889 0.279276 0.023106 0.035830 0.526243 -0.177404 -0.342440 -0.757846
2.103429 0.279276 0.023106 0.035830 0.526371 -0.186528 -0.346812 -0.753567
2.105970 0.279276 0.023106 0.035830 0.524290 -0.192299 -0.338512 -0.757331
2.108510 0.279276 0.022994 0.035830 0.522146 -0.198048 -0.330171 -0.761005
2.111051 0.279276 0.022994 0.035830 0.511507 -0.207295 -0.319533 -0.770252
2.113591 0.279276 0.022994 0.035942 0.511507 -0.207295 -0.319533 -0.770252
2.116131 0.279276 0.022994 0.035942 0.508909 -0.222047 -0.315470 -0.769536
2.118672 0.279276 0.022994 0.035942 0.506439 -0.227624 -0.306996 -0.772956
2.121212 0.279276 0.022994 0.035942 0.503356 -0.242282 -0.302959 -0.772106
2.123752 0.279276 0.022994 0.035942 0.503356 -0.242282 -0.302959 -0.772106
2.126293 0.279276 0.022994 0.035942 0.499952 -0.256869 -0.298940 -0.771169
2.128833 0.279276 0.023106 0.035942 0.497099 -0.262346 -0.290450 -0.774406
2.131374 0.279276 0.023106 0.035942 0.488562 -0.265521 -0.287551 -0.779821
2.133914 0.279276 0.023106 0.035942 0.485615 -0.270873 -0.278966 -0.782933
2.136454 0.279276 0.023217 0.035942 0.482610 -0.276191 -0.270348 -0.785950
2.138995 0.279276 0.023217 0.036054 0.469773 -0.293432 -0.263022 -0.789956
2.141535 0.279276 0.023217 0.036054 0.466521 -0.298575 -0.254327 -0.792798
2.144075 0.279276 0.023329 0.036054 0.457783 -0.301351 -0.251032 -0.797875
2.146616 0.279276 0.023440 0.036054 0.446811 -0.299837 -0.234548 -0.809596
2.149156 0.279276 0.023440 0.036054 0.443490 -0.304727 -0.225640 -0.812124
2.151697 0.279276 0.023440 0.036054 0.427687 -0.316661 -0.204276 -0.821633
2.154237 0.279276 0.023552 0.036054 0.424182 -0.321340 -0.195237 -0.823828
2.156777 0.279388 0.023552 0.036054 0.407899 -0.332508 -0.173447 -0.832450
2.159318 0.279388 0.023552 0.036054 0.404221 -0.336969 -0.164291 -0.834305
2.161858 0.279388 0.023552 0.036054 0.389414 -0.338153 -0.137693 -0.845606
2.164398 0.279388 0.023552 0.036054 0.381890 -0.346627 -0.119081 -0.848428
2.166939 0.279388 0.023552 0.036054 0.374182 -0.354934 -0.100412 -0.850839
2.169479 0.279499 0.023552 0.036054 0.366294 -0.363069 -0.081694 -0.852840
2.172020 0.279499 0.023664 0.036054 0.358229 -0.371029 -0.062937 -0.854429
2.174560 0.279499 0.023664 0.036054 0.354131 -0.374942 -0.053546 -0.855069
2.177100 0.279611 0.023552 0.035942 0.345807 -0.382632 -0.034746 -0.856039
2.179641 0.279611 0.023552 0.035942 0.337317 -0.390138 -0.015930 -0.856596
2.182181 0.279611 0.023664 0.035942 0.319232 -0.397399 0.007260 -0.860298
2.184721 0.279722 0.023664 0.035942 0.314847 -0.400882 0.016711 -0.860166
2.187262 0.279722 0.023664 0.035942 0.310424 -0.404317 0.026160 -0.859931
2.189802 0.279722 0.023775 0.035942 0.315388 -0.408069 0.031124 -0.856178
2.192343 0.279834 0.023775 0.035942 0.310886 -0.411510 0.040529 -0.855785
2.194883 0.279834 0.023775 0.035942 0.306347 -0.414900 0.049928 -0.855288
2.197423 0.279834 0.023775 0.035942 0.310189 -0.406291 0.055018 -0.857720
2.199964 0.279946 0.023775 0.035942 0.296273 -0.408942 0.068934 -0.860370
2.202504 0.279946 0.023887 0.035942 0.291762 -0.412172 0.078382 -0.859561
2.205044 0.279946 0.023887 0.035942 0.287216 -0.415353 0.087821 -0.858648
2.207585 0.279946 0.023887 0.035942 0.287216 -0.415353 0.087821 -0.858648
2.210125 0.280057 0.023887 0.035942 0.286794 -0.409944 0.102335 -0.859780
2.212665 0.280057 0.023887 0.035942 0.291689 -0.414273 0.107230 -0.855451
2.215206 0.280057 0.023887 0.035942 0.291689 -0.414273 0.107230 -0.855451
2.217746 0.280057 0.023887 0.036054 0.287120 -0.417453 0.116622 -0.854222
2.220287 0.280057 0.023775 0.036054 0.287120 -0.417453 0.116622 -0.854222
2.222827 0.280057 0.023775 0.036054 0.282517 -0.420582 0.125999 -0.852889
2.225367 0.280057 0.023775 0.036054 0.282517 -0.420582 0.125999 -0.852889
2.227908 0.280057 0.023775 0.036054 0.282517 -0.420582 0.125999 -0.852889
2.230448 0.280169 0.023775 0.036054 0.282517 -0.420582 0.125999 -0.852889
2.232988 0.280169 0.023775 0.036054 0.282517 -0.420582 0.125999 -0.852889
2.235529 0.280169 0.023775 0.036054 0.282517 -0.420582 0.125999 -0.852889
2.238069 0.280169 0.023775 0.036054 0.282517 -0.420582 0.125999 -0.852889
2.240610 0.280169 0.023775 0.036054 0.282517 -0.420582 0.125999 -0.852889
2.243150 0.280169 0.023775 0.036054 0.282517 -0.420582 0.125999 -0.852889
2.245690 0.280169 0.023887 0.036054 0.282517 -0.420582 0.125999 -0.852889
2.248231 0.280057 0.023887 0.036054 0.282517 -0.420582 0.125999 -0.852889
2.250771 0.280057 0.023887 0.035942 0.282517 -0.420582 0.125999 -0.852889
2.253311 0.280057 0.023887 0.035942 0.282517 -0.420582 0.125999 -0.852889
2.255852 0.280057 0.023887 0.035942 0.282517 -0.420582 0.125999 -0.852889
2.258392 0.280057 0.023887 0.035942 0.282517 -0.420582 0.125999 -0.852889
2.260933 0.280057 0.023887 0.035942 0.282517 -0.420582 0.125999 -0.852889
2.263473 0.280057 0.023887 0.035942 0.287120 -0.417453 0.116622 -0.854222
2.266013 0.280057 0.023887 0.035942 0.277718 -0.416146 0.121201 -0.857324
2.268554 0.280057 0.023887 0.035942 0.277718 -0.416146 0.121201 -0.857324
2.271094 0.280057 0.023887 0.035942 0.277718 -0.416146 0.121201 -0.857324
2.273634 0.280057 0.023887 0.035942 0.277718 -0.416146 0.121201 -0.857324
2.276175 0.280057 0.023887 0.035942 0.277718 -0.416146 0.121201 -0.857324
2.278715 0.280057 0.023887 0.035942 0.277718 -0.416146 0.121201 -0.857324
2.281256 0.280057 0.023887 0.035942 0.282273 -0.413070 0.111775 -0.858604
2.283796 0.280057 0.023887 0.035942 0.282273 -0.413070 0.111775 -0.858604
2.286336 0.280057 0.023887 0.035942 0.268595 -0.420365 0.111289 -0.859514
2.288877 0.280057 0.023887 0.035942 0.268595 -0.420365 0.111289 -0.859514
2.291417 0.280057 0.023999 0.035942 0.268595 -0.420365 0.111289 -0.859514
2.293957 0.280057 0.023999 0.035942 0.268595 -0.420365 0.111289 -0.859514
2.296498 0.280057 0.023999 0.035942 0.273197 -0.417389 0.101840 -0.860685
2.299038 0.280057 0.023999 0.035942 0.273197 -0.417389 0.101840 -0.860685
2.301579 0.280057 0.023999 0.035942 0.273197 -0.417389 0.101840 -0.860685
2.304119 0.280057 0.023999 0.035942 0.273197 -0.417389 0.101840 -0.860685
2.306659 0.280057 0.023999 0.035942 0.273197 -0.417389 0.101840 -0.860685
2.309200 0.280057 0.023999 0.035942 0.263725 -0.416245 0.106419 -0.863634
2.311740 0.280057 0.023999 0.035942 0.259583 -0.424843 0.101509 -0.861290
2.314280 0.280057 0.023999 0.035942 0.264234 -0.421966 0.092040 -0.862353
2.316821 0.280057 0.023999 0.035942 0.264234 -0.421966 0.092040 -0.862353
2.319361 0.280057 0.023999 0.035942 0.254744 -0.420929 0.096670 -0.865204
2.321902 0.280057 0.023999 0.035942 0.250693 -0.429575 0.091869 -0.862658
2.324442 0.280057 0.023999 0.035942 0.250693 -0.429575 0.091869 -0.862658
2.326982 0.280057 0.023999 0.035830 0.241200 -0.428540 0.096583 -0.865360
2.329523 0.280057 0.023999 0.035830 0.237148 -0.437186 0.091865 -0.862665
2.332063 0.280057 0.023999 0.035830 0.227656 -0.436150 0.096663 -0.865218
2.334603 0.280057 0.023887 0.035830 0.227656 -0.436150 0.096663 -0.865218
2.337144 0.280057 0.023887 0.035830 0.232434 -0.433623 0.087152 -0.866228
2.339684 0.280057 0.023887 0.035830 0.222904 -0.432639 0.091910 -0.868729
2.342225 0.280169 0.023887 0.035830 0.222904 -0.432639 0.091910 -0.868729
2.344765 0.280169 0.023887 0.035830 0.226800 -0.423848 0.096406 -0.871562
2.347305 0.280169 0.023887 0.035830 0.226800 -0.423848 0.096406 -0.871562
2.349846 0.280169 0.023887 0.035830 0.226800 -0.423848 0.096406 -0.871562
2.352386 0.280169 0.023887 0.035830 0.221049 -0.413873 0.105443 -0.876772
2.354926 0.280281 0.023887 0.035830 0.225583 -0.411419 0.095804 -0.877877
2.357467 0.280281 0.023887 0.035830 0.225583 -0.411419 0.095804 -0.877877
2.360007 0.280281 0.023887 0.035830 0.233703 -0.399894 0.090468 -0.881637
2.362548 0.280392 0.023887 0.035830 0.233703 -0.399894 0.090468 -0.881637
2.365088 0.280392 0.023887 0.035830 0.228372 -0.396391 0.085137 -0.885140
2.367628 0.280392 0.023887 0.035830 0.236069 -0.384664 0.079551 -0.888806
2.370169 0.280504 0.023887 0.035830 0.230492 -0.381258 0.073975 -0.892213
2.372709 0.280504 0.023887 0.035830 0.237760 -0.369348 0.068140 -0.895773
2.375249 0.280504 0.023887 0.035830 0.235947 -0.363481 0.052439 -0.899700
2.377790 0.280615 0.023887 0.035830 0.239926 -0.360867 0.042551 -0.900222
2.380330 0.280615 0.023887 0.035830 0.236552 -0.348222 0.040223 -0.906183
2.382871 0.280615 0.023887 0.035719 0.230389 -0.345249 0.034060 -0.909156
2.385411 0.280727 0.023887 0.035719 0.236479 -0.332955 0.027526 -0.912393
2.387951 0.280727 0.023775 0.035719 0.230082 -0.330125 0.021129 -0.915223
2.390492 0.280839 0.023775 0.035719 0.235730 -0.317711 0.014355 -0.918305
2.393032 0.280839 0.023775 0.035607 0.225628 -0.317534 0.017845 -0.920840
2.395572 0.280950 0.023775 0.035607 0.227604 -0.307594 0.021016 -0.923656
2.398113 0.280950 0.023664 0.035607 0.232809 -0.295078 0.014007 -0.926571
2.400653 0.281062 0.023664 0.035607 0.224397 -0.284839 0.020275 -0.931720
2.403194 0.281174 0.023664 0.035607 0.226152 -0.274737 0.023299 -0.934255
2.405734 0.281174 0.023552 0.035607 0.227880 -0.264602 0.026321 -0.936677
2.408274 0.281285 0.023552 0.035607 0.227880 -0.264602 0.026321 -0.936677
2.410815 0.281397 0.023552 0.035607 0.229580 -0.254435 0.029340 -0.938986
2.413355 0.281397 0.023440 0.035607 0.231253 -0.244238 0.032355 -0.941182
2.415895 0.281508 0.023440 0.035607 0.232897 -0.234011 0.035366 -0.943264
2.418436 0.281508 0.023440 0.035607 0.234514 -0.223756 0.038373 -0.945232
2.420976 0.281620 0.023329 0.035607 0.225683 -0.213006 0.043718 -0.949623
2.423517 0.281620 0.023329 0.035496 0.228009 -0.210514 0.033283 -0.950046
2.426057 0.281620 0.023329 0.035496 0.229436 -0.200157 0.036147 -0.951835
2.428597 0.281732 0.023329 0.035496 0.221147 -0.197330 0.027858 -0.954662
2.431138 0.281732 0.023329 0.035496 0.221147 -0.197330 0.027858 -0.954662
2.433678 0.281732 0.023329 0.035384 0.211892 -0.186557 0.032636 -0.958766
2.436218 0.281732 0.023217 0.035384 0.211892 -0.186557 0.032636 -0.958766
2.438759 0.281732 0.023217 0.035384 0.204468 -0.173445 0.026599 -0.963017
2.441299 0.281732 0.023217 0.035384 0.204468 -0.173445 0.026599 -0.963017
2.443840 0.281732 0.023217 0.035384 0.194922 -0.162577 0.030858 -0.966758
2.446380 0.281732 0.023217 0.035272 0.184290 -0.162228 0.032643 -0.968842
2.448920 0.281732 0.023106 0.035272 0.173635 -0.161859 0.034423 -0.970808
2.451461 0.281732 0.023106 0.035272 0.173635 -0.161859 0.034423 -0.970808
2.454001 0.281732 0.022994 0.035272 0.162959 -0.161471 0.036199 -0.972657
2.456541 0.281843 0.022994 0.035272 0.164723 -0.159671 0.025511 -0.972996
2.459082 0.281843 0.022994 0.035161 0.154865 -0.148693 0.029132 -0.976247
2.461622 0.281843 0.022882 0.035161 0.154865 -0.148693 0.029132 -0.976247
2.464162 0.281843 0.022882 0.035161 0.144131 -0.148364 0.030764 -0.977890
2.466703 0.281955 0.022882 0.035161 0.144131 -0.148364 0.030764 -0.977890
2.469243 0.281955 0.022771 0.035161 0.134997 -0.146543 0.021630 -0.979711
2.471784 0.281955 0.022771 0.035161 0.134997 -0.146543 0.021630 -0.979711
2.474324 0.282066 0.022771 0.035161 0.136599 -0.145051 0.010866 -0.979889
2.476864 0.282066 0.022771 0.035161 0.138184 -0.143541 0.000100 -0.979950
2.479405 0.282178 0.022771 0.035272 0.128979 -0.142123 -0.009105 -0.981368
2.481945 0.282178 0.022771 0.035272 0.130533 -0.140698 -0.019886 -0.981208
2.484485 0.282290 0.022771 0.035272 0.132071 -0.139255 -0.030664 -0.980931
2.487026 0.282290 0.022771 0.035272 0.135098 -0.136320 -0.052209 -0.980020
2.489566 0.282401 0.022771 0.035272 0.136588 -0.134827 -0.062972 -0.979388
2.492107 0.282401 0.022771 0.035272 0.128767 -0.132714 -0.083022 -0.979241
2.494647 0.282401 0.022771 0.035272 0.131651 -0.129853 -0.104517 -0.977181
2.497187 0.282513 0.022771 0.035272 0.123757 -0.128305 -0.124559 -0.976067
2.499728 0.282513 0.022771 0.035384 0.125275 -0.114811 -0.144987 -0.974732
2.502268 0.282513 0.022771 0.035384 0.127767 -0.112031 -0.166367 -0.971312
2.504808 0.282513 0.022771 0.035384 0.116675 -0.101840 -0.174966 -0.972318
2.507349 0.282513 0.022771 0.035384 0.118884 -0.099252 -0.196286 -0.968239
2.509889 0.282513 0.022771 0.035384 0.110442 -0.099000 -0.216437 -0.964965
2.512430 0.282513 0.022771 0.035384 0.111523 -0.097780 -0.227025 -0.962528
2.514970 0.282513 0.022771 0.035384 0.111137 -0.084728 -0.247488 -0.958759
2.517510 0.282513 0.022659 0.035384 0.112061 -0.083502 -0.258006 -0.955982
2.520051 0.282513 0.022659 0.035384 0.112972 -0.082266 -0.268493 -0.953090
2.522591 0.282513 0.022659 0.035384 0.124300 -0.077950 -0.279821 -0.948775
2.525131 0.282513 0.022659 0.035384 0.125149 -0.076580 -0.290227 -0.945643
2.527672 0.282513 0.022659 0.035272 0.133261 -0.061474 -0.300592 -0.942394
2.530212 0.282513 0.022659 0.035272 0.133928 -0.060006 -0.310927 -0.939035
2.532753 0.282513 0.022659 0.035272 0.148129 -0.065339 -0.322745 -0.932537
2.535293 0.282513 0.022659 0.035272 0.148838 -0.063708 -0.332971 -0.928935
2.537833 0.282513 0.022659 0.035272 0.159684 -0.058295 -0.343817 -0.923522
2.540374 0.282625 0.022659 0.035272 0.166825 -0.042440 -0.353470 -0.919471
2.542914 0.282625 0.022659 0.035272 0.167281 -0.040605 -0.363550 -0.915532
2.545454 0.282625 0.022659 0.035272 0.177721 -0.034658 -0.373990 -0.909585
2.547995 0.282625 0.022659 0.035272 0.178091 -0.032703 -0.383960 -0.905422
2.550535 0.282736 0.022659 0.035272 0.184123 -0.018423 -0.383010 -0.905021
2.553076 0.282736 0.022659 0.035272 0.184315 -0.016399 -0.392930 -0.900758
2.555616 0.282736 0.022659 0.035272 0.180337 -0.004399 -0.401503 -0.897917
2.558156 0.282736 0.022659 0.035272 0.180375 -0.002417 -0.411343 -0.893452
2.560697 0.282736 0.022659 0.035384 0.176097 0.007511 -0.410012 -0.894887
2.563237 0.282736 0.022659 0.035384 0.176004 0.009445 -0.419818 -0.890329
2.565777 0.282848 0.022547 0.035384 0.171597 0.019324 -0.418452 -0.891672
2.568318 0.282848 0.022547 0.035384 0.166838 0.031036 -0.426819 -0.888272
2.570858 0.282848 0.022547 0.035384 0.162281 0.040860 -0.425365 -0.889416
2.573399 0.282848 0.022547 0.035384 0.152500 0.036185 -0.425788 -0.891145
2.575939 0.282848 0.022436 0.035384 0.147913 0.046020 -0.424390 -0.892131
2.578479 0.282848 0.022436 0.035384 0.143308 0.055849 -0.422940 -0.893009
2.581020 0.282848 0.022436 0.035384 0.143308 0.055849 -0.422940 -0.893009
2.583560 0.282848 0.022324 0.035384 0.138686 0.065672 -0.421440 -0.893780
2.586100 0.282848 0.022324 0.035384 0.134047 0.075487 -0.419888 -0.894442
2.588641 0.282848 0.022324 0.035384 0.124212 0.070869 -0.420692 -0.895861
2.591181 0.282848 0.022213 0.035384 0.119551 0.080692 -0.419198 -0.896365
2.593722 0.282848 0.022213 0.035384 0.118657 0.082001 -0.429020 -0.891705
2.596262 0.282848 0.022213 0.035384 0.118657 0.082001 -0.429020 -0.891705
2.598802 0.282848 0.022101 0.035384 0.118657 0.082001 -0.429020 -0.891705
2.601343 0.282848 0.022101 0.035384 0.113874 0.091762 -0.427480 -0.892117
2.603883 0.282848 0.022101 0.035384 0.113874 0.091762 -0.427480 -0.892117
2.606423 0.282848 0.021989 0.035384 0.112859 0.093007 -0.437255 -0.887367
2.608964 0.282848 0.021989 0.035384 0.112859 0.093007 -0.437255 -0.887367
2.611504 0.282848 0.021989 0.035384 0.112859 0.093007 -0.437255 -0.887367
2.614045 0.282848 0.021989 0.035384 0.102128 0.089325 -0.447986 -0.883685
2.616585 0.282848 0.021989 0.035272 0.101141 0.090442 -0.457667 -0.878710
2.619125 0.282848 0.021989 0.035272 0.101141 0.090442 -0.457667 -0.878710
2.621666 0.282848 0.021989 0.035272 0.100141 0.091547 -0.467293 -0.873629
2.624206 0.282848 0.021878 0.035272 0.094917 0.101094 -0.465821 -0.873946
2.626746 0.282848 0.021878 0.035272 0.093801 0.102131 -0.475394 -0.868776
2.629287 0.282848 0.021878 0.035272 0.093801 0.102131 -0.475394 -0.868776
2.631827 0.282848 0.021878 0.035272 0.077735 0.107255 -0.484594 -0.864652
2.634368 0.282848 0.021878 0.035272 0.076552 0.108102 -0.494064 -0.859276
2.636908 0.282848 0.021878 0.035272 0.076552 0.108102 -0.494064 -0.859276
2.639448 0.282848 0.021878 0.035161 0.069698 0.118235 -0.501998 -0.853909
2.641989 0.282848 0.021878 0.035161 0.068395 0.118993 -0.511348 -0.848343
2.644529 0.282848 0.021878 0.035161 0.071940 0.133807 -0.508372 -0.847631
2.647069 0.282959 0.021878 0.035161 0.070465 0.134590 -0.517654 -0.841994
2.649610 0.282959 0.021878 0.035161 0.070465 0.134590 -0.517654 -0.841994
2.652150 0.282959 0.021878 0.035161 0.063003 0.144414 -0.525174 -0.836282
2.654691 0.282959 0.021878 0.035161 0.052285 0.139218 -0.535891 -0.831087
2.657231 0.282959 0.021878 0.035161 0.052285 0.139218 -0.535891 -0.831087
2.659771 0.282959 0.021878 0.035161 0.050752 0.139784 -0.544989 -0.825149
2.662312 0.282959 0.021878 0.035049 0.050752 0.139784 -0.544989 -0.825149
2.664852 0.282959 0.021878 0.035049 0.049214 0.140334 -0.554022 -0.819112
2.667392 0.282959 0.021878 0.035049 0.049214 0.140334 -0.554022 -0.819112
2.669933 0.282959 0.021878 0.035049 0.032357 0.143478 -0.562930 -0.813312
2.672473 0.283071 0.021878 0.035049 0.032357 0.143478 -0.562930 -0.813312
2.675014 0.283071 0.021878 0.035049 0.023420 0.137285 -0.564472 -0.813619
2.677554 0.283071 0.021878 0.035049 0.021911 0.137534 -0.573377 -0.807368
2.680094 0.283071 0.021878 0.035049 0.013039 0.131226 -0.574853 -0.807560
2.682635 0.283071 0.021878 0.035049 0.011597 0.131362 -0.583690 -0.801196
2.685175 0.283183 0.021878 0.035049 -0.003768 0.133637 -0.583740 -0.800859
2.687715 0.283183 0.021878 0.035049 -0.013963 0.127070 -0.593935 -0.794292
2.690256 0.283294 0.021878 0.035049 -0.030751 0.128843 -0.602732 -0.786872
2.692796 0.283294 0.021878 0.035049 -0.046121 0.130775 -0.602881 -0.785688
2.695337 0.283406 0.021878 0.035049 -0.062915 0.132020 -0.611650 -0.777494
2.697877 0.283518 0.021766 0.035161 -0.071251 0.139714 -0.618850 -0.769693
2.700417 0.283518 0.021766 0.035161 -0.086572 0.141299 -0.619060 -0.767662
2.702958 0.283629 0.021766 0.035272 -0.103407 0.141751 -0.627675 -0.758444
2.705498 0.283741 0.021766 0.035272 -0.120205 0.141845 -0.636190 -0.748794
2.708038 0.283852 0.021654 0.035272 -0.135389 0.143079 -0.636437 -0.745752
2.710579 0.283852 0.021654 0.035384 -0.152079 0.142645 -0.644829 -0.735337
2.713119 0.283852 0.021543 0.035384 -0.153637 0.140965 -0.652868 -0.728208
2.715659 0.283964 0.021543 0.035496 -0.170244 0.139995 -0.661008 -0.717278
2.718200 0.283964 0.021431 0.035496 -0.171771 0.138116 -0.668848 -0.709972
2.720740 0.283964 0.021431 0.035496 -0.180986 0.128779 -0.678063 -0.700635
2.723281 0.283964 0.021320 0.035496 -0.182390 0.126783 -0.685720 -0.693144
2.725821 0.283964 0.021320 0.035607 -0.183836 0.109446 -0.695850 -0.685579
2.728361 0.283964 0.021208 0.035607 -0.185027 0.107420 -0.703340 -0.677893
2.730902 0.283964 0.021208 0.035607 -0.186900 0.087958 -0.720282 -0.662213
2.733442 0.283852 0.021208 0.035607 -0.187242 0.070489 -0.729393 -0.654185
2.735982 0.283852 0.021208 0.035607 -0.188746 0.066358 -0.743590 -0.638002
2.738523 0.283852 0.021208 0.035607 -0.188340 0.048862 -0.752091 -0.629682
2.741063 0.283852 0.021208 0.035607 -0.196091 0.036296 -0.766189 -0.610888
2.743604 0.283852 0.021208 0.035607 -0.196841 0.031979 -0.779426 -0.593907
2.746144 0.283852 0.021208 0.035719 -0.203819 0.018941 -0.792543 -0.574434
2.748684 0.283852 0.021208 0.035719 -0.210218 0.007924 -0.798941 -0.563417
2.751225 0.283852 0.021208 0.035719 -0.216324 -0.005608 -0.811114 -0.543384
2.753765 0.283852 0.021208 0.035719 -0.221908 -0.019399 -0.822694 -0.523026
2.756305 0.283852 0.021320 0.035830 -0.221681 -0.021835 -0.828390 -0.513956
2.758846 0.283852 0.021320 0.035830 -0.235473 -0.030003 -0.838353 -0.490731
2.761386 0.283852 0.021320 0.035830 -0.240404 -0.041855 -0.843284 -0.478879
2.763927 0.283964 0.021320 0.035830 -0.248895 -0.038757 -0.847616 -0.467008
2.766467 0.283964 0.021320 0.035830 -0.253467 -0.050854 -0.852188 -0.454910
2.769007 0.283964 0.021208 0.035830 -0.257772 -0.063049 -0.856494 -0.442715
2.771548 0.283964 0.021208 0.035830 -0.257064 -0.065877 -0.861306 -0.433279
2.774088 0.284076 0.021208 0.035830 -0.251846 -0.083574 -0.866021 -0.423788
2.776628 0.284076 0.021208 0.035830 -0.250912 -0.086336 -0.870625 -0.414249
2.779169 0.284076 0.021208 0.035830 -0.240683 -0.094242 -0.875894 -0.407431
2.781709 0.284076 0.021096 0.035830 -0.243989 -0.106546 -0.879200 -0.395127
2.784250 0.284076 0.021096 0.035830 -0.233429 -0.114165 -0.884158 -0.388255
2.786790 0.284187 0.021096 0.035719 -0.224025 -0.119097 -0.884722 -0.391019
2.789330 0.284187 0.020985 0.035719 -0.217425 -0.136128 -0.888009 -0.381621
2.791871 0.284187 0.020985 0.035719 -0.196828 -0.147886 -0.892755 -0.377328
2.794411 0.284187 0.020985 0.035607 -0.185561 -0.154597 -0.897018 -0.370171
2.796951 0.284187 0.020873 0.035607 -0.175907 -0.159135 -0.897080 -0.372799
2.799492 0.284187 0.020873 0.035607 -0.164425 -0.165470 -0.901105 -0.365505
2.802032 0.284187 0.020762 0.035607 -0.154681 -0.169863 -0.900979 -0.368045
2.804573 0.284187 0.020762 0.035607 -0.142996 -0.175817 -0.904761 -0.360622
2.807113 0.284299 0.020762 0.035607 -0.131183 -0.181512 -0.908379 -0.353118
2.809653 0.284299 0.020650 0.035607 -0.121294 -0.185625 -0.907980 -0.355533
2.812194 0.284299 0.020650 0.035607 -0.109299 -0.190928 -0.911349 -0.347914
2.814734 0.284299 0.020650 0.035607 -0.099338 -0.194887 -0.910756 -0.350249
2.817274 0.284299 0.020538 0.035607 -0.087176 -0.199792 -0.913872 -0.342523
2.819815 0.284299 0.020538 0.035607 -0.087176 -0.199792 -0.913872 -0.342523
2.822355 0.284411 0.020538 0.035607 -0.074908 -0.204428 -0.916817 -0.334730
2.824896 0.284411 0.020427 0.035607 -0.058947 -0.198679 -0.921829 -0.327542
2.827436 0.284411 0.020427 0.035607 -0.058947 -0.198679 -0.921829 -0.327542
2.829976 0.284411 0.020427 0.035607 -0.046575 -0.202743 -0.924474 -0.319491
2.832517 0.284411 0.020427 0.035607 -0.034117 -0.206535 -0.926941 -0.311384
2.835057 0.284411 0.020315 0.035607 -0.034117 -0.206535 -0.926941 -0.311384
2.837597 0.284411 0.020315 0.035719 -0.021579 -0.210051 -0.929229 -0.303225
2.840138 0.284411 0.020315 0.035719 -0.016050 -0.200019 -0.934758 -0.293192
2.842678 0.284411 0.020315 0.035719 -0.003494 -0.203098 -0.936811 -0.284823
2.845219 0.284299 0.020315 0.035719 -0.001262 -0.203124 -0.939884 -0.274514
2.847759 0.284299 0.020203 0.035719 0.009127 -0.205901 -0.938679 -0.276411
2.850299 0.284299 0.020203 0.035719 0.011389 -0.205788 -0.941659 -0.266082
2.852840 0.284299 0.020203 0.035719 0.024095 -0.208173 -0.943249 -0.257613
2.855380 0.284187 0.020203 0.035830 0.026380 -0.207896 -0.946022 -0.247235
2.857920 0.284187 0.020203 0.035830 0.028663 -0.207594 -0.948681 -0.236827
2.860461 0.284187 0.020203 0.035830 0.030942 -0.207266 -0.951226 -0.226391
2.863001 0.284076 0.020203 0.035830 0.038951 -0.219842 -0.947540 -0.228738
2.865542 0.284076 0.020203 0.035830 0.041364 -0.219401 -0.949995 -0.218315
2.868082 0.284076 0.020203 0.035942 0.043772 -0.218933 -0.952336 -0.207865
2.870622 0.284076 0.020203 0.035942 0.041486 -0.229382 -0.949874 -0.208333
2.873163 0.283964 0.020203 0.035942 0.044003 -0.228913 -0.952105 -0.197885
2.875703 0.283964 0.020203 0.035942 0.041826 -0.239359 -0.949533 -0.198357
2.878243 0.283964 0.020203 0.035942 0.044453 -0.238885 -0.951655 -0.187913
2.880784 0.283964 0.020203 0.035942 0.044453 -0.238885 -0.951655 -0.187913
2.883324 0.283964 0.020203 0.035942 0.044453 -0.238885 -0.951655 -0.187913
2.885865 0.284076 0.020203 0.035942 0.042386 -0.249325 -0.948973 -0.188390
2.888405 0.284076 0.020203 0.035942 0.052889 -0.250927 -0.947542 -0.190794
2.890945 0.284076 0.020203 0.035942 0.052889 -0.250927 -0.947542 -0.190794
2.893486 0.284076 0.020315 0.035942 0.052889 -0.250927 -0.947542 -0.190794
2.896026 0.284076 0.020315 0.035942 0.052889 -0.250927 -0.947542 -0.190794
2.898566 0.284076 0.020315 0.035942 0.052889 -0.250927 -0.947542 -0.190794
2.901107 0.284076 0.020315 0.035942 0.063385 -0.252498 -0.945997 -0.193175
2.903647 0.284076 0.020315 0.035942 0.063385 -0.252498 -0.945997 -0.193175
2.906188 0.284076 0.020315 0.035942 0.076661 -0.253212 -0.946429 -0.185146
2.908728 0.284187 0.020315 0.035830 0.076661 -0.253212 -0.946429 -0.185146
2.911268 0.284187 0.020315 0.035830 0.085091 -0.264971 -0.941827 -0.188445
2.913809 0.284187 0.020315 0.035830 0.085091 -0.264971 -0.941827 -0.188445
2.916349 0.284187 0.020315 0.035830 0.095550 -0.266314 -0.939951 -0.190891
2.918889 0.284187 0.020427 0.035830 0.098470 -0.265249 -0.941991 -0.180553
2.921430 0.284187 0.020427 0.035830 0.108931 -0.266445 -0.940028 -0.182997
2.923970 0.284299 0.020427 0.035719 0.119379 -0.267610 -0.937951 -0.185420
2.926511 0.284299 0.020427 0.035719 0.132758 -0.267300 -0.937769 -0.177528
2.929051 0.284299 0.020427 0.035719 0.141202 -0.278547 -0.932488 -0.181492
2.931591 0.284411 0.020427 0.035719 0.144253 -0.276979 -0.934426 -0.171237
2.934132 0.284411 0.020427 0.035719 0.154648 -0.277791 -0.932054 -0.173758
2.936672 0.284411 0.020538 0.035719 0.154648 -0.277791 -0.932054 -0.173758
2.939212 0.284411 0.020538 0.035719 0.168075 -0.276740 -0.931449 -0.166035
2.941753 0.284522 0.020538 0.035719 0.169889 -0.266491 -0.934433 -0.164179
2.944293 0.284522 0.020538 0.035719 0.169889 -0.266491 -0.934433 -0.164179
2.946834 0.284634 0.020538 0.035719 0.171682 -0.256209 -0.937305 -0.162302
2.949374 0.284634 0.020650 0.035719 0.171682 -0.256209 -0.937305 -0.162302
2.951914 0.284745 0.020650 0.035719 0.161245 -0.255490 -0.939747 -0.160004
2.954455 0.284745 0.020650 0.035719 0.160290 -0.246926 -0.940702 -0.168567
2.956995 0.284857 0.020650 0.035719 0.147106 -0.247667 -0.941161 -0.176741
2.959535 0.284857 0.020650 0.035719 0.149039 -0.237312 -0.943825 -0.175114
2.962076 0.284969 0.020650 0.035719 0.138536 -0.236253 -0.946068 -0.173057
2.964616 0.285080 0.020762 0.035719 0.127410 -0.226146 -0.948802 -0.179996
2.967156 0.285192 0.020762 0.035719 0.114388 -0.226162 -0.948813 -0.188470
2.969697 0.285304 0.020762 0.035719 0.111896 -0.227405 -0.946685 -0.198883
2.972237 0.285415 0.020762 0.035719 0.101368 -0.225891 -0.948636 -0.196943
2.974778 0.285415 0.020762 0.035719 0.098881 -0.226991 -0.946416 -0.207353
2.977318 0.285638 0.020762 0.035719 0.088358 -0.225335 -0.948274 -0.205409
2.979858 0.285638 0.020762 0.035719 0.083501 -0.236671 -0.943417 -0.216745
2.982399 0.285862 0.020873 0.035719 0.083501 -0.236671 -0.943417 -0.216745
2.984939 0.285973 0.020873 0.035719 0.083501 -0.236671 -0.943417 -0.216745
2.987479 0.286085 0.020873 0.035719 0.078396 -0.247897 -0.938312 -0.227972
2.990020 0.286196 0.020873 0.035719 0.075668 -0.248743 -0.935751 -0.238266
2.992560 0.286308 0.020762 0.035719 0.070196 -0.259796 -0.930279 -0.249318
2.995101 0.286420 0.020762 0.035719 0.080569 -0.261848 -0.928268 -0.251521
2.997641 0.286420 0.020762 0.035607 0.074807 -0.272868 -0.922507 -0.262542
3.000181 0.286531 0.020762 0.035607 0.071918 -0.282986 -0.919453 -0.263348
3.002722 0.286643 0.020650 0.035607 0.068805 -0.283760 -0.916505 -0.273433
3.005262 0.286643 0.020650 0.035607 0.075926 -0.286810 -0.911201 -0.285812
3.007802 0.286755 0.020538 0.035607 0.072770 -0.287627 -0.908006 -0.295806
3.010343 0.286755 0.020538 0.035607 0.066242 -0.298331 -0.901478 -0.306509
3.012883 0.286755 0.020427 0.035607 0.073088 -0.301627 -0.895599 -0.318720
3.015424 0.286866 0.020427 0.035607 0.066156 -0.312194 -0.888667 -0.329286
3.017964 0.286866 0.020427 0.035607 0.076221 -0.314826 -0.886047 -0.331655
3.020504 0.286866 0.020427 0.035607 0.072758 -0.315645 -0.882350 -0.341370
3.023045 0.286866 0.020315 0.035607 0.079003 -0.327994 -0.876047 -0.344557
3.025585 0.286866 0.020315 0.035607 0.085356 -0.331587 -0.869296 -0.356496
3.028125 0.286978 0.020315 0.035607 0.085356 -0.331587 -0.869296 -0.356496
3.030666 0.286978 0.020315 0.035607 0.091360 -0.343788 -0.862553 -0.359814
3.033206 0.286978 0.020315 0.035607 0.087401 -0.353243 -0.858724 -0.360796
3.035747 0.286978 0.020315 0.035607 0.097289 -0.355838 -0.855543 -0.363263
3.038287 0.287089 0.020315 0.035607 0.097299 -0.364169 -0.855533 -0.354932
3.040827 0.287089 0.020315 0.035607 0.107174 -0.366576 -0.852250 -0.357500
3.043368 0.287089 0.020315 0.035607 0.113075 -0.378243 -0.844759 -0.361288
3.045908 0.287201 0.020427 0.035607 0.113349 -0.386278 -0.844484 -0.353252
3.048448 0.287201 0.020427 0.035607 0.127425 -0.387035 -0.844835 -0.346727
3.050989 0.287313 0.020427 0.035607 0.123608 -0.396294 -0.840532 -0.348106
3.053529 0.287313 0.020427 0.035607 0.134005 -0.405956 -0.836325 -0.343223
3.056070 0.287424 0.020427 0.035607 0.130226 -0.415119 -0.831815 -0.344675
3.058610 0.287536 0.020427 0.035607 0.144529 -0.415259 -0.831874 -0.338609
3.061150 0.287536 0.020427 0.035607 0.145454 -0.422801 -0.830949 -0.331067
3.063691 0.287648 0.020427 0.035719 0.155168 -0.424198 -0.827190 -0.334268
3.066231 0.287648 0.020427 0.035719 0.169529 -0.423708 -0.826988 -0.328362
3.068771 0.287759 0.020427 0.035719 0.170656 -0.430919 -0.825862 -0.321151
3.071312 0.287871 0.020427 0.035719 0.185056 -0.429951 -0.825476 -0.315414
3.073852 0.287871 0.020315 0.035719 0.188510 -0.420856 -0.830150 -0.313361
3.076393 0.287982 0.020315 0.035719 0.202823 -0.419578 -0.829624 -0.307476
3.078933 0.287982 0.020315 0.035719 0.217103 -0.417985 -0.828969 -0.301604
3.081473 0.288094 0.020315 0.035719 0.224882 -0.406407 -0.836748 -0.290025
3.084014 0.288094 0.020315 0.035719 0.239037 -0.404354 -0.835877 -0.284022
3.086554 0.288206 0.020315 0.035830 0.246470 -0.392462 -0.843310 -0.272130
3.089094 0.288206 0.020203 0.035830 0.260483 -0.389956 -0.842214 -0.266004
3.091635 0.288206 0.020203 0.035830 0.263390 -0.380680 -0.846447 -0.263126
3.094175 0.288206 0.020203 0.035830 0.277277 -0.377880 -0.845187 -0.256873
3.096716 0.288317 0.020092 0.035830 0.284115 -0.365473 -0.852024 -0.244466
3.099256 0.288317 0.020092 0.035830 0.284115 -0.365473 -0.852024 -0.244466
3.101796 0.288317 0.020092 0.035830 0.288113 -0.362329 -0.854658 -0.235090
3.104337 0.288317 0.020092 0.035830 0.297833 -0.362233 -0.850522 -0.238106
3.106877 0.288317 0.019980 0.035830 0.301795 -0.358939 -0.853087 -0.228748
3.109417 0.288317 0.019980 0.035830 0.292076 -0.359142 -0.857190 -0.225687
3.111958 0.288317 0.019869 0.035942 0.289579 -0.368538 -0.853192 -0.228882
3.114498 0.288317 0.019869 0.035942 0.289579 -0.368538 -0.853192 -0.228882
3.117039 0.288429 0.019757 0.035942 0.277363 -0.378136 -0.853087 -0.228748
3.119579 0.288429 0.019757 0.035942 0.274833 -0.387486 -0.848881 -0.231781
3.122119 0.288429 0.019757 0.035942 0.276613 -0.393773 -0.847101 -0.225494
3.124660 0.288429 0.019645 0.035942 0.264521 -0.403491 -0.846567 -0.224829
3.127200 0.288429 0.019645 0.036054 0.256971 -0.410397 -0.848228 -0.214593
3.129740 0.288429 0.019645 0.036054 0.254597 -0.419691 -0.843668 -0.217403
3.132281 0.288429 0.019534 0.036054 0.249628 -0.417497 -0.849547 -0.204087
3.134821 0.288429 0.019534 0.036054 0.247371 -0.426805 -0.844909 -0.206817
3.137362 0.288541 0.019534 0.036054 0.240364 -0.434100 -0.845799 -0.195973
3.139902 0.288541 0.019534 0.036054 0.243053 -0.440722 -0.843110 -0.189351
3.142442 0.288541 0.019534 0.036054 0.236479 -0.448268 -0.843436 -0.178181
3.144983 0.288541 0.019534 0.036054 0.239519 -0.454903 -0.840396 -0.171546
3.147523 0.288541 0.019534 0.036054 0.244503 -0.452244 -0.842230 -0.162303
3.150063 0.288541 0.019534 0.036054 0.252785 -0.456026 -0.840633 -0.146545
3.152604 0.288652 0.019534 0.036054 0.256256 -0.462446 -0.837163 -0.140125
3.155144 0.288652 0.019422 0.036054 0.261321 -0.459603 -0.838652 -0.130919
3.157685 0.288652 0.019422 0.036054 0.265001 -0.465906 -0.834971 -0.124617
3.160225 0.288652 0.019422 0.036054 0.259783 -0.474023 -0.833693 -0.113012
3.162765 0.288764 0.019422 0.036054 0.264975 -0.471140 -0.834884 -0.103846
3.165306 0.288764 0.019422 0.036054 0.274307 -0.474372 -0.831803 -0.088497
3.167846 0.288764 0.019422 0.036054 0.279502 -0.471329 -0.832725 -0.079353
3.170386 0.288764 0.019422 0.035942 0.283874 -0.477359 -0.828352 -0.073323
3.172927 0.288875 0.019422 0.035942 0.288379 -0.483292 -0.823848 -0.067390
3.175467 0.288875 0.019422 0.035942 0.293671 -0.480095 -0.824538 -0.058335
3.178008 0.288875 0.019422 0.035942 0.284366 -0.491741 -0.821118 -0.055603
3.180548 0.288987 0.019422 0.035942 0.289751 -0.488588 -0.821679 -0.046579
3.183088 0.288987 0.019310 0.035942 0.280636 -0.500257 -0.817972 -0.043683
3.185629 0.288987 0.019310 0.035942 0.286115 -0.497144 -0.818403 -0.034694
3.188169 0.289099 0.019310 0.035942 0.277194 -0.508828 -0.814406 -0.031642
3.190709 0.289099 0.019199 0.035942 0.277194 -0.508828 -0.814406 -0.031642
3.193250 0.289099 0.019199 0.035942 0.276829 -0.517744 -0.808767 -0.034685
3.195790 0.289210 0.019087 0.035942 0.268342 -0.520421 -0.810153 -0.028395
3.198330 0.289210 0.019087 0.035942 0.268342 -0.520421 -0.810153 -0.028395
3.200871 0.289210 0.018976 0.035942 0.259563 -0.531918 -0.805647 -0.024954
3.203411 0.289322 0.018976 0.035942 0.259563 -0.531918 -0.805647 -0.024954
3.205952 0.289322 0.018864 0.035942 0.259273 -0.540737 -0.799755 -0.027805
3.208492 0.289322 0.018864 0.035942 0.250862 -0.543313 -0.800890 -0.021322
3.211032 0.289322 0.018864 0.035942 0.250613 -0.552079 -0.794872 -0.024077
3.213573 0.289434 0.018864 0.035942 0.256663 -0.549293 -0.795089 -0.015343
3.216113 0.289434 0.018752 0.035942 0.256479 -0.557994 -0.789006 -0.018161
3.218653 0.289434 0.018752 0.035942 0.270801 -0.552361 -0.788227 -0.016180
3.221194 0.289545 0.018752 0.035830 0.276754 -0.557981 -0.782275 -0.010561
3.223734 0.289545 0.018752 0.035830 0.290789 -0.560422 -0.775388 -0.011957
3.226275 0.289545 0.018752 0.035830 0.296928 -0.557194 -0.775472 -0.003438
3.228815 0.289657 0.018864 0.035830 0.316918 -0.547162 -0.774682 0.006692
3.231355 0.289657 0.018864 0.035719 0.330723 -0.548592 -0.767885 0.004653
3.233896 0.289768 0.018864 0.035719 0.336854 -0.553328 -0.761754 0.009388
3.236436 0.289768 0.018864 0.035719 0.356355 -0.541941 -0.760887 0.019017
3.238976 0.289880 0.018864 0.035719 0.369827 -0.542313 -0.754230 0.016200
3.241517 0.289880 0.018864 0.035607 0.375763 -0.538217 -0.754006 0.024485
3.244057 0.289992 0.018864 0.035607 0.381990 -0.542304 -0.747779 0.028572
3.246598 0.289992 0.018976 0.035607 0.394923 -0.533767 -0.747167 0.029499
3.249138 0.290103 0.018976 0.035607 0.400763 -0.529396 -0.746798 0.037705
3.251678 0.290103 0.018864 0.035607 0.400213 -0.537590 -0.740570 0.048804
3.254219 0.290103 0.018864 0.035719 0.406095 -0.533161 -0.739989 0.056937
3.256759 0.290215 0.018864 0.035719 0.399956 -0.545729 -0.733912 0.059906
3.259299 0.290215 0.018864 0.035719 0.405928 -0.541302 -0.733209 0.067965
3.261840 0.290215 0.018864 0.035719 0.399188 -0.545781 -0.732863 0.075388
3.264380 0.290326 0.018864 0.035830 0.399396 -0.553853 -0.725434 0.086461
3.266921 0.290326 0.018752 0.035830 0.392691 -0.558268 -0.724781 0.093933
3.269461 0.290326 0.018752 0.035830 0.398800 -0.553920 -0.723706 0.101890
3.272001 0.290326 0.018752 0.035942 0.399471 -0.561894 -0.715509 0.112895
3.274542 0.290438 0.018752 0.035942 0.406667 -0.565327 -0.705484 0.131605
3.277082 0.290438 0.018752 0.035942 0.412854 -0.560825 -0.703995 0.139347
3.279622 0.290438 0.018752 0.035942 0.420580 -0.563939 -0.696268 0.142461
3.282163 0.290550 0.018752 0.035942 0.434576 -0.562142 -0.686836 0.152959
3.284703 0.290550 0.018752 0.035942 0.442709 -0.564766 -0.675206 0.170721
3.287244 0.290661 0.018752 0.035942 0.457021 -0.562244 -0.665155 0.180505
3.289784 0.290773 0.018752 0.035942 0.471378 -0.559296 -0.654924 0.189908
3.292324 0.290773 0.018752 0.035942 0.487923 -0.562966 -0.638379 0.193578
3.294865 0.290885 0.018752 0.035942 0.507494 -0.553860 -0.630811 0.194337
3.297405 0.290996 0.018752 0.035942 0.521795 -0.549425 -0.620391 0.202429
3.299945 0.291108 0.018752 0.035942 0.530067 -0.550417 -0.612119 0.203422
3.302486 0.291108 0.018752 0.035942 0.544381 -0.545280 -0.601548 0.210853
3.305026 0.291219 0.018752 0.035942 0.552694 -0.545816 -0.593235 0.211390
3.307567 0.291219 0.018752 0.035942 0.556779 -0.551525 -0.581084 0.219452
3.310107 0.291331 0.018752 0.035942 0.562804 -0.545374 -0.578638 0.225823
3.312647 0.291331 0.018641 0.035942 0.568762 -0.539158 -0.576123 0.232166
3.315188 0.291443 0.018641 0.035942 0.574651 -0.532877 -0.573537 0.238482
3.317728 0.291443 0.018641 0.035942 0.570521 -0.538304 -0.569389 0.246031
3.320268 0.291443 0.018529 0.035942 0.570521 -0.538304 -0.569389 0.246031
3.322809 0.291443 0.018529 0.035942 0.570521 -0.538304 -0.569389 0.246031
3.325349 0.291443 0.018417 0.035942 0.572261 -0.537411 -0.562352 0.259744
3.327890 0.291443 0.018417 0.035942 0.569373 -0.531201 -0.568222 0.266015
3.330430 0.291443 0.018417 0.035942 0.569373 -0.531201 -0.568222 0.266015
3.332970 0.291443 0.018306 0.035942 0.566416 -0.524926 -0.574024 0.272254
3.335511 0.291443 0.018306 0.035942 0.566416 -0.524926 -0.574024 0.272254
3.338051 0.291443 0.018306 0.035942 0.572149 -0.518672 -0.570998 0.278544
3.340591 0.291443 0.018306 0.035942 0.572149 -0.518672 -0.570998 0.278544
3.343132 0.291331 0.018306 0.035942 0.572149 -0.518672 -0.570998 0.278544
3.345672 0.291331 0.018306 0.035942 0.572149 -0.518672 -0.570998 0.278544
3.348213 0.291331 0.018194 0.035942 0.577812 -0.512355 -0.567904 0.284800
3.350753 0.291331 0.018194 0.035942 0.577812 -0.512355 -0.567904 0.284800
3.353293 0.291443 0.018194 0.035942 0.577812 -0.512355 -0.567904 0.284800
3.355834 0.291443 0.018194 0.035942 0.585007 -0.513017 -0.566642 0.271103
3.358374 0.291443 0.018194 0.035942 0.585007 -0.513017 -0.566642 0.271103
3.360914 0.291443 0.018194 0.035942 0.593618 -0.512721 -0.558031 0.270807
3.363455 0.291443 0.018194 0.035830 0.593618 -0.512721 -0.558031 0.270807
3.365995 0.291443 0.018194 0.035830 0.600364 -0.513267 -0.556901 0.256867
3.368536 0.291443 0.018194 0.035830 0.600364 -0.513267 -0.556901 0.256867
3.371076 0.291554 0.018083 0.035830 0.608819 -0.512697 -0.548446 0.256297
3.373616 0.291554 0.018083 0.035830 0.612409 -0.507091 -0.553060 0.248874
3.376157 0.291554 0.018083 0.035719 0.615107 -0.513137 -0.547455 0.242131
3.378697 0.291554 0.018083 0.035719 0.623395 -0.512302 -0.539167 0.241296
3.381237 0.291666 0.018083 0.035719 0.626686 -0.506700 -0.543919 0.233820
3.383778 0.291666 0.018083 0.035719 0.634811 -0.505702 -0.535794 0.232821
3.386318 0.291666 0.018083 0.035607 0.645838 -0.498900 -0.532668 0.224178
3.388859 0.291778 0.017971 0.035607 0.651280 -0.491775 -0.530173 0.230016
3.391399 0.291778 0.017971 0.035496 0.661837 -0.484668 -0.527396 0.221185
3.393939 0.291889 0.017971 0.035496 0.669574 -0.483106 -0.519658 0.219623
3.396480 0.291889 0.017971 0.035496 0.674841 -0.475720 -0.517214 0.225319
3.399020 0.292001 0.017971 0.035496 0.689837 -0.460642 -0.512568 0.221828
3.401560 0.292001 0.017971 0.035384 0.694856 -0.453036 -0.510101 0.227446
3.404101 0.292112 0.017971 0.035384 0.707220 -0.443181 -0.500142 0.230843
3.406641 0.292112 0.017971 0.035384 0.712046 -0.435385 -0.497575 0.236324
3.409182 0.292224 0.017971 0.035384 0.719400 -0.432948 -0.490222 0.233886
3.411722 0.292224 0.017971 0.035384 0.724113 -0.425018 -0.487623 0.239258
3.414262 0.292336 0.017971 0.035384 0.728738 -0.417037 -0.484965 0.244601
3.416803 0.292336 0.017971 0.035384 0.735977 -0.414279 -0.477726 0.241843
3.419343 0.292447 0.017971 0.035384 0.740484 -0.406169 -0.475040 0.247077
3.421883 0.292447 0.017971 0.035496 0.743614 -0.403735 -0.465820 0.258936
3.424424 0.292447 0.017971 0.035496 0.743614 -0.403735 -0.465820 0.258936
3.426964 0.292447 0.017971 0.035496 0.749618 -0.406222 -0.451905 0.262370
3.429505 0.292559 0.017971 0.035496 0.749618 -0.406222 -0.451905 0.262370
3.432045 0.292559 0.017971 0.035607 0.752764 -0.403547 -0.442201 0.273779
3.434585 0.292559 0.017971 0.035607 0.752764 -0.403547 -0.442201 0.273779
3.437126 0.292559 0.017971 0.035607 0.755850 -0.400803 -0.432249 0.284973
3.439666 0.292559 0.017971 0.035607 0.758935 -0.405527 -0.427819 0.276652
3.442206 0.292559 0.017971 0.035719 0.757611 -0.410952 -0.420789 0.282984
3.444747 0.292559 0.017971 0.035719 0.762080 -0.402604 -0.417655 0.287589
3.447287 0.292559 0.017971 0.035719 0.760725 -0.407995 -0.410505 0.293809
3.449827 0.292559 0.017971 0.035719 0.760725 -0.407995 -0.410505 0.293809
3.452368 0.292559 0.017859 0.035719 0.765161 -0.399613 -0.407253 0.298301
3.454908 0.292559 0.017859 0.035830 0.765161 -0.399613 -0.407253 0.298301
3.457449 0.292559 0.017859 0.035830 0.765161 -0.399613 -0.407253 0.298301
3.459989 0.292447 0.017859 0.035830 0.765161 -0.399613 -0.407253 0.298301
3.462529 0.292447 0.017748 0.035830 0.769505 -0.391182 -0.403951 0.302757
3.465070 0.292447 0.017748 0.035830 0.772785 -0.395597 -0.399629 0.294285
3.467610 0.292447 0.017748 0.035830 0.772785 -0.395597 -0.399629 0.294285
3.470150 0.292336 0.017636 0.035830 0.772785 -0.395597 -0.399629 0.294285
3.472691 0.292336 0.017636 0.035830 0.777075 -0.394705 -0.402661 0.279691
3.475231 0.292336 0.017636 0.035830 0.782315 -0.380829 -0.406984 0.278058
3.477772 0.292336 0.017525 0.035830 0.785323 -0.385277 -0.402775 0.269447
3.480312 0.292336 0.017525 0.035830 0.793136 -0.375789 -0.403183 0.259157
3.482852 0.292336 0.017413 0.035830 0.796439 -0.375027 -0.406592 0.244383
3.485393 0.292336 0.017413 0.035719 0.806004 -0.369989 -0.403430 0.225190
3.487933 0.292447 0.017413 0.035719 0.812494 -0.360483 -0.404705 0.214754
3.490473 0.292447 0.017413 0.035719 0.824597 -0.346370 -0.400220 0.199729
3.493014 0.292559 0.017301 0.035719 0.829992 -0.336816 -0.402295 0.189280
3.495554 0.292559 0.017301 0.035719 0.841342 -0.327167 -0.390946 0.179632
3.498095 0.292671 0.017301 0.035719 0.845862 -0.317586 -0.393747 0.169174
3.500635 0.292782 0.017301 0.035719 0.855024 -0.303021 -0.391757 0.153750
3.503175 0.292894 0.017301 0.035719 0.859986 -0.297876 -0.386795 0.148606
3.505716 0.293005 0.017301 0.035719 0.867996 -0.283105 -0.380349 0.147541
3.508256 0.293117 0.017301 0.035719 0.872668 -0.277696 -0.375677 0.142132
3.510796 0.293117 0.017301 0.035830 0.878559 -0.258456 -0.372464 0.150352
3.513337 0.293229 0.017301 0.035830 0.882989 -0.252847 -0.368034 0.144743
3.515877 0.293340 0.017301 0.035830 0.885713 -0.243131 -0.366422 0.148777
3.518418 0.293340 0.017301 0.035830 0.888331 -0.233386 -0.364765 0.152794
3.520958 0.293452 0.017301 0.035830 0.892510 -0.227588 -0.360586 0.146996
3.523498 0.293452 0.017301 0.035830 0.894956 -0.217769 -0.358949 0.150948
3.526039 0.293563 0.017301 0.035942 0.897295 -0.207924 -0.357269 0.154883
3.528579 0.293563 0.017301 0.035942 0.895086 -0.204216 -0.366543 0.150876
3.531119 0.293563 0.017301 0.035942 0.897275 -0.194370 -0.364864 0.154894
3.533660 0.293675 0.017190 0.035942 0.894917 -0.190663 -0.374138 0.150970
3.536200 0.293675 0.017190 0.035942 0.896958 -0.180819 -0.372456 0.155071
3.538741 0.293787 0.017190 0.035942 0.894451 -0.177117 -0.381728 0.151231
3.541281 0.293787 0.017190 0.035942 0.896343 -0.167279 -0.380043 0.155416
3.543821 0.293787 0.017190 0.035942 0.896343 -0.167279 -0.380043 0.155416
3.546362 0.293787 0.017190 0.035942 0.895431 -0.153756 -0.387621 0.155927
3.548902 0.293898 0.017078 0.035942 0.892627 -0.150072 -0.396882 0.152254
3.551442 0.293898 0.017078 0.035942 0.889715 -0.146369 -0.406095 0.148562
3.553983 0.293898 0.017078 0.036054 0.891269 -0.136586 -0.404438 0.153014
3.556523 0.294010 0.017078 0.036054 0.888209 -0.132899 -0.413643 0.149406
3.559064 0.294010 0.016966 0.036054 0.888209 -0.132899 -0.413643 0.149406
3.561604 0.294010 0.016966 0.036054 0.886590 -0.133834 -0.421352 0.136047
3.564144 0.294010 0.016966 0.036054 0.888007 -0.124085 -0.419832 0.140668
3.566685 0.294010 0.016966 0.036054 0.886107 -0.125210 -0.427665 0.127433
3.569225 0.294122 0.016966 0.036054 0.883917 -0.126506 -0.435471 0.114243
3.571765 0.294122 0.016855 0.036054 0.881573 -0.113418 -0.443383 0.115660
3.574306 0.294122 0.016855 0.036054 0.882790 -0.118282 -0.442110 0.105968
3.576846 0.294122 0.016855 0.036054 0.880041 -0.119950 -0.449995 0.092973
3.579387 0.294122 0.016855 0.036054 0.878292 -0.112149 -0.456935 0.085066
3.581927 0.294122 0.016743 0.036054 0.879174 -0.117162 -0.455675 0.075412
3.584467 0.294122 0.016743 0.036054 0.876996 -0.109671 -0.462881 0.067763
3.587008 0.294122 0.016743 0.036054 0.875095 -0.107581 -0.469104 0.050750
3.589548 0.294122 0.016743 0.036054 0.872182 -0.100663 -0.476720 0.043634
3.592088 0.294122 0.016743 0.035942 0.867871 -0.103546 -0.484860 0.031459
3.594629 0.294233 0.016743 0.035942 0.864412 -0.097116 -0.492692 0.024796
3.597169 0.294233 0.016743 0.035942 0.860807 -0.096451 -0.499627 0.008955
3.599710 0.294233 0.016743 0.035942 0.856699 -0.090658 -0.507778 0.002903
3.602250 0.294345 0.016743 0.035942 0.852235 -0.090815 -0.515071 -0.012218
3.604790 0.294345 0.016743 0.035942 0.847532 -0.085691 -0.523485 -0.017622
3.607331 0.294345 0.016743 0.035942 0.842580 -0.080864 -0.531982 -0.022715
3.609871 0.294456 0.016743 0.035942 0.842843 -0.083278 -0.530498 -0.035396
3.612411 0.294568 0.016743 0.035942 0.836583 -0.088199 -0.538743 -0.045884
3.614952 0.294568 0.016743 0.035942 0.831070 -0.084175 -0.547463 -0.050221
3.617492 0.294568 0.016743 0.035942 0.831944 -0.075040 -0.547982 -0.044203
3.620033 0.294680 0.016743 0.036054 0.831408 -0.081056 -0.547124 -0.053340
3.622573 0.294680 0.016632 0.036054 0.826182 -0.071393 -0.556787 -0.048114
3.625113 0.294791 0.016632 0.036054 0.826405 -0.068430 -0.556564 -0.051076
3.627654 0.294791 0.016632 0.036054 0.827107 -0.059347 -0.557092 -0.044958
3.630194 0.294903 0.016632 0.036054 0.827232 -0.056379 -0.556966 -0.047926
3.632734 0.294903 0.016632 0.036165 0.821042 -0.056249 -0.566035 -0.048273
3.635275 0.294903 0.016632 0.036165 0.821611 -0.047226 -0.566531 -0.042052
3.637815 0.294903 0.016632 0.036165 0.815789 -0.038198 -0.575965 -0.035969
3.640356 0.295015 0.016632 0.036165 0.815785 -0.035563 -0.575969 -0.038604
3.642896 0.295015 0.016632 0.036165 0.809739 -0.026834 -0.585294 -0.032146
3.645436 0.295015 0.016632 0.036165 0.803504 -0.018239 -0.594474 -0.025485
3.647977 0.295015 0.016632 0.036165 0.803399 -0.015944 -0.594579 -0.027781
3.650517 0.295015 0.016632 0.036054 0.796961 -0.007659 -0.603626 -0.020750
3.653057 0.295126 0.016632 0.036054 0.790145 -0.006246 -0.612485 -0.022204
3.655598 0.295126 0.016632 0.036054 0.783431 0.001652 -0.621303 -0.014708
3.658138 0.295126 0.016632 0.036054 0.776421 0.002479 -0.630018 -0.015551
3.660679 0.295126 0.016632 0.036054 0.769453 0.009981 -0.638580 -0.007599
3.663219 0.295126 0.016632 0.036054 0.769323 0.002965 -0.638652 -0.016051
3.665759 0.295238 0.016632 0.036054 0.762282 0.010219 -0.647117 -0.007835
3.668300 0.295238 0.016632 0.036054 0.755044 0.010116 -0.655551 -0.007729
3.670840 0.295238 0.016632 0.036054 0.755044 0.010116 -0.655551 -0.007729
3.673380 0.295238 0.016632 0.035942 0.747811 0.001456 -0.663750 -0.014576
3.675921 0.295238 0.016520 0.035942 0.747811 0.001456 -0.663750 -0.014576
3.678461 0.295238 0.016520 0.035942 0.740620 -0.000001 -0.671796 -0.013127
3.681002 0.295349 0.016520 0.035942 0.740620 -0.000001 -0.671796 -0.013127
3.683542 0.295349 0.016520 0.035942 0.733338 -0.001458 -0.679762 -0.011676
3.686082 0.295349 0.016408 0.035942 0.733166 -0.008926 -0.679705 -0.019732
3.688623 0.295349 0.016408 0.035942 0.733166 -0.008926 -0.679705 -0.019732
3.691163 0.295349 0.016408 0.035942 0.725812 -0.010469 -0.687572 -0.018199
3.693703 0.295461 0.016297 0.035942 0.725569 -0.018022 -0.687416 -0.026172
3.696244 0.295461 0.016297 0.035942 0.718145 -0.019650 -0.695183 -0.024555
3.698784 0.295461 0.016297 0.035942 0.710635 -0.021275 -0.702866 -0.022935
3.701324 0.295573 0.016185 0.035942 0.710635 -0.021275 -0.702866 -0.022935
3.703865 0.295573 0.016185 0.035942 0.702762 -0.030702 -0.710169 -0.029035
3.706405 0.295684 0.016073 0.035942 0.695158 -0.032652 -0.717605 -0.027078
3.708946 0.295684 0.016073 0.035942 0.687788 -0.026962 -0.725206 -0.017233
3.711486 0.295796 0.016073 0.035942 0.680175 -0.029482 -0.732309 -0.014696
3.714026 0.295908 0.015962 0.035942 0.672585 -0.032323 -0.739219 -0.011834
3.716567 0.296019 0.015962 0.035942 0.665380 -0.028174 -0.745972 -0.000453
3.719107 0.296131 0.015850 0.035942 0.657911 -0.031727 -0.752421 0.003121
3.721647 0.296242 0.015850 0.035942 0.650855 -0.028439 -0.758515 0.015339
3.724188 0.296354 0.015850 0.035942 0.644127 -0.018534 -0.763827 0.036386
3.726728 0.296466 0.015850 0.035942 0.645026 -0.005672 -0.762197 0.054453
3.729269 0.296577 0.015850 0.035942 0.637340 0.011781 -0.765983 0.083243
3.731809 0.296689 0.015850 0.035942 0.645108 0.028510 -0.757314 0.097460
3.734349 0.296689 0.015850 0.036054 0.643818 0.049753 -0.753691 0.122363
3.736890 0.296800 0.015850 0.036054 0.644057 0.055634 -0.751477 0.131825
3.739430 0.296912 0.015850 0.036054 0.647945 0.082647 -0.741997 0.150922
3.741970 0.296912 0.015850 0.036165 0.644869 0.103954 -0.736621 0.175291
3.744511 0.297024 0.015850 0.036165 0.647628 0.130239 -0.725069 0.194654
3.747051 0.297024 0.015850 0.036277 0.653173 0.141784 -0.716864 0.198415
3.749592 0.297024 0.015850 0.036277 0.648146 0.163231 -0.709936 0.221930
3.752132 0.297135 0.015850 0.036277 0.644403 0.177432 -0.704889 0.237474
3.754672 0.297135 0.015850 0.036277 0.640350 0.191548 -0.699501 0.252904
3.757213 0.297135 0.015962 0.036277 0.635986 0.205570 -0.693776 0.268212
3.759753 0.297135 0.015962 0.036277 0.631316 0.219494 -0.687715 0.283390
3.762293 0.297135 0.015962 0.036277 0.623326 0.220362 -0.689151 0.296608
3.764834 0.297135 0.015962 0.036277 0.618334 0.234004 -0.682468 0.311678
3.767374 0.297247 0.016073 0.036277 0.607700 0.241210 -0.679710 0.332434
3.769915 0.297247 0.016073 0.036277 0.602254 0.254504 -0.672242 0.347288
3.772455 0.297247 0.016073 0.036277 0.598143 0.247176 -0.675122 0.354034
3.774995 0.297247 0.016073 0.036165 0.590253 0.247076 -0.674952 0.367417
3.777536 0.297247 0.016073 0.036165 0.582367 0.246803 -0.674488 0.380792
3.780076 0.297247 0.016073 0.036165 0.577160 0.240030 -0.678020 0.386729
3.782616 0.297247 0.016073 0.036165 0.569288 0.239497 -0.677116 0.400083
3.785157 0.297247 0.016073 0.036054 0.573649 0.232044 -0.679707 0.393804
3.787697 0.297247 0.016073 0.036054 0.568444 0.225120 -0.682934 0.399741
3.790238 0.297247 0.016073 0.036054 0.568444 0.225120 -0.682934 0.399741
3.792778 0.297247 0.016073 0.036054 0.563171 0.218168 -0.686080 0.405630
3.795318 0.297359 0.016073 0.036054 0.563171 0.218168 -0.686080 0.405630
3.797859 0.297359 0.015962 0.035942 0.563171 0.218168 -0.686080 0.405630
3.800399 0.297359 0.015962 0.035942 0.557830 0.211191 -0.689142 0.411470
3.802939 0.297359 0.015962 0.035942 0.560116 0.205050 -0.693621 0.403874
3.805480 0.297359 0.015962 0.035942 0.560116 0.205050 -0.693621 0.403874
3.808020 0.297359 0.015962 0.035942 0.560116 0.205050 -0.693621 0.403874
3.810561 0.297359 0.015850 0.035942 0.560116 0.205050 -0.693621 0.403874
3.813101 0.297359 0.015850 0.035942 0.557948 0.206540 -0.695789 0.402383
3.815641 0.297359 0.015850 0.035942 0.557948 0.206540 -0.695789 0.402383
3.818182 0.297359 0.015850 0.035942 0.557948 0.206540 -0.695789 0.402383
3.820722 0.297359 0.015739 0.035942 0.557948 0.206540 -0.695789 0.402383
3.823262 0.297359 0.015739 0.035942 0.553494 0.214172 -0.693478 0.408489
3.825803 0.297359 0.015739 0.036054 0.553494 0.214172 -0.693478 0.408489
3.828343 0.297359 0.015739 0.036054 0.553494 0.214172 -0.693478 0.408489
3.830884 0.297359 0.015627 0.036054 0.554653 0.228527 -0.687669 0.408958
3.833424 0.297359 0.015627 0.036054 0.554653 0.228527 -0.687669 0.408958
3.835964 0.297470 0.015627 0.036054 0.554653 0.228527 -0.687669 0.408958
3.838505 0.297470 0.015627 0.036054 0.550127 0.236068 -0.685117 0.415027
3.841045 0.297470 0.015515 0.036165 0.547500 0.242098 -0.680516 0.422528
3.843585 0.297470 0.015515 0.036165 0.548488 0.256266 -0.674232 0.422966
3.846126 0.297470 0.015515 0.036165 0.548488 0.256266 -0.674232 0.422966
3.848666 0.297470 0.015515 0.036277 0.551162 0.269012 -0.665941 0.424706
3.851207 0.297470 0.015515 0.036277 0.551162 0.269012 -0.665941 0.424706
3.853747 0.297582 0.015515 0.036277 0.551981 0.282975 -0.659189 0.425102
3.856287 0.297582 0.015515 0.036388 0.551981 0.282975 -0.659189 0.425102
3.858828 0.297582 0.015515 0.036388 0.554218 0.295711 -0.650705 0.426592
3.861368 0.297582 0.015515 0.036388 0.559530 0.302364 -0.646853 0.420814
3.863908 0.297582 0.015515 0.036500 0.554873 0.309452 -0.643492 0.426936
3.866449 0.297582 0.015404 0.036500 0.560181 0.316024 -0.639489 0.421165
3.868989 0.297582 0.015404 0.036500 0.560181 0.316024 -0.639489 0.421165
3.871530 0.297470 0.015404 0.036500 0.560181 0.316024 -0.639489 0.421165
3.874070 0.297470 0.015404 0.036500 0.560181 0.316024 -0.639489 0.421165
3.876610 0.297470 0.015404 0.036500 0.565421 0.322559 -0.635409 0.415343
3.879151 0.297470 0.015404 0.036500 0.560824 0.329520 -0.631827 0.421530
3.881691 0.297470 0.015404 0.036612 0.560824 0.329520 -0.631827 0.421530
3.884231 0.297470 0.015404 0.036612 0.560824 0.329520 -0.631827 0.421530
3.886772 0.297470 0.015404 0.036612 0.560824 0.329520 -0.631827 0.421530
3.889312 0.297470 0.015404 0.036612 0.560824 0.329520 -0.631827 0.421530
3.891853 0.297470 0.015404 0.036612 0.560824 0.329520 -0.631827 0.421530
3.894393 0.297470 0.015404 0.036612 0.560824 0.329520 -0.631827 0.421530
3.896933 0.297470 0.015404 0.036612 0.560824 0.329520 -0.631827 0.421530
3.899474 0.297470 0.015404 0.036612 0.560824 0.329520 -0.631827 0.421530
3.902014 0.297470 0.015404 0.036612 0.560824 0.329520 -0.631827 0.421530
3.904554 0.297470 0.015404 0.036612 0.552429 0.342531 -0.623432 0.434541
3.907095 0.297470 0.015404 0.036612 0.552429 0.342531 -0.623432 0.434541
3.909635 0.297582 0.015404 0.036612 0.552429 0.342531 -0.623432 0.434541
3.912176 0.297582 0.015404 0.036612 0.552429 0.342531 -0.623432 0.434541
3.914716 0.297582 0.015404 0.036612 0.552429 0.342531 -0.623432 0.434541
3.917256 0.297582 0.015404 0.036612 0.552429 0.342531 -0.623432 0.434541
3.919797 0.297582 0.015404 0.036612 0.548633 0.348580 -0.618621 0.441364
3.922337 0.297582 0.015404 0.036612 0.548633 0.348580 -0.618621 0.441364
3.924877 0.297582 0.015404 0.036612 0.553791 0.355097 -0.614450 0.435514
3.927418 0.297582 0.015404 0.036612 0.549856 0.361160 -0.609628 0.442238
3.929958 0.297582 0.015292 0.036612 0.549856 0.361160 -0.609628 0.442238
3.932498 0.297582 0.015292 0.036612 0.550803 0.373764 -0.600619 0.442915
3.935039 0.297693 0.015292 0.036612 0.550803 0.373764 -0.600619 0.442915
3.937579 0.297693 0.015292 0.036612 0.546663 0.379793 -0.595717 0.449487
3.940120 0.297693 0.015292 0.036612 0.542458 0.385775 -0.590742 0.456004
3.942660 0.297693 0.015292 0.036612 0.542850 0.398409 -0.581712 0.456285
3.945200 0.297693 0.015292 0.036612 0.542850 0.398409 -0.581712 0.456285
3.947741 0.297693 0.015292 0.036612 0.543490 0.397989 -0.581071 0.456704
3.950281 0.297693 0.015292 0.036612 0.539085 0.403936 -0.576019 0.463061
3.952821 0.297693 0.015292 0.036612 0.530245 0.402945 -0.574601 0.475720
3.955362 0.297805 0.015292 0.036500 0.525786 0.408747 -0.569340 0.482003
3.957902 0.297805 0.015292 0.036500 0.531050 0.402467 -0.573796 0.476198
3.960443 0.297805 0.015292 0.036500 0.522386 0.401206 -0.571948 0.488899
3.962983 0.297805 0.015292 0.036500 0.517947 0.406921 -0.566542 0.495153
3.965523 0.297917 0.015180 0.036388 0.517947 0.406921 -0.566542 0.495153
3.968064 0.297917 0.015180 0.036388 0.509329 0.405375 -0.564276 0.507787
3.970604 0.298028 0.015180 0.036388 0.509329 0.405375 -0.564276 0.507787
3.973144 0.298028 0.015180 0.036388 0.505152 0.398115 -0.567416 0.514164
3.975685 0.298140 0.015180 0.036277 0.505152 0.398115 -0.567416 0.514164
3.978225 0.298140 0.015180 0.036277 0.500914 0.390807 -0.570487 0.520480
3.980766 0.298252 0.015069 0.036277 0.496590 0.396286 -0.564735 0.526716
3.983306 0.298252 0.015069 0.036277 0.496590 0.396286 -0.564735 0.526716
3.985846 0.298363 0.015069 0.036277 0.496590 0.396286 -0.564735 0.526716
3.988387 0.298363 0.015069 0.036277 0.492372 0.388884 -0.567669 0.533002
3.990927 0.298363 0.014957 0.036165 0.492372 0.388884 -0.567669 0.533002
3.993467 0.298475 0.014957 0.036165 0.492372 0.388884 -0.567669 0.533002
3.996008 0.298475 0.014957 0.036165 0.492372 0.388884 -0.567669 0.533002
3.998548 0.298475 0.014957 0.036165 0.492372 0.388884 -0.567669 0.533002
4.001089 0.298586 0.014846 0.036165 0.492372 0.388884 -0.567669 0.533002
4.003629 0.298586 0.014846 0.036165 0.498198 0.382624 -0.571907 0.527561
4.006169 0.298586 0.014846 0.036165 0.498031 0.395553 -0.563294 0.527449
4.008710 0.298586 0.014846 0.036165 0.498031 0.395553 -0.563294 0.527449
4.011250 0.298698 0.014846 0.036165 0.499488 0.394852 -0.561837 0.528150
4.013790 0.298698 0.014846 0.036165 0.498890 0.407863 -0.553375 0.527762
4.016331 0.298698 0.014734 0.036165 0.500214 0.407279 -0.552051 0.528346
4.018871 0.298810 0.014734 0.036165 0.501550 0.406724 -0.550715 0.528901
4.021412 0.298810 0.014846 0.036165 0.501560 0.419427 -0.541371 0.528617
4.023952 0.298810 0.014846 0.036165 0.496922 0.424912 -0.535531 0.534533
4.026492 0.298921 0.014846 0.036165 0.496200 0.437745 -0.526513 0.533805
4.029033 0.298921 0.014846 0.036165 0.492423 0.442860 -0.519555 0.539867
4.031573 0.299033 0.014846 0.036165 0.490804 0.455859 -0.511042 0.538647
4.034113 0.299033 0.014846 0.036277 0.486680 0.461021 -0.504180 0.544431
4.036654 0.299145 0.014846 0.036277 0.484143 0.474114 -0.496201 0.542776
4.039194 0.299145 0.014846 0.036277 0.479663 0.479288 -0.489451 0.548310
4.041735 0.299256 0.014846 0.036277 0.475129 0.484438 -0.482637 0.553745
4.044275 0.299256 0.014846 0.036277 0.471350 0.497555 -0.475409 0.551593
4.046815 0.299368 0.014846 0.036277 0.471944 0.497517 -0.474814 0.551631
4.049356 0.299368 0.014846 0.036388 0.460899 0.507766 -0.462580 0.561930
4.051896 0.299479 0.014846 0.036388 0.455888 0.512793 -0.455783 0.566984
4.054436 0.299479 0.014846 0.036388 0.450289 0.525731 -0.449790 0.564390
4.056977 0.299479 0.014846 0.036388 0.450289 0.525731 -0.449790 0.564390
4.059517 0.299591 0.014846 0.036388 0.450823 0.517785 -0.448932 0.571942
4.062058 0.299591 0.014846 0.036388 0.445107 0.522706 -0.442621 0.576840
4.064598 0.299591 0.014734 0.036388 0.445107 0.522706 -0.442621 0.576840
4.067138 0.299591 0.014734 0.036388 0.451417 0.517812 -0.448337 0.571915
4.069679 0.299591 0.014622 0.036388 0.451417 0.517812 -0.448337 0.571915
4.072219 0.299591 0.014622 0.036388 0.446014 0.514732 -0.441287 0.584284
4.074759 0.299703 0.014622 0.036388 0.452406 0.509853 -0.446915 0.579349
4.077300 0.299703 0.014511 0.036388 0.452406 0.509853 -0.446915 0.579349
4.079840 0.299703 0.014511 0.036388 0.459165 0.496862 -0.451519 0.581744
4.082381 0.299703 0.014511 0.036388 0.459165 0.496862 -0.451519 0.581744
4.084921 0.299703 0.014399 0.036388 0.460632 0.488863 -0.449393 0.588963
4.087461 0.299703 0.014399 0.036388 0.467074 0.483896 -0.454737 0.583867
4.090002 0.299814 0.014399 0.036388 0.462379 0.480867 -0.446877 0.596049
4.092542 0.299814 0.014287 0.036388 0.469570 0.467755 -0.450572 0.598075
4.095082 0.299814 0.014287 0.036388 0.471000 0.467979 -0.449143 0.597851
4.097623 0.299926 0.014287 0.036277 0.479987 0.455137 -0.450795 0.599372
4.100163 0.299926 0.014176 0.036277 0.486543 0.450157 -0.455768 0.594062
4.102704 0.300038 0.014176 0.036388 0.488120 0.450513 -0.454191 0.593707
4.105244 0.300149 0.014176 0.036388 0.491064 0.442798 -0.450107 0.600158
4.107784 0.300149 0.014064 0.036388 0.492788 0.443267 -0.448383 0.599689
4.110325 0.300261 0.014064 0.036388 0.494501 0.443774 -0.446670 0.599182
4.112865 0.300261 0.014064 0.036388 0.498005 0.436304 -0.441912 0.605263
4.115405 0.300372 0.013953 0.036388 0.499855 0.436941 -0.440063 0.604626
4.117946 0.300484 0.013953 0.036388 0.501689 0.437618 -0.438228 0.603949
4.120486 0.300484 0.013953 0.036388 0.505728 0.430445 -0.432822 0.609608
4.123027 0.300596 0.013841 0.036388 0.510001 0.423390 -0.427069 0.615022
4.125567 0.300596 0.013841 0.036388 0.505319 0.428967 -0.420286 0.619677
4.128107 0.300707 0.013729 0.036388 0.509937 0.413110 -0.412409 0.631841
4.130648 0.300707 0.013729 0.036277 0.507672 0.410709 -0.401364 0.642257
4.133188 0.300819 0.013729 0.036277 0.514930 0.395942 -0.390229 0.652532
4.135728 0.300819 0.013618 0.036165 0.517201 0.387889 -0.385855 0.658150
4.138269 0.300930 0.013618 0.036165 0.517440 0.377350 -0.369595 0.673248
4.140809 0.300930 0.013618 0.036054 0.515525 0.374869 -0.357548 0.682544
4.143350 0.301042 0.013618 0.036054 0.512219 0.362251 -0.344203 0.698520
4.145890 0.301154 0.013618 0.035942 0.510319 0.359551 -0.331788 0.707258
4.148430 0.301154 0.013506 0.035830 0.510558 0.348442 -0.314331 0.720496
4.150971 0.301265 0.013506 0.035830 0.512576 0.340032 -0.309440 0.725184
4.153511 0.301377 0.013506 0.035830 0.510858 0.337213 -0.296477 0.733085
4.156051 0.301377 0.013506 0.035719 0.507122 0.342805 -0.288405 0.736298
4.158592 0.301489 0.013506 0.035719 0.497296 0.342933 -0.271437 0.749276
4.161132 0.301489 0.013506 0.035719 0.493499 0.348376 -0.263189 0.752213
4.163673 0.301600 0.013506 0.035719 0.489642 0.353777 -0.254909 0.755059
4.166213 0.301712 0.013506 0.035719 0.475014 0.370284 -0.247705 0.758877
4.168753 0.301712 0.013618 0.035719 0.468411 0.383870 -0.244436 0.757288
4.171294 0.301823 0.013618 0.035830 0.468411 0.383870 -0.244436 0.757288
4.173834 0.301823 0.013618 0.035830 0.458802 0.405575 -0.246276 0.751238
4.176374 0.301823 0.013618 0.035830 0.451463 0.418778 -0.243100 0.749472
4.178915 0.301935 0.013618 0.035942 0.439065 0.436667 -0.231735 0.750228
4.181455 0.301935 0.013618 0.035942 0.427731 0.457376 -0.233814 0.743763
4.183995 0.301935 0.013618 0.035942 0.411088 0.472392 -0.225629 0.746287
4.186536 0.302047 0.013618 0.036054 0.402370 0.484677 -0.222530 0.744088
4.189076 0.302047 0.013618 0.036054 0.387902 0.501060 -0.211318 0.744188
4.191617 0.302047 0.013618 0.036054 0.386649 0.510529 -0.213966 0.737619
4.194157 0.302158 0.013618 0.036054 0.371227 0.526250 -0.203082 0.737570
4.196697 0.302158 0.013618 0.036054 0.359575 0.534279 -0.186828 0.741854
4.199238 0.302158 0.013618 0.036054 0.347750 0.542050 -0.170484 0.745779
4.201778 0.302158 0.013618 0.035942 0.335756 0.549560 -0.154057 0.749345
4.204318 0.302270 0.013729 0.035942 0.323601 0.556804 -0.137556 0.752549
4.206859 0.302270 0.013729 0.035942 0.311290 0.563779 -0.120989 0.755389
4.209399 0.302270 0.013729 0.035830 0.298828 0.570483 -0.104363 0.757865
4.211940 0.302382 0.013729 0.035830 0.286221 0.576910 -0.087687 0.759975
4.214480 0.302382 0.013729 0.035719 0.275415 0.585306 -0.069030 0.759472
4.217020 0.302382 0.013729 0.035719 0.262489 0.591216 -0.052327 0.760806
4.219561 0.302493 0.013729 0.035719 0.249436 0.596840 -0.035599 0.761772
4.222101 0.302493 0.013729 0.035719 0.230382 0.608122 -0.025264 0.759259
4.224641 0.302493 0.013618 0.035719 0.217715 0.616422 -0.023363 0.756358
4.227182 0.302493 0.013618 0.035719 0.204868 0.624443 -0.021527 0.753417
4.229722 0.302605 0.013618 0.035719 0.200082 0.631924 -0.026699 0.748282
4.232263 0.302605 0.013618 0.035830 0.186863 0.639391 -0.025076 0.745408
4.234803 0.302605 0.013506 0.035830 0.173483 0.646565 -0.023516 0.742499
4.237343 0.302605 0.013506 0.035830 0.175229 0.651277 -0.037301 0.737389
4.239884 0.302605 0.013506 0.035830 0.161589 0.658022 -0.035912 0.734579
4.242424 0.302605 0.013395 0.035942 0.162366 0.661058 -0.050653 0.730803
4.244964 0.302605 0.013395 0.035942 0.155905 0.665829 -0.057320 0.727378
4.247505 0.302605 0.013395 0.035942 0.149425 0.670520 -0.063981 0.723865
4.250045 0.302605 0.013283 0.035942 0.149425 0.670520 -0.063981 0.723865
4.252586 0.302605 0.013283 0.035942 0.157368 0.669777 -0.071343 0.722180
4.255126 0.302605 0.013283 0.035942 0.150831 0.674314 -0.078046 0.718651
4.257666 0.302605 0.013283 0.036054 0.150831 0.674314 -0.078046 0.718651
4.260207 0.302605 0.013283 0.036054 0.150831 0.674314 -0.078046 0.718651
4.262747 0.302605 0.013283 0.036054 0.150831 0.674314 -0.078046 0.718651
4.265287 0.302605 0.013283 0.035942 0.150831 0.674314 -0.078046 0.718651
4.267828 0.302605 0.013283 0.035942 0.150831 0.674314 -0.078046 0.718651
4.270368 0.302605 0.013283 0.035942 0.143414 0.675930 -0.070146 0.719465
4.272909 0.302605 0.013283 0.035942 0.143414 0.675930 -0.070146 0.719465
4.275449 0.302605 0.013283 0.035942 0.143414 0.675930 -0.070146 0.719465
4.277989 0.302716 0.013283 0.035942 0.143414 0.675930 -0.070146 0.719465
4.280530 0.302716 0.013283 0.035942 0.143414 0.675930 -0.070146 0.719465
4.283070 0.302716 0.013283 0.035942 0.135980 0.677465 -0.062238 0.720193
4.285610 0.302716 0.013283 0.035942 0.135980 0.677465 -0.062238 0.720193
4.288151 0.302716 0.013283 0.035942 0.135980 0.677465 -0.062238 0.720193
4.290691 0.302716 0.013283 0.035942 0.135980 0.677465 -0.062238 0.720193
4.293232 0.302716 0.013283 0.035942 0.135980 0.677465 -0.062238 0.720193
4.295772 0.302716 0.013283 0.035942 0.129328 0.681775 -0.069009 0.716725
4.298312 0.302716 0.013283 0.036054 0.129328 0.681775 -0.069009 0.716725
4.300853 0.302716 0.013283 0.036054 0.129328 0.681775 -0.069009 0.716725
4.303393 0.302716 0.013283 0.036054 0.129328 0.681775 -0.069009 0.716725
4.305933 0.302716 0.013283 0.036054 0.122660 0.686003 -0.075772 0.713171
4.308474 0.302716 0.013171 0.036054 0.122660 0.686003 -0.075772 0.713171
4.311014 0.302716 0.013171 0.036054 0.130189 0.684614 -0.083603 0.712296
4.313555 0.302716 0.013171 0.036054 0.138007 0.683654 -0.091119 0.710822
4.316095 0.302716 0.013171 0.036054 0.131330 0.687798 -0.097878 0.707181
4.318635 0.302716 0.013171 0.036054 0.123766 0.689200 -0.090103 0.708214
4.321176 0.302716 0.013171 0.036054 0.131539 0.688168 -0.097669 0.706812
4.323716 0.302716 0.013171 0.036054 0.131539 0.688168 -0.097669 0.706812
4.326256 0.302716 0.013171 0.036054 0.146095 0.683133 -0.098337 0.708742
4.328797 0.302716 0.013171 0.036054 0.138581 0.684697 -0.090545 0.709779
4.331337 0.302716 0.013171 0.036054 0.146370 0.683661 -0.098061 0.708214
4.333878 0.302716 0.013171 0.036054 0.146634 0.684195 -0.097797 0.707680
4.336418 0.302716 0.013171 0.036054 0.153570 0.680496 -0.090744 0.710709
4.338958 0.302828 0.013171 0.035942 0.153894 0.681190 -0.090420 0.710015
4.341499 0.302828 0.013171 0.035942 0.168704 0.676608 -0.090722 0.710993
4.344039 0.302828 0.013171 0.035942 0.169073 0.677468 -0.090354 0.710132
4.346579 0.302828 0.013171 0.035942 0.169073 0.677468 -0.090354 0.710132
4.349120 0.302828 0.013171 0.035942 0.176551 0.675022 -0.082688 0.711574
4.351660 0.302828 0.013171 0.035942 0.184358 0.674073 -0.090099 0.709591
4.354201 0.302940 0.013060 0.035942 0.184358 0.674073 -0.090099 0.709591
4.356741 0.302940 0.013060 0.035942 0.192143 0.673043 -0.097499 0.707523
4.359281 0.302940 0.013060 0.035942 0.192143 0.673043 -0.097499 0.707523
4.361822 0.302940 0.013060 0.035942 0.192702 0.675003 -0.112309 0.703295
4.364362 0.303051 0.013060 0.035942 0.192702 0.675003 -0.112309 0.703295
4.366902 0.303051 0.013060 0.035942 0.200417 0.673728 -0.119718 0.701135
4.369443 0.303051 0.012948 0.035942 0.200417 0.673728 -0.119718 0.701135
4.371983 0.303051 0.012948 0.036054 0.193407 0.677365 -0.126921 0.698328
4.374524 0.303163 0.012948 0.036054 0.193407 0.677365 -0.126921 0.698328
4.377064 0.303163 0.012948 0.036054 0.201067 0.675930 -0.134355 0.696161
4.379604 0.303275 0.012948 0.036054 0.193629 0.678098 -0.126699 0.697595
4.382145 0.303275 0.012948 0.036054 0.186416 0.681173 -0.134067 0.695182
4.384685 0.303386 0.012948 0.036054 0.178921 0.683180 -0.126422 0.696613
4.387225 0.303386 0.012948 0.036165 0.163868 0.686946 -0.111086 0.699223
4.389766 0.303498 0.012948 0.036165 0.163996 0.687528 -0.110957 0.698641
4.392306 0.303609 0.013060 0.036165 0.148851 0.690965 -0.095581 0.700910
4.394847 0.303609 0.013060 0.036165 0.133634 0.694068 -0.080158 0.702841
4.397387 0.303721 0.013060 0.036165 0.126084 0.696084 -0.072348 0.703090
4.399927 0.303833 0.013060 0.036165 0.103071 0.699774 -0.064633 0.703929
4.402468 0.303944 0.013171 0.036165 0.087671 0.701869 -0.049151 0.705179
4.405008 0.303944 0.013171 0.036277 0.072241 0.703793 -0.049145 0.705012
4.407548 0.304056 0.013171 0.036277 0.056761 0.705210 -0.033643 0.705922
4.410089 0.304167 0.013171 0.036277 0.041248 0.706029 -0.033657 0.706179
4.412629 0.304167 0.013171 0.036277 0.025726 0.706765 -0.018133 0.706748
4.415170 0.304279 0.013060 0.036388 0.017958 0.706660 -0.025900 0.706851
4.417710 0.304279 0.013060 0.036388 0.010194 0.706814 -0.018133 0.707093
4.420250 0.304279 0.013060 0.036388 0.002441 0.706197 -0.025883 0.707538
4.422791 0.304391 0.013060 0.036388 0.002458 0.705940 -0.025865 0.707795
4.425331 0.304391 0.012948 0.036388 0.002482 0.705683 -0.025842 0.708052
4.427871 0.304391 0.012948 0.036388 -0.005249 0.704728 -0.033566 0.708664
4.430412 0.304502 0.012948 0.036388 -0.005201 0.704302 -0.033518 0.709090
4.432952 0.304502 0.012836 0.036388 0.010292 0.705100 -0.033562 0.708238
4.435492 0.304502 0.012836 0.036388 0.010329 0.704845 -0.033524 0.708493
4.438033 0.304614 0.012836 0.036388 0.010372 0.704591 -0.033481 0.708748
4.440573 0.304614 0.012836 0.036388 0.025791 0.705726 -0.033594 0.707218
4.443114 0.304726 0.012725 0.036388 0.033577 0.705229 -0.041327 0.706977
4.445654 0.304726 0.012725 0.036277 0.033598 0.705144 -0.041307 0.707062
4.448194 0.304726 0.012725 0.036277 0.041115 0.707101 -0.033789 0.705107
4.450735 0.304837 0.012725 0.036277 0.048536 0.709303 -0.026359 0.702737
4.453275 0.304837 0.012725 0.036277 0.055849 0.711744 -0.019028 0.699957
4.455815 0.304949 0.012613 0.036165 0.063536 0.711492 -0.026846 0.699301
4.458356 0.304949 0.012613 0.036165 0.070694 0.714248 -0.019656 0.696035
4.460896 0.304949 0.012613 0.036165 0.062630 0.715538 -0.012220 0.695653
4.463437 0.304949 0.012613 0.036054 0.062406 0.716090 -0.012445 0.695102
4.465977 0.305060 0.012613 0.036054 0.069239 0.719458 -0.005576 0.691053
4.468517 0.305060 0.012613 0.036054 0.069239 0.719458 -0.005576 0.691053
4.471058 0.305060 0.012502 0.036054 0.068919 0.720154 -0.005895 0.690357
4.473598 0.305060 0.012502 0.035942 0.067961 0.723835 0.008683 0.686563
4.476138 0.305060 0.012502 0.035942 0.060005 0.724538 0.016225 0.686426
4.478679 0.305060 0.012502 0.035942 0.059577 0.725371 0.015797 0.685593
4.481219 0.305060 0.012502 0.035942 0.051604 0.725982 0.023328 0.685378
4.483760 0.305060 0.012502 0.035942 0.051604 0.725982 0.023328 0.685378
4.486300 0.305060 0.012502 0.035942 0.043626 0.726505 0.030856 0.685081
4.488840 0.305060 0.012390 0.035942 0.036097 0.726122 0.038836 0.685519
4.491381 0.304949 0.012390 0.035830 0.028117 0.726475 0.046365 0.685051
4.493921 0.304949 0.012390 0.035830 0.034898 0.729732 0.053133 0.680772
4.496461 0.304949 0.012390 0.035830 0.027417 0.729104 0.061146 0.681115
4.499002 0.305060 0.012278 0.035830 0.027417 0.729104 0.061146 0.681115
4.501542 0.305060 0.012278 0.035830 0.019405 0.729361 0.068625 0.680402
4.504083 0.305060 0.012278 0.035830 0.019405 0.729361 0.068625 0.680402
4.506623 0.305060 0.012278 0.035830 0.011929 0.728563 0.076634 0.680574
4.509163 0.305060 0.012167 0.035830 0.018767 0.731658 0.083417 0.676289
4.511704 0.305172 0.012167 0.035830 0.018767 0.731658 0.083417 0.676289
4.514244 0.305172 0.012167 0.035830 0.018767 0.731658 0.083417 0.676289
4.516784 0.305284 0.012167 0.035830 0.010727 0.731820 0.090842 0.675331
4.519325 0.305284 0.012167 0.035942 0.010727 0.731820 0.090842 0.675331
4.521865 0.305395 0.012167 0.035942 0.010727 0.731820 0.090842 0.675331
4.524406 0.305395 0.012167 0.035942 0.002687 0.731894 0.098255 0.674293
4.526946 0.305507 0.012167 0.035942 0.002687 0.731894 0.098255 0.674293
4.529486 0.305507 0.012167 0.035942 -0.005354 0.731879 0.105657 0.673172
4.532027 0.305619 0.012167 0.035942 -0.005354 0.731879 0.105657 0.673172
4.534567 0.305619 0.012167 0.036054 -0.020089 0.728384 0.106459 0.676550
4.537107 0.305730 0.012167 0.036054 -0.012655 0.729509 0.098450 0.676730
4.539648 0.305730 0.012167 0.036054 -0.020669 0.729326 0.105879 0.675608
4.542188 0.305842 0.012167 0.036054 -0.028680 0.729055 0.113295 0.674404
4.544729 0.305842 0.012167 0.036054 -0.028680 0.729055 0.113295 0.674404
4.547269 0.305842 0.012167 0.036165 -0.036688 0.728696 0.120697 0.673118
4.549809 0.305953 0.012167 0.036165 -0.037308 0.729612 0.120076 0.672202
4.552350 0.305953 0.012167 0.036165 -0.037308 0.729612 0.120076 0.672202
4.554890 0.306065 0.012055 0.036165 -0.045322 0.729158 0.127454 0.670842
4.557430 0.306065 0.012055 0.036165 -0.053330 0.728616 0.134816 0.669402
4.559971 0.306177 0.012055 0.036165 -0.046984 0.732579 0.141003 0.664258
4.562511 0.306177 0.012055 0.036165 -0.047746 0.733604 0.140241 0.663233
4.565052 0.306288 0.012055 0.036054 -0.049598 0.737114 0.153527 0.656226
4.567592 0.306288 0.012055 0.036054 -0.049598 0.737114 0.153527 0.656226
4.570132 0.306400 0.012055 0.036054 -0.057693 0.736525 0.160727 0.654499
4.572673 0.306400 0.011943 0.036054 -0.059659 0.739972 0.173776 0.647058
4.575213 0.306400 0.011943 0.035942 -0.053530 0.744009 0.179622 0.641343
4.577753 0.306512 0.011943 0.035942 -0.061700 0.743376 0.186657 0.639331
4.580294 0.306512 0.011943 0.035942 -0.063816 0.746733 0.199366 0.631324
4.582834 0.306512 0.011943 0.035830 -0.072016 0.745987 0.206290 0.629095
4.585375 0.306623 0.011943 0.035830 -0.072016 0.745987 0.206290 0.629095
4.587915 0.306623 0.011943 0.035830 -0.080207 0.745151 0.213189 0.626791
4.590455 0.306623 0.011832 0.035830 -0.080207 0.745151 0.213189 0.626791
4.592996 0.306623 0.011832 0.035830 -0.088388 0.744225 0.220062 0.624411
4.595536 0.306735 0.011832 0.035942 -0.089720 0.745657 0.218730 0.622979
4.598076 0.306735 0.011832 0.035942 -0.095515 0.741255 0.213347 0.629206
4.600617 0.306735 0.011832 0.035942 -0.103652 0.740161 0.220247 0.626824
4.603157 0.306735 0.011832 0.035942 -0.110525 0.736754 0.213767 0.631888
4.605698 0.306735 0.011720 0.035942 -0.103576 0.739058 0.205660 0.633064
4.608238 0.306735 0.011720 0.036054 -0.111689 0.737875 0.212602 0.630766
4.610778 0.306735 0.011720 0.036054 -0.118231 0.733974 0.206414 0.636158
4.613319 0.306735 0.011720 0.036054 -0.111235 0.736198 0.198338 0.637418
4.615859 0.306735 0.011609 0.036054 -0.119316 0.734931 0.205328 0.635201
4.618399 0.306846 0.011609 0.036054 -0.115327 0.741083 0.208965 0.627559
4.620940 0.306846 0.011609 0.036054 -0.124731 0.740772 0.214577 0.624224
4.623480 0.306846 0.011609 0.036054 -0.114461 0.749483 0.209438 0.617503
4.626021 0.306958 0.011497 0.036054 -0.119639 0.754688 0.218807 0.606841
4.628561 0.306958 0.011497 0.036054 -0.123446 0.758783 0.229423 0.596970
4.631101 0.307070 0.011497 0.036054 -0.129289 0.764008 0.237874 0.585655
4.633642 0.307070 0.011497 0.036054 -0.127102 0.770676 0.239436 0.576693
4.636182 0.307181 0.011497 0.036054 -0.133751 0.775949 0.246872 0.564861
4.638722 0.307293 0.011385 0.036054 -0.132249 0.782680 0.247632 0.555518
4.641263 0.307404 0.011385 0.036054 -0.139723 0.787926 0.254020 0.543253
4.643803 0.307516 0.011385 0.036054 -0.153465 0.790184 0.268501 0.529117
4.646344 0.307628 0.011385 0.036054 -0.152945 0.796904 0.268040 0.519332
4.648884 0.307628 0.011385 0.036165 -0.161691 0.795176 0.273729 0.516356
4.651424 0.307739 0.011385 0.036165 -0.173697 0.787790 0.277153 0.521922
4.653965 0.307851 0.011385 0.036165 -0.176630 0.788894 0.274220 0.520817
4.656505 0.307963 0.011385 0.036277 -0.185286 0.786906 0.279925 0.517773
4.659045 0.307963 0.011274 0.036277 -0.179587 0.789934 0.271263 0.519778
4.661586 0.308074 0.011274 0.036277 -0.191135 0.782111 0.275101 0.525443
4.664126 0.308074 0.011274 0.036388 -0.191135 0.782111 0.275101 0.525443
4.666666 0.308186 0.011274 0.036388 -0.193992 0.776213 0.273212 0.534056
4.669207 0.308186 0.011274 0.036388 -0.196827 0.770222 0.271289 0.542604
4.671747 0.308186 0.011274 0.036388 -0.196827 0.770222 0.271289 0.542604
4.674288 0.308297 0.011274 0.036500 -0.208020 0.761899 0.275372 0.548095
4.676828 0.308297 0.011274 0.036500 -0.208020 0.761899 0.275372 0.548095
4.679368 0.308297 0.011274 0.036500 -0.208020 0.761899 0.275372 0.548095
4.681909 0.308297 0.011274 0.036500 -0.201986 0.764878 0.266985 0.550347
4.684449 0.308297 0.011274 0.036500 -0.210377 0.762613 0.273016 0.547381
4.686989 0.308409 0.011274 0.036500 -0.210377 0.762613 0.273016 0.547381
4.689530 0.308409 0.011274 0.036500 -0.218742 0.760256 0.279013 0.544349
4.692070 0.308409 0.011274 0.036500 -0.218742 0.760256 0.279013 0.544349
4.694611 0.308409 0.011274 0.036500 -0.227081 0.757807 0.284976 0.541250
4.697151 0.308409 0.011385 0.036500 -0.227081 0.757807 0.284976 0.541250
4.699691 0.308521 0.011385 0.036500 -0.229467 0.758416 0.282590 0.540641
4.702232 0.308521 0.011385 0.036500 -0.235571 0.762135 0.289767 0.528859
4.704772 0.308521 0.011385 0.036500 -0.243930 0.759501 0.295559 0.525644
4.707312 0.308521 0.011385 0.036388 -0.238140 0.762702 0.287198 0.528292
4.709853 0.308632 0.011497 0.036388 -0.244495 0.766291 0.293943 0.516350
4.712393 0.308632 0.011497 0.036388 -0.252899 0.763559 0.299598 0.513089
4.714934 0.308632 0.011497 0.036388 -0.259369 0.766937 0.305946 0.500931
4.717474 0.308744 0.011497 0.036388 -0.262296 0.767417 0.303019 0.500452
4.720014 0.308744 0.011497 0.036388 -0.262296 0.767417 0.303019 0.500452
4.722555 0.308856 0.011497 0.036388 -0.270712 0.764489 0.308498 0.497092
4.725095 0.308856 0.011497 0.036388 -0.279094 0.761469 0.313941 0.493673
4.727635 0.308967 0.011497 0.036500 -0.287443 0.758357 0.319345 0.490194
4.730176 0.308967 0.011497 0.036500 -0.295757 0.755153 0.324712 0.486656
4.732716 0.309079 0.011497 0.036500 -0.304035 0.751858 0.330038 0.483060
4.735257 0.309079 0.011497 0.036500 -0.312277 0.748473 0.335325 0.479405
4.737797 0.309190 0.011497 0.036500 -0.321735 0.738652 0.340691 0.484572
4.740337 0.309190 0.011385 0.036612 -0.329831 0.735073 0.345994 0.480800
4.742878 0.309190 0.011385 0.036612 -0.344277 0.721040 0.359469 0.482034
4.745418 0.309302 0.011385 0.036612 -0.360035 0.713302 0.369973 0.474020
4.747958 0.309302 0.011385 0.036612 -0.367850 0.709303 0.375158 0.469927
4.750499 0.309302 0.011385 0.036612 -0.383345 0.701050 0.385392 0.461571
4.753039 0.309414 0.011385 0.036612 -0.391024 0.696797 0.390440 0.457309
4.755580 0.309414 0.011385 0.036612 -0.393655 0.696761 0.387809 0.457344
4.758120 0.309525 0.011385 0.036612 -0.401286 0.692394 0.392810 0.453056
4.760660 0.309525 0.011274 0.036612 -0.408437 0.694478 0.396624 0.439966
4.763201 0.309637 0.011274 0.036612 -0.411232 0.694317 0.393829 0.440126
4.765741 0.309637 0.011274 0.036612 -0.413876 0.700522 0.389516 0.431570
4.768281 0.309749 0.011274 0.036612 -0.413876 0.700522 0.389516 0.431570
4.770822 0.309749 0.011274 0.036500 -0.416799 0.706547 0.384828 0.423057
4.773362 0.309860 0.011274 0.036500 -0.416719 0.712787 0.383045 0.414193
4.775903 0.309860 0.011274 0.036500 -0.412144 0.716953 0.375191 0.418746
4.778443 0.309860 0.011162 0.036500 -0.412144 0.716953 0.375191 0.418746
4.780983 0.309972 0.011162 0.036500 -0.399572 0.731578 0.360754 0.418322
4.783524 0.309972 0.011162 0.036388 -0.399572 0.731578 0.360754 0.418322
4.786064 0.309972 0.011162 0.036388 -0.391395 0.741947 0.354326 0.413253
4.788604 0.309972 0.011050 0.036388 -0.386831 0.745795 0.346154 0.417528
4.791145 0.309972 0.011050 0.036388 -0.386768 0.751708 0.344236 0.408470
4.793685 0.310083 0.011050 0.036388 -0.386768 0.751708 0.344236 0.408470
4.796226 0.310083 0.011050 0.036277 -0.373861 0.765398 0.329479 0.407231
4.798766 0.310083 0.010939 0.036277 -0.373861 0.765398 0.329479 0.407231
4.801306 0.310083 0.010939 0.036277 -0.373743 0.771106 0.327515 0.398052
4.803847 0.310083 0.010939 0.036277 -0.373743 0.771106 0.327515 0.398052
4.806387 0.310083 0.010939 0.036277 -0.369285 0.780250 0.316960 0.392906
4.808927 0.310083 0.010939 0.036277 -0.369285 0.780250 0.316960 0.392906
4.811468 0.310083 0.010939 0.036165 -0.364941 0.789160 0.306206 0.387663
4.814008 0.310083 0.010939 0.036165 -0.364941 0.789160 0.306206 0.387663
4.816549 0.310195 0.010939 0.036165 -0.364892 0.794540 0.304006 0.378340
4.819089 0.310195 0.010939 0.036165 -0.369524 0.799079 0.297044 0.369716
4.821629 0.310195 0.010827 0.036165 -0.365440 0.802294 0.288247 0.373753
4.824170 0.310195 0.010827 0.036165 -0.365567 0.807429 0.285758 0.364366
4.826710 0.310195 0.010827 0.036165 -0.361727 0.815529 0.274290 0.358931
4.829250 0.310307 0.010827 0.036165 -0.361727 0.815529 0.274290 0.358931
4.831791 0.310307 0.010827 0.036165 -0.358008 0.823375 0.262648 0.353412
4.834331 0.310307 0.010716 0.036054 -0.354104 0.826211 0.253587 0.357324
4.836872 0.310418 0.010716 0.036054 -0.354411 0.830963 0.250836 0.347813
4.839412 0.310418 0.010604 0.036054 -0.350938 0.838290 0.238860 0.342137
4.841952 0.310418 0.010604 0.036054 -0.347158 0.840864 0.229637 0.345972
4.844493 0.310530 0.010492 0.036054 -0.334539 0.851519 0.213675 0.342552
4.847033 0.310530 0.010381 0.036054 -0.334539 0.851519 0.213675 0.342552
4.849573 0.310530 0.010381 0.036054 -0.331310 0.858142 0.201381 0.336558
4.852114 0.310641 0.010269 0.036054 -0.327593 0.860303 0.191941 0.340177
4.854654 0.310641 0.010269 0.036054 -0.324563 0.866518 0.179434 0.334080
4.857195 0.310641 0.010158 0.036054 -0.330395 0.864859 0.173603 0.335739
4.859735 0.310753 0.010158 0.036054 -0.323990 0.872403 0.151256 0.333264
4.862275 0.310753 0.010158 0.035942 -0.331051 0.874225 0.141884 0.325584
4.864816 0.310865 0.010158 0.035942 -0.338322 0.875707 0.132247 0.318097
4.867356 0.310865 0.010158 0.035942 -0.332689 0.881841 0.109250 0.315814
4.869896 0.310976 0.010158 0.035942 -0.348520 0.875542 0.106550 0.317186
4.872437 0.311088 0.010158 0.035942 -0.356341 0.876012 0.096319 0.310398
4.874977 0.311200 0.010158 0.035942 -0.373937 0.872056 0.089193 0.302875
4.877518 0.311200 0.010269 0.035942 -0.380156 0.868860 0.082974 0.306072
4.880058 0.311311 0.010269 0.035942 -0.388370 0.868284 0.072168 0.300071
4.882598 0.311423 0.010269 0.035942 -0.404050 0.860355 0.069295 0.302870
4.885139 0.311534 0.010269 0.035942 -0.410134 0.856610 0.063212 0.306615
4.887679 0.311646 0.010269 0.035942 -0.418571 0.855125 0.052054 0.301413
4.890219 0.311646 0.010381 0.036054 -0.425477 0.848110 0.060619 0.309845
4.892760 0.311758 0.010381 0.036054 -0.431346 0.844037 0.054750 0.313918
4.895300 0.311758 0.010381 0.036165 -0.437928 0.836895 0.063667 0.322137
4.897841 0.311869 0.010381 0.036165 -0.443538 0.832721 0.058058 0.326310
4.900381 0.311869 0.010269 0.036277 -0.440698 0.830359 0.063645 0.335019
4.902921 0.311981 0.010269 0.036277 -0.434003 0.828608 0.060124 0.348476
4.905462 0.311981 0.010269 0.036277 -0.443080 0.823790 0.063949 0.347795
4.908002 0.311981 0.010269 0.036388 -0.440012 0.821323 0.069642 0.356327
4.910542 0.311981 0.010269 0.036388 -0.445075 0.817198 0.064578 0.360451
4.913083 0.311981 0.010158 0.036388 -0.450758 0.809827 0.074431 0.368047
4.915623 0.312093 0.010158 0.036500 -0.450758 0.809827 0.074431 0.368047
4.918163 0.312093 0.010158 0.036500 -0.452125 0.803212 0.075628 0.380414
4.920704 0.312093 0.010046 0.036500 -0.447918 0.803994 0.066799 0.385358
4.923244 0.312204 0.010046 0.036500 -0.456724 0.799025 0.071029 0.384601
4.925785 0.312204 0.010046 0.036500 -0.464899 0.796953 0.060289 0.380921
4.928325 0.312204 0.010046 0.036388 -0.473626 0.791797 0.064470 0.380236
4.930865 0.312316 0.010046 0.036388 -0.486718 0.781953 0.064222 0.384098
4.933406 0.312427 0.010158 0.036388 -0.499067 0.778444 0.061830 0.375679
4.935946 0.312539 0.010158 0.036388 -0.511907 0.768015 0.061635 0.379877
4.938486 0.312651 0.010158 0.036388 -0.520064 0.764538 0.050524 0.377442
4.941027 0.312762 0.010158 0.036277 -0.536736 0.752927 0.058805 0.376241
4.943567 0.312762 0.010158 0.036277 -0.553020 0.742818 0.051670 0.373793
4.946108 0.312874 0.010269 0.036277 -0.561147 0.736697 0.055773 0.373203
4.948648 0.312986 0.010269 0.036277 -0.577143 0.725719 0.048508 0.371329
4.951188 0.313097 0.010269 0.036277 -0.592948 0.712864 0.056655 0.370173
4.953729 0.313209 0.010381 0.036165 -0.600744 0.706307 0.060718 0.369528
4.956269 0.313320 0.010381 0.036165 -0.608467 0.699664 0.064774 0.368839
4.958809 0.313432 0.010381 0.036165 -0.612010 0.692292 0.076680 0.374561
4.961350 0.313432 0.010381 0.036165 -0.619579 0.685526 0.080790 0.373696
4.963890 0.313544 0.010269 0.036165 -0.627073 0.678678 0.084891 0.372786
4.966431 0.313544 0.010269 0.036165 -0.634491 0.671748 0.088981 0.371831
4.968971 0.313655 0.010269 0.036165 -0.645868 0.663675 0.100358 0.363757
4.971511 0.313655 0.010269 0.036165 -0.641726 0.663041 0.108474 0.369862
4.974052 0.313655 0.010269 0.036165 -0.648971 0.655951 0.112531 0.368648
4.976592 0.313655 0.010269 0.036165 -0.655966 0.646750 0.131921 0.366087
4.979132 0.313655 0.010158 0.036165 -0.655966 0.646750 0.131921 0.366087
4.981673 0.313655 0.010158 0.036165 -0.662805 0.637139 0.151219 0.363148
4.984213 0.313655 0.010158 0.036165 -0.658532 0.636229 0.159467 0.368943
4.986754 0.313767 0.010158 0.036165 -0.661119 0.628016 0.171802 0.372829
4.989294 0.313767 0.010158 0.036054 -0.672013 0.618745 0.182696 0.363558
4.991834 0.313767 0.010158 0.036054 -0.674366 0.610316 0.195060 0.367010
4.994375 0.313767 0.010158 0.036054 -0.676534 0.601836 0.207498 0.370189
4.996915 0.313767 0.010046 0.036054 -0.673842 0.592184 0.228425 0.378256
4.999455 0.313767 0.010046 0.036054 -0.675541 0.583598 0.241018 0.380747
5.001996 0.313879 0.010046 0.036054 -0.677050 0.574977 0.253663 0.382961
5.004536 0.313879 0.010046 0.036054 -0.673332 0.565078 0.274819 0.389596
5.007077 0.313990 0.010046 0.036054 -0.675208 0.547676 0.300344 0.392349
5.009617 0.313990 0.010046 0.036054 -0.671498 0.542356 0.307206 0.400705
5.012157 0.314102 0.010046 0.036054 -0.666402 0.532505 0.328613 0.405413
5.014698 0.314102 0.010046 0.036054 -0.660775 0.531188 0.337066 0.409393
5.017238 0.314213 0.009934 0.036054 -0.656310 0.526391 0.344236 0.416739
5.019778 0.314325 0.009934 0.035942 -0.656196 0.517924 0.357261 0.416565
5.022319 0.314437 0.009934 0.035942 -0.645605 0.520623 0.359988 0.427265
5.024859 0.314437 0.009934 0.035942 -0.640493 0.516376 0.367441 0.433719
5.027400 0.314548 0.009934 0.035942 -0.634312 0.515215 0.375842 0.436972
5.029940 0.314660 0.009823 0.035942 -0.629473 0.519313 0.370159 0.443915
5.032480 0.314660 0.009823 0.035830 -0.629473 0.519313 0.370159 0.443915
5.035021 0.314771 0.009823 0.035830 -0.624558 0.523348 0.364431 0.450803
5.037561 0.314771 0.009823 0.035830 -0.619568 0.527320 0.358660 0.457638
5.040101 0.314771 0.009823 0.035830 -0.625852 0.528203 0.350226 0.454590
5.042642 0.314883 0.009823 0.035830 -0.627063 0.532746 0.335917 0.458404
5.045182 0.314883 0.009823 0.035719 -0.621989 0.536404 0.330044 0.465265
5.047723 0.314995 0.009823 0.035719 -0.623073 0.540472 0.315593 0.469117
5.050263 0.314995 0.009934 0.035719 -0.630188 0.544471 0.292440 0.469993
5.052803 0.315106 0.009934 0.035719 -0.642173 0.537632 0.288901 0.463791
5.055344 0.315106 0.009934 0.035607 -0.643035 0.540730 0.274257 0.467867
5.057884 0.315218 0.010046 0.035607 -0.649682 0.543235 0.250767 0.468962
5.060424 0.315330 0.010046 0.035607 -0.650319 0.545525 0.235975 0.473079
5.062965 0.315330 0.010158 0.035607 -0.656570 0.546827 0.212279 0.474166
5.065505 0.315441 0.010158 0.035607 -0.656981 0.548301 0.197384 0.478312
5.068046 0.315553 0.010269 0.035607 -0.657300 0.549447 0.182461 0.482466
5.070586 0.315664 0.010269 0.035607 -0.656769 0.555640 0.168274 0.481251
5.073126 0.315776 0.010269 0.035607 -0.650793 0.563480 0.147935 0.486903
5.075667 0.315888 0.010381 0.035607 -0.644563 0.570596 0.142577 0.488499
5.078207 0.315999 0.010492 0.035607 -0.632833 0.579115 0.130847 0.497018
5.080747 0.316111 0.010492 0.035719 -0.619957 0.592879 0.119896 0.499773
5.083288 0.316223 0.010492 0.035719 -0.588848 0.614945 0.105174 0.513847
5.085828 0.316334 0.010492 0.035830 -0.556673 0.635131 0.104995 0.525071
5.088369 0.316446 0.010604 0.035942 -0.509076 0.664894 0.092315 0.538735
5.090909 0.316557 0.010604 0.035942 -0.459734 0.692201 0.062888 0.552764
5.093449 0.316557 0.010716 0.036054 -0.408783 0.714900 0.047691 0.565279
5.095990 0.316669 0.010716 0.036165 -0.326033 0.743493 0.019368 0.583563
5.098530 0.316781 0.010827 0.036277 -0.224472 0.767395 -0.025119 0.600072
5.101070 0.316892 0.010827 0.036277 -0.123449 0.775065 -0.074911 0.615161
5.103611 0.317004 0.011050 0.036388 0.045481 0.758568 -0.166766 0.628248
5.106151 0.317116 0.011050 0.036388 0.181691 0.723127 -0.256778 0.614932
5.108692 0.317227 0.011162 0.036388 0.286571 0.673914 -0.325537 0.598117
5.111232 0.317339 0.011385 0.036388 0.400532 0.596300 -0.413134 0.559750
5.113772 0.317339 0.011609 0.036388 0.480334 0.515841 -0.478583 0.523590
5.116313 0.317450 0.011720 0.036277 0.540818 0.438598 -0.536021 0.477315
5.118853 0.317562 0.011832 0.036277 0.581360 0.367206 -0.579650 0.437249
5.121393 0.317674 0.011832 0.036277 0.619064 0.278567 -0.628796 0.379178
5.123934 0.317785 0.011832 0.036165 0.643597 0.186328 -0.672064 0.315271
5.126474 0.317897 0.012055 0.036054 0.646747 0.157279 -0.683276 0.300193
5.129015 0.318009 0.012278 0.035942 0.654588 0.128262 -0.694248 0.270339
5.131555 0.318120 0.012278 0.035942 0.649176 0.099198 -0.704637 0.268732
5.134095 0.318120 0.012390 0.035942 0.643221 0.076951 -0.710432 0.275013
5.136636 0.318120 0.012390 0.035942 0.640971 0.055312 -0.717770 0.266277
5.139176 0.318232 0.012390 0.035830 0.630962 0.034375 -0.726089 0.271110
5.141716 0.318232 0.012502 0.035830 0.633902 0.026396 -0.726423 0.264161
5.144257 0.318232 0.012502 0.035719 0.629893 0.012062 -0.730712 0.262962
5.146797 0.318343 0.012502 0.035719 0.625570 -0.002181 -0.734974 0.261668
5.149338 0.318343 0.012502 0.035719 0.628407 -0.010255 -0.734906 0.254780
5.151878 0.318343 0.012502 0.035719 0.624143 -0.010735 -0.733236 0.269619
5.154418 0.318343 0.012613 0.035719 0.622979 -0.019341 -0.731073 0.277590
5.156959 0.318232 0.012613 0.035719 0.622078 -0.027987 -0.728482 0.285570
5.159499 0.318232 0.012613 0.035719 0.622078 -0.027987 -0.728482 0.285570
5.162039 0.318232 0.012613 0.035719 0.625177 -0.035989 -0.728131 0.278718
5.164580 0.318232 0.012613 0.035719 0.621001 -0.043486 -0.728645 0.285559
5.167120 0.318232 0.012613 0.035607 0.624101 -0.051488 -0.728123 0.278719
5.169660 0.318232 0.012613 0.035607 0.624101 -0.051488 -0.728123 0.278719
5.172201 0.318232 0.012613 0.035607 0.624629 -0.044628 -0.725017 0.286701
5.174741 0.318232 0.012613 0.035719 0.627741 -0.052591 -0.724483 0.279822
5.177282 0.318232 0.012613 0.035719 0.627741 -0.052591 -0.724483 0.279822
5.179822 0.318232 0.012613 0.035719 0.627741 -0.052591 -0.724483 0.279822
5.182362 0.318232 0.012725 0.035719 0.627741 -0.052591 -0.724483 0.279822
5.184903 0.318232 0.012725 0.035719 0.628281 -0.045691 -0.721365 0.287764
5.187443 0.318232 0.012725 0.035719 0.628281 -0.045691 -0.721365 0.287764
5.189983 0.318232 0.012725 0.035719 0.624346 -0.053279 -0.721475 0.294666
5.192524 0.318232 0.012725 0.035719 0.624346 -0.053279 -0.721475 0.294666
5.195064 0.318232 0.012725 0.035719 0.624346 -0.053279 -0.721475 0.294666
5.197605 0.318232 0.012725 0.035719 0.624346 -0.053279 -0.721475 0.294666
5.200145 0.318232 0.012725 0.035719 0.624346 -0.053279 -0.721475 0.294666
5.202685 0.318232 0.012725 0.035830 0.624346 -0.053279 -0.721475 0.294666
5.205226 0.318232 0.012725 0.035830 0.624346 -0.053279 -0.721475 0.294666
5.207766 0.318232 0.012725 0.035830 0.620336 -0.060860 -0.721497 0.301532
5.210306 0.318232 0.012725 0.035830 0.620336 -0.060860 -0.721497 0.301532
5.212847 0.318120 0.012725 0.035830 0.620336 -0.060860 -0.721497 0.301532
5.215387 0.318120 0.012725 0.035830 0.620336 -0.060860 -0.721497 0.301532
5.217928 0.318120 0.012725 0.035830 0.619630 -0.067671 -0.724766 0.293587
5.220468 0.318120 0.012725 0.035830 0.616367 -0.059705 -0.725466 0.300377
5.223008 0.318120 0.012725 0.035830 0.612124 -0.067233 -0.725559 0.307160
5.225549 0.318120 0.012725 0.035830 0.612124 -0.067233 -0.725559 0.307160
5.228089 0.318120 0.012725 0.035830 0.612124 -0.067233 -0.725559 0.307160
5.230629 0.318120 0.012725 0.035942 0.608025 -0.065942 -0.729659 0.305869
5.233170 0.318120 0.012725 0.035942 0.608025 -0.065942 -0.729659 0.305869
5.235710 0.318120 0.012725 0.035942 0.608025 -0.065942 -0.729659 0.305869
5.238251 0.318120 0.012725 0.035942 0.608025 -0.065942 -0.729659 0.305869
5.240791 0.318120 0.012725 0.035942 0.603955 -0.064561 -0.733728 0.304488
5.243331 0.318120 0.012725 0.035942 0.599327 -0.071978 -0.734046 0.311133
5.245872 0.318120 0.012613 0.035942 0.595873 -0.063910 -0.734792 0.317698
5.248412 0.318120 0.012613 0.035942 0.595873 -0.063910 -0.734792 0.317698
5.250952 0.318120 0.012613 0.035942 0.591697 -0.062338 -0.738967 0.316126
5.253493 0.318120 0.012613 0.035942 0.591697 -0.062338 -0.738967 0.316126
5.256033 0.318120 0.012613 0.035942 0.583192 -0.061559 -0.740151 0.329050
5.258574 0.318120 0.012613 0.035942 0.578920 -0.059787 -0.744423 0.327279
5.261114 0.318120 0.012613 0.035942 0.575290 -0.051606 -0.745035 0.333619
5.263654 0.318120 0.012613 0.035942 0.565643 -0.056894 -0.750078 0.337924
5.266195 0.318009 0.012502 0.035942 0.561328 -0.054820 -0.754393 0.335851
5.268735 0.318009 0.012502 0.036054 0.551889 -0.053641 -0.755916 0.348040
5.271275 0.318009 0.012502 0.036054 0.547501 -0.051351 -0.760304 0.345750
5.273816 0.318009 0.012390 0.036054 0.537097 -0.055918 -0.765800 0.349213
5.276356 0.318009 0.012390 0.036054 0.529295 -0.039079 -0.766844 0.360929
5.278897 0.317897 0.012390 0.036054 0.514506 -0.034769 -0.772995 0.369532
5.281437 0.317897 0.012390 0.036054 0.510095 -0.031880 -0.777405 0.366644
5.283977 0.317785 0.012278 0.036054 0.501917 -0.014792 -0.777918 0.377762
5.286518 0.317785 0.012278 0.036054 0.486613 -0.004356 -0.779822 0.393784
5.289058 0.317785 0.012278 0.036054 0.477844 0.012778 -0.779729 0.404381
5.291598 0.317674 0.012278 0.036054 0.475943 0.036481 -0.777203 0.410003
5.294139 0.317674 0.012278 0.036054 0.466820 0.053548 -0.776214 0.420361
5.296679 0.317674 0.012390 0.036054 0.461464 0.067147 -0.770858 0.433959
5.299220 0.317562 0.012390 0.036054 0.450868 0.089025 -0.764272 0.452417
5.301760 0.317562 0.012390 0.036054 0.440819 0.105796 -0.762132 0.462214
5.304300 0.317562 0.012502 0.036054 0.441659 0.125540 -0.753166 0.471081
5.306841 0.317562 0.012502 0.036054 0.429615 0.146786 -0.744900 0.488884
5.309381 0.317562 0.012502 0.035942 0.422491 0.159612 -0.737775 0.501710
5.311921 0.317562 0.012613 0.035942 0.416593 0.186958 -0.725536 0.514873
5.314462 0.317562 0.012613 0.035942 0.408745 0.199420 -0.717689 0.527335
5.317002 0.317450 0.012613 0.035942 0.394673 0.219490 -0.707200 0.543990
5.319543 0.317450 0.012725 0.036054 0.379018 0.224730 -0.701743 0.559819
5.322083 0.317450 0.012725 0.036054 0.372845 0.232426 -0.699232 0.563949
5.324623 0.317450 0.012725 0.036054 0.353065 0.241036 -0.697158 0.575515
5.327164 0.317450 0.012725 0.036054 0.343968 0.252475 -0.688061 0.586954
5.329704 0.317450 0.012725 0.036165 0.330157 0.253282 -0.688473 0.594011
5.332244 0.317450 0.012725 0.036165 0.317026 0.268347 -0.682742 0.601122
5.334785 0.317450 0.012725 0.036165 0.302918 0.269171 -0.683119 0.607566
5.337325 0.317450 0.012725 0.036277 0.291621 0.266816 -0.690178 0.606153
5.339866 0.317339 0.012613 0.036277 0.284944 0.274382 -0.687205 0.609320
5.342406 0.317339 0.012613 0.036277 0.263741 0.282922 -0.684531 0.617911
5.344946 0.317339 0.012613 0.036277 0.252236 0.281182 -0.691694 0.615526
5.347487 0.317339 0.012613 0.036388 0.245458 0.288764 -0.688564 0.618260
5.350027 0.317450 0.012613 0.036388 0.233870 0.287401 -0.695743 0.615343
5.352567 0.317450 0.012502 0.036388 0.227096 0.295027 -0.692544 0.617875
5.355108 0.317450 0.012502 0.036388 0.220294 0.302617 -0.689261 0.620333
5.357648 0.317450 0.012502 0.036388 0.213466 0.310171 -0.685895 0.622715
5.360189 0.317450 0.012502 0.036388 0.216861 0.307808 -0.692695 0.615142
5.362729 0.317450 0.012502 0.036388 0.201896 0.309344 -0.693091 0.619006
5.365269 0.317450 0.012390 0.036388 0.195083 0.316940 -0.689651 0.621187
5.367810 0.317450 0.012390 0.036388 0.203293 0.322952 -0.685765 0.619759
5.370350 0.317562 0.012390 0.036388 0.196472 0.330467 -0.682175 0.621955
5.372890 0.317562 0.012390 0.036388 0.188247 0.324497 -0.686127 0.623293
5.375431 0.317562 0.012390 0.036388 0.188247 0.324497 -0.686127 0.623293
5.377971 0.317562 0.012390 0.036388 0.181388 0.332015 -0.682521 0.625323
5.380512 0.317562 0.012390 0.036388 0.181388 0.332015 -0.682521 0.625323
5.383052 0.317562 0.012390 0.036388 0.174507 0.339494 -0.678832 0.627278
5.385592 0.317562 0.012390 0.036388 0.174507 0.339494 -0.678832 0.627278
5.388133 0.317562 0.012390 0.036388 0.166234 0.333571 -0.682833 0.628360
5.390673 0.317562 0.012390 0.036388 0.159321 0.341053 -0.679127 0.630148
5.393213 0.317562 0.012390 0.036388 0.159321 0.341053 -0.679127 0.630148
5.395754 0.317562 0.012390 0.036388 0.152388 0.348493 -0.675339 0.631860
5.398294 0.317562 0.012390 0.036388 0.144075 0.342618 -0.679387 0.632684
5.400835 0.317562 0.012390 0.036388 0.144075 0.342618 -0.679387 0.632684
5.403375 0.317562 0.012390 0.036388 0.137115 0.350061 -0.675582 0.634228
5.405915 0.317562 0.012278 0.036388 0.137115 0.350061 -0.675582 0.634228
5.408456 0.317674 0.012278 0.036388 0.121794 0.351634 -0.675791 0.636260
5.410996 0.317674 0.012278 0.036388 0.121794 0.351634 -0.675791 0.636260
5.413536 0.317674 0.012278 0.036388 0.114796 0.359037 -0.671887 0.637560
5.416077 0.317674 0.012278 0.036388 0.106432 0.353211 -0.675965 0.637955
5.418617 0.317674 0.012278 0.036388 0.106432 0.353211 -0.675965 0.637955
5.421157 0.317674 0.012278 0.036388 0.102545 0.354359 -0.668915 0.645342
5.423698 0.317674 0.012278 0.036388 0.087132 0.355770 -0.669040 0.646700
5.426238 0.317674 0.012167 0.036388 0.087132 0.355770 -0.669040 0.646700
5.428779 0.317674 0.012167 0.036388 0.074958 0.350656 -0.665869 0.654248
5.431319 0.317674 0.012167 0.036388 0.078364 0.344201 -0.662463 0.660702
5.433859 0.317785 0.012167 0.036388 0.066447 0.338726 -0.658985 0.668272
5.436400 0.317785 0.012167 0.036277 0.066447 0.338726 -0.658985 0.668272
5.438940 0.317785 0.012167 0.036277 0.062074 0.325771 -0.658960 0.675123
5.441480 0.317785 0.012055 0.036277 0.050491 0.319820 -0.655088 0.682661
5.444021 0.317785 0.012055 0.036277 0.051106 0.313803 -0.643417 0.696369
5.446561 0.317897 0.012055 0.036277 0.039877 0.307395 -0.639147 0.703853
5.449102 0.317897 0.012055 0.036277 0.044305 0.300860 -0.634719 0.710389
5.451642 0.317897 0.012055 0.036165 0.038101 0.287632 -0.625403 0.724353
5.454182 0.317897 0.012055 0.036165 0.035517 0.273771 -0.623539 0.731428
5.456723 0.317897 0.011943 0.036165 0.040616 0.267366 -0.618440 0.737833
5.459263 0.317785 0.011943 0.036054 0.035794 0.253765 -0.607727 0.751658
5.461803 0.317785 0.011943 0.036054 0.033004 0.254143 -0.599433 0.758289
5.464344 0.317785 0.011943 0.036054 0.038610 0.247981 -0.593826 0.764451
5.466884 0.317785 0.011943 0.035942 0.033153 0.248770 -0.576887 0.777313
5.469425 0.317785 0.011943 0.035942 0.032293 0.234593 -0.573452 0.784268
5.471965 0.317785 0.011943 0.035942 0.029714 0.234933 -0.564802 0.790520
5.474505 0.317785 0.011943 0.035830 0.026916 0.220964 -0.552093 0.803520
5.477046 0.317674 0.011943 0.035830 0.024487 0.221246 -0.543232 0.809536
5.479586 0.317674 0.011943 0.035830 0.031012 0.215619 -0.536707 0.815164
5.482126 0.317674 0.012055 0.035719 0.020213 0.207385 -0.520699 0.827922
5.484667 0.317674 0.012055 0.035719 0.017933 0.207594 -0.511572 0.833593
5.487207 0.317674 0.012055 0.035719 0.015651 0.207779 -0.502383 0.839163
5.489748 0.317785 0.012055 0.035719 0.007607 0.198855 -0.495067 0.845759
5.492288 0.317785 0.012055 0.035607 0.009122 0.184389 -0.489662 0.852144
5.494828 0.317785 0.012055 0.035607 -0.000378 0.175211 -0.472501 0.863738
5.497369 0.317785 0.012055 0.035607 -0.007647 0.165782 -0.464595 0.869833
5.499909 0.317785 0.012167 0.035607 -0.005085 0.151170 -0.458246 0.875861
5.502449 0.317897 0.012167 0.035607 -0.016991 0.131920 -0.451296 0.882406
5.504990 0.317897 0.012167 0.035607 -0.018703 0.107480 -0.445253 0.888734
5.507530 0.317897 0.012167 0.035607 -0.029671 0.087722 -0.437495 0.894440
5.510071 0.318009 0.012167 0.035719 -0.035077 0.053104 -0.430899 0.900153
5.512611 0.318009 0.012167 0.035719 -0.029733 0.013624 -0.423243 0.905426
5.515151 0.318120 0.012167 0.035719 -0.028034 -0.035788 -0.413489 0.909374
5.517692 0.318120 0.012055 0.035719 -0.025272 -0.085053 -0.400960 0.911789
5.520232 0.318232 0.012055 0.035719 -0.022992 -0.133718 -0.395721 0.908293
5.522772 0.318343 0.012055 0.035719 -0.018863 -0.182119 -0.377832 0.907590
5.525313 0.318343 0.012055 0.035719 -0.005572 -0.243530 -0.343074 0.907173
5.527853 0.318455 0.012055 0.035719 0.010559 -0.293292 -0.316129 0.902181
5.530394 0.318567 0.012055 0.035719 0.032800 -0.353778 -0.279274 0.892060
5.532934 0.318567 0.012055 0.035719 0.045340 -0.408192 -0.241708 0.879148
5.535474 0.318678 0.012055 0.035719 0.062056 -0.450831 -0.204143 0.866733
5.538015 0.318678 0.012055 0.035607 0.078595 -0.490841 -0.163957 0.852066
5.540555 0.318790 0.012055 0.035607 0.091366 -0.525687 -0.117998 0.837486
5.543095 0.318790 0.012055 0.035607 0.098571 -0.559333 -0.080065 0.819158
5.545636 0.318901 0.012055 0.035607 0.100966 -0.582570 -0.051836 0.804818
5.548176 0.318901 0.012055 0.035607 0.116422 -0.597516 -0.021219 0.793076
5.550717 0.319013 0.012055 0.035607 0.114412 -0.625995 0.012147 0.771292
5.553257 0.319013 0.012055 0.035607 0.112719 -0.639192 0.029544 0.760168
5.555797 0.319125 0.012055 0.035607 0.107929 -0.659838 0.050155 0.741923
5.558338 0.319125 0.012055 0.035719 0.106500 -0.672317 0.067204 0.729473
5.560878 0.319236 0.012055 0.035719 0.097777 -0.685698 0.076072 0.717267
5.563418 0.319236 0.012055 0.035719 0.089007 -0.698747 0.084904 0.704714
5.565959 0.319236 0.012055 0.035719 0.076928 -0.706084 0.081553 0.699197
5.568499 0.319348 0.011943 0.035719 0.068239 -0.718721 0.090183 0.686040
5.571040 0.319348 0.011943 0.035719 0.060698 -0.719668 0.082282 0.686748
5.573580 0.319348 0.011943 0.035719 0.048437 -0.726480 0.079037 0.680907
5.576120 0.319460 0.011832 0.035719 0.044079 -0.732580 0.083333 0.674121
5.578661 0.319460 0.011832 0.035719 0.036028 -0.733020 0.075922 0.674996
5.581201 0.319460 0.011832 0.035719 0.020547 -0.734080 0.060440 0.676056
5.583741 0.319460 0.011832 0.035719 0.020547 -0.734080 0.060440 0.676056
5.586282 0.319460 0.011720 0.035607 0.012481 -0.734261 0.053010 0.676679
5.588822 0.319460 0.011720 0.035607 0.004414 -0.734354 0.045572 0.677221
5.591363 0.319460 0.011720 0.035607 -0.003026 -0.734810 0.037502 0.677228
5.593903 0.319460 0.011609 0.035607 -0.006558 -0.728780 0.025528 0.684241
5.596443 0.319460 0.011609 0.035496 -0.006558 -0.728780 0.025528 0.684241
5.598984 0.319460 0.011609 0.035496 -0.014564 -0.728664 0.018009 0.684480
5.601524 0.319460 0.011609 0.035496 -0.014564 -0.728664 0.018009 0.684480
5.604064 0.319460 0.011497 0.035496 -0.009956 -0.722673 0.013402 0.690988
5.606605 0.319460 0.011497 0.035496 -0.025486 -0.722541 -0.002128 0.690855
5.609145 0.319460 0.011497 0.035384 -0.025486 -0.722541 -0.002128 0.690855
5.611686 0.319460 0.011497 0.035384 -0.020881 -0.716463 -0.006740 0.697280
5.614226 0.319460 0.011497 0.035384 -0.020881 -0.716463 -0.006740 0.697280
5.616766 0.319460 0.011497 0.035384 -0.020881 -0.716463 -0.006740 0.697280
5.619307 0.319571 0.011497 0.035384 -0.028540 -0.716345 -0.014610 0.697009
5.621847 0.319571 0.011497 0.035384 -0.028540 -0.716345 -0.014610 0.697009
5.624387 0.319571 0.011497 0.035384 -0.028540 -0.716345 -0.014610 0.697009
5.626928 0.319571 0.011497 0.035384 -0.028540 -0.716345 -0.014610 0.697009
5.629468 0.319571 0.011497 0.035384 -0.028540 -0.716345 -0.014610 0.697009
5.632009 0.319571 0.011497 0.035384 -0.036196 -0.716142 -0.022479 0.696653
5.634549 0.319571 0.011497 0.035384 -0.036196 -0.716142 -0.022479 0.696653
5.637089 0.319571 0.011497 0.035384 -0.036196 -0.716142 -0.022479 0.696653
5.639630 0.319571 0.011497 0.035384 -0.036196 -0.716142 -0.022479 0.696653
5.642170 0.319571 0.011497 0.035384 -0.036196 -0.716142 -0.022479 0.696653
5.644710 0.319571 0.011497 0.035384 -0.036196 -0.716142 -0.022479 0.696653
5.647251 0.319571 0.011497 0.035384 -0.040659 -0.722319 -0.018002 0.690129
5.649791 0.319571 0.011497 0.035384 -0.040659 -0.722319 -0.018002 0.690129
5.652331 0.319571 0.011497 0.035384 -0.040659 -0.722319 -0.018002 0.690129
5.654872 0.319683 0.011497 0.035384 -0.040659 -0.722319 -0.018002 0.690129
5.657412 0.319683 0.011497 0.035384 -0.040659 -0.722319 -0.018002 0.690129
5.659953 0.319683 0.011497 0.035384 -0.032721 -0.722722 -0.010419 0.690285
5.662493 0.319683 0.011497 0.035496 -0.032721 -0.722722 -0.010419 0.690285
5.665033 0.319683 0.011497 0.035496 -0.032721 -0.722722 -0.010419 0.690285
5.667574 0.319683 0.011497 0.035496 -0.032721 -0.722722 -0.010419 0.690285
5.670114 0.319683 0.011497 0.035496 -0.024779 -0.723038 -0.002835 0.690358
5.672654 0.319683 0.011497 0.035496 -0.024779 -0.723038 -0.002835 0.690358
5.675195 0.319683 0.011497 0.035496 -0.020453 -0.716764 -0.007168 0.696979
5.677735 0.319683 0.011497 0.035496 -0.020453 -0.716764 -0.007168 0.696979
5.680276 0.319683 0.011609 0.035496 -0.004919 -0.716897 0.008366 0.697112
5.682816 0.319683 0.011609 0.035496 -0.004919 -0.716897 0.008366 0.697112
5.685356 0.319683 0.011609 0.035496 -0.004919 -0.716897 0.008366 0.697112
5.687897 0.319683 0.011609 0.035496 -0.004919 -0.716897 0.008366 0.697112
5.690437 0.319683 0.011609 0.035384 -0.004919 -0.716897 0.008366 0.697112
5.692977 0.319683 0.011609 0.035384 0.002957 -0.716908 0.016024 0.696978
5.695518 0.319683 0.011609 0.035384 0.007218 -0.710500 0.011766 0.703562
5.698058 0.319683 0.011609 0.035384 0.007218 -0.710500 0.011766 0.703562
5.700599 0.319683 0.011609 0.035384 0.007218 -0.710500 0.011766 0.703562
5.703139 0.319683 0.011609 0.035384 0.007218 -0.710500 0.011766 0.703562
5.705679 0.319683 0.011609 0.035384 0.007218 -0.710500 0.011766 0.703562
5.708220 0.319683 0.011609 0.035384 0.007218 -0.710500 0.011766 0.703562
5.710760 0.319683 0.011609 0.035384 0.007218 -0.710500 0.011766 0.703562
5.713300 0.319683 0.011609 0.035384 0.011477 -0.704006 0.007507 0.710062
5.715841 0.319683 0.011609 0.035384 0.011477 -0.704006 0.007507 0.710062
5.718381 0.319683 0.011609 0.035384 0.011477 -0.704006 0.007507 0.710062
5.720922 0.319571 0.011609 0.035384 0.011477 -0.704006 0.007507 0.710062
5.723462 0.319571 0.011609 0.035384 0.011477 -0.704006 0.007507 0.710062
5.726002 0.319571 0.011609 0.035384 0.011477 -0.704006 0.007507 0.710062
5.728543 0.319571 0.011609 0.035384 0.011477 -0.704006 0.007507 0.710062
5.731083 0.319571 0.011609 0.035384 0.011477 -0.704006 0.007507 0.710062
5.733623 0.319571 0.011609 0.035384 0.023396 -0.697212 0.011117 0.716396
5.736164 0.319571 0.011609 0.035384 0.031265 -0.697048 0.018776 0.716096
5.738704 0.319571 0.011609 0.035384 0.031265 -0.697048 0.018776 0.716096
5.741245 0.319571 0.011609 0.035272 0.031265 -0.697048 0.018776 0.716096
5.743785 0.319571 0.011609 0.035272 0.031265 -0.697048 0.018776 0.716096
5.746325 0.319571 0.011609 0.035272 0.031265 -0.697048 0.018776 0.716096
5.748866 0.319571 0.011609 0.035272 0.038921 -0.696663 0.026642 0.715847
5.751406 0.319571 0.011609 0.035272 0.038921 -0.696663 0.026642 0.715847
5.753946 0.319460 0.011609 0.035272 0.038921 -0.696663 0.026642 0.715847
5.756487 0.319460 0.011609 0.035272 0.038921 -0.696663 0.026642 0.715847
5.759027 0.319460 0.011609 0.035272 0.046572 -0.696193 0.034505 0.715511
5.761568 0.319460 0.011609 0.035272 0.046572 -0.696193 0.034505 0.715511
5.764108 0.319460 0.011609 0.035272 0.050678 -0.689438 0.030381 0.721930
5.766648 0.319460 0.011609 0.035272 0.050678 -0.689438 0.030381 0.721930
5.769189 0.319460 0.011609 0.035272 0.050678 -0.689438 0.030381 0.721930
5.771729 0.319460 0.011609 0.035272 0.058249 -0.688840 0.038310 0.721553
5.774269 0.319460 0.011609 0.035272 0.050318 -0.689219 0.030740 0.722149
5.776810 0.319460 0.011609 0.035272 0.050318 -0.689219 0.030740 0.722149
5.779350 0.319460 0.011609 0.035272 0.057887 -0.688625 0.038672 0.721768
5.781891 0.319460 0.011609 0.035272 0.057887 -0.688625 0.038672 0.721768
5.784431 0.319460 0.011609 0.035272 0.061764 -0.681655 0.034760 0.728233
5.786971 0.319460 0.011609 0.035272 0.069249 -0.680936 0.042759 0.727807
5.789512 0.319348 0.011609 0.035161 0.068731 -0.680650 0.043277 0.728092
5.792052 0.319348 0.011609 0.035161 0.068731 -0.680650 0.043277 0.728092
5.794592 0.319348 0.011609 0.035161 0.076204 -0.679854 0.051273 0.727573
5.797133 0.319348 0.011720 0.035161 0.083669 -0.678976 0.059263 0.726966
5.799673 0.319348 0.011720 0.035161 0.094527 -0.670723 0.063766 0.732891
5.802214 0.319348 0.011720 0.035161 0.101890 -0.669644 0.071814 0.732146
5.804754 0.319348 0.011720 0.035161 0.124595 -0.666238 0.095208 0.729066
5.807294 0.319348 0.011720 0.035049 0.131907 -0.664829 0.103212 0.727977
5.809835 0.319460 0.011720 0.035049 0.142259 -0.655826 0.107997 0.733479
5.812375 0.319460 0.011609 0.035049 0.164655 -0.651140 0.131247 0.729164
5.814915 0.319460 0.011609 0.035049 0.178921 -0.647365 0.147236 0.726104
5.817456 0.319460 0.011609 0.034937 0.193970 -0.643616 0.162285 0.722355
5.819996 0.319460 0.011609 0.034937 0.218616 -0.629493 0.182168 0.723021
5.822537 0.319460 0.011497 0.034937 0.240277 -0.622325 0.204859 0.716248
5.825077 0.319460 0.011497 0.034826 0.247100 -0.619648 0.212716 0.713954
5.827617 0.319460 0.011497 0.034826 0.268429 -0.611524 0.235083 0.706202
5.830158 0.319460 0.011385 0.034826 0.282844 -0.605833 0.249498 0.700511
5.832698 0.319571 0.011385 0.034826 0.296086 -0.599473 0.264829 0.694861
5.835238 0.319571 0.011385 0.034826 0.316735 -0.589710 0.286527 0.685436
5.837779 0.319571 0.011274 0.034826 0.330670 -0.582929 0.300463 0.678655
5.840319 0.319683 0.011274 0.034714 0.350759 -0.572025 0.321604 0.668077
5.842860 0.319683 0.011274 0.034714 0.357022 -0.568137 0.328925 0.664503
5.845400 0.319683 0.011162 0.034714 0.376615 -0.556349 0.349578 0.653018
5.847940 0.319683 0.011162 0.034714 0.389813 -0.548225 0.362776 0.644894
5.850481 0.319794 0.011162 0.034714 0.401764 -0.539528 0.376857 0.636768
5.853021 0.319906 0.011162 0.034714 0.412959 -0.538760 0.391899 0.620981
5.855561 0.319906 0.011162 0.034714 0.424696 -0.529557 0.405448 0.612221
5.858102 0.320018 0.011162 0.034714 0.437139 -0.520300 0.417891 0.602964
5.860642 0.320018 0.011162 0.034714 0.448465 -0.510570 0.431037 0.593637
5.863183 0.320129 0.011162 0.034714 0.455234 -0.497614 0.435703 0.596075
5.865723 0.320129 0.011162 0.034714 0.460673 -0.492583 0.442226 0.591252
5.868263 0.320241 0.011162 0.034714 0.466057 -0.487492 0.448695 0.586358
5.870804 0.320241 0.011162 0.034714 0.471384 -0.482343 0.455109 0.581393
5.873344 0.320353 0.011274 0.034714 0.476655 -0.477135 0.461469 0.576358
5.875884 0.320353 0.011274 0.034714 0.481868 -0.471869 0.467773 0.571254
5.878425 0.320353 0.011274 0.034714 0.487023 -0.466547 0.474021 0.566080
5.880965 0.320353 0.011162 0.034714 0.485928 -0.466416 0.475116 0.566211
5.883506 0.320353 0.011162 0.034714 0.491023 -0.461050 0.481308 0.560957
5.886046 0.320353 0.011162 0.034714 0.496058 -0.455627 0.487441 0.555636
5.888586 0.320353 0.011162 0.034714 0.500812 -0.458241 0.494455 0.542878
5.891127 0.320353 0.011162 0.034714 0.505816 -0.452711 0.500390 0.537413
5.893667 0.320353 0.011162 0.034826 0.505816 -0.452711 0.500390 0.537413
5.896207 0.320353 0.011162 0.034826 0.510653 -0.455167 0.506980 0.524431
5.898748 0.320241 0.011162 0.034826 0.521130 -0.451849 0.518278 0.505613
5.901288 0.320241 0.011162 0.034937 0.526062 -0.446097 0.523801 0.499888
5.903828 0.320241 0.011162 0.034937 0.541021 -0.436455 0.539833 0.474747
5.906369 0.320129 0.011050 0.034937 0.545783 -0.430485 0.545016 0.468787
5.908909 0.320129 0.011050 0.035049 0.555507 -0.426262 0.555050 0.449035
5.911450 0.320129 0.011050 0.035049 0.574029 -0.409259 0.574043 0.416500
5.913990 0.320129 0.011050 0.035161 0.591626 -0.391410 0.591609 0.383114
5.916530 0.320129 0.010939 0.035161 0.608268 -0.372765 0.607698 0.348940
5.919071 0.320018 0.010939 0.035272 0.631180 -0.339604 0.629375 0.300280
5.921611 0.320129 0.010827 0.035384 0.651606 -0.305012 0.647884 0.250246
5.924151 0.320129 0.010716 0.035384 0.671917 -0.254197 0.666392 0.199582
5.926692 0.320129 0.010604 0.035496 0.694740 -0.186919 0.684582 0.117241
5.929232 0.320129 0.010492 0.035496 0.710133 -0.110074 0.694942 0.025499
5.931773 0.320129 0.010381 0.035607 0.716976 -0.047454 0.693590 -0.051244
5.934313 0.320129 0.010269 0.035607 0.714296 0.038274 0.685526 -0.135539
5.936853 0.320241 0.010158 0.035496 0.702670 0.115169 0.669655 -0.211076
5.939394 0.320241 0.010046 0.035496 0.685439 0.182914 0.653928 -0.262856
5.941934 0.320241 0.009823 0.035384 0.668283 0.234520 0.639608 -0.298831
5.944474 0.320241 0.009823 0.035384 0.640667 0.298696 0.623460 -0.334101
5.947015 0.320241 0.009823 0.035272 0.607673 0.360272 0.596325 -0.381228
5.949555 0.320241 0.009823 0.035161 0.578397 0.406046 0.574287 -0.413253
5.952096 0.320241 0.009823 0.035161 0.564702 0.424886 0.560357 -0.431953
5.954636 0.320241 0.009823 0.035161 0.550318 0.443214 0.545895 -0.450233
5.957176 0.320241 0.009823 0.035049 0.540447 0.455198 0.535872 -0.462118
5.959717 0.320353 0.009823 0.035049 0.526643 0.473921 0.539413 -0.455060
5.962257 0.320353 0.009823 0.034937 0.511830 0.491838 0.533310 -0.460115
5.964797 0.320353 0.009823 0.034937 0.496710 0.509459 0.526896 -0.464878
5.967338 0.320464 0.009823 0.034826 0.495688 0.508680 0.517515 -0.477196
5.969878 0.320464 0.009823 0.034826 0.490070 0.514095 0.512241 -0.482853
5.972419 0.320464 0.009823 0.034826 0.489074 0.513284 0.502459 -0.494855
5.974959 0.320576 0.009823 0.034826 0.489074 0.513284 0.502459 -0.494855
5.977499 0.320576 0.009823 0.034826 0.489074 0.513284 0.502459 -0.494855
5.980040 0.320687 0.009823 0.034826 0.489074 0.513284 0.502459 -0.494855
5.982580 0.320687 0.009823 0.034826 0.489074 0.513284 0.502459 -0.494855
5.985120 0.320799 0.009823 0.034826 0.488096 0.512451 0.492416 -0.506639
5.987661 0.320799 0.009823 0.034826 0.492728 0.506214 0.487780 -0.512872
5.990201 0.320911 0.009823 0.034826 0.487137 0.511596 0.482116 -0.518200
5.992742 0.320911 0.009823 0.034826 0.497509 0.500074 0.482876 -0.518884
5.995282 0.320911 0.009823 0.034937 0.502158 0.493819 0.477987 -0.524889
5.997822 0.320911 0.009823 0.034937 0.501359 0.493042 0.467180 -0.535996
6.000363 0.321022 0.009823 0.034937 0.505955 0.486718 0.462112 -0.541818
6.002903 0.321022 0.009823 0.034937 0.499082 0.490840 0.445580 -0.558079
6.005443 0.321134 0.009823 0.034937 0.503564 0.484392 0.440409 -0.563763
6.007984 0.321134 0.009934 0.035049 0.507136 0.476922 0.423567 -0.579612
6.010524 0.321134 0.009934 0.035049 0.499800 0.480434 0.406473 -0.595116
6.013065 0.321134 0.009934 0.035049 0.498887 0.479301 0.394427 -0.604821
6.015605 0.321134 0.009934 0.035049 0.492213 0.483605 0.389138 -0.610266
6.018145 0.321134 0.009934 0.035049 0.484384 0.486430 0.371574 -0.625052
6.020686 0.321246 0.009934 0.035049 0.483321 0.484985 0.359143 -0.634198
6.023226 0.321246 0.009934 0.035049 0.476324 0.488901 0.353793 -0.639469
6.025766 0.321246 0.009934 0.035049 0.459556 0.504695 0.346747 -0.643318
6.028307 0.321246 0.009934 0.035049 0.452461 0.508474 0.341181 -0.648327
6.030847 0.321246 0.009934 0.034937 0.446848 0.513414 0.334038 -0.652037
6.033388 0.321357 0.009934 0.034937 0.435370 0.523873 0.333693 -0.651658
6.035928 0.321357 0.009934 0.034826 0.435370 0.523873 0.333693 -0.651658
6.038468 0.321357 0.009934 0.034826 0.418008 0.538947 0.325946 -0.654648
6.041009 0.321357 0.009934 0.034826 0.418008 0.538947 0.325946 -0.654648
6.043549 0.321469 0.009934 0.034714 0.413602 0.545649 0.331167 -0.649252
6.046089 0.321469 0.009934 0.034714 0.409146 0.552286 0.336347 -0.643778
6.048630 0.321469 0.009934 0.034714 0.402049 0.555948 0.330259 -0.648234
6.051170 0.321469 0.009934 0.034714 0.397605 0.562574 0.335326 -0.642633
6.053711 0.321580 0.009934 0.034603 0.391401 0.566908 0.328246 -0.646278
6.056251 0.321580 0.009934 0.034603 0.391401 0.566908 0.328246 -0.646278
6.058791 0.321580 0.009934 0.034603 0.391401 0.566908 0.328246 -0.646278
6.061332 0.321580 0.009934 0.034603 0.391401 0.566908 0.328246 -0.646278
6.063872 0.321692 0.009934 0.034603 0.391401 0.566908 0.328246 -0.646278
6.066412 0.321692 0.009934 0.034714 0.389737 0.564647 0.315937 -0.655334
6.068953 0.321692 0.009934 0.034714 0.389737 0.564647 0.315937 -0.655334
6.071493 0.321692 0.009934 0.034714 0.388124 0.562350 0.303432 -0.664117
6.074034 0.321692 0.009934 0.034714 0.388124 0.562350 0.303432 -0.664117
6.076574 0.321692 0.009934 0.034714 0.386562 0.560018 0.290737 -0.672623
6.079114 0.321692 0.009934 0.034714 0.391154 0.553389 0.285322 -0.677754
6.081655 0.321692 0.009934 0.034826 0.385051 0.557653 0.277859 -0.680848
6.084195 0.321804 0.009934 0.034826 0.389670 0.551007 0.272353 -0.685837
6.086735 0.321804 0.009934 0.034826 0.383593 0.555255 0.264802 -0.688788
6.089276 0.321804 0.009934 0.034826 0.382187 0.552825 0.251575 -0.696439
6.091816 0.321804 0.010046 0.034826 0.374513 0.555556 0.245486 -0.700596
6.094357 0.321804 0.010046 0.034826 0.368387 0.559637 0.237774 -0.703250
6.096897 0.321804 0.010046 0.034826 0.368387 0.559637 0.237774 -0.703250
6.099437 0.321804 0.010046 0.034826 0.362217 0.563650 0.230034 -0.705820
6.101978 0.321804 0.010046 0.034826 0.362217 0.563650 0.230034 -0.705820
6.104518 0.321804 0.010046 0.034826 0.362217 0.563650 0.230034 -0.705820
6.107058 0.321804 0.010046 0.034826 0.356003 0.567595 0.222266 -0.708305
6.109599 0.321804 0.010046 0.034826 0.356003 0.567595 0.222266 -0.708305
6.112139 0.321915 0.010046 0.034826 0.356003 0.567595 0.222266 -0.708305
6.114680 0.321915 0.009934 0.034826 0.356003 0.567595 0.222266 -0.708305
6.117220 0.321915 0.009934 0.034826 0.356003 0.567595 0.222266 -0.708305
6.119760 0.321915 0.009934 0.034714 0.356003 0.567595 0.222266 -0.708305
6.122301 0.321915 0.009934 0.034714 0.356003 0.567595 0.222266 -0.708305
6.124841 0.321915 0.009934 0.034714 0.351120 0.574110 0.227994 -0.703656
6.127381 0.321915 0.009934 0.034714 0.351120 0.574110 0.227994 -0.703656
6.129922 0.321915 0.009934 0.034714 0.357406 0.570218 0.235711 -0.701108
6.132462 0.321915 0.009934 0.034714 0.365087 0.567594 0.241961 -0.697140
6.135003 0.321915 0.009934 0.034714 0.365087 0.567594 0.241961 -0.697140
6.137543 0.321804 0.009934 0.034714 0.365087 0.567594 0.241961 -0.697140
6.140083 0.321804 0.009934 0.034714 0.365087 0.567594 0.241961 -0.697140
6.142624 0.321804 0.009934 0.034714 0.365087 0.567594 0.241961 -0.697140
6.145164 0.321804 0.009934 0.034714 0.358829 0.571570 0.234287 -0.699756
6.147704 0.321804 0.009934 0.034714 0.358829 0.571570 0.234287 -0.699756
6.150245 0.321804 0.009934 0.034714 0.358829 0.571570 0.234287 -0.699756
6.152785 0.321804 0.009934 0.034714 0.358829 0.571570 0.234287 -0.699756
6.155325 0.321804 0.009934 0.034714 0.358829 0.571570 0.234287 -0.699756
6.157866 0.321804 0.009934 0.034714 0.358829 0.571570 0.234287 -0.699756
6.160406 0.321804 0.009934 0.034714 0.358829 0.571570 0.234287 -0.699756
6.162947 0.321804 0.009934 0.034714 0.358829 0.571570 0.234287 -0.699756
6.165487 0.321804 0.009934 0.034714 0.358829 0.571570 0.234287 -0.699756
6.168027 0.321804 0.009934 0.034714 0.366495 0.568962 0.240553 -0.695771
6.170568 0.321804 0.009934 0.034714 0.366495 0.568962 0.240553 -0.695771
6.173108 0.321804 0.009934 0.034714 0.366495 0.568962 0.240553 -0.695771
6.175648 0.321804 0.009934 0.034714 0.361468 0.575280 0.246393 -0.691147
6.178189 0.321804 0.009934 0.034714 0.361468 0.575280 0.246393 -0.691147
6.180729 0.321804 0.009934 0.034714 0.361468 0.575280 0.246393 -0.691147
6.183270 0.321804 0.009934 0.034714 0.361468 0.575280 0.246393 -0.691147
6.185810 0.321804 0.009934 0.034714 0.361468 0.575280 0.246393 -0.691147
6.188350 0.321804 0.009934 0.034714 0.353853 0.577953 0.240058 -0.695076
6.190891 0.321804 0.009934 0.034714 0.353853 0.577953 0.240058 -0.695076
6.193431 0.321804 0.009934 0.034714 0.352528 0.575478 0.226586 -0.702287
6.195971 0.321804 0.009934 0.034714 0.352528 0.575478 0.226586 -0.702287
6.198512 0.321804 0.009934 0.034714 0.352528 0.575478 0.226586 -0.702287
6.201052 0.321804 0.009934 0.034714 0.352528 0.575478 0.226586 -0.702287
6.203593 0.321804 0.009934 0.034714 0.344792 0.577933 0.220250 -0.706118
6.206133 0.321804 0.009934 0.034714 0.344792 0.577933 0.220250 -0.706118
6.208673 0.321804 0.009934 0.034714 0.344792 0.577933 0.220250 -0.706118
6.211214 0.321804 0.009934 0.034714 0.338422 0.581686 0.212479 -0.708495
6.213754 0.321804 0.009934 0.034714 0.330618 0.583985 0.206076 -0.712170
6.216294 0.321804 0.009934 0.034714 0.330618 0.583985 0.206076 -0.712170
6.218835 0.321804 0.009934 0.034714 0.330618 0.583985 0.206076 -0.712170
6.221375 0.321915 0.010046 0.034714 0.330618 0.583985 0.206076 -0.712170
6.223916 0.321915 0.010046 0.034714 0.322774 0.586214 0.199647 -0.715759
6.226456 0.321915 0.010046 0.034714 0.322774 0.586214 0.199647 -0.715759
6.228996 0.321915 0.010046 0.034714 0.322774 0.586214 0.199647 -0.715759
6.231537 0.321915 0.010046 0.034714 0.322774 0.586214 0.199647 -0.715759
6.234077 0.321915 0.010046 0.034714 0.314891 0.588372 0.193195 -0.719262
6.236617 0.321915 0.010046 0.034714 0.314891 0.588372 0.193195 -0.719262
6.239158 0.321915 0.009934 0.034714 0.314891 0.588372 0.193195 -0.719262
6.241698 0.321915 0.009934 0.034714 0.306970 0.590459 0.186720 -0.722678
6.244239 0.321915 0.009934 0.034714 0.306970 0.590459 0.186720 -0.722678
6.246779 0.321915 0.009934 0.034714 0.306970 0.590459 0.186720 -0.722678
6.249319 0.321915 0.009934 0.034714 0.299012 0.592474 0.180222 -0.726007
6.251860 0.321915 0.009934 0.034714 0.299012 0.592474 0.180222 -0.726007
6.254400 0.321915 0.009934 0.034714 0.305503 0.589154 0.188187 -0.723983
6.256940 0.321915 0.009934 0.034714 0.297531 0.591185 0.181703 -0.727296
6.259481 0.321915 0.009934 0.034714 0.297531 0.591185 0.181703 -0.727296
6.262021 0.321804 0.009934 0.034714 0.289523 0.593146 0.175197 -0.730521
6.264562 0.321804 0.009934 0.034714 0.276914 0.601906 0.173839 -0.728566
6.267102 0.321804 0.009934 0.034714 0.276914 0.601906 0.173839 -0.728566
6.269642 0.321804 0.009934 0.034826 0.268893 0.603779 0.167216 -0.731564
6.272183 0.321804 0.009934 0.034826 0.263068 0.609636 0.173571 -0.727332
6.274723 0.321804 0.009934 0.034826 0.255062 0.611506 0.166863 -0.730178
6.277263 0.321804 0.009934 0.034826 0.242705 0.620294 0.164900 -0.727418
6.279804 0.321804 0.009934 0.034826 0.230411 0.629037 0.162745 -0.724388
6.282344 0.321804 0.009934 0.034826 0.218187 0.637729 0.160398 -0.721088
6.284885 0.321804 0.009934 0.034937 0.213909 0.644595 0.164953 -0.715213
6.287425 0.321804 0.009934 0.034937 0.201801 0.653206 0.162321 -0.711512
6.289965 0.321804 0.009934 0.034937 0.189776 0.661757 0.159500 -0.707546
6.292506 0.321804 0.009934 0.034937 0.185558 0.668485 0.163847 -0.701321
6.295046 0.321804 0.009934 0.034937 0.173671 0.676938 0.160746 -0.696960
6.297586 0.321804 0.009934 0.034937 0.169479 0.683550 0.164980 -0.690520
6.300127 0.321804 0.009934 0.035049 0.154344 0.687058 0.149845 -0.694028
6.302667 0.321692 0.009934 0.035049 0.142502 0.695196 0.146496 -0.689155
6.305208 0.321692 0.009934 0.035049 0.122960 0.704602 0.135523 -0.685602
6.307748 0.321692 0.009934 0.035049 0.110829 0.712176 0.132308 -0.680453
6.310288 0.321692 0.009823 0.035049 0.091109 0.720858 0.121296 -0.676277
6.312829 0.321580 0.009823 0.035161 0.078715 0.727858 0.118233 -0.670855
6.315369 0.321580 0.009711 0.035161 0.063326 0.729853 0.102844 -0.672850
6.317909 0.321469 0.009711 0.035161 0.035332 0.737895 0.084452 -0.668678
6.320450 0.321469 0.009599 0.035161 0.007164 0.744979 0.066152 -0.663761
6.322990 0.321469 0.009599 0.035272 -0.037641 0.750455 0.033504 -0.658998
6.325531 0.321357 0.009488 0.035272 -0.074447 0.754215 0.008459 -0.652339
6.328071 0.321357 0.009376 0.035272 -0.111361 0.756290 -0.016216 -0.644485
6.330611 0.321246 0.009265 0.035272 -0.176885 0.757382 -0.057339 -0.625936
6.333152 0.321246 0.009265 0.035384 -0.250285 0.750611 -0.103387 -0.602703
6.335692 0.321246 0.009153 0.035384 -0.311011 0.734901 -0.144813 -0.584997
6.338232 0.321134 0.009041 0.035384 -0.397649 0.707407 -0.197894 -0.549807
6.340773 0.321134 0.008930 0.035384 -0.475145 0.672995 -0.238544 -0.514210
6.343313 0.321134 0.008818 0.035496 -0.542042 0.636362 -0.269222 -0.478283
6.345854 0.321246 0.008706 0.035384 -0.630215 0.574826 -0.301915 -0.425737
6.348394 0.321246 0.008595 0.035384 -0.693544 0.515943 -0.326611 -0.382263
6.350934 0.321357 0.008483 0.035384 -0.760831 0.442800 -0.340518 -0.330320
6.353475 0.321357 0.008483 0.035384 -0.811056 0.365489 -0.352622 -0.290281
6.356015 0.321469 0.008372 0.035272 -0.852538 0.287862 -0.360553 -0.245594
6.358555 0.321469 0.008372 0.035272 -0.881362 0.219790 -0.358588 -0.215191
6.361096 0.321580 0.008260 0.035272 -0.905861 0.138985 -0.356047 -0.182563
6.363636 0.321580 0.008148 0.035272 -0.921804 0.065699 -0.348831 -0.155814
6.366177 0.321692 0.008148 0.035272 -0.934790 -0.011131 -0.329385 -0.132475
6.368717 0.321692 0.008148 0.035161 -0.934342 -0.085103 -0.328507 -0.108833
6.371257 0.321692 0.008037 0.035161 -0.933369 -0.154642 -0.313314 -0.082109
6.373798 0.321692 0.008037 0.035161 -0.923685 -0.230722 -0.298992 -0.064626
6.376338 0.321692 0.007925 0.035161 -0.908631 -0.293583 -0.292939 -0.048840
6.378878 0.321692 0.007813 0.035161 -0.888763 -0.352246 -0.289998 -0.043878
6.381419 0.321692 0.007702 0.035161 -0.869646 -0.403274 -0.282827 -0.033088
6.383959 0.321580 0.007590 0.035161 -0.848705 -0.455940 -0.266427 -0.028887
6.386499 0.321580 0.007479 0.035161 -0.823346 -0.504587 -0.258993 -0.020382
6.389040 0.321580 0.007367 0.035161 -0.788997 -0.560453 -0.251549 -0.009998
6.391580 0.321469 0.007367 0.035161 -0.750771 -0.613899 -0.243867 -0.000655
6.394121 0.321469 0.007255 0.035161 -0.716186 -0.659376 -0.228678 -0.002599
6.396661 0.321469 0.007032 0.035049 -0.678435 -0.700158 -0.222079 -0.013625
6.399201 0.321469 0.006921 0.035049 -0.646353 -0.729229 -0.223784 -0.019321
6.401742 0.321469 0.006809 0.035049 -0.604547 -0.765920 -0.218271 -0.015717
6.404282 0.321469 0.006697 0.035049 -0.551626 -0.803836 -0.222002 -0.016469
6.406822 0.321469 0.006586 0.035049 -0.504019 -0.836901 -0.212205 -0.023028
6.409363 0.321469 0.006474 0.035049 -0.455540 -0.862733 -0.217942 -0.026004
6.411903 0.321469 0.006362 0.035049 -0.403070 -0.884726 -0.230170 -0.042619
6.414444 0.321580 0.006251 0.035049 -0.361184 -0.900421 -0.237973 -0.046440
6.416984 0.321580 0.006139 0.035049 -0.310395 -0.913395 -0.260295 -0.040134
6.419524 0.321580 0.006139 0.035161 -0.259479 -0.926124 -0.272297 -0.028634
6.422065 0.321692 0.006028 0.035161 -0.218125 -0.930398 -0.293805 -0.021442
6.424605 0.321692 0.006028 0.035272 -0.180115 -0.934708 -0.306398 -0.000127
6.427145 0.321692 0.006028 0.035272 -0.139016 -0.938298 -0.316435 0.011807
6.429686 0.321804 0.005916 0.035272 -0.097938 -0.939975 -0.325958 0.024623
6.432226 0.321804 0.005916 0.035384 -0.067294 -0.939065 -0.335306 0.034613
6.434767 0.321804 0.005916 0.035384 -0.025975 -0.941115 -0.333462 0.049310
6.437307 0.321804 0.005916 0.035384 0.000604 -0.937228 -0.341493 0.070612
6.439847 0.321804 0.005916 0.035384 0.031488 -0.936699 -0.338981 0.081827
6.442388 0.321692 0.005916 0.035496 0.069954 -0.937670 -0.323462 0.106087
6.444928 0.321692 0.006028 0.035496 0.102091 -0.938312 -0.309501 0.115574
6.447468 0.321692 0.006028 0.035496 0.134328 -0.937738 -0.295240 0.124242
6.450009 0.321692 0.006028 0.035384 0.170014 -0.936017 -0.283035 0.121892
6.452549 0.321692 0.006028 0.035384 0.202195 -0.932914 -0.268632 0.128940
6.455090 0.321692 0.006139 0.035384 0.227257 -0.930948 -0.258362 0.122222
6.457630 0.321692 0.006139 0.035384 0.250405 -0.931123 -0.235214 0.122397
6.460170 0.321692 0.006139 0.035384 0.272187 -0.927895 -0.222287 0.124553
6.462711 0.321692 0.006139 0.035384 0.293912 -0.924047 -0.209358 0.126185
6.465251 0.321692 0.006139 0.035272 0.319366 -0.921380 -0.190049 0.113777
6.467791 0.321804 0.006251 0.035272 0.330722 -0.919835 -0.178693 0.112231
6.470332 0.321804 0.006251 0.035272 0.344200 -0.917660 -0.171299 0.100412
6.472872 0.321804 0.006251 0.035272 0.354261 -0.913824 -0.170185 0.102288
6.475413 0.321915 0.006251 0.035272 0.365401 -0.911679 -0.159045 0.100143
6.477953 0.321915 0.006251 0.035272 0.366479 -0.913371 -0.149020 0.096123
6.480493 0.322027 0.006251 0.035272 0.376492 -0.909290 -0.147955 0.097754
6.483034 0.322027 0.006251 0.035272 0.377543 -0.910860 -0.137956 0.093612
6.485574 0.322138 0.006251 0.035272 0.379315 -0.910440 -0.142205 0.083646
6.488114 0.322138 0.006251 0.035272 0.380211 -0.911947 -0.132195 0.079474
6.490655 0.322138 0.006251 0.035272 0.380211 -0.911947 -0.132195 0.079474
6.493195 0.322250 0.006251 0.035272 0.381061 -0.913345 -0.122168 0.075292
6.495736 0.322250 0.006251 0.035272 0.381061 -0.913345 -0.122168 0.075292
6.498276 0.322362 0.006251 0.035272 0.383262 -0.914242 -0.116374 0.061073
6.500816 0.322362 0.006251 0.035384 0.383910 -0.915465 -0.106323 0.056859
6.503357 0.322362 0.006251 0.035384 0.383910 -0.915465 -0.106323 0.056859
6.505897 0.322473 0.006251 0.035384 0.385641 -0.916170 -0.100502 0.042575
6.508437 0.322473 0.006251 0.035384 0.386085 -0.917219 -0.090431 0.038336
6.510978 0.322473 0.006251 0.035384 0.387344 -0.917732 -0.084591 0.024003
6.513518 0.322585 0.006251 0.035384 0.388289 -0.918117 -0.078740 0.009647
6.516059 0.322585 0.006251 0.035384 0.378804 -0.922590 -0.072826 -0.005528
6.518599 0.322697 0.006251 0.035496 0.379115 -0.922721 -0.066807 -0.019847
6.521139 0.322697 0.006251 0.035496 0.368547 -0.927437 -0.050221 -0.038887
6.523680 0.322808 0.006251 0.035496 0.368005 -0.926419 -0.048059 -0.063330
6.526220 0.322920 0.006362 0.035607 0.356609 -0.928992 -0.044939 -0.088229
6.528760 0.323031 0.006362 0.035607 0.353492 -0.927600 -0.032349 -0.116430
6.531301 0.323143 0.006362 0.035719 0.340516 -0.929179 -0.028453 -0.140942
6.533841 0.323255 0.006474 0.035719 0.326901 -0.930185 -0.024067 -0.165262
6.536382 0.323366 0.006474 0.035830 0.309318 -0.928970 -0.012607 -0.202923
6.538922 0.323478 0.006474 0.035830 0.292610 -0.926420 -0.010730 -0.236664
6.541462 0.323478 0.006474 0.035942 0.269285 -0.928035 -0.012143 -0.257079
6.544003 0.323590 0.006474 0.036054 0.242848 -0.928706 -0.002455 -0.280222
6.546543 0.323701 0.006586 0.036165 0.224368 -0.922906 0.001764 -0.312890
6.549083 0.323701 0.006586 0.036165 0.200591 -0.921413 0.003015 -0.332796
6.551624 0.323701 0.006586 0.036277 0.183100 -0.916808 0.011337 -0.354696
6.554164 0.323701 0.006586 0.036388 0.169318 -0.911656 0.009965 -0.374320
6.556705 0.323701 0.006586 0.036388 0.145633 -0.907527 0.013345 -0.393710
6.559245 0.323701 0.006586 0.036500 0.117608 -0.902114 0.027486 -0.414250
6.561785 0.323590 0.006586 0.036500 0.094169 -0.895867 0.032487 -0.433013
6.564326 0.323590 0.006586 0.036500 0.066063 -0.888121 0.048068 -0.452290
6.566866 0.323590 0.006586 0.036612 0.052726 -0.879242 0.049435 -0.470861
6.569406 0.323478 0.006586 0.036612 0.032340 -0.863992 0.058969 -0.498993
6.571947 0.323478 0.006586 0.036612 0.019240 -0.853651 0.061083 -0.516894
6.574487 0.323478 0.006586 0.036612 -0.001354 -0.836283 0.071151 -0.543660
6.577028 0.323366 0.006474 0.036500 -0.022147 -0.817662 0.081341 -0.569492
6.579568 0.323366 0.006474 0.036500 -0.051837 -0.797284 0.098126 -0.593315
6.582108 0.323366 0.006474 0.036500 -0.059079 -0.771121 0.091724 -0.627270
6.584649 0.323366 0.006474 0.036388 -0.078033 -0.755649 0.103832 -0.641969
6.587189 0.323478 0.006474 0.036388 -0.098743 -0.732326 0.114249 -0.664000
6.589729 0.323478 0.006474 0.036277 -0.111561 -0.709131 0.117008 -0.686292
6.592270 0.323478 0.006362 0.036277 -0.124502 -0.685139 0.119384 -0.707694
6.594810 0.323590 0.006362 0.036165 -0.135795 -0.668261 0.123222 -0.720973
6.597351 0.323590 0.006362 0.036165 -0.156163 -0.641364 0.132792 -0.739345
6.599891 0.323701 0.006362 0.036054 -0.159494 -0.625053 0.128938 -0.753157
6.602431 0.323701 0.006362 0.036054 -0.177818 -0.605113 0.140093 -0.763278
6.604972 0.323813 0.006362 0.036054 -0.179396 -0.596700 0.138092 -0.769868
6.607512 0.323924 0.006251 0.036054 -0.195904 -0.584568 0.151026 -0.772718
6.610052 0.323924 0.006251 0.036054 -0.197414 -0.576018 0.148969 -0.779128
6.612593 0.324036 0.006251 0.036054 -0.212259 -0.572049 0.163814 -0.775159
6.615133 0.324036 0.006251 0.036054 -0.219898 -0.561054 0.170288 -0.779657
6.617674 0.324148 0.006251 0.036054 -0.219898 -0.561054 0.170288 -0.779657
6.620214 0.324148 0.006139 0.036054 -0.226048 -0.558604 0.178844 -0.777739
6.622754 0.324148 0.006139 0.036054 -0.235892 -0.547918 0.182891 -0.781468
6.625295 0.324259 0.006139 0.036054 -0.240680 -0.553995 0.193475 -0.773130
6.627835 0.324259 0.006139 0.036054 -0.240680 -0.553995 0.193475 -0.773130
6.630375 0.324259 0.006139 0.036165 -0.246752 -0.551318 0.201957 -0.770958
6.632916 0.324371 0.006139 0.036165 -0.255207 -0.549066 0.208002 -0.768200
6.635456 0.324371 0.006139 0.036165 -0.255207 -0.549066 0.208002 -0.768200
6.637996 0.324371 0.006139 0.036165 -0.255207 -0.549066 0.208002 -0.768200
6.640537 0.324483 0.006139 0.036165 -0.255207 -0.549066 0.208002 -0.768200
6.643077 0.324483 0.006251 0.036165 -0.263631 -0.546747 0.214021 -0.765350
6.645618 0.324594 0.006251 0.036165 -0.263631 -0.546747 0.214021 -0.765350
6.648158 0.324594 0.006251 0.036165 -0.257608 -0.549611 0.205600 -0.767655
6.650698 0.324594 0.006251 0.036277 -0.266026 -0.547319 0.211626 -0.764779
6.653239 0.324706 0.006251 0.036277 -0.266026 -0.547319 0.211626 -0.764779
6.655779 0.324706 0.006251 0.036277 -0.274412 -0.544961 0.217626 -0.761810
6.658319 0.324817 0.006251 0.036277 -0.268408 -0.547943 0.209243 -0.764155
6.660860 0.324817 0.006251 0.036277 -0.268408 -0.547943 0.209243 -0.764155
6.663400 0.324929 0.006251 0.036277 -0.276787 -0.545611 0.215251 -0.761160
6.665941 0.324929 0.006251 0.036277 -0.275099 -0.554106 0.217777 -0.754891
6.668481 0.325041 0.006251 0.036277 -0.283376 -0.551680 0.223851 -0.751823
6.671021 0.325041 0.006251 0.036277 -0.281584 -0.560080 0.226444 -0.745482
6.673562 0.325152 0.006251 0.036388 -0.289757 -0.557558 0.232584 -0.742344
6.676102 0.325152 0.006251 0.036388 -0.295929 -0.563243 0.241443 -0.732727
6.678642 0.325264 0.006251 0.036388 -0.293927 -0.571449 0.244161 -0.726249
6.681183 0.325264 0.006139 0.036388 -0.301888 -0.568733 0.250425 -0.722976
6.683723 0.325264 0.006139 0.036500 -0.307631 -0.574023 0.259525 -0.713097
6.686264 0.325264 0.006139 0.036500 -0.313156 -0.579112 0.268739 -0.703094
6.688804 0.325375 0.006139 0.036500 -0.316020 -0.591801 0.281008 -0.686249
6.691344 0.325375 0.006139 0.036612 -0.320987 -0.596376 0.290488 -0.675958
6.693885 0.325375 0.006139 0.036612 -0.311741 -0.607464 0.286079 -0.672282
6.696425 0.325375 0.006139 0.036612 -0.316319 -0.611776 0.295819 -0.661939
6.698965 0.325375 0.006139 0.036723 -0.313884 -0.619358 0.298475 -0.654817
6.701506 0.325375 0.006139 0.036723 -0.317961 -0.623282 0.308510 -0.644392
6.704046 0.325375 0.006139 0.036723 -0.314900 -0.630483 0.311646 -0.637343
6.706587 0.325375 0.006139 0.036723 -0.311570 -0.637501 0.314975 -0.630323
6.709127 0.325375 0.006139 0.036835 -0.311492 -0.637463 0.315053 -0.630362
6.711667 0.325375 0.006251 0.036835 -0.300874 -0.647674 0.311630 -0.626802
6.714208 0.325375 0.006251 0.036835 -0.286571 -0.654128 0.297783 -0.633497
6.716748 0.325375 0.006251 0.036835 -0.286571 -0.654128 0.297783 -0.633497
6.719288 0.325375 0.006362 0.036835 -0.275515 -0.663862 0.294520 -0.629791
6.721829 0.325375 0.006362 0.036835 -0.268205 -0.666849 0.287583 -0.632988
6.724369 0.325375 0.006362 0.036835 -0.260863 -0.669755 0.280612 -0.636110
6.726910 0.325375 0.006474 0.036835 -0.253489 -0.672581 0.273606 -0.639154
6.729450 0.325375 0.006474 0.036723 -0.250225 -0.668875 0.262553 -0.648891
6.731990 0.325375 0.006474 0.036723 -0.250225 -0.668875 0.262553 -0.648891
6.734531 0.325375 0.006586 0.036723 -0.242861 -0.671584 0.255408 -0.651737
6.737071 0.325375 0.006586 0.036723 -0.242861 -0.671584 0.255408 -0.651737
6.739611 0.325487 0.006586 0.036723 -0.239721 -0.667772 0.244039 -0.661104
6.742152 0.325487 0.006586 0.036612 -0.246969 -0.665051 0.251361 -0.658431
6.744692 0.325487 0.006586 0.036612 -0.246969 -0.665051 0.251361 -0.658431
6.747233 0.325487 0.006586 0.036612 -0.251264 -0.658578 0.247067 -0.664905
6.749773 0.325599 0.006697 0.036500 -0.251333 -0.658625 0.246998 -0.664858
6.752313 0.325599 0.006697 0.036500 -0.255738 -0.652169 0.242533 -0.671157
6.754854 0.325599 0.006697 0.036500 -0.263096 -0.649465 0.249683 -0.668307
6.757394 0.325710 0.006697 0.036388 -0.255945 -0.652316 0.242326 -0.671010
6.759934 0.325710 0.006809 0.036388 -0.267882 -0.643230 0.244774 -0.674226
6.762475 0.325822 0.006809 0.036388 -0.275273 -0.640502 0.251826 -0.671242
6.765015 0.325934 0.006809 0.036388 -0.275273 -0.640502 0.251826 -0.671242
6.767556 0.326045 0.006809 0.036277 -0.275608 -0.640763 0.251491 -0.670981
6.770096 0.326045 0.006809 0.036277 -0.282963 -0.637962 0.258515 -0.667912
6.772636 0.326268 0.006921 0.036277 -0.302507 -0.625989 0.267326 -0.667206
6.775177 0.326380 0.006921 0.036165 -0.302956 -0.626380 0.266877 -0.666815
6.777717 0.326492 0.006921 0.036165 -0.303396 -0.626782 0.266437 -0.666414
6.780257 0.326603 0.006921 0.036054 -0.310699 -0.623817 0.273307 -0.663040
6.782798 0.326715 0.006921 0.036054 -0.317964 -0.620776 0.280144 -0.659587
6.785338 0.326827 0.006921 0.036054 -0.325191 -0.617661 0.286947 -0.656054
6.787879 0.326938 0.006921 0.036054 -0.332379 -0.614472 0.293715 -0.652442
6.790419 0.327050 0.006921 0.035942 -0.339110 -0.610783 0.300865 -0.649176
6.792959 0.327161 0.006921 0.035942 -0.346221 -0.607441 0.307557 -0.645411
6.795500 0.327273 0.006921 0.035942 -0.354489 -0.605771 0.326904 -0.632861
6.798040 0.327385 0.006921 0.035942 -0.361122 -0.601840 0.333837 -0.629231
6.800580 0.327385 0.006809 0.035942 -0.369168 -0.599705 0.352845 -0.616092
6.803121 0.327496 0.006809 0.035942 -0.376939 -0.597144 0.371701 -0.602640
6.805661 0.327496 0.006697 0.035942 -0.384668 -0.594397 0.390150 -0.588647
6.808202 0.327496 0.006586 0.035942 -0.392351 -0.591470 0.408175 -0.574123
6.810742 0.327496 0.006586 0.035942 -0.406162 -0.583707 0.432136 -0.554597
6.813282 0.327608 0.006474 0.036054 -0.408443 -0.585976 0.453930 -0.532685
6.815823 0.327608 0.006474 0.036054 -0.415324 -0.581934 0.470882 -0.516844
6.818363 0.327608 0.006362 0.036054 -0.422777 -0.578282 0.486695 -0.499977
6.820903 0.327608 0.006251 0.036165 -0.430212 -0.574504 0.512584 -0.471298
6.823444 0.327608 0.006251 0.036165 -0.442468 -0.564677 0.533212 -0.448383
6.825984 0.327608 0.006139 0.036165 -0.443364 -0.565313 0.542191 -0.435751
6.828525 0.327720 0.006139 0.036165 -0.443489 -0.565254 0.561011 -0.411183
6.831065 0.327720 0.006139 0.036277 -0.444275 -0.565750 0.569289 -0.398067
6.833605 0.327720 0.006139 0.036277 -0.443093 -0.564754 0.579253 -0.386247
6.836146 0.327831 0.006139 0.036277 -0.443747 -0.565137 0.587099 -0.372858
6.838686 0.327831 0.006028 0.036277 -0.438170 -0.570354 0.590665 -0.365811
6.841226 0.327831 0.006028 0.036277 -0.436455 -0.568940 0.600446 -0.353947
6.843767 0.327943 0.006028 0.036277 -0.436455 -0.568940 0.600446 -0.353947
6.846307 0.327943 0.006139 0.036277 -0.430695 -0.573981 0.603925 -0.346875
6.848848 0.328054 0.006139 0.036277 -0.418497 -0.583585 0.603561 -0.346414
6.851388 0.328054 0.006139 0.036388 -0.412579 -0.588422 0.606972 -0.339296
6.853928 0.328054 0.006139 0.036388 -0.406613 -0.593188 0.610310 -0.332138
6.856469 0.328166 0.006139 0.036388 -0.387889 -0.606803 0.613236 -0.324459
6.859009 0.328166 0.006139 0.036388 -0.381728 -0.611285 0.616431 -0.317217
6.861549 0.328278 0.006139 0.036388 -0.375520 -0.615693 0.619552 -0.309938
6.864090 0.328278 0.006139 0.036388 -0.369268 -0.620027 0.622598 -0.302621
6.866630 0.328389 0.006028 0.036388 -0.362970 -0.624286 0.625569 -0.295267
6.869171 0.328389 0.006028 0.036500 -0.359770 -0.621528 0.635331 -0.283943
6.871711 0.328501 0.006028 0.036500 -0.353304 -0.625604 0.638196 -0.276589
6.874251 0.328612 0.006028 0.036500 -0.353692 -0.625757 0.643902 -0.262145
6.876792 0.328612 0.006028 0.036500 -0.347186 -0.629754 0.646530 -0.254696
6.879332 0.328724 0.005916 0.036500 -0.340637 -0.633675 0.649081 -0.247217
6.881872 0.328724 0.005916 0.036500 -0.334048 -0.637520 0.651553 -0.239708
6.884413 0.328836 0.005916 0.036500 -0.336661 -0.630323 0.658517 -0.236023
6.886953 0.328836 0.005916 0.036500 -0.329949 -0.634064 0.660952 -0.228559
6.889493 0.328947 0.005916 0.036500 -0.323197 -0.637728 0.663307 -0.221066
6.892034 0.328947 0.005804 0.036388 -0.323197 -0.637728 0.663307 -0.221066
6.894574 0.329059 0.005804 0.036388 -0.309341 -0.644753 0.663195 -0.220847
6.897115 0.329171 0.005804 0.036388 -0.304799 -0.640838 0.672553 -0.209990
6.899655 0.329171 0.005804 0.036388 -0.297741 -0.644148 0.670206 -0.217367
6.902195 0.329171 0.005804 0.036388 -0.283588 -0.650558 0.670175 -0.217298
6.904736 0.329282 0.005804 0.036388 -0.276496 -0.653657 0.672491 -0.209853
6.907276 0.329282 0.005804 0.036388 -0.264429 -0.652170 0.679668 -0.206890
6.909816 0.329282 0.005916 0.036500 -0.242613 -0.660471 0.681969 -0.199588
6.912357 0.329394 0.005916 0.036500 -0.227953 -0.665614 0.682000 -0.199677
6.914897 0.329394 0.005916 0.036500 -0.213183 -0.670434 0.682029 -0.199768
6.917438 0.329394 0.005916 0.036500 -0.200494 -0.667394 0.689431 -0.197668
6.919978 0.329394 0.005916 0.036612 -0.178140 -0.673557 0.687286 -0.205487
6.922518 0.329394 0.005916 0.036612 -0.163045 -0.677228 0.687349 -0.205745
6.925059 0.329394 0.006028 0.036612 -0.150128 -0.672972 0.694841 -0.204368
6.927599 0.329394 0.006028 0.036612 -0.134890 -0.675975 0.694925 -0.204796
6.930139 0.329394 0.006028 0.036612 -0.119590 -0.678642 0.695000 -0.205226
6.932680 0.329394 0.006028 0.036612 -0.106489 -0.673296 0.702505 -0.204499
6.935220 0.329282 0.006028 0.036500 -0.099085 -0.674425 0.700216 -0.212205
6.937761 0.329282 0.006028 0.036500 -0.094815 -0.668019 0.700159 -0.233533
6.940301 0.329282 0.006028 0.036500 -0.087470 -0.669020 0.697552 -0.241211
6.942841 0.329282 0.006028 0.036388 -0.082844 -0.662267 0.702178 -0.247964
6.945382 0.329282 0.006028 0.036388 -0.075564 -0.663137 0.699411 -0.255664
6.947922 0.329282 0.006139 0.036277 -0.076441 -0.663495 0.693555 -0.270023
6.950462 0.329282 0.006139 0.036165 -0.072193 -0.656668 0.697803 -0.276850
6.953003 0.329282 0.006139 0.036165 -0.073214 -0.657124 0.691482 -0.290999
6.955543 0.329282 0.006139 0.036054 -0.062119 -0.651010 0.692116 -0.305457
6.958084 0.329282 0.006139 0.036054 -0.063271 -0.651586 0.685185 -0.319302
6.960624 0.329282 0.006139 0.035942 -0.059695 -0.644714 0.688760 -0.326174
6.963164 0.329282 0.006139 0.035942 -0.045516 -0.645870 0.681427 -0.341228
6.965705 0.329282 0.006139 0.035830 -0.030048 -0.645991 0.681439 -0.342687
6.968245 0.329282 0.006139 0.035830 -0.015848 -0.646495 0.673745 -0.357576
6.970785 0.329394 0.006251 0.035830 -0.004335 -0.638496 0.680748 -0.359007
6.973326 0.329394 0.006251 0.035830 0.018095 -0.637438 0.676651 -0.368089
6.975866 0.329394 0.006251 0.035830 0.040467 -0.635627 0.672400 -0.377120
6.978407 0.329394 0.006251 0.035830 0.071086 -0.631467 0.671962 -0.380346
6.980947 0.329394 0.006251 0.035830 0.093224 -0.627898 0.667453 -0.389308
6.983487 0.329394 0.006251 0.035830 0.127737 -0.628686 0.659901 -0.391112
6.986028 0.329394 0.006251 0.035830 0.142744 -0.624936 0.659547 -0.392527
6.988568 0.329394 0.006251 0.035830 0.172492 -0.616451 0.658747 -0.395331
6.991108 0.329394 0.006251 0.035830 0.193928 -0.609627 0.653903 -0.403928
6.993649 0.329394 0.006251 0.035830 0.208491 -0.604413 0.653412 -0.405301
6.996189 0.329394 0.006139 0.035830 0.222936 -0.598882 0.652890 -0.406663
6.998730 0.329394 0.006139 0.035830 0.230727 -0.595604 0.656782 -0.400822
7.001270 0.329394 0.006028 0.035830 0.244982 -0.589599 0.656216 -0.402166
7.003810 0.329394 0.006028 0.035830 0.244982 -0.589599 0.656216 -0.402166
7.006351 0.329394 0.005916 0.035719 0.251445 -0.586872 0.651758 -0.409351
7.008891 0.329394 0.005916 0.035719 0.251445 -0.586872 0.651758 -0.409351
7.011431 0.329394 0.005804 0.035719 0.251445 -0.586872 0.651758 -0.409351
7.013972 0.329394 0.005804 0.035719 0.259102 -0.583283 0.655620 -0.403497
7.016512 0.329505 0.005804 0.035607 0.259102 -0.583283 0.655620 -0.403497
7.019053 0.329505 0.005693 0.035607 0.259102 -0.583283 0.655620 -0.403497
7.021593 0.329505 0.005693 0.035607 0.259102 -0.583283 0.655620 -0.403497
7.024133 0.329505 0.005693 0.035496 0.259102 -0.583283 0.655620 -0.403497
7.026674 0.329505 0.005693 0.035496 0.259102 -0.583283 0.655620 -0.403497
7.029214 0.329505 0.005581 0.035496 0.273079 -0.576657 0.654995 -0.404815
7.031754 0.329617 0.005581 0.035496 0.273079 -0.576657 0.654995 -0.404815
7.034295 0.329617 0.005581 0.035496 0.280631 -0.572844 0.658764 -0.398906
7.036835 0.329617 0.005581 0.035496 0.276232 -0.565572 0.665018 -0.401964
7.039376 0.329617 0.005581 0.035496 0.283815 -0.561650 0.668664 -0.396090
7.041916 0.329729 0.005581 0.035496 0.291364 -0.557659 0.672230 -0.390167
7.044456 0.329729 0.005581 0.035496 0.297473 -0.554425 0.667903 -0.397529
7.046997 0.329729 0.005581 0.035496 0.300621 -0.542875 0.677457 -0.394925
7.049537 0.329840 0.005581 0.035496 0.302182 -0.541983 0.685113 -0.381525
7.052077 0.329840 0.005469 0.035496 0.313079 -0.525834 0.697398 -0.372983
7.054618 0.329952 0.005469 0.035496 0.320577 -0.521443 0.700458 -0.366996
7.057158 0.329952 0.005469 0.035607 0.324050 -0.509231 0.709071 -0.364546
7.059699 0.330064 0.005469 0.035607 0.327576 -0.496832 0.717413 -0.362173
7.062239 0.330064 0.005469 0.035607 0.335088 -0.492194 0.720117 -0.356219
7.064779 0.330175 0.005469 0.035607 0.338690 -0.479527 0.728047 -0.353964
7.067320 0.330287 0.005469 0.035719 0.349861 -0.461822 0.738032 -0.345871
7.069860 0.330398 0.005469 0.035719 0.357337 -0.456899 0.740279 -0.339912
7.072400 0.330510 0.005469 0.035830 0.368536 -0.438683 0.749369 -0.331940
7.074941 0.330622 0.005469 0.035830 0.384368 -0.415917 0.754178 -0.332400
7.077481 0.330733 0.005469 0.035942 0.396183 -0.406278 0.752295 -0.334707
7.080022 0.330845 0.005469 0.035942 0.414896 -0.390813 0.752061 -0.330953
7.082562 0.330957 0.005469 0.036054 0.418363 -0.376895 0.757856 -0.329510
7.085102 0.330957 0.005469 0.036054 0.429493 -0.366522 0.755711 -0.331811
7.087643 0.331068 0.005469 0.036165 0.447237 -0.349987 0.754922 -0.327995
7.090183 0.331180 0.005581 0.036165 0.454126 -0.330729 0.756333 -0.335184
7.092723 0.331291 0.005581 0.036277 0.460863 -0.324639 0.757556 -0.329124
7.095264 0.331291 0.005581 0.036277 0.471016 -0.313355 0.755094 -0.331339
7.097804 0.331403 0.005581 0.036277 0.470671 -0.299887 0.754748 -0.344807
7.100345 0.331403 0.005581 0.036277 0.473475 -0.285242 0.759034 -0.343986
7.102885 0.331515 0.005581 0.036277 0.476580 -0.280023 0.755209 -0.352304
7.105425 0.331515 0.005581 0.036277 0.472681 -0.271710 0.758239 -0.357519
7.107966 0.331626 0.005581 0.036277 0.468725 -0.263363 0.761179 -0.362690
7.110506 0.331626 0.005581 0.036277 0.464712 -0.254985 0.764026 -0.367818
7.113046 0.331626 0.005581 0.036165 0.456518 -0.238137 0.769444 -0.377939
7.115587 0.331626 0.005581 0.036165 0.445410 -0.236136 0.771337 -0.388446
7.118127 0.331738 0.005581 0.036165 0.441115 -0.227648 0.773884 -0.393316
7.120668 0.331738 0.005581 0.036054 0.429666 -0.225585 0.775710 -0.403451
7.123208 0.331850 0.005581 0.036054 0.420698 -0.208488 0.780479 -0.412794
7.125748 0.331850 0.005581 0.036054 0.406523 -0.210826 0.786806 -0.413797
7.128289 0.331961 0.005581 0.036054 0.397334 -0.193488 0.791248 -0.422629
7.130829 0.331961 0.005581 0.036054 0.385064 -0.191139 0.792985 -0.431701
7.133369 0.332073 0.005581 0.036054 0.380298 -0.182416 0.795037 -0.435906
7.135910 0.332184 0.005581 0.035942 0.367736 -0.180010 0.796696 -0.444569
7.138450 0.332296 0.005581 0.035942 0.354987 -0.177569 0.798302 -0.452954
7.140990 0.332408 0.005581 0.035942 0.349990 -0.168788 0.800204 -0.456827
7.143531 0.332519 0.005581 0.036054 0.346687 -0.156187 0.796901 -0.469428
7.146071 0.332519 0.005581 0.036054 0.341509 -0.147423 0.798569 -0.473208
7.148612 0.332631 0.005693 0.036054 0.335225 -0.150148 0.793021 -0.486002
7.151152 0.332742 0.005693 0.036054 0.329865 -0.141427 0.794622 -0.489656
7.153692 0.332854 0.005693 0.036165 0.324466 -0.132688 0.796128 -0.493250
7.156233 0.332966 0.005693 0.036165 0.325904 -0.129116 0.790661 -0.501967
7.158773 0.332966 0.005693 0.036165 0.320370 -0.120422 0.792032 -0.505517
7.161313 0.333077 0.005693 0.036277 0.316005 -0.108248 0.787667 -0.517690
7.163854 0.333189 0.005693 0.036277 0.323914 -0.101580 0.787765 -0.513992
7.166394 0.333189 0.005693 0.036277 0.319249 -0.089417 0.783100 -0.526155
7.168935 0.333189 0.005804 0.036388 0.313449 -0.080809 0.784035 -0.529630
7.171475 0.333301 0.005804 0.036388 0.308386 -0.068806 0.778972 -0.541633
7.174015 0.333301 0.005804 0.036388 0.302417 -0.060244 0.779681 -0.544988
7.176556 0.333301 0.005804 0.036388 0.296962 -0.048416 0.774225 -0.556817
7.179096 0.333301 0.005804 0.036500 0.291247 -0.036710 0.768511 -0.568523
7.181636 0.333412 0.005916 0.036500 0.285277 -0.025132 0.762541 -0.580101
7.184177 0.333412 0.005916 0.036500 0.279054 -0.013688 0.756318 -0.591544
7.186717 0.333412 0.005916 0.036500 0.265942 0.005854 0.749826 -0.605807
7.189258 0.333412 0.006028 0.036500 0.251417 0.009605 0.743450 -0.619661
7.191798 0.333412 0.006028 0.036388 0.244384 0.020458 0.736417 -0.630514
7.194338 0.333412 0.006028 0.036388 0.222421 0.031674 0.729325 -0.646228
7.196879 0.333412 0.006139 0.036388 0.214859 0.042048 0.721763 -0.656602
7.199419 0.333412 0.006139 0.036388 0.199525 0.044605 0.714567 -0.669025
7.201959 0.333412 0.006139 0.036388 0.184066 0.046831 0.707184 -0.681041
7.204500 0.333412 0.006139 0.036277 0.167951 0.050570 0.691975 -0.700290
7.207040 0.333524 0.006251 0.036277 0.159598 0.059926 0.683622 -0.709646
7.209581 0.333524 0.006251 0.036165 0.137071 0.051486 0.684033 -0.714604
7.212121 0.333524 0.006251 0.036165 0.121243 0.052355 0.676022 -0.724951
7.214661 0.333524 0.006251 0.036165 0.113421 0.045539 0.668424 -0.733670
7.217202 0.333635 0.006251 0.036054 0.112914 0.046783 0.660323 -0.740969
7.219742 0.333635 0.006251 0.036054 0.105751 0.038553 0.660636 -0.742220
7.222282 0.333635 0.006251 0.036054 0.089984 0.038568 0.652278 -0.751631
7.224823 0.333747 0.006251 0.036054 0.089984 0.038568 0.652278 -0.751631
7.227363 0.333747 0.006251 0.036054 0.082875 0.030254 0.652511 -0.752626
7.229904 0.333747 0.006251 0.036054 0.082538 0.031163 0.644203 -0.759749
7.232444 0.333747 0.006139 0.036054 0.090880 0.024083 0.644507 -0.758796
7.234984 0.333859 0.006139 0.036054 0.083864 0.015687 0.644559 -0.759779
7.237525 0.333859 0.006139 0.036054 0.083864 0.015687 0.644559 -0.759779
7.240065 0.333859 0.006139 0.036054 0.083686 0.016607 0.636173 -0.766815
7.242605 0.333970 0.006139 0.036054 0.092106 0.009617 0.636317 -0.765849
7.245146 0.333970 0.006139 0.036054 0.092106 0.009617 0.636317 -0.765849
7.247686 0.333970 0.006139 0.036054 0.092106 0.009617 0.636317 -0.765849
7.250227 0.333970 0.006139 0.036054 0.085165 0.002078 0.627726 -0.773759
7.252767 0.334082 0.006139 0.036054 0.093660 -0.004818 0.627711 -0.772777
7.255307 0.334082 0.006139 0.036054 0.093660 -0.004818 0.627711 -0.772777
7.257848 0.334082 0.006139 0.036054 0.093708 -0.003789 0.619183 -0.779626
7.260388 0.334194 0.006028 0.036054 0.093708 -0.003789 0.619183 -0.779626
7.262928 0.334194 0.006028 0.036054 0.093708 -0.003789 0.619183 -0.779626
7.265469 0.334194 0.006028 0.036054 0.102267 -0.010591 0.619104 -0.778550
7.268009 0.334305 0.006028 0.036054 0.102267 -0.010591 0.619104 -0.778550
7.270550 0.334305 0.005916 0.036054 0.102267 -0.010591 0.619104 -0.778550
7.273090 0.334305 0.005916 0.036054 0.108979 -0.001972 0.619443 -0.777438
7.275630 0.334305 0.005804 0.036165 0.108979 -0.001972 0.619443 -0.777438
7.278171 0.334305 0.005804 0.036165 0.115679 0.006647 0.619708 -0.776232
7.280711 0.334417 0.005693 0.036165 0.122364 0.015266 0.619898 -0.774933
7.283251 0.334417 0.005693 0.036165 0.122525 0.013921 0.628374 -0.768076
7.285792 0.334417 0.005693 0.036165 0.129289 0.022464 0.628473 -0.766682
7.288332 0.334417 0.005581 0.036277 0.127200 0.039307 0.619658 -0.773498
7.290873 0.334417 0.005581 0.036277 0.133855 0.047916 0.619529 -0.771991
7.293413 0.334417 0.005581 0.036277 0.132023 0.063319 0.618667 -0.771889
7.295953 0.334417 0.005469 0.036277 0.136835 0.087279 0.616924 -0.770106
7.298494 0.334528 0.005469 0.036388 0.133876 0.104089 0.606722 -0.776615
7.301034 0.334528 0.005469 0.036388 0.131888 0.119361 0.604681 -0.776350
7.303574 0.334528 0.005469 0.036388 0.128421 0.136002 0.593744 -0.782611
7.306115 0.334640 0.005469 0.036388 0.118243 0.143825 0.583565 -0.790433
7.308655 0.334640 0.005469 0.036388 0.112421 0.161423 0.563201 -0.802564
7.311196 0.334640 0.005581 0.036277 0.107856 0.177587 0.551170 -0.808110
7.313736 0.334752 0.005581 0.036277 0.096948 0.184707 0.540262 -0.815231
7.316276 0.334752 0.005581 0.036277 0.089615 0.201520 0.518575 -0.826099
7.318817 0.334863 0.005581 0.036277 0.078253 0.208077 0.507212 -0.832656
7.321357 0.334863 0.005693 0.036277 0.064390 0.215103 0.486462 -0.844357
7.323897 0.334975 0.005693 0.036165 0.062023 0.215798 0.477156 -0.849651
7.326438 0.334975 0.005804 0.036165 0.047816 0.222131 0.455961 -0.860506
7.328978 0.334975 0.005804 0.036165 0.040183 0.213272 0.448211 -0.867184
7.331519 0.335087 0.005804 0.036054 0.033360 0.227915 0.434467 -0.870736
7.334059 0.335087 0.005804 0.036054 0.033360 0.227915 0.434467 -0.870736
7.336599 0.335087 0.005804 0.036054 0.030854 0.228267 0.424875 -0.875456
7.339140 0.335087 0.005804 0.036054 0.030854 0.228267 0.424875 -0.875456
7.341680 0.335087 0.005693 0.035942 0.023447 0.219075 0.417009 -0.881793
7.344220 0.335087 0.005693 0.035942 0.013759 0.223643 0.414577 -0.881998
7.346761 0.335087 0.005693 0.035942 0.013759 0.223643 0.414577 -0.881998
7.349301 0.335087 0.005581 0.035942 0.021234 0.232921 0.422341 -0.875742
7.351842 0.335087 0.005581 0.035830 0.011612 0.237547 0.419757 -0.875923
7.354382 0.335087 0.005581 0.035830 0.014221 0.237405 0.429355 -0.871258
7.356922 0.335087 0.005469 0.035830 0.019360 0.246742 0.427281 -0.869583
7.359463 0.335087 0.005469 0.035830 0.022070 0.246515 0.436809 -0.864836
7.362003 0.335087 0.005358 0.035830 0.012567 0.251299 0.434074 -0.865026
7.364543 0.335198 0.005358 0.035830 0.008339 0.265253 0.428940 -0.863471
7.367084 0.335198 0.005358 0.035830 0.013614 0.274422 0.426541 -0.861725
7.369624 0.335198 0.005246 0.035830 0.007212 0.279029 0.432942 -0.857118
7.372164 0.335198 0.005246 0.035830 0.003207 0.292790 0.427181 -0.855441
7.374705 0.335198 0.005246 0.035942 0.008619 0.301775 0.424460 -0.853634
7.377245 0.335198 0.005246 0.035942 0.004672 0.315338 0.418249 -0.851826
7.379786 0.335310 0.005246 0.035942 0.006540 0.324310 0.405966 -0.854384
7.382326 0.335310 0.005246 0.035942 -0.001201 0.337625 0.389944 -0.856710
7.384866 0.335421 0.005246 0.035942 -0.009185 0.350659 0.373632 -0.858693
7.387407 0.335421 0.005246 0.035942 -0.004001 0.359525 0.370443 -0.856445
7.389947 0.335533 0.005358 0.035942 -0.012290 0.372246 0.353735 -0.857994
7.392487 0.335533 0.005358 0.035942 -0.010623 0.389656 0.328170 -0.860441
7.395028 0.335533 0.005358 0.036054 -0.019538 0.401825 0.310958 -0.861081
7.397568 0.335645 0.005469 0.036054 -0.023698 0.410187 0.288548 -0.864827
7.400109 0.335756 0.005581 0.036054 -0.033133 0.421793 0.270994 -0.864613
7.402649 0.335756 0.005581 0.035942 -0.037980 0.429862 0.248453 -0.867207
7.405189 0.335868 0.005693 0.035942 -0.047899 0.440874 0.230607 -0.866116
7.407730 0.335868 0.005693 0.035942 -0.057978 0.451534 0.212568 -0.864621
7.410270 0.335868 0.005693 0.035942 -0.068205 0.461836 0.194348 -0.862719
7.412810 0.335868 0.005804 0.035942 -0.069113 0.469812 0.181131 -0.861215
7.415351 0.335868 0.005804 0.035942 -0.079633 0.479582 0.162691 -0.858598
7.417891 0.335868 0.005804 0.035942 -0.090271 0.488978 0.144103 -0.855562
7.420432 0.335979 0.005916 0.035942 -0.109047 0.492026 0.133325 -0.853372
7.422972 0.335979 0.005916 0.035942 -0.123830 0.492131 0.118542 -0.853476
7.425512 0.335979 0.005916 0.035830 -0.133199 0.493403 0.113129 -0.852064
7.428053 0.335979 0.005916 0.035830 -0.143871 0.501472 0.094072 -0.847925
7.430593 0.335979 0.005916 0.035830 -0.153178 0.502475 0.088557 -0.846294
7.433133 0.335979 0.006028 0.035830 -0.167987 0.501602 0.073748 -0.845421
7.435674 0.335979 0.006028 0.035830 -0.167987 0.501602 0.073748 -0.845421
7.438214 0.335979 0.006028 0.035719 -0.177265 0.502382 0.068233 -0.843524
7.440755 0.335979 0.006028 0.035719 -0.182774 0.500405 0.058962 -0.844223
7.443295 0.336091 0.006028 0.035719 -0.192037 0.501022 0.053461 -0.842164
7.445835 0.336091 0.006028 0.035719 -0.192037 0.501022 0.053461 -0.842164
7.448376 0.336091 0.006139 0.035719 -0.197530 0.498882 0.044205 -0.842701
7.450916 0.336091 0.006139 0.035719 -0.197530 0.498882 0.044205 -0.842701
7.453456 0.336203 0.006139 0.035719 -0.197530 0.498882 0.044205 -0.842701
7.455997 0.336203 0.006139 0.035719 -0.188260 0.498366 0.049683 -0.844820
7.458537 0.336203 0.006139 0.035719 -0.184286 0.506747 0.045244 -0.840951
7.461078 0.336203 0.006028 0.035719 -0.184286 0.506747 0.045244 -0.840951
7.463618 0.336314 0.006028 0.035719 -0.184286 0.506747 0.045244 -0.840951
7.466158 0.336314 0.006028 0.035719 -0.180290 0.515067 0.040800 -0.836981
7.468699 0.336314 0.006028 0.035719 -0.180290 0.515067 0.040800 -0.836981
7.471239 0.336314 0.006028 0.035719 -0.174621 0.517016 0.049992 -0.836482
7.473779 0.336314 0.006028 0.035719 -0.174621 0.517016 0.049992 -0.836482
7.476320 0.336314 0.006028 0.035719 -0.168930 0.518903 0.059179 -0.835883
7.478860 0.336314 0.006028 0.035719 -0.164732 0.527070 0.054641 -0.831910
7.481401 0.336426 0.006028 0.035719 -0.158932 0.528848 0.063777 -0.831260
7.483941 0.336426 0.006028 0.035719 -0.158932 0.528848 0.063777 -0.831260
7.486481 0.336426 0.006028 0.035719 -0.168055 0.529517 0.057963 -0.829463
7.489022 0.336426 0.005916 0.035719 -0.166646 0.523310 0.071785 -0.832600
7.491562 0.336426 0.005916 0.035719 -0.166646 0.523310 0.071785 -0.832600
7.494102 0.336426 0.005916 0.035719 -0.160887 0.525109 0.080928 -0.831761
7.496643 0.336426 0.005916 0.035719 -0.160887 0.525109 0.080928 -0.831761
7.499183 0.336426 0.005916 0.035607 -0.174542 0.517983 0.079986 -0.833565
7.501724 0.336538 0.005916 0.035607 -0.168841 0.519870 0.089139 -0.832636
7.504264 0.336538 0.005916 0.035607 -0.168841 0.519870 0.089139 -0.832636
7.506804 0.336538 0.005916 0.035607 -0.173435 0.511874 0.094000 -0.836104
7.509345 0.336538 0.005916 0.035607 -0.167801 0.513748 0.103180 -0.835021
7.511885 0.336538 0.005916 0.035607 -0.172463 0.505741 0.108067 -0.838334
7.514425 0.336538 0.005916 0.035607 -0.166897 0.507605 0.117270 -0.837096
7.516966 0.336538 0.005916 0.035607 -0.166897 0.507605 0.117270 -0.837096
7.519506 0.336649 0.005916 0.035607 -0.166127 0.501444 0.131402 -0.838862
7.522047 0.336649 0.005916 0.035607 -0.156901 0.499971 0.136903 -0.840636
7.524587 0.336649 0.005916 0.035607 -0.156251 0.493639 0.151002 -0.842084
7.527127 0.336649 0.005916 0.035719 -0.150818 0.495326 0.160245 -0.840374
7.529668 0.336649 0.005804 0.035719 -0.141125 0.487030 0.179745 -0.842957
7.532208 0.336649 0.005804 0.035719 -0.140816 0.480517 0.193831 -0.843625
7.534748 0.336649 0.005804 0.035719 -0.135529 0.482035 0.203088 -0.841445
7.537289 0.336649 0.005804 0.035719 -0.126180 0.473101 0.222400 -0.843085
7.539829 0.336649 0.005804 0.035830 -0.126230 0.466426 0.236429 -0.842979
7.542370 0.336649 0.005804 0.035830 -0.126428 0.459754 0.250453 -0.842565
7.544910 0.336649 0.005693 0.035830 -0.126771 0.453088 0.264464 -0.841843
7.547450 0.336649 0.005693 0.035830 -0.127261 0.446431 0.278456 -0.840813
7.549991 0.336649 0.005693 0.035942 -0.127897 0.439787 0.292422 -0.839476
7.552531 0.336649 0.005693 0.035942 -0.128679 0.433158 0.306355 -0.837832
7.555071 0.336649 0.005693 0.035942 -0.124913 0.427946 0.329412 -0.832314
7.557612 0.336649 0.005693 0.036054 -0.141018 0.417193 0.343328 -0.829572
7.560152 0.336761 0.005693 0.036054 -0.142348 0.410810 0.357134 -0.826697
7.562693 0.336761 0.005581 0.036054 -0.158836 0.400618 0.371129 -0.822520
7.565233 0.336872 0.005581 0.036054 -0.156131 0.396206 0.393798 -0.814596
7.567773 0.336872 0.005581 0.036165 -0.173049 0.386784 0.407735 -0.808829
7.570314 0.336984 0.005581 0.036165 -0.170844 0.382802 0.430036 -0.799590
7.572854 0.336984 0.005581 0.036165 -0.173026 0.376989 0.443370 -0.794584
7.575394 0.336984 0.005581 0.036277 -0.171246 0.373129 0.465234 -0.784224
7.577935 0.337096 0.005581 0.036277 -0.188865 0.365138 0.478684 -0.775800
7.580475 0.337096 0.005581 0.036277 -0.191481 0.359681 0.491587 -0.769615
7.583016 0.337096 0.005581 0.036388 -0.187518 0.361763 0.500012 -0.764168
7.585556 0.337096 0.005581 0.036388 -0.186386 0.358464 0.520997 -0.751882
7.588096 0.337096 0.005581 0.036388 -0.182437 0.360490 0.529226 -0.746113
7.590637 0.337096 0.005581 0.036500 -0.178465 0.362472 0.537390 -0.740254
7.593177 0.337096 0.005581 0.036500 -0.181550 0.357266 0.549701 -0.732959
7.595717 0.337096 0.005581 0.036612 -0.177614 0.359239 0.557720 -0.726876
7.598258 0.336984 0.005469 0.036612 -0.173657 0.361168 0.565672 -0.720705
7.600798 0.336984 0.005469 0.036612 -0.169679 0.363054 0.573556 -0.714447
7.603339 0.336984 0.005469 0.036723 -0.173045 0.358025 0.585448 -0.706488
7.605879 0.336872 0.005469 0.036723 -0.169101 0.359904 0.593174 -0.700013
7.608419 0.336872 0.005469 0.036723 -0.165137 0.361740 0.600828 -0.693454
7.610960 0.336872 0.005469 0.036723 -0.161153 0.363533 0.608410 -0.686812
7.613500 0.336761 0.005469 0.036723 -0.164791 0.358695 0.619847 -0.678212
7.616040 0.336761 0.005469 0.036723 -0.175877 0.360851 0.627166 -0.667470
7.618581 0.336649 0.005469 0.036723 -0.179623 0.356300 0.638264 -0.658335
7.621121 0.336649 0.005469 0.036723 -0.175698 0.358252 0.645458 -0.651283
7.623661 0.336649 0.005469 0.036723 -0.179592 0.353827 0.656250 -0.641786
7.626202 0.336538 0.005469 0.036723 -0.187411 0.347451 0.659846 -0.639342
7.628742 0.336538 0.005469 0.036723 -0.198353 0.350500 0.666508 -0.627354
7.631283 0.336538 0.005469 0.036723 -0.202373 0.346408 0.676808 -0.617234
7.633823 0.336538 0.005469 0.036723 -0.216969 0.347568 0.676396 -0.612054
7.636363 0.336426 0.005469 0.036723 -0.224770 0.341272 0.679749 -0.609060
7.638904 0.336426 0.005469 0.036612 -0.235410 0.345026 0.685887 -0.595902
7.641444 0.336426 0.005469 0.036612 -0.243190 0.338768 0.689110 -0.592640
7.643984 0.336426 0.005469 0.036612 -0.245867 0.349041 0.691786 -0.582368
7.646525 0.336314 0.005469 0.036612 -0.259993 0.350477 0.691148 -0.576094
7.649065 0.336314 0.005469 0.036612 -0.273978 0.351899 0.690479 -0.569511
7.651606 0.336314 0.005581 0.036500 -0.281617 0.345706 0.693618 -0.565750
7.654146 0.336314 0.005581 0.036500 -0.295377 0.347105 0.692903 -0.558710
7.656686 0.336203 0.005581 0.036500 -0.308980 0.348488 0.692156 -0.551369
7.659227 0.336203 0.005581 0.036500 -0.311088 0.359510 0.694264 -0.540346
7.661767 0.336203 0.005581 0.036500 -0.318555 0.353375 0.697312 -0.536102
7.664307 0.336203 0.005581 0.036500 -0.331806 0.354869 0.696418 -0.528180
7.666848 0.336203 0.005581 0.036388 -0.331806 0.354869 0.696418 -0.528180
7.669388 0.336203 0.005581 0.036388 -0.344880 0.356343 0.695492 -0.519969
7.671929 0.336203 0.005581 0.036388 -0.352130 0.350145 0.698423 -0.515372
7.674469 0.336203 0.005581 0.036388 -0.357771 0.357797 0.694534 -0.511472
7.677009 0.336203 0.005581 0.036388 -0.361042 0.355576 0.702974 -0.499041
7.679550 0.336203 0.005581 0.036277 -0.368222 0.349404 0.705752 -0.494211
7.682090 0.336203 0.005581 0.036277 -0.373629 0.357136 0.701870 -0.490136
7.684630 0.336203 0.005581 0.036277 -0.380710 0.350951 0.704631 -0.485168
7.687171 0.336314 0.005581 0.036277 -0.380710 0.350951 0.704631 -0.485168
7.689711 0.336314 0.005581 0.036277 -0.387746 0.344724 0.707307 -0.480142
7.692252 0.336314 0.005581 0.036277 -0.387746 0.344724 0.707307 -0.480142
7.694792 0.336314 0.005581 0.036277 -0.387746 0.344724 0.707307 -0.480142
7.697332 0.336426 0.005581 0.036277 -0.390992 0.342771 0.715073 -0.467230
7.699873 0.336426 0.005469 0.036277 -0.390992 0.342771 0.715073 -0.467230
7.702413 0.336426 0.005469 0.036277 -0.390992 0.342771 0.715073 -0.467230
7.704953 0.336538 0.005469 0.036277 -0.390992 0.342771 0.715073 -0.467230
7.707494 0.336538 0.005469 0.036277 -0.390992 0.342771 0.715073 -0.467230
7.710034 0.336538 0.005469 0.036277 -0.396102 0.350606 0.711264 -0.462906
7.712575 0.336538 0.005469 0.036277 -0.392226 0.354937 0.716307 -0.455064
7.715115 0.336538 0.005469 0.036277 -0.392226 0.354937 0.716307 -0.455064
7.717655 0.336649 0.005469 0.036277 -0.385158 0.361023 0.713762 -0.460282
7.720196 0.336649 0.005469 0.036277 -0.390192 0.368843 0.709753 -0.456023
7.722736 0.336649 0.005469 0.036277 -0.390192 0.368843 0.709753 -0.456023
7.725276 0.336649 0.005469 0.036277 -0.390192 0.368843 0.709753 -0.456023
7.727817 0.336649 0.005469 0.036277 -0.388179 0.382601 0.702894 -0.457026
7.730357 0.336761 0.005469 0.036277 -0.388179 0.382601 0.702894 -0.457026
7.732898 0.336761 0.005469 0.036277 -0.393176 0.390300 0.698649 -0.452734
7.735438 0.336761 0.005469 0.036277 -0.395611 0.399503 0.686314 -0.461371
7.737978 0.336761 0.005581 0.036277 -0.395611 0.399503 0.686314 -0.461371
7.740519 0.336872 0.005581 0.036277 -0.393803 0.412885 0.678699 -0.462400
7.743059 0.336872 0.005581 0.036277 -0.398859 0.420316 0.674122 -0.458045
7.745599 0.336984 0.005581 0.036277 -0.401824 0.429051 0.660986 -0.466423
7.748140 0.336984 0.005581 0.036388 -0.400218 0.442014 0.652635 -0.467457
7.750680 0.337096 0.005693 0.036388 -0.405330 0.449157 0.647740 -0.463032
7.753221 0.337096 0.005693 0.036388 -0.403607 0.450382 0.638816 -0.475574
7.755761 0.337207 0.005693 0.036388 -0.395517 0.468533 0.625881 -0.481992
7.758301 0.337319 0.005693 0.036500 -0.394130 0.480832 0.616547 -0.483044
7.760842 0.337319 0.005693 0.036500 -0.387328 0.497207 0.612228 -0.477430
7.763382 0.337431 0.005693 0.036612 -0.379120 0.514171 0.597951 -0.484098
7.765922 0.337431 0.005693 0.036612 -0.370922 0.530629 0.583090 -0.490770
7.768463 0.337542 0.005693 0.036612 -0.363561 0.545843 0.577850 -0.485766
7.771003 0.337542 0.005693 0.036723 -0.355248 0.561329 0.562134 -0.492659
7.773544 0.337654 0.005693 0.036723 -0.347516 0.575754 0.556336 -0.488089
7.776084 0.337654 0.005693 0.036723 -0.346008 0.586061 0.544930 -0.489757
7.778624 0.337765 0.005693 0.036835 -0.337967 0.599864 0.538668 -0.485570
7.781165 0.337765 0.005693 0.036835 -0.336427 0.609644 0.526840 -0.487433
7.783705 0.337877 0.005804 0.036835 -0.328105 0.622804 0.520145 -0.483645
7.786245 0.337877 0.005804 0.036835 -0.333399 0.628480 0.513271 -0.480011
7.788786 0.337877 0.005804 0.036835 -0.338652 0.634081 0.506335 -0.476319
7.791326 0.337989 0.005804 0.036723 -0.343864 0.639606 0.499339 -0.472570
7.793867 0.337989 0.005804 0.036723 -0.341928 0.648849 0.497402 -0.463327
7.796407 0.338100 0.005916 0.036723 -0.346997 0.654274 0.490244 -0.459543
7.798947 0.338212 0.005916 0.036612 -0.346997 0.654274 0.490244 -0.459543
7.801488 0.338212 0.005916 0.036612 -0.358547 0.656354 0.488439 -0.449523
7.804028 0.338324 0.005916 0.036612 -0.358547 0.656354 0.488439 -0.449523
7.806568 0.338435 0.006028 0.036612 -0.351315 0.660254 0.493348 -0.444129
7.809109 0.338547 0.006028 0.036500 -0.351315 0.660254 0.493348 -0.444129
7.811649 0.338658 0.006028 0.036500 -0.357830 0.656980 0.498633 -0.437836
7.814190 0.338770 0.006028 0.036500 -0.350591 0.660871 0.503413 -0.432332
7.816730 0.338882 0.006028 0.036500 -0.345820 0.655301 0.510643 -0.436157
7.819270 0.338993 0.006028 0.036500 -0.331944 0.662247 0.510293 -0.436856
7.821811 0.338993 0.006028 0.036500 -0.327125 0.656601 0.517538 -0.440476
7.824351 0.339105 0.006028 0.036500 -0.313093 0.663243 0.517276 -0.441028
7.826891 0.339216 0.006028 0.036500 -0.300987 0.660867 0.529383 -0.438652
7.829432 0.339328 0.005916 0.036500 -0.286738 0.667046 0.529208 -0.439056
7.831972 0.339440 0.005916 0.036612 -0.279393 0.670156 0.533999 -0.433216
7.834513 0.339440 0.005916 0.036612 -0.264949 0.675862 0.533837 -0.433625
7.837053 0.339551 0.005916 0.036612 -0.260169 0.669956 0.541230 -0.436510
7.839593 0.339551 0.005916 0.036612 -0.245599 0.675345 0.541137 -0.436762
7.842134 0.339551 0.005916 0.036723 -0.242883 0.683959 0.538421 -0.428149
7.844674 0.339663 0.005916 0.036723 -0.228147 0.688863 0.538282 -0.428566
7.847214 0.339663 0.005916 0.036723 -0.228147 0.688863 0.538282 -0.428566
7.849755 0.339663 0.005916 0.036723 -0.220566 0.691328 0.542958 -0.422627
7.852295 0.339775 0.005804 0.036723 -0.217522 0.699683 0.539914 -0.414271
7.854836 0.339775 0.005804 0.036723 -0.217522 0.699683 0.539914 -0.414271
7.857376 0.339775 0.005804 0.036723 -0.217028 0.700043 0.549053 -0.401722
7.859916 0.339775 0.005804 0.036723 -0.217028 0.700043 0.549053 -0.401722
7.862457 0.339775 0.005804 0.036723 -0.224208 0.697970 0.553606 -0.395080
7.864997 0.339886 0.005804 0.036612 -0.216526 0.700391 0.557913 -0.388974
7.867537 0.339886 0.005804 0.036612 -0.204600 0.696510 0.569839 -0.385092
7.870078 0.339886 0.005804 0.036612 -0.211873 0.694463 0.574156 -0.378385
7.872618 0.339886 0.005804 0.036612 -0.211873 0.694463 0.574156 -0.378385
7.875158 0.339886 0.005804 0.036612 -0.207475 0.688257 0.590048 -0.367557
7.877699 0.339886 0.005804 0.036500 -0.214795 0.686078 0.594127 -0.360795
7.880239 0.339998 0.005804 0.036500 -0.214795 0.686078 0.594127 -0.360795
7.882780 0.339998 0.005804 0.036500 -0.218186 0.677203 0.605611 -0.356407
7.885320 0.339998 0.005804 0.036500 -0.206878 0.672823 0.616919 -0.352026
7.887860 0.339998 0.005693 0.036388 -0.214319 0.670474 0.620728 -0.345296
7.890401 0.339998 0.005693 0.036388 -0.210513 0.663614 0.628057 -0.347629
7.892941 0.339998 0.005693 0.036388 -0.210513 0.663614 0.628057 -0.347629
7.895481 0.339998 0.005804 0.036388 -0.214244 0.654162 0.638989 -0.343314
7.898022 0.339998 0.005804 0.036388 -0.214244 0.654162 0.638989 -0.343314
7.900562 0.339998 0.005804 0.036388 -0.210459 0.647103 0.646137 -0.345647
7.903103 0.340109 0.005804 0.036388 -0.225136 0.642038 0.645947 -0.346199
7.905643 0.340109 0.005804 0.036388 -0.214330 0.637296 0.656752 -0.341457
7.908183 0.340109 0.005804 0.036388 -0.221319 0.634903 0.652961 -0.348651
7.910724 0.340109 0.005804 0.036388 -0.217475 0.627691 0.659897 -0.351062
7.913264 0.340109 0.005804 0.036388 -0.225171 0.624823 0.663403 -0.344661
7.915804 0.340109 0.005804 0.036388 -0.221370 0.617497 0.670227 -0.347114
7.918345 0.340109 0.005804 0.036388 -0.221370 0.617497 0.670227 -0.347114
7.920885 0.340109 0.005804 0.036277 -0.225352 0.607078 0.680331 -0.343254
7.923426 0.340109 0.005804 0.036277 -0.225352 0.607078 0.680331 -0.343254
7.925966 0.340109 0.005804 0.036277 -0.221567 0.599567 0.686959 -0.345709
7.928506 0.340109 0.005804 0.036277 -0.225673 0.588821 0.696714 -0.341981
7.931047 0.340109 0.005804 0.036277 -0.221902 0.581131 0.703141 -0.344440
7.933587 0.340109 0.005804 0.036277 -0.228273 0.578659 0.699314 -0.352144
7.936127 0.340109 0.005693 0.036277 -0.232378 0.567551 0.708748 -0.348658
7.938668 0.340109 0.005693 0.036277 -0.224662 0.551842 0.721047 -0.353679
7.941208 0.340109 0.005693 0.036277 -0.228916 0.540331 0.729984 -0.350376
7.943749 0.340109 0.005693 0.036277 -0.221163 0.524162 0.741679 -0.355321
7.946289 0.340109 0.005693 0.036277 -0.225558 0.512269 0.750102 -0.352208
7.948829 0.340109 0.005693 0.036277 -0.217765 0.495665 0.761176 -0.357079
7.951370 0.340109 0.005693 0.036277 -0.223593 0.472508 0.770369 -0.365068
7.953910 0.340109 0.005693 0.036277 -0.215518 0.455468 0.780564 -0.369893
7.956450 0.340109 0.005693 0.036165 -0.216011 0.434070 0.792617 -0.369704
7.958991 0.340109 0.005693 0.036165 -0.220635 0.421121 0.799431 -0.367271
7.961531 0.340109 0.005693 0.036165 -0.216932 0.401096 0.804354 -0.380889
7.964072 0.340109 0.005693 0.036165 -0.221489 0.376470 0.810592 -0.390069
7.966612 0.340109 0.005693 0.036165 -0.212865 0.358570 0.818667 -0.394842
7.969152 0.340109 0.005693 0.036054 -0.221184 0.342500 0.819844 -0.402029
7.971693 0.340109 0.005693 0.036054 -0.212297 0.324405 0.827171 -0.406792
7.974233 0.340109 0.005804 0.036054 -0.220162 0.308063 0.827625 -0.414321
7.976773 0.340109 0.005804 0.035942 -0.219958 0.284807 0.835469 -0.415325
7.979314 0.340221 0.005804 0.035942 -0.218397 0.273228 0.833908 -0.426903
7.981854 0.340221 0.005804 0.035942 -0.216581 0.261687 0.832093 -0.438445
7.984395 0.340221 0.005804 0.035942 -0.215866 0.238064 0.838668 -0.439731
7.986935 0.340333 0.005916 0.035942 -0.211022 0.228836 0.841233 -0.442076
7.989475 0.340333 0.005916 0.035830 -0.201258 0.210298 0.846058 -0.446606
7.992016 0.340444 0.005916 0.035830 -0.196339 0.200990 0.848317 -0.448790
7.994556 0.340444 0.005916 0.035830 -0.186432 0.182303 0.852528 -0.452995
7.997096 0.340444 0.005916 0.035830 -0.178220 0.161580 0.851255 -0.466362
7.999637 0.340556 0.005916 0.035942 -0.173086 0.152219 0.852979 -0.468292
8.002177 0.340556 0.005916 0.035942 -0.153505 0.138907 0.855710 -0.474238
8.004718 0.340556 0.005916 0.035942 -0.143048 0.120072 0.858556 -0.477496
8.007258 0.340556 0.005916 0.035942 -0.128457 0.116095 0.859492 -0.480931
8.009798 0.340556 0.005916 0.036054 -0.108470 0.102640 0.861520 -0.485265
8.012339 0.340556 0.005916 0.036054 -0.103132 0.093169 0.862596 -0.486428
8.014879 0.340556 0.005804 0.036054 -0.082970 0.079650 0.864195 -0.489835
8.017419 0.340556 0.005804 0.036165 -0.068111 0.075600 0.864734 -0.491813
8.019960 0.340556 0.005804 0.036165 -0.047788 0.062029 0.865918 -0.494019
8.022500 0.340556 0.005804 0.036165 -0.042358 0.052512 0.866547 -0.494514
8.025041 0.340556 0.005804 0.036165 -0.027401 0.048436 0.866818 -0.495509
8.027581 0.340556 0.005804 0.036277 -0.021956 0.038910 0.867298 -0.495780
8.030121 0.340556 0.005804 0.036277 -0.006974 0.034826 0.867435 -0.496281
8.032662 0.340556 0.005804 0.036277 -0.001522 0.025294 0.867765 -0.496328
8.035202 0.340556 0.005804 0.036277 0.003931 0.015760 0.867991 -0.496315
8.037742 0.340556 0.005693 0.036277 0.009451 0.006119 0.873511 -0.486675
8.040283 0.340556 0.005693 0.036277 0.005201 -0.008825 0.873526 -0.486670
8.042823 0.340556 0.005693 0.036277 0.010547 -0.018421 0.873376 -0.486584
8.045364 0.340556 0.005693 0.036277 0.015584 -0.028188 0.878412 -0.476817
8.047904 0.340556 0.005693 0.036277 0.020821 -0.037836 0.878050 -0.476617
8.050444 0.340668 0.005581 0.036165 0.016413 -0.052711 0.877246 -0.476855
8.052985 0.340668 0.005581 0.036165 0.020965 -0.062579 0.881798 -0.466987
8.055525 0.340668 0.005581 0.036165 0.016405 -0.077371 0.880509 -0.467384
8.058065 0.340668 0.005581 0.036165 0.020581 -0.087271 0.884686 -0.457484
8.060606 0.340668 0.005469 0.036165 0.019678 -0.111877 0.886720 -0.448134
8.063146 0.340779 0.005469 0.036165 0.024600 -0.121612 0.885437 -0.447891
8.065687 0.340779 0.005469 0.036165 0.028074 -0.131648 0.888912 -0.437854
8.068227 0.340779 0.005469 0.036165 0.021481 -0.146357 0.891124 -0.428971
8.070767 0.340891 0.005358 0.036165 0.030900 -0.165901 0.887693 -0.428395
8.073308 0.340891 0.005358 0.036165 0.033673 -0.176024 0.890466 -0.418273
8.075848 0.340891 0.005358 0.036165 0.026337 -0.190515 0.891703 -0.409727
8.078388 0.340891 0.005246 0.036165 0.033023 -0.210436 0.891742 -0.399277
8.080929 0.340891 0.005246 0.036277 0.037408 -0.220220 0.889376 -0.398890
8.083469 0.341002 0.005246 0.036277 0.039259 -0.230423 0.891227 -0.388687
8.086010 0.341002 0.005246 0.036277 0.043526 -0.240200 0.888642 -0.388233
8.088550 0.341002 0.005246 0.036277 0.045040 -0.250458 0.890156 -0.377975
8.091090 0.341002 0.005246 0.036277 0.045040 -0.250458 0.890156 -0.377975
8.093631 0.341002 0.005246 0.036277 0.046328 -0.260747 0.891444 -0.367686
8.096171 0.341002 0.005246 0.036277 0.050365 -0.270525 0.888525 -0.367154
8.098711 0.341114 0.005246 0.036388 0.064244 -0.276540 0.887116 -0.363901
8.101252 0.341114 0.005246 0.036388 0.068238 -0.286269 0.884024 -0.363174
8.103792 0.341114 0.005246 0.036388 0.072224 -0.295964 0.880826 -0.362402
8.106332 0.341226 0.005358 0.036388 0.076201 -0.305623 0.877521 -0.361587
8.108873 0.341226 0.005358 0.036388 0.080169 -0.315245 0.874110 -0.360728
8.111413 0.341226 0.005358 0.036388 0.084127 -0.324829 0.870594 -0.359825
8.113954 0.341337 0.005358 0.036388 0.088075 -0.334374 0.866973 -0.358879
8.116494 0.341337 0.005469 0.036388 0.095939 -0.353341 0.859417 -0.356858
8.119034 0.341449 0.005469 0.036388 0.090127 -0.376682 0.853318 -0.349051
8.121575 0.341449 0.005469 0.036388 0.093956 -0.386033 0.849128 -0.348040
8.124115 0.341449 0.005469 0.036388 0.101580 -0.404596 0.840442 -0.345892
8.126655 0.341561 0.005469 0.036388 0.109156 -0.422964 0.831349 -0.343576
8.129196 0.341561 0.005469 0.036388 0.111825 -0.442383 0.825553 -0.332046
8.131736 0.341561 0.005469 0.036388 0.109928 -0.463473 0.813285 -0.334180
8.134277 0.341672 0.005581 0.036388 0.111949 -0.482488 0.806502 -0.322843
8.136817 0.341561 0.005581 0.036500 0.122527 -0.508803 0.790164 -0.318979
8.139357 0.341561 0.005581 0.036500 0.129506 -0.526041 0.778795 -0.316210
8.141898 0.341561 0.005581 0.036500 0.130448 -0.544490 0.770444 -0.304842
8.144438 0.341561 0.005581 0.036500 0.128504 -0.563783 0.755630 -0.307666
8.146978 0.341449 0.005581 0.036500 0.125584 -0.573465 0.752710 -0.297984
8.149519 0.341449 0.005581 0.036500 0.132100 -0.589864 0.739928 -0.295153
8.152059 0.341449 0.005581 0.036500 0.135335 -0.597958 0.733403 -0.293684
8.154600 0.341337 0.005581 0.036500 0.133501 -0.616079 0.717247 -0.296954
8.157140 0.341337 0.005693 0.036500 0.136755 -0.623921 0.710435 -0.295469
8.159680 0.341226 0.005693 0.036500 0.139993 -0.631688 0.703538 -0.293949
8.162221 0.341226 0.005693 0.036500 0.135155 -0.641359 0.693561 -0.298940
8.164761 0.341226 0.005693 0.036500 0.130428 -0.650808 0.683373 -0.304037
8.167301 0.341226 0.005693 0.036500 0.133760 -0.658277 0.676182 -0.302585
8.169842 0.341226 0.005804 0.036612 0.136528 -0.665925 0.662267 -0.315130
8.172382 0.341114 0.005804 0.036612 0.136528 -0.665925 0.662267 -0.315130
8.174923 0.341114 0.005804 0.036612 0.132185 -0.674849 0.651518 -0.320360
8.177463 0.341114 0.005804 0.036612 0.135697 -0.681966 0.644064 -0.318889
8.180003 0.341114 0.005804 0.036612 0.131529 -0.690531 0.633027 -0.324259
8.182544 0.341226 0.005804 0.036612 0.119795 -0.700209 0.625389 -0.322869
8.185084 0.341226 0.005804 0.036612 0.119795 -0.700209 0.625389 -0.322869
8.187624 0.341226 0.005804 0.036612 0.123335 -0.707037 0.617659 -0.321534
8.190165 0.341226 0.005804 0.036612 0.119382 -0.714940 0.606230 -0.327251
8.192705 0.341226 0.005804 0.036612 0.118536 -0.729433 0.593906 -0.318044
8.195246 0.341226 0.005693 0.036612 0.114757 -0.736785 0.582207 -0.324058
8.197786 0.341226 0.005693 0.036723 0.110139 -0.744392 0.577588 -0.316451
8.200326 0.341226 0.005693 0.036723 0.117065 -0.756903 0.561094 -0.313955
8.202867 0.341226 0.005693 0.036723 0.113548 -0.763563 0.549078 -0.320301
8.205407 0.341226 0.005693 0.036723 0.112031 -0.776720 0.535627 -0.311863
8.207947 0.341226 0.005693 0.036835 0.118856 -0.788301 0.518433 -0.309326
8.210488 0.341226 0.005693 0.036835 0.116833 -0.800833 0.504327 -0.301118
8.213028 0.341226 0.005693 0.036835 0.117141 -0.811702 0.483032 -0.306753
8.215569 0.341226 0.005693 0.036835 0.123853 -0.822119 0.465082 -0.304105
8.218109 0.341226 0.005693 0.036835 0.127975 -0.836683 0.434114 -0.308430
8.220649 0.341226 0.005693 0.036835 0.134721 -0.846019 0.415626 -0.305544
8.223190 0.341226 0.005804 0.036947 0.139347 -0.858638 0.383874 -0.309780
8.225730 0.341114 0.005804 0.036947 0.146120 -0.866865 0.364916 -0.306644
8.228270 0.341114 0.005804 0.036947 0.151250 -0.877497 0.332503 -0.310749
8.230811 0.341114 0.005916 0.036947 0.156796 -0.886827 0.299752 -0.314802
8.233351 0.341114 0.005916 0.036947 0.162759 -0.894846 0.266720 -0.318781
8.235892 0.341114 0.006028 0.036835 0.172672 -0.904053 0.223541 -0.320782
8.238432 0.341114 0.006028 0.036835 0.179506 -0.909055 0.190051 -0.324464
8.240972 0.341114 0.006028 0.036835 0.186752 -0.912723 0.156460 -0.327995
8.243513 0.341114 0.006139 0.036835 0.184341 -0.917137 0.126454 -0.329982
8.246053 0.341114 0.006139 0.036835 0.182286 -0.920282 0.096520 -0.332470
8.248593 0.341114 0.006139 0.036835 0.182991 -0.925029 0.069722 -0.325536
8.251134 0.341226 0.006139 0.036835 0.177793 -0.925429 0.050076 -0.330852
8.253674 0.341226 0.006139 0.036835 0.176633 -0.925428 0.020494 -0.334610
8.256215 0.341226 0.006139 0.036835 0.163560 -0.929473 0.007421 -0.330565
8.258755 0.341226 0.006028 0.036835 0.159318 -0.927800 -0.011560 -0.337152
8.261295 0.341226 0.006028 0.036835 0.146273 -0.930760 -0.024605 -0.334191
8.263836 0.341337 0.006028 0.036947 0.133110 -0.933145 -0.037768 -0.331807
8.266376 0.341337 0.005916 0.036947 0.126492 -0.934120 -0.044385 -0.330832
8.268916 0.341337 0.005916 0.036947 0.109577 -0.936209 -0.047394 -0.330543
8.271457 0.341337 0.005916 0.036947 0.106489 -0.932432 -0.065274 -0.339072
8.273997 0.341337 0.005916 0.036947 0.089712 -0.933855 -0.068072 -0.339459
8.276538 0.341337 0.005916 0.036947 0.083475 -0.930160 -0.075103 -0.349562
8.279078 0.341337 0.005916 0.036947 0.077537 -0.926208 -0.081816 -0.359768
8.281618 0.341449 0.005916 0.036947 0.071315 -0.926093 -0.088038 -0.359883
8.284159 0.341449 0.005916 0.036947 0.065842 -0.921764 -0.094267 -0.370310
8.286699 0.341449 0.005916 0.036947 0.061569 -0.912919 -0.099993 -0.390883
8.289239 0.341449 0.005916 0.036835 0.071242 -0.906108 -0.119748 -0.399442
8.291780 0.341561 0.005916 0.036835 0.068173 -0.896433 -0.124389 -0.419866
8.294320 0.341561 0.005916 0.036835 0.070554 -0.884822 -0.138048 -0.439380
8.296861 0.341672 0.005916 0.036723 0.083574 -0.871725 -0.155769 -0.456997
8.299401 0.341672 0.005916 0.036723 0.087925 -0.858881 -0.167679 -0.475896
8.301941 0.341672 0.005916 0.036612 0.098745 -0.843503 -0.187857 -0.493419
8.304482 0.341784 0.005916 0.036612 0.110982 -0.827346 -0.206681 -0.510357
8.307022 0.341895 0.006028 0.036500 0.133505 -0.809090 -0.229893 -0.524118
8.309562 0.341895 0.006028 0.036500 0.142355 -0.794160 -0.237385 -0.541011
8.312103 0.342007 0.006028 0.036500 0.158281 -0.776239 -0.252353 -0.555624
8.314643 0.342007 0.006028 0.036388 0.171777 -0.763695 -0.268825 -0.561245
8.317184 0.342007 0.006028 0.036388 0.189896 -0.745078 -0.281256 -0.574189
8.319724 0.342119 0.006028 0.036388 0.204913 -0.731983 -0.295840 -0.578524
8.322264 0.342119 0.006028 0.036277 0.212586 -0.721045 -0.303223 -0.585626
8.324805 0.342119 0.005916 0.036277 0.228850 -0.707728 -0.316204 -0.588866
8.327345 0.342119 0.005916 0.036388 0.226282 -0.705752 -0.318772 -0.590842
8.329885 0.342119 0.005916 0.036388 0.231519 -0.701164 -0.327746 -0.589364
8.332426 0.342119 0.005916 0.036388 0.236776 -0.696437 -0.336634 -0.587869
8.334966 0.342119 0.005916 0.036388 0.247790 -0.686757 -0.340336 -0.592567
8.337507 0.342119 0.005916 0.036388 0.245766 -0.684679 -0.342361 -0.594645
8.340047 0.342119 0.005804 0.036388 0.250849 -0.679077 -0.337848 -0.601489
8.342587 0.342119 0.005804 0.036500 0.256610 -0.674350 -0.346119 -0.599671
8.345128 0.342119 0.005804 0.036500 0.242001 -0.680266 -0.346126 -0.599059
8.347668 0.342230 0.005804 0.036500 0.241121 -0.679112 -0.347005 -0.600212
8.350208 0.342230 0.005804 0.036612 0.241123 -0.679115 -0.360366 -0.592282
8.352749 0.342230 0.005804 0.036612 0.246690 -0.673785 -0.368730 -0.590928
8.355289 0.342230 0.005804 0.036612 0.252620 -0.668924 -0.363472 -0.597170
8.357829 0.342230 0.005804 0.036723 0.251846 -0.667697 -0.364247 -0.598396
8.360370 0.342342 0.005804 0.036723 0.264932 -0.659533 -0.378829 -0.592719
8.362910 0.342342 0.005804 0.036723 0.264212 -0.658274 -0.379549 -0.593978
8.365451 0.342342 0.005804 0.036835 0.262812 -0.655643 -0.393950 -0.588103
8.367991 0.342342 0.005804 0.036835 0.275670 -0.646829 -0.408260 -0.582187
8.370531 0.342454 0.005804 0.036835 0.274976 -0.645365 -0.408954 -0.583652
8.373072 0.342454 0.005804 0.036835 0.295211 -0.633807 -0.416332 -0.581211
8.375612 0.342454 0.005804 0.036835 0.307376 -0.623158 -0.430691 -0.575934
8.378152 0.342454 0.005804 0.036835 0.320874 -0.615073 -0.431050 -0.576993
8.380693 0.342454 0.005693 0.036835 0.334526 -0.607295 -0.431097 -0.577442
8.383233 0.342454 0.005693 0.036835 0.346840 -0.596606 -0.444629 -0.571024
8.385774 0.342454 0.005693 0.036835 0.367139 -0.585315 -0.450386 -0.565480
8.388314 0.342454 0.005693 0.036723 0.380984 -0.578210 -0.449638 -0.564226
8.390854 0.342342 0.005693 0.036723 0.393160 -0.567432 -0.462362 -0.556478
8.393395 0.342342 0.005693 0.036723 0.407057 -0.560866 -0.461180 -0.554118
8.395935 0.342342 0.005693 0.036612 0.420952 -0.554664 -0.459803 -0.551116
8.398475 0.342230 0.005693 0.036612 0.432958 -0.544428 -0.471879 -0.541734
8.401016 0.342230 0.005693 0.036612 0.446736 -0.538633 -0.470201 -0.537784
8.403556 0.342119 0.005693 0.036612 0.452614 -0.533177 -0.476094 -0.533102
8.406097 0.342119 0.005693 0.036612 0.458448 -0.527656 -0.481918 -0.528355
8.408637 0.342007 0.005693 0.036612 0.462073 -0.516413 -0.501034 -0.518431
8.411177 0.342007 0.005693 0.036612 0.462100 -0.515985 -0.501007 -0.518859
8.413718 0.342007 0.005693 0.036612 0.459916 -0.509011 -0.514148 -0.514818
8.416258 0.341895 0.005693 0.036723 0.457598 -0.502175 -0.527177 -0.510400
8.418798 0.341895 0.005693 0.036723 0.449718 -0.500026 -0.534462 -0.511937
8.421339 0.341895 0.005693 0.036723 0.447468 -0.491501 -0.547046 -0.508861
8.423879 0.341895 0.005804 0.036723 0.444990 -0.483628 -0.559602 -0.504909
8.426420 0.341895 0.005804 0.036835 0.442426 -0.475481 -0.571982 -0.501012
8.428960 0.341895 0.005804 0.036835 0.431982 -0.463156 -0.590734 -0.499913
8.431500 0.341895 0.005804 0.036835 0.424249 -0.458869 -0.597101 -0.502914
8.434041 0.341895 0.005804 0.036947 0.427018 -0.442890 -0.613698 -0.494852
8.436581 0.341895 0.005804 0.036947 0.411195 -0.434863 -0.626107 -0.499803
8.439121 0.342007 0.005804 0.036947 0.408394 -0.424818 -0.637200 -0.496709
8.441662 0.342007 0.005804 0.036947 0.406424 -0.411877 -0.647172 -0.496333
8.444202 0.342007 0.005804 0.037058 0.403574 -0.401206 -0.657729 -0.493513
8.446743 0.342007 0.005804 0.037058 0.400663 -0.390306 -0.668049 -0.490757
8.449283 0.342119 0.005804 0.037058 0.393502 -0.383527 -0.672724 -0.495486
8.451823 0.342119 0.005804 0.037058 0.390597 -0.372152 -0.682583 -0.492968
8.454364 0.342119 0.005804 0.037058 0.383653 -0.364799 -0.686759 -0.498090
8.456904 0.342119 0.005804 0.036947 0.389102 -0.357232 -0.690726 -0.493845
8.459444 0.342230 0.005804 0.036947 0.390639 -0.353935 -0.689189 -0.497142
8.461985 0.342230 0.005804 0.036947 0.390639 -0.353935 -0.689189 -0.497142
8.464525 0.342342 0.005804 0.036947 0.396077 -0.346342 -0.693035 -0.492820
8.467066 0.342342 0.005804 0.036835 0.392248 -0.350673 -0.687579 -0.500404
8.469606 0.342342 0.005916 0.036835 0.397722 -0.343098 -0.691390 -0.496065
8.472146 0.342454 0.005916 0.036835 0.393929 -0.347447 -0.685899 -0.503631
8.474687 0.342454 0.005916 0.036723 0.407475 -0.344615 -0.684454 -0.496717
8.477227 0.342565 0.005916 0.036723 0.412907 -0.337075 -0.688198 -0.492211
8.479767 0.342565 0.005916 0.036612 0.422519 -0.338955 -0.681293 -0.492369
8.482308 0.342677 0.005916 0.036612 0.427903 -0.331450 -0.684975 -0.487697
8.484848 0.342677 0.006028 0.036500 0.440993 -0.328863 -0.683433 -0.479889
8.487389 0.342788 0.006028 0.036500 0.450296 -0.331278 -0.676609 -0.479258
8.489929 0.342788 0.006028 0.036388 0.460718 -0.316333 -0.683724 -0.469249
8.492469 0.342788 0.006028 0.036388 0.474927 -0.311715 -0.680474 -0.462853
8.495010 0.342900 0.006028 0.036388 0.476612 -0.309475 -0.678789 -0.465093
8.497550 0.342900 0.006028 0.036277 0.493818 -0.300016 -0.680613 -0.450444
8.500090 0.342900 0.006028 0.036277 0.507323 -0.296181 -0.677446 -0.442681
8.502631 0.342900 0.006028 0.036277 0.513806 -0.286888 -0.679009 -0.438914
8.505171 0.342900 0.005916 0.036165 0.522047 -0.291031 -0.672803 -0.436009
8.507712 0.342900 0.005916 0.036165 0.528434 -0.282001 -0.674331 -0.431868
8.510252 0.342900 0.005916 0.036165 0.540965 -0.279248 -0.671486 -0.422474
8.512792 0.342900 0.005804 0.036054 0.542554 -0.277831 -0.669897 -0.423890
8.515333 0.343012 0.005804 0.036054 0.544174 -0.276450 -0.668277 -0.425272
8.517873 0.343012 0.005804 0.036054 0.546850 -0.288901 -0.659577 -0.427141
8.520413 0.343012 0.005693 0.035942 0.553929 -0.294240 -0.654110 -0.422759
8.522954 0.343012 0.005693 0.035942 0.550663 -0.300308 -0.649426 -0.429920
8.525494 0.343012 0.005693 0.035942 0.557371 -0.305925 -0.644175 -0.425189
8.528035 0.343012 0.005693 0.035942 0.557371 -0.305925 -0.644175 -0.425189
8.530575 0.343123 0.005581 0.035830 0.559108 -0.318736 -0.635636 -0.426347
8.533115 0.343123 0.005581 0.035830 0.555573 -0.324859 -0.630914 -0.433305
8.535656 0.343235 0.005581 0.035830 0.555573 -0.324859 -0.630914 -0.433305
8.538196 0.343235 0.005581 0.035830 0.555573 -0.324859 -0.630914 -0.433305
8.540736 0.343235 0.005581 0.035830 0.560300 -0.317908 -0.634445 -0.427175
8.543277 0.343346 0.005581 0.035830 0.556773 -0.324045 -0.629713 -0.434119
8.545817 0.343346 0.005693 0.035830 0.556773 -0.324045 -0.629713 -0.434119
8.548358 0.343458 0.005693 0.035942 0.561509 -0.317107 -0.633235 -0.427976
8.550898 0.343458 0.005693 0.035942 0.556659 -0.310210 -0.636783 -0.434060
8.553438 0.343570 0.005693 0.035942 0.561394 -0.303196 -0.640152 -0.427919
8.555979 0.343570 0.005693 0.036054 0.561277 -0.289136 -0.646762 -0.427864
8.558519 0.343570 0.005693 0.036054 0.561159 -0.274934 -0.653061 -0.427812
8.561059 0.343681 0.005804 0.036165 0.561040 -0.260597 -0.659047 -0.427762
8.563600 0.343681 0.005804 0.036277 0.560920 -0.246132 -0.664717 -0.427715
8.566140 0.343793 0.005804 0.036277 0.565463 -0.224171 -0.672570 -0.421484
8.568681 0.343793 0.005804 0.036388 0.565341 -0.209417 -0.677437 -0.421443
8.571221 0.343905 0.005804 0.036500 0.565217 -0.194559 -0.681978 -0.421405
8.573761 0.343905 0.005916 0.036500 0.563086 -0.185802 -0.681521 -0.428884
8.576302 0.343905 0.005916 0.036612 0.563126 -0.170759 -0.685405 -0.428894
8.578842 0.344016 0.005916 0.036723 0.567845 -0.148056 -0.690626 -0.422691
8.581382 0.344016 0.005916 0.036723 0.567886 -0.132822 -0.693679 -0.422699
8.583923 0.344128 0.006028 0.036723 0.572495 -0.125193 -0.695096 -0.416434
8.586463 0.344239 0.006028 0.036835 0.572536 -0.109867 -0.697645 -0.416441
8.589004 0.344239 0.006028 0.036835 0.572536 -0.109867 -0.697645 -0.416441
8.591544 0.344351 0.006028 0.036835 0.572578 -0.094489 -0.699856 -0.416447
8.594084 0.344351 0.006028 0.036947 0.572619 -0.079065 -0.701729 -0.416452
8.596625 0.344463 0.006139 0.036947 0.577160 -0.071351 -0.702555 -0.410136
8.599165 0.344574 0.006139 0.036947 0.572660 -0.063604 -0.703263 -0.416456
8.601705 0.344686 0.006139 0.036947 0.577201 -0.055874 -0.703919 -0.410140
8.604246 0.344686 0.006139 0.036947 0.577243 -0.040372 -0.704943 -0.410143
8.606786 0.344798 0.006139 0.036947 0.581714 -0.032625 -0.705344 -0.403776
8.609326 0.344909 0.006139 0.037058 0.581755 -0.017096 -0.705856 -0.403778
8.611867 0.345021 0.006139 0.037058 0.577326 -0.009317 -0.705966 -0.410145
8.614407 0.345132 0.006028 0.037058 0.577401 -0.000124 -0.701418 -0.417876
8.616948 0.345244 0.006028 0.037058 0.586443 0.015287 -0.701251 -0.405090
8.619488 0.345356 0.006028 0.037058 0.586655 0.030807 -0.700569 -0.405080
8.622028 0.345356 0.006028 0.037058 0.591457 0.032006 -0.695767 -0.406279
8.624569 0.345467 0.005916 0.037058 0.595885 0.039648 -0.695373 -0.399757
8.627109 0.345579 0.005916 0.037058 0.600724 0.040688 -0.690534 -0.400797
8.629649 0.345691 0.005804 0.036947 0.601855 0.049530 -0.684557 -0.408287
8.632190 0.345802 0.005804 0.036947 0.606895 0.050383 -0.679518 -0.409140
8.634730 0.345802 0.005804 0.036835 0.614851 0.049924 -0.680286 -0.395825
8.637271 0.345914 0.005693 0.036835 0.619755 0.050589 -0.675381 -0.396490
8.639811 0.346025 0.005693 0.036723 0.627775 0.043179 -0.672065 -0.390337
8.642351 0.346025 0.005693 0.036723 0.632025 0.050560 -0.671550 -0.383416
8.644892 0.346137 0.005693 0.036612 0.632543 0.043613 -0.667297 -0.390771
8.647432 0.346137 0.005693 0.036500 0.639587 0.042974 -0.668549 -0.376994
8.649972 0.346137 0.005693 0.036500 0.642645 0.027942 -0.666132 -0.377486
8.652513 0.346249 0.005581 0.036388 0.642645 0.027942 -0.666132 -0.377486
8.655053 0.346249 0.005693 0.036277 0.645192 0.019936 -0.667816 -0.370610
8.657594 0.346360 0.005693 0.036277 0.645192 0.019936 -0.667816 -0.370610
8.660134 0.346360 0.005693 0.036165 0.645192 0.019936 -0.667816 -0.370610
8.662674 0.346472 0.005693 0.036165 0.645372 0.012846 -0.663704 -0.377924
8.665215 0.346472 0.005693 0.036054 0.645372 0.012846 -0.663704 -0.377924
8.667755 0.346584 0.005693 0.036054 0.645372 0.012846 -0.663704 -0.377924
8.670295 0.346584 0.005693 0.035942 0.645372 0.012846 -0.663704 -0.377924
8.672836 0.346695 0.005693 0.035942 0.645372 0.012846 -0.663704 -0.377924
8.675376 0.346807 0.005693 0.035942 0.643104 0.013816 -0.657677 -0.392030
8.677917 0.346918 0.005693 0.035942 0.643104 0.013816 -0.657677 -0.392030
8.680457 0.346918 0.005693 0.035942 0.640656 0.021874 -0.655762 -0.398820
8.682997 0.347030 0.005693 0.035942 0.638130 0.029930 -0.653769 -0.405562
8.685538 0.347142 0.005693 0.035942 0.640476 0.038105 -0.646748 -0.412378
8.688078 0.347142 0.005581 0.035942 0.637959 0.046157 -0.644435 -0.419025
8.690618 0.347253 0.005581 0.035942 0.640636 0.054218 -0.636772 -0.425637
8.693159 0.347253 0.005581 0.035942 0.638770 0.055244 -0.629358 -0.439123
8.695699 0.347253 0.005581 0.035942 0.641128 0.070184 -0.625848 -0.438570
8.698240 0.347365 0.005581 0.035942 0.640960 0.093021 -0.618909 -0.444376
8.700780 0.347365 0.005581 0.035942 0.644428 0.100673 -0.609673 -0.450419
8.703320 0.347365 0.005469 0.035942 0.646896 0.115273 -0.605034 -0.449635
8.705861 0.347365 0.005469 0.036054 0.650733 0.122626 -0.595109 -0.455362
8.708401 0.347365 0.005469 0.036054 0.654788 0.129795 -0.584816 -0.460865
8.710941 0.347365 0.005469 0.036054 0.652421 0.137629 -0.580795 -0.466993
8.713482 0.347365 0.005358 0.036054 0.661909 0.150819 -0.568296 -0.464941
8.716022 0.347476 0.005358 0.036054 0.668662 0.149717 -0.561542 -0.463838
8.718563 0.347476 0.005358 0.036054 0.673384 0.156146 -0.550117 -0.468556
8.721103 0.347476 0.005358 0.036054 0.680232 0.154716 -0.543269 -0.467126
8.723643 0.347476 0.005358 0.036054 0.683449 0.168251 -0.536539 -0.465526
8.726184 0.347588 0.005246 0.036054 0.690394 0.166561 -0.529595 -0.463836
8.728724 0.347588 0.005246 0.036054 0.704163 0.162724 -0.515825 -0.460000
8.731264 0.347700 0.005246 0.036054 0.709608 0.167973 -0.503363 -0.463538
8.733805 0.347700 0.005135 0.036054 0.716520 0.165631 -0.496450 -0.461197
8.736345 0.347811 0.005135 0.036054 0.722204 0.170411 -0.483602 -0.464231
8.738886 0.347923 0.005135 0.036054 0.727260 0.175714 -0.481701 -0.456269
8.741426 0.348035 0.005135 0.036054 0.738107 0.185207 -0.466517 -0.450843
8.743966 0.348035 0.005135 0.036165 0.737013 0.192245 -0.460118 -0.456229
8.746507 0.348146 0.005135 0.036165 0.743056 0.196081 -0.446438 -0.458381
8.749047 0.348258 0.005135 0.036165 0.746967 0.207833 -0.437538 -0.455419
8.751587 0.348258 0.005135 0.036277 0.748111 0.206460 -0.425680 -0.465297
8.754128 0.348369 0.005135 0.036277 0.746925 0.213282 -0.418800 -0.470340
8.756668 0.348481 0.005135 0.036277 0.745650 0.220077 -0.411870 -0.475326
8.759209 0.348481 0.005135 0.036277 0.738964 0.222385 -0.407357 -0.488403
8.761749 0.348593 0.005135 0.036277 0.731992 0.224790 -0.402897 -0.501330
8.764289 0.348704 0.005135 0.036277 0.730342 0.231658 -0.395969 -0.506107
8.766830 0.348816 0.005135 0.036388 0.725477 0.226253 -0.385867 -0.523067
8.769370 0.348928 0.005023 0.036388 0.719687 0.222000 -0.388329 -0.531006
8.771910 0.348928 0.005023 0.036388 0.705896 0.220549 -0.386347 -0.551186
8.774451 0.349039 0.005023 0.036388 0.699798 0.216291 -0.388747 -0.558907
8.776991 0.349151 0.005023 0.036388 0.691483 0.219263 -0.384444 -0.570945
8.779532 0.349262 0.004911 0.036388 0.685168 0.215026 -0.386830 -0.578507
8.782072 0.349262 0.004911 0.036388 0.676461 0.218138 -0.382628 -0.590264
8.784612 0.349374 0.004911 0.036388 0.674069 0.225487 -0.376041 -0.594458
8.787153 0.349486 0.004911 0.036500 0.667498 0.221342 -0.378495 -0.601827
8.789693 0.349597 0.004911 0.036500 0.664979 0.228736 -0.371943 -0.605922
8.792233 0.349597 0.004911 0.036500 0.655639 0.232074 -0.367918 -0.617183
8.794774 0.349709 0.004800 0.036500 0.650247 0.246642 -0.368160 -0.617093
8.797314 0.349709 0.004800 0.036612 0.647365 0.253992 -0.361600 -0.621009
8.799855 0.349821 0.004800 0.036612 0.647365 0.253992 -0.361600 -0.621009
8.802395 0.349821 0.004800 0.036612 0.641496 0.268375 -0.361838 -0.620911
8.804935 0.349932 0.004800 0.036723 0.638378 0.275629 -0.355233 -0.624749
8.807476 0.349932 0.004911 0.036723 0.635312 0.282626 -0.362075 -0.620808
8.810016 0.349932 0.004911 0.036723 0.638862 0.293699 -0.352263 -0.617662
8.812556 0.349932 0.004911 0.036835 0.635597 0.300700 -0.359028 -0.613755
8.815097 0.349932 0.004911 0.036835 0.635597 0.300700 -0.359028 -0.613755
8.817637 0.349932 0.004911 0.036835 0.628792 0.314666 -0.359106 -0.613717
8.820178 0.349932 0.004911 0.036835 0.625297 0.321555 -0.365827 -0.609734
8.822718 0.350044 0.004911 0.036835 0.625297 0.321555 -0.365827 -0.609734
8.825258 0.350044 0.005023 0.036835 0.621727 0.328406 -0.372503 -0.605679
8.827799 0.350044 0.005023 0.036835 0.618082 0.335216 -0.379135 -0.601550
8.830339 0.350044 0.005023 0.036835 0.614362 0.341986 -0.385721 -0.597348
8.832879 0.350044 0.005023 0.036835 0.614362 0.341986 -0.385721 -0.597348
8.835420 0.350044 0.005135 0.036835 0.610567 0.348715 -0.392260 -0.593075
8.837960 0.350044 0.005135 0.036835 0.606699 0.355402 -0.398752 -0.588729
8.840501 0.350155 0.005135 0.036835 0.600342 0.350788 -0.415395 -0.586502
8.843041 0.350155 0.005135 0.036723 0.600342 0.350788 -0.415395 -0.586502
8.845581 0.350155 0.005246 0.036723 0.596452 0.357362 -0.421813 -0.581903
8.848122 0.350155 0.005246 0.036723 0.586113 0.359167 -0.432152 -0.583708
8.850662 0.350155 0.005246 0.036723 0.586372 0.358826 -0.444510 -0.574301
8.853202 0.350155 0.005246 0.036612 0.586372 0.358826 -0.444510 -0.574301
8.855743 0.350155 0.005246 0.036612 0.582395 0.365246 -0.450793 -0.569383
8.858283 0.350267 0.005246 0.036612 0.582395 0.365246 -0.450793 -0.569383
8.860823 0.350267 0.005246 0.036612 0.572112 0.366579 -0.461076 -0.570716
8.863364 0.350267 0.005246 0.036612 0.572112 0.366579 -0.461076 -0.570716
8.865904 0.350267 0.005246 0.036612 0.563536 0.379521 -0.461575 -0.570385
8.868445 0.350267 0.005246 0.036612 0.563536 0.379521 -0.461575 -0.570385
8.870985 0.350379 0.005246 0.036612 0.554678 0.392271 -0.462067 -0.570043
8.873525 0.350379 0.005246 0.036612 0.549957 0.398806 -0.456265 -0.574738
8.876066 0.350379 0.005246 0.036723 0.540683 0.411257 -0.456746 -0.574380
8.878606 0.350490 0.005246 0.036723 0.535759 0.417641 -0.450885 -0.579000
8.881146 0.350490 0.005246 0.036835 0.524327 0.419060 -0.449600 -0.589346
8.883687 0.350602 0.005246 0.036835 0.509288 0.437325 -0.444291 -0.593277
8.886227 0.350713 0.005246 0.036835 0.499090 0.449022 -0.444871 -0.592771
8.888768 0.350825 0.005246 0.036947 0.487078 0.450246 -0.443880 -0.602498
8.891308 0.350825 0.005246 0.036947 0.476507 0.461593 -0.444568 -0.601857
8.893848 0.350937 0.005246 0.037058 0.465144 0.473472 -0.432599 -0.610183
8.896389 0.351048 0.005246 0.037058 0.454085 0.484344 -0.433258 -0.609513
8.898929 0.351160 0.005358 0.037058 0.454085 0.484344 -0.433258 -0.609513
8.901469 0.351272 0.005358 0.037058 0.442789 0.494970 -0.433902 -0.608828
8.904010 0.351383 0.005358 0.037058 0.431263 0.505345 -0.434531 -0.608129
8.906550 0.351495 0.005358 0.037170 0.431263 0.505345 -0.434531 -0.608129
8.909091 0.351606 0.005358 0.037058 0.437918 0.510088 -0.428953 -0.603354
8.911631 0.351718 0.005358 0.037058 0.432288 0.514869 -0.435556 -0.598605
8.914171 0.351718 0.005358 0.037058 0.438838 0.519623 -0.429873 -0.593820
8.916712 0.351830 0.005358 0.037058 0.438838 0.519623 -0.429873 -0.593820
8.919252 0.351941 0.005358 0.037058 0.445335 0.524314 -0.424139 -0.588963
8.921792 0.351941 0.005358 0.037058 0.451779 0.528942 -0.418353 -0.584035
8.924333 0.352053 0.005358 0.037058 0.458168 0.533506 -0.412517 -0.579037
8.926873 0.352165 0.005358 0.037058 0.458168 0.533506 -0.412517 -0.579037
8.929414 0.352165 0.005358 0.037058 0.470336 0.532938 -0.412966 -0.569403
8.931954 0.352165 0.005358 0.036947 0.470336 0.532938 -0.412966 -0.569403
8.934494 0.352165 0.005358 0.036947 0.470336 0.532938 -0.412966 -0.569403
8.937035 0.352276 0.005358 0.036947 0.482289 0.532381 -0.413428 -0.559505
8.939575 0.352276 0.005246 0.036947 0.488109 0.527050 -0.407256 -0.564013
8.942115 0.352276 0.005246 0.036947 0.488109 0.527050 -0.407256 -0.564013
8.944656 0.352276 0.005246 0.036835 0.481883 0.522544 -0.413022 -0.569341
8.947196 0.352276 0.005246 0.036835 0.493199 0.511898 -0.413079 -0.569280
8.949737 0.352276 0.005135 0.036835 0.486915 0.507329 -0.418678 -0.574664
8.952277 0.352276 0.005135 0.036723 0.486915 0.507329 -0.418678 -0.574664
8.954817 0.352276 0.005135 0.036723 0.486218 0.497181 -0.430394 -0.575469
8.957358 0.352276 0.005135 0.036612 0.479867 0.492422 -0.435830 -0.580776
8.959898 0.352276 0.005135 0.036612 0.479867 0.492422 -0.435830 -0.580776
8.962438 0.352276 0.005023 0.036612 0.479143 0.481893 -0.447204 -0.581558
8.964979 0.352276 0.005023 0.036500 0.472725 0.476951 -0.452472 -0.586787
8.967519 0.352388 0.005023 0.036500 0.466250 0.471951 -0.457684 -0.591945
8.970060 0.352388 0.005023 0.036500 0.465493 0.460932 -0.468585 -0.592694
8.972600 0.352388 0.004911 0.036388 0.458953 0.455756 -0.473621 -0.597772
8.975140 0.352388 0.004911 0.036388 0.458172 0.444384 -0.484153 -0.598495
8.977681 0.352388 0.004911 0.036388 0.463027 0.439324 -0.477549 -0.603778
8.980221 0.352388 0.004800 0.036388 0.456365 0.434051 -0.482346 -0.608829
8.982761 0.352388 0.004800 0.036388 0.462102 0.427732 -0.487820 -0.604597
8.985302 0.352388 0.004800 0.036388 0.460044 0.417318 -0.485763 -0.615011
8.987842 0.352388 0.004688 0.036388 0.465701 0.410827 -0.491154 -0.610829
8.990383 0.352388 0.004688 0.036388 0.464610 0.398806 -0.500897 -0.611714
8.992923 0.352388 0.004688 0.036388 0.464610 0.398806 -0.500897 -0.611714
8.995463 0.352388 0.004688 0.036388 0.467718 0.381460 -0.503613 -0.618145
8.998004 0.352276 0.004688 0.036388 0.473225 0.374648 -0.508724 -0.613920
9.000544 0.352276 0.004688 0.036388 0.478675 0.367791 -0.513773 -0.609621
9.003084 0.352276 0.004688 0.036388 0.473458 0.360391 -0.529370 -0.604751
9.005625 0.352276 0.004688 0.036388 0.478916 0.353452 -0.534169 -0.600311
9.008165 0.352276 0.004688 0.036388 0.473973 0.345757 -0.549249 -0.595086
9.010706 0.352276 0.004688 0.036500 0.479443 0.338742 -0.553792 -0.590511
9.013246 0.352276 0.004688 0.036500 0.478389 0.325533 -0.561878 -0.591156
9.015786 0.352276 0.004688 0.036500 0.489141 0.311207 -0.570470 -0.581769
9.018327 0.352388 0.004688 0.036500 0.484761 0.302999 -0.584331 -0.575982
9.020867 0.352388 0.004800 0.036500 0.486047 0.287311 -0.601619 -0.565036
9.023407 0.352499 0.004800 0.036500 0.491424 0.280014 -0.605332 -0.560061
9.025948 0.352611 0.004800 0.036388 0.493057 0.264008 -0.621481 -0.548595
9.028488 0.352611 0.004800 0.036388 0.503667 0.249226 -0.628115 -0.538217
9.031029 0.352723 0.004800 0.036388 0.511429 0.239958 -0.640203 -0.520577
9.033569 0.352834 0.004800 0.036277 0.521190 0.210420 -0.651294 -0.509804
9.036109 0.352946 0.004688 0.036277 0.531218 0.195298 -0.656564 -0.498588
9.038650 0.352946 0.004688 0.036277 0.536136 0.187702 -0.659080 -0.492889
9.041190 0.353058 0.004688 0.036165 0.540456 0.165138 -0.665728 -0.487282
9.043730 0.353169 0.004688 0.036165 0.549963 0.149746 -0.670032 -0.475578
9.046271 0.353281 0.004576 0.036165 0.554617 0.142022 -0.672063 -0.469640
9.048811 0.353392 0.004576 0.036054 0.558662 0.119092 -0.677230 -0.463760
9.051352 0.353504 0.004465 0.036054 0.559937 0.112947 -0.672094 -0.471172
9.053892 0.353504 0.004465 0.036054 0.559225 0.097697 -0.674976 -0.471307
9.056432 0.353616 0.004465 0.036054 0.554013 0.090276 -0.676009 -0.477422
9.058973 0.353727 0.004353 0.036054 0.554088 0.068856 -0.673099 -0.484957
9.061513 0.353727 0.004353 0.036165 0.544186 0.069427 -0.672410 -0.496896
9.064053 0.353839 0.004353 0.036165 0.538694 0.062036 -0.673133 -0.502844
9.066594 0.353950 0.004242 0.036165 0.533705 0.048777 -0.668144 -0.516104
9.069134 0.353950 0.004242 0.036277 0.528003 0.041433 -0.668639 -0.521936
9.071675 0.354062 0.004242 0.036277 0.517468 0.042157 -0.667858 -0.533306
9.074215 0.354174 0.004242 0.036277 0.511165 0.040436 -0.674162 -0.531584
9.076755 0.354285 0.004242 0.036277 0.511578 0.034818 -0.668281 -0.538958
9.079296 0.354285 0.004130 0.036277 0.505626 0.027474 -0.668623 -0.544546
9.081836 0.354397 0.004130 0.036277 0.499613 0.020127 -0.668885 -0.550068
9.084376 0.354509 0.004130 0.036277 0.499613 0.020127 -0.668885 -0.550068
9.086917 0.354620 0.004130 0.036277 0.498469 0.010137 -0.675909 -0.542745
9.089457 0.354732 0.004130 0.036277 0.498469 0.010137 -0.675909 -0.542745
9.091997 0.354843 0.004018 0.036277 0.503501 -0.003457 -0.670665 -0.544686
9.094538 0.354955 0.004018 0.036165 0.497486 -0.010825 -0.670587 -0.550185
9.097078 0.355067 0.004018 0.036165 0.502198 -0.024468 -0.665151 -0.552062
9.099619 0.355067 0.003907 0.036165 0.502198 -0.024468 -0.665151 -0.552062
9.102159 0.355178 0.003907 0.036165 0.501899 -0.029984 -0.659046 -0.559336
9.104699 0.355290 0.003795 0.036165 0.501899 -0.029984 -0.659046 -0.559336
9.107240 0.355402 0.003795 0.036277 0.501539 -0.035496 -0.652861 -0.566543
9.109780 0.355402 0.003684 0.036277 0.501119 -0.041003 -0.646598 -0.573681
9.112320 0.355513 0.003684 0.036277 0.501119 -0.041003 -0.646598 -0.573681
9.114861 0.355513 0.003684 0.036388 0.496142 -0.038123 -0.639368 -0.586173
9.117401 0.355625 0.003572 0.036388 0.496142 -0.038123 -0.639368 -0.586173
9.119942 0.355625 0.003572 0.036388 0.495693 -0.043571 -0.632890 -0.593162
9.122482 0.355625 0.003572 0.036500 0.495693 -0.043571 -0.632890 -0.593162
9.125022 0.355736 0.003572 0.036500 0.484624 -0.042073 -0.631441 -0.603864
9.127563 0.355736 0.003572 0.036500 0.484624 -0.042073 -0.631441 -0.603864
9.130103 0.355848 0.003572 0.036500 0.489147 -0.050522 -0.632373 -0.598572
9.132643 0.355848 0.003572 0.036500 0.489147 -0.050522 -0.632373 -0.598572
9.135184 0.355848 0.003572 0.036500 0.493610 -0.058964 -0.633228 -0.593208
9.137724 0.355960 0.003572 0.036500 0.498014 -0.067399 -0.634006 -0.587772
9.140265 0.355960 0.003572 0.036388 0.496810 -0.077341 -0.640256 -0.580750
9.142805 0.356071 0.003572 0.036388 0.505622 -0.094083 -0.641123 -0.569610
9.145345 0.356071 0.003572 0.036277 0.503710 -0.109478 -0.640277 -0.569505
9.147886 0.356183 0.003572 0.036165 0.509290 -0.112234 -0.646581 -0.556741
9.150426 0.356183 0.003572 0.036165 0.511899 -0.135879 -0.645065 -0.550806
9.152966 0.356295 0.003572 0.036054 0.520409 -0.152362 -0.644509 -0.539044
9.155507 0.356295 0.003572 0.035942 0.522846 -0.175833 -0.641749 -0.532797
9.158047 0.356406 0.003460 0.035830 0.521128 -0.191034 -0.639050 -0.532492
9.160588 0.356406 0.003460 0.035830 0.517120 -0.211865 -0.630132 -0.539104
9.163128 0.356406 0.003460 0.035830 0.511166 -0.218775 -0.627766 -0.544753
9.165668 0.356406 0.003349 0.035830 0.508732 -0.224378 -0.621744 -0.551617
9.168209 0.356518 0.003349 0.035719 0.506704 -0.239366 -0.618223 -0.551140
9.170749 0.356518 0.003349 0.035719 0.497884 -0.251628 -0.609403 -0.563403
9.173289 0.356518 0.003237 0.035719 0.487560 -0.250116 -0.607734 -0.574793
9.175830 0.356518 0.003237 0.035719 0.478366 -0.262048 -0.598540 -0.586726
9.178370 0.356406 0.003237 0.035719 0.471891 -0.268608 -0.595625 -0.591946
9.180911 0.356406 0.003237 0.035719 0.465359 -0.275135 -0.592638 -0.597094
9.183451 0.356406 0.003237 0.035830 0.458772 -0.281630 -0.589579 -0.602171
9.185991 0.356406 0.003125 0.035830 0.452128 -0.288090 -0.586450 -0.607174
9.188532 0.356518 0.003237 0.035830 0.445431 -0.294515 -0.583249 -0.612105
9.191072 0.356518 0.003237 0.035830 0.441958 -0.296068 -0.586722 -0.610553
9.193612 0.356518 0.003237 0.035830 0.441958 -0.296068 -0.586722 -0.610553
9.196153 0.356518 0.003237 0.035830 0.443220 -0.305706 -0.588251 -0.603374
9.198693 0.356518 0.003237 0.035719 0.436565 -0.312150 -0.584857 -0.608207
9.201234 0.356518 0.003349 0.035719 0.444762 -0.315235 -0.589376 -0.596196
9.203774 0.356629 0.003349 0.035719 0.446581 -0.324641 -0.590099 -0.589030
9.206314 0.356629 0.003349 0.035719 0.450121 -0.319715 -0.596535 -0.582512
9.208855 0.356741 0.003460 0.035719 0.452315 -0.328963 -0.596780 -0.575368
9.211395 0.356741 0.003460 0.035719 0.455902 -0.323973 -0.603065 -0.568777
9.213935 0.356741 0.003460 0.035719 0.458465 -0.333044 -0.602838 -0.561674
9.216476 0.356853 0.003572 0.035719 0.458465 -0.333044 -0.602838 -0.561674
9.219016 0.356853 0.003572 0.035719 0.467356 -0.335315 -0.605939 -0.549527
9.221557 0.356853 0.003572 0.035719 0.461291 -0.341951 -0.602219 -0.554628
9.224097 0.356853 0.003572 0.035719 0.470363 -0.344057 -0.605030 -0.542514
9.226637 0.356964 0.003572 0.035719 0.464375 -0.350683 -0.601214 -0.547649
9.229178 0.356964 0.003572 0.035719 0.464375 -0.350683 -0.601214 -0.547649
9.231718 0.356964 0.003572 0.035719 0.468199 -0.345560 -0.607194 -0.541011
9.234258 0.356964 0.003572 0.035719 0.473624 -0.352616 -0.603737 -0.535577
9.236799 0.356964 0.003572 0.035719 0.473624 -0.352616 -0.603737 -0.535577
9.239339 0.356964 0.003572 0.035830 0.467712 -0.359228 -0.599827 -0.540748
9.241880 0.356964 0.003572 0.035830 0.467712 -0.359228 -0.599827 -0.540748
9.244420 0.356964 0.003572 0.035830 0.467712 -0.359228 -0.599827 -0.540748
9.246960 0.357076 0.003572 0.035830 0.477135 -0.360982 -0.602065 -0.528727
9.249501 0.357076 0.003572 0.035830 0.477135 -0.360982 -0.602065 -0.528727
9.252041 0.357076 0.003572 0.035830 0.477135 -0.360982 -0.602065 -0.528727
9.254581 0.357076 0.003572 0.035830 0.477135 -0.360982 -0.602065 -0.528727
9.257122 0.357076 0.003572 0.035942 0.477135 -0.360982 -0.602065 -0.528727
9.259662 0.357076 0.003572 0.035942 0.482581 -0.367853 -0.598326 -0.523264
9.262203 0.357076 0.003572 0.035942 0.488301 -0.361257 -0.602331 -0.517931
9.264743 0.357076 0.003572 0.035942 0.488301 -0.361257 -0.602331 -0.517931
9.267283 0.357076 0.003684 0.035942 0.488301 -0.361257 -0.602331 -0.517931
9.269824 0.357076 0.003684 0.035942 0.493628 -0.368125 -0.598595 -0.512346
9.272364 0.357076 0.003684 0.035942 0.499227 -0.361527 -0.602603 -0.506892
9.274904 0.357076 0.003684 0.035942 0.499227 -0.361527 -0.602603 -0.506892
9.277445 0.357076 0.003572 0.035942 0.504433 -0.368392 -0.598871 -0.501188
9.279985 0.357076 0.003572 0.035942 0.504433 -0.368392 -0.598871 -0.501188
9.282526 0.357076 0.003572 0.035942 0.514989 -0.368652 -0.599151 -0.489795
9.285066 0.357076 0.003572 0.035942 0.514989 -0.368652 -0.599151 -0.489795
9.287606 0.357076 0.003572 0.035942 0.514989 -0.368652 -0.599151 -0.489795
9.290147 0.357076 0.003572 0.035942 0.520008 -0.375469 -0.595349 -0.483915
9.292687 0.357076 0.003572 0.035830 0.515852 -0.381160 -0.589997 -0.490426
9.295227 0.356964 0.003572 0.035830 0.520733 -0.387986 -0.586188 -0.484446
9.297768 0.356964 0.003572 0.035830 0.515380 -0.394402 -0.581890 -0.490137
9.300308 0.356964 0.003572 0.035830 0.520264 -0.401138 -0.577936 -0.484151
9.302849 0.356964 0.003572 0.035830 0.515826 -0.406830 -0.572583 -0.490471
9.305389 0.356964 0.003460 0.035830 0.510407 -0.413096 -0.568079 -0.496109
9.307929 0.356964 0.003460 0.035830 0.515221 -0.419792 -0.564048 -0.490073
9.310470 0.356964 0.003460 0.035830 0.509842 -0.438192 -0.549817 -0.495732
9.313010 0.356853 0.003460 0.035830 0.504365 -0.444205 -0.544970 -0.501303
9.315550 0.356853 0.003460 0.035830 0.509117 -0.450759 -0.540727 -0.495208
9.318091 0.356853 0.003460 0.035830 0.508404 -0.463124 -0.531362 -0.494667
9.320631 0.356853 0.003460 0.035830 0.507703 -0.475280 -0.521728 -0.494112
9.323172 0.356853 0.003460 0.035830 0.506272 -0.498994 -0.501737 -0.492904
9.325712 0.356741 0.003460 0.035830 0.511054 -0.505011 -0.496834 -0.486769
9.328252 0.356741 0.003572 0.035830 0.515058 -0.522281 -0.481275 -0.479910
9.330793 0.356741 0.003572 0.035719 0.520250 -0.527624 -0.475603 -0.474084
9.333333 0.356741 0.003572 0.035719 0.529522 -0.538870 -0.465010 -0.461509
