3.400000 0.276820 -0.050899 0.035384 -0.484453 -0.541994 -0.593350 0.345664
3.401804 0.276820 -0.050899 0.035384 -0.490378 -0.536639 -0.597111 0.339124
3.403607 0.276820 -0.050899 0.035384 -0.490378 -0.536639 -0.597111 0.339124
3.405411 0.276820 -0.050899 0.035384 -0.489355 -0.535959 -0.605686 0.326226
3.407215 0.276820 -0.050899 0.035384 -0.495214 -0.530551 -0.609233 0.319552
3.409018 0.276820 -0.050899 0.035384 -0.495214 -0.530551 -0.609233 0.319552
3.410822 0.276820 -0.050899 0.035272 -0.495214 -0.530551 -0.609233 0.319552
3.412626 0.276932 -0.050899 0.035272 -0.501013 -0.525078 -0.612707 0.312840
3.414429 0.276932 -0.050899 0.035272 -0.501013 -0.525078 -0.612707 0.312840
3.416233 0.276932 -0.050899 0.035272 -0.501013 -0.525078 -0.612707 0.312840
3.418037 0.276932 -0.050899 0.035384 -0.506751 -0.519542 -0.616107 0.306090
3.419840 0.276932 -0.050899 0.035384 -0.506751 -0.519542 -0.616107 0.306090
3.421644 0.276932 -0.050899 0.035384 -0.512428 -0.513944 -0.619433 0.299303
3.423447 0.276932 -0.050899 0.035384 -0.512428 -0.513944 -0.619433 0.299303
3.425251 0.276932 -0.050899 0.035384 -0.514799 -0.515093 -0.617062 0.298153
3.427055 0.276932 -0.050899 0.035384 -0.519102 -0.508906 -0.614830 0.305829
3.428858 0.276932 -0.050899 0.035384 -0.524662 -0.503172 -0.618153 0.299056
3.430662 0.276932 -0.051011 0.035384 -0.526916 -0.504175 -0.615899 0.298053
3.432466 0.276932 -0.051011 0.035384 -0.526916 -0.504175 -0.615899 0.298053
3.434269 0.276932 -0.051011 0.035384 -0.532423 -0.498356 -0.619137 0.291269
3.436073 0.276932 -0.051011 0.035384 -0.532423 -0.498356 -0.619137 0.291269
3.437877 0.276932 -0.051011 0.035384 -0.537865 -0.492476 -0.622299 0.284450
3.439680 0.276932 -0.051011 0.035384 -0.537865 -0.492476 -0.622299 0.284450
3.441484 0.276932 -0.051011 0.035384 -0.543243 -0.486538 -0.625387 0.277596
3.443288 0.276932 -0.051011 0.035384 -0.547049 -0.480045 -0.623575 0.285392
3.445091 0.276932 -0.051011 0.035384 -0.547049 -0.480045 -0.623575 0.285392
3.446895 0.276932 -0.051011 0.035384 -0.552290 -0.474006 -0.626672 0.278524
3.448699 0.276932 -0.051011 0.035384 -0.552290 -0.474006 -0.626672 0.278524
3.450502 0.276932 -0.051011 0.035384 -0.552290 -0.474006 -0.626672 0.278524
3.452306 0.276932 -0.051011 0.035384 -0.557464 -0.467910 -0.629695 0.271623
3.454110 0.276820 -0.051011 0.035384 -0.557464 -0.467910 -0.629695 0.271623
3.455913 0.276820 -0.051011 0.035384 -0.557464 -0.467910 -0.629695 0.271623
3.457717 0.276820 -0.051011 0.035384 -0.562571 -0.461757 -0.632641 0.264688
3.459521 0.276820 -0.051011 0.035384 -0.562571 -0.461757 -0.632641 0.264688
3.461324 0.276820 -0.051011 0.035384 -0.562571 -0.461757 -0.632641 0.264688
3.463128 0.276820 -0.051011 0.035384 -0.562571 -0.461757 -0.632641 0.264688
3.464932 0.276820 -0.051011 0.035384 -0.566093 -0.455087 -0.631010 0.272508
3.466735 0.276820 -0.051011 0.035384 -0.571058 -0.448841 -0.633966 0.265559
3.468539 0.276820 -0.051011 0.035384 -0.571058 -0.448841 -0.633966 0.265559
3.470342 0.276820 -0.051011 0.035384 -0.571058 -0.448841 -0.633966 0.265559
3.472146 0.276820 -0.051011 0.035384 -0.571058 -0.448841 -0.633966 0.265559
3.473950 0.276820 -0.051011 0.035384 -0.571058 -0.448841 -0.633966 0.265559
3.475753 0.276709 -0.051011 0.035384 -0.575955 -0.442540 -0.636845 0.258578
3.477557 0.276709 -0.051011 0.035384 -0.578761 -0.435517 -0.641669 0.252235
3.479361 0.276709 -0.051011 0.035384 -0.578761 -0.435517 -0.641669 0.252235
3.481164 0.276709 -0.051011 0.035384 -0.582151 -0.428735 -0.640059 0.260021
3.482968 0.276709 -0.051011 0.035384 -0.582151 -0.428735 -0.640059 0.260021
3.484772 0.276709 -0.051011 0.035384 -0.589570 -0.415225 -0.647478 0.246511
3.486575 0.276709 -0.051011 0.035384 -0.589570 -0.415225 -0.647478 0.246511
3.488379 0.276709 -0.051011 0.035384 -0.592243 -0.408087 -0.652000 0.240019
3.490183 0.276709 -0.051011 0.035384 -0.592243 -0.408087 -0.652000 0.240019
3.491986 0.276820 -0.051011 0.035384 -0.594844 -0.400899 -0.656444 0.233498
3.493790 0.276820 -0.051011 0.035384 -0.591273 -0.407664 -0.658192 0.225809
3.495594 0.276820 -0.051011 0.035384 -0.593718 -0.400409 -0.662631 0.219300
3.497397 0.276820 -0.051011 0.035384 -0.600374 -0.386532 -0.669287 0.205423
3.499201 0.276820 -0.051011 0.035384 -0.604039 -0.379767 -0.667475 0.213053
3.501005 0.276820 -0.051011 0.035384 -0.606343 -0.372411 -0.671607 0.206404
3.502808 0.276820 -0.051011 0.035384 -0.608574 -0.365010 -0.675658 0.199730
3.504612 0.276932 -0.051011 0.035384 -0.608574 -0.365010 -0.675658 0.199730
3.506416 0.276932 -0.051011 0.035384 -0.610732 -0.357565 -0.679627 0.193032
3.508219 0.276932 -0.051122 0.035384 -0.610732 -0.357565 -0.679627 0.193032
3.510023 0.276932 -0.051122 0.035384 -0.612815 -0.350077 -0.683514 0.186311
3.511826 0.276932 -0.051122 0.035384 -0.616738 -0.343355 -0.681324 0.193749
3.513630 0.276932 -0.051122 0.035384 -0.622482 -0.329031 -0.687068 0.179425
3.515434 0.276932 -0.051122 0.035496 -0.624415 -0.321463 -0.690641 0.172575
3.517237 0.276932 -0.051122 0.035496 -0.624415 -0.321463 -0.690641 0.172575
3.519041 0.276932 -0.051122 0.035496 -0.626274 -0.313856 -0.694131 0.165705
3.520845 0.276932 -0.051122 0.035496 -0.632153 -0.299509 -0.695049 0.166081
3.522648 0.276932 -0.051122 0.035496 -0.632153 -0.299509 -0.695049 0.166081
3.524452 0.276932 -0.051122 0.035496 -0.633940 -0.291855 -0.698298 0.159127
3.526256 0.276932 -0.051122 0.035496 -0.631394 -0.290812 -0.704096 0.144977
3.528059 0.276932 -0.051122 0.035384 -0.632949 -0.283059 -0.707249 0.138032
3.529863 0.276932 -0.051122 0.035384 -0.634427 -0.275272 -0.710316 0.131070
3.531667 0.276932 -0.051122 0.035384 -0.635829 -0.267452 -0.713297 0.124092
3.533470 0.276932 -0.051234 0.035384 -0.632510 -0.266092 -0.719030 0.110104
3.535274 0.276932 -0.051234 0.035384 -0.633681 -0.258176 -0.721910 0.103149
3.537078 0.276932 -0.051234 0.035384 -0.634776 -0.250230 -0.724702 0.096181
3.538881 0.276932 -0.051234 0.035384 -0.638418 -0.235253 -0.728344 0.081205
3.540685 0.276932 -0.051234 0.035272 -0.634318 -0.233626 -0.733841 0.067359
3.542489 0.276932 -0.051234 0.035272 -0.635645 -0.217446 -0.738797 0.053406
3.544292 0.276932 -0.051234 0.035272 -0.636193 -0.209316 -0.741141 0.046420
3.546096 0.276932 -0.051234 0.035272 -0.636193 -0.209316 -0.741141 0.046420
3.547900 0.276932 -0.051234 0.035272 -0.638836 -0.194155 -0.743784 0.031258
3.549703 0.276932 -0.051234 0.035272 -0.639141 -0.185972 -0.745873 0.024238
3.551507 0.276932 -0.051234 0.035272 -0.639369 -0.177766 -0.747871 0.017215
3.553311 0.276932 -0.051234 0.035272 -0.639519 -0.169539 -0.749778 0.010190
3.555114 0.276932 -0.051234 0.035272 -0.639593 -0.161292 -0.751596 0.003163
3.556918 0.276932 -0.051346 0.035272 -0.641231 -0.145989 -0.753234 -0.012140
3.558721 0.276932 -0.051346 0.035272 -0.641059 -0.137706 -0.754793 -0.019183
3.560525 0.276932 -0.051346 0.035272 -0.641059 -0.137706 -0.754793 -0.019183
3.562329 0.276932 -0.051346 0.035272 -0.640810 -0.129405 -0.756260 -0.026225
3.564132 0.276932 -0.051346 0.035272 -0.634730 -0.127144 -0.761180 -0.039458
3.565936 0.276932 -0.051346 0.035272 -0.634258 -0.118774 -0.762531 -0.046428
3.567740 0.276932 -0.051346 0.035272 -0.633710 -0.110390 -0.763790 -0.053394
3.569543 0.276932 -0.051346 0.035272 -0.633085 -0.101992 -0.764957 -0.060352
3.571347 0.276932 -0.051346 0.035272 -0.626287 -0.099465 -0.769746 -0.073231
3.573151 0.276932 -0.051346 0.035272 -0.626287 -0.099465 -0.769746 -0.073231
3.574954 0.276932 -0.051346 0.035272 -0.625445 -0.091002 -0.770792 -0.080107
3.576758 0.277044 -0.051346 0.035272 -0.625445 -0.091002 -0.770792 -0.080107
3.578562 0.277044 -0.051346 0.035272 -0.623583 -0.089385 -0.772654 -0.078490
3.580365 0.277044 -0.051346 0.035272 -0.617219 -0.095105 -0.776467 -0.084230
3.582169 0.277044 -0.051234 0.035272 -0.616257 -0.086569 -0.777465 -0.091006
3.583973 0.277044 -0.051234 0.035272 -0.616257 -0.086569 -0.777465 -0.091006
3.585776 0.277044 -0.051234 0.035272 -0.616257 -0.086569 -0.777465 -0.091006
3.587580 0.277044 -0.051234 0.035272 -0.608706 -0.098929 -0.782261 -0.088076
3.589384 0.277044 -0.051234 0.035272 -0.608706 -0.098929 -0.782261 -0.088076
3.591187 0.277044 -0.051234 0.035272 -0.607702 -0.090329 -0.783301 -0.094758
3.592991 0.277044 -0.051234 0.035272 -0.607702 -0.090329 -0.783301 -0.094758
3.594795 0.277155 -0.051234 0.035272 -0.607702 -0.090329 -0.783301 -0.094758
3.596598 0.277155 -0.051234 0.035272 -0.601005 -0.095871 -0.787111 -0.100291
3.598402 0.277155 -0.051234 0.035272 -0.599867 -0.087218 -0.788117 -0.106887
3.600205 0.277155 -0.051234 0.035272 -0.599867 -0.087218 -0.788117 -0.106887
3.602009 0.277155 -0.051234 0.035272 -0.599867 -0.087218 -0.788117 -0.106887
3.603813 0.277155 -0.051234 0.035272 -0.598656 -0.078555 -0.789028 -0.113471
3.605616 0.277155 -0.051234 0.035272 -0.598656 -0.078555 -0.789028 -0.113471
3.607420 0.277155 -0.051234 0.035272 -0.597373 -0.069882 -0.789843 -0.120041
3.609224 0.277155 -0.051234 0.035161 -0.589563 -0.081769 -0.795067 -0.116608
3.611027 0.277155 -0.051234 0.035161 -0.588246 -0.073029 -0.795918 -0.123078
3.612831 0.277155 -0.051234 0.035161 -0.588246 -0.073029 -0.795918 -0.123078
3.614635 0.277155 -0.051234 0.035161 -0.586117 -0.070724 -0.798047 -0.120773
3.616438 0.277155 -0.051122 0.035161 -0.586117 -0.070724 -0.798047 -0.120773
3.618242 0.277155 -0.051122 0.035161 -0.584039 -0.068373 -0.800125 -0.118422
3.620046 0.277155 -0.051122 0.035161 -0.591327 -0.063336 -0.795889 -0.113496
3.621849 0.277155 -0.051122 0.035161 -0.589409 -0.061068 -0.797807 -0.111227
3.623653 0.277155 -0.051122 0.035161 -0.589409 -0.061068 -0.797807 -0.111227
3.625457 0.277155 -0.051122 0.035272 -0.588703 -0.067540 -0.798981 -0.102456
3.627260 0.277155 -0.051122 0.035272 -0.587542 -0.058758 -0.799675 -0.108917
3.629064 0.277155 -0.051011 0.035272 -0.594344 -0.060505 -0.796226 -0.095494
3.630868 0.277155 -0.051011 0.035272 -0.594344 -0.060505 -0.796226 -0.095494
3.632671 0.277155 -0.051011 0.035272 -0.594344 -0.060505 -0.796226 -0.095494
3.634475 0.277155 -0.051011 0.035272 -0.600721 -0.047095 -0.792098 -0.097457
3.636279 0.277155 -0.051011 0.035272 -0.600167 -0.053692 -0.793121 -0.088749
3.638082 0.277155 -0.051011 0.035384 -0.607607 -0.049109 -0.788230 -0.084230
3.639886 0.277155 -0.051011 0.035384 -0.607607 -0.049109 -0.788230 -0.084230
3.641690 0.277155 -0.051011 0.035384 -0.607031 -0.055781 -0.789108 -0.075566
3.643493 0.277155 -0.051011 0.035384 -0.614448 -0.051273 -0.784074 -0.071091
3.645297 0.277155 -0.051011 0.035384 -0.614448 -0.051273 -0.784074 -0.071091
3.647100 0.277155 -0.051011 0.035384 -0.613847 -0.058020 -0.784807 -0.062473
3.648904 0.277155 -0.050899 0.035384 -0.621239 -0.053587 -0.779629 -0.058047
3.650708 0.277155 -0.050899 0.035496 -0.620032 -0.051834 -0.780836 -0.056293
3.652511 0.277155 -0.050899 0.035496 -0.619425 -0.058642 -0.781407 -0.047712
3.654315 0.277155 -0.050788 0.035496 -0.618743 -0.065444 -0.781884 -0.039124
3.656119 0.277155 -0.050788 0.035496 -0.617156 -0.079022 -0.782555 -0.021936
3.657922 0.277155 -0.050788 0.035496 -0.616251 -0.085798 -0.782749 -0.013337
3.659726 0.277267 -0.050676 0.035496 -0.614217 -0.099317 -0.782853 0.003863
3.661530 0.277267 -0.050676 0.035496 -0.611886 -0.112787 -0.782579 0.021062
3.663333 0.277267 -0.050564 0.035496 -0.615751 -0.129601 -0.775574 0.050390
3.665137 0.277378 -0.050564 0.035496 -0.611146 -0.149822 -0.773492 0.075920
3.666941 0.277378 -0.050453 0.035496 -0.605877 -0.169879 -0.770570 0.101368
3.668744 0.277378 -0.050453 0.035496 -0.601306 -0.181317 -0.768850 0.120107
3.670548 0.277490 -0.050341 0.035496 -0.601018 -0.205474 -0.756384 0.156334
3.672352 0.277490 -0.050341 0.035496 -0.591895 -0.233403 -0.748303 0.187689
3.674155 0.277602 -0.050341 0.035496 -0.589371 -0.257632 -0.732637 0.222511
3.675959 0.277602 -0.050341 0.035496 -0.585775 -0.282060 -0.715282 0.256284
3.677763 0.277602 -0.050341 0.035496 -0.577876 -0.314265 -0.692892 0.295291
3.679566 0.277713 -0.050341 0.035496 -0.575416 -0.332405 -0.675636 0.319247
3.681370 0.277713 -0.050341 0.035496 -0.564468 -0.363173 -0.649801 0.356708
3.683174 0.277825 -0.050453 0.035496 -0.543707 -0.394556 -0.629206 0.390907
3.684977 0.277825 -0.050453 0.035496 -0.521223 -0.424753 -0.606796 0.423923
3.686781 0.277825 -0.050341 0.035496 -0.500146 -0.459647 -0.570168 0.462046
3.688584 0.277825 -0.050341 0.035607 -0.476695 -0.493206 -0.531070 0.497467
3.690388 0.277937 -0.050341 0.035607 -0.450970 -0.525267 -0.489693 0.530020
3.692192 0.278048 -0.050341 0.035607 -0.423081 -0.555673 -0.446238 0.559555
3.693995 0.278048 -0.050341 0.035607 -0.384258 -0.576220 -0.422323 0.584773
3.695799 0.278160 -0.050341 0.035719 -0.338731 -0.604450 -0.376269 0.615080
3.697603 0.278271 -0.050229 0.035719 -0.298041 -0.625855 -0.335075 0.638123
3.699406 0.278271 -0.050229 0.035719 -0.256012 -0.644527 -0.292471 0.658410
3.701210 0.278383 -0.050118 0.035719 -0.213001 -0.659990 -0.248466 0.676245
3.703014 0.278495 -0.050006 0.035830 -0.183362 -0.674473 -0.204138 0.685414
3.704817 0.278606 -0.050006 0.035830 -0.138536 -0.685087 -0.158546 0.697372
3.706621 0.278606 -0.049895 0.035830 -0.100713 -0.691659 -0.120019 0.705025
3.708425 0.278718 -0.049895 0.035830 -0.064026 -0.690549 -0.095096 0.714143
3.710228 0.278829 -0.049895 0.035830 -0.033628 -0.692695 -0.063631 0.717631
3.712032 0.278941 -0.049783 0.035830 -0.003164 -0.693503 -0.032043 0.719734
3.713836 0.278941 -0.049783 0.035830 0.011775 -0.693098 -0.015924 0.720572
3.715639 0.279053 -0.049783 0.035830 0.026688 -0.692377 0.000223 0.721042
3.717443 0.279053 -0.049783 0.035830 0.049490 -0.691122 0.023984 0.720643
3.719247 0.279164 -0.049783 0.035830 0.064329 -0.689598 0.040144 0.720211
3.721050 0.279164 -0.049783 0.035830 0.079465 -0.688019 0.055958 0.719155
3.722854 0.279276 -0.049783 0.035830 0.086671 -0.686853 0.064203 0.718748
3.724658 0.279276 -0.049783 0.035830 0.106038 -0.678084 0.075615 0.723353
3.726461 0.279388 -0.049783 0.035719 0.112977 -0.676555 0.084062 0.722802
3.728265 0.279388 -0.049783 0.035719 0.116386 -0.669235 0.080557 0.729444
3.730069 0.279388 -0.049783 0.035719 0.134812 -0.659343 0.092676 0.733828
3.731872 0.279499 -0.049783 0.035719 0.152840 -0.648889 0.105016 0.737940
3.733676 0.279499 -0.049783 0.035607 0.170451 -0.637887 0.117567 0.741771
3.735479 0.279499 -0.049783 0.035607 0.187629 -0.626351 0.130324 0.745316
3.737283 0.279611 -0.049783 0.035607 0.201345 -0.622077 0.146668 0.742273
3.739087 0.279722 -0.049895 0.035607 0.224489 -0.607229 0.167867 0.743437
3.740890 0.279722 -0.049895 0.035607 0.246839 -0.591467 0.189282 0.743915
3.742694 0.279834 -0.049895 0.035496 0.276514 -0.572479 0.217191 0.740700
3.744498 0.279946 -0.049783 0.035496 0.297159 -0.554768 0.238770 0.739539
3.746301 0.280057 -0.049783 0.035496 0.321243 -0.541178 0.271028 0.728336
3.748105 0.280169 -0.049783 0.035496 0.358277 -0.519280 0.316332 0.708463
3.749909 0.280281 -0.049783 0.035496 0.380743 -0.503040 0.347150 0.693882
3.751712 0.280392 -0.049783 0.035496 0.408077 -0.472829 0.383182 0.680498
3.753516 0.280504 -0.049671 0.035496 0.433422 -0.449711 0.419966 0.658433
3.755320 0.280615 -0.049671 0.035496 0.464401 -0.420207 0.460127 0.629318
3.757123 0.280727 -0.049671 0.035496 0.492205 -0.397165 0.501016 0.590742
3.758927 0.280839 -0.049560 0.035496 0.514804 -0.377884 0.532686 0.555361
3.760731 0.280839 -0.049560 0.035496 0.538577 -0.343153 0.568111 0.519067
3.762534 0.280950 -0.049448 0.035496 0.560011 -0.306932 0.601068 0.480518
3.764338 0.280950 -0.049448 0.035496 0.567943 -0.274692 0.624869 0.459918
3.766142 0.281062 -0.049337 0.035384 0.584803 -0.236685 0.653807 0.417759
3.767945 0.281062 -0.049337 0.035384 0.592782 -0.196733 0.677880 0.387794
3.769749 0.281174 -0.049225 0.035384 0.598078 -0.156622 0.700545 0.356383
3.771553 0.281174 -0.049113 0.035272 0.597107 -0.124452 0.720388 0.330176
3.773356 0.281174 -0.049113 0.035272 0.604008 -0.084850 0.740572 0.282007
3.775160 0.281174 -0.049002 0.035272 0.604775 -0.030259 0.761346 0.231699
3.776963 0.281285 -0.048890 0.035161 0.599086 0.008945 0.776496 0.195116
3.778767 0.281285 -0.048778 0.035161 0.583346 0.059403 0.795250 0.154130
3.780571 0.281397 -0.048778 0.035049 0.564492 0.101537 0.810283 0.120335
3.782374 0.281397 -0.048667 0.035049 0.558066 0.132376 0.815668 0.075665
3.784178 0.281508 -0.048667 0.035049 0.541985 0.167048 0.822859 0.035356
3.785982 0.281508 -0.048555 0.035161 0.529565 0.211419 0.821128 -0.024742
3.787785 0.281620 -0.048444 0.035161 0.513592 0.254811 0.814964 -0.084424
3.789589 0.281732 -0.048332 0.035161 0.485566 0.299656 0.809320 -0.139399
3.791393 0.281843 -0.048332 0.035161 0.464773 0.330990 0.798381 -0.192406
3.793196 0.281955 -0.048220 0.035161 0.439248 0.369477 0.779961 -0.249419
3.795000 0.282066 -0.048220 0.035272 0.415068 0.401418 0.760726 -0.296443
3.796804 0.282066 -0.048220 0.035272 0.392797 0.435315 0.729085 -0.353052
3.798607 0.282178 -0.048109 0.035384 0.367699 0.467749 0.693169 -0.406847
3.800411 0.282290 -0.048109 0.035384 0.331108 0.498228 0.659431 -0.455288
3.802215 0.282290 -0.047997 0.035384 0.300807 0.526584 0.615910 -0.502870
3.804018 0.282401 -0.047997 0.035496 0.259493 0.551610 0.575423 -0.545232
3.805822 0.282513 -0.047885 0.035496 0.222595 0.567505 0.538259 -0.581951
3.807626 0.282513 -0.047885 0.035496 0.177950 0.586379 0.492345 -0.618135
3.809429 0.282513 -0.047885 0.035496 0.145487 0.595265 0.457664 -0.644234
3.811233 0.282513 -0.047774 0.035496 0.099324 0.604683 0.406816 -0.677492
3.813037 0.282513 -0.047774 0.035384 0.051507 0.605996 0.367991 -0.703348
3.814840 0.282513 -0.047662 0.035384 -0.002650 0.603587 0.319454 -0.730496
3.816644 0.282513 -0.047551 0.035384 -0.054310 0.592843 0.267077 -0.757798
3.818448 0.282625 -0.047439 0.035272 -0.104210 0.572498 0.226802 -0.780991
3.820251 0.282625 -0.047439 0.035272 -0.157093 0.545781 0.175216 -0.804204
3.822055 0.282625 -0.047327 0.035161 -0.205823 0.513752 0.120783 -0.824079
3.823858 0.282736 -0.047216 0.035049 -0.244959 0.468023 0.073990 -0.845858
3.825662 0.282736 -0.047104 0.035049 -0.287493 0.424142 0.004266 -0.858739
3.827466 0.282848 -0.046992 0.035049 -0.337018 0.371732 -0.081363 -0.861171
3.829269 0.282848 -0.046881 0.035049 -0.374809 0.317773 -0.158092 -0.856473
3.831073 0.283071 -0.046658 0.034937 -0.398575 0.258233 -0.241090 -0.846362
3.832877 0.283183 -0.046658 0.034937 -0.411277 0.201781 -0.315007 -0.831208
3.834680 0.283406 -0.046546 0.034937 -0.423673 0.145670 -0.381264 -0.808653
3.836484 0.283518 -0.046434 0.034937 -0.424601 0.098745 -0.455767 -0.776041
3.838288 0.283741 -0.046434 0.034937 -0.427832 0.051951 -0.520143 -0.737369
3.840091 0.283852 -0.046323 0.034937 -0.430740 0.014196 -0.582859 -0.688866
3.841895 0.284076 -0.046211 0.035049 -0.424556 -0.036670 -0.646791 -0.632510
3.843699 0.284187 -0.046100 0.035161 -0.432891 -0.068974 -0.693629 -0.571600
3.845502 0.284411 -0.046100 0.035272 -0.438490 -0.102764 -0.734914 -0.507018
3.847306 0.284634 -0.045988 0.035384 -0.434873 -0.134103 -0.776642 -0.435579
3.849110 0.284745 -0.045988 0.035384 -0.422519 -0.148986 -0.801071 -0.396947
3.850913 0.284969 -0.045876 0.035272 -0.400026 -0.173250 -0.828035 -0.352592
3.852717 0.285080 -0.045765 0.035384 -0.384456 -0.189879 -0.851600 -0.301525
3.854521 0.285192 -0.045653 0.035384 -0.382112 -0.205882 -0.865579 -0.249754
3.856324 0.285304 -0.045541 0.035496 -0.376636 -0.226338 -0.878455 -0.187707
3.858128 0.285415 -0.045318 0.035607 -0.371393 -0.256684 -0.884050 -0.120980
3.859932 0.285527 -0.045207 0.035607 -0.358835 -0.262974 -0.891454 -0.085973
3.861735 0.285527 -0.045207 0.035607 -0.359323 -0.271635 -0.891270 -0.052335
3.863539 0.285638 -0.045095 0.035607 -0.346878 -0.277334 -0.895810 -0.016942
3.865342 0.285638 -0.044983 0.035607 -0.337550 -0.288614 -0.895881 0.012587
3.867146 0.285750 -0.044872 0.035607 -0.318592 -0.291641 -0.901240 0.034798
3.868950 0.285750 -0.044760 0.035607 -0.309499 -0.292080 -0.902867 0.061081
3.870753 0.285862 -0.044760 0.035607 -0.311896 -0.307318 -0.894749 0.087755
3.872557 0.285862 -0.044648 0.035719 -0.305069 -0.314096 -0.892605 0.107393
3.874361 0.285862 -0.044648 0.035719 -0.306456 -0.329461 -0.882983 0.133721
3.876164 0.285862 -0.044648 0.035830 -0.302818 -0.332808 -0.881461 0.143414
3.877968 0.285862 -0.044648 0.035830 -0.302818 -0.332808 -0.881461 0.143414
3.879772 0.285862 -0.044648 0.035830 -0.312566 -0.331855 -0.877847 0.146834
3.881575 0.285973 -0.044648 0.035830 -0.308902 -0.335268 -0.876181 0.156469
3.883379 0.285973 -0.044648 0.035830 -0.318623 -0.334382 -0.872424 0.159830
3.885183 0.285862 -0.044648 0.035830 -0.313050 -0.347406 -0.866851 0.172855
3.886986 0.285862 -0.044648 0.035942 -0.313050 -0.347406 -0.866851 0.172855
3.888790 0.285862 -0.044648 0.035942 -0.316819 -0.359505 -0.857075 0.189223
3.890594 0.285862 -0.044648 0.035942 -0.316819 -0.359505 -0.857075 0.189223
3.892397 0.285862 -0.044648 0.035942 -0.314721 -0.368899 -0.853073 0.192692
3.894201 0.285862 -0.044648 0.035942 -0.310649 -0.372334 -0.850905 0.202052
3.896005 0.285862 -0.044648 0.035942 -0.310649 -0.372334 -0.850905 0.202052
3.897808 0.285862 -0.044537 0.035942 -0.306540 -0.375725 -0.848634 0.211388
3.899612 0.285862 -0.044537 0.035942 -0.299951 -0.388344 -0.842045 0.224007
3.901416 0.285862 -0.044537 0.035942 -0.299951 -0.388344 -0.842045 0.224007
3.903219 0.285862 -0.044537 0.035942 -0.295666 -0.391616 -0.839533 0.233245
3.905023 0.285862 -0.044537 0.035942 -0.291346 -0.394840 -0.836920 0.242454
3.906827 0.285862 -0.044425 0.035942 -0.286991 -0.398017 -0.834206 0.251634
3.908630 0.285862 -0.044425 0.035942 -0.273013 -0.401296 -0.835562 0.257414
3.910434 0.285973 -0.044425 0.035830 -0.273013 -0.401296 -0.835562 0.257414
3.912237 0.285973 -0.044425 0.035830 -0.258966 -0.404267 -0.836790 0.263223
3.914041 0.285973 -0.044314 0.035830 -0.253099 -0.400707 -0.835258 0.278781
3.915845 0.285973 -0.044314 0.035830 -0.248682 -0.403464 -0.832145 0.287940
3.917648 0.285973 -0.044314 0.035719 -0.234559 -0.405649 -0.833077 0.293963
3.919452 0.286085 -0.044314 0.035719 -0.233404 -0.399061 -0.834231 0.300552
3.921256 0.286085 -0.044202 0.035719 -0.219284 -0.400771 -0.834983 0.306758
3.923059 0.286085 -0.044202 0.035607 -0.218325 -0.393996 -0.835942 0.313533
3.924863 0.286085 -0.044202 0.035607 -0.204225 -0.395234 -0.836502 0.319916
3.926667 0.286196 -0.044202 0.035607 -0.199871 -0.397454 -0.832937 0.329086
3.928470 0.286196 -0.044202 0.035607 -0.199196 -0.390491 -0.833612 0.336049
3.930274 0.286196 -0.044202 0.035607 -0.194894 -0.392656 -0.829869 0.345187
3.932078 0.286196 -0.044090 0.035496 -0.190569 -0.394774 -0.826027 0.354283
3.933881 0.286308 -0.044090 0.035496 -0.180443 -0.385979 -0.830460 0.358883
3.935685 0.286308 -0.044090 0.035496 -0.176192 -0.387938 -0.826467 0.367985
3.937489 0.286308 -0.044090 0.035496 -0.171919 -0.389850 -0.822374 0.377043
3.939292 0.286308 -0.044090 0.035496 -0.171919 -0.389850 -0.822374 0.377043
3.941096 0.286308 -0.044090 0.035496 -0.177319 -0.393845 -0.814042 0.388305
3.942900 0.286420 -0.044090 0.035496 -0.172981 -0.395769 -0.809726 0.397225
3.944703 0.286420 -0.044090 0.035496 -0.168623 -0.397646 -0.805314 0.406096
3.946507 0.286420 -0.044090 0.035496 -0.154627 -0.397026 -0.805017 0.412806
3.948311 0.286420 -0.044090 0.035496 -0.150255 -0.398701 -0.800433 0.421626
3.950114 0.286420 -0.044090 0.035496 -0.145866 -0.400328 -0.795753 0.430394
3.951918 0.286420 -0.044090 0.035496 -0.137035 -0.403436 -0.786104 0.447773
3.953721 0.286531 -0.043979 0.035384 -0.132595 -0.404917 -0.781138 0.456382
3.955525 0.286531 -0.043979 0.035384 -0.118458 -0.416177 -0.766396 0.474765
3.957329 0.286531 -0.043867 0.035384 -0.109286 -0.418679 -0.755780 0.491488
3.959132 0.286643 -0.043867 0.035384 -0.090814 -0.417388 -0.749185 0.506223
3.960936 0.286643 -0.043755 0.035384 -0.081622 -0.419282 -0.737882 0.522561
3.962740 0.286755 -0.043755 0.035384 -0.072390 -0.420974 -0.726223 0.538647
3.964543 0.286755 -0.043644 0.035384 -0.057028 -0.430284 -0.709529 0.555132
3.966347 0.286866 -0.043532 0.035384 -0.047561 -0.431433 -0.697161 0.570587
3.968151 0.286866 -0.043532 0.035384 -0.038070 -0.432374 -0.684456 0.585767
3.969954 0.286978 -0.043532 0.035384 -0.021961 -0.440456 -0.666623 0.600941
3.971758 0.287089 -0.043421 0.035384 -0.012278 -0.440833 -0.653258 0.615442
3.973562 0.287089 -0.043421 0.035384 -0.002590 -0.440996 -0.639579 0.629647
3.975365 0.287201 -0.043309 0.035384 0.007100 -0.440946 -0.625591 0.643547
3.977169 0.287313 -0.043309 0.035384 0.003662 -0.446168 -0.613711 0.651368
3.978973 0.287313 -0.043309 0.035496 0.007579 -0.458046 -0.596665 0.658883
3.980776 0.287313 -0.043309 0.035496 0.012611 -0.457935 -0.589391 0.665398
3.982580 0.287424 -0.043421 0.035496 0.009544 -0.463202 -0.577041 0.672589
3.984384 0.287424 -0.043421 0.035496 0.014632 -0.463069 -0.569617 0.678888
3.986187 0.287424 -0.043421 0.035496 0.019719 -0.462881 -0.562124 0.685105
3.987991 0.287424 -0.043421 0.035496 0.011740 -0.468435 -0.557036 0.685669
3.989795 0.287424 -0.043421 0.035607 0.016886 -0.468277 -0.549470 0.691747
3.991598 0.287424 -0.043421 0.035607 0.014173 -0.473735 -0.536673 0.698109
3.993402 0.287424 -0.043309 0.035607 0.021841 -0.479602 -0.531436 0.697912
3.995206 0.287424 -0.043309 0.035607 0.027109 -0.479333 -0.523736 0.703708
3.997009 0.287424 -0.043309 0.035607 0.032373 -0.479007 -0.515974 0.709419
3.998813 0.287424 -0.043309 0.035607 0.058399 -0.477751 -0.500285 0.719762
4.000616 0.287424 -0.043197 0.035607 0.063644 -0.477081 -0.492348 0.725215
4.002420 0.287424 -0.043197 0.035607 0.068881 -0.476353 -0.484351 0.730580
4.004224 0.287536 -0.043086 0.035607 0.094784 -0.473616 -0.468266 0.739886
4.006027 0.287536 -0.043086 0.035607 0.099982 -0.472546 -0.460109 0.744986
4.007831 0.287536 -0.042974 0.035607 0.118627 -0.475081 -0.438437 0.753657
4.009635 0.287536 -0.042862 0.035607 0.129036 -0.472360 -0.421773 0.763108
4.011438 0.287648 -0.042862 0.035607 0.154659 -0.467126 -0.405152 0.770536
4.013242 0.287648 -0.042751 0.035607 0.164885 -0.463615 -0.388125 0.779252
4.015046 0.287648 -0.042639 0.035607 0.183673 -0.463927 -0.365836 0.785621
4.016849 0.287759 -0.042528 0.035607 0.193822 -0.459780 -0.348487 0.793469
4.018653 0.287759 -0.042528 0.035607 0.203877 -0.455411 -0.330969 0.800934
4.020457 0.287759 -0.042416 0.035607 0.222697 -0.454236 -0.308321 0.805614
4.022260 0.287871 -0.042304 0.035607 0.231753 -0.454136 -0.276055 0.814767
4.024064 0.287871 -0.042193 0.035607 0.250676 -0.451742 -0.253140 0.817931
4.025868 0.287982 -0.042081 0.035607 0.269570 -0.448682 -0.230193 0.820383
4.027671 0.287982 -0.041970 0.035607 0.278954 -0.447287 -0.197347 0.826543
4.029475 0.288094 -0.041970 0.035607 0.297823 -0.442992 -0.174283 0.827457
4.031279 0.288094 -0.041858 0.035607 0.302524 -0.444182 -0.150317 0.829811
4.033082 0.288094 -0.041746 0.035607 0.316501 -0.446683 -0.121418 0.827985
4.034886 0.288206 -0.041746 0.035607 0.335342 -0.440729 -0.098361 0.826818
4.036690 0.288206 -0.041635 0.035607 0.335526 -0.444888 -0.083407 0.826160
4.038493 0.288317 -0.041635 0.035607 0.354293 -0.438099 -0.060426 0.823951
4.040297 0.288317 -0.041523 0.035607 0.359084 -0.434180 -0.051370 0.824565
4.042100 0.288317 -0.041523 0.035607 0.363832 -0.430209 -0.042308 0.825079
4.043904 0.288429 -0.041523 0.035496 0.368537 -0.426186 -0.033241 0.825494
4.045708 0.288429 -0.041523 0.035496 0.368537 -0.426186 -0.033241 0.825494
4.047511 0.288541 -0.041411 0.035496 0.377329 -0.414017 -0.030000 0.827836
4.049315 0.288541 -0.041411 0.035384 0.381855 -0.409847 -0.020904 0.828116
4.051119 0.288541 -0.041411 0.035384 0.390930 -0.410051 -0.016400 0.823871
4.052922 0.288652 -0.041300 0.035384 0.395411 -0.405732 -0.007348 0.824001
4.054726 0.288652 -0.041300 0.035384 0.399844 -0.401363 0.001705 0.824032
4.056530 0.288764 -0.041300 0.035384 0.404230 -0.396946 0.010758 0.823964
4.058333 0.288764 -0.041188 0.035384 0.408566 -0.392482 0.019810 0.823796
4.060137 0.288764 -0.041188 0.035384 0.412853 -0.387969 0.028859 0.823528
4.061941 0.288875 -0.041188 0.035384 0.422557 -0.391233 0.047954 0.816139
4.063744 0.288875 -0.041077 0.035384 0.435764 -0.385918 0.061161 0.810824
4.065548 0.288987 -0.041077 0.035496 0.445372 -0.388478 0.080206 0.802680
4.067352 0.288987 -0.040965 0.035496 0.454922 -0.390650 0.099237 0.794097
4.069155 0.289099 -0.040853 0.035607 0.477266 -0.385890 0.131105 0.778535
4.070959 0.289099 -0.040853 0.035607 0.489985 -0.379066 0.143824 0.771711
4.072763 0.289099 -0.040742 0.035719 0.511649 -0.372436 0.175054 0.754230
4.074566 0.289210 -0.040742 0.035719 0.520626 -0.372525 0.193637 0.743423
4.076370 0.289210 -0.040630 0.035830 0.541511 -0.363956 0.224168 0.723913
4.078174 0.289210 -0.040630 0.035830 0.550067 -0.362995 0.242408 0.711968
4.079977 0.289322 -0.040518 0.035942 0.566109 -0.358781 0.264477 0.693433
4.081781 0.289322 -0.040407 0.035942 0.581373 -0.343163 0.283435 0.681109
4.083585 0.289434 -0.040407 0.035942 0.592962 -0.334404 0.308391 0.664428
4.085388 0.289434 -0.040295 0.035942 0.603826 -0.324381 0.319254 0.654406
4.087192 0.289434 -0.040184 0.035942 0.624880 -0.303633 0.340308 0.633657
4.088995 0.289545 -0.040184 0.035942 0.631949 -0.300125 0.357047 0.618936
4.090799 0.289545 -0.040072 0.035942 0.641926 -0.289150 0.367024 0.607961
4.092603 0.289545 -0.040072 0.035942 0.654674 -0.270782 0.383291 0.592594
4.094406 0.289657 -0.039960 0.035942 0.661022 -0.266368 0.399217 0.576822
4.096210 0.289657 -0.039960 0.035942 0.670157 -0.254619 0.408352 0.565073
4.098014 0.289657 -0.039849 0.035942 0.681657 -0.235198 0.423278 0.548509
4.099817 0.289768 -0.039849 0.035942 0.690133 -0.222965 0.431754 0.536276
4.101621 0.289768 -0.039737 0.035942 0.695436 -0.217487 0.446541 0.519297
4.103425 0.289768 -0.039737 0.035942 0.708916 -0.199847 0.456721 0.498905
4.105228 0.289880 -0.039737 0.035942 0.715547 -0.185868 0.476167 0.476141
4.107032 0.289880 -0.039625 0.036054 0.722676 -0.172696 0.483296 0.462969
4.108836 0.289880 -0.039625 0.035942 0.731396 -0.160595 0.498512 0.436755
4.110639 0.289880 -0.039625 0.035942 0.737810 -0.147012 0.504925 0.423171
4.112443 0.289992 -0.039514 0.035942 0.745343 -0.125110 0.515506 0.403812
4.114247 0.289992 -0.039514 0.035942 0.751002 -0.111196 0.521165 0.389897
4.116050 0.289992 -0.039514 0.035942 0.760436 -0.091370 0.527551 0.367529
4.117854 0.289992 -0.039514 0.035942 0.763189 -0.075147 0.542923 0.342242
4.119658 0.289992 -0.039402 0.035942 0.771172 -0.054731 0.547985 0.319391
4.121461 0.289992 -0.039402 0.035942 0.775518 -0.031677 0.555252 0.298772
4.123265 0.289992 -0.039291 0.035830 0.779127 -0.008459 0.561809 0.277958
4.125069 0.289992 -0.039291 0.035830 0.784739 0.021148 0.561081 0.262535
4.126872 0.289992 -0.039179 0.035830 0.789392 0.050827 0.565734 0.232857
4.128676 0.290103 -0.039179 0.035830 0.790458 0.074424 0.569930 0.211700
4.130479 0.290103 -0.039179 0.035830 0.790772 0.098078 0.573401 0.190451
4.132283 0.290215 -0.039067 0.035830 0.788947 0.130441 0.577967 0.162794
4.134087 0.290215 -0.039067 0.035830 0.785109 0.147986 0.586015 0.135242
4.135890 0.290215 -0.038956 0.035942 0.781032 0.180251 0.588208 0.107284
4.137694 0.290326 -0.038844 0.035942 0.773376 0.206201 0.595040 0.072791
4.139498 0.290438 -0.038844 0.036054 0.764526 0.231910 0.600227 0.038013
4.141301 0.290438 -0.038733 0.036054 0.754490 0.257317 0.603759 0.003028
4.143105 0.290550 -0.038621 0.036054 0.743276 0.282360 0.605627 -0.032084
4.144909 0.290550 -0.038509 0.036165 0.728251 0.308323 0.608477 -0.065899
4.146712 0.290661 -0.038509 0.036165 0.718458 0.324451 0.607966 -0.094487
4.148516 0.290661 -0.038398 0.036277 0.701781 0.349134 0.607511 -0.128603
4.150320 0.290773 -0.038286 0.036277 0.686543 0.372050 0.602854 -0.163723
4.152123 0.290773 -0.038174 0.036277 0.676588 0.380341 0.602905 -0.184594
4.153927 0.290885 -0.038063 0.036388 0.659844 0.402196 0.595579 -0.219386
4.155731 0.290885 -0.037951 0.036388 0.649360 0.409750 0.593915 -0.240211
4.157534 0.290885 -0.037951 0.036388 0.640201 0.423918 0.588494 -0.253202
4.159338 0.290885 -0.037840 0.036388 0.629470 0.430924 0.585673 -0.273969
4.161142 0.290885 -0.037728 0.036277 0.619851 0.444650 0.579512 -0.286771
4.162945 0.290996 -0.037728 0.036277 0.614928 0.451433 0.576326 -0.293120
4.164749 0.290996 -0.037616 0.036277 0.609932 0.458162 0.573071 -0.299434
4.166553 0.290996 -0.037616 0.036277 0.596255 0.477645 0.561141 -0.318522
4.168356 0.290996 -0.037505 0.036277 0.590971 0.484167 0.557607 -0.324668
4.170160 0.290996 -0.037505 0.036165 0.591784 0.491176 0.555262 -0.316579
4.171964 0.290996 -0.037505 0.036165 0.586352 0.497647 0.551750 -0.322661
4.173767 0.291108 -0.037393 0.036165 0.581438 0.511023 0.545939 -0.320525
4.175571 0.291108 -0.037393 0.036165 0.581438 0.511023 0.545939 -0.320525
4.177374 0.291108 -0.037393 0.036054 0.575788 0.517380 0.542385 -0.326504
4.179178 0.291108 -0.037393 0.036054 0.579692 0.518321 0.545903 -0.311913
4.180982 0.291219 -0.037393 0.036054 0.579692 0.518321 0.545903 -0.311913
4.182785 0.291219 -0.037281 0.035942 0.573963 0.524658 0.542444 -0.317892
4.184589 0.291219 -0.037281 0.035942 0.577535 0.525562 0.546143 -0.303259
4.186393 0.291331 -0.037281 0.035942 0.571727 0.531875 0.542778 -0.309240
4.188196 0.291331 -0.037281 0.035942 0.575090 0.525880 0.548589 -0.302941
4.190000 0.291331 -0.037170 0.035830 0.574968 0.532732 0.546658 -0.294574
4.191804 0.291331 -0.037170 0.035830 0.572348 0.533014 0.549277 -0.294292
4.193607 0.291331 -0.037170 0.035830 0.572348 0.533014 0.549277 -0.294292
4.195411 0.291443 -0.037170 0.035830 0.572348 0.533014 0.549277 -0.294292
4.197215 0.291443 -0.037058 0.035719 0.569723 0.533239 0.551903 -0.294067
4.199018 0.291443 -0.037058 0.035719 0.569723 0.533239 0.551903 -0.294067
4.200822 0.291443 -0.037058 0.035719 0.572919 0.527144 0.557728 -0.287790
4.202626 0.291443 -0.037058 0.035719 0.572919 0.527144 0.557728 -0.287790
4.204429 0.291554 -0.036947 0.035719 0.567718 0.526510 0.555960 -0.302310
4.206233 0.291554 -0.036947 0.035719 0.571005 0.520371 0.561711 -0.296055
4.208037 0.291554 -0.036947 0.035719 0.571005 0.520371 0.561711 -0.296055
4.209840 0.291554 -0.036835 0.035719 0.571654 0.513397 0.562995 -0.304421
4.211644 0.291554 -0.036835 0.035830 0.571654 0.513397 0.562995 -0.304421
4.213448 0.291666 -0.036723 0.035830 0.571654 0.513397 0.562995 -0.304421
4.215251 0.291666 -0.036723 0.035830 0.572233 0.506362 0.564211 -0.312751
4.217055 0.291666 -0.036723 0.035830 0.572233 0.506362 0.564211 -0.312751
4.218858 0.291778 -0.036612 0.035830 0.576236 0.493024 0.570810 -0.314731
4.220662 0.291778 -0.036612 0.035830 0.576236 0.493024 0.570810 -0.314731
4.222466 0.291778 -0.036500 0.035942 0.576236 0.493024 0.570810 -0.314731
4.224269 0.291889 -0.036500 0.035942 0.580281 0.479544 0.577114 -0.316623
4.226073 0.291889 -0.036500 0.035942 0.580281 0.479544 0.577114 -0.316623
4.227877 0.292001 -0.036388 0.035942 0.584367 0.465929 0.583121 -0.318426
4.229680 0.292112 -0.036388 0.035942 0.584367 0.465929 0.583121 -0.318426
4.231484 0.292112 -0.036388 0.035830 0.587830 0.459495 0.588204 -0.311987
4.233288 0.292112 -0.036388 0.035830 0.591974 0.445689 0.593759 -0.313654
4.235091 0.292224 -0.036388 0.035830 0.600172 0.432572 0.601957 -0.300536
4.236895 0.292224 -0.036388 0.035830 0.600172 0.432572 0.601957 -0.300536
4.238699 0.292224 -0.036388 0.035830 0.604214 0.418546 0.607071 -0.302010
4.240502 0.292336 -0.036388 0.035830 0.607496 0.411851 0.611632 -0.295354
4.242306 0.292336 -0.036388 0.035719 0.611984 0.405152 0.614840 -0.288616
4.244110 0.292336 -0.036388 0.035719 0.615117 0.398373 0.619254 -0.281876
4.245913 0.292336 -0.036388 0.035719 0.615117 0.398373 0.619254 -0.281876
4.247717 0.292336 -0.036388 0.035719 0.615916 0.390921 0.619503 -0.289905
4.249521 0.292336 -0.036388 0.035719 0.619064 0.384092 0.623760 -0.283121
4.251324 0.292336 -0.036500 0.035719 0.623246 0.377267 0.626833 -0.276251
4.253128 0.292336 -0.036500 0.035719 0.623246 0.377267 0.626833 -0.276251
4.254932 0.292336 -0.036500 0.035719 0.623246 0.377267 0.626833 -0.276251
4.256735 0.292336 -0.036500 0.035719 0.623246 0.377267 0.626833 -0.276251
4.258539 0.292336 -0.036500 0.035719 0.626243 0.370358 0.630940 -0.269387
4.260343 0.292336 -0.036388 0.035719 0.626243 0.370358 0.630940 -0.269387
4.262146 0.292336 -0.036388 0.035719 0.626243 0.370358 0.630940 -0.269387
4.263950 0.292336 -0.036388 0.035719 0.625351 0.377824 0.630767 -0.261379
4.265753 0.292336 -0.036388 0.035719 0.625351 0.377824 0.630767 -0.261379
4.267557 0.292336 -0.036388 0.035719 0.625351 0.377824 0.630767 -0.261379
4.269361 0.292336 -0.036388 0.035719 0.625351 0.377824 0.630767 -0.261379
4.271164 0.292336 -0.036388 0.035719 0.621162 0.384671 0.627857 -0.268293
4.272968 0.292336 -0.036388 0.035719 0.621162 0.384671 0.627857 -0.268293
4.274772 0.292336 -0.036388 0.035719 0.621162 0.384671 0.627857 -0.268293
4.276575 0.292336 -0.036388 0.035719 0.621162 0.384671 0.627857 -0.268293
4.278379 0.292336 -0.036388 0.035719 0.618177 0.391546 0.623593 -0.275101
4.280183 0.292336 -0.036388 0.035719 0.618177 0.391546 0.623593 -0.275101
4.281986 0.292336 -0.036277 0.035719 0.613838 0.398314 0.620533 -0.281935
4.283790 0.292336 -0.036277 0.035719 0.613838 0.398314 0.620533 -0.281935
4.285594 0.292336 -0.036277 0.035719 0.613838 0.398314 0.620533 -0.281935
4.287397 0.292336 -0.036277 0.035719 0.609425 0.405033 0.617398 -0.288735
4.289201 0.292336 -0.036277 0.035719 0.609425 0.405033 0.617398 -0.288735
4.291005 0.292336 -0.036165 0.035719 0.609425 0.405033 0.617398 -0.288735
4.292808 0.292336 -0.036165 0.035719 0.604939 0.411704 0.614189 -0.295501
4.294612 0.292336 -0.036165 0.035607 0.604939 0.411704 0.614189 -0.295501
4.296416 0.292336 -0.036054 0.035607 0.599093 0.425683 0.611018 -0.294175
4.298219 0.292336 -0.036054 0.035607 0.599093 0.425683 0.611018 -0.294175
4.300023 0.292336 -0.035942 0.035607 0.599093 0.425683 0.611018 -0.294175
4.301827 0.292336 -0.035942 0.035607 0.594381 0.432239 0.607749 -0.300869
4.303630 0.292336 -0.035942 0.035607 0.594381 0.432239 0.607749 -0.300869
4.305434 0.292447 -0.035830 0.035607 0.589596 0.438743 0.604407 -0.307528
4.307238 0.292447 -0.035830 0.035607 0.589596 0.438743 0.604407 -0.307528
4.309041 0.292447 -0.035719 0.035607 0.584741 0.445194 0.600992 -0.314150
4.310845 0.292447 -0.035719 0.035719 0.584741 0.445194 0.600992 -0.314150
4.312648 0.292447 -0.035607 0.035719 0.584741 0.445194 0.600992 -0.314150
4.314452 0.292559 -0.035607 0.035719 0.586268 0.437882 0.600614 -0.322197
4.316256 0.292559 -0.035607 0.035719 0.581422 0.444297 0.597039 -0.328776
4.318059 0.292559 -0.035496 0.035830 0.581422 0.444297 0.597039 -0.328776
4.319863 0.292559 -0.035496 0.035830 0.582959 0.436949 0.596501 -0.336780
4.321667 0.292671 -0.035496 0.035830 0.582959 0.436949 0.596501 -0.336780
4.323470 0.292671 -0.035384 0.035942 0.592790 0.416489 0.604254 -0.331683
4.325274 0.292671 -0.035384 0.035942 0.592790 0.416489 0.604254 -0.331683
4.327078 0.292671 -0.035384 0.035942 0.597887 0.402373 0.608035 -0.333048
4.328881 0.292782 -0.035384 0.035942 0.597887 0.402373 0.608035 -0.333048
4.330685 0.292782 -0.035384 0.035942 0.605820 0.389037 0.615968 -0.319712
4.332489 0.292782 -0.035384 0.036054 0.609296 0.382246 0.620205 -0.313037
4.334292 0.292782 -0.035384 0.035942 0.612698 0.375409 0.624367 -0.306324
4.336096 0.292782 -0.035384 0.035942 0.616026 0.368527 0.628454 -0.299574
4.337900 0.292782 -0.035384 0.035942 0.623216 0.354775 0.635643 -0.285823
4.339703 0.292782 -0.035384 0.035942 0.623216 0.354775 0.635643 -0.285823
4.341507 0.292782 -0.035384 0.035942 0.626318 0.347771 0.639502 -0.278959
4.343311 0.292782 -0.035384 0.035942 0.629345 0.340724 0.643284 -0.272061
4.345114 0.292782 -0.035384 0.035942 0.629345 0.340724 0.643284 -0.272061
4.346918 0.292894 -0.035384 0.035942 0.632296 0.333636 0.646989 -0.265131
4.348722 0.292894 -0.035384 0.035942 0.628592 0.340563 0.644037 -0.272223
4.350525 0.292894 -0.035384 0.035942 0.628592 0.340563 0.644037 -0.272223
4.352329 0.292894 -0.035272 0.035942 0.628592 0.340563 0.644037 -0.272223
4.354132 0.292894 -0.035272 0.035942 0.631545 0.333467 0.647739 -0.265300
4.355936 0.292894 -0.035272 0.035942 0.633649 0.326061 0.646256 -0.272996
4.357740 0.292894 -0.035272 0.035942 0.633649 0.326061 0.646256 -0.272996
4.359543 0.292894 -0.035272 0.035942 0.633649 0.326061 0.646256 -0.272996
4.361347 0.292894 -0.035161 0.035942 0.630029 0.333003 0.643217 -0.280079
4.363151 0.292894 -0.035161 0.035942 0.630029 0.333003 0.643217 -0.280079
4.364954 0.292894 -0.035161 0.035942 0.632138 0.325580 0.641571 -0.287725
4.366758 0.293005 -0.035161 0.035942 0.632138 0.325580 0.641571 -0.287725
4.368562 0.293005 -0.035161 0.035942 0.635676 0.318616 0.644694 -0.280659
4.370365 0.293005 -0.035161 0.035942 0.635676 0.318616 0.644694 -0.280659
4.372169 0.293005 -0.035161 0.035942 0.635676 0.318616 0.644694 -0.280659
4.373973 0.293005 -0.035161 0.035942 0.635676 0.318616 0.644694 -0.280659
4.375776 0.293005 -0.035049 0.035942 0.638721 0.311514 0.648155 -0.273658
4.377580 0.293005 -0.035049 0.035830 0.642105 0.304478 0.651123 -0.266521
4.379384 0.293117 -0.035049 0.035830 0.643464 0.304878 0.655487 -0.251677
4.381187 0.293117 -0.035049 0.035830 0.646190 0.297658 0.658796 -0.244593
4.382991 0.293117 -0.035049 0.035719 0.649421 0.290541 0.661444 -0.237341
4.384795 0.293117 -0.035049 0.035719 0.653031 0.283526 0.668475 -0.215186
4.386598 0.293229 -0.035049 0.035607 0.656237 0.276372 0.675101 -0.192900
4.388402 0.293229 -0.034937 0.035607 0.659233 0.269146 0.677179 -0.185472
4.390206 0.293229 -0.034937 0.035496 0.664066 0.254410 0.682012 -0.170736
4.392009 0.293340 -0.034937 0.035496 0.666457 0.247007 0.687654 -0.148175
4.393813 0.293340 -0.034937 0.035384 0.669130 0.239670 0.689240 -0.140611
4.395617 0.293452 -0.034937 0.035384 0.673144 0.224702 0.693254 -0.125643
4.397420 0.293452 -0.034826 0.035384 0.679792 0.202346 0.694971 -0.118126
4.399224 0.293563 -0.034826 0.035384 0.683147 0.187205 0.698326 -0.102985
4.401027 0.293563 -0.034826 0.035384 0.686873 0.172124 0.698542 -0.103038
4.402831 0.293675 -0.034714 0.035384 0.692957 0.141673 0.701449 -0.087797
4.404635 0.293675 -0.034714 0.035384 0.695309 0.126327 0.703802 -0.072451
4.406438 0.293675 -0.034714 0.035496 0.699212 0.103357 0.704439 -0.064695
4.408242 0.293787 -0.034714 0.035496 0.700889 0.087917 0.706116 -0.049255
4.410046 0.293787 -0.034603 0.035496 0.703694 0.064792 0.706327 -0.041460
4.411849 0.293787 -0.034603 0.035496 0.705190 0.041544 0.707567 -0.018185
4.413653 0.293898 -0.034603 0.035384 0.705662 0.018237 0.708296 0.005095
4.415457 0.293898 -0.034491 0.035384 0.704665 0.002681 0.708615 0.036132
4.417260 0.293898 -0.034491 0.035384 0.702986 -0.012828 0.707911 0.067147
4.419064 0.293898 -0.034379 0.035272 0.701583 -0.036028 0.705912 0.090398
4.420868 0.293898 -0.034268 0.035272 0.698546 -0.051377 0.703339 0.121277
4.422671 0.294010 -0.034268 0.035272 0.694837 -0.066594 0.699752 0.152030
4.424475 0.294010 -0.034156 0.035272 0.692427 -0.074007 0.696014 0.175024
4.426279 0.294010 -0.034044 0.035161 0.687727 -0.088932 0.690584 0.205468
4.428082 0.294122 -0.033933 0.035161 0.684923 -0.096125 0.685258 0.228172
4.429886 0.294233 -0.033821 0.035161 0.683146 -0.095728 0.681899 0.243232
4.431690 0.294233 -0.033710 0.035272 0.680878 -0.110714 0.676390 0.258155
4.433493 0.294345 -0.033598 0.035272 0.678281 -0.125647 0.670555 0.272953
4.435297 0.294345 -0.033486 0.035384 0.678476 -0.133212 0.665900 0.280183
4.437101 0.294456 -0.033375 0.035384 0.679994 -0.141279 0.665849 0.272567
4.438904 0.294456 -0.033263 0.035496 0.676377 -0.164074 0.661346 0.279672
4.440708 0.294568 -0.033151 0.035607 0.675799 -0.171688 0.656967 0.286728
4.442511 0.294680 -0.032928 0.035607 0.673100 -0.186932 0.655676 0.286499
4.444315 0.294680 -0.032817 0.035719 0.670989 -0.202296 0.653468 0.286060
4.446119 0.294791 -0.032593 0.035830 0.665026 -0.224701 0.649177 0.292949
4.447922 0.294791 -0.032482 0.035830 0.658323 -0.246910 0.644821 0.299754
4.449726 0.294903 -0.032370 0.035942 0.650887 -0.268897 0.640401 0.306475
4.451530 0.294903 -0.032259 0.035942 0.639247 -0.297608 0.632688 0.320154
4.453333 0.294903 -0.032147 0.035830 0.630298 -0.319030 0.627911 0.326607
4.455137 0.295015 -0.031924 0.035830 0.619360 -0.339599 0.616890 0.347149
4.456941 0.295126 -0.031812 0.035830 0.602039 -0.365630 0.594495 0.387866
4.458744 0.295126 -0.031700 0.035719 0.585153 -0.391634 0.577123 0.413699
4.460548 0.295238 -0.031589 0.035719 0.574288 -0.403240 0.560544 0.439752
4.462352 0.295238 -0.031477 0.035607 0.557759 -0.420331 0.538545 0.471377
4.464155 0.295349 -0.031366 0.035496 0.540839 -0.436770 0.514721 0.501784
4.465959 0.295461 -0.031254 0.035384 0.517301 -0.457718 0.484530 0.536772
4.467763 0.295573 -0.031142 0.035272 0.506406 -0.459080 0.460586 0.566268
4.469566 0.295684 -0.031142 0.035161 0.487339 -0.472778 0.432781 0.593028
4.471370 0.295684 -0.030919 0.035161 0.474437 -0.481052 0.409098 0.613300
4.473174 0.295796 -0.030919 0.035049 0.466804 -0.483839 0.391432 0.628311
4.474977 0.295908 -0.030807 0.035049 0.452132 -0.490538 0.367893 0.647768
4.476781 0.296019 -0.030696 0.034937 0.444451 -0.492804 0.349208 0.661559
4.478585 0.296019 -0.030584 0.034937 0.438798 -0.496108 0.328093 0.673563
4.480388 0.296131 -0.030584 0.034937 0.427792 -0.505629 0.313215 0.680609
4.482192 0.296242 -0.030473 0.034937 0.418460 -0.516227 0.296306 0.686005
4.483996 0.296354 -0.030473 0.034937 0.414598 -0.522176 0.286917 0.687836
4.485799 0.296354 -0.030473 0.035049 0.413774 -0.531896 0.288852 0.680031
4.487603 0.296466 -0.030361 0.035161 0.401988 -0.540859 0.273841 0.686213
4.489406 0.296466 -0.030361 0.035161 0.392790 -0.553191 0.270484 0.683033
4.491210 0.296466 -0.030361 0.035161 0.388085 -0.558848 0.261567 0.684589
4.493014 0.296577 -0.030361 0.035272 0.375713 -0.567240 0.246463 0.690170
4.494817 0.296577 -0.030361 0.035272 0.365424 -0.578755 0.243713 0.687104
4.496621 0.296689 -0.030361 0.035384 0.352620 -0.586644 0.228558 0.692293
4.498425 0.296689 -0.030473 0.035384 0.333995 -0.599909 0.219615 0.693055
4.500228 0.296689 -0.030473 0.035496 0.321631 -0.609067 0.218330 0.691320
4.502032 0.296689 -0.030361 0.035496 0.308171 -0.615986 0.203089 0.695950
4.503836 0.296689 -0.030361 0.035496 0.301385 -0.619335 0.195430 0.698139
4.505639 0.296800 -0.030361 0.035496 0.292800 -0.619296 0.174440 0.707327
4.507443 0.296800 -0.030361 0.035496 0.285979 -0.622475 0.166658 0.709201
4.509247 0.296800 -0.030249 0.035496 0.264387 -0.630229 0.144121 0.715639
4.511050 0.296800 -0.030249 0.035496 0.257448 -0.633096 0.136250 0.717179
4.512854 0.296912 -0.030249 0.035496 0.249553 -0.634555 0.129287 0.719964
4.514658 0.296912 -0.030138 0.035496 0.242567 -0.637258 0.121369 0.721341
4.516461 0.296912 -0.030026 0.035496 0.235551 -0.639884 0.113437 0.722631
4.518265 0.296912 -0.029914 0.035496 0.220541 -0.643554 0.098427 0.726300
4.520069 0.297024 -0.029914 0.035496 0.220541 -0.643554 0.098427 0.726300
4.521872 0.297024 -0.029803 0.035496 0.221436 -0.644905 0.097533 0.724949
4.523676 0.297024 -0.029803 0.035496 0.207964 -0.652172 0.096268 0.722603
4.525480 0.297024 -0.029691 0.035607 0.201533 -0.655661 0.087577 0.722373
4.527283 0.297135 -0.029691 0.035607 0.187730 -0.662341 0.086489 0.720126
4.529087 0.297135 -0.029691 0.035607 0.181659 -0.667738 0.092792 0.715902
4.530890 0.297135 -0.029580 0.035607 0.174313 -0.669693 0.084922 0.716878
4.532694 0.297135 -0.029580 0.035719 0.160560 -0.676456 0.083604 0.713889
4.534498 0.297135 -0.029580 0.035719 0.160961 -0.677306 0.083202 0.713039
4.536301 0.297135 -0.029580 0.035719 0.153511 -0.679034 0.075363 0.713910
4.538105 0.297247 -0.029580 0.035719 0.139287 -0.684895 0.074400 0.711325
4.539909 0.297247 -0.029580 0.035719 0.131754 -0.686384 0.066580 0.712099
4.541712 0.297247 -0.029580 0.035719 0.124205 -0.687790 0.058753 0.712788
4.543516 0.297247 -0.029468 0.035719 0.116642 -0.689113 0.050919 0.713390
4.545320 0.297247 -0.029468 0.035719 0.116323 -0.687320 0.035727 0.716089
4.547123 0.297359 -0.029468 0.035719 0.116323 -0.687320 0.035727 0.716089
4.548927 0.297359 -0.029468 0.035719 0.123568 -0.684204 0.028372 0.718186
4.550731 0.297359 -0.029356 0.035719 0.116044 -0.685520 0.020480 0.718454
4.552534 0.297359 -0.029356 0.035719 0.130799 -0.681006 0.021013 0.720195
4.554338 0.297470 -0.029245 0.035607 0.130072 -0.677835 0.006205 0.723590
4.556142 0.297470 -0.029245 0.035607 0.130072 -0.677835 0.006205 0.723590
4.557945 0.297470 -0.029245 0.035607 0.137249 -0.674392 -0.001121 0.725505
4.559749 0.297470 -0.029133 0.035607 0.136410 -0.670734 -0.015817 0.728874
4.561553 0.297582 -0.029133 0.035607 0.143534 -0.667049 -0.023101 0.730692
4.563356 0.297582 -0.029133 0.035607 0.157918 -0.661588 -0.022335 0.732711
4.565160 0.297582 -0.029021 0.035496 0.156885 -0.657299 -0.036818 0.736199
4.566964 0.297582 -0.029021 0.035496 0.163892 -0.653216 -0.044030 0.737909
4.568767 0.297693 -0.029021 0.035496 0.170879 -0.649055 -0.051236 0.739529
4.570571 0.297693 -0.029021 0.035496 0.177846 -0.644815 -0.058436 0.741060
4.572375 0.297693 -0.028910 0.035496 0.184792 -0.640498 -0.065629 0.742501
4.574178 0.297693 -0.028910 0.035496 0.191715 -0.636103 -0.072814 0.743853
4.575982 0.297805 -0.028910 0.035496 0.198614 -0.631631 -0.079991 0.745115
4.577785 0.297805 -0.028910 0.035607 0.205490 -0.627083 -0.087158 0.746287
4.579589 0.297805 -0.028798 0.035607 0.212341 -0.622460 -0.094314 0.747369
4.581393 0.297917 -0.028798 0.035607 0.219167 -0.617761 -0.101459 0.748361
4.583196 0.297917 -0.028687 0.035719 0.225966 -0.612988 -0.108591 0.749262
4.585000 0.298028 -0.028687 0.035719 0.234255 -0.611985 -0.117228 0.746228
4.586804 0.298028 -0.028575 0.035830 0.249249 -0.608547 -0.117716 0.744102
4.588607 0.298140 -0.028575 0.035942 0.249380 -0.606561 -0.133091 0.743088
4.590411 0.298140 -0.028463 0.036054 0.257688 -0.606173 -0.141789 0.738950
4.592215 0.298252 -0.028352 0.036054 0.265972 -0.606053 -0.150477 0.734381
4.594018 0.298252 -0.028352 0.036165 0.259532 -0.607304 -0.173827 0.730486
4.595822 0.298363 -0.028240 0.036277 0.267785 -0.607715 -0.182401 0.725054
4.597626 0.298363 -0.028240 0.036277 0.269277 -0.611389 -0.198816 0.717053
4.599429 0.298475 -0.028129 0.036388 0.262844 -0.613034 -0.221753 0.711286
4.601233 0.298586 -0.028129 0.036388 0.256435 -0.614618 -0.244500 0.704773
4.603037 0.298586 -0.028129 0.036388 0.243266 -0.618854 -0.274680 0.694544
4.604840 0.298698 -0.028017 0.036388 0.236891 -0.620253 -0.296886 0.686314
4.606644 0.298698 -0.028017 0.036388 0.231046 -0.620387 -0.333108 0.671399
4.608448 0.298810 -0.028017 0.036388 0.224761 -0.621695 -0.354547 0.661267
4.610251 0.298810 -0.027905 0.036388 0.211343 -0.618788 -0.382474 0.652801
4.612055 0.298921 -0.027905 0.036277 0.205235 -0.619768 -0.403237 0.641222
4.613859 0.298921 -0.027905 0.036277 0.199159 -0.620705 -0.423622 0.628971
4.615662 0.298921 -0.027794 0.036277 0.185473 -0.624931 -0.437339 0.619512
4.617466 0.299033 -0.027794 0.036277 0.186274 -0.623685 -0.450349 0.611150
4.619269 0.299033 -0.027794 0.036277 0.172527 -0.627627 -0.463668 0.601108
4.621073 0.299033 -0.027682 0.036277 0.165621 -0.629485 -0.470244 0.595978
4.622877 0.299033 -0.027682 0.036277 0.166489 -0.628284 -0.482776 0.586914
4.624680 0.299033 -0.027570 0.036388 0.165956 -0.635412 -0.482243 0.579787
4.626484 0.299033 -0.027570 0.036388 0.158966 -0.637197 -0.488583 0.574454
4.628288 0.299033 -0.027459 0.036388 0.151956 -0.638904 -0.494865 0.569051
4.630091 0.299033 -0.027459 0.036388 0.165976 -0.641631 -0.493697 0.563049
4.631895 0.299033 -0.027459 0.036388 0.158917 -0.643416 -0.499853 0.557591
4.633699 0.299033 -0.027347 0.036388 0.172771 -0.646269 -0.498557 0.551296
4.635502 0.299145 -0.027347 0.036388 0.165661 -0.648128 -0.504584 0.545786
4.637306 0.299145 -0.027347 0.036388 0.173407 -0.645535 -0.510275 0.541141
4.639110 0.299145 -0.027347 0.036388 0.179879 -0.650509 -0.514652 0.528787
4.640913 0.299145 -0.027236 0.036388 0.187559 -0.647906 -0.520196 0.523866
4.642717 0.299256 -0.027236 0.036388 0.202849 -0.642466 -0.531095 0.513836
4.644521 0.299256 -0.027236 0.036388 0.208482 -0.648262 -0.524005 0.511577
4.646324 0.299368 -0.027124 0.036388 0.216035 -0.645484 -0.529389 0.506385
4.648128 0.299368 -0.027124 0.036388 0.229053 -0.648464 -0.527618 0.498646
4.649932 0.299368 -0.027124 0.036388 0.236493 -0.645589 -0.532906 0.493251
4.651735 0.299479 -0.027124 0.036388 0.251288 -0.639606 -0.543288 0.482283
4.653539 0.299479 -0.027012 0.036388 0.256571 -0.645536 -0.536229 0.479493
4.655343 0.299591 -0.027012 0.036500 0.269051 -0.648393 -0.534264 0.470913
4.657146 0.299591 -0.026901 0.036500 0.269051 -0.648393 -0.534264 0.470913
4.658950 0.299703 -0.026901 0.036500 0.281340 -0.651206 -0.532238 0.462061
4.660754 0.299703 -0.026789 0.036612 0.286399 -0.657014 -0.525052 0.458943
4.662557 0.299703 -0.026789 0.036612 0.298688 -0.659501 -0.512764 0.461430
4.664361 0.299703 -0.026677 0.036723 0.305620 -0.656441 -0.517962 0.455409
4.666164 0.299703 -0.026677 0.036723 0.310605 -0.662092 -0.510719 0.452024
4.667968 0.299814 -0.026566 0.036835 0.315552 -0.667663 -0.503414 0.448584
4.669772 0.299814 -0.026454 0.036835 0.320461 -0.673153 -0.496049 0.445090
4.671575 0.299814 -0.026343 0.036947 0.325332 -0.678562 -0.488623 0.441543
4.673379 0.299814 -0.026343 0.036947 0.330163 -0.683889 -0.481139 0.437942
4.675183 0.299814 -0.026231 0.037058 0.334954 -0.689134 -0.473597 0.434288
4.676986 0.299814 -0.026119 0.037058 0.341435 -0.686340 -0.478928 0.427771
4.678790 0.299814 -0.026119 0.037058 0.352480 -0.688741 -0.476664 0.417355
4.680594 0.299814 -0.026008 0.037058 0.349399 -0.697817 -0.473583 0.408280
4.682397 0.299814 -0.026008 0.037058 0.355680 -0.695041 -0.478787 0.401463
4.684201 0.299814 -0.025896 0.037058 0.358547 -0.701438 -0.480562 0.385343
4.686005 0.299814 -0.025896 0.037058 0.356999 -0.702583 -0.489732 0.372949
4.687808 0.299926 -0.025784 0.037058 0.359364 -0.709129 -0.490866 0.356431
4.689612 0.299926 -0.025784 0.037058 0.357628 -0.710300 -0.499471 0.343665
4.691416 0.300038 -0.025673 0.037058 0.355866 -0.711432 -0.507792 0.330713
4.693219 0.300038 -0.025673 0.036947 0.356660 -0.703908 -0.527963 0.313947
4.695023 0.300149 -0.025673 0.036947 0.347220 -0.708715 -0.538841 0.294637
4.696827 0.300149 -0.025673 0.036835 0.345515 -0.709610 -0.546004 0.280985
4.698630 0.300261 -0.025561 0.036835 0.339246 -0.705097 -0.567202 0.256968
4.700434 0.300372 -0.025561 0.036835 0.334953 -0.699465 -0.581178 0.246550
4.702238 0.300372 -0.025561 0.036723 0.325778 -0.703698 -0.589646 0.225822
4.704041 0.300484 -0.025561 0.036612 0.325975 -0.687891 -0.613348 0.210597
4.705845 0.300596 -0.025561 0.036612 0.315118 -0.684962 -0.628035 0.192611
4.707648 0.300596 -0.025561 0.036500 0.318681 -0.675071 -0.642391 0.173366
4.709452 0.300707 -0.025561 0.036500 0.308688 -0.671596 -0.655549 0.154680
4.711256 0.300707 -0.025561 0.036388 0.313151 -0.661199 -0.668206 0.135105
4.713059 0.300707 -0.025561 0.036388 0.309888 -0.646402 -0.685621 0.126720
4.714863 0.300819 -0.025450 0.036388 0.316531 -0.643036 -0.689614 0.103654
4.716667 0.300819 -0.025450 0.036277 0.315322 -0.635429 -0.698845 0.091746
4.718470 0.300819 -0.025450 0.036277 0.321406 -0.624194 -0.708435 0.072108
4.720274 0.300930 -0.025450 0.036277 0.320883 -0.616348 -0.716610 0.060161
4.722078 0.300930 -0.025450 0.036165 0.328211 -0.612747 -0.717946 0.037031
4.723881 0.300930 -0.025450 0.036165 0.328243 -0.604808 -0.725143 0.025113
4.725685 0.300930 -0.025450 0.036165 0.328703 -0.604803 -0.725311 0.009584
4.727489 0.300930 -0.025450 0.036277 0.328703 -0.604803 -0.725311 0.009584
4.729292 0.300930 -0.025450 0.036277 0.329162 -0.604808 -0.725137 -0.005945
4.731096 0.301042 -0.025450 0.036277 0.329366 -0.612748 -0.717934 -0.025087
4.732900 0.301042 -0.025450 0.036277 0.336366 -0.609105 -0.717481 -0.032717
4.734703 0.301042 -0.025338 0.036277 0.336655 -0.609124 -0.716454 -0.048217
4.736507 0.301042 -0.025338 0.036277 0.336655 -0.609124 -0.716454 -0.048217
4.738311 0.300930 -0.025338 0.036388 0.329942 -0.612786 -0.715881 -0.056085
4.740114 0.300930 -0.025338 0.036388 0.329306 -0.620614 -0.709106 -0.059706
4.741918 0.300930 -0.025226 0.036388 0.329306 -0.620614 -0.709106 -0.059706
4.743722 0.300930 -0.025226 0.036500 0.322468 -0.624194 -0.708407 -0.067493
4.745525 0.300930 -0.025226 0.036500 0.321707 -0.631939 -0.701507 -0.071032
4.747329 0.300930 -0.025226 0.036500 0.314745 -0.635435 -0.700684 -0.078734
4.749133 0.300930 -0.025115 0.036612 0.314745 -0.635435 -0.700684 -0.078734
4.750936 0.300930 -0.025115 0.036612 0.307745 -0.638855 -0.699777 -0.086427
4.752740 0.300930 -0.025115 0.036723 0.300708 -0.642197 -0.698785 -0.094110
4.754543 0.300819 -0.025003 0.036723 0.300708 -0.642197 -0.698785 -0.094110
4.756347 0.300819 -0.025003 0.036723 0.285527 -0.656294 -0.691595 -0.097205
4.758151 0.300819 -0.024891 0.036835 0.278300 -0.659391 -0.690485 -0.104797
4.759954 0.300819 -0.024891 0.036835 0.278079 -0.659357 -0.688102 -0.120148
4.761758 0.300819 -0.024780 0.036835 0.279383 -0.651757 -0.695305 -0.117086
4.763562 0.300819 -0.024780 0.036835 0.279331 -0.651748 -0.692585 -0.132382
4.765365 0.300819 -0.024668 0.036835 0.279279 -0.651738 -0.689529 -0.147616
4.767169 0.300819 -0.024668 0.036835 0.281000 -0.644149 -0.693258 -0.159701
4.768973 0.300819 -0.024668 0.036835 0.283018 -0.636563 -0.696572 -0.171686
4.770776 0.300819 -0.024557 0.036723 0.290274 -0.633488 -0.694529 -0.179062
4.772580 0.300819 -0.024445 0.036723 0.299524 -0.622691 -0.699286 -0.183138
4.774384 0.300819 -0.024333 0.036723 0.309465 -0.611977 -0.699264 -0.201855
4.776187 0.300819 -0.024333 0.036612 0.319047 -0.601040 -0.703382 -0.205462
4.777991 0.300819 -0.024222 0.036612 0.329620 -0.590339 -0.702075 -0.223473
4.779795 0.300930 -0.024222 0.036500 0.333123 -0.582996 -0.703020 -0.234324
4.781598 0.300930 -0.024110 0.036500 0.350676 -0.568681 -0.702975 -0.243832
4.783402 0.300930 -0.023999 0.036388 0.357465 -0.553752 -0.709189 -0.250257
4.785206 0.300930 -0.023999 0.036388 0.361849 -0.546684 -0.708816 -0.260349
4.787009 0.301042 -0.023887 0.036277 0.372386 -0.535672 -0.710994 -0.262433
4.788813 0.301042 -0.023775 0.036277 0.380147 -0.520958 -0.715750 -0.267941
4.790617 0.301042 -0.023664 0.036165 0.393102 -0.511146 -0.710025 -0.282958
4.792420 0.301154 -0.023664 0.036054 0.401688 -0.496822 -0.713539 -0.287536
4.794224 0.301154 -0.023664 0.036054 0.407399 -0.490492 -0.711136 -0.296192
4.796027 0.301154 -0.023552 0.035942 0.416633 -0.476523 -0.713673 -0.300022
4.797831 0.301265 -0.023552 0.035942 0.409506 -0.477766 -0.712201 -0.311150
4.799635 0.301265 -0.023440 0.035942 0.419397 -0.464182 -0.713970 -0.314466
4.801438 0.301377 -0.023440 0.035830 0.426066 -0.458654 -0.710224 -0.322002
4.803242 0.301377 -0.023440 0.035719 0.436487 -0.445552 -0.711119 -0.324457
4.805046 0.301489 -0.023329 0.035719 0.442377 -0.437599 -0.707898 -0.334201
4.806849 0.301489 -0.023440 0.035607 0.441273 -0.434669 -0.709002 -0.337131
4.808653 0.301489 -0.023440 0.035607 0.443959 -0.435019 -0.700278 -0.351097
4.810457 0.301600 -0.023440 0.035607 0.438293 -0.437035 -0.697239 -0.361604
4.812260 0.301600 -0.023440 0.035607 0.437496 -0.434181 -0.698036 -0.364458
4.814064 0.301600 -0.023440 0.035607 0.436761 -0.431311 -0.698771 -0.367329
4.815868 0.301712 -0.023440 0.035607 0.440131 -0.420715 -0.704106 -0.365401
4.817671 0.301712 -0.023552 0.035607 0.430781 -0.430283 -0.695908 -0.380783
4.819475 0.301823 -0.023552 0.035719 0.421516 -0.427708 -0.702701 -0.381578
4.821279 0.301823 -0.023552 0.035719 0.412017 -0.436866 -0.694147 -0.396925
4.823082 0.301823 -0.023664 0.035719 0.402782 -0.433694 -0.700816 -0.398162
4.824886 0.301935 -0.023664 0.035830 0.397993 -0.438093 -0.696399 -0.405837
4.826690 0.301935 -0.023664 0.035830 0.379402 -0.446319 -0.693553 -0.419330
4.828493 0.301935 -0.023664 0.035942 0.365565 -0.449896 -0.695079 -0.425230
4.830297 0.301935 -0.023775 0.035942 0.351654 -0.453168 -0.696474 -0.431163
4.832101 0.301935 -0.023775 0.036054 0.341612 -0.460785 -0.686833 -0.446361
4.833904 0.302047 -0.023775 0.036054 0.327570 -0.463443 -0.687967 -0.452350
4.835708 0.302047 -0.023775 0.036165 0.322459 -0.467013 -0.682956 -0.459881
4.837512 0.302047 -0.023775 0.036165 0.308337 -0.469207 -0.683891 -0.465903
4.839315 0.302047 -0.023887 0.036277 0.297954 -0.475868 -0.673490 -0.480816
4.841119 0.302047 -0.023887 0.036277 0.283749 -0.477439 -0.674160 -0.486874
4.842922 0.302047 -0.023887 0.036277 0.278487 -0.480528 -0.668770 -0.494251
4.844726 0.302047 -0.023887 0.036277 0.273191 -0.483558 -0.663300 -0.501569
4.846530 0.302047 -0.023887 0.036388 0.267862 -0.486530 -0.657750 -0.508825
4.848333 0.302047 -0.023887 0.036388 0.262501 -0.489444 -0.652120 -0.516021
4.850137 0.302158 -0.023775 0.036388 0.262840 -0.485167 -0.651781 -0.520298
4.851941 0.302158 -0.023775 0.036388 0.257494 -0.488025 -0.646026 -0.527427
4.853744 0.302158 -0.023775 0.036388 0.257494 -0.488025 -0.646026 -0.527427
4.855548 0.302158 -0.023775 0.036388 0.257973 -0.483762 -0.645546 -0.531690
4.857352 0.302270 -0.023775 0.036388 0.257973 -0.483762 -0.645546 -0.531690
4.859155 0.302270 -0.023664 0.036388 0.258547 -0.479510 -0.644973 -0.535942
4.860959 0.302270 -0.023664 0.036388 0.267345 -0.482163 -0.638972 -0.536434
4.862763 0.302270 -0.023552 0.036388 0.273222 -0.475114 -0.644230 -0.533464
4.864566 0.302382 -0.023552 0.036388 0.273222 -0.475114 -0.644230 -0.533464
4.866370 0.302382 -0.023440 0.036388 0.279066 -0.468007 -0.649411 -0.530430
4.868174 0.302382 -0.023329 0.036388 0.270259 -0.465224 -0.655352 -0.530132
4.869977 0.302493 -0.023329 0.036388 0.270259 -0.465224 -0.655352 -0.530132
4.871781 0.302493 -0.023217 0.036388 0.261420 -0.462384 -0.661214 -0.529770
4.873585 0.302493 -0.023106 0.036388 0.261420 -0.462384 -0.661214 -0.529770
4.875388 0.302493 -0.023106 0.036388 0.261420 -0.462384 -0.661214 -0.529770
4.877192 0.302493 -0.022994 0.036388 0.252549 -0.459488 -0.666997 -0.529345
4.878996 0.302493 -0.022994 0.036500 0.247485 -0.462235 -0.661141 -0.536640
4.880799 0.302493 -0.022882 0.036500 0.238617 -0.459186 -0.666848 -0.536213
4.882603 0.302493 -0.022882 0.036500 0.233558 -0.461780 -0.660916 -0.543507
4.884406 0.302493 -0.022882 0.036500 0.219643 -0.461019 -0.660541 -0.550367
4.886210 0.302493 -0.022771 0.036500 0.214565 -0.463404 -0.654455 -0.557591
4.888014 0.302493 -0.022771 0.036500 0.209461 -0.465733 -0.648290 -0.564747
4.889817 0.302493 -0.022771 0.036500 0.209461 -0.465733 -0.648290 -0.564747
4.891621 0.302493 -0.022771 0.036388 0.210602 -0.460924 -0.647149 -0.569556
4.893425 0.302382 -0.022659 0.036388 0.205526 -0.463210 -0.640853 -0.576631
4.895228 0.302382 -0.022659 0.036388 0.200424 -0.465440 -0.634479 -0.583637
4.897032 0.302382 -0.022659 0.036388 0.195299 -0.467614 -0.628029 -0.590572
4.898836 0.302382 -0.022659 0.036277 0.210364 -0.464683 -0.627567 -0.588198
4.900639 0.302382 -0.022659 0.036277 0.205246 -0.466966 -0.621067 -0.595057
4.902443 0.302382 -0.022659 0.036277 0.211771 -0.460114 -0.626160 -0.592766
4.904247 0.302382 -0.022659 0.036277 0.211771 -0.460114 -0.626160 -0.592766
4.906050 0.302382 -0.022659 0.036277 0.215173 -0.466602 -0.614026 -0.599129
4.907854 0.302382 -0.022547 0.036277 0.221742 -0.459828 -0.619115 -0.596729
4.909658 0.302382 -0.022547 0.036277 0.221742 -0.459828 -0.619115 -0.596729
4.911461 0.302382 -0.022547 0.036165 0.221742 -0.459828 -0.619115 -0.596729
4.913265 0.302382 -0.022547 0.036165 0.228284 -0.452999 -0.624129 -0.594257
4.915069 0.302493 -0.022547 0.036165 0.223294 -0.455480 -0.617563 -0.601078
4.916872 0.302493 -0.022547 0.036165 0.223294 -0.455480 -0.617563 -0.601078
4.918676 0.302493 -0.022547 0.036165 0.223294 -0.455480 -0.617563 -0.601078
4.920480 0.302493 -0.022659 0.036165 0.218276 -0.457905 -0.610922 -0.607826
4.922283 0.302493 -0.022659 0.036165 0.218276 -0.457905 -0.610922 -0.607826
4.924087 0.302493 -0.022659 0.036165 0.213233 -0.460276 -0.604208 -0.614501
4.925891 0.302493 -0.022659 0.036165 0.213233 -0.460276 -0.604208 -0.614501
4.927694 0.302493 -0.022659 0.036165 0.213233 -0.460276 -0.604208 -0.614501
4.929498 0.302493 -0.022659 0.036165 0.208163 -0.462590 -0.597420 -0.621102
4.931301 0.302493 -0.022771 0.036165 0.214974 -0.455999 -0.602466 -0.618777
4.933105 0.302493 -0.022771 0.036165 0.214974 -0.455999 -0.602466 -0.618777
4.934909 0.302493 -0.022771 0.036165 0.209951 -0.458333 -0.595632 -0.625359
4.936712 0.302493 -0.022771 0.036165 0.209951 -0.458333 -0.595632 -0.625359
4.938516 0.302493 -0.022771 0.036165 0.209951 -0.458333 -0.595632 -0.625359
4.940320 0.302493 -0.022771 0.036277 0.209951 -0.458333 -0.595632 -0.625359
4.942123 0.302493 -0.022771 0.036277 0.204903 -0.460612 -0.588726 -0.631865
4.943927 0.302493 -0.022771 0.036277 0.204903 -0.460612 -0.588726 -0.631865
4.945731 0.302493 -0.022771 0.036277 0.211833 -0.454117 -0.593751 -0.629575
4.947534 0.302493 -0.022771 0.036277 0.211833 -0.454117 -0.593751 -0.629575
4.949338 0.302493 -0.022771 0.036277 0.206831 -0.456416 -0.586798 -0.636060
4.951142 0.302605 -0.022771 0.036277 0.213806 -0.449942 -0.591777 -0.633750
4.952945 0.302605 -0.022771 0.036277 0.208850 -0.452264 -0.584779 -0.640213
4.954749 0.302605 -0.022771 0.036277 0.216829 -0.457421 -0.579466 -0.638725
4.956553 0.302716 -0.022771 0.036277 0.218865 -0.453460 -0.577431 -0.642687
4.958356 0.302716 -0.022659 0.036388 0.213870 -0.455837 -0.570335 -0.648992
4.960160 0.302828 -0.022659 0.036388 0.216035 -0.451944 -0.568170 -0.652885
4.961964 0.302940 -0.022659 0.036388 0.211056 -0.454290 -0.560963 -0.659087
4.963767 0.302940 -0.022547 0.036388 0.201024 -0.458818 -0.546347 -0.671253
4.965571 0.303051 -0.022436 0.036388 0.205791 -0.463207 -0.531492 -0.678680
4.967375 0.303051 -0.022436 0.036500 0.200690 -0.465439 -0.524004 -0.684478
4.969178 0.303163 -0.022324 0.036500 0.185243 -0.471800 -0.501163 -0.701374
4.970982 0.303163 -0.022213 0.036500 0.168636 -0.489257 -0.467533 -0.716661
4.972785 0.303163 -0.022101 0.036500 0.157846 -0.492844 -0.451674 -0.726760
4.974589 0.303275 -0.021989 0.036500 0.148074 -0.504478 -0.422613 -0.738224
4.976393 0.303275 -0.021878 0.036500 0.149716 -0.521109 -0.396545 -0.740798
4.978196 0.303275 -0.021878 0.036500 0.138594 -0.532622 -0.367088 -0.749901
4.980000 0.303275 -0.021766 0.036500 0.126855 -0.543895 -0.337426 -0.757779
4.981804 0.303386 -0.021766 0.036500 0.114504 -0.554899 -0.307610 -0.764429
4.983607 0.303386 -0.021654 0.036500 0.102284 -0.557281 -0.290741 -0.771003
4.985411 0.303386 -0.021654 0.036388 0.095327 -0.566687 -0.269220 -0.772852
4.987215 0.303498 -0.021543 0.036388 0.087994 -0.575984 -0.247729 -0.774035
4.989018 0.303498 -0.021543 0.036388 0.068965 -0.578570 -0.222088 -0.781778
4.990822 0.303609 -0.021543 0.036388 0.060959 -0.587486 -0.200645 -0.781592
4.992626 0.303609 -0.021543 0.036388 0.048037 -0.588684 -0.183424 -0.785811
4.994429 0.303721 -0.021543 0.036388 0.032910 -0.597664 -0.153471 -0.786232
4.996233 0.303721 -0.021543 0.036388 0.019771 -0.598243 -0.136160 -0.789414
4.998037 0.303833 -0.021543 0.036388 0.006622 -0.598533 -0.118783 -0.792215
4.999840 0.303833 -0.021543 0.036388 -0.013105 -0.598426 -0.092612 -0.795699
5.001644 0.303833 -0.021431 0.036388 -0.028430 -0.599131 -0.077288 -0.796405
5.003448 0.303944 -0.021431 0.036388 -0.041586 -0.598362 -0.059771 -0.797910
5.005251 0.303944 -0.021431 0.036500 -0.070061 -0.596998 -0.026888 -0.798725
5.007055 0.303944 -0.021431 0.036500 -0.083160 -0.595315 -0.009333 -0.799123
5.008859 0.303944 -0.021431 0.036500 -0.104993 -0.593218 0.014745 -0.798030
5.010662 0.303944 -0.021320 0.036388 -0.115189 -0.599040 0.035343 -0.791602
5.012466 0.303944 -0.021320 0.036500 -0.130447 -0.597218 0.050602 -0.789781
5.014270 0.304056 -0.021208 0.036500 -0.152191 -0.593426 0.074466 -0.786854
5.016073 0.304056 -0.021208 0.036500 -0.182400 -0.587781 0.104675 -0.781209
5.017877 0.304056 -0.021208 0.036500 -0.197404 -0.584462 0.119679 -0.777890
5.019680 0.304056 -0.021096 0.036500 -0.227176 -0.576839 0.149451 -0.770267
5.021484 0.304056 -0.020985 0.036500 -0.239382 -0.580730 0.167391 -0.759887
5.023288 0.304167 -0.020985 0.036500 -0.247716 -0.578856 0.173761 -0.757212
5.025091 0.304167 -0.020873 0.036500 -0.259720 -0.582143 0.191665 -0.746270
5.026895 0.304167 -0.020762 0.036500 -0.274259 -0.577024 0.206204 -0.741151
5.028699 0.304167 -0.020762 0.036500 -0.292417 -0.576403 0.231920 -0.726956
5.030502 0.304167 -0.020650 0.036500 -0.300386 -0.573820 0.238238 -0.723700
5.032306 0.304279 -0.020650 0.036500 -0.311959 -0.575656 0.255728 -0.711270
5.034110 0.304279 -0.020538 0.036500 -0.323391 -0.577098 0.273081 -0.698429
5.035913 0.304279 -0.020427 0.036500 -0.327120 -0.581303 0.283918 -0.688818
5.037717 0.304279 -0.020427 0.036388 -0.338381 -0.582154 0.300954 -0.675294
5.039521 0.304391 -0.020427 0.036388 -0.342180 -0.586076 0.311401 -0.665174
5.041324 0.304391 -0.020315 0.036388 -0.346065 -0.589914 0.321624 -0.654827
5.043128 0.304391 -0.020315 0.036277 -0.356534 -0.589785 0.338674 -0.640575
5.044932 0.304391 -0.020315 0.036277 -0.360624 -0.593404 0.348313 -0.629682
5.046735 0.304391 -0.020315 0.036165 -0.364793 -0.596932 0.357711 -0.618580
5.048539 0.304391 -0.020315 0.036165 -0.377820 -0.588773 0.371215 -0.610572
5.050343 0.304391 -0.020315 0.036054 -0.382139 -0.592115 0.380115 -0.599068
5.052146 0.304279 -0.020315 0.036054 -0.386531 -0.595361 0.388761 -0.587371
5.053950 0.304279 -0.020315 0.036054 -0.397544 -0.594178 0.403446 -0.571089
5.055754 0.304279 -0.020315 0.035942 -0.404048 -0.589775 0.409696 -0.566622
5.057557 0.304279 -0.020315 0.035942 -0.414710 -0.588101 0.424039 -0.549858
5.059361 0.304279 -0.020315 0.035830 -0.419233 -0.590866 0.431655 -0.537397
5.061164 0.304167 -0.020315 0.035830 -0.431524 -0.581382 0.443947 -0.527913
5.062968 0.304167 -0.020315 0.035830 -0.435996 -0.583917 0.451177 -0.515158
5.064772 0.304167 -0.020315 0.035830 -0.435996 -0.583917 0.451177 -0.515158
5.066575 0.304167 -0.020315 0.035830 -0.446014 -0.581285 0.464538 -0.497377
5.068379 0.304167 -0.020315 0.035719 -0.452373 -0.576349 0.469975 -0.492244
5.070183 0.304167 -0.020315 0.035719 -0.450449 -0.583547 0.471226 -0.484267
5.071986 0.304167 -0.020315 0.035719 -0.462068 -0.573293 0.482845 -0.474013
5.073790 0.304167 -0.020315 0.035719 -0.462068 -0.573293 0.482845 -0.474013
5.075594 0.304167 -0.020315 0.035719 -0.468338 -0.568182 0.488024 -0.468680
5.077397 0.304167 -0.020315 0.035719 -0.473459 -0.562786 0.494236 -0.463506
5.079201 0.304167 -0.020315 0.035719 -0.473459 -0.562786 0.494236 -0.463506
5.081005 0.304167 -0.020315 0.035830 -0.479613 -0.557551 0.499299 -0.458049
5.082808 0.304167 -0.020315 0.035830 -0.479613 -0.557551 0.499299 -0.458049
5.084612 0.304279 -0.020315 0.035830 -0.490652 -0.546675 0.510337 -0.447172
5.086416 0.304279 -0.020315 0.035830 -0.492522 -0.539433 0.509198 -0.455139
5.088219 0.304279 -0.020315 0.035830 -0.498418 -0.533990 0.514168 -0.449517
5.090023 0.304279 -0.020315 0.035942 -0.505904 -0.521137 0.518049 -0.451778
5.091827 0.304391 -0.020315 0.035942 -0.516468 -0.509771 0.528613 -0.440412
5.093630 0.304391 -0.020315 0.035942 -0.523549 -0.496636 0.532422 -0.442465
5.095434 0.304391 -0.020315 0.036054 -0.528973 -0.490855 0.537251 -0.436589
5.097238 0.304502 -0.020315 0.036054 -0.545551 -0.465555 0.551059 -0.426577
5.099041 0.304502 -0.020427 0.036054 -0.556702 -0.445850 0.559517 -0.422186
5.100845 0.304614 -0.020427 0.036165 -0.575490 -0.420941 0.577785 -0.397220
5.102649 0.304614 -0.020427 0.036165 -0.593818 -0.387537 0.594435 -0.379265
5.104452 0.304726 -0.020427 0.036165 -0.614109 -0.354347 0.614453 -0.346058
5.106256 0.304837 -0.020427 0.036165 -0.625452 -0.333918 0.625523 -0.325622
5.108059 0.304949 -0.020427 0.036054 -0.642751 -0.299078 0.642548 -0.290784
5.109863 0.305060 -0.020427 0.036054 -0.658474 -0.271066 0.657108 -0.247274
5.111667 0.305060 -0.020315 0.036054 -0.669747 -0.241877 0.667336 -0.218167
5.113470 0.305172 -0.020315 0.036054 -0.679467 -0.212256 0.676536 -0.188605
5.115274 0.305172 -0.020315 0.036054 -0.688832 -0.189885 0.683134 -0.150934
5.117078 0.305284 -0.020203 0.035942 -0.694716 -0.167082 0.687737 -0.128341
5.118881 0.305395 -0.020203 0.035942 -0.697716 -0.167014 0.687392 -0.113101
5.120685 0.305395 -0.020092 0.035942 -0.699508 -0.159339 0.688593 -0.105542
5.122489 0.305507 -0.019980 0.035942 -0.702505 -0.159172 0.687745 -0.090322
5.124292 0.305507 -0.019869 0.035942 -0.704211 -0.151445 0.688696 -0.082761
5.126096 0.305507 -0.019757 0.036054 -0.705078 -0.143870 0.690318 -0.075019
5.127900 0.305507 -0.019645 0.036054 -0.703791 -0.136334 0.692285 -0.082661
5.129703 0.305619 -0.019645 0.036165 -0.702419 -0.128783 0.694168 -0.090293
5.131507 0.305619 -0.019534 0.036165 -0.700963 -0.121216 0.695967 -0.097913
5.133311 0.305619 -0.019422 0.036277 -0.700963 -0.121216 0.695967 -0.097913
5.135114 0.305619 -0.019422 0.036277 -0.696846 -0.128955 0.695107 -0.120844
5.136918 0.305619 -0.019310 0.036277 -0.695220 -0.121360 0.696738 -0.128440
5.138722 0.305730 -0.019310 0.036388 -0.696087 -0.098430 0.700861 -0.120702
5.140525 0.305730 -0.019199 0.036500 -0.694293 -0.090810 0.702323 -0.128270
5.142329 0.305730 -0.019199 0.036500 -0.691838 -0.083310 0.704278 -0.135692
5.144133 0.305730 -0.019199 0.036612 -0.689711 -0.075706 0.705736 -0.143191
5.145936 0.305730 -0.019199 0.036612 -0.688207 -0.060536 0.708723 -0.142895
5.147740 0.305730 -0.019199 0.036612 -0.687440 -0.045137 0.710632 -0.142800
5.149543 0.305730 -0.019199 0.036723 -0.687894 -0.037582 0.712158 -0.134984
5.151347 0.305842 -0.019199 0.036723 -0.685721 -0.022461 0.714962 -0.134581
5.153151 0.305842 -0.019199 0.036723 -0.683215 -0.007392 0.717757 -0.134116
5.154954 0.305842 -0.019199 0.036835 -0.680422 0.000144 0.719030 -0.141498
5.156758 0.305842 -0.019199 0.036835 -0.680379 0.007619 0.720541 -0.133590
5.158562 0.305842 -0.019199 0.036835 -0.680255 0.015093 0.721965 -0.125666
5.160365 0.305842 -0.019199 0.036835 -0.676926 0.030002 0.724730 -0.125049
5.162169 0.305842 -0.019199 0.036835 -0.676555 0.037437 0.726061 -0.117079
5.163973 0.305842 -0.019199 0.036835 -0.676103 0.044868 0.727303 -0.109095
5.165776 0.305842 -0.019199 0.036835 -0.675569 0.052293 0.728458 -0.101099
5.167580 0.305730 -0.019199 0.036835 -0.675569 0.052293 0.728458 -0.101099
5.169384 0.305730 -0.019199 0.036835 -0.674954 0.059712 0.729524 -0.093090
5.171187 0.305730 -0.019199 0.036835 -0.674257 0.067123 0.730503 -0.085069
5.172991 0.305730 -0.019199 0.036835 -0.668855 0.089086 0.734094 -0.076181
5.174795 0.305730 -0.019310 0.036835 -0.667836 0.096429 0.734886 -0.068112
5.176598 0.305730 -0.019310 0.036835 -0.671679 0.089305 0.732910 -0.060951
5.178402 0.305730 -0.019310 0.036835 -0.670658 0.096679 0.733535 -0.052895
5.180206 0.305730 -0.019310 0.036835 -0.669022 0.095970 0.735170 -0.052187
5.182009 0.305730 -0.019310 0.036723 -0.667927 0.103315 0.735699 -0.044107
5.183813 0.305730 -0.019310 0.036723 -0.666752 0.110646 0.736140 -0.036022
5.185617 0.305730 -0.019310 0.036723 -0.665496 0.117965 0.736491 -0.027932
5.187420 0.305619 -0.019422 0.036723 -0.664160 0.125269 0.736753 -0.019839
5.189224 0.305619 -0.019422 0.036723 -0.667120 0.125763 0.734242 -0.004803
5.191028 0.305619 -0.019310 0.036723 -0.667120 0.125763 0.734242 -0.004803
5.192831 0.305619 -0.019310 0.036612 -0.665694 0.125010 0.735668 -0.004050
5.194635 0.305619 -0.019310 0.036612 -0.670140 0.118279 0.732745 0.002812
5.196438 0.305619 -0.019310 0.036612 -0.670140 0.118279 0.732745 0.002812
5.198242 0.305619 -0.019310 0.036612 -0.674570 0.103511 0.730914 0.002262
5.200046 0.305619 -0.019199 0.036612 -0.673393 0.110916 0.730845 0.010292
5.201849 0.305619 -0.019199 0.036612 -0.673465 0.102880 0.732019 0.002893
5.203653 0.305619 -0.019087 0.036500 -0.677971 0.096241 0.728697 0.009622
5.205457 0.305730 -0.019087 0.036500 -0.678036 0.088229 0.729711 0.002173
5.207260 0.305730 -0.018976 0.036500 -0.678036 0.088229 0.729711 0.002173
5.209064 0.305730 -0.018976 0.036500 -0.682591 0.073633 0.727081 0.001352
5.210868 0.305730 -0.018864 0.036500 -0.682591 0.073633 0.727081 0.001352
5.212671 0.305730 -0.018864 0.036500 -0.682564 0.065641 0.727846 -0.006147
5.214475 0.305730 -0.018752 0.036612 -0.677920 0.072176 0.731473 -0.012724
5.216279 0.305730 -0.018752 0.036612 -0.677087 0.079619 0.731569 -0.004688
5.218082 0.305730 -0.018641 0.036612 -0.676171 0.087053 0.731576 0.003350
5.219886 0.305842 -0.018641 0.036612 -0.670235 0.100843 0.735249 0.004931
5.221690 0.305842 -0.018641 0.036723 -0.669087 0.108200 0.735150 0.013008
5.223493 0.305842 -0.018529 0.036723 -0.667586 0.123612 0.733649 0.028419
5.225297 0.305842 -0.018529 0.036835 -0.659485 0.144420 0.736725 0.038184
5.227101 0.305842 -0.018529 0.036835 -0.656153 0.158875 0.735709 0.054361
5.228904 0.305842 -0.018417 0.036835 -0.655146 0.182537 0.727336 0.091904
5.230708 0.305842 -0.018417 0.036835 -0.650977 0.196888 0.725141 0.107862
5.232512 0.305953 -0.018417 0.036835 -0.642650 0.226142 0.718752 0.138767
5.234315 0.305953 -0.018417 0.036835 -0.640694 0.241699 0.709080 0.168220
5.236119 0.306065 -0.018417 0.036835 -0.638329 0.257347 0.698168 0.197156
5.237922 0.306065 -0.018306 0.036835 -0.638507 0.266075 0.688478 0.217972
5.239726 0.306065 -0.018306 0.036723 -0.635472 0.281903 0.675469 0.245863
5.241530 0.306177 -0.018194 0.036723 -0.634841 0.299842 0.652415 0.285353
5.243333 0.306177 -0.018194 0.036612 -0.640429 0.304207 0.633802 0.309198
5.245137 0.306288 -0.018194 0.036500 -0.639969 0.313843 0.620321 0.327330
5.246941 0.306400 -0.018194 0.036500 -0.635672 0.330496 0.602501 0.351692
5.248744 0.306512 -0.018083 0.036500 -0.634973 0.340735 0.587464 0.368232
5.250548 0.306623 -0.018083 0.036388 -0.625983 0.364527 0.563548 0.397088
5.252352 0.306735 -0.017971 0.036388 -0.618158 0.378890 0.554353 0.408676
5.254155 0.306846 -0.017971 0.036388 -0.612482 0.396627 0.532743 0.428646
5.255959 0.306958 -0.017971 0.036277 -0.594467 0.423152 0.513397 0.451636
5.257763 0.306958 -0.017859 0.036277 -0.575303 0.448859 0.493061 0.473755
5.259566 0.307070 -0.017859 0.036388 -0.555029 0.473699 0.471772 0.494958
5.261370 0.307181 -0.017748 0.036388 -0.526389 0.499520 0.457464 0.513927
5.263174 0.307404 -0.017748 0.036388 -0.498170 0.527667 0.428557 0.538268
5.264977 0.307404 -0.017636 0.036388 -0.468364 0.553454 0.398441 0.561755
5.266781 0.307516 -0.017525 0.036500 -0.437271 0.578334 0.366997 0.582784
5.268585 0.307628 -0.017413 0.036500 -0.404844 0.600696 0.334461 0.602828
5.270388 0.307628 -0.017301 0.036500 -0.371263 0.621244 0.300849 0.621055
5.272192 0.307739 -0.017078 0.036500 -0.344199 0.639806 0.258325 0.636744
5.273996 0.307851 -0.016966 0.036500 -0.308627 0.656798 0.222901 0.650908
5.275799 0.307963 -0.016743 0.036612 -0.272463 0.674038 0.171448 0.664863
5.277603 0.308074 -0.016632 0.036612 -0.242723 0.687252 0.126693 0.672844
5.279407 0.308074 -0.016520 0.036612 -0.204649 0.701102 0.074103 0.679031
5.281210 0.308186 -0.016297 0.036612 -0.188864 0.709295 0.028485 0.678542
5.283014 0.308186 -0.016073 0.036723 -0.150051 0.716849 -0.009227 0.680828
5.284817 0.308186 -0.015962 0.036723 -0.110939 0.722276 -0.047066 0.681025
5.286621 0.308297 -0.015739 0.036835 -0.064180 0.724586 -0.092881 0.679874
5.288425 0.308297 -0.015627 0.036835 -0.032281 0.726733 -0.137908 0.672160
5.290228 0.308409 -0.015627 0.036947 0.015660 0.727281 -0.181883 0.661616
5.292032 0.308521 -0.015515 0.036947 0.048371 0.727538 -0.224731 0.646409
5.293836 0.308521 -0.015404 0.036947 0.081169 0.726303 -0.266405 0.628430
5.295639 0.308521 -0.015404 0.036947 0.127848 0.717848 -0.294250 0.617872
5.297443 0.308521 -0.015292 0.036947 0.159261 0.711539 -0.321109 0.604349
5.299247 0.308632 -0.015180 0.036947 0.204511 0.697792 -0.361494 0.583596
5.301050 0.308632 -0.015069 0.036947 0.229917 0.693716 -0.390850 0.559582
5.302854 0.308744 -0.015069 0.036835 0.261453 0.684239 -0.426014 0.531009
5.304658 0.308856 -0.015069 0.036835 0.300425 0.670546 -0.452728 0.505125
5.306461 0.308967 -0.015069 0.036723 0.338375 0.654239 -0.489066 0.467212
5.308265 0.309079 -0.015069 0.036612 0.368454 0.639835 -0.517578 0.432396
5.310069 0.309190 -0.014957 0.036500 0.391059 0.628345 -0.539284 0.401781
5.311872 0.309302 -0.014957 0.036388 0.420069 0.611443 -0.563258 0.363896
5.313676 0.309414 -0.014957 0.036388 0.441819 0.598053 -0.581019 0.330977
5.315480 0.309525 -0.014957 0.036277 0.467665 0.578066 -0.594998 0.305133
5.317283 0.309749 -0.014957 0.036277 0.497383 0.550782 -0.618403 0.258509
5.319087 0.309860 -0.014957 0.036277 0.522872 0.528814 -0.632673 0.216068
5.320891 0.309972 -0.014957 0.036165 0.549261 0.498523 -0.649583 0.166817
5.322694 0.310083 -0.014846 0.036165 0.568426 0.473091 -0.661640 0.123726
5.324498 0.310083 -0.014846 0.036165 0.589664 0.440315 -0.671315 0.088067
5.326301 0.310195 -0.014846 0.036054 0.601106 0.419856 -0.678063 0.051218
5.328105 0.310307 -0.014734 0.036054 0.611518 0.399041 -0.683091 0.014100
5.329909 0.310418 -0.014734 0.036054 0.625004 0.371082 -0.686093 -0.030745
5.331712 0.310418 -0.014734 0.036054 0.636892 0.350285 -0.684707 -0.053337
5.333516 0.310530 -0.014734 0.036054 0.647217 0.321588 -0.686152 -0.082987
5.335320 0.310530 -0.014734 0.036165 0.656714 0.292473 -0.683231 -0.127992
5.337123 0.310641 -0.014734 0.036054 0.660334 0.285135 -0.678214 -0.150605
5.338927 0.310641 -0.014622 0.036054 0.666882 0.270433 -0.670512 -0.180412
5.340731 0.310641 -0.014622 0.036054 0.670250 0.262951 -0.663769 -0.202563
5.342534 0.310753 -0.014511 0.035942 0.675866 0.248161 -0.659159 -0.217098
5.344338 0.310753 -0.014511 0.036054 0.678981 0.240557 -0.651209 -0.238840
5.346142 0.310753 -0.014399 0.035942 0.684102 0.225582 -0.645804 -0.253090
5.347945 0.310753 -0.014399 0.035942 0.686959 0.217866 -0.636671 -0.274358
5.349749 0.310753 -0.014399 0.035942 0.694705 0.209634 -0.628224 -0.280665
5.351553 0.310865 -0.014287 0.035942 0.697527 0.201702 -0.618022 -0.301365
5.353356 0.310865 -0.014176 0.035942 0.699701 0.194027 -0.614674 -0.308136
5.355160 0.310865 -0.014064 0.035942 0.702338 0.186016 -0.603571 -0.328362
5.356964 0.310865 -0.014064 0.035942 0.704339 0.178289 -0.599927 -0.334973
5.358767 0.310976 -0.014064 0.035942 0.708086 0.162771 -0.592423 -0.348073
5.360571 0.310976 -0.013953 0.036054 0.707482 0.140743 -0.586214 -0.368799
5.362375 0.311088 -0.013953 0.036054 0.711736 0.117353 -0.573743 -0.387917
5.364178 0.311200 -0.013841 0.036165 0.709700 0.095473 -0.566164 -0.408250
5.365982 0.311200 -0.013841 0.036165 0.706963 0.073732 -0.557902 -0.428383
5.367786 0.311311 -0.013729 0.036277 0.708412 0.058182 -0.548355 -0.440538
5.369589 0.311423 -0.013729 0.036277 0.704866 0.028942 -0.533890 -0.466140
5.371393 0.311423 -0.013618 0.036388 0.700248 -0.000145 -0.528715 -0.479700
5.373196 0.311534 -0.013618 0.036500 0.689115 -0.026908 -0.517582 -0.506464
5.375000 0.311646 -0.013618 0.036612 0.682064 -0.055099 -0.500036 -0.530770
5.376804 0.311758 -0.013506 0.036612 0.673499 -0.090894 -0.486552 -0.549003
5.378607 0.311869 -0.013506 0.036723 0.665151 -0.110875 -0.473183 -0.566902
5.380411 0.311869 -0.013395 0.036835 0.648186 -0.142682 -0.451219 -0.596573
5.382215 0.311981 -0.013395 0.036835 0.638194 -0.161691 -0.436252 -0.613391
5.384018 0.311981 -0.013395 0.036835 0.632519 -0.182634 -0.415802 -0.627433
5.385822 0.312093 -0.013395 0.036947 0.619080 -0.207704 -0.392643 -0.647635
5.387626 0.312204 -0.013283 0.036947 0.607122 -0.225398 -0.375865 -0.662815
5.389429 0.312204 -0.013283 0.036947 0.591915 -0.249155 -0.351103 -0.681385
5.391233 0.312204 -0.013283 0.036947 0.578693 -0.265776 -0.333148 -0.695334
5.393037 0.312204 -0.013171 0.036947 0.571600 -0.276456 -0.304413 -0.710055
5.394840 0.312316 -0.013171 0.036835 0.559530 -0.283805 -0.279873 -0.726672
5.396644 0.312316 -0.013171 0.036835 0.552127 -0.293827 -0.249943 -0.739154
5.398448 0.312316 -0.013171 0.036835 0.539658 -0.300124 -0.224420 -0.753877
5.400251 0.312316 -0.013171 0.036835 0.524567 -0.314172 -0.204363 -0.764435
5.402055 0.312316 -0.013171 0.036723 0.516617 -0.323010 -0.173102 -0.773826
5.403859 0.312316 -0.013060 0.036723 0.503599 -0.327655 -0.146422 -0.785869
5.405662 0.312316 -0.013060 0.036612 0.499177 -0.330340 -0.123089 -0.791547
5.407466 0.312427 -0.013060 0.036612 0.489679 -0.328666 -0.104707 -0.800768
5.409270 0.312427 -0.012948 0.036500 0.485367 -0.330996 -0.081041 -0.805167
5.411073 0.312427 -0.012948 0.036500 0.484761 -0.327951 -0.066110 -0.808136
5.412877 0.312427 -0.012836 0.036500 0.475286 -0.325436 -0.047544 -0.816047
5.414680 0.312539 -0.012836 0.036500 0.462199 -0.327639 -0.019941 -0.823788
5.416484 0.312539 -0.012836 0.036388 0.458572 -0.332697 -0.010890 -0.823958
5.418288 0.312539 -0.012725 0.036388 0.449102 -0.329214 0.007790 -0.830581
5.420091 0.312651 -0.012613 0.036388 0.439625 -0.325353 0.026423 -0.836766
5.421895 0.312651 -0.012613 0.036388 0.439382 -0.321591 0.041464 -0.837737
5.423699 0.312651 -0.012502 0.036388 0.426598 -0.325822 0.054248 -0.841969
5.425502 0.312762 -0.012390 0.036388 0.417322 -0.325206 0.057824 -0.846605
5.427306 0.312762 -0.012390 0.036388 0.404406 -0.329014 0.070740 -0.850412
5.429110 0.312762 -0.012278 0.036500 0.387823 -0.341245 0.078224 -0.852658
5.430913 0.312762 -0.012167 0.036500 0.374670 -0.344502 0.091377 -0.855915
5.432717 0.312762 -0.012167 0.036500 0.361449 -0.347469 0.104598 -0.858883
5.434521 0.312762 -0.012055 0.036500 0.348166 -0.350145 0.117882 -0.861559
5.436324 0.312762 -0.011943 0.036612 0.334827 -0.352528 0.131220 -0.863942
5.438128 0.312762 -0.011943 0.036612 0.317401 -0.363366 0.139491 -0.864733
5.439932 0.312762 -0.011832 0.036612 0.299858 -0.368489 0.162515 -0.864806
5.441735 0.312762 -0.011832 0.036612 0.286293 -0.369849 0.176080 -0.866166
5.443539 0.312762 -0.011720 0.036612 0.272702 -0.370910 0.189671 -0.867228
5.445343 0.312762 -0.011720 0.036612 0.259550 -0.365814 0.217621 -0.866865
5.447146 0.312762 -0.011720 0.036612 0.246003 -0.366126 0.231168 -0.867177
5.448950 0.312762 -0.011720 0.036612 0.237149 -0.357411 0.249338 -0.868244
5.450754 0.312762 -0.011609 0.036612 0.223687 -0.357130 0.262800 -0.867962
5.452557 0.312762 -0.011609 0.036612 0.215072 -0.347786 0.280672 -0.868339
5.454361 0.312762 -0.011609 0.036612 0.197897 -0.349113 0.303536 -0.864189
5.456165 0.312762 -0.011609 0.036612 0.189666 -0.339066 0.321070 -0.863698
5.457968 0.312762 -0.011609 0.036612 0.181618 -0.328708 0.338359 -0.862832
5.459772 0.312762 -0.011609 0.036500 0.172128 -0.324971 0.341950 -0.864775
5.461575 0.312762 -0.011609 0.036500 0.173766 -0.318045 0.355390 -0.861598
5.463379 0.312762 -0.011609 0.036500 0.164290 -0.314121 0.358863 -0.863455
5.465183 0.312762 -0.011609 0.036500 0.151377 -0.311842 0.371776 -0.861175
5.466986 0.312762 -0.011720 0.036500 0.156659 -0.302980 0.375505 -0.861776
5.468790 0.312762 -0.011720 0.036500 0.153321 -0.304683 0.384950 -0.857598
5.470594 0.312762 -0.011609 0.036500 0.143890 -0.300435 0.388274 -0.859231
5.472397 0.312762 -0.011609 0.036500 0.143890 -0.300435 0.388274 -0.859231
5.474201 0.312762 -0.011609 0.036500 0.143890 -0.300435 0.388274 -0.859231
5.476005 0.312762 -0.011609 0.036500 0.147182 -0.298836 0.378811 -0.863445
5.477808 0.312762 -0.011609 0.036500 0.147182 -0.298836 0.378811 -0.863445
5.479612 0.312762 -0.011609 0.036500 0.137687 -0.294657 0.382071 -0.865009
5.481416 0.312762 -0.011609 0.036500 0.137687 -0.294657 0.382071 -0.865009
5.483219 0.312762 -0.011609 0.036500 0.137687 -0.294657 0.382071 -0.865009
5.485023 0.312762 -0.011609 0.036500 0.137687 -0.294657 0.382071 -0.865009
5.486827 0.312762 -0.011609 0.036500 0.137687 -0.294657 0.382071 -0.865009
5.488630 0.312762 -0.011609 0.036500 0.137687 -0.294657 0.382071 -0.865009
5.490434 0.312762 -0.011609 0.036500 0.137687 -0.294657 0.382071 -0.865009
5.492238 0.312762 -0.011497 0.036500 0.137687 -0.294657 0.382071 -0.865009
5.494041 0.312762 -0.011497 0.036500 0.128175 -0.290442 0.385285 -0.866470
5.495845 0.312762 -0.011497 0.036500 0.128175 -0.290442 0.385285 -0.866470
5.497649 0.312762 -0.011497 0.036500 0.124977 -0.291832 0.394781 -0.862185
5.499452 0.312762 -0.011497 0.036500 0.124977 -0.291832 0.394781 -0.862185
5.501256 0.312762 -0.011497 0.036500 0.124977 -0.291832 0.394781 -0.862185
5.503059 0.312874 -0.011609 0.036500 0.115497 -0.287477 0.397963 -0.863506
5.504863 0.312874 -0.011609 0.036500 0.112332 -0.288729 0.407426 -0.859082
5.506667 0.312874 -0.011609 0.036612 0.112332 -0.288729 0.407426 -0.859082
5.508470 0.312874 -0.011609 0.036612 0.102887 -0.284235 0.410573 -0.860264
5.510274 0.312874 -0.011609 0.036612 0.094222 -0.294224 0.416735 -0.854919
5.512078 0.312874 -0.011609 0.036612 0.094222 -0.294224 0.416735 -0.854919
5.513881 0.312874 -0.011609 0.036612 0.081637 -0.290543 0.429320 -0.851237
5.515685 0.312986 -0.011609 0.036612 0.076002 -0.299357 0.426091 -0.850326
5.517489 0.312986 -0.011609 0.036723 0.063415 -0.295373 0.438679 -0.846342
5.519292 0.312986 -0.011609 0.036723 0.060166 -0.296051 0.447951 -0.841471
5.521096 0.312986 -0.011609 0.036723 0.041808 -0.300313 0.457278 -0.836039
5.522900 0.313097 -0.011609 0.036835 0.038506 -0.300754 0.466435 -0.830965
5.524703 0.313097 -0.011609 0.036835 0.026125 -0.295916 0.478816 -0.826127
5.526507 0.313097 -0.011609 0.036835 0.004395 -0.299365 0.497039 -0.814441
5.528311 0.313097 -0.011609 0.036947 0.001105 -0.299395 0.505956 -0.808931
5.530114 0.313209 -0.011609 0.036947 -0.014235 -0.293577 0.526864 -0.797511
5.531918 0.313209 -0.011609 0.036947 -0.022619 -0.279064 0.550366 -0.786580
5.533722 0.313209 -0.011609 0.036947 -0.037250 -0.272248 0.570540 -0.773936
5.535525 0.313320 -0.011609 0.036947 -0.051583 -0.264894 0.590353 -0.760693
5.537329 0.313320 -0.011497 0.036947 -0.069284 -0.241724 0.623314 -0.740438
5.539133 0.313320 -0.011497 0.036947 -0.077599 -0.224622 0.652424 -0.719629
5.540936 0.313432 -0.011497 0.036947 -0.084862 -0.207143 0.680510 -0.697708
5.542740 0.313432 -0.011385 0.036835 -0.098460 -0.181561 0.709566 -0.673689
5.544544 0.313432 -0.011385 0.036835 -0.105088 -0.162075 0.742370 -0.641541
5.546347 0.313544 -0.011274 0.036835 -0.115379 -0.135075 0.768189 -0.615083
5.548151 0.313655 -0.011274 0.036723 -0.118770 -0.114842 0.797505 -0.580251
5.549954 0.313767 -0.011162 0.036723 -0.120598 -0.094538 0.824909 -0.544100
5.551758 0.313767 -0.011162 0.036723 -0.126422 -0.064924 0.851109 -0.505386
5.553562 0.313879 -0.011050 0.036612 -0.124710 -0.044540 0.874306 -0.466962
5.555365 0.313990 -0.011050 0.036612 -0.126547 -0.039018 0.893976 -0.428102
5.557169 0.314102 -0.010939 0.036612 -0.117808 -0.030396 0.908770 -0.399167
5.558973 0.314213 -0.010939 0.036612 -0.122793 -0.016372 0.921666 -0.367676
5.560776 0.314325 -0.010827 0.036612 -0.123393 -0.010962 0.936929 -0.326832
5.562580 0.314325 -0.010827 0.036723 -0.134061 -0.010217 0.945978 -0.295042
5.564384 0.314437 -0.010827 0.036723 -0.142092 -0.017695 0.956530 -0.254061
5.566187 0.314437 -0.010827 0.036835 -0.142598 -0.013003 0.964383 -0.222403
5.567991 0.314548 -0.010827 0.036835 -0.140848 -0.018966 0.971038 -0.192062
5.569795 0.314548 -0.010827 0.036835 -0.152115 -0.016098 0.975259 -0.159599
5.571598 0.314548 -0.010827 0.036947 -0.151154 -0.021842 0.979808 -0.129043
5.573402 0.314660 -0.010827 0.036947 -0.162588 -0.017904 0.981797 -0.096537
5.575206 0.314660 -0.010827 0.037058 -0.173896 -0.013233 0.982591 -0.064033
5.577009 0.314660 -0.010827 0.037170 -0.173879 -0.018307 0.984026 -0.033531
5.578813 0.314660 -0.010827 0.037170 -0.185195 -0.012529 0.982621 -0.001229
5.580617 0.314660 -0.010827 0.037281 -0.196284 -0.006024 0.980040 0.030941
5.582420 0.314660 -0.010939 0.037281 -0.196369 -0.001710 0.979124 0.052466
5.584224 0.314660 -0.010939 0.037281 -0.196318 0.004762 0.976863 0.084702
5.586028 0.314660 -0.010939 0.037393 -0.206732 0.012567 0.971363 0.116439
5.587831 0.314660 -0.010939 0.037393 -0.204880 0.027746 0.968324 0.140012
5.589635 0.314771 -0.010939 0.037393 -0.203854 0.034482 0.963184 0.171845
5.591438 0.314771 -0.010939 0.037393 -0.203047 0.038953 0.959176 0.192966
5.593242 0.314771 -0.010939 0.037393 -0.212617 0.045761 0.952436 0.213462
5.595046 0.314771 -0.010827 0.037393 -0.211560 0.050422 0.947516 0.234336
5.596849 0.314883 -0.010827 0.037393 -0.209784 0.057366 0.939279 0.265432
5.598653 0.314883 -0.010827 0.037393 -0.208473 0.061961 0.933221 0.286005
5.600457 0.314883 -0.010716 0.037281 -0.200233 0.052938 0.929555 0.305011
5.602260 0.314995 -0.010716 0.037281 -0.198380 0.059508 0.918999 0.335477
5.604064 0.314995 -0.010604 0.037281 -0.197025 0.063852 0.911407 0.355587
5.605868 0.315106 -0.010604 0.037281 -0.184947 0.066017 0.901169 0.386433
5.607671 0.315106 -0.010492 0.037170 -0.187229 0.062316 0.888684 0.413887
5.609475 0.315106 -0.010381 0.037170 -0.175502 0.063490 0.876307 0.444132
5.611279 0.315218 -0.010269 0.037058 -0.163178 0.065752 0.857538 0.483403
5.613082 0.315330 -0.010158 0.036947 -0.150992 0.067056 0.836907 0.521816
5.614886 0.315330 -0.010046 0.036947 -0.147083 0.075245 0.806994 0.566979
5.616690 0.315441 -0.010046 0.036947 -0.127536 0.084947 0.774960 0.613153
5.618493 0.315553 -0.009934 0.036835 -0.121663 0.093163 0.732888 0.662868
5.620297 0.315553 -0.009934 0.036835 -0.106260 0.109697 0.678630 0.718426
5.622101 0.315664 -0.009823 0.036835 -0.091883 0.108080 0.630848 0.762828
5.623904 0.315776 -0.009823 0.036723 -0.075740 0.120254 0.577944 0.803606
5.625708 0.315888 -0.009711 0.036723 -0.047682 0.136992 0.511609 0.846886
5.627512 0.315999 -0.009711 0.036723 -0.028898 0.144822 0.453150 0.879117
5.629315 0.316111 -0.009599 0.036723 -0.009330 0.150734 0.392626 0.907214
5.631119 0.316223 -0.009599 0.036723 0.012547 0.154531 0.320087 0.934616
5.632923 0.316223 -0.009599 0.036723 0.016645 0.174177 0.255589 0.950820
5.634726 0.316334 -0.009599 0.036723 0.026183 0.173001 0.203000 0.963419
5.636530 0.316446 -0.009599 0.036612 0.031766 0.182305 0.159477 0.969702
5.638333 0.316446 -0.009488 0.036612 0.052004 0.171317 0.115775 0.977007
5.640137 0.316446 -0.009376 0.036500 0.057621 0.169510 0.083517 0.980291
5.641941 0.316557 -0.009376 0.036500 0.063176 0.167519 0.051168 0.982511
5.643744 0.316557 -0.009265 0.036500 0.070474 0.164582 0.007955 0.983810
5.645548 0.316557 -0.009265 0.036388 0.063261 0.163134 -0.011870 0.984502
5.647352 0.316446 -0.009265 0.036388 0.056015 0.162063 -0.031719 0.984678
5.649155 0.316446 -0.009153 0.036388 0.059955 0.171600 -0.053834 0.981866
5.650959 0.316446 -0.009041 0.036277 0.061837 0.170931 -0.064618 0.981215
5.652763 0.316334 -0.009041 0.036277 0.064829 0.158743 -0.085734 0.981452
5.654566 0.316334 -0.008930 0.036277 0.066569 0.158022 -0.096511 0.980451
5.656370 0.316334 -0.008818 0.036277 0.068301 0.157281 -0.107277 0.979331
5.658174 0.316223 -0.008818 0.036165 0.070025 0.156521 -0.118029 0.978093
5.659977 0.316223 -0.008818 0.036165 0.073447 0.154945 -0.139490 0.975264
5.661781 0.316223 -0.008818 0.036165 0.087273 0.163180 -0.152299 0.970856
5.663585 0.316111 -0.008706 0.036277 0.101222 0.171081 -0.165222 0.966016
5.665388 0.316111 -0.008706 0.036277 0.113682 0.168017 -0.177682 0.962952
5.667192 0.316111 -0.008595 0.036277 0.127764 0.175282 -0.190730 0.957379
5.668996 0.316111 -0.008595 0.036277 0.142045 0.170096 -0.213600 0.951454
5.670799 0.316111 -0.008595 0.036277 0.156296 0.176559 -0.226668 0.944998
5.672603 0.316111 -0.008595 0.036388 0.172608 0.180784 -0.250083 0.935405
5.674407 0.316223 -0.008483 0.036388 0.189075 0.184314 -0.273348 0.924965
5.676210 0.316223 -0.008483 0.036500 0.215691 0.183877 -0.298466 0.911364
5.678014 0.316223 -0.008483 0.036500 0.241376 0.169413 -0.332139 0.895947
5.679817 0.316223 -0.008372 0.036612 0.257689 0.170247 -0.354629 0.882525
5.681621 0.316334 -0.008372 0.036612 0.285345 0.163106 -0.388149 0.860996
5.683425 0.316446 -0.008260 0.036612 0.310689 0.141026 -0.428801 0.836489
5.685228 0.316557 -0.008260 0.036612 0.329369 0.131670 -0.467635 0.809627
5.687032 0.316557 -0.008148 0.036723 0.353217 0.102125 -0.513749 0.775158
5.688836 0.316669 -0.008148 0.036723 0.375341 0.066233 -0.565285 0.731564
5.690639 0.316781 -0.008037 0.036723 0.386476 0.034636 -0.612663 0.688535
5.692443 0.316892 -0.007925 0.036723 0.396377 -0.009221 -0.648823 0.649483
5.694247 0.317116 -0.007813 0.036612 0.394728 -0.055138 -0.695634 0.597698
5.696050 0.317227 -0.007702 0.036612 0.382590 -0.103840 -0.731322 0.554986
5.697854 0.317339 -0.007702 0.036500 0.365748 -0.150987 -0.763649 0.510168
5.699658 0.317450 -0.007590 0.036500 0.344372 -0.196147 -0.792500 0.463549
5.701461 0.317562 -0.007590 0.036388 0.323218 -0.247875 -0.815116 0.411914
5.703265 0.317674 -0.007590 0.036388 0.301518 -0.282977 -0.836964 0.358472
5.705069 0.317785 -0.007479 0.036388 0.283528 -0.310001 -0.848133 0.322770
5.706872 0.317897 -0.007479 0.036277 0.263793 -0.335879 -0.857487 0.286906
5.708676 0.318009 -0.007479 0.036277 0.238410 -0.363146 -0.867745 0.241462
5.710480 0.318120 -0.007367 0.036277 0.228638 -0.380399 -0.871104 0.210236
5.712283 0.318232 -0.007367 0.036277 0.213580 -0.399714 -0.875161 0.169429
5.714087 0.318343 -0.007479 0.036277 0.201824 -0.416182 -0.875749 0.138289
5.715891 0.318343 -0.007479 0.036277 0.189189 -0.432247 -0.875135 0.107283
5.717694 0.318455 -0.007479 0.036388 0.180846 -0.457345 -0.868664 0.059606
5.719498 0.318455 -0.007479 0.036388 0.180509 -0.468877 -0.863986 0.033156
5.721302 0.318567 -0.007479 0.036500 0.179502 -0.471020 -0.863622 0.008708
5.723105 0.318567 -0.007479 0.036500 0.178280 -0.482735 -0.857246 -0.017664
5.724909 0.318678 -0.007479 0.036612 0.167631 -0.486535 -0.856651 -0.036494
5.726712 0.318678 -0.007590 0.036612 0.165558 -0.498232 -0.848785 -0.062607
5.728516 0.318678 -0.007590 0.036612 0.160074 -0.500021 -0.848046 -0.071928
5.730320 0.318790 -0.007590 0.036612 0.158341 -0.502424 -0.844553 -0.096063
5.732123 0.318790 -0.007590 0.036612 0.158341 -0.502424 -0.844553 -0.096063
5.733927 0.318790 -0.007590 0.036723 0.162095 -0.503181 -0.841577 -0.110823
5.735731 0.318790 -0.007590 0.036723 0.162095 -0.503181 -0.841577 -0.110823
5.737534 0.318790 -0.007479 0.036723 0.156557 -0.504931 -0.840309 -0.120062
5.739338 0.318790 -0.007479 0.036723 0.162095 -0.503181 -0.841577 -0.110823
5.741142 0.318790 -0.007479 0.036723 0.163303 -0.493905 -0.847055 -0.109036
5.742945 0.318790 -0.007367 0.036723 0.163303 -0.493905 -0.847055 -0.109036
5.744749 0.318790 -0.007367 0.036723 0.163303 -0.493905 -0.847055 -0.109036
5.746553 0.318790 -0.007367 0.036723 0.163303 -0.493905 -0.847055 -0.109036
5.748356 0.318790 -0.007255 0.036723 0.163303 -0.493905 -0.847055 -0.109036
5.750160 0.318790 -0.007255 0.036723 0.169804 -0.482733 -0.853556 -0.097864
5.751964 0.318790 -0.007255 0.036723 0.169804 -0.482733 -0.853556 -0.097864
5.753767 0.318790 -0.007144 0.036723 0.169804 -0.482733 -0.853556 -0.097864
5.755571 0.318790 -0.007144 0.036723 0.169804 -0.482733 -0.853556 -0.097864
5.757375 0.318678 -0.007144 0.036723 0.170869 -0.473326 -0.858808 -0.095992
5.759178 0.318678 -0.007144 0.036723 0.170869 -0.473326 -0.858808 -0.095992
5.760982 0.318678 -0.007144 0.036723 0.180297 -0.472275 -0.856862 -0.101180
5.762786 0.318678 -0.007144 0.036723 0.180297 -0.472275 -0.856862 -0.101180
5.764589 0.318678 -0.007144 0.036723 0.180297 -0.472275 -0.856862 -0.101180
5.766393 0.318678 -0.007144 0.036723 0.175098 -0.474227 -0.855698 -0.110588
5.768196 0.318678 -0.007144 0.036723 0.175098 -0.474227 -0.855698 -0.110588
5.770000 0.318678 -0.007144 0.036835 0.175098 -0.474227 -0.855698 -0.110588
5.771804 0.318678 -0.007144 0.036835 0.175098 -0.474227 -0.855698 -0.110588
5.773607 0.318678 -0.007144 0.036835 0.169878 -0.476122 -0.854432 -0.119982
5.775411 0.318678 -0.007144 0.036835 0.171185 -0.466707 -0.859611 -0.118108
5.777215 0.318678 -0.007144 0.036835 0.180670 -0.465829 -0.857438 -0.123134
5.779018 0.318678 -0.007144 0.036835 0.175541 -0.467786 -0.856033 -0.132546
5.780822 0.318678 -0.007144 0.036835 0.175541 -0.467786 -0.856033 -0.132546
5.782626 0.318678 -0.007032 0.036835 0.166048 -0.468559 -0.858261 -0.127545
5.784429 0.318678 -0.007032 0.036835 0.162385 -0.460914 -0.861924 -0.135190
5.786233 0.318678 -0.007032 0.036835 0.162385 -0.460914 -0.861924 -0.135190
5.788037 0.318678 -0.007032 0.036835 0.162385 -0.460914 -0.861924 -0.135190
5.789840 0.318678 -0.007032 0.036835 0.157312 -0.462670 -0.860387 -0.144651
5.791644 0.318678 -0.007032 0.036723 0.149258 -0.453648 -0.867663 -0.138156
5.793448 0.318678 -0.007032 0.036723 0.144265 -0.455260 -0.866093 -0.147680
5.795251 0.318790 -0.007032 0.036723 0.144265 -0.455260 -0.866093 -0.147680
5.797055 0.318790 -0.007032 0.036723 0.139255 -0.456818 -0.864418 -0.157186
5.798859 0.318790 -0.007032 0.036723 0.124568 -0.458405 -0.864935 -0.161971
5.800662 0.318790 -0.007032 0.036723 0.119524 -0.459746 -0.863103 -0.171464
5.802466 0.318790 -0.007032 0.036723 0.114466 -0.461032 -0.861168 -0.180936
5.804270 0.318790 -0.007032 0.036723 0.104309 -0.463435 -0.856984 -0.199813
5.806073 0.318790 -0.007032 0.036723 0.096907 -0.473915 -0.849582 -0.210293
5.807877 0.318901 -0.007032 0.036723 0.090818 -0.477585 -0.839483 -0.242762
5.809681 0.318901 -0.006921 0.036835 0.080303 -0.479465 -0.833946 -0.261148
5.811484 0.318901 -0.006921 0.036835 0.070755 -0.492050 -0.816476 -0.293679
5.813288 0.318901 -0.007032 0.036835 0.045450 -0.503473 -0.797303 -0.329784
5.815091 0.318901 -0.007032 0.036947 0.032568 -0.506878 -0.778477 -0.368765
5.816895 0.319013 -0.007032 0.036947 0.011515 -0.516059 -0.760279 -0.394368
5.818699 0.319013 -0.006921 0.036947 -0.021619 -0.523984 -0.731767 -0.435304
5.820502 0.319013 -0.006921 0.036947 -0.035747 -0.525472 -0.707686 -0.470938
5.822306 0.319013 -0.006921 0.036947 -0.064303 -0.530903 -0.680522 -0.500896
5.824110 0.319125 -0.006921 0.036947 -0.099255 -0.533702 -0.646170 -0.536446
5.825913 0.319125 -0.006921 0.036947 -0.128407 -0.527448 -0.615742 -0.571114
5.827717 0.319236 -0.006809 0.036947 -0.158011 -0.527749 -0.584295 -0.595913
5.829521 0.319236 -0.006809 0.036835 -0.193626 -0.524296 -0.544969 -0.625005
5.831324 0.319236 -0.006697 0.036835 -0.231057 -0.515818 -0.516790 -0.643018
5.833128 0.319348 -0.006697 0.036723 -0.247929 -0.507924 -0.495320 -0.659699
5.834932 0.319348 -0.006586 0.036723 -0.270003 -0.496542 -0.465861 -0.680822
5.836735 0.319460 -0.006474 0.036723 -0.293846 -0.492214 -0.437792 -0.692617
5.838539 0.319571 -0.006474 0.036723 -0.308606 -0.484964 -0.400996 -0.713285
5.840343 0.319571 -0.006474 0.036612 -0.337615 -0.474966 -0.364078 -0.726547
5.842146 0.319683 -0.006362 0.036612 -0.358155 -0.459676 -0.331808 -0.741840
5.843950 0.319683 -0.006362 0.036500 -0.373108 -0.447624 -0.307182 -0.752371
5.845754 0.319683 -0.006251 0.036500 -0.387656 -0.435086 -0.282222 -0.762085
5.847557 0.319794 -0.006139 0.036500 -0.396418 -0.429204 -0.250613 -0.771900
5.849361 0.319794 -0.006139 0.036500 -0.409795 -0.418683 -0.210057 -0.782719
5.851165 0.319906 -0.006139 0.036500 -0.418465 -0.412375 -0.177710 -0.789464
5.852968 0.319906 -0.006139 0.036388 -0.436177 -0.393594 -0.142856 -0.796508
5.854772 0.320018 -0.006139 0.036388 -0.453047 -0.374052 -0.107727 -0.802015
5.856575 0.320018 -0.006139 0.036388 -0.461098 -0.366837 -0.074806 -0.804502
5.858379 0.320018 -0.006139 0.036388 -0.472936 -0.351443 -0.048254 -0.806530
5.860183 0.320018 -0.006139 0.036388 -0.493104 -0.335885 -0.017962 -0.802313
5.861986 0.320129 -0.006139 0.036388 -0.503905 -0.319453 0.008487 -0.802470
5.863790 0.320129 -0.006139 0.036277 -0.510802 -0.308305 0.026116 -0.802089
5.865594 0.320129 -0.006139 0.036388 -0.520684 -0.291305 0.052533 -0.800793
5.867397 0.320241 -0.006139 0.036277 -0.530001 -0.273989 0.078893 -0.798627
5.869201 0.320241 -0.006028 0.036277 -0.535893 -0.262278 0.096420 -0.796701
5.871005 0.320241 -0.006028 0.036277 -0.552378 -0.240682 0.110338 -0.790428
5.872808 0.320353 -0.006028 0.036277 -0.559435 -0.219922 0.121401 -0.789891
5.874612 0.320353 -0.005916 0.036277 -0.561817 -0.213763 0.130072 -0.788510
5.876416 0.320353 -0.005916 0.036277 -0.564132 -0.207578 0.138727 -0.787033
5.878219 0.320353 -0.005804 0.036277 -0.574973 -0.199737 0.149568 -0.779192
5.880023 0.320464 -0.005693 0.036388 -0.579223 -0.187056 0.166652 -0.775718
5.881827 0.320464 -0.005693 0.036388 -0.581243 -0.180681 0.175164 -0.773840
5.883630 0.320464 -0.005581 0.036388 -0.583193 -0.174285 0.183654 -0.771869
5.885434 0.320464 -0.005469 0.036388 -0.583900 -0.176499 0.198288 -0.767197
5.887238 0.320576 -0.005469 0.036388 -0.585804 -0.170074 0.206705 -0.764972
5.889041 0.320576 -0.005358 0.036500 -0.586583 -0.172263 0.221177 -0.759820
5.890845 0.320576 -0.005358 0.036500 -0.579088 -0.177013 0.233602 -0.760759
5.892649 0.320576 -0.005246 0.036500 -0.580027 -0.179323 0.247809 -0.754986
5.894452 0.320464 -0.005246 0.036612 -0.581016 -0.181611 0.261886 -0.748902
5.896256 0.320464 -0.005135 0.036612 -0.573862 -0.186897 0.273789 -0.748860
5.898060 0.320464 -0.005135 0.036612 -0.575025 -0.189291 0.287560 -0.742176
5.899863 0.320464 -0.005135 0.036723 -0.576239 -0.191659 0.301180 -0.735191
5.901667 0.320464 -0.005135 0.036723 -0.569474 -0.197445 0.312494 -0.734209
5.903470 0.320464 -0.005135 0.036723 -0.568644 -0.206163 0.317765 -0.730182
5.905274 0.320464 -0.005135 0.036723 -0.570071 -0.208606 0.330956 -0.722476
5.907078 0.320353 -0.005135 0.036723 -0.564397 -0.206042 0.336629 -0.725040
5.908881 0.320353 -0.005135 0.036723 -0.565994 -0.208578 0.349532 -0.716920
5.910685 0.320353 -0.005135 0.036723 -0.565994 -0.208578 0.349532 -0.716920
5.912489 0.320353 -0.005135 0.036612 -0.558083 -0.212406 0.347219 -0.723095
5.914292 0.320353 -0.005135 0.036612 -0.560383 -0.206262 0.355142 -0.719236
5.916096 0.320353 -0.005135 0.036612 -0.559827 -0.215046 0.359911 -0.714711
5.917900 0.320353 -0.005135 0.036612 -0.559827 -0.215046 0.359911 -0.714711
5.919703 0.320353 -0.005135 0.036500 -0.562156 -0.208883 0.367742 -0.710714
5.921507 0.320353 -0.005135 0.036500 -0.562615 -0.200093 0.363022 -0.715291
5.923311 0.320353 -0.005135 0.036500 -0.562615 -0.200093 0.363022 -0.715291
5.925114 0.320353 -0.005135 0.036500 -0.570440 -0.196092 0.365199 -0.709067
5.926918 0.320353 -0.005135 0.036388 -0.572559 -0.189814 0.372966 -0.705012
5.928722 0.320353 -0.005135 0.036388 -0.572559 -0.189814 0.372966 -0.705012
5.930525 0.320353 -0.005135 0.036388 -0.572559 -0.189814 0.372966 -0.705012
5.932329 0.320353 -0.005135 0.036388 -0.580270 -0.185705 0.375029 -0.698680
5.934133 0.320353 -0.005135 0.036388 -0.582574 -0.170603 0.377826 -0.699106
5.935936 0.320353 -0.005135 0.036388 -0.582574 -0.170603 0.377826 -0.699106
5.937740 0.320353 -0.005135 0.036388 -0.584413 -0.164192 0.385484 -0.694913
5.939544 0.320353 -0.005135 0.036388 -0.584413 -0.164192 0.385484 -0.694913
5.941347 0.320353 -0.005135 0.036388 -0.593734 -0.153434 0.394805 -0.684155
5.943151 0.320353 -0.005135 0.036388 -0.595320 -0.155571 0.407095 -0.675030
5.944954 0.320353 -0.005135 0.036388 -0.596993 -0.149021 0.414486 -0.670517
5.946758 0.320353 -0.005135 0.036388 -0.605874 -0.137810 0.423367 -0.659307
5.948562 0.320353 -0.005135 0.036277 -0.607352 -0.131146 0.430585 -0.654616
5.950365 0.320353 -0.005135 0.036277 -0.608756 -0.124466 0.437750 -0.649846
5.952169 0.320464 -0.005135 0.036277 -0.611343 -0.111061 0.451922 -0.640071
5.953973 0.320464 -0.005135 0.036277 -0.620520 -0.092478 0.466920 -0.623208
5.955776 0.320464 -0.005246 0.036277 -0.622402 -0.078822 0.480500 -0.612799
5.957580 0.320464 -0.005246 0.036277 -0.623984 -0.065129 0.493848 -0.602094
5.959384 0.320464 -0.005246 0.036165 -0.631007 -0.030461 0.509645 -0.584093
5.961187 0.320576 -0.005246 0.036165 -0.631668 -0.009651 0.528615 -0.566982
5.962991 0.320576 -0.005246 0.036054 -0.629835 0.019499 0.543084 -0.554966
5.964795 0.320687 -0.005246 0.036054 -0.629718 0.069758 0.558656 -0.535250
5.966598 0.320687 -0.005246 0.035942 -0.623353 0.105424 0.577919 -0.516069
5.968402 0.320799 -0.005246 0.035830 -0.621993 0.140353 0.589516 -0.495880
5.970206 0.320911 -0.005246 0.035719 -0.611841 0.175304 0.607248 -0.475573
5.972009 0.321022 -0.005135 0.035607 -0.604710 0.216441 0.621924 -0.447983
5.973813 0.321022 -0.005135 0.035607 -0.591009 0.264413 0.631712 -0.426302
5.975617 0.321134 -0.005135 0.035496 -0.583162 0.297243 0.646604 -0.391756
5.977420 0.321246 -0.005135 0.035496 -0.569835 0.336122 0.663485 -0.349425
5.979224 0.321357 -0.005023 0.035496 -0.554519 0.360831 0.678195 -0.319940
5.981028 0.321357 -0.005023 0.035496 -0.546467 0.386106 0.689640 -0.276933
5.982831 0.321469 -0.004911 0.035496 -0.536966 0.411312 0.698585 -0.233386
5.984635 0.321580 -0.004911 0.035496 -0.526005 0.436357 0.704999 -0.189441
5.986439 0.321692 -0.004800 0.035607 -0.511954 0.453332 0.713883 -0.150880
5.988242 0.321692 -0.004800 0.035607 -0.503775 0.472251 0.714233 -0.114286
5.990046 0.321804 -0.004800 0.035719 -0.494185 0.483117 0.719585 -0.067655
5.991849 0.321804 -0.004688 0.035830 -0.489758 0.488478 0.721597 -0.028715
5.993653 0.321915 -0.004688 0.035942 -0.479589 0.507036 0.715792 0.023466
5.995457 0.321915 -0.004688 0.035942 -0.474558 0.512319 0.713051 0.062299
5.997260 0.322027 -0.004576 0.036054 -0.476118 0.504566 0.714840 0.087907
5.999064 0.322027 -0.004576 0.036054 -0.465366 0.514986 0.709995 0.118877
6.000868 0.322138 -0.004576 0.036165 -0.460126 0.520162 0.705402 0.141858
6.002671 0.322138 -0.004465 0.036165 -0.454826 0.525296 0.700058 0.164671
6.004475 0.322138 -0.004465 0.036277 -0.455702 0.525544 0.691584 0.194551
6.006279 0.322250 -0.004353 0.036277 -0.450334 0.530662 0.684515 0.216877
6.008082 0.322250 -0.004353 0.036388 -0.444904 0.535735 0.676719 0.238955
6.009886 0.322250 -0.004353 0.036388 -0.445328 0.535902 0.671027 0.253405
6.011690 0.322250 -0.004242 0.036388 -0.430475 0.552833 0.659264 0.272832
6.013493 0.322362 -0.004242 0.036388 -0.430735 0.552949 0.652942 0.287022
6.015297 0.322362 -0.004242 0.036388 -0.421377 0.564753 0.643583 0.298825
6.017101 0.322362 -0.004130 0.036388 -0.415147 0.569348 0.640262 0.305877
6.018904 0.322362 -0.004130 0.036388 -0.405405 0.580836 0.630519 0.317366
6.020708 0.322473 -0.004018 0.036388 -0.398949 0.585229 0.619750 0.338018
6.022512 0.322473 -0.004018 0.036500 -0.382110 0.600543 0.605613 0.355772
6.024315 0.322585 -0.004018 0.036500 -0.377835 0.606959 0.591140 0.373357
6.026119 0.322585 -0.004018 0.036500 -0.353774 0.625701 0.579953 0.383401
6.027923 0.322697 -0.004018 0.036500 -0.346879 0.629550 0.575706 0.389749
6.029726 0.322697 -0.003907 0.036500 -0.328523 0.643210 0.559971 0.405938
6.031530 0.322808 -0.003907 0.036500 -0.305944 0.662825 0.545184 0.412111
6.033333 0.322920 -0.003795 0.036500 -0.286631 0.675235 0.528612 0.427165
6.035137 0.322920 -0.003795 0.036388 -0.260476 0.690756 0.515788 0.434708
6.036941 0.323031 -0.003795 0.036388 -0.233874 0.705376 0.502690 0.441644
6.038744 0.323031 -0.003795 0.036388 -0.198947 0.721311 0.484394 0.453314
6.040548 0.323143 -0.003684 0.036277 -0.163344 0.735625 0.465699 0.464003
6.042352 0.323143 -0.003684 0.036277 -0.128771 0.749617 0.456373 0.461753
6.044155 0.323255 -0.003572 0.036165 -0.088861 0.767055 0.438588 0.459751
6.045959 0.323255 -0.003460 0.036054 -0.053821 0.778094 0.429069 0.455601
6.047763 0.323366 -0.003460 0.036054 -0.009986 0.787853 0.414624 0.455275
6.049566 0.323366 -0.003349 0.035942 0.022543 0.789350 0.404254 0.461515
6.051370 0.323366 -0.003349 0.035830 0.075529 0.794204 0.385086 0.463944
6.053174 0.323366 -0.003349 0.035830 0.119828 0.797036 0.371313 0.460978
6.054977 0.323478 -0.003349 0.035719 0.172733 0.795716 0.352868 0.460960
6.056781 0.323478 -0.003237 0.035719 0.198860 0.789591 0.337487 0.472338
6.058585 0.323590 -0.003237 0.035719 0.236355 0.786051 0.318957 0.473842
6.060388 0.323590 -0.003237 0.035719 0.262130 0.777836 0.303169 0.484095
6.062192 0.323590 -0.003237 0.035719 0.281347 0.769235 0.280777 0.500285
6.063996 0.323701 -0.003237 0.035830 0.312119 0.762402 0.255778 0.505868
6.065799 0.323701 -0.003349 0.035830 0.332882 0.749415 0.219698 0.528487
6.067603 0.323813 -0.003349 0.035942 0.351145 0.738840 0.195130 0.541052
6.069407 0.323924 -0.003349 0.036054 0.362721 0.728618 0.162701 0.557743
6.071210 0.323924 -0.003349 0.036165 0.373833 0.718088 0.129331 0.572602
6.073014 0.324036 -0.003349 0.036277 0.390903 0.706369 0.102762 0.581100
6.074818 0.324036 -0.003349 0.036388 0.393449 0.699618 0.074484 0.591764
6.076621 0.324036 -0.003460 0.036388 0.403282 0.688373 0.039157 0.601642
6.078425 0.324148 -0.003460 0.036500 0.411754 0.680416 0.017947 0.605946
6.080228 0.324148 -0.003460 0.036612 0.413390 0.673389 -0.011487 0.612800
6.082032 0.324148 -0.003460 0.036612 0.421426 0.665261 -0.033074 0.615414
6.083836 0.324259 -0.003349 0.036723 0.428709 0.660591 -0.039833 0.615013
6.085639 0.324259 -0.003349 0.036723 0.443120 0.651012 -0.053335 0.613990
6.087443 0.324371 -0.003349 0.036723 0.450245 0.646105 -0.060078 0.613367
6.089247 0.324371 -0.003349 0.036723 0.450557 0.641815 -0.059765 0.617657
6.091050 0.324371 -0.003237 0.036612 0.457581 0.636826 -0.066547 0.616963
6.092854 0.324371 -0.003237 0.036612 0.471129 0.630044 -0.065007 0.613885
6.094658 0.324483 -0.003237 0.036612 0.478023 0.624830 -0.071747 0.613134
6.096461 0.324483 -0.003237 0.036612 0.484858 0.619541 -0.078478 0.612309
6.098265 0.324594 -0.003125 0.036612 0.498095 0.612171 -0.076804 0.609302
6.100069 0.324594 -0.003125 0.036612 0.517798 0.603650 -0.081701 0.600681
6.101872 0.324594 -0.003125 0.036612 0.517798 0.603650 -0.081701 0.600681
6.103676 0.324706 -0.003014 0.036612 0.524398 0.597925 -0.088295 0.599747
6.105480 0.324706 -0.003014 0.036612 0.537481 0.591050 -0.101378 0.592872
6.107283 0.324706 -0.003014 0.036612 0.543942 0.585109 -0.107886 0.591722
6.109087 0.324817 -0.003014 0.036612 0.563106 0.571655 -0.127148 0.583058
6.110891 0.324817 -0.003014 0.036612 0.575707 0.563932 -0.139750 0.575336
6.112694 0.324929 -0.003014 0.036612 0.587921 0.555251 -0.137372 0.571991
6.114498 0.324929 -0.003014 0.036612 0.606192 0.540520 -0.155854 0.562209
6.116302 0.324929 -0.002902 0.036612 0.618214 0.532016 -0.167876 0.553704
6.118105 0.324929 -0.002902 0.036612 0.630046 0.523249 -0.179708 0.544938
6.119909 0.324929 -0.002902 0.036612 0.641683 0.514225 -0.191345 0.535913
6.121713 0.324929 -0.002902 0.036612 0.664335 0.495388 -0.199589 0.522891
6.123516 0.324929 -0.002902 0.036612 0.675417 0.485774 -0.210671 0.513277
6.125320 0.325041 -0.002902 0.036612 0.686285 0.475919 -0.221539 0.503422
6.127123 0.325041 -0.002791 0.036612 0.691827 0.473582 -0.212465 0.501950
6.128927 0.325041 -0.002791 0.036500 0.702435 0.463530 -0.223072 0.491898
6.130731 0.325041 -0.002679 0.036500 0.713196 0.458798 -0.218983 0.482599
6.132534 0.325041 -0.002679 0.036500 0.718455 0.456364 -0.224010 0.474735
6.134338 0.325041 -0.002567 0.036500 0.728904 0.451769 -0.219767 0.465087
6.136142 0.325041 -0.002567 0.036500 0.733970 0.449328 -0.224717 0.457051
6.137945 0.325041 -0.002567 0.036388 0.744095 0.444875 -0.220325 0.447063
6.139749 0.325152 -0.002456 0.036388 0.748962 0.442428 -0.225199 0.438862
6.141553 0.325152 -0.002456 0.036388 0.753738 0.439927 -0.230046 0.430607
6.143356 0.325152 -0.002344 0.036388 0.758423 0.437373 -0.234866 0.422300
6.145160 0.325152 -0.002344 0.036388 0.767985 0.433168 -0.230236 0.411772
6.146964 0.325152 -0.002344 0.036388 0.772462 0.430613 -0.234981 0.403310
6.148767 0.325264 -0.002344 0.036388 0.772462 0.430613 -0.234981 0.403310
6.150571 0.325264 -0.002344 0.036388 0.776846 0.428005 -0.239697 0.394799
6.152375 0.325264 -0.002232 0.036388 0.781137 0.425346 -0.244385 0.386241
6.154178 0.325264 -0.002232 0.036388 0.785333 0.422635 -0.249043 0.377636
6.155982 0.325264 -0.002232 0.036388 0.789929 0.413982 -0.253177 0.374877
6.157786 0.325264 -0.002232 0.036388 0.793999 0.411176 -0.257710 0.366176
6.159589 0.325264 -0.002232 0.036388 0.793999 0.411176 -0.257710 0.366176
6.161393 0.325264 -0.002344 0.036388 0.797974 0.408320 -0.262211 0.357431
6.163197 0.325264 -0.002344 0.036388 0.797974 0.408320 -0.262211 0.357431
6.165000 0.325264 -0.002344 0.036388 0.801853 0.405414 -0.266681 0.348643
6.166804 0.325264 -0.002344 0.036388 0.806533 0.404443 -0.257106 0.346160
6.168607 0.325264 -0.002344 0.036388 0.806533 0.404443 -0.257106 0.346160
6.170411 0.325264 -0.002344 0.036388 0.810287 0.401594 -0.261534 0.337278
6.172215 0.325264 -0.002344 0.036388 0.810287 0.401594 -0.261534 0.337278
6.174018 0.325264 -0.002344 0.036388 0.810391 0.409608 -0.248225 0.337450
6.175822 0.325264 -0.002344 0.036388 0.810391 0.409608 -0.248225 0.337450
6.177626 0.325264 -0.002344 0.036388 0.814049 0.406856 -0.252710 0.328527
6.179429 0.325264 -0.002344 0.036388 0.818486 0.406048 -0.243082 0.325756
6.181233 0.325264 -0.002344 0.036388 0.817534 0.412359 -0.244034 0.319445
6.183037 0.325375 -0.002344 0.036277 0.817277 0.420660 -0.230909 0.319038
6.184840 0.325375 -0.002344 0.036277 0.820732 0.418098 -0.235516 0.310040
6.186644 0.325375 -0.002344 0.036277 0.826230 0.430251 -0.218999 0.290290
6.188448 0.325375 -0.002344 0.036277 0.828510 0.436651 -0.211019 0.279961
6.190251 0.325375 -0.002344 0.036277 0.828480 0.450125 -0.205224 0.262471
6.192055 0.325487 -0.002344 0.036277 0.827574 0.463944 -0.200180 0.244551
6.193859 0.325487 -0.002344 0.036165 0.834182 0.469314 -0.188931 0.219523
6.195662 0.325487 -0.002344 0.036165 0.833539 0.481871 -0.190666 0.191468
6.197466 0.325599 -0.002344 0.036165 0.831413 0.494635 -0.193543 0.163185
6.199270 0.325599 -0.002232 0.036165 0.830039 0.508743 -0.188448 0.129237
6.201073 0.325599 -0.002232 0.036165 0.824557 0.521957 -0.193829 0.100486
6.202877 0.325710 -0.002232 0.036165 0.823343 0.526098 -0.201205 0.069595
6.204681 0.325710 -0.002232 0.036165 0.814876 0.539198 -0.208717 0.040988
6.206484 0.325710 -0.002232 0.036165 0.810853 0.543201 -0.217587 0.010237
6.208288 0.325710 -0.002232 0.036165 0.805444 0.547080 -0.227040 -0.020385
6.210092 0.325710 -0.002232 0.036165 0.799160 0.553363 -0.231012 -0.042031
6.211895 0.325710 -0.002344 0.036165 0.791300 0.554177 -0.249857 -0.065602
6.213699 0.325710 -0.002344 0.036277 0.783431 0.560179 -0.254742 -0.086851
6.215502 0.325710 -0.002344 0.036277 0.774755 0.566086 -0.260098 -0.107937
6.217306 0.325599 -0.002344 0.036277 0.765995 0.568685 -0.273829 -0.121932
6.219110 0.325599 -0.002344 0.036277 0.757519 0.577275 -0.273682 -0.134227
6.220913 0.325599 -0.002344 0.036165 0.748610 0.585776 -0.273843 -0.146487
6.222717 0.325599 -0.002344 0.036165 0.740509 0.590904 -0.281945 -0.151614
6.224521 0.325599 -0.002344 0.036165 0.730945 0.599193 -0.282638 -0.163715
6.226324 0.325599 -0.002344 0.036277 0.729102 0.596052 -0.289204 -0.171735
6.228128 0.325487 -0.002344 0.036277 0.722510 0.604026 -0.291073 -0.168548
6.229932 0.325487 -0.002344 0.036277 0.713971 0.608672 -0.299612 -0.173194
6.231735 0.325487 -0.002344 0.036277 0.705532 0.619860 -0.294256 -0.177235
6.233539 0.325487 -0.002344 0.036277 0.696726 0.624282 -0.303062 -0.181656
6.235343 0.325487 -0.002344 0.036277 0.689825 0.631898 -0.305039 -0.178316
6.237146 0.325487 -0.002344 0.036277 0.680878 0.636028 -0.313986 -0.182445
6.238950 0.325487 -0.002456 0.036388 0.675873 0.640016 -0.322809 -0.171374
6.240754 0.325487 -0.002456 0.036388 0.666917 0.643797 -0.331765 -0.175154
6.242557 0.325487 -0.002456 0.036388 0.659804 0.651085 -0.333669 -0.171499
6.244361 0.325375 -0.002456 0.036500 0.643498 0.661678 -0.344647 -0.171206
6.246165 0.325375 -0.002456 0.036500 0.636707 0.661234 -0.360086 -0.166470
6.247968 0.325375 -0.002456 0.036500 0.627581 0.664173 -0.369212 -0.169409
6.249772 0.325264 -0.002567 0.036500 0.618392 0.666911 -0.378400 -0.172146
6.251576 0.325264 -0.002567 0.036612 0.609146 0.669446 -0.387647 -0.174682
6.253379 0.325264 -0.002567 0.036612 0.599846 0.671777 -0.396947 -0.177013
6.255183 0.325152 -0.002679 0.036612 0.590497 0.673904 -0.406295 -0.179140
6.256986 0.325152 -0.002679 0.036723 0.579080 0.671217 -0.423088 -0.187433
6.258790 0.325152 -0.002791 0.036723 0.569628 0.672827 -0.432540 -0.189043
6.260594 0.325152 -0.002791 0.036723 0.560144 0.674229 -0.442024 -0.190445
6.262397 0.325152 -0.002902 0.036723 0.548492 0.670420 -0.458930 -0.197676
6.264201 0.325041 -0.002902 0.036723 0.535066 0.675315 -0.463616 -0.206673
6.266005 0.325041 -0.003014 0.036723 0.530396 0.664966 -0.478341 -0.218379
6.267808 0.325041 -0.003014 0.036723 0.520686 0.665431 -0.488052 -0.218844
6.269612 0.325152 -0.003125 0.036723 0.513910 0.664129 -0.490680 -0.232514
6.271416 0.325152 -0.003125 0.036723 0.508677 0.653188 -0.505153 -0.243749
6.273219 0.325152 -0.003237 0.036723 0.491324 0.651591 -0.517705 -0.256928
6.275023 0.325152 -0.003237 0.036723 0.483535 0.650004 -0.520369 -0.270008
6.276827 0.325152 -0.003237 0.036723 0.472323 0.642575 -0.530090 -0.288121
6.278630 0.325264 -0.003237 0.036612 0.456759 0.645901 -0.535935 -0.294884
6.280434 0.325264 -0.003349 0.036612 0.453492 0.639974 -0.542998 -0.299885
6.282238 0.325264 -0.003349 0.036612 0.444605 0.638062 -0.545649 -0.312203
6.284041 0.325375 -0.003349 0.036612 0.435450 0.636093 -0.548256 -0.324322
6.285845 0.325375 -0.003349 0.036612 0.431860 0.630031 -0.555211 -0.329087
6.287649 0.325375 -0.003349 0.036612 0.422311 0.627976 -0.557753 -0.340898
6.289452 0.325487 -0.003349 0.036612 0.416351 0.631983 -0.553338 -0.347944
6.291256 0.325487 -0.003349 0.036612 0.405603 0.630360 -0.564087 -0.346321
6.293060 0.325487 -0.003349 0.036612 0.395568 0.628086 -0.566660 -0.357674
6.294863 0.325487 -0.003349 0.036500 0.388644 0.632394 -0.570555 -0.351427
6.296667 0.325487 -0.003349 0.036500 0.388644 0.632394 -0.570555 -0.351427
6.298471 0.325599 -0.003349 0.036500 0.378388 0.629950 -0.573200 -0.362528
6.300274 0.325599 -0.003349 0.036500 0.371445 0.634069 -0.577149 -0.356209
6.302078 0.325599 -0.003349 0.036500 0.364986 0.637785 -0.572886 -0.363066
6.303881 0.325599 -0.003237 0.036500 0.357957 0.641756 -0.576840 -0.356750
6.305685 0.325599 -0.003237 0.036500 0.351415 0.645324 -0.572584 -0.363610
6.307489 0.325599 -0.003237 0.036500 0.344304 0.649146 -0.576544 -0.357297
6.309292 0.325599 -0.003237 0.036500 0.330492 0.656233 -0.576260 -0.357851
6.311096 0.325599 -0.003237 0.036500 0.330492 0.656233 -0.576260 -0.357851
6.312900 0.325599 -0.003237 0.036500 0.316528 0.663015 -0.575988 -0.358411
6.314703 0.325487 -0.003125 0.036500 0.309225 0.666453 -0.579891 -0.352061
6.316507 0.325487 -0.003125 0.036500 0.301885 0.669810 -0.583724 -0.345669
6.318311 0.325487 -0.003125 0.036500 0.287636 0.675972 -0.583477 -0.346240
6.320114 0.325487 -0.003125 0.036500 0.283908 0.685502 -0.579749 -0.336711
6.321918 0.325487 -0.003125 0.036500 0.276360 0.688579 -0.583413 -0.330321
6.323722 0.325375 -0.003125 0.036500 0.268779 0.691574 -0.587007 -0.323892
6.325525 0.325375 -0.003014 0.036500 0.272321 0.697981 -0.579374 -0.320919
6.327329 0.325375 -0.003014 0.036500 0.264636 0.700931 -0.582865 -0.314535
6.329133 0.325375 -0.003014 0.036500 0.256920 0.703796 -0.586285 -0.308113
6.330936 0.325375 -0.003014 0.036500 0.263780 0.701371 -0.589958 -0.300746
6.332740 0.325375 -0.003014 0.036500 0.256059 0.704227 -0.593226 -0.294246
6.334544 0.325264 -0.003014 0.036612 0.248306 0.706998 -0.596423 -0.287711
6.336347 0.325264 -0.003014 0.036612 0.248306 0.706998 -0.596423 -0.287711
6.338151 0.325264 -0.003014 0.036612 0.240524 0.709683 -0.599548 -0.281141
6.339955 0.325264 -0.003014 0.036612 0.232713 0.712282 -0.602600 -0.274538
6.341758 0.325264 -0.003014 0.036612 0.232713 0.712282 -0.602600 -0.274538
6.343562 0.325264 -0.003014 0.036723 0.224874 0.714796 -0.605580 -0.267901
6.345365 0.325264 -0.003014 0.036723 0.224874 0.714796 -0.605580 -0.267901
6.347169 0.325264 -0.003014 0.036723 0.217007 0.717223 -0.608487 -0.261232
6.348973 0.325264 -0.003014 0.036723 0.209115 0.719564 -0.611320 -0.254531
6.350776 0.325264 -0.003014 0.036723 0.201197 0.721818 -0.614079 -0.247800
6.352580 0.325264 -0.003014 0.036723 0.196946 0.730301 -0.603081 -0.253312
6.354384 0.325264 -0.003014 0.036723 0.188911 0.732420 -0.605827 -0.246671
6.356187 0.325264 -0.003014 0.036723 0.180853 0.734451 -0.608501 -0.240001
6.357991 0.325264 -0.002902 0.036723 0.172773 0.736394 -0.611101 -0.233301
6.359795 0.325264 -0.002902 0.036723 0.167152 0.744944 -0.605479 -0.224751
6.361598 0.325264 -0.002902 0.036723 0.151977 0.748012 -0.605221 -0.226029
6.363402 0.325264 -0.002902 0.036723 0.143750 0.749636 -0.607668 -0.219366
6.365206 0.325264 -0.002902 0.036835 0.144753 0.756732 -0.604280 -0.203098
6.367009 0.325264 -0.002902 0.036835 0.136431 0.758277 -0.606474 -0.196448
6.368813 0.325264 -0.002902 0.036835 0.138580 0.764894 -0.598107 -0.194937
6.370617 0.325264 -0.002902 0.036835 0.137005 0.765361 -0.602500 -0.180125
6.372420 0.325264 -0.002902 0.036947 0.128588 0.766820 -0.604443 -0.173495
6.374224 0.325264 -0.002902 0.036947 0.121982 0.774801 -0.597836 -0.165514
6.376028 0.325264 -0.002902 0.036947 0.113462 0.776095 -0.599619 -0.158936
6.377831 0.325264 -0.002902 0.036947 0.120222 0.775240 -0.601570 -0.150542
6.379635 0.325264 -0.002902 0.036947 0.111698 0.776514 -0.603188 -0.143924
6.381439 0.325264 -0.002902 0.037058 0.103161 0.777694 -0.604732 -0.137289
6.383242 0.325264 -0.002902 0.037058 0.101384 0.778055 -0.607805 -0.122167
6.385046 0.325264 -0.002902 0.037058 0.092830 0.779122 -0.609110 -0.115482
6.386850 0.325264 -0.002791 0.037058 0.084265 0.780095 -0.610342 -0.108784
6.388653 0.325264 -0.002791 0.037058 0.075689 0.780974 -0.611500 -0.102072
6.390457 0.325264 -0.002791 0.037058 0.067105 0.781758 -0.612585 -0.095347
6.392260 0.325264 -0.002791 0.037058 0.057535 0.775660 -0.622154 -0.089249
6.394064 0.325264 -0.002791 0.037058 0.049010 0.776245 -0.623097 -0.082409
6.395868 0.325264 -0.002679 0.037058 0.040480 0.776737 -0.623965 -0.075558
6.397671 0.325264 -0.002679 0.037058 0.039647 0.769835 -0.632461 -0.075999
6.399475 0.325264 -0.002679 0.037058 0.031187 0.770224 -0.633257 -0.069046
6.401279 0.325264 -0.002679 0.037058 0.022040 0.763509 -0.642404 -0.062330
6.403082 0.325264 -0.002679 0.037058 0.013651 0.763705 -0.643050 -0.055269
6.404886 0.325264 -0.002679 0.037058 0.013651 0.763705 -0.643050 -0.055269
6.406690 0.325375 -0.002679 0.037058 -0.002453 0.756620 -0.651400 -0.056549
6.408493 0.325375 -0.002679 0.037058 -0.002453 0.756620 -0.651400 -0.056549
6.410297 0.325375 -0.002679 0.037058 -0.002453 0.756620 -0.651400 -0.056549
6.412101 0.325375 -0.002679 0.037058 -0.018577 0.749104 -0.659692 -0.057482
6.413904 0.325375 -0.002679 0.037058 -0.018577 0.749104 -0.659692 -0.057482
6.415708 0.325487 -0.002679 0.037058 -0.018577 0.749104 -0.659692 -0.057482
6.417512 0.325487 -0.002791 0.037058 -0.025846 0.748778 -0.659051 -0.065689
6.419315 0.325487 -0.002791 0.037058 -0.025846 0.748778 -0.659051 -0.065689
6.421119 0.325487 -0.002791 0.037058 -0.025846 0.748778 -0.659051 -0.065689
6.422923 0.325599 -0.002791 0.037058 -0.033111 0.748362 -0.658330 -0.073888
6.424726 0.325599 -0.002791 0.036947 -0.024887 0.748680 -0.657479 -0.081116
6.426530 0.325599 -0.002902 0.036947 -0.024887 0.748680 -0.657479 -0.081116
6.428334 0.325599 -0.002902 0.036947 -0.023995 0.755858 -0.649214 -0.081384
6.430137 0.325599 -0.002902 0.036947 -0.031171 0.755422 -0.648329 -0.089644
6.431941 0.325599 -0.002902 0.036947 -0.031171 0.755422 -0.648329 -0.089644
6.433744 0.325599 -0.002902 0.036947 -0.031171 0.755422 -0.648329 -0.089644
6.435548 0.325599 -0.002902 0.036947 -0.031171 0.755422 -0.648329 -0.089644
6.437352 0.325599 -0.003014 0.036947 -0.038343 0.754894 -0.647365 -0.097894
6.439155 0.325599 -0.003014 0.036947 -0.038343 0.754894 -0.647365 -0.097894
6.440959 0.325599 -0.003014 0.036947 -0.038343 0.754894 -0.647365 -0.097894
6.442763 0.325599 -0.003014 0.036947 -0.038343 0.754894 -0.647365 -0.097894
6.444566 0.325599 -0.003014 0.036947 -0.038343 0.754894 -0.647365 -0.097894
6.446370 0.325599 -0.003014 0.036947 -0.052703 0.760797 -0.639131 -0.099609
6.448174 0.325599 -0.003014 0.036947 -0.052703 0.760797 -0.639131 -0.099609
6.449977 0.325599 -0.003014 0.036947 -0.052703 0.760797 -0.639131 -0.099609
6.451781 0.325599 -0.003014 0.036947 -0.059766 0.759997 -0.638110 -0.107923
6.453585 0.325599 -0.003014 0.036947 -0.068112 0.759295 -0.639257 -0.100907
6.455388 0.325599 -0.003014 0.036947 -0.067000 0.766272 -0.630877 -0.101649
6.457192 0.325710 -0.003014 0.036947 -0.073953 0.765292 -0.629881 -0.110039
6.458996 0.325710 -0.003014 0.036835 -0.082357 0.764433 -0.631052 -0.103112
6.460799 0.325710 -0.002902 0.036835 -0.089289 0.763285 -0.630073 -0.111500
6.462603 0.325710 -0.002902 0.036835 -0.097669 0.762258 -0.631259 -0.104571
6.464407 0.325710 -0.002902 0.036835 -0.103330 0.767820 -0.621898 -0.114099
6.466210 0.325599 -0.002902 0.036835 -0.111759 0.766638 -0.623114 -0.107260
6.468014 0.325599 -0.002902 0.036723 -0.126945 0.763795 -0.623416 -0.108875
6.469818 0.325599 -0.002902 0.036723 -0.133700 0.762134 -0.622503 -0.117330
6.471621 0.325599 -0.002902 0.036723 -0.142064 0.760619 -0.623754 -0.110484
6.473425 0.325599 -0.002902 0.036612 -0.150081 0.751904 -0.631157 -0.117293
6.475229 0.325599 -0.002902 0.036612 -0.165104 0.748227 -0.631507 -0.118724
6.477032 0.325599 -0.002902 0.036612 -0.165104 0.748227 -0.631507 -0.118724
6.478836 0.325599 -0.002902 0.036612 -0.181352 0.737234 -0.640027 -0.118162
6.480639 0.325599 -0.002902 0.036612 -0.181352 0.737234 -0.640027 -0.118162
6.482443 0.325710 -0.002902 0.036500 -0.188151 0.735008 -0.639042 -0.126442
6.484247 0.325710 -0.002902 0.036500 -0.197514 0.725817 -0.648405 -0.117251
6.486050 0.325710 -0.002902 0.036500 -0.204355 0.723439 -0.647408 -0.125452
6.487854 0.325710 -0.002902 0.036500 -0.213577 0.713980 -0.656630 -0.115993
6.489658 0.325710 -0.002902 0.036500 -0.213577 0.713980 -0.656630 -0.115993
6.491461 0.325710 -0.002902 0.036500 -0.228258 0.708986 -0.656940 -0.116905
6.493265 0.325822 -0.002902 0.036500 -0.237224 0.699162 -0.665906 -0.107081
6.495069 0.325822 -0.002902 0.036500 -0.237224 0.699162 -0.665906 -0.107081
6.496872 0.325822 -0.002902 0.036500 -0.252910 0.686323 -0.673767 -0.105050
6.498676 0.325822 -0.002902 0.036388 -0.260435 0.683503 -0.674880 -0.097642
6.500480 0.325822 -0.002902 0.036388 -0.267928 0.680600 -0.675912 -0.090222
6.502283 0.325822 -0.002902 0.036388 -0.283178 0.667017 -0.683527 -0.087688
6.504087 0.325822 -0.002902 0.036388 -0.290489 0.663866 -0.684449 -0.080173
6.505891 0.325934 -0.002902 0.036388 -0.298545 0.653066 -0.692505 -0.069373
6.507694 0.325934 -0.002902 0.036388 -0.312541 0.646327 -0.692627 -0.069627
6.509498 0.325822 -0.002902 0.036388 -0.320285 0.635198 -0.700370 -0.058498
6.511302 0.325822 -0.002902 0.036388 -0.327244 0.631641 -0.700971 -0.050800
6.513105 0.325822 -0.002902 0.036388 -0.334617 0.620263 -0.708344 -0.039422
6.514909 0.325822 -0.002902 0.036388 -0.348224 0.612765 -0.708315 -0.039370
6.516713 0.325822 -0.002902 0.036388 -0.361843 0.597140 -0.715612 -0.019824
6.518516 0.325822 -0.002902 0.036388 -0.361843 0.597140 -0.715612 -0.019824
6.520320 0.325822 -0.002902 0.036500 -0.368490 0.585229 -0.722260 -0.007913
6.522123 0.325822 -0.002902 0.036500 -0.374897 0.581146 -0.722303 0.000022
6.523927 0.325822 -0.002902 0.036500 -0.387977 0.572770 -0.722086 0.000360
6.525731 0.325822 -0.002902 0.036500 -0.387949 0.564802 -0.728335 0.004623
6.527534 0.325822 -0.002902 0.036500 -0.394131 0.560506 -0.728241 0.012624
6.529338 0.325822 -0.002902 0.036612 -0.400265 0.556142 -0.728058 0.020624
6.531142 0.325822 -0.002902 0.036612 -0.406351 0.551711 -0.727787 0.028621
6.532945 0.325822 -0.003014 0.036612 -0.406351 0.551711 -0.727787 0.028621
6.534749 0.325822 -0.003014 0.036612 -0.412387 0.547214 -0.727429 0.036615
6.536553 0.325934 -0.003014 0.036612 -0.412387 0.547214 -0.727429 0.036615
6.538356 0.325934 -0.003014 0.036723 -0.424882 0.537998 -0.727089 0.037075
6.540160 0.325934 -0.003014 0.036723 -0.430767 0.533297 -0.726638 0.045061
6.541964 0.325934 -0.003014 0.036723 -0.430767 0.533297 -0.726638 0.045061
6.543767 0.325934 -0.003014 0.036723 -0.436600 0.528533 -0.726099 0.053041
6.545571 0.325934 -0.003014 0.036723 -0.436600 0.528533 -0.726099 0.053041
6.547375 0.325934 -0.003014 0.036723 -0.442380 0.523704 -0.725473 0.061015
6.549178 0.325934 -0.003014 0.036723 -0.448678 0.518777 -0.725740 0.053486
6.550982 0.325934 -0.003014 0.036723 -0.454350 0.513816 -0.725108 0.061456
6.552786 0.325934 -0.003014 0.036723 -0.454350 0.513816 -0.725108 0.061456
6.554589 0.325934 -0.003014 0.036723 -0.460539 0.508757 -0.725371 0.053923
6.556393 0.325934 -0.003014 0.036723 -0.466100 0.503667 -0.724734 0.061889
6.558197 0.325934 -0.003014 0.036612 -0.466100 0.503667 -0.724734 0.061889
6.560000 0.325822 -0.003014 0.036612 -0.466100 0.503667 -0.724734 0.061889
6.561804 0.325822 -0.003125 0.036612 -0.472176 0.498480 -0.724992 0.054352
6.563608 0.325822 -0.003125 0.036612 -0.472176 0.498480 -0.724992 0.054352
6.565411 0.325822 -0.003125 0.036612 -0.477624 0.493263 -0.724351 0.062314
6.567215 0.325822 -0.003125 0.036612 -0.482955 0.479959 -0.729921 0.060082
6.569018 0.325822 -0.003125 0.036500 -0.482955 0.479959 -0.729921 0.060082
6.570822 0.325822 -0.003125 0.036500 -0.488940 0.474586 -0.730027 0.052600
6.572626 0.325822 -0.003125 0.036500 -0.488940 0.474586 -0.730027 0.052600
6.574429 0.325934 -0.003125 0.036500 -0.494866 0.469155 -0.730045 0.045111
6.576233 0.325934 -0.003125 0.036500 -0.494866 0.469155 -0.730045 0.045111
6.578037 0.325934 -0.003125 0.036388 -0.506268 0.466125 -0.724441 0.040075
6.579840 0.325934 -0.003125 0.036388 -0.511930 0.460518 -0.724427 0.032512
6.581644 0.325934 -0.003125 0.036388 -0.522496 0.449142 -0.724007 0.032901
6.583448 0.325934 -0.003125 0.036388 -0.522496 0.449142 -0.724007 0.032901
6.585251 0.325934 -0.003125 0.036277 -0.527971 0.443364 -0.723902 0.025330
6.587055 0.326045 -0.003125 0.036277 -0.538157 0.431646 -0.723470 0.025706
6.588859 0.326045 -0.003125 0.036277 -0.548083 0.419707 -0.723030 0.026071
6.590662 0.326045 -0.003125 0.036277 -0.553001 0.421575 -0.718112 0.027939
6.592466 0.326045 -0.003125 0.036165 -0.558000 0.415466 -0.718061 0.020298
6.594270 0.326045 -0.003125 0.036165 -0.567135 0.395189 -0.722126 0.026773
6.596073 0.326157 -0.003125 0.036165 -0.571443 0.388934 -0.721789 0.034705
6.597877 0.326157 -0.003125 0.036165 -0.575681 0.382633 -0.721364 0.042633
6.599681 0.326157 -0.003125 0.036165 -0.579850 0.376285 -0.720852 0.050555
6.601484 0.326157 -0.003125 0.036165 -0.583271 0.361957 -0.724273 0.064883
6.603288 0.326157 -0.003237 0.036277 -0.587213 0.355528 -0.723517 0.072836
6.605092 0.326157 -0.003237 0.036277 -0.590160 0.341094 -0.726464 0.087269
6.606895 0.326157 -0.003237 0.036277 -0.590160 0.341094 -0.726464 0.087269
6.608699 0.326157 -0.003125 0.036277 -0.588086 0.333185 -0.728848 0.109190
6.610502 0.326157 -0.003237 0.036388 -0.590388 0.318691 -0.731150 0.123684
6.612306 0.326157 -0.003237 0.036388 -0.593853 0.312186 -0.729747 0.131709
6.614110 0.326157 -0.003237 0.036388 -0.587579 0.310807 -0.732783 0.145526
6.615913 0.326045 -0.003237 0.036388 -0.586170 0.311006 -0.730622 0.160846
6.617717 0.326045 -0.003237 0.036500 -0.589551 0.304547 -0.728811 0.168863
6.619521 0.326045 -0.003237 0.036500 -0.586090 0.296797 -0.729451 0.190554
6.621324 0.326045 -0.003125 0.036500 -0.592470 0.283848 -0.725088 0.206534
6.623128 0.326045 -0.003125 0.036500 -0.595553 0.277322 -0.722776 0.214488
6.624932 0.326045 -0.003125 0.036612 -0.598563 0.270763 -0.720376 0.222415
6.626735 0.326045 -0.003125 0.036612 -0.602616 0.272393 -0.711116 0.238684
6.628539 0.326157 -0.003125 0.036612 -0.605572 0.265757 -0.708450 0.246482
6.630343 0.326157 -0.003014 0.036612 -0.611265 0.252387 -0.702864 0.261988
6.632146 0.326157 -0.003014 0.036612 -0.614001 0.245657 -0.699943 0.269694
6.633950 0.326157 -0.003014 0.036612 -0.622344 0.239716 -0.691257 0.278187
6.635754 0.326268 -0.002902 0.036612 -0.627460 0.225985 -0.684978 0.293307
6.637557 0.326268 -0.002902 0.036612 -0.629905 0.219078 -0.681715 0.300815
6.639361 0.326268 -0.002902 0.036612 -0.631060 0.197758 -0.677154 0.322672
6.641165 0.326380 -0.002902 0.036612 -0.633194 0.190813 -0.673569 0.330092
6.642968 0.326380 -0.002902 0.036612 -0.637234 0.176855 -0.666154 0.344812
6.644772 0.326492 -0.002902 0.036612 -0.635231 0.162557 -0.664151 0.359110
6.646576 0.326492 -0.002902 0.036612 -0.632915 0.148307 -0.661835 0.373360
6.648379 0.326603 -0.002902 0.036612 -0.630287 0.134110 -0.659206 0.387556
6.650183 0.326603 -0.002902 0.036612 -0.625991 0.126860 -0.660640 0.394457
6.651987 0.326603 -0.002902 0.036612 -0.618370 0.105528 -0.658744 0.415378
6.653790 0.326715 -0.002902 0.036612 -0.613769 0.098284 -0.659864 0.422146
6.655594 0.326715 -0.003014 0.036612 -0.605230 0.077118 -0.657039 0.442774
6.657397 0.326715 -0.003014 0.036612 -0.600329 0.069895 -0.657847 0.449397
6.659201 0.326715 -0.003014 0.036612 -0.596008 0.056119 -0.653526 0.463173
6.661005 0.326827 -0.003014 0.036723 -0.587256 0.057018 -0.652218 0.475911
6.662808 0.326827 -0.003125 0.036723 -0.582504 0.043452 -0.647467 0.489477
6.664612 0.326827 -0.003125 0.036723 -0.577456 0.029994 -0.642419 0.502935
6.666416 0.326827 -0.003125 0.036723 -0.572262 0.010364 -0.631366 0.523246
6.668219 0.326715 -0.003125 0.036723 -0.572341 0.004077 -0.625579 0.530151
6.670023 0.326715 -0.003125 0.036723 -0.572293 -0.008499 -0.613780 0.543767
6.671827 0.326715 -0.003125 0.036723 -0.572165 -0.014786 -0.607769 0.550478
6.673630 0.326715 -0.003014 0.036723 -0.571702 -0.027353 -0.595528 0.563698
6.675434 0.326715 -0.003014 0.036723 -0.577263 -0.033500 -0.583403 0.570339
6.677238 0.326715 -0.003014 0.036723 -0.575846 -0.052504 -0.564291 0.589254
6.679041 0.326715 -0.002902 0.036723 -0.581127 -0.059084 -0.551891 0.595161
6.680845 0.326715 -0.002902 0.036723 -0.579688 -0.071838 -0.538682 0.607143
6.682649 0.326715 -0.002902 0.036723 -0.584734 -0.078781 -0.526109 0.612445
6.684452 0.326715 -0.002791 0.036723 -0.592116 -0.088168 -0.523668 0.606133
6.686256 0.326715 -0.002791 0.036612 -0.590036 -0.101156 -0.510224 0.617492
6.688060 0.326715 -0.002791 0.036612 -0.595699 -0.102095 -0.504562 0.616553
6.689863 0.326715 -0.002679 0.036612 -0.594541 -0.108633 -0.497758 0.622059
6.691667 0.326715 -0.002679 0.036723 -0.600169 -0.109759 -0.492129 0.620934
6.693471 0.326715 -0.002679 0.036723 -0.598927 -0.116345 -0.485278 0.626303
6.695274 0.326827 -0.002679 0.036612 -0.598927 -0.116345 -0.485278 0.626303
6.697078 0.326827 -0.002679 0.036612 -0.604516 -0.117655 -0.479690 0.624993
6.698881 0.326827 -0.002679 0.036723 -0.604516 -0.117655 -0.479690 0.624993
6.700685 0.326827 -0.002679 0.036723 -0.604516 -0.117655 -0.479690 0.624993
6.702489 0.326827 -0.002679 0.036723 -0.609548 -0.110489 -0.469857 0.628871
6.704292 0.326938 -0.002679 0.036723 -0.609548 -0.110489 -0.469857 0.628871
6.706096 0.326938 -0.002679 0.036723 -0.609548 -0.110489 -0.469857 0.628871
6.707900 0.326938 -0.002679 0.036723 -0.616420 -0.105320 -0.471042 0.622136
6.709703 0.326938 -0.002679 0.036723 -0.616420 -0.105320 -0.471042 0.622136
6.711507 0.326938 -0.002679 0.036723 -0.616420 -0.105320 -0.471042 0.622136
6.713311 0.326938 -0.002679 0.036723 -0.616420 -0.105320 -0.471042 0.622136
6.715114 0.326938 -0.002791 0.036723 -0.623218 -0.100139 -0.472171 0.615327
6.716918 0.327050 -0.002791 0.036612 -0.623218 -0.100139 -0.472171 0.615327
6.718722 0.327050 -0.002791 0.036612 -0.623218 -0.100139 -0.472171 0.615327
6.720525 0.327050 -0.002791 0.036612 -0.630291 -0.103399 -0.477798 0.603118
6.722329 0.327050 -0.002791 0.036612 -0.630291 -0.103399 -0.477798 0.603118
6.724133 0.327050 -0.002791 0.036612 -0.630291 -0.103399 -0.477798 0.603118
6.725936 0.327050 -0.002679 0.036612 -0.629117 -0.110317 -0.471143 0.608330
6.727740 0.327050 -0.002679 0.036612 -0.629117 -0.110317 -0.471143 0.608330
6.729544 0.327050 -0.002679 0.036612 -0.629117 -0.110317 -0.471143 0.608330
6.731347 0.327050 -0.002679 0.036612 -0.629299 -0.118761 -0.475700 0.602982
6.733151 0.327050 -0.002679 0.036612 -0.629299 -0.118761 -0.475700 0.602982
6.734955 0.327050 -0.002679 0.036500 -0.629299 -0.118761 -0.475700 0.602982
6.736758 0.327050 -0.002679 0.036500 -0.629299 -0.118761 -0.475700 0.602982
6.738562 0.327050 -0.002679 0.036500 -0.629405 -0.127190 -0.480200 0.597561
6.740366 0.327050 -0.002679 0.036500 -0.627970 -0.134097 -0.473606 0.602801
6.742169 0.327050 -0.002679 0.036500 -0.627970 -0.134097 -0.473606 0.602801
6.743973 0.327050 -0.002567 0.036500 -0.627970 -0.134097 -0.473606 0.602801
6.745776 0.327050 -0.002567 0.036500 -0.627970 -0.134097 -0.473606 0.602801
6.747580 0.327050 -0.002567 0.036500 -0.627970 -0.134097 -0.473606 0.602801
6.749384 0.327050 -0.002567 0.036500 -0.626459 -0.140988 -0.466955 0.607967
6.751187 0.327050 -0.002567 0.036500 -0.626304 -0.149401 -0.471516 0.602573
6.752991 0.327161 -0.002567 0.036388 -0.626304 -0.149401 -0.471516 0.602573
6.754795 0.327161 -0.002567 0.036388 -0.632886 -0.144212 -0.473129 0.595656
6.756598 0.327161 -0.002567 0.036388 -0.631264 -0.151156 -0.466557 0.600818
6.758402 0.327161 -0.002456 0.036388 -0.631264 -0.151156 -0.466557 0.600818
6.760206 0.327161 -0.002456 0.036388 -0.631264 -0.151156 -0.466557 0.600818
6.762009 0.327161 -0.002456 0.036388 -0.637826 -0.146021 -0.468189 0.593847
6.763813 0.327161 -0.002456 0.036388 -0.637826 -0.146021 -0.468189 0.593847
6.765617 0.327161 -0.002456 0.036388 -0.644312 -0.140869 -0.469765 0.586804
6.767420 0.327161 -0.002456 0.036388 -0.642726 -0.147939 -0.463290 0.591929
6.769224 0.327161 -0.002456 0.036388 -0.649190 -0.142840 -0.464888 0.584832
6.771028 0.327161 -0.002456 0.036388 -0.649190 -0.142840 -0.464888 0.584832
6.772831 0.327273 -0.002456 0.036388 -0.655576 -0.137724 -0.466429 0.577665
6.774635 0.327273 -0.002456 0.036388 -0.661115 -0.140656 -0.473079 0.565100
6.776439 0.327273 -0.002456 0.036388 -0.667284 -0.135451 -0.474596 0.557803
6.778242 0.327273 -0.002456 0.036388 -0.674761 -0.122823 -0.482074 0.545175
6.780046 0.327273 -0.002456 0.036388 -0.674761 -0.122823 -0.482074 0.545175
6.781850 0.327273 -0.002456 0.036388 -0.680710 -0.117519 -0.483394 0.537729
6.783653 0.327273 -0.002567 0.036388 -0.686577 -0.112202 -0.484656 0.530219
6.785457 0.327273 -0.002567 0.036277 -0.692360 -0.106870 -0.485860 0.522644
6.787260 0.327273 -0.002567 0.036277 -0.699133 -0.093851 -0.492633 0.509625
6.789064 0.327273 -0.002567 0.036277 -0.699133 -0.093851 -0.492633 0.509625
6.790868 0.327273 -0.002567 0.036277 -0.703599 -0.096091 -0.499228 0.496474
6.792671 0.327273 -0.002567 0.036277 -0.709011 -0.090600 -0.500254 0.488714
6.794475 0.327273 -0.002567 0.036277 -0.709963 -0.082806 -0.505592 0.483189
6.796279 0.327273 -0.002679 0.036277 -0.715229 -0.077246 -0.506472 0.475360
6.798082 0.327273 -0.002679 0.036277 -0.719134 -0.079151 -0.513012 0.461953
6.799886 0.327273 -0.002679 0.036165 -0.719134 -0.079151 -0.513012 0.461953
6.801690 0.327273 -0.002679 0.036165 -0.724165 -0.073510 -0.513851 0.454025
6.803493 0.327273 -0.002679 0.036165 -0.727626 -0.075198 -0.520450 0.440497
6.805297 0.327273 -0.002679 0.036165 -0.728408 -0.067200 -0.525258 0.434753
6.807101 0.327273 -0.002679 0.036165 -0.733140 -0.061425 -0.525964 0.426724
6.808904 0.327273 -0.002679 0.036054 -0.736169 -0.062862 -0.532466 0.413017
6.810708 0.327273 -0.002679 0.036054 -0.736169 -0.062862 -0.532466 0.413017
6.812512 0.327273 -0.002679 0.036054 -0.738897 -0.064156 -0.538997 0.399247
6.814315 0.327273 -0.002679 0.035942 -0.741321 -0.065305 -0.545555 0.385420
6.816119 0.327273 -0.002679 0.035942 -0.741321 -0.065305 -0.545555 0.385420
6.817923 0.327273 -0.002679 0.035942 -0.743440 -0.066311 -0.552137 0.371543
6.819726 0.327273 -0.002679 0.035942 -0.747477 -0.060241 -0.552832 0.363353
6.821530 0.327273 -0.002679 0.035830 -0.747477 -0.060241 -0.552832 0.363353
6.823334 0.327273 -0.002679 0.035830 -0.748423 -0.069255 -0.555571 0.355539
6.825137 0.327273 -0.002679 0.035830 -0.748423 -0.069255 -0.555571 0.355539
6.826941 0.327273 -0.002567 0.035830 -0.752283 -0.063147 -0.556299 0.347295
6.828745 0.327273 -0.002567 0.035830 -0.756053 -0.057032 -0.556959 0.339010
6.830548 0.327273 -0.002567 0.035830 -0.756053 -0.057032 -0.556959 0.339010
6.832352 0.327273 -0.002567 0.035830 -0.759732 -0.050910 -0.557552 0.330683
6.834155 0.327273 -0.002567 0.035830 -0.763319 -0.044781 -0.558077 0.322317
6.835959 0.327273 -0.002567 0.035830 -0.763319 -0.044781 -0.558077 0.322317
6.837763 0.327273 -0.002567 0.035830 -0.769081 -0.040602 -0.548582 0.325459
6.839566 0.327273 -0.002567 0.035830 -0.769481 -0.032150 -0.552124 0.319412
6.841370 0.327273 -0.002456 0.035830 -0.772944 -0.026083 -0.552444 0.310940
6.843174 0.327385 -0.002456 0.035830 -0.775578 -0.019653 -0.545894 0.316374
6.844977 0.327385 -0.002456 0.035942 -0.779007 -0.013655 -0.546077 0.307834
6.846781 0.327385 -0.002456 0.035942 -0.779007 -0.013655 -0.546077 0.307834
6.848585 0.327385 -0.002456 0.035942 -0.782341 -0.007655 -0.546195 0.299257
6.850388 0.327385 -0.002456 0.035942 -0.782341 -0.007655 -0.546195 0.299257
6.852192 0.327385 -0.002456 0.035942 -0.785582 -0.001654 -0.546246 0.290644
6.853996 0.327385 -0.002456 0.035942 -0.788728 0.004348 -0.546231 0.281996
6.855799 0.327385 -0.002456 0.035942 -0.788728 0.004348 -0.546231 0.281996
6.857603 0.327385 -0.002456 0.035830 -0.791617 0.019046 -0.549120 0.267297
6.859407 0.327385 -0.002456 0.035830 -0.791617 0.019046 -0.549120 0.267297
6.861210 0.327496 -0.002344 0.035830 -0.791585 0.019061 -0.555778 0.253260
6.863014 0.327496 -0.002344 0.035830 -0.791585 0.019061 -0.555778 0.253260
6.864818 0.327496 -0.002344 0.035830 -0.791245 0.019222 -0.562434 0.239226
6.866621 0.327608 -0.002344 0.035830 -0.791245 0.019222 -0.562434 0.239226
6.868425 0.327608 -0.002344 0.035830 -0.790597 0.019530 -0.569085 0.225203
6.870229 0.327720 -0.002344 0.035719 -0.790335 0.028214 -0.571525 0.218938
6.872032 0.327720 -0.002344 0.035719 -0.787076 0.022305 -0.578293 0.213520
6.873836 0.327831 -0.002344 0.035719 -0.787076 0.022305 -0.578293 0.213520
6.875639 0.327831 -0.002344 0.035719 -0.783494 0.025003 -0.587243 0.201638
6.877443 0.327943 -0.002344 0.035719 -0.783172 0.033609 -0.589422 0.195174
6.879247 0.328054 -0.002344 0.035719 -0.781890 0.034166 -0.595589 0.180982
6.881050 0.328054 -0.002344 0.035719 -0.781467 0.042754 -0.597542 0.174428
6.882854 0.328166 -0.002344 0.035719 -0.777607 0.045341 -0.605797 0.162114
6.884658 0.328166 -0.002344 0.035719 -0.777062 0.053881 -0.607541 0.155449
6.886461 0.328166 -0.002344 0.035719 -0.777205 0.077647 -0.609994 0.133532
6.888265 0.328278 -0.002344 0.035719 -0.776305 0.086181 -0.611424 0.126823
6.890069 0.328278 -0.002456 0.035830 -0.775423 0.109956 -0.612892 0.104846
6.891872 0.328278 -0.002456 0.035830 -0.775761 0.133102 -0.609065 0.097569
6.893676 0.328278 -0.002567 0.035830 -0.775203 0.148311 -0.608507 0.082360
6.895480 0.328389 -0.002567 0.035830 -0.772469 0.172000 -0.608317 0.060488
6.897283 0.328389 -0.002567 0.035830 -0.768974 0.195615 -0.607387 0.038662
6.899087 0.328389 -0.002679 0.035942 -0.764723 0.219131 -0.605718 0.016908
6.900891 0.328389 -0.002679 0.035942 -0.762315 0.248586 -0.597559 0.001886
6.902694 0.328389 -0.002791 0.035942 -0.761977 0.263007 -0.591789 0.002021
6.904498 0.328389 -0.002791 0.036054 -0.755849 0.286168 -0.588582 -0.019287
6.906302 0.328389 -0.002791 0.036054 -0.751212 0.315151 -0.578995 -0.033543
6.908105 0.328389 -0.002902 0.036054 -0.744107 0.331579 -0.578118 -0.046255
6.909909 0.328501 -0.002902 0.036054 -0.735950 0.354166 -0.573106 -0.067035
6.911713 0.328501 -0.002902 0.036054 -0.729815 0.376285 -0.566166 -0.072362
6.913516 0.328501 -0.003014 0.036165 -0.726480 0.396418 -0.555698 -0.079247
6.915320 0.328501 -0.003014 0.036165 -0.717595 0.412283 -0.553823 -0.091437
6.917124 0.328501 -0.003014 0.036165 -0.709765 0.433919 -0.546556 -0.096043
6.918927 0.328501 -0.003014 0.036165 -0.704955 0.441691 -0.545468 -0.102042
6.920731 0.328501 -0.003014 0.036277 -0.694991 0.468914 -0.533037 -0.113926
6.922534 0.328612 -0.003014 0.036277 -0.689797 0.476521 -0.531753 -0.119775
6.924338 0.328612 -0.003014 0.036277 -0.683099 0.489868 -0.525055 -0.133122
6.926142 0.328612 -0.003014 0.036165 -0.677676 0.497343 -0.523561 -0.138883
6.927945 0.328612 -0.003014 0.036165 -0.670542 0.510463 -0.516427 -0.152002
6.929749 0.328612 -0.002902 0.036165 -0.668832 0.516105 -0.510787 -0.159359
6.931553 0.328612 -0.002902 0.036165 -0.660041 0.523229 -0.508055 -0.180159
6.933356 0.328612 -0.002791 0.036054 -0.660041 0.523229 -0.508055 -0.180159
6.935160 0.328612 -0.002791 0.036054 -0.656627 0.523016 -0.507108 -0.195285
6.936964 0.328724 -0.002679 0.036054 -0.652882 0.522781 -0.506167 -0.210332
6.938767 0.328724 -0.002679 0.035942 -0.652882 0.522781 -0.506167 -0.210332
6.940571 0.328724 -0.002567 0.035942 -0.643028 0.529623 -0.502725 -0.230830
6.942375 0.328724 -0.002567 0.035830 -0.641289 0.523756 -0.507416 -0.238656
6.944178 0.328724 -0.002456 0.035830 -0.636727 0.523420 -0.506326 -0.253464
6.945982 0.328836 -0.002456 0.035830 -0.634748 0.517478 -0.510960 -0.261211
6.947786 0.328836 -0.002344 0.035719 -0.634748 0.517478 -0.510960 -0.261211
6.949589 0.328836 -0.002344 0.035719 -0.627036 0.518394 -0.512546 -0.274573
6.951393 0.328947 -0.002344 0.035719 -0.624343 0.519622 -0.515238 -0.273345
6.953197 0.328947 -0.002232 0.035719 -0.622431 0.513463 -0.519511 -0.281146
6.955000 0.329059 -0.002232 0.035719 -0.619867 0.514566 -0.522075 -0.280043
6.956804 0.329059 -0.002232 0.035719 -0.606717 0.521735 -0.519679 -0.299367
6.958608 0.329059 -0.002232 0.035719 -0.604264 0.522664 -0.522132 -0.298438
6.960411 0.329171 -0.002121 0.035719 -0.596003 0.530119 -0.521304 -0.303308
6.962215 0.329171 -0.002121 0.035719 -0.590985 0.531650 -0.526323 -0.301777
6.964018 0.329282 -0.002121 0.035719 -0.582568 0.538766 -0.525516 -0.306886
6.965822 0.329282 -0.002121 0.035719 -0.574053 0.545704 -0.524673 -0.312070
6.967626 0.329282 -0.002121 0.035719 -0.568898 0.546676 -0.529829 -0.311098
6.969429 0.329394 -0.002121 0.035719 -0.560261 0.553265 -0.528976 -0.316528
6.971233 0.329394 -0.002009 0.035830 -0.544988 0.572451 -0.522798 -0.319328
6.973037 0.329394 -0.002009 0.035830 -0.535880 0.578587 -0.522044 -0.324869
6.974840 0.329394 -0.001898 0.035830 -0.530301 0.578768 -0.527623 -0.324688
6.976644 0.329505 -0.001898 0.035830 -0.521119 0.584527 -0.526816 -0.330497
6.978448 0.329505 -0.001786 0.035830 -0.514666 0.590217 -0.523153 -0.336264
6.980251 0.329505 -0.001786 0.035830 -0.505363 0.595681 -0.522214 -0.342146
6.982055 0.329505 -0.001674 0.035830 -0.502580 0.595465 -0.524998 -0.342362
6.983859 0.329505 -0.001563 0.035830 -0.497756 0.594263 -0.521436 -0.356644
6.985662 0.329505 -0.001451 0.035719 -0.497756 0.594263 -0.521436 -0.356644
6.987466 0.329505 -0.001451 0.035719 -0.495149 0.593974 -0.524043 -0.356933
6.989270 0.329505 -0.001339 0.035719 -0.490523 0.592657 -0.519998 -0.371142
6.991073 0.329617 -0.001339 0.035607 -0.490131 0.585538 -0.522106 -0.379897
6.992877 0.329617 -0.001228 0.035607 -0.485722 0.584071 -0.517425 -0.393964
6.994681 0.329617 -0.001228 0.035607 -0.479276 0.589372 -0.513065 -0.399625
6.996484 0.329729 -0.001228 0.035496 -0.479432 0.582144 -0.514349 -0.408287
6.998288 0.329729 -0.001228 0.035496 -0.466526 0.592537 -0.505255 -0.419489
7.000092 0.329840 -0.001228 0.035496 -0.464629 0.592091 -0.507151 -0.419936
7.001895 0.329952 -0.001228 0.035496 -0.454152 0.595397 -0.496419 -0.439108
7.003699 0.329952 -0.001228 0.035496 -0.445877 0.599849 -0.493271 -0.445037
7.005503 0.330064 -0.001228 0.035496 -0.437572 0.604153 -0.490041 -0.450987
7.007306 0.330175 -0.001339 0.035607 -0.430908 0.608924 -0.485057 -0.456344
7.009110 0.330175 -0.001339 0.035607 -0.422529 0.612990 -0.481677 -0.462277
7.010913 0.330287 -0.001339 0.035607 -0.420881 0.612322 -0.483326 -0.462945
7.012717 0.330398 -0.001339 0.035607 -0.403612 0.627743 -0.475584 -0.465677
7.014521 0.330398 -0.001339 0.035607 -0.394928 0.631310 -0.472202 -0.471704
7.016324 0.330510 -0.001451 0.035607 -0.393184 0.630442 -0.473946 -0.472572
7.018128 0.330510 -0.001451 0.035719 -0.384520 0.633798 -0.470440 -0.478675
7.019932 0.330622 -0.001451 0.035719 -0.377534 0.637984 -0.465153 -0.483815
7.021735 0.330622 -0.001451 0.035719 -0.375851 0.637003 -0.466836 -0.484796
7.023539 0.330733 -0.001339 0.035719 -0.374190 0.635985 -0.468497 -0.485814
7.025343 0.330733 -0.001339 0.035719 -0.372552 0.634931 -0.470136 -0.486868
7.027146 0.330733 -0.001339 0.035719 -0.377878 0.629728 -0.477083 -0.482745
7.028950 0.330733 -0.001339 0.035607 -0.376275 0.628620 -0.478685 -0.483853
7.030754 0.330845 -0.001339 0.035607 -0.379856 0.622020 -0.476240 -0.491931
7.032557 0.330845 -0.001339 0.035607 -0.373000 0.626155 -0.470807 -0.497133
7.034361 0.330845 -0.001339 0.035607 -0.378439 0.620945 -0.477657 -0.493006
7.036165 0.330845 -0.001228 0.035607 -0.377045 0.619840 -0.479051 -0.494111
7.037968 0.330957 -0.001228 0.035607 -0.382451 0.614540 -0.485832 -0.489939
7.039772 0.330957 -0.001228 0.035607 -0.375676 0.618704 -0.480420 -0.495247
7.041576 0.330957 -0.001228 0.035607 -0.375676 0.618704 -0.480420 -0.495247
7.043379 0.331068 -0.001116 0.035607 -0.374333 0.617539 -0.481763 -0.496412
7.045183 0.331068 -0.001116 0.035607 -0.367526 0.621614 -0.476281 -0.501675
7.046987 0.331068 -0.001116 0.035607 -0.354880 0.630519 -0.475432 -0.500470
7.048790 0.331068 -0.001116 0.035607 -0.347932 0.634380 -0.469905 -0.505663
7.050594 0.331068 -0.001116 0.035607 -0.342042 0.639144 -0.474610 -0.499247
7.052397 0.331180 -0.001005 0.035607 -0.329017 0.647485 -0.473815 -0.498006
7.054201 0.331180 -0.001005 0.035719 -0.316336 0.656166 -0.461135 -0.506687
7.056005 0.331180 -0.001005 0.035719 -0.303059 0.664065 -0.460294 -0.505274
7.057808 0.331180 -0.001005 0.035719 -0.284058 0.676677 -0.452079 -0.506995
7.059612 0.331180 -0.000893 0.035719 -0.270462 0.683976 -0.451221 -0.505397
7.061416 0.331180 -0.000893 0.035830 -0.244980 0.699917 -0.447439 -0.499899
7.063219 0.331180 -0.000893 0.035830 -0.225537 0.711313 -0.438811 -0.500612
7.065023 0.331291 -0.000893 0.035830 -0.205970 0.722296 -0.430032 -0.500936
7.066827 0.331291 -0.000781 0.035942 -0.198023 0.724515 -0.424503 -0.505630
7.068630 0.331291 -0.000781 0.035942 -0.184434 0.731205 -0.410914 -0.512321
7.070434 0.331403 -0.000781 0.035942 -0.164533 0.741237 -0.401891 -0.511840
7.072238 0.331403 -0.000781 0.035942 -0.148208 0.744673 -0.390548 -0.520546
7.074041 0.331515 -0.000781 0.035942 -0.128016 0.753839 -0.381433 -0.519468
7.075845 0.331626 -0.000781 0.035942 -0.113967 0.759282 -0.367384 -0.524911
7.077649 0.331626 -0.000781 0.035942 -0.099801 0.764415 -0.353218 -0.530044
7.079452 0.331738 -0.000781 0.035942 -0.091397 0.765465 -0.347374 -0.533892
7.081256 0.331850 -0.000781 0.035942 -0.089206 0.763188 -0.336412 -0.544439
7.083060 0.331961 -0.000781 0.035942 -0.080816 0.764122 -0.330411 -0.548102
7.084863 0.331961 -0.000781 0.035942 -0.078701 0.761773 -0.319107 -0.558282
7.086667 0.332073 -0.000781 0.035942 -0.070327 0.762592 -0.312955 -0.561754
7.088471 0.332073 -0.000781 0.035942 -0.055592 0.766370 -0.312170 -0.558692
7.090274 0.332073 -0.000781 0.035942 -0.055592 0.766370 -0.312170 -0.558692
7.092078 0.332184 -0.000781 0.035942 -0.047169 0.766934 -0.306013 -0.562088
7.093882 0.332184 -0.000670 0.035942 -0.038741 0.767406 -0.299819 -0.565416
7.095685 0.332184 -0.000670 0.035942 -0.045159 0.764495 -0.294273 -0.571762
7.097489 0.332184 -0.000670 0.035942 -0.045159 0.764495 -0.294273 -0.571762
7.099292 0.332296 -0.000670 0.035942 -0.043072 0.761735 -0.296360 -0.574522
7.101096 0.332296 -0.000670 0.035942 -0.043072 0.761735 -0.296360 -0.574522
7.102900 0.332296 -0.000670 0.035942 -0.043072 0.761735 -0.296360 -0.574522
7.104703 0.332296 -0.000670 0.035942 -0.043072 0.761735 -0.296360 -0.574522
7.106507 0.332296 -0.000558 0.035942 -0.036758 0.764945 -0.287974 -0.574960
7.108311 0.332296 -0.000558 0.035942 -0.028352 0.765303 -0.281640 -0.578089
7.110114 0.332296 -0.000558 0.035942 -0.034829 0.762441 -0.275922 -0.584242
7.111918 0.332296 -0.000558 0.035942 -0.034829 0.762441 -0.275922 -0.584242
7.113722 0.332296 -0.000558 0.035830 -0.041303 0.759487 -0.270170 -0.590323
7.115525 0.332296 -0.000558 0.035830 -0.032956 0.759895 -0.263669 -0.593256
7.117329 0.332296 -0.000558 0.035830 -0.026437 0.762746 -0.255304 -0.593582
7.119133 0.332408 -0.000558 0.035830 -0.024524 0.760023 -0.242885 -0.602305
7.120936 0.332408 -0.000558 0.035830 -0.016173 0.760246 -0.236254 -0.604937
7.122740 0.332408 -0.000558 0.035830 -0.014351 0.757461 -0.223554 -0.613245
7.124544 0.332519 -0.000558 0.035830 -0.006029 0.757573 -0.216803 -0.615664
7.126347 0.332519 -0.000558 0.035719 -0.004300 0.754730 -0.203836 -0.623550
7.128151 0.332519 -0.000558 0.035719 0.005385 0.752509 -0.198366 -0.627975
7.129955 0.332631 -0.000558 0.035719 0.006907 0.749739 -0.185035 -0.635300
7.131758 0.332631 -0.000558 0.035719 0.023377 0.749406 -0.171032 -0.639212
7.133562 0.332742 -0.000558 0.035719 0.025860 0.744558 -0.158475 -0.647958
7.135366 0.332742 -0.000446 0.035607 0.043206 0.741751 -0.145194 -0.653343
7.137169 0.332742 -0.000446 0.035607 0.045144 0.737205 -0.131936 -0.661123
7.138973 0.332854 -0.000446 0.035607 0.046809 0.732911 -0.118337 -0.668317
7.140776 0.332854 -0.000446 0.035496 0.048219 0.728883 -0.104423 -0.674908
7.142580 0.332966 -0.000335 0.035496 0.049394 0.725133 -0.090221 -0.680884
7.144384 0.332966 -0.000335 0.035384 0.057889 0.722461 -0.067826 -0.685637
7.146187 0.332966 -0.000223 0.035384 0.050801 0.719741 -0.060747 -0.689711
7.147991 0.332966 -0.000112 0.035384 0.059008 0.717907 -0.053469 -0.691570
7.149795 0.332966 -0.000112 0.035272 0.059339 0.716124 -0.038299 -0.694390
7.151598 0.332966 0.000000 0.035272 0.051780 0.714947 -0.030725 -0.696581
7.153402 0.332966 0.000000 0.035161 0.052053 0.713154 -0.015469 -0.698901
7.155206 0.333077 0.000112 0.035161 0.052286 0.711356 -0.000167 -0.700884
7.157009 0.333077 0.000112 0.035161 0.060098 0.710739 0.007533 -0.700844
7.158813 0.333077 0.000223 0.035161 0.052479 0.709553 0.015175 -0.702531
7.160617 0.333077 0.000223 0.035161 0.067984 0.708640 0.030680 -0.701617
7.162420 0.333189 0.000223 0.035161 0.075765 0.707850 0.038386 -0.701238
7.164224 0.333189 0.000223 0.035161 0.083537 0.706975 0.046087 -0.700774
7.166028 0.333301 0.000223 0.035161 0.091298 0.706015 0.053783 -0.700225
7.167831 0.333301 0.000223 0.035161 0.106729 0.704251 0.069214 -0.698462
7.169635 0.333412 0.000223 0.035161 0.122176 0.701736 0.084543 -0.696772
7.171439 0.333412 0.000223 0.035161 0.129878 0.700351 0.092193 -0.695802
7.173242 0.333524 0.000223 0.035161 0.137565 0.698882 0.099832 -0.694747
7.175046 0.333524 0.000223 0.035272 0.145234 0.697329 0.107458 -0.693608
7.176850 0.333635 0.000112 0.035272 0.160574 0.696121 0.107289 -0.691463
7.178653 0.333635 0.000112 0.035272 0.168212 0.694315 0.114879 -0.690243
7.180457 0.333635 0.000112 0.035272 0.183503 0.692602 0.114640 -0.688104
7.182261 0.333747 0.000112 0.035272 0.191101 0.690544 0.122192 -0.686803
7.184064 0.333747 0.000112 0.035272 0.198676 0.688403 0.129730 -0.685419
7.185868 0.333747 0.000000 0.035272 0.206227 0.686179 0.137252 -0.683953
7.187671 0.333859 0.000000 0.035272 0.221401 0.683629 0.136896 -0.681831
7.189475 0.333859 0.000000 0.035384 0.221401 0.683629 0.136896 -0.681831
7.191279 0.333859 0.000000 0.035384 0.228898 0.681155 0.144378 -0.680285
7.193082 0.333859 0.000000 0.035384 0.236367 0.678599 0.151843 -0.678658
7.194886 0.333859 0.000000 0.035384 0.236367 0.678599 0.151843 -0.678658
7.196690 0.333970 0.000000 0.035384 0.243808 0.675962 0.159290 -0.676949
7.198493 0.333970 0.000000 0.035384 0.243808 0.675962 0.159290 -0.676949
7.200297 0.333970 0.000000 0.035384 0.243808 0.675962 0.159290 -0.676949
7.202101 0.333970 -0.000112 0.035384 0.243590 0.673821 0.174597 -0.675385
7.203904 0.333970 -0.000112 0.035384 0.243590 0.673821 0.174597 -0.675385
7.205708 0.333970 -0.000112 0.035384 0.250978 0.671104 0.182006 -0.673426
7.207512 0.333970 -0.000112 0.035272 0.258361 0.669064 0.189368 -0.670628
7.209315 0.333970 -0.000112 0.035272 0.265696 0.666185 0.196724 -0.668508
7.211119 0.333970 -0.000112 0.035272 0.265696 0.666185 0.196724 -0.668508
7.212923 0.333970 -0.000112 0.035272 0.272998 0.663226 0.204057 -0.666306
7.214726 0.333970 -0.000112 0.035272 0.272998 0.663226 0.204057 -0.666306
7.216530 0.333970 -0.000112 0.035272 0.280268 0.660187 0.211365 -0.664024
7.218334 0.334082 -0.000112 0.035272 0.287504 0.657068 0.218647 -0.661662
7.220137 0.334082 -0.000223 0.035272 0.301930 0.651349 0.233073 -0.655942
7.221941 0.334082 -0.000223 0.035272 0.309067 0.647992 0.240265 -0.653342
7.223745 0.334082 -0.000223 0.035272 0.316168 0.644558 0.247428 -0.650663
7.225548 0.334082 -0.000223 0.035272 0.337878 0.637141 0.253685 -0.644619
7.227352 0.334082 -0.000223 0.035272 0.344857 0.633390 0.260752 -0.641793
7.229155 0.334082 -0.000223 0.035272 0.366158 0.624268 0.266867 -0.636396
7.230959 0.334082 -0.000335 0.035272 0.386687 0.612950 0.287537 -0.626169
7.232763 0.334082 -0.000335 0.035272 0.414211 0.599343 0.299879 -0.615865
7.234566 0.334082 -0.000335 0.035272 0.427279 0.590097 0.313338 -0.609128
7.236370 0.334082 -0.000335 0.035272 0.453974 0.575021 0.325011 -0.598019
7.238174 0.334194 -0.000335 0.035272 0.472959 0.561160 0.344257 -0.585574
7.239977 0.334194 -0.000335 0.035272 0.490317 0.543387 0.377321 -0.567405
7.241781 0.334305 -0.000223 0.035272 0.508248 0.528170 0.395523 -0.553428
7.243585 0.334305 -0.000223 0.035161 0.525681 0.512367 0.413241 -0.538861
7.245388 0.334417 -0.000223 0.035161 0.541193 0.493436 0.443831 -0.516377
7.247192 0.334528 -0.000112 0.035161 0.562899 0.471312 0.465537 -0.494253
7.248996 0.334640 -0.000112 0.035049 0.571255 0.455766 0.489202 -0.476054
7.250799 0.334752 -0.000112 0.035049 0.591211 0.432022 0.509158 -0.452311
7.252603 0.334863 0.000000 0.034937 0.598379 0.416135 0.531208 -0.431963
7.254407 0.334975 0.000000 0.034937 0.609186 0.392884 0.557124 -0.405151
7.256210 0.335087 0.000000 0.034937 0.617812 0.379975 0.565750 -0.392243
7.258014 0.335198 0.000000 0.034937 0.634203 0.353605 0.582141 -0.365872
7.259818 0.335310 0.000000 0.034937 0.649419 0.326540 0.597357 -0.338807
7.261621 0.335310 0.000000 0.034937 0.667381 0.304258 0.600040 -0.319346
7.263425 0.335421 0.000112 0.035049 0.684392 0.280883 0.602121 -0.300269
7.265229 0.335421 0.000112 0.035049 0.690621 0.266680 0.608350 -0.286066
7.267032 0.335533 0.000112 0.035049 0.703611 0.250378 0.606250 -0.273319
7.268836 0.335533 0.000000 0.035049 0.718718 0.226059 0.606576 -0.253787
7.270640 0.335533 0.000000 0.035161 0.721158 0.218149 0.609327 -0.247108
7.272443 0.335533 0.000000 0.035161 0.732957 0.201328 0.606142 -0.234166
7.274247 0.335533 0.000000 0.035161 0.735124 0.193263 0.608678 -0.227493
7.276050 0.335533 0.000000 0.035161 0.745877 0.174670 0.605381 -0.216037
7.277854 0.335645 0.000000 0.035161 0.747751 0.166465 0.607718 -0.209373
7.279658 0.335645 0.000000 0.035272 0.749535 0.158240 0.609981 -0.202684
7.281461 0.335645 0.000000 0.035272 0.751228 0.149996 0.612171 -0.195970
7.283265 0.335645 0.000000 0.035161 0.746258 0.144421 0.622341 -0.186905
7.285069 0.335645 0.000000 0.035161 0.746258 0.144421 0.622341 -0.186905
7.286872 0.335756 0.000000 0.035161 0.741167 0.138956 0.632309 -0.177619
7.288676 0.335756 -0.000112 0.035161 0.739171 0.145894 0.630744 -0.185750
7.290480 0.335868 -0.000112 0.035161 0.734065 0.140650 0.640564 -0.176191
7.292283 0.335868 -0.000112 0.035161 0.734065 0.140650 0.640564 -0.176191
7.294087 0.335979 -0.000112 0.035161 0.727313 0.143518 0.648304 -0.173550
7.295891 0.335979 -0.000112 0.035161 0.730630 0.128368 0.651621 -0.158400
7.297694 0.335979 -0.000112 0.035161 0.730630 0.128368 0.651621 -0.158400
7.299498 0.336091 -0.000112 0.035161 0.723792 0.131210 0.659285 -0.155730
7.301302 0.336091 -0.000112 0.035161 0.723792 0.131210 0.659285 -0.155730
7.303105 0.336091 -0.000112 0.035161 0.723792 0.131210 0.659285 -0.155730
7.304909 0.336203 -0.000112 0.035161 0.722307 0.139153 0.657535 -0.162963
7.306713 0.336203 -0.000112 0.035161 0.724054 0.131921 0.659024 -0.155018
7.308516 0.336203 -0.000112 0.035161 0.724054 0.131921 0.659024 -0.155018
7.310320 0.336203 -0.000112 0.035161 0.724054 0.131921 0.659024 -0.155018
7.312124 0.336314 -0.000112 0.035161 0.725713 0.124673 0.660433 -0.147054
7.313927 0.336314 0.000000 0.035161 0.725713 0.124673 0.660433 -0.147054
7.315731 0.336314 0.000000 0.035161 0.717260 0.135143 0.666476 -0.151933
7.317534 0.336314 0.000000 0.035161 0.718886 0.127813 0.667921 -0.144044
7.319338 0.336314 0.000000 0.035161 0.725951 0.125393 0.660195 -0.146334
7.321142 0.336314 0.000000 0.035161 0.725951 0.125393 0.660195 -0.146334
7.322945 0.336203 0.000000 0.035161 0.726173 0.126118 0.659973 -0.145609
7.324749 0.336203 0.000000 0.035161 0.726173 0.126118 0.659973 -0.145609
7.326553 0.336203 0.000000 0.035161 0.726173 0.126118 0.659973 -0.145609
7.328356 0.336203 0.000112 0.035161 0.726173 0.126118 0.659973 -0.145609
7.330160 0.336203 0.000112 0.035161 0.726380 0.126847 0.659767 -0.144880
7.331964 0.336203 0.000112 0.035161 0.726380 0.126847 0.659767 -0.144880
7.333767 0.336203 0.000112 0.035161 0.726380 0.126847 0.659767 -0.144880
7.335571 0.336203 0.000112 0.035161 0.727927 0.119591 0.661121 -0.136891
7.337375 0.336091 0.000112 0.035161 0.726570 0.127581 0.659577 -0.144146
7.339178 0.336091 0.000223 0.035161 0.726570 0.127581 0.659577 -0.144146
7.340982 0.336091 0.000223 0.035161 0.726570 0.127581 0.659577 -0.144146
7.342786 0.336091 0.000223 0.035161 0.726570 0.127581 0.659577 -0.144146
7.344589 0.336091 0.000223 0.035161 0.726570 0.127581 0.659577 -0.144146
7.346393 0.336091 0.000223 0.035161 0.733686 0.125638 0.651633 -0.145927
7.348197 0.336091 0.000223 0.035161 0.733686 0.125638 0.651633 -0.145927
7.350000 0.336091 0.000223 0.035272 0.733686 0.125638 0.651633 -0.145927
7.351804 0.336091 0.000223 0.035272 0.733686 0.125638 0.651633 -0.145927
7.353608 0.336091 0.000223 0.035272 0.733686 0.125638 0.651633 -0.145927
7.355411 0.336091 0.000223 0.035272 0.733686 0.125638 0.651633 -0.145927
7.357215 0.336091 0.000223 0.035272 0.732039 0.132790 0.650213 -0.153978
7.359019 0.336091 0.000223 0.035272 0.733453 0.124739 0.651866 -0.146826
7.360822 0.336091 0.000223 0.035272 0.733453 0.124739 0.651866 -0.146826
7.362626 0.336091 0.000223 0.035272 0.733453 0.124739 0.651866 -0.146826
7.364429 0.336091 0.000223 0.035272 0.738759 0.129683 0.642500 -0.156879
7.366233 0.335979 0.000223 0.035272 0.740140 0.121559 0.644184 -0.149811
7.368037 0.335979 0.000223 0.035272 0.740140 0.121559 0.644184 -0.149811
7.369840 0.335979 0.000223 0.035272 0.740140 0.121559 0.644184 -0.149811
7.371644 0.335979 0.000223 0.035272 0.738449 0.128628 0.642810 -0.157933
7.373448 0.335979 0.000223 0.035272 0.739818 0.120508 0.644506 -0.150862
7.375251 0.335979 0.000223 0.035272 0.746617 0.118044 0.636545 -0.153098
7.377055 0.335979 0.000223 0.035384 0.746617 0.118044 0.636545 -0.153098
7.378859 0.335979 0.000223 0.035384 0.746219 0.116839 0.636943 -0.154303
7.380662 0.335979 0.000223 0.035384 0.752875 0.114199 0.628958 -0.156683
7.382466 0.335979 0.000223 0.035384 0.754084 0.105920 0.630641 -0.149764
7.384270 0.335979 0.000223 0.035384 0.762246 0.096348 0.623703 -0.143847
7.386073 0.335979 0.000223 0.035384 0.763259 0.087968 0.625246 -0.136987
7.387877 0.335979 0.000223 0.035384 0.763259 0.087968 0.625246 -0.136987
7.389681 0.335979 0.000223 0.035384 0.765562 0.072688 0.627549 -0.121706
7.391484 0.335979 0.000223 0.035384 0.772723 0.061501 0.620760 -0.117361
7.393288 0.335979 0.000112 0.035496 0.774519 0.046171 0.622557 -0.102031
7.395092 0.335979 0.000112 0.035496 0.782289 0.028067 0.615849 -0.089249
7.396895 0.336091 0.000112 0.035496 0.782550 0.019471 0.616793 -0.082478
7.398699 0.336091 0.000112 0.035496 0.783501 0.004086 0.617744 -0.067093
7.400503 0.336091 0.000112 0.035496 0.790297 -0.014081 0.610141 -0.054398
7.402306 0.336203 0.000112 0.035496 0.790095 -0.022763 0.610702 -0.047692
7.404110 0.336203 0.000112 0.035607 0.790200 -0.038154 0.610807 -0.032301
7.405913 0.336203 0.000112 0.035607 0.789966 -0.053544 0.610574 -0.016911
7.407717 0.336203 0.000112 0.035607 0.795357 -0.065068 0.602496 -0.013132
7.409521 0.336203 0.000112 0.035607 0.795453 -0.071683 0.601745 -0.004394
7.411324 0.336314 0.000112 0.035607 0.800549 -0.083233 0.593458 -0.000738
7.413128 0.336314 0.000112 0.035719 0.799475 -0.098537 0.592384 0.014566
7.414932 0.336314 0.000112 0.035719 0.798344 -0.107314 0.592188 0.021073
7.416735 0.336314 0.000112 0.035719 0.802891 -0.118983 0.583621 0.024412
7.418539 0.336314 0.000112 0.035719 0.801536 -0.127796 0.583317 0.030822
7.420343 0.336314 0.000112 0.035719 0.801149 -0.134197 0.581878 0.039626
7.422146 0.336314 0.000112 0.035719 0.805275 -0.145913 0.573076 0.042726
7.423950 0.336314 0.000112 0.035830 0.803623 -0.154751 0.572572 0.049020
7.425754 0.336314 0.000112 0.035830 0.801875 -0.163571 0.571999 0.055307
7.427557 0.336314 0.000112 0.035830 0.801219 -0.169845 0.570167 0.064113
7.429361 0.336314 0.000112 0.035830 0.804797 -0.181632 0.561107 0.066863
7.431165 0.336314 0.000112 0.035830 0.802753 -0.190463 0.560339 0.073023
7.432968 0.336314 0.000112 0.035830 0.800612 -0.199270 0.559503 0.079175
7.434772 0.336314 0.000112 0.035830 0.800612 -0.199270 0.559503 0.079175
7.436576 0.336314 0.000112 0.035830 0.797389 -0.214178 0.556280 0.094083
7.438379 0.336314 0.000112 0.035830 0.794988 -0.222926 0.555213 0.100189
7.440183 0.336426 0.000112 0.035830 0.794988 -0.222926 0.555213 0.100189
7.441987 0.336426 0.000112 0.035830 0.792491 -0.231646 0.554078 0.106282
7.443790 0.336426 0.000112 0.035830 0.791275 -0.237719 0.551500 0.114982
7.445594 0.336426 0.000112 0.035830 0.788616 -0.246398 0.550204 0.121034
7.447398 0.336538 0.000112 0.035830 0.788616 -0.246398 0.550204 0.121034
7.449201 0.336538 0.000112 0.035830 0.788616 -0.246398 0.550204 0.121034
7.451005 0.336538 0.000112 0.035830 0.788616 -0.246398 0.550204 0.121034
7.452808 0.336538 0.000223 0.035830 0.784418 -0.261061 0.546006 0.135697
7.454612 0.336649 0.000223 0.035719 0.784418 -0.261061 0.546006 0.135697
7.456416 0.336649 0.000223 0.035719 0.784418 -0.261061 0.546006 0.135697
7.458219 0.336649 0.000223 0.035719 0.787238 -0.252428 0.547463 0.129691
7.460023 0.336761 0.000335 0.035719 0.785766 -0.258427 0.544657 0.138331
7.461827 0.336761 0.000335 0.035719 0.785766 -0.258427 0.544657 0.138331
7.463630 0.336872 0.000335 0.035719 0.785766 -0.258427 0.544657 0.138331
7.465434 0.336872 0.000335 0.035719 0.785766 -0.258427 0.544657 0.138331
7.467238 0.336872 0.000446 0.035719 0.781528 -0.252922 0.551651 0.144658
7.469041 0.336984 0.000446 0.035719 0.781528 -0.252922 0.551651 0.144658
7.470845 0.336984 0.000558 0.035719 0.779891 -0.258967 0.548840 0.153235
7.472649 0.337096 0.000558 0.035719 0.779891 -0.258967 0.548840 0.153235
7.474452 0.337096 0.000558 0.035719 0.782689 -0.250383 0.550490 0.147197
7.476256 0.337207 0.000670 0.035719 0.781025 -0.256416 0.547706 0.155786
7.478060 0.337319 0.000670 0.035719 0.778161 -0.264981 0.545961 0.161794
7.479863 0.337319 0.000670 0.035719 0.770596 -0.268363 0.551325 0.173792
7.481667 0.337431 0.000670 0.035719 0.770596 -0.268363 0.551325 0.173792
7.483471 0.337431 0.000781 0.035719 0.767601 -0.276813 0.549383 0.179839
7.485274 0.337431 0.000781 0.035719 0.765579 -0.282831 0.546309 0.188261
7.487078 0.337542 0.000781 0.035719 0.762426 -0.291225 0.544207 0.194251
7.488882 0.337542 0.000781 0.035719 0.759180 -0.299584 0.542040 0.200218
7.490685 0.337542 0.000781 0.035719 0.755843 -0.307906 0.539808 0.206161
7.492489 0.337654 0.000781 0.035719 0.743205 -0.321515 0.543178 0.221882
7.494292 0.337654 0.000893 0.035719 0.739628 -0.329661 0.540707 0.227836
7.496096 0.337654 0.000893 0.035719 0.735962 -0.337767 0.538172 0.233763
7.497900 0.337765 0.000893 0.035719 0.722719 -0.350642 0.540692 0.249761
7.499703 0.337765 0.001005 0.035719 0.721588 -0.352629 0.541822 0.247774
7.501507 0.337765 0.001005 0.035607 0.708094 -0.364873 0.543787 0.264132
7.503311 0.337877 0.001116 0.035607 0.694329 -0.376649 0.545226 0.280661
7.505114 0.337877 0.001116 0.035607 0.683534 -0.381929 0.550362 0.289851
7.506918 0.337989 0.001228 0.035496 0.672789 -0.386670 0.555131 0.299451
7.508722 0.338100 0.001228 0.035496 0.653149 -0.392604 0.561881 0.321788
7.510525 0.338212 0.001339 0.035384 0.642544 -0.396100 0.565579 0.332210
7.512329 0.338324 0.001339 0.035384 0.632066 -0.399086 0.568844 0.342985
7.514133 0.338435 0.001451 0.035272 0.621739 -0.401575 0.571659 0.354095
7.515936 0.338547 0.001451 0.035272 0.602226 -0.404537 0.575260 0.377822
7.517740 0.338658 0.001451 0.035161 0.596672 -0.399336 0.581091 0.383206
7.519544 0.338658 0.001563 0.035161 0.586924 -0.400317 0.582303 0.395207
7.521347 0.338770 0.001563 0.035049 0.586867 -0.400368 0.582360 0.395157
7.523151 0.338882 0.001563 0.035049 0.577929 -0.413165 0.573538 0.407857
7.524955 0.338882 0.001563 0.035049 0.573047 -0.407117 0.578412 0.413899
7.526758 0.338882 0.001563 0.035049 0.577560 -0.400738 0.582850 0.407579
7.528562 0.338882 0.001563 0.035049 0.573122 -0.407059 0.578337 0.413957
7.530366 0.338882 0.001563 0.035049 0.577636 -0.400681 0.582774 0.407636
7.532169 0.338993 0.001563 0.035049 0.577750 -0.413304 0.573717 0.407718
7.533973 0.338993 0.001563 0.035049 0.573174 -0.419626 0.569203 0.413996
7.535777 0.338993 0.001563 0.035049 0.573174 -0.419626 0.569203 0.413996
7.537580 0.338993 0.001563 0.035049 0.577587 -0.425927 0.564661 0.407601
7.539384 0.338993 0.001563 0.035049 0.572872 -0.432246 0.560149 0.413779
7.541187 0.338993 0.001674 0.035049 0.577146 -0.438543 0.555610 0.407285
7.542991 0.338882 0.001674 0.035161 0.577146 -0.438543 0.555610 0.407285
7.544795 0.338882 0.001674 0.035161 0.572293 -0.444857 0.551101 0.413364
7.546598 0.338882 0.001674 0.035161 0.572293 -0.444857 0.551101 0.413364
7.548402 0.338882 0.001674 0.035161 0.571437 -0.457452 0.542065 0.412750
7.550206 0.338993 0.001674 0.035161 0.571437 -0.457452 0.542065 0.412750
7.552009 0.338993 0.001674 0.035161 0.566377 -0.463702 0.537498 0.418680
7.553813 0.338993 0.001674 0.035161 0.561249 -0.469896 0.532866 0.424560
7.555617 0.338993 0.001674 0.035161 0.561249 -0.469896 0.532866 0.424560
7.557420 0.338993 0.001674 0.035161 0.560747 -0.470202 0.533367 0.424254
7.559224 0.338993 0.001563 0.035272 0.559189 -0.482829 0.524517 0.423161
7.561028 0.338993 0.001563 0.035272 0.553851 -0.488943 0.519836 0.428898
7.562831 0.339105 0.001563 0.035272 0.548446 -0.494998 0.515093 0.434583
7.564635 0.339105 0.001563 0.035272 0.542975 -0.500994 0.510288 0.440216
7.566439 0.339105 0.001563 0.035272 0.540726 -0.513516 0.501510 0.438639
7.568242 0.339105 0.001563 0.035272 0.529313 -0.525272 0.491752 0.449552
7.570046 0.339105 0.001563 0.035272 0.528476 -0.525676 0.492588 0.449149
7.571850 0.339105 0.001451 0.035272 0.522669 -0.531450 0.487624 0.454533
7.573653 0.339216 0.001451 0.035272 0.519577 -0.543891 0.479106 0.452416
7.575457 0.339216 0.001451 0.035272 0.516212 -0.556261 0.470636 0.450112
7.577261 0.339216 0.001451 0.035272 0.510069 -0.561899 0.465663 0.455255
7.579064 0.339216 0.001451 0.035272 0.506298 -0.574151 0.457274 0.452673
7.580868 0.339216 0.001451 0.035272 0.499960 -0.579679 0.452273 0.457669
7.582671 0.339216 0.001451 0.035384 0.493561 -0.585137 0.447218 0.462610
7.584475 0.339328 0.001451 0.035384 0.495787 -0.591801 0.443974 0.454812
7.586279 0.339328 0.001451 0.035384 0.489256 -0.597212 0.438950 0.459662
7.588082 0.339328 0.001451 0.035384 0.494276 -0.592353 0.445485 0.454260
7.589886 0.339440 0.001451 0.035384 0.487739 -0.597748 0.440467 0.459126
7.591690 0.339440 0.001451 0.035384 0.481142 -0.603070 0.435397 0.463938
7.593493 0.339551 0.001451 0.035384 0.481142 -0.603070 0.435397 0.463938
7.595297 0.339551 0.001451 0.035496 0.487982 -0.604976 0.439106 0.450626
7.597101 0.339551 0.001451 0.035496 0.479608 -0.603556 0.436931 0.463452
7.598904 0.339663 0.001451 0.035496 0.479608 -0.603556 0.436931 0.463452
7.600708 0.339663 0.001339 0.035384 0.478064 -0.604008 0.438475 0.463000
7.602512 0.339775 0.001339 0.035384 0.471400 -0.609223 0.433362 0.467789
7.604315 0.339775 0.001339 0.035384 0.471400 -0.609223 0.433362 0.467789
7.606119 0.339775 0.001339 0.035384 0.463236 -0.607467 0.430606 0.480598
7.607923 0.339775 0.001339 0.035384 0.463236 -0.607467 0.430606 0.480598
7.609726 0.339775 0.001228 0.035384 0.456534 -0.612519 0.425300 0.485300
7.611530 0.339775 0.001228 0.035384 0.449778 -0.617498 0.419943 0.489943
7.613334 0.339886 0.001228 0.035384 0.441699 -0.615385 0.416627 0.502618
7.615137 0.339886 0.001228 0.035384 0.441699 -0.615385 0.416627 0.502618
7.616941 0.339886 0.001116 0.035272 0.440458 -0.615646 0.417869 0.502357
7.618745 0.339886 0.001116 0.035272 0.433667 -0.620448 0.412325 0.506917
7.620548 0.339775 0.001116 0.035272 0.426825 -0.625175 0.406731 0.511416
7.622352 0.339775 0.001116 0.035272 0.425828 -0.618025 0.408428 0.519522
7.624156 0.339775 0.001116 0.035272 0.419012 -0.622666 0.402696 0.523977
7.625959 0.339775 0.001005 0.035272 0.412146 -0.627231 0.396915 0.528370
7.627763 0.339775 0.001005 0.035161 0.404421 -0.624466 0.392469 0.540791
7.629566 0.339775 0.001005 0.035161 0.404421 -0.624466 0.392469 0.540791
7.631370 0.339775 0.001005 0.035161 0.396758 -0.621531 0.387751 0.553111
7.633174 0.339775 0.001005 0.035161 0.389905 -0.625852 0.381651 0.557338
7.634977 0.339775 0.001005 0.035161 0.389905 -0.625852 0.381651 0.557338
7.636781 0.339775 0.001005 0.035049 0.382343 -0.622667 0.376529 0.569496
7.638585 0.339886 0.001005 0.035049 0.382343 -0.622667 0.376529 0.569496
7.640388 0.339886 0.001005 0.035049 0.374853 -0.619316 0.371141 0.581539
7.642192 0.339886 0.001005 0.035049 0.374853 -0.619316 0.371141 0.581539
7.643996 0.339886 0.001005 0.034937 0.368026 -0.623397 0.364730 0.585581
7.645799 0.339886 0.001116 0.034937 0.360896 -0.619779 0.358703 0.597461
7.647603 0.339998 0.001116 0.034937 0.354065 -0.623707 0.352118 0.601366
7.649407 0.339998 0.001116 0.034937 0.347437 -0.627537 0.345244 0.605219
7.651210 0.339998 0.001116 0.034937 0.340522 -0.631317 0.338575 0.608976
7.653014 0.340109 0.001116 0.034826 0.326815 -0.638627 0.324868 0.616286
7.654818 0.340109 0.001228 0.034826 0.312236 -0.637974 0.311789 0.631099
7.656621 0.340221 0.001228 0.034826 0.298219 -0.644676 0.297772 0.637801
7.658425 0.340333 0.001228 0.034826 0.283647 -0.643307 0.284019 0.651946
7.660229 0.340333 0.001339 0.034826 0.269445 -0.649383 0.269627 0.658029
7.662032 0.340444 0.001339 0.034826 0.255112 -0.655147 0.255104 0.663794
7.663836 0.340556 0.001339 0.034714 0.225990 -0.665718 0.225792 0.674363
7.665640 0.340668 0.001339 0.034714 0.204602 -0.664979 0.202722 0.689089
7.667443 0.340779 0.001339 0.034714 0.175192 -0.673326 0.172253 0.697330
7.669247 0.340891 0.001339 0.034714 0.147118 -0.672617 0.139706 0.711635
7.671050 0.341114 0.001339 0.034714 0.127119 -0.669406 0.113845 0.723032
7.672854 0.341226 0.001339 0.034714 0.092409 -0.667612 0.071660 0.735268
7.674658 0.341337 0.001339 0.034714 0.066447 -0.663616 0.035771 0.744257
7.676461 0.341449 0.001339 0.034826 0.038096 -0.666280 0.002175 0.744725
7.678265 0.341561 0.001228 0.034826 0.005080 -0.659990 -0.042313 0.750065
7.680069 0.341672 0.001116 0.034826 -0.023919 -0.659576 -0.075223 0.747482
7.681872 0.341895 0.001116 0.034937 -0.048610 -0.650779 -0.112114 0.749369
7.683676 0.342007 0.001116 0.034937 -0.065525 -0.641781 -0.141048 0.750952
7.685480 0.342119 0.001116 0.034937 -0.074943 -0.633167 -0.161920 0.753170
7.687283 0.342119 0.001005 0.034937 -0.092293 -0.622329 -0.189782 0.753772
7.689087 0.342230 0.001005 0.035049 -0.114171 -0.617847 -0.213097 0.748211
7.690891 0.342230 0.001005 0.035049 -0.124237 -0.607034 -0.232487 0.749683
7.692694 0.342342 0.001005 0.035049 -0.140678 -0.601779 -0.245768 0.746773
7.694498 0.342454 0.001005 0.035049 -0.150623 -0.590156 -0.264750 0.747620
7.696302 0.342454 0.001116 0.035049 -0.154043 -0.579880 -0.275320 0.751138
7.698105 0.342454 0.001116 0.035049 -0.157539 -0.569375 -0.285662 0.754580
7.699909 0.342565 0.001116 0.035049 -0.154963 -0.560381 -0.287426 0.761148
7.701713 0.342565 0.001116 0.035049 -0.158728 -0.549472 -0.297259 0.764541
7.703516 0.342565 0.001116 0.035049 -0.162566 -0.538350 -0.306851 0.767851
7.705320 0.342565 0.001228 0.035049 -0.160676 -0.528816 -0.307705 0.774502
7.707124 0.342565 0.001228 0.034937 -0.156227 -0.520776 -0.311062 0.779503
7.708927 0.342565 0.001228 0.034937 -0.156227 -0.520776 -0.311062 0.779503
7.710731 0.342565 0.001228 0.034937 -0.160369 -0.509189 -0.319993 0.782696
7.712535 0.342565 0.001228 0.034937 -0.155937 -0.500989 -0.323184 0.787557
7.714338 0.342565 0.001228 0.034826 -0.151486 -0.492728 -0.326336 0.792323
7.716142 0.342565 0.001228 0.034826 -0.138252 -0.487998 -0.324106 0.798561
7.717945 0.342565 0.001228 0.034826 -0.138252 -0.487998 -0.324106 0.798561
7.719749 0.342565 0.001228 0.034714 -0.133715 -0.479654 -0.327271 0.803085
7.721553 0.342565 0.001228 0.034714 -0.115058 -0.476146 -0.316292 0.812407
7.723356 0.342565 0.001228 0.034714 -0.115058 -0.476146 -0.316292 0.812407
7.725160 0.342565 0.001228 0.034714 -0.115058 -0.476146 -0.316292 0.812407
7.726964 0.342565 0.001339 0.034714 -0.106126 -0.479592 -0.311042 0.813622
7.728767 0.342677 0.001339 0.034714 -0.096373 -0.472239 -0.305261 0.821290
7.730571 0.342677 0.001339 0.034603 -0.096373 -0.472239 -0.305261 0.821290
7.732375 0.342677 0.001339 0.034603 -0.082115 -0.476495 -0.291003 0.825546
7.734178 0.342677 0.001339 0.034603 -0.082115 -0.476495 -0.291003 0.825546
7.735982 0.342677 0.001451 0.034603 -0.067766 -0.480437 -0.276654 0.829488
7.737786 0.342788 0.001451 0.034603 -0.067766 -0.480437 -0.276654 0.829488
7.739589 0.342788 0.001451 0.034603 -0.067766 -0.480437 -0.276654 0.829488
7.741393 0.342788 0.001451 0.034603 -0.062484 -0.481153 -0.267525 0.832477
7.743197 0.342900 0.001451 0.034603 -0.053335 -0.484063 -0.262223 0.833113
7.745000 0.342900 0.001451 0.034714 -0.053335 -0.484063 -0.262223 0.833113
7.746804 0.342900 0.001451 0.034714 -0.053335 -0.484063 -0.262223 0.833113
7.748608 0.342900 0.001451 0.034714 -0.044179 -0.486914 -0.256889 0.833649
7.750411 0.343012 0.001451 0.034714 -0.044179 -0.486914 -0.256889 0.833649
7.752215 0.343012 0.001451 0.034714 -0.044179 -0.486914 -0.256889 0.833649
7.754019 0.343012 0.001451 0.034714 -0.044179 -0.486914 -0.256889 0.833649
7.755822 0.343123 0.001451 0.034714 -0.044179 -0.486914 -0.256889 0.833649
7.757626 0.343123 0.001451 0.034714 -0.044179 -0.486914 -0.256889 0.833649
7.759429 0.343123 0.001563 0.034714 -0.035018 -0.489707 -0.251524 0.834084
7.761233 0.343235 0.001563 0.034714 -0.035018 -0.489707 -0.251524 0.834084
7.763037 0.343235 0.001563 0.034714 -0.035018 -0.489707 -0.251524 0.834084
7.764840 0.343235 0.001563 0.034714 -0.029635 -0.490062 -0.242346 0.836797
7.766644 0.343235 0.001563 0.034714 -0.029635 -0.490062 -0.242346 0.836797
7.768448 0.343346 0.001563 0.034826 -0.033973 -0.498563 -0.238889 0.832594
7.770251 0.343346 0.001563 0.034826 -0.033973 -0.498563 -0.238889 0.832594
7.772055 0.343346 0.001674 0.034826 -0.037667 -0.496353 -0.235195 0.834804
7.773859 0.343346 0.001674 0.034826 -0.041859 -0.504878 -0.231851 0.830416
7.775662 0.343346 0.001674 0.034937 -0.036310 -0.505307 -0.222714 0.832913
7.777466 0.343346 0.001674 0.034937 -0.040404 -0.513817 -0.219391 0.828388
7.779270 0.343346 0.001674 0.034937 -0.040404 -0.513817 -0.219391 0.828388
7.781073 0.343346 0.001786 0.034937 -0.038753 -0.522723 -0.206979 0.826087
7.782877 0.343346 0.001786 0.034937 -0.047826 -0.520417 -0.212709 0.825611
7.784681 0.343346 0.001786 0.035049 -0.045952 -0.529419 -0.200448 0.823058
7.786484 0.343346 0.001786 0.035049 -0.045952 -0.529419 -0.200448 0.823058
7.788288 0.343346 0.001786 0.035049 -0.045952 -0.529419 -0.200448 0.823058
7.790092 0.343346 0.001786 0.035049 -0.049792 -0.537863 -0.197247 0.818118
7.791895 0.343346 0.001786 0.035049 -0.043880 -0.538378 -0.188247 0.820236
7.793699 0.343346 0.001786 0.035049 -0.043880 -0.538378 -0.188247 0.820236
7.795503 0.343346 0.001786 0.035049 -0.047621 -0.546799 -0.185077 0.815163
7.797306 0.343346 0.001786 0.035049 -0.038663 -0.548799 -0.179059 0.815637
7.799110 0.343346 0.001786 0.035049 -0.038663 -0.548799 -0.179059 0.815637
7.800914 0.343346 0.001786 0.035049 -0.038663 -0.548799 -0.179059 0.815637
7.802717 0.343346 0.001786 0.035161 -0.038663 -0.548799 -0.179059 0.815637
7.804521 0.343346 0.001786 0.035161 -0.033549 -0.559015 -0.169644 0.810924
7.806324 0.343346 0.001786 0.035161 -0.033549 -0.559015 -0.169644 0.810924
7.808128 0.343346 0.001674 0.035161 -0.024638 -0.560845 -0.163492 0.811243
7.809932 0.343346 0.001674 0.035161 -0.028539 -0.569023 -0.160007 0.806100
7.811735 0.343346 0.001674 0.035161 -0.019682 -0.570746 -0.153746 0.806364
7.813539 0.343346 0.001674 0.035161 -0.019682 -0.570746 -0.153746 0.806364
7.815343 0.343346 0.001674 0.035161 -0.010822 -0.572401 -0.147466 0.806532
7.817146 0.343346 0.001674 0.035049 -0.014834 -0.580431 -0.143784 0.801378
7.818950 0.343346 0.001674 0.035049 -0.008457 -0.580559 -0.134971 0.802909
7.820754 0.343346 0.001674 0.035049 0.000365 -0.582006 -0.128585 0.802954
7.822557 0.343346 0.001674 0.035049 -0.003616 -0.589969 -0.124856 0.797706
7.824361 0.343346 0.001674 0.035049 0.005148 -0.591305 -0.118367 0.797697
7.826165 0.343346 0.001674 0.035049 0.011644 -0.591213 -0.109596 0.798950
7.827968 0.343346 0.001674 0.035049 0.016410 -0.600233 -0.099235 0.793475
7.829772 0.343346 0.001563 0.034937 0.023003 -0.600017 -0.090512 0.794518
7.831576 0.343346 0.001563 0.034937 0.023003 -0.600017 -0.090512 0.794518
7.833379 0.343346 0.001563 0.034937 0.038331 -0.600590 -0.075184 0.795091
7.835183 0.343346 0.001563 0.034937 0.043103 -0.609161 -0.064658 0.789230
7.836987 0.343346 0.001563 0.034937 0.043103 -0.609161 -0.064658 0.789230
7.838790 0.343346 0.001563 0.034937 0.051771 -0.609835 -0.057962 0.788709
7.840594 0.343346 0.001563 0.034826 0.058468 -0.609229 -0.049294 0.789298
7.842398 0.343235 0.001563 0.034826 0.067136 -0.609734 -0.042598 0.788608
7.844201 0.343235 0.001563 0.034826 0.071735 -0.617784 -0.031773 0.782424
7.846005 0.343235 0.001563 0.034826 0.071735 -0.617784 -0.031773 0.782424
7.847809 0.343235 0.001563 0.034826 0.087112 -0.617176 -0.016395 0.781816
7.849612 0.343235 0.001563 0.034826 0.095696 -0.617319 -0.009614 0.780812
7.851416 0.343123 0.001563 0.034826 0.091589 -0.624817 -0.005381 0.775362
7.853219 0.343123 0.001563 0.034826 0.091589 -0.624817 -0.005381 0.775362
7.855023 0.343123 0.001563 0.034714 0.100102 -0.624838 0.001483 0.774309
7.856827 0.343123 0.001563 0.034714 0.095923 -0.632214 0.005798 0.768811
7.858630 0.343123 0.001563 0.034714 0.095923 -0.632214 0.005798 0.768811
7.860434 0.343123 0.001451 0.034714 0.091733 -0.639513 0.010112 0.763221
7.862238 0.343235 0.001451 0.034714 0.091733 -0.639513 0.010112 0.763221
7.864041 0.343235 0.001451 0.034714 0.087532 -0.646735 0.014425 0.757538
7.865845 0.343235 0.001451 0.034714 0.087532 -0.646735 0.014425 0.757538
7.867649 0.343235 0.001451 0.034714 0.083320 -0.653878 0.018737 0.751764
7.869452 0.343346 0.001339 0.034714 0.079098 -0.660943 0.023046 0.745900
7.871256 0.343346 0.001339 0.034714 0.079098 -0.660943 0.023046 0.745900
7.873060 0.343346 0.001339 0.034714 0.074867 -0.667928 0.027352 0.739945
7.874863 0.343458 0.001339 0.034714 0.070626 -0.674833 0.031655 0.733901
7.876667 0.343458 0.001228 0.034714 0.070626 -0.674833 0.031655 0.733901
7.878471 0.343458 0.001228 0.034714 0.066378 -0.681656 0.035954 0.727768
7.880274 0.343570 0.001228 0.034714 0.062121 -0.688397 0.040248 0.721548
7.882078 0.343570 0.001116 0.034714 0.057856 -0.695054 0.044538 0.715240
7.883882 0.343570 0.001116 0.034714 0.057856 -0.695054 0.044538 0.715240
7.885685 0.343570 0.001116 0.034714 0.053585 -0.701628 0.048823 0.708846
7.887489 0.343570 0.001116 0.034714 0.049307 -0.708117 0.053101 0.702367
7.889293 0.343570 0.001116 0.034714 0.045023 -0.714521 0.057373 0.695802
7.891096 0.343570 0.001116 0.034714 0.060504 -0.713226 0.072854 0.694507
7.892900 0.343570 0.001116 0.034714 0.056211 -0.719544 0.077116 0.687859
7.894703 0.343570 0.001116 0.034714 0.051911 -0.725774 0.081368 0.681128
7.896507 0.343570 0.001116 0.034826 0.047605 -0.731918 0.085610 0.674315
7.898311 0.343570 0.001116 0.034826 0.043294 -0.737973 0.089842 0.667421
7.900114 0.343570 0.001116 0.034826 0.047147 -0.743465 0.101314 0.659372
7.901918 0.343681 0.001116 0.034826 0.050054 -0.748185 0.113672 0.651761
7.903722 0.343681 0.001116 0.034937 0.058271 -0.747590 0.120826 0.650473
7.905525 0.343681 0.001116 0.034937 0.053994 -0.753424 0.124931 0.643295
7.907329 0.343681 0.001116 0.034937 0.049710 -0.759168 0.129020 0.636040
7.909133 0.343793 0.001116 0.034937 0.058048 -0.758576 0.136000 0.634584
7.910936 0.343793 0.001116 0.034937 0.053821 -0.764274 0.139993 0.627208
7.912740 0.343793 0.001228 0.035049 0.053821 -0.764274 0.139993 0.627208
7.914544 0.343905 0.001228 0.035049 0.062214 -0.763637 0.146875 0.625632
7.916347 0.343905 0.001228 0.035049 0.058042 -0.769290 0.150770 0.618137
7.918151 0.343905 0.001228 0.035049 0.058042 -0.769290 0.150770 0.618137
7.919955 0.344016 0.001228 0.035049 0.073259 -0.766828 0.165986 0.615675
7.921758 0.344016 0.001228 0.035049 0.073259 -0.766828 0.165986 0.615675
7.923562 0.344016 0.001228 0.035049 0.073259 -0.766828 0.165986 0.615675
7.925366 0.344016 0.001228 0.035049 0.073259 -0.766828 0.165986 0.615675
7.927169 0.344128 0.001228 0.035049 0.073259 -0.766828 0.165986 0.615675
7.928973 0.344128 0.001228 0.035049 0.073259 -0.766828 0.165986 0.615675
7.930777 0.344128 0.001228 0.035049 0.073259 -0.766828 0.165986 0.615675
7.932580 0.344239 0.001228 0.035049 0.073259 -0.766828 0.165986 0.615675
7.934384 0.344239 0.001228 0.035049 0.081679 -0.765977 0.172740 0.613815
7.936188 0.344239 0.001228 0.035049 0.081679 -0.765977 0.172740 0.613815
7.937991 0.344351 0.001228 0.035049 0.081679 -0.765977 0.172740 0.613815
7.939795 0.344351 0.001228 0.035049 0.081679 -0.765977 0.172740 0.613815
7.941598 0.344351 0.001228 0.035049 0.077540 -0.771586 0.176510 0.606207
7.943402 0.344463 0.001228 0.035049 0.077540 -0.771586 0.176510 0.606207
7.945206 0.344463 0.001228 0.035049 0.077540 -0.771586 0.176510 0.606207
7.947009 0.344463 0.001228 0.035049 0.077540 -0.771586 0.176510 0.606207
7.948813 0.344463 0.001228 0.035049 0.073391 -0.777102 0.180260 0.598525
7.950617 0.344463 0.001228 0.035049 0.073391 -0.777102 0.180260 0.598525
7.952420 0.344574 0.001228 0.035161 0.073391 -0.777102 0.180260 0.598525
7.954224 0.344574 0.001228 0.035161 0.069233 -0.782524 0.183987 0.590772
7.956028 0.344574 0.001228 0.035161 0.069233 -0.782524 0.183987 0.590772
7.957831 0.344574 0.001228 0.035049 0.069233 -0.782524 0.183987 0.590772
7.959635 0.344574 0.001228 0.035049 0.062739 -0.784498 0.175379 0.591496
7.961439 0.344574 0.001228 0.035049 0.062739 -0.784498 0.175379 0.591496
7.963242 0.344463 0.001228 0.035049 0.062739 -0.784498 0.175379 0.591496
7.965046 0.344463 0.001228 0.035049 0.054117 -0.785140 0.168870 0.593388
7.966850 0.344463 0.001228 0.035049 0.054117 -0.785140 0.168870 0.593388
7.968653 0.344463 0.001228 0.035049 0.047594 -0.786948 0.160235 0.593946
7.970457 0.344463 0.001228 0.035049 0.051641 -0.781490 0.156541 0.601749
7.972261 0.344463 0.001228 0.034937 0.051641 -0.781490 0.156541 0.601749
7.974064 0.344463 0.001228 0.034937 0.051641 -0.781490 0.156541 0.601749
7.975868 0.344463 0.001228 0.034937 0.043052 -0.782010 0.149921 0.603433
7.977672 0.344463 0.001228 0.034937 0.043052 -0.782010 0.149921 0.603433
7.979475 0.344463 0.001228 0.034937 0.043052 -0.782010 0.149921 0.603433
7.981279 0.344351 0.001228 0.034937 0.036420 -0.783610 0.141321 0.603869
7.983082 0.344351 0.001228 0.034937 0.036420 -0.783610 0.141321 0.603869
7.984886 0.344351 0.001228 0.034937 0.027809 -0.783962 0.134678 0.605385
7.986690 0.344351 0.001228 0.034937 0.027809 -0.783962 0.134678 0.605385
7.988493 0.344351 0.001228 0.034937 0.027809 -0.783962 0.134678 0.605385
7.990297 0.344351 0.001228 0.034937 0.021157 -0.785395 0.126057 0.605654
7.992101 0.344351 0.001228 0.034937 0.021157 -0.785395 0.126057 0.605654
7.993904 0.344351 0.001228 0.034826 0.021157 -0.785395 0.126057 0.605654
7.995708 0.344351 0.001228 0.034826 0.021157 -0.785395 0.126057 0.605654
7.997512 0.344351 0.001228 0.034826 0.014501 -0.786732 0.117421 0.605850
7.999315 0.344351 0.001228 0.034826 0.010593 -0.792225 0.121106 0.597997
8.001119 0.344351 0.001228 0.034826 0.010593 -0.792225 0.121106 0.597997
8.002923 0.344351 0.001228 0.034826 0.004023 -0.793508 0.112395 0.598077
8.004726 0.344351 0.001228 0.034826 0.004023 -0.793508 0.112395 0.598077
8.006530 0.344351 0.001228 0.034826 0.004023 -0.793508 0.112395 0.598077
8.008334 0.344351 0.001228 0.034826 -0.002548 -0.794695 0.103671 0.598086
8.010137 0.344351 0.001228 0.034826 0.006183 -0.794675 0.110235 0.596911
8.011941 0.344351 0.001339 0.034826 0.006183 -0.794675 0.110235 0.596911
8.013745 0.344351 0.001339 0.034826 0.006183 -0.794675 0.110235 0.596911
8.015548 0.344351 0.001339 0.034826 0.006183 -0.794675 0.110235 0.596911
8.017352 0.344351 0.001339 0.034826 0.006183 -0.794675 0.110235 0.596911
8.019156 0.344351 0.001339 0.034826 0.004843 -0.801388 0.111363 0.587667
8.020959 0.344351 0.001339 0.034826 0.004843 -0.801388 0.111363 0.587667
8.022763 0.344463 0.001451 0.034826 0.004843 -0.801388 0.111363 0.587667
8.024567 0.344463 0.001451 0.034826 0.004843 -0.801388 0.111363 0.587667
8.026370 0.344463 0.001451 0.034826 0.004843 -0.801388 0.111363 0.587667
8.028174 0.344463 0.001451 0.034826 0.004843 -0.801388 0.111363 0.587667
8.029977 0.344463 0.001451 0.034826 0.004843 -0.801388 0.111363 0.587667
8.031781 0.344463 0.001563 0.034826 0.001318 -0.806885 0.114662 0.579471
8.033585 0.344463 0.001563 0.034826 0.001318 -0.806885 0.114662 0.579471
8.035388 0.344463 0.001563 0.034826 0.001318 -0.806885 0.114662 0.579471
8.037192 0.344463 0.001563 0.034826 -0.005048 -0.808096 0.105791 0.579451
8.038996 0.344574 0.001674 0.034826 -0.005048 -0.808096 0.105791 0.579451
8.040799 0.344574 0.001674 0.034826 -0.005048 -0.808096 0.105791 0.579451
8.042603 0.344574 0.001674 0.034826 -0.020303 -0.809035 0.090536 0.580390
8.044407 0.344574 0.001674 0.034826 -0.020303 -0.809035 0.090536 0.580390
8.046210 0.344574 0.001674 0.034826 -0.026678 -0.809981 0.081642 0.580132
8.048014 0.344574 0.001674 0.034714 -0.041956 -0.810417 0.066365 0.580568
8.049818 0.344574 0.001674 0.034714 -0.047511 -0.804378 0.056655 0.589499
8.051621 0.344686 0.001674 0.034714 -0.062824 -0.804310 0.041341 0.589432
8.053425 0.344686 0.001674 0.034603 -0.068272 -0.797981 0.031411 0.597979
8.055229 0.344686 0.001674 0.034603 -0.083602 -0.797408 0.016080 0.597405
8.057032 0.344686 0.001674 0.034603 -0.088928 -0.790791 0.005946 0.605562
8.058836 0.344798 0.001674 0.034491 -0.100841 -0.783964 -0.012979 0.612424
8.060640 0.344798 0.001674 0.034491 -0.100841 -0.783964 -0.012979 0.612424
8.062443 0.344798 0.001674 0.034491 -0.105956 -0.777005 -0.023386 0.620072
8.064247 0.344909 0.001563 0.034491 -0.110916 -0.769935 -0.033959 0.627490
8.066051 0.344909 0.001563 0.034491 -0.119368 -0.768670 -0.040851 0.627079
8.067854 0.344909 0.001563 0.034491 -0.127805 -0.767313 -0.047737 0.626593
8.069658 0.345021 0.001563 0.034491 -0.136227 -0.765862 -0.054618 0.626031
8.071461 0.345021 0.001563 0.034491 -0.144633 -0.764319 -0.061493 0.625393
8.073265 0.345021 0.001563 0.034491 -0.149116 -0.756938 -0.072531 0.632098
8.075069 0.345132 0.001563 0.034491 -0.150479 -0.756082 -0.071169 0.632954
8.076872 0.345132 0.001563 0.034603 -0.167054 -0.752593 -0.085058 0.631238
8.078676 0.345132 0.001563 0.034603 -0.175312 -0.750713 -0.091988 0.630265
8.080480 0.345132 0.001563 0.034603 -0.196116 -0.752104 -0.101102 0.621012
8.082283 0.345244 0.001563 0.034714 -0.204367 -0.749904 -0.107919 0.619864
8.084087 0.345244 0.001563 0.034714 -0.220794 -0.745233 -0.121512 0.617343
8.085891 0.345244 0.001563 0.034714 -0.237114 -0.740202 -0.135046 0.614524
8.087694 0.345244 0.001563 0.034714 -0.248563 -0.729740 -0.153756 0.618106
8.089498 0.345244 0.001451 0.034714 -0.264536 -0.724102 -0.167299 0.614579
8.091302 0.345244 0.001451 0.034714 -0.288254 -0.714992 -0.187460 0.608732
8.093105 0.345244 0.001451 0.034826 -0.298724 -0.703707 -0.206505 0.610669
8.094909 0.345244 0.001451 0.034826 -0.314113 -0.696974 -0.219873 0.605984
8.096713 0.345356 0.001339 0.034826 -0.331446 -0.681673 -0.245741 0.604216
8.098516 0.345356 0.001339 0.034826 -0.352899 -0.671341 -0.266348 0.594830
8.100320 0.345356 0.001339 0.034826 -0.361921 -0.658950 -0.285539 0.594362
8.102124 0.345467 0.001451 0.034826 -0.363402 -0.650441 -0.298263 0.596577
8.103927 0.345579 0.001451 0.034826 -0.377605 -0.642300 -0.311299 0.589880
8.105731 0.345579 0.001451 0.034826 -0.378711 -0.633735 -0.324108 0.591534
8.107535 0.345691 0.001563 0.034937 -0.379628 -0.625148 -0.336950 0.592906
8.109338 0.345802 0.001563 0.034937 -0.386473 -0.620940 -0.343444 0.589168
8.111142 0.345802 0.001674 0.034937 -0.393271 -0.616656 -0.349895 0.585360
8.112946 0.345914 0.001786 0.035049 -0.393271 -0.616656 -0.349895 0.585360
8.114749 0.346025 0.001786 0.035049 -0.393811 -0.608037 -0.362786 0.586166
8.116553 0.346025 0.001898 0.035049 -0.393811 -0.608037 -0.362786 0.586166
8.118356 0.346137 0.002009 0.035049 -0.387551 -0.603702 -0.369222 0.590781
8.120160 0.346137 0.002121 0.035049 -0.394160 -0.599408 -0.375690 0.586689
8.121964 0.346249 0.002121 0.035161 -0.387806 -0.595070 -0.382132 0.591162
8.123767 0.346249 0.002232 0.035161 -0.387806 -0.595070 -0.382132 0.591162
8.125571 0.346360 0.002232 0.035161 -0.394278 -0.590836 -0.388647 0.586866
8.127375 0.346472 0.002344 0.035161 -0.394344 -0.582059 -0.401466 0.586963
8.129178 0.346472 0.002344 0.035161 -0.394368 -0.573063 -0.414134 0.586997
8.130982 0.346584 0.002344 0.035161 -0.394141 -0.564148 -0.426852 0.586674
8.132786 0.346584 0.002456 0.035049 -0.387595 -0.559533 -0.433095 0.590865
8.134589 0.346695 0.002456 0.035049 -0.387075 -0.550630 -0.445796 0.590123
8.136393 0.346807 0.002456 0.035049 -0.386360 -0.541741 -0.458478 0.589102
8.138197 0.346918 0.002456 0.034937 -0.385039 -0.522936 -0.483063 0.587310
8.140000 0.346918 0.002456 0.034937 -0.383817 -0.513962 -0.495571 0.585608
8.141804 0.347030 0.002456 0.034826 -0.375311 -0.500258 -0.514042 0.587063
8.143608 0.347142 0.002456 0.034826 -0.373599 -0.491365 -0.526438 0.584677
8.145411 0.347253 0.002456 0.034826 -0.364364 -0.477733 -0.544663 0.585109
8.147215 0.347365 0.002344 0.034714 -0.354698 -0.464136 -0.562694 0.584930
8.149019 0.347365 0.002344 0.034714 -0.352212 -0.455427 -0.574832 0.581465
8.150822 0.347476 0.002344 0.034603 -0.341833 -0.441965 -0.592528 0.580283
8.152626 0.347588 0.002344 0.034603 -0.343613 -0.429657 -0.610751 0.569480
8.154430 0.347588 0.002344 0.034603 -0.340372 -0.421199 -0.622539 0.564963
8.156233 0.347700 0.002344 0.034603 -0.336946 -0.412815 -0.634225 0.560187
8.158037 0.347811 0.002344 0.034714 -0.328872 -0.408147 -0.639665 0.562218
8.159840 0.347811 0.002344 0.034714 -0.325172 -0.399880 -0.651187 0.557060
8.161644 0.347811 0.002344 0.034714 -0.325172 -0.399880 -0.651187 0.557060
8.163448 0.347923 0.002344 0.034826 -0.327332 -0.384394 -0.666856 0.548087
8.165251 0.347923 0.002344 0.034826 -0.331535 -0.380775 -0.672837 0.540727
8.167055 0.347923 0.002344 0.034937 -0.335698 -0.377109 -0.678737 0.533303
8.168859 0.347923 0.002344 0.034937 -0.327323 -0.372601 -0.683969 0.534990
8.170662 0.347923 0.002456 0.035049 -0.331396 -0.368983 -0.689805 0.527444
8.172466 0.347923 0.002456 0.035049 -0.331396 -0.368983 -0.689805 0.527444
8.174270 0.347923 0.002456 0.035161 -0.326917 -0.360952 -0.700742 0.521343
8.176073 0.347923 0.002344 0.035161 -0.316585 -0.360818 -0.707622 0.518513
8.177877 0.347923 0.002344 0.035161 -0.310135 -0.357595 -0.720061 0.507400
8.179681 0.348035 0.002344 0.035161 -0.305205 -0.350164 -0.730663 0.500367
8.181484 0.348035 0.002232 0.035161 -0.298516 -0.347705 -0.742705 0.488241
8.183288 0.348035 0.002232 0.035161 -0.278884 -0.345196 -0.754104 0.484140
8.185092 0.348035 0.002121 0.035161 -0.262807 -0.340301 -0.770421 0.470722
8.186895 0.348146 0.002121 0.035049 -0.246502 -0.336284 -0.786187 0.456136
8.188699 0.348146 0.002009 0.035049 -0.225170 -0.341931 -0.797633 0.442903
8.190503 0.348258 0.001898 0.034937 -0.208758 -0.339835 -0.812140 0.425866
8.192306 0.348369 0.001786 0.034937 -0.196000 -0.336474 -0.830337 0.398635
8.194110 0.348369 0.001786 0.034826 -0.179531 -0.336289 -0.843097 0.379297
8.195914 0.348481 0.001674 0.034826 -0.159170 -0.346327 -0.851241 0.360709
8.197717 0.348593 0.001563 0.034714 -0.146925 -0.346358 -0.865880 0.329699
8.199521 0.348593 0.001451 0.034714 -0.141081 -0.350813 -0.872409 0.309723
8.201325 0.348704 0.001451 0.034714 -0.125493 -0.354041 -0.881368 0.286525
8.203128 0.348704 0.001339 0.034603 -0.116286 -0.360804 -0.883480 0.275249
8.204932 0.348816 0.001339 0.034603 -0.101252 -0.365217 -0.890789 0.250717
8.206735 0.348816 0.001228 0.034603 -0.092549 -0.372602 -0.891986 0.238671
8.208539 0.348928 0.001228 0.034603 -0.098301 -0.380311 -0.892890 0.220109
8.210343 0.348928 0.001116 0.034603 -0.090132 -0.388085 -0.893383 0.207685
8.212146 0.348928 0.001116 0.034714 -0.092210 -0.396887 -0.891304 0.198883
8.213950 0.348928 0.001116 0.034714 -0.080059 -0.405832 -0.889109 0.195900
8.215754 0.348928 0.001116 0.034714 -0.084512 -0.404928 -0.891207 0.186120
8.217557 0.348928 0.001116 0.034714 -0.072527 -0.413954 -0.888780 0.182898
8.219361 0.348928 0.001116 0.034714 -0.077071 -0.413132 -0.890736 0.173122
8.221165 0.348928 0.001116 0.034714 -0.069894 -0.421491 -0.889883 0.159900
8.222968 0.348928 0.001116 0.034714 -0.068133 -0.431242 -0.885199 0.160658
8.224772 0.348928 0.001116 0.034714 -0.072866 -0.430468 -0.886911 0.150923
8.226576 0.348928 0.001116 0.034714 -0.061375 -0.439731 -0.883865 0.147146
8.228379 0.348928 0.001116 0.034714 -0.066203 -0.439030 -0.885429 0.137427
8.230183 0.348928 0.001116 0.034714 -0.069615 -0.447993 -0.882017 0.128463
8.231987 0.348928 0.001116 0.034714 -0.059822 -0.447719 -0.883549 0.123734
8.233790 0.348928 0.001116 0.034714 -0.063480 -0.456728 -0.879891 0.114724
8.235594 0.348928 0.001116 0.034714 -0.058742 -0.455905 -0.882421 0.100169
8.237398 0.348928 0.001116 0.034714 -0.062749 -0.464910 -0.878413 0.091163
8.239201 0.348928 0.001116 0.034714 -0.067853 -0.464193 -0.879362 0.081508
8.241005 0.348928 0.001116 0.034714 -0.072948 -0.463419 -0.880204 0.071842
8.242809 0.348928 0.001116 0.034714 -0.077347 -0.472240 -0.875805 0.063021
8.244612 0.348928 0.001116 0.034714 -0.082531 -0.471362 -0.876445 0.053396
8.246416 0.348928 0.001116 0.034714 -0.087704 -0.470427 -0.876978 0.043764
8.248219 0.348928 0.001116 0.034826 -0.102049 -0.478364 -0.871274 0.040432
8.250023 0.349039 0.001116 0.034826 -0.112534 -0.476007 -0.871952 0.021279
8.251827 0.349039 0.001116 0.034826 -0.117757 -0.474742 -0.872133 0.011699
8.253630 0.349039 0.001116 0.034826 -0.132473 -0.472261 -0.871415 0.007439
8.255434 0.349039 0.001116 0.034937 -0.137654 -0.470777 -0.871445 -0.002135
8.257238 0.349039 0.001116 0.034937 -0.152280 -0.467813 -0.870587 -0.006369
8.259041 0.349151 0.001116 0.034937 -0.157410 -0.466112 -0.870464 -0.015933
8.260845 0.349151 0.001116 0.034937 -0.172142 -0.472192 -0.864332 -0.018247
8.262649 0.349151 0.001116 0.034937 -0.177320 -0.470272 -0.864079 -0.027741
8.264452 0.349151 0.001116 0.034937 -0.182475 -0.468296 -0.863722 -0.037232
8.266256 0.349151 0.001116 0.034937 -0.182475 -0.468296 -0.863722 -0.037232
8.268060 0.349151 0.001116 0.034937 -0.187609 -0.466263 -0.863261 -0.046719
8.269863 0.349151 0.001116 0.034937 -0.187609 -0.466263 -0.863261 -0.046719
8.271667 0.349151 0.001228 0.034937 -0.187609 -0.466263 -0.863261 -0.046719
8.273471 0.349151 0.001228 0.034937 -0.193326 -0.473623 -0.857544 -0.054079
8.275274 0.349151 0.001228 0.034826 -0.184120 -0.475733 -0.858031 -0.059670
8.277078 0.349151 0.001228 0.034826 -0.190083 -0.483072 -0.852068 -0.067009
8.278882 0.349151 0.001228 0.034826 -0.190083 -0.483072 -0.852068 -0.067009
8.280685 0.349151 0.001228 0.034826 -0.190083 -0.483072 -0.852068 -0.067009
8.282489 0.349151 0.001228 0.034826 -0.187150 -0.492537 -0.846157 -0.080006
8.284293 0.349151 0.001228 0.034714 -0.187150 -0.492537 -0.846157 -0.080006
8.286096 0.349151 0.001228 0.034714 -0.193519 -0.499708 -0.839787 -0.087176
8.287900 0.349262 0.001228 0.034714 -0.200044 -0.506737 -0.833262 -0.094205
8.289704 0.349262 0.001228 0.034714 -0.200044 -0.506737 -0.833262 -0.094205
8.291507 0.349262 0.001228 0.034714 -0.206722 -0.513620 -0.826584 -0.101089
8.293311 0.349262 0.001228 0.034826 -0.222234 -0.517704 -0.819917 -0.101642
8.295114 0.349262 0.001228 0.034826 -0.227909 -0.515231 -0.818750 -0.110643
8.296918 0.349262 0.001228 0.034826 -0.249067 -0.516041 -0.810767 -0.119687
8.298722 0.349374 0.001228 0.034826 -0.256119 -0.522134 -0.803715 -0.125781
8.300525 0.349374 0.001228 0.034937 -0.270166 -0.516051 -0.802659 -0.128219
8.302329 0.349374 0.001228 0.034937 -0.283024 -0.518745 -0.793997 -0.142723
8.304133 0.349374 0.001228 0.034937 -0.298390 -0.520718 -0.787235 -0.141692
8.305936 0.349374 0.001228 0.034937 -0.311486 -0.522618 -0.778238 -0.155541
8.307740 0.349374 0.001228 0.035049 -0.332460 -0.520174 -0.769768 -0.162320
8.309544 0.349486 0.001228 0.035049 -0.343808 -0.512744 -0.766016 -0.179193
8.311347 0.349486 0.001116 0.035049 -0.357122 -0.513406 -0.756299 -0.192068
8.313151 0.349486 0.001116 0.035049 -0.370586 -0.513666 -0.746298 -0.204579
8.314955 0.349597 0.001116 0.035049 -0.391230 -0.508891 -0.737523 -0.209831
8.316758 0.349709 0.001116 0.035049 -0.404775 -0.508192 -0.727195 -0.221551
8.318562 0.349821 0.001116 0.035049 -0.409084 -0.504087 -0.720300 -0.244365
8.320366 0.349932 0.001116 0.035049 -0.428391 -0.498123 -0.706427 -0.263278
8.322169 0.350044 0.001116 0.035049 -0.433838 -0.493387 -0.703492 -0.271023
8.323973 0.350155 0.001116 0.035049 -0.447693 -0.491368 -0.692011 -0.281512
8.325777 0.350267 0.001116 0.034937 -0.458381 -0.481413 -0.685659 -0.296648
8.327580 0.350379 0.001116 0.034937 -0.472242 -0.478657 -0.673758 -0.306472
8.329384 0.350490 0.001116 0.034937 -0.483369 -0.467842 -0.673205 -0.307040
8.331188 0.350602 0.001116 0.034937 -0.493531 -0.457109 -0.666297 -0.321757
8.332991 0.350713 0.001116 0.034937 -0.498523 -0.451659 -0.662722 -0.329058
8.334795 0.350825 0.001116 0.034826 -0.507681 -0.453102 -0.660782 -0.316742
8.336598 0.350937 0.001228 0.034826 -0.518076 -0.441572 -0.660319 -0.317159
8.338402 0.351048 0.001228 0.034826 -0.523461 -0.435593 -0.663297 -0.310297
8.340206 0.351048 0.001339 0.034826 -0.536852 -0.430982 -0.658126 -0.304819
8.342009 0.351160 0.001339 0.034714 -0.541966 -0.424874 -0.661087 -0.297858
8.343813 0.351272 0.001339 0.034714 -0.551583 -0.412679 -0.660732 -0.298138
8.345617 0.351272 0.001451 0.034714 -0.559662 -0.413680 -0.659105 -0.285005
8.347420 0.351383 0.001451 0.034603 -0.569134 -0.401065 -0.664759 -0.270794
8.349224 0.351495 0.001563 0.034603 -0.576629 -0.401994 -0.663089 -0.257319
8.351028 0.351495 0.001674 0.034603 -0.583826 -0.402886 -0.661399 -0.243683
8.352831 0.351606 0.001674 0.034603 -0.594904 -0.397304 -0.662368 -0.222502
8.354635 0.351718 0.001674 0.034491 -0.605679 -0.391471 -0.658302 -0.215737
8.356439 0.351718 0.001674 0.034491 -0.619743 -0.378814 -0.657196 -0.201277
8.358242 0.351830 0.001674 0.034491 -0.628839 -0.372724 -0.658395 -0.179319
8.360046 0.351941 0.001674 0.034491 -0.641210 -0.359502 -0.657724 -0.164339
8.361850 0.352053 0.001674 0.034491 -0.651527 -0.359983 -0.650791 -0.149655
8.363653 0.352053 0.001674 0.034491 -0.663588 -0.353361 -0.647060 -0.126887
8.365457 0.352165 0.001563 0.034491 -0.673079 -0.339347 -0.647656 -0.111129
8.367261 0.352276 0.001563 0.034491 -0.679850 -0.332075 -0.645690 -0.103027
8.369064 0.352276 0.001451 0.034491 -0.687705 -0.317680 -0.646965 -0.087055
8.370868 0.352388 0.001451 0.034491 -0.695305 -0.310207 -0.645218 -0.063374
8.372672 0.352499 0.001339 0.034491 -0.700430 -0.288364 -0.650560 -0.054918
8.374475 0.352499 0.001339 0.034491 -0.704784 -0.280654 -0.649879 -0.046574
8.376279 0.352611 0.001228 0.034491 -0.708713 -0.272887 -0.649461 -0.038200
8.378083 0.352611 0.001228 0.034491 -0.712214 -0.265074 -0.649306 -0.029809
8.379886 0.352723 0.001116 0.034491 -0.712420 -0.265070 -0.649609 -0.014277
8.381690 0.352723 0.001116 0.034491 -0.715153 -0.257231 -0.649887 -0.005883
8.383493 0.352723 0.001116 0.034491 -0.714739 -0.250085 -0.653148 0.001787
8.385297 0.352834 0.001005 0.034491 -0.714739 -0.250085 -0.653148 0.001787
8.387101 0.352834 0.001005 0.034379 -0.714238 -0.242909 -0.656330 0.009456
8.388904 0.352834 0.001005 0.034379 -0.716796 -0.242245 -0.653773 0.010121
8.390708 0.352834 0.001005 0.034379 -0.714091 -0.250105 -0.653622 0.017303
8.392512 0.352834 0.001005 0.034268 -0.714091 -0.250105 -0.653622 0.017303
8.394315 0.352834 0.001005 0.034268 -0.714091 -0.250105 -0.653622 0.017303
8.396119 0.352834 0.001005 0.034156 -0.714091 -0.250105 -0.653622 0.017303
8.397923 0.352834 0.001005 0.034156 -0.711300 -0.257935 -0.653392 0.024482
8.399726 0.352834 0.001005 0.034156 -0.711527 -0.250741 -0.656187 0.016666
8.401530 0.352946 0.001005 0.034044 -0.708729 -0.258543 -0.655964 0.023874
8.403334 0.352946 0.001116 0.034044 -0.709072 -0.265728 -0.652951 0.016136
8.405137 0.352946 0.001116 0.033933 -0.706110 -0.273502 -0.652735 0.023309
8.406941 0.352946 0.001116 0.033933 -0.703355 -0.274058 -0.655490 0.022753
8.408745 0.353058 0.001228 0.033933 -0.700301 -0.281769 -0.655200 0.029953
8.410548 0.353058 0.001228 0.033821 -0.697223 -0.282223 -0.657422 0.045011
8.412352 0.353058 0.001228 0.033821 -0.694081 -0.289866 -0.656888 0.052231
8.414156 0.353169 0.001339 0.033821 -0.691466 -0.290246 -0.659503 0.051851
8.415959 0.353169 0.001339 0.033821 -0.688537 -0.290547 -0.661065 0.067026
8.417763 0.353169 0.001339 0.033821 -0.685602 -0.290784 -0.662293 0.082232
8.419567 0.353281 0.001451 0.033821 -0.679048 -0.305777 -0.660326 0.096763
8.421370 0.353281 0.001451 0.033821 -0.676106 -0.305885 -0.660885 0.112008
8.423174 0.353281 0.001451 0.033933 -0.673162 -0.305928 -0.661109 0.127262
8.424977 0.353281 0.001451 0.033933 -0.672012 -0.305786 -0.659204 0.142638
8.426781 0.353281 0.001563 0.033933 -0.668901 -0.305729 -0.658925 0.157857
8.428585 0.353392 0.001563 0.033933 -0.663851 -0.312818 -0.654915 0.180371
8.430388 0.353392 0.001563 0.034044 -0.663973 -0.305338 -0.656079 0.188332
8.432192 0.353392 0.001563 0.034044 -0.661819 -0.305022 -0.653853 0.203553
8.433996 0.353281 0.001563 0.034044 -0.656073 -0.319414 -0.648107 0.217945
8.435799 0.353281 0.001451 0.034156 -0.655944 -0.311884 -0.649191 0.225869
8.437603 0.353281 0.001451 0.034156 -0.653128 -0.311440 -0.646815 0.240956
8.439407 0.353281 0.001451 0.034156 -0.650441 -0.318527 -0.643354 0.248117
8.441210 0.353281 0.001451 0.034156 -0.653358 -0.303785 -0.647222 0.248882
8.443014 0.353281 0.001451 0.034268 -0.650584 -0.310877 -0.643845 0.256045
8.444818 0.353281 0.001451 0.034268 -0.649876 -0.303275 -0.645031 0.263856
8.446621 0.353169 0.001451 0.034268 -0.649876 -0.303275 -0.645031 0.263856
8.448425 0.353169 0.001339 0.034268 -0.646066 -0.302718 -0.642852 0.278749
8.450229 0.353169 0.001339 0.034268 -0.646066 -0.302718 -0.642852 0.278749
8.452032 0.353169 0.001339 0.034268 -0.646066 -0.302718 -0.642852 0.278749
8.453836 0.353169 0.001339 0.034268 -0.642701 -0.309798 -0.639751 0.285795
8.455640 0.353169 0.001339 0.034268 -0.642701 -0.309798 -0.639751 0.285795
8.457443 0.353169 0.001339 0.034379 -0.642701 -0.309798 -0.639751 0.285795
8.459247 0.353169 0.001339 0.034379 -0.641836 -0.302126 -0.640781 0.293543
8.461051 0.353169 0.001339 0.034379 -0.641836 -0.302126 -0.640781 0.293543
8.462854 0.353169 0.001339 0.034379 -0.642701 -0.309798 -0.639751 0.285795
8.464658 0.353169 0.001339 0.034379 -0.642701 -0.309798 -0.639751 0.285795
8.466462 0.353169 0.001339 0.034379 -0.639259 -0.316840 -0.636573 0.292806
8.468265 0.353169 0.001339 0.034379 -0.639259 -0.316840 -0.636573 0.292806
8.470069 0.353169 0.001339 0.034268 -0.639259 -0.316840 -0.636573 0.292806
8.471872 0.353169 0.001339 0.034268 -0.639963 -0.324482 -0.635552 0.285012
8.473676 0.353169 0.001339 0.034268 -0.639963 -0.324482 -0.635552 0.285012
8.475480 0.353281 0.001339 0.034268 -0.639963 -0.324482 -0.635552 0.285012
8.477283 0.353281 0.001339 0.034268 -0.640591 -0.332086 -0.634454 0.277183
8.479087 0.353281 0.001339 0.034268 -0.637507 -0.339036 -0.630768 0.284204
8.480891 0.353281 0.001339 0.034268 -0.637507 -0.339036 -0.630768 0.284204
8.482694 0.353281 0.001339 0.034268 -0.638143 -0.346586 -0.629510 0.276349
8.484498 0.353281 0.001339 0.034156 -0.638143 -0.346586 -0.629510 0.276349
8.486302 0.353392 0.001339 0.034156 -0.638702 -0.354095 -0.628177 0.268460
8.488105 0.353392 0.001339 0.034156 -0.631710 -0.367937 -0.621185 0.282302
8.489909 0.353392 0.001339 0.034156 -0.632197 -0.375392 -0.619781 0.274371
8.491713 0.353392 0.001339 0.034156 -0.632197 -0.375392 -0.619781 0.274371
8.493516 0.353392 0.001339 0.034044 -0.629145 -0.382178 -0.615619 0.281300
8.495320 0.353504 0.001339 0.034044 -0.629145 -0.382178 -0.615619 0.281300
8.497124 0.353504 0.001339 0.034044 -0.625325 -0.396466 -0.611019 0.280070
8.498927 0.353504 0.001339 0.034044 -0.625325 -0.396466 -0.611019 0.280070
8.500731 0.353504 0.001339 0.034044 -0.622210 -0.403155 -0.606627 0.286923
8.502535 0.353504 0.001339 0.034044 -0.621706 -0.395773 -0.608181 0.294894
8.504338 0.353504 0.001339 0.034044 -0.621706 -0.395773 -0.608181 0.294894
8.506142 0.353504 0.001339 0.034044 -0.621706 -0.395773 -0.608181 0.294894
8.507946 0.353504 0.001339 0.034044 -0.621126 -0.388343 -0.609661 0.302829
8.509749 0.353504 0.001339 0.034044 -0.621126 -0.388343 -0.609661 0.302829
8.511553 0.353504 0.001339 0.034156 -0.621126 -0.388343 -0.609661 0.302829
8.513356 0.353504 0.001339 0.034156 -0.620471 -0.380867 -0.611068 0.310728
8.515160 0.353504 0.001339 0.034156 -0.624618 -0.374027 -0.614445 0.303996
8.516964 0.353504 0.001339 0.034156 -0.624618 -0.374027 -0.614445 0.303996
8.518767 0.353504 0.001339 0.034156 -0.623806 -0.366513 -0.615864 0.311842
8.520571 0.353504 0.001339 0.034156 -0.623806 -0.366513 -0.615864 0.311842
8.522375 0.353504 0.001228 0.034156 -0.623806 -0.366513 -0.615864 0.311842
8.524178 0.353504 0.001228 0.034156 -0.619742 -0.373344 -0.612401 0.318590
8.525982 0.353504 0.001228 0.034156 -0.619742 -0.373344 -0.612401 0.318590
8.527786 0.353504 0.001228 0.034156 -0.619742 -0.373344 -0.612401 0.318590
8.529589 0.353504 0.001228 0.034044 -0.619742 -0.373344 -0.612401 0.318590
8.531393 0.353504 0.001228 0.034044 -0.615603 -0.380130 -0.608864 0.325298
8.533197 0.353504 0.001339 0.034044 -0.615603 -0.380130 -0.608864 0.325298
8.535000 0.353504 0.001339 0.034044 -0.611390 -0.386870 -0.605253 0.331968
8.536804 0.353504 0.001339 0.034044 -0.607706 -0.393496 -0.600967 0.338664
8.538608 0.353504 0.001339 0.034044 -0.608356 -0.401020 -0.599724 0.330782
8.540411 0.353504 0.001339 0.033933 -0.603914 -0.407679 -0.596054 0.337351
8.542215 0.353504 0.001339 0.033933 -0.603914 -0.407679 -0.596054 0.337351
8.544019 0.353504 0.001339 0.033933 -0.599399 -0.414289 -0.592311 0.343879
8.545822 0.353616 0.001339 0.033933 -0.599399 -0.414289 -0.592311 0.343879
8.547626 0.353616 0.001339 0.033933 -0.594811 -0.420849 -0.588498 0.350365
8.549430 0.353616 0.001339 0.033933 -0.594811 -0.420849 -0.588498 0.350365
8.551233 0.353616 0.001339 0.033933 -0.594811 -0.420849 -0.588498 0.350365
8.553037 0.353616 0.001339 0.033933 -0.590152 -0.427358 -0.584613 0.356810
8.554841 0.353616 0.001228 0.033933 -0.589832 -0.419814 -0.585508 0.364739
8.556644 0.353616 0.001228 0.033933 -0.589832 -0.419814 -0.585508 0.364739
8.558448 0.353616 0.001228 0.033933 -0.585185 -0.426268 -0.581466 0.371149
8.560251 0.353616 0.001228 0.033933 -0.585185 -0.426268 -0.581466 0.371149
8.562055 0.353616 0.001228 0.033933 -0.589227 -0.419854 -0.586114 0.364698
8.563859 0.353616 0.001228 0.033933 -0.589227 -0.419854 -0.586114 0.364698
8.565662 0.353616 0.001228 0.033933 -0.584579 -0.426302 -0.582072 0.371115
8.567466 0.353616 0.001228 0.033933 -0.584579 -0.426302 -0.582072 0.371115
8.569270 0.353616 0.001228 0.033933 -0.583972 -0.426323 -0.582679 0.371094
8.571073 0.353616 0.001228 0.034044 -0.583972 -0.426323 -0.582679 0.371094
8.572877 0.353616 0.001228 0.034044 -0.588014 -0.419896 -0.587327 0.364656
8.574681 0.353616 0.001228 0.034044 -0.583365 -0.426331 -0.583285 0.371086
8.576484 0.353727 0.001228 0.034044 -0.587407 -0.419897 -0.587934 0.364655
8.578288 0.353727 0.001228 0.034044 -0.586800 -0.419885 -0.588541 0.364668
8.580092 0.353727 0.001228 0.034044 -0.582152 -0.426306 -0.584499 0.371111
8.581895 0.353727 0.001228 0.034044 -0.586194 -0.419859 -0.589147 0.364693
8.583699 0.353727 0.001228 0.034044 -0.585588 -0.419820 -0.589753 0.364733
8.585503 0.353839 0.001228 0.034044 -0.584983 -0.419767 -0.590357 0.364785
8.587306 0.353839 0.001228 0.034044 -0.588956 -0.413256 -0.594933 0.358336
8.589110 0.353839 0.001228 0.034044 -0.588353 -0.413184 -0.595536 0.358409
8.590914 0.353839 0.001228 0.034044 -0.587752 -0.413098 -0.596137 0.358494
8.592717 0.353839 0.001228 0.034156 -0.589149 -0.405567 -0.595177 0.366311
8.594521 0.353839 0.001228 0.034156 -0.590213 -0.397943 -0.594407 0.374126
8.596325 0.353727 0.001116 0.034156 -0.595795 -0.383802 -0.597388 0.375303
8.598128 0.353727 0.001116 0.034268 -0.591542 -0.390324 -0.593229 0.381843
8.599932 0.353727 0.001116 0.034268 -0.588821 -0.389200 -0.587403 0.395942
8.601735 0.353727 0.001116 0.034379 -0.594750 -0.375096 -0.589894 0.396989
8.603539 0.353616 0.001116 0.034379 -0.593776 -0.366251 -0.581620 0.418339
8.605343 0.353616 0.001116 0.034491 -0.591286 -0.365024 -0.574865 0.432052
8.607146 0.353616 0.001228 0.034491 -0.593683 -0.357483 -0.571772 0.439117
8.608950 0.353616 0.001228 0.034491 -0.591396 -0.356228 -0.564406 0.452546
8.610754 0.353616 0.001228 0.034603 -0.587447 -0.362704 -0.559400 0.458719
8.612557 0.353616 0.001228 0.034603 -0.585203 -0.361375 -0.551596 0.471898
8.614361 0.353616 0.001228 0.034603 -0.577122 -0.374145 -0.541095 0.483903
8.616165 0.353616 0.001339 0.034714 -0.574938 -0.372719 -0.532719 0.496727
8.617968 0.353616 0.001339 0.034714 -0.572161 -0.379506 -0.525878 0.502055
8.619772 0.353616 0.001339 0.034714 -0.570178 -0.378084 -0.516931 0.514521
8.621576 0.353616 0.001451 0.034714 -0.559344 -0.398155 -0.509048 0.519112
8.623379 0.353616 0.001451 0.034714 -0.556252 -0.404857 -0.501998 0.524092
8.625183 0.353727 0.001563 0.034714 -0.547223 -0.416981 -0.490362 0.534994
8.626987 0.353727 0.001563 0.034603 -0.534907 -0.436268 -0.482490 0.539211
8.628790 0.353727 0.001563 0.034603 -0.531200 -0.442719 -0.475419 0.543879
8.630594 0.353839 0.001674 0.034603 -0.526304 -0.448528 -0.469415 0.549069
8.632398 0.353839 0.001674 0.034603 -0.522435 -0.454932 -0.462264 0.553544
8.634201 0.353950 0.001674 0.034603 -0.512314 -0.466301 -0.449990 0.563566
8.636005 0.353950 0.001786 0.034603 -0.507160 -0.471901 -0.443772 0.568476
8.637809 0.353950 0.001786 0.034603 -0.506996 -0.471332 -0.431546 0.578419
8.639612 0.354062 0.001786 0.034603 -0.501788 -0.476874 -0.425165 0.583125
8.641416 0.354062 0.001898 0.034603 -0.495359 -0.481029 -0.407103 0.597911
8.643220 0.354174 0.001898 0.034603 -0.494229 -0.479676 -0.395253 0.607803
8.645023 0.354174 0.001898 0.034603 -0.493129 -0.478297 -0.383188 0.617432
8.646827 0.354285 0.001898 0.034603 -0.490398 -0.475583 -0.372576 0.628107
8.648630 0.354285 0.001898 0.034603 -0.489243 -0.474033 -0.360217 0.637321
8.650434 0.354397 0.001898 0.034603 -0.488122 -0.472458 -0.347658 0.646261
8.652238 0.354397 0.001898 0.034603 -0.484996 -0.469211 -0.336946 0.656573
8.654041 0.354509 0.001898 0.034603 -0.481643 -0.465728 -0.326309 0.666813
8.655845 0.354620 0.001898 0.034603 -0.485475 -0.458516 -0.320807 0.671684
8.657649 0.354620 0.001898 0.034603 -0.481787 -0.454685 -0.310289 0.681808
8.659452 0.354732 0.001786 0.034603 -0.477878 -0.450624 -0.299859 0.691849
8.661256 0.354843 0.001786 0.034491 -0.482800 -0.445347 -0.307441 0.688513
8.663060 0.354955 0.001674 0.034491 -0.483441 -0.435818 -0.304869 0.695271
8.664863 0.355067 0.001674 0.034491 -0.478996 -0.431399 -0.294846 0.705353
8.666667 0.355290 0.001563 0.034491 -0.482161 -0.423605 -0.289594 0.710081
