0.000000 0.358639 0.002791 0.033263 0.572845 0.319368 -0.669647 0.348462
0.003018 0.358639 0.002679 0.033263 0.576319 0.313056 -0.673435 0.341084
0.006036 0.358639 0.002679 0.033263 0.580031 0.305638 -0.676834 0.334732
0.009054 0.358639 0.002679 0.033263 0.583354 0.299248 -0.680470 0.327276
0.012072 0.358639 0.002679 0.033263 0.586606 0.292821 -0.684025 0.319780
0.015090 0.358750 0.002679 0.033263 0.601120 0.281068 -0.683597 0.303893
0.018108 0.358750 0.002679 0.033263 0.604171 0.274447 -0.686894 0.296365
0.021126 0.358750 0.002679 0.033263 0.607150 0.267793 -0.690109 0.288800
0.024144 0.358750 0.002567 0.033263 0.613108 0.253475 -0.696066 0.274482
0.027162 0.358750 0.002567 0.033263 0.623794 0.248701 -0.691898 0.265153
0.030180 0.358750 0.002567 0.033263 0.629280 0.234186 -0.697384 0.250637
0.033198 0.358750 0.002567 0.033263 0.631814 0.227258 -0.700096 0.242961
0.036216 0.358750 0.002567 0.033263 0.644708 0.214416 -0.697862 0.226640
0.039234 0.358750 0.002567 0.033263 0.647025 0.207320 -0.700310 0.218959
0.042252 0.358750 0.002567 0.033263 0.651545 0.192468 -0.704830 0.204107
0.045270 0.358750 0.002567 0.033375 0.663571 0.179243 -0.701686 0.187568
0.048288 0.358750 0.002567 0.033375 0.663571 0.179243 -0.701686 0.187568
0.051306 0.358750 0.002456 0.033375 0.667436 0.164201 -0.705551 0.172526
0.054324 0.358639 0.002456 0.033486 0.677027 0.158219 -0.699910 0.163482
0.057342 0.358639 0.002456 0.033486 0.680456 0.142803 -0.703218 0.148567
0.060360 0.358527 0.002456 0.033598 0.683490 0.127568 -0.706251 0.133332
0.063378 0.358527 0.002456 0.033598 0.692507 0.121806 -0.700186 0.123840
0.066396 0.358415 0.002456 0.033710 0.695061 0.106393 -0.702693 0.108596
0.069414 0.358304 0.002456 0.033710 0.704695 0.093246 -0.697448 0.090981
0.072432 0.358192 0.002344 0.033821 0.712956 0.087967 -0.690958 0.080825
0.075450 0.358080 0.002344 0.033821 0.714560 0.072765 -0.692724 0.065141
0.078468 0.357969 0.002344 0.033933 0.722924 0.060235 -0.686711 0.046692
0.081486 0.357857 0.002344 0.033933 0.730731 0.047998 -0.680404 0.027905
0.084504 0.357746 0.002344 0.034044 0.730505 0.048548 -0.680630 0.027355
0.087522 0.357634 0.002344 0.034044 0.730929 0.033582 -0.681533 0.011298
0.090540 0.357522 0.002344 0.034156 0.737341 0.037458 -0.674441 0.007401
0.093558 0.357299 0.002344 0.034156 0.737378 0.030046 -0.674812 -0.000700
0.096576 0.357187 0.002344 0.034268 0.730416 0.034657 -0.682046 0.010224
0.099594 0.356964 0.002344 0.034268 0.723545 0.031541 -0.689427 0.013356
0.102612 0.356853 0.002344 0.034379 0.716511 0.035767 -0.696221 0.024665
0.105630 0.356741 0.002344 0.034491 0.709386 0.039838 -0.702766 0.036120
0.108648 0.356741 0.002344 0.034491 0.700998 0.059243 -0.707882 0.063208
0.111666 0.356629 0.002344 0.034603 0.693531 0.062980 -0.713747 0.074924
0.114684 0.356518 0.002344 0.034603 0.679088 0.062503 -0.725738 0.090761
0.117702 0.356406 0.002344 0.034714 0.664413 0.061682 -0.737116 0.106822
0.120720 0.356295 0.002344 0.034826 0.649519 0.060515 -0.747872 0.123088
0.123738 0.356183 0.002344 0.034826 0.641656 0.063325 -0.752282 0.135425
0.126756 0.356183 0.002344 0.034937 0.627106 0.054659 -0.763623 0.143634
0.129774 0.356071 0.002344 0.034937 0.611712 0.052691 -0.772881 0.160273
0.132792 0.356071 0.002344 0.034937 0.603656 0.054889 -0.776330 0.172913
0.135810 0.356071 0.002344 0.035049 0.590513 0.037187 -0.787016 0.174690
0.138828 0.355960 0.002344 0.035049 0.580902 0.041294 -0.791533 0.185262
0.141846 0.355848 0.002344 0.035049 0.565701 0.025991 -0.803269 0.184570
0.144864 0.355848 0.002232 0.035049 0.557991 0.015398 -0.810020 0.179656
0.147882 0.355736 0.002232 0.035049 0.539775 0.015639 -0.819148 0.193377
0.150900 0.355736 0.002232 0.035161 0.529567 0.014539 -0.825679 0.193911
0.153918 0.355625 0.002232 0.035161 0.510693 0.009712 -0.836707 0.197532
0.156936 0.355625 0.002232 0.035161 0.500027 0.009406 -0.843207 0.197196
0.159954 0.355513 0.002121 0.035161 0.478165 0.015047 -0.853914 0.204847
0.162972 0.355402 0.002121 0.035161 0.467267 0.010490 -0.862496 0.194041
0.165990 0.355290 0.002121 0.035161 0.444749 0.017784 -0.872920 0.199731
0.169008 0.355178 0.002009 0.035161 0.421809 0.025934 -0.883008 0.204212
0.172026 0.355067 0.002009 0.035272 0.398871 0.030552 -0.894931 0.197651
0.175044 0.354955 0.002009 0.035272 0.363813 0.044004 -0.909750 0.195086
0.178062 0.354732 0.001898 0.035272 0.330018 0.053160 -0.921845 0.196124
0.181080 0.354620 0.001898 0.035384 0.296507 0.060198 -0.934999 0.185032
0.184098 0.354397 0.001898 0.035384 0.272557 0.073818 -0.941897 0.181918
0.187116 0.354174 0.001898 0.035384 0.238180 0.086475 -0.950921 0.177599
0.190134 0.353950 0.001786 0.035496 0.205620 0.089590 -0.959720 0.169207
0.193152 0.353727 0.001786 0.035496 0.162249 0.091999 -0.969447 0.159326
0.196170 0.353504 0.001786 0.035607 0.128354 0.098173 -0.973906 0.159353
0.199188 0.353281 0.001786 0.035607 0.094346 0.104339 -0.977290 0.158481
0.202206 0.353169 0.001786 0.035719 0.060894 0.100373 -0.978976 0.166801
0.205224 0.353058 0.001786 0.035719 0.040183 0.086648 -0.979848 0.175429
0.208242 0.352946 0.001898 0.035830 0.017700 0.083158 -0.979118 0.184663
0.211260 0.352834 0.001898 0.035830 -0.000447 0.057642 -0.979333 0.193864
0.214278 0.352723 0.001898 0.035830 -0.009576 0.044655 -0.977878 0.204131
0.217296 0.352611 0.001898 0.035942 -0.039863 0.026724 -0.975714 0.213725
0.220314 0.352499 0.001898 0.036054 -0.059059 0.010612 -0.972710 0.224132
0.223332 0.352499 0.002009 0.036054 -0.067241 -0.003298 -0.969625 0.235148
0.226350 0.352499 0.002009 0.036054 -0.074918 -0.018193 -0.963359 0.256896
0.229368 0.352388 0.002121 0.036054 -0.082320 -0.032496 -0.959311 0.268123
0.232386 0.352388 0.002121 0.036054 -0.078892 -0.043903 -0.955883 0.279529
0.235404 0.352388 0.002121 0.036054 -0.085688 -0.058366 -0.951123 0.290887
0.238422 0.352276 0.002121 0.036165 -0.092950 -0.071925 -0.949194 0.291920
0.241440 0.352276 0.002121 0.036165 -0.100188 -0.085439 -0.946967 0.293113
0.244458 0.352165 0.002121 0.036054 -0.096961 -0.095837 -0.945972 0.294196
0.247476 0.352053 0.002121 0.036054 -0.095903 -0.096897 -0.942683 0.304571
0.250494 0.351941 0.002121 0.036054 -0.085489 -0.093707 -0.944099 0.304282
0.253512 0.351830 0.002121 0.035942 -0.072826 -0.100093 -0.947641 0.294371
0.256530 0.351718 0.002009 0.035830 -0.051893 -0.093914 -0.949963 0.293356
0.259548 0.351606 0.002009 0.035830 -0.042412 -0.090347 -0.954111 0.282330
0.262566 0.351495 0.002009 0.035719 -0.021378 -0.084331 -0.955731 0.281085
0.265584 0.351383 0.002009 0.035607 -0.001194 -0.078267 -0.959905 0.269175
0.268602 0.351160 0.001898 0.035496 0.029703 -0.069791 -0.963625 0.256271
0.271620 0.351048 0.001898 0.035384 0.061427 -0.061257 -0.963398 0.253650
0.274638 0.350937 0.001898 0.035272 0.092501 -0.053675 -0.964822 0.240168
0.277656 0.350825 0.001898 0.035161 0.134672 -0.042583 -0.961453 0.235920
0.280674 0.350713 0.001786 0.035049 0.165749 -0.036032 -0.960203 0.221899
0.283692 0.350602 0.001786 0.034937 0.197122 -0.027965 -0.955376 0.218214
0.286710 0.350490 0.001786 0.034826 0.238410 -0.019783 -0.949610 0.202512
0.289728 0.350379 0.001786 0.034714 0.279557 -0.009399 -0.939670 0.196928
0.292746 0.350379 0.001786 0.034603 0.317904 0.014691 -0.925656 0.204651
0.295764 0.350267 0.001786 0.034491 0.357846 0.025381 -0.912062 0.198608
0.298782 0.350267 0.001786 0.034491 0.384701 0.047490 -0.898058 0.207946
0.301800 0.350155 0.001786 0.034379 0.413752 0.055624 -0.885693 0.203135
0.304818 0.350155 0.001786 0.034379 0.439319 0.078109 -0.869330 0.212514
0.307836 0.350155 0.001898 0.034379 0.466433 0.091395 -0.852693 0.216799
0.310854 0.350044 0.001898 0.034379 0.479997 0.116809 -0.836558 0.236917
0.313872 0.350044 0.002009 0.034379 0.496688 0.128098 -0.823544 0.242214
0.316890 0.349932 0.002009 0.034379 0.505633 0.163033 -0.803968 0.267191
0.319908 0.349932 0.002121 0.034379 0.518198 0.183472 -0.787867 0.277622
0.322926 0.349821 0.002232 0.034379 0.527880 0.209653 -0.767815 0.296391
0.325944 0.349821 0.002232 0.034379 0.528088 0.232764 -0.752727 0.316774
0.328962 0.349709 0.002344 0.034491 0.533813 0.241830 -0.743221 0.322778
0.331980 0.349597 0.002344 0.034491 0.532816 0.264934 -0.727064 0.342484
0.334998 0.349597 0.002456 0.034491 0.542182 0.285374 -0.707842 0.351511
0.338016 0.349486 0.002456 0.034491 0.546974 0.294686 -0.697638 0.356763
0.341034 0.349374 0.002567 0.034491 0.550944 0.305599 -0.687939 0.360292
0.344052 0.349374 0.002567 0.034491 0.551327 0.322373 -0.673963 0.371333
0.347070 0.349262 0.002567 0.034491 0.555498 0.331701 -0.663278 0.376110
0.350088 0.349262 0.002567 0.034491 0.551332 0.338968 -0.659594 0.382190
0.353106 0.349262 0.002679 0.034491 0.559039 0.342146 -0.652914 0.379624
0.356124 0.349262 0.002679 0.034491 0.566679 0.345282 -0.646156 0.377012
0.359142 0.349151 0.002679 0.034491 0.570102 0.355379 -0.635454 0.380641
0.362160 0.349151 0.002679 0.034491 0.577633 0.358356 -0.628507 0.378021
0.365178 0.349151 0.002679 0.034491 0.577424 0.358917 -0.628717 0.377460
0.368196 0.349151 0.002679 0.034491 0.584945 0.361691 -0.621634 0.374954
0.371214 0.349262 0.002679 0.034603 0.596363 0.357890 -0.618531 0.365630
0.374233 0.349262 0.002679 0.034603 0.603743 0.360578 -0.611299 0.363031
0.377251 0.349262 0.002679 0.034603 0.607668 0.353923 -0.615250 0.356293
0.380269 0.349262 0.002679 0.034603 0.618960 0.349462 -0.611689 0.347277
0.383287 0.349262 0.002679 0.034603 0.626396 0.351413 -0.604106 0.345244
0.386305 0.349262 0.002567 0.034603 0.641346 0.339391 -0.603867 0.329901
0.389323 0.349262 0.002567 0.034603 0.652357 0.334030 -0.599681 0.321305
0.392341 0.349262 0.002567 0.034603 0.659538 0.319616 -0.606596 0.308052
0.395359 0.349262 0.002567 0.034603 0.670303 0.313776 -0.602037 0.299649
0.398377 0.349262 0.002456 0.034603 0.681107 0.306780 -0.597125 0.292269
0.401395 0.349262 0.002456 0.034491 0.697890 0.286130 -0.598449 0.270070
0.404413 0.349262 0.002344 0.034491 0.708101 0.279367 -0.593170 0.262099
0.407431 0.349262 0.002344 0.034491 0.721110 0.264476 -0.590475 0.247774
0.410449 0.349262 0.002344 0.034491 0.733715 0.249117 -0.587369 0.233667
0.413467 0.349262 0.002232 0.034491 0.748271 0.226876 -0.586389 0.211581
0.416485 0.349262 0.002232 0.034379 0.753075 0.210381 -0.590896 0.198647
0.419503 0.349262 0.002232 0.034379 0.766302 0.187464 -0.588610 0.176568
0.422521 0.349262 0.002121 0.034379 0.770138 0.172536 -0.592445 0.161640
0.425539 0.349374 0.002121 0.034379 0.782022 0.149195 -0.588837 0.139478
0.428557 0.349374 0.002121 0.034379 0.793049 0.125578 -0.584402 0.117380
0.431575 0.349262 0.002121 0.034379 0.795616 0.108123 -0.586840 0.104512
0.434593 0.349262 0.002121 0.034379 0.797785 0.092911 -0.589009 0.089299
0.437611 0.349262 0.002121 0.034491 0.793835 0.068924 -0.600410 0.067703
0.440629 0.349262 0.002121 0.034491 0.795167 0.053591 -0.601743 0.052371
0.443647 0.349262 0.002121 0.034491 0.796163 0.038233 -0.602738 0.037012
0.446665 0.349262 0.002121 0.034603 0.790343 0.014158 -0.612318 0.014990
0.449683 0.349262 0.002121 0.034603 0.790493 -0.001254 -0.612469 -0.000422
0.452701 0.349151 0.002232 0.034603 0.783529 -0.016652 -0.620928 -0.015892
0.455719 0.349151 0.002232 0.034714 0.776130 -0.032079 -0.628973 -0.031391
0.458737 0.349151 0.002232 0.034714 0.768766 -0.040525 -0.637085 -0.038463
0.461755 0.349039 0.002344 0.034826 0.761708 -0.040442 -0.645502 -0.038622
0.464773 0.349039 0.002344 0.034826 0.753519 -0.055817 -0.652802 -0.054239
0.467791 0.349039 0.002344 0.034826 0.752141 -0.071253 -0.651424 -0.069675
0.470809 0.349039 0.002456 0.034937 0.744071 -0.079362 -0.658875 -0.077091
0.473827 0.349039 0.002456 0.034937 0.734851 -0.094604 -0.665163 -0.092747
0.476845 0.349039 0.002456 0.035049 0.723952 -0.117768 -0.669800 -0.115729
0.479863 0.349039 0.002567 0.035049 0.713710 -0.132806 -0.675076 -0.131352
0.482881 0.349039 0.002567 0.035161 0.701380 -0.155489 -0.678278 -0.154365
0.485899 0.349151 0.002567 0.035161 0.690132 -0.170250 -0.682549 -0.169881
0.488917 0.349151 0.002679 0.035272 0.674238 -0.199860 -0.682173 -0.200246
0.491935 0.349262 0.002679 0.035272 0.656970 -0.228798 -0.680392 -0.230454
0.494953 0.349374 0.002679 0.035384 0.635434 -0.264766 -0.674378 -0.267091
0.497971 0.349486 0.002679 0.035384 0.608513 -0.306753 -0.662958 -0.310002
0.500989 0.349597 0.002679 0.035384 0.582601 -0.340180 -0.652491 -0.345122
0.504007 0.349821 0.002679 0.035496 0.546326 -0.386299 -0.631751 -0.391397
0.507025 0.349932 0.002679 0.035496 0.503079 -0.422660 -0.619443 -0.429604
0.510043 0.350044 0.002679 0.035607 0.465551 -0.457796 -0.597364 -0.465662
0.513061 0.350267 0.002679 0.035607 0.412002 -0.494295 -0.574548 -0.505789
0.516079 0.350379 0.002567 0.035607 0.369687 -0.524448 -0.547618 -0.537029
0.519097 0.350490 0.002567 0.035607 0.323290 -0.544913 -0.531750 -0.561957
0.522115 0.350490 0.002567 0.035607 0.277819 -0.567802 -0.501125 -0.591009
0.525133 0.350602 0.002567 0.035607 0.237289 -0.585114 -0.475552 -0.612524
0.528151 0.350602 0.002567 0.035607 0.194130 -0.595978 -0.462756 -0.626881
0.531169 0.350602 0.002567 0.035496 0.172750 -0.597702 -0.455725 -0.636573
0.534187 0.350602 0.002567 0.035496 0.137625 -0.605141 -0.434686 -0.652619
0.537205 0.350602 0.002567 0.035496 0.116170 -0.605101 -0.427033 -0.661816
0.540223 0.350602 0.002567 0.035384 0.094775 -0.604339 -0.419133 -0.670910
0.543241 0.350602 0.002456 0.035384 0.073463 -0.602856 -0.410987 -0.679895
0.546259 0.350490 0.002456 0.035272 0.053558 -0.604950 -0.388359 -0.693069
0.549277 0.350490 0.002456 0.035272 0.046908 -0.605502 -0.380722 -0.697293
0.552295 0.350490 0.002456 0.035161 0.032438 -0.602054 -0.379683 -0.701655
0.555313 0.350379 0.002456 0.035161 0.025822 -0.602374 -0.371951 -0.705784
0.558331 0.350379 0.002567 0.035161 0.019202 -0.602621 -0.364175 -0.709828
0.561349 0.350379 0.002567 0.035049 0.012581 -0.602796 -0.356355 -0.713786
0.564367 0.350379 0.002456 0.035049 -0.008592 -0.606632 -0.333942 -0.721392
0.567385 0.350267 0.002456 0.035049 -0.008592 -0.606632 -0.333942 -0.721392
0.570403 0.350267 0.002456 0.035049 -0.023220 -0.610046 -0.319314 -0.724806
0.573421 0.350267 0.002456 0.035049 -0.037423 -0.605311 -0.317999 -0.728748
0.576439 0.350267 0.002567 0.035049 -0.045426 -0.608768 -0.311330 -0.728293
0.579457 0.350267 0.002567 0.035049 -0.060147 -0.611528 -0.296610 -0.731053
0.582475 0.350267 0.002567 0.035049 -0.068174 -0.614750 -0.289874 -0.730348
0.585493 0.350267 0.002567 0.035049 -0.082334 -0.609505 -0.288602 -0.733780
0.588511 0.350155 0.002567 0.035049 -0.090390 -0.612639 -0.281889 -0.732832
0.591529 0.350155 0.002567 0.035161 -0.112548 -0.610116 -0.273917 -0.734889
0.594547 0.350155 0.002567 0.035161 -0.112548 -0.610116 -0.273917 -0.734889
0.597565 0.350155 0.002567 0.035161 -0.120614 -0.613088 -0.267198 -0.733608
0.600583 0.350155 0.002567 0.035161 -0.134633 -0.607183 -0.265971 -0.736521
0.603601 0.350155 0.002567 0.035161 -0.142716 -0.610068 -0.259284 -0.734997
0.606619 0.350155 0.002456 0.035161 -0.164728 -0.606641 -0.251412 -0.735964
0.609637 0.350155 0.002456 0.035272 -0.164728 -0.606641 -0.251412 -0.735964
0.612655 0.350155 0.002456 0.035272 -0.186636 -0.602810 -0.243594 -0.736512
0.615673 0.350155 0.002456 0.035272 -0.186636 -0.602810 -0.243594 -0.736512
0.618691 0.350155 0.002456 0.035272 -0.208427 -0.598578 -0.235841 -0.736642
0.621709 0.350155 0.002456 0.035272 -0.216507 -0.601133 -0.229251 -0.734308
0.624727 0.350155 0.002456 0.035272 -0.223098 -0.598718 -0.221170 -0.736782
0.627745 0.350155 0.002456 0.035272 -0.231179 -0.601112 -0.214579 -0.734287
0.630763 0.350155 0.002456 0.035272 -0.252773 -0.596078 -0.207016 -0.733445
0.633781 0.350155 0.002456 0.035272 -0.259306 -0.593265 -0.198946 -0.735675
0.636799 0.350155 0.002456 0.035384 -0.267373 -0.595415 -0.192416 -0.732782
0.639817 0.350267 0.002456 0.035384 -0.282237 -0.592812 -0.193054 -0.729141
0.642835 0.350267 0.002567 0.035384 -0.296749 -0.591673 -0.178542 -0.728002
0.645853 0.350267 0.002567 0.035272 -0.296749 -0.591673 -0.178542 -0.728002
0.648871 0.350267 0.002567 0.035272 -0.311232 -0.590215 -0.164059 -0.726544
0.651889 0.350267 0.002567 0.035272 -0.319195 -0.591982 -0.157565 -0.723081
0.654907 0.350267 0.002567 0.035272 -0.340229 -0.585394 -0.150538 -0.720345
0.657925 0.350267 0.002567 0.035272 -0.340229 -0.585394 -0.150538 -0.720345
0.660943 0.350267 0.002456 0.035272 -0.354550 -0.583153 -0.136216 -0.718103
0.663961 0.350267 0.002456 0.035272 -0.361054 -0.578438 -0.143659 -0.717224
0.666979 0.350379 0.002456 0.035272 -0.375262 -0.575894 -0.129452 -0.714680
0.669997 0.350379 0.002456 0.035272 -0.375262 -0.575894 -0.129452 -0.714680
0.673015 0.350379 0.002456 0.035272 -0.383091 -0.577281 -0.123117 -0.710514
0.676033 0.350267 0.002456 0.035272 -0.389409 -0.573038 -0.115304 -0.711824
0.679051 0.350267 0.002456 0.035272 -0.389409 -0.573038 -0.115304 -0.711824
0.682069 0.350267 0.002456 0.035272 -0.395744 -0.568278 -0.122856 -0.710882
0.685087 0.350267 0.002456 0.035161 -0.403530 -0.569593 -0.116605 -0.706491
0.688105 0.350267 0.002456 0.035161 -0.403530 -0.569593 -0.116605 -0.706491
0.691123 0.350267 0.002456 0.035161 -0.403530 -0.569593 -0.116605 -0.706491
0.694141 0.350267 0.002456 0.035161 -0.411268 -0.570840 -0.110340 -0.702016
0.697159 0.350267 0.002456 0.035161 -0.411268 -0.570840 -0.110340 -0.702016
0.700177 0.350267 0.002456 0.035161 -0.417531 -0.566178 -0.117981 -0.700850
0.703195 0.350155 0.002456 0.035161 -0.425205 -0.567440 -0.111754 -0.696221
0.706213 0.350155 0.002456 0.035161 -0.431404 -0.562794 -0.119432 -0.694903
0.709231 0.350155 0.002456 0.035161 -0.439012 -0.564072 -0.113242 -0.690122
0.712249 0.350155 0.002456 0.035161 -0.445143 -0.559442 -0.120957 -0.688652
0.715267 0.350044 0.002456 0.035161 -0.458741 -0.556125 -0.122555 -0.682101
0.718285 0.350044 0.002456 0.035161 -0.464745 -0.551446 -0.130291 -0.680400
0.721303 0.349932 0.002456 0.035161 -0.472069 -0.553403 -0.139388 -0.671913
0.724321 0.349932 0.002456 0.035272 -0.491338 -0.544959 -0.133776 -0.666116
0.727339 0.349821 0.002456 0.035272 -0.510099 -0.537087 -0.143451 -0.656322
0.730357 0.349709 0.002456 0.035272 -0.534235 -0.523398 -0.146142 -0.647527
0.733375 0.349709 0.002456 0.035272 -0.552073 -0.515374 -0.156175 -0.636564
0.736393 0.349597 0.002456 0.035272 -0.564283 -0.512254 -0.158426 -0.627760
0.739411 0.349486 0.002456 0.035384 -0.580062 -0.496115 -0.167366 -0.624008
0.742429 0.349486 0.002456 0.035384 -0.591840 -0.492966 -0.169853 -0.614703
0.745447 0.349374 0.002456 0.035384 -0.613479 -0.478174 -0.173746 -0.603991
0.748465 0.349262 0.002344 0.035272 -0.618130 -0.473075 -0.181720 -0.600910
0.751483 0.349262 0.002344 0.035272 -0.634360 -0.463034 -0.178018 -0.592871
0.754501 0.349151 0.002344 0.035272 -0.634360 -0.463034 -0.178018 -0.592871
0.757519 0.349039 0.002344 0.035272 -0.645208 -0.459877 -0.180998 -0.582631
0.760537 0.349039 0.002344 0.035161 -0.645208 -0.459877 -0.180998 -0.582631
0.763555 0.348928 0.002456 0.035161 -0.645208 -0.459877 -0.180998 -0.582631
0.766573 0.348928 0.002456 0.035049 -0.649504 -0.454736 -0.189054 -0.579326
0.769591 0.348816 0.002456 0.035049 -0.655829 -0.456786 -0.184047 -0.572156
0.772609 0.348704 0.002456 0.034937 -0.651570 -0.461837 -0.175935 -0.575508
0.775627 0.348704 0.002456 0.034937 -0.650771 -0.463963 -0.190321 -0.570099
0.778645 0.348704 0.002567 0.034826 -0.650771 -0.463963 -0.190321 -0.570099
0.781663 0.348593 0.002567 0.034826 -0.645635 -0.471085 -0.196573 -0.567974
0.784681 0.348593 0.002567 0.034826 -0.651836 -0.473216 -0.191386 -0.560847
0.787699 0.348593 0.002679 0.034714 -0.656086 -0.468290 -0.199453 -0.557201
0.790717 0.348593 0.002679 0.034714 -0.656086 -0.468290 -0.199453 -0.557201
0.793735 0.348481 0.002679 0.034714 -0.660258 -0.463308 -0.207496 -0.553489
0.796753 0.348481 0.002679 0.034714 -0.670349 -0.460611 -0.210467 -0.542378
0.799771 0.348481 0.002679 0.034714 -0.665248 -0.467947 -0.216413 -0.540033
0.802789 0.348481 0.002679 0.034826 -0.675121 -0.465424 -0.219317 -0.528670
0.805807 0.348481 0.002679 0.034826 -0.679020 -0.460495 -0.227349 -0.524585
0.808825 0.348481 0.002679 0.034826 -0.682837 -0.455510 -0.235353 -0.520436
0.811843 0.348369 0.002679 0.034826 -0.691478 -0.442900 -0.237644 -0.518866
0.814861 0.348369 0.002679 0.034937 -0.700686 -0.440439 -0.240813 -0.507013
0.817879 0.348369 0.002679 0.034937 -0.704151 -0.435340 -0.248833 -0.502726
0.820897 0.348369 0.002679 0.034937 -0.712213 -0.422390 -0.251332 -0.501170
0.823915 0.348258 0.002679 0.034937 -0.712213 -0.422390 -0.251332 -0.501170
0.826933 0.348258 0.002679 0.034937 -0.715450 -0.417150 -0.259339 -0.496850
0.829951 0.348146 0.002679 0.034937 -0.715450 -0.417150 -0.259339 -0.496850
0.832969 0.348146 0.002679 0.034937 -0.715450 -0.417150 -0.259339 -0.496850
0.835987 0.348146 0.002679 0.034937 -0.717596 -0.401040 -0.266310 -0.503291
0.839005 0.348035 0.002679 0.034937 -0.717596 -0.401040 -0.266310 -0.503291
0.842023 0.348035 0.002679 0.034937 -0.714457 -0.406452 -0.258346 -0.507549
0.845041 0.347923 0.002679 0.034937 -0.718879 -0.398578 -0.252754 -0.510357
0.848059 0.347923 0.002679 0.034937 -0.718879 -0.398578 -0.252754 -0.510357
0.851077 0.347811 0.002679 0.034937 -0.718879 -0.398578 -0.252754 -0.510357
0.854095 0.347811 0.002679 0.034937 -0.718879 -0.398578 -0.252754 -0.510357
0.857113 0.347700 0.002567 0.034937 -0.718879 -0.398578 -0.252754 -0.510357
0.860131 0.347700 0.002567 0.034937 -0.723215 -0.390656 -0.247132 -0.513103
0.863149 0.347700 0.002567 0.034937 -0.723215 -0.390656 -0.247132 -0.513103
0.866167 0.347588 0.002567 0.034937 -0.727463 -0.382687 -0.241480 -0.515787
0.869185 0.347588 0.002456 0.035049 -0.733085 -0.385317 -0.237261 -0.507763
0.872203 0.347476 0.002456 0.035049 -0.740129 -0.371786 -0.239873 -0.506404
0.875221 0.347476 0.002456 0.035161 -0.744169 -0.363632 -0.234295 -0.509009
0.878239 0.347476 0.002344 0.035161 -0.744169 -0.363632 -0.234295 -0.509009
0.881257 0.347365 0.002344 0.035161 -0.748119 -0.355435 -0.228689 -0.511552
0.884275 0.347365 0.002344 0.035272 -0.751979 -0.347194 -0.223055 -0.514034
0.887293 0.347365 0.002232 0.035272 -0.752590 -0.330796 -0.229385 -0.521119
0.890311 0.347253 0.002232 0.035272 -0.756178 -0.322508 -0.223646 -0.523608
0.893329 0.347253 0.002232 0.035384 -0.747843 -0.325858 -0.218919 -0.535370
0.896347 0.347142 0.002121 0.035272 -0.748815 -0.323437 -0.204705 -0.541074
0.899365 0.347142 0.002121 0.035272 -0.740136 -0.327036 -0.199965 -0.552504
0.902383 0.347142 0.002121 0.035272 -0.731208 -0.330738 -0.195306 -0.563741
0.905401 0.347142 0.002121 0.035272 -0.719012 -0.340470 -0.182508 -0.577748
0.908419 0.347030 0.002121 0.035161 -0.712707 -0.352204 -0.165999 -0.583477
0.911437 0.347030 0.002121 0.035161 -0.699545 -0.362104 -0.153398 -0.596646
0.914455 0.347030 0.002232 0.035049 -0.688352 -0.381259 -0.143466 -0.600192
0.917473 0.347030 0.002232 0.034937 -0.674157 -0.391149 -0.131224 -0.612613
0.920491 0.347030 0.002232 0.034937 -0.661811 -0.409745 -0.121513 -0.615914
0.923509 0.346918 0.002344 0.034937 -0.653482 -0.420760 -0.105021 -0.620397
0.926527 0.346918 0.002344 0.034826 -0.649200 -0.426192 -0.096755 -0.622526
0.929545 0.346918 0.002344 0.034826 -0.644839 -0.431573 -0.088478 -0.624580
0.932563 0.346807 0.002344 0.034826 -0.635561 -0.443910 -0.087069 -0.625639
0.935581 0.346807 0.002344 0.034826 -0.642396 -0.444840 -0.082187 -0.618619
0.938599 0.346807 0.002344 0.034826 -0.642396 -0.444840 -0.082187 -0.618619
0.941617 0.346695 0.002344 0.034937 -0.654011 -0.438557 -0.070572 -0.612337
0.944635 0.346695 0.002344 0.034937 -0.665070 -0.434254 -0.074208 -0.602991
0.947653 0.346584 0.002232 0.035049 -0.675921 -0.430031 -0.077939 -0.593405
0.950671 0.346584 0.002232 0.035161 -0.684734 -0.417471 -0.079936 -0.592003
0.953689 0.346472 0.002232 0.035272 -0.695217 -0.413258 -0.083913 -0.582108
0.956707 0.346472 0.002232 0.035272 -0.709933 -0.401358 -0.081691 -0.572916
0.959725 0.346472 0.002232 0.035384 -0.713703 -0.396246 -0.090321 -0.570491
0.962743 0.346360 0.002232 0.035384 -0.723583 -0.392149 -0.094638 -0.560081
0.965761 0.346360 0.002232 0.035496 -0.733231 -0.388148 -0.099043 -0.549457
0.968779 0.346360 0.002232 0.035607 -0.736682 -0.383085 -0.107750 -0.546750
0.971797 0.346360 0.002232 0.035607 -0.745976 -0.379231 -0.112285 -0.535813
0.974815 0.346249 0.002232 0.035719 -0.747593 -0.388678 -0.113902 -0.526366
0.977833 0.346249 0.002232 0.035719 -0.750856 -0.383750 -0.122661 -0.523359
0.980851 0.346249 0.002232 0.035719 -0.756561 -0.385075 -0.118437 -0.515079
0.983869 0.346249 0.002232 0.035719 -0.752285 -0.393363 -0.124089 -0.513746
0.986887 0.346249 0.002232 0.035830 -0.755477 -0.388520 -0.132852 -0.510545
0.989905 0.346137 0.002344 0.035830 -0.756711 -0.398293 -0.134086 -0.500772
0.992923 0.346137 0.002344 0.035830 -0.756711 -0.398293 -0.134086 -0.500772
0.995941 0.346137 0.002344 0.035830 -0.752289 -0.406582 -0.139579 -0.499269
0.998959 0.346137 0.002344 0.035830 -0.757729 -0.408091 -0.135104 -0.490974
1.001977 0.346137 0.002344 0.035830 -0.757729 -0.408091 -0.135104 -0.490974
1.004995 0.346025 0.002344 0.035830 -0.749927 -0.420935 -0.131734 -0.493021
1.008013 0.346025 0.002344 0.035830 -0.749927 -0.420935 -0.131734 -0.493021
1.011031 0.346025 0.002344 0.035830 -0.750612 -0.430629 -0.132420 -0.483327
1.014049 0.346025 0.002344 0.035830 -0.750612 -0.430629 -0.132420 -0.483327
1.017067 0.346025 0.002344 0.035830 -0.745836 -0.438850 -0.137722 -0.481843
1.020085 0.345914 0.002344 0.035830 -0.745836 -0.438850 -0.137722 -0.481843
1.023103 0.345914 0.002344 0.035830 -0.745836 -0.438850 -0.137722 -0.481843
1.026121 0.345802 0.002344 0.035719 -0.740970 -0.447017 -0.143007 -0.480301
1.029139 0.345802 0.002344 0.035719 -0.740970 -0.447017 -0.143007 -0.480301
1.032157 0.345691 0.002456 0.035719 -0.736014 -0.455131 -0.148275 -0.478700
1.035175 0.345691 0.002456 0.035719 -0.730969 -0.463189 -0.153525 -0.477043
1.038193 0.345579 0.002456 0.035719 -0.725837 -0.471192 -0.158757 -0.475327
1.041211 0.345579 0.002456 0.035607 -0.720616 -0.479137 -0.163969 -0.473554
1.044229 0.345467 0.002456 0.035607 -0.715309 -0.487025 -0.169162 -0.471724
1.047247 0.345356 0.002456 0.035607 -0.700920 -0.497048 -0.171377 -0.481958
1.050265 0.345244 0.002567 0.035496 -0.695417 -0.504719 -0.176662 -0.480047
1.053283 0.345244 0.002567 0.035496 -0.680152 -0.523825 -0.178909 -0.480616
1.056301 0.345132 0.002567 0.035384 -0.669058 -0.529211 -0.190003 -0.486001
1.059319 0.345021 0.002679 0.035384 -0.653001 -0.547621 -0.192551 -0.486441
1.062337 0.345021 0.002679 0.035272 -0.637146 -0.556367 -0.195952 -0.496088
1.065355 0.344909 0.002679 0.035272 -0.624768 -0.570232 -0.206804 -0.491663
1.068373 0.344909 0.002791 0.035272 -0.608361 -0.578376 -0.210680 -0.500992
1.071391 0.344798 0.002791 0.035161 -0.601970 -0.585024 -0.216171 -0.498647
1.074409 0.344798 0.002791 0.035161 -0.590663 -0.595108 -0.213878 -0.501218
1.077427 0.344686 0.002791 0.035161 -0.578574 -0.599115 -0.225967 -0.505225
1.080445 0.344686 0.002902 0.035161 -0.571957 -0.605435 -0.231504 -0.502712
1.083463 0.344686 0.002902 0.035161 -0.565271 -0.611682 -0.237013 -0.500138
1.086481 0.344686 0.002902 0.035161 -0.568942 -0.617193 -0.243223 -0.486026
1.089499 0.344574 0.002902 0.035161 -0.568942 -0.617193 -0.243223 -0.486026
1.092517 0.344574 0.002902 0.035161 -0.562127 -0.623406 -0.248548 -0.483325
1.095535 0.344574 0.002902 0.035272 -0.567087 -0.620096 -0.255991 -0.477872
1.098553 0.344574 0.002902 0.035272 -0.572303 -0.622871 -0.249163 -0.471613
1.101571 0.344574 0.002902 0.035272 -0.572303 -0.622871 -0.249163 -0.471613
1.104589 0.344574 0.002902 0.035272 -0.575347 -0.628709 -0.254825 -0.456908
1.107607 0.344574 0.002902 0.035272 -0.575347 -0.628709 -0.254825 -0.456908
1.110625 0.344574 0.002902 0.035272 -0.580083 -0.625465 -0.262217 -0.451154
1.113643 0.344574 0.002791 0.035384 -0.585004 -0.628308 -0.255330 -0.444754
1.116662 0.344574 0.002791 0.035384 -0.585004 -0.628308 -0.255330 -0.444754
1.119680 0.344574 0.002791 0.035384 -0.585004 -0.628308 -0.255330 -0.444754
1.122698 0.344574 0.002791 0.035384 -0.594392 -0.627918 -0.255843 -0.432391
1.125716 0.344574 0.002791 0.035384 -0.594392 -0.627918 -0.255843 -0.432391
1.128734 0.344574 0.002679 0.035384 -0.594392 -0.627918 -0.255843 -0.432391
1.131752 0.344574 0.002679 0.035384 -0.592141 -0.637234 -0.253593 -0.423075
1.134770 0.344574 0.002679 0.035496 -0.592141 -0.637234 -0.253593 -0.423075
1.137788 0.344574 0.002679 0.035496 -0.596575 -0.634132 -0.260962 -0.416983
1.140806 0.344574 0.002679 0.035496 -0.589572 -0.640647 -0.265527 -0.414091
1.143824 0.344574 0.002679 0.035496 -0.593968 -0.637516 -0.272797 -0.407869
1.146842 0.344574 0.002567 0.035496 -0.591341 -0.647010 -0.270170 -0.398375
1.149860 0.344574 0.002567 0.035607 -0.584197 -0.653468 -0.274530 -0.395382
1.152878 0.344574 0.002567 0.035607 -0.581339 -0.656860 -0.285917 -0.385788
1.155896 0.344574 0.002567 0.035607 -0.578407 -0.660188 -0.297090 -0.375945
1.158914 0.344574 0.002567 0.035719 -0.571119 -0.666503 -0.301202 -0.372659
1.161932 0.344686 0.002567 0.035719 -0.568079 -0.669733 -0.312045 -0.362453
1.164950 0.344686 0.002567 0.035719 -0.564969 -0.672895 -0.322661 -0.352012
1.167968 0.344686 0.002567 0.035830 -0.557542 -0.679061 -0.326509 -0.348446
1.170986 0.344686 0.002567 0.035830 -0.554329 -0.682119 -0.336775 -0.337661
1.174004 0.344686 0.002567 0.035830 -0.539209 -0.694134 -0.344112 -0.330180
1.177022 0.344686 0.002567 0.035830 -0.531550 -0.700016 -0.347719 -0.326380
1.180040 0.344686 0.002567 0.035830 -0.516042 -0.711525 -0.354806 -0.318662
1.183058 0.344686 0.002567 0.035830 -0.508194 -0.717152 -0.358285 -0.314744
1.186076 0.344686 0.002567 0.035719 -0.492315 -0.728144 -0.365114 -0.306797
1.189094 0.344686 0.002567 0.035719 -0.471611 -0.741323 -0.366135 -0.306543
1.192112 0.344686 0.002567 0.035719 -0.458768 -0.748858 -0.363890 -0.310368
1.195130 0.344686 0.002567 0.035607 -0.432600 -0.763070 -0.359656 -0.318164
1.198148 0.344686 0.002679 0.035607 -0.407286 -0.770287 -0.369671 -0.322674
1.201166 0.344686 0.002679 0.035496 -0.383624 -0.786463 -0.357564 -0.326278
1.204184 0.344798 0.002679 0.035496 -0.361115 -0.796107 -0.359495 -0.326454
1.207202 0.344798 0.002679 0.035384 -0.333079 -0.806144 -0.356505 -0.334806
1.210220 0.344798 0.002679 0.035272 -0.295658 -0.818236 -0.357635 -0.339372
1.213238 0.344798 0.002791 0.035272 -0.266768 -0.825455 -0.355485 -0.347979
1.216256 0.344798 0.002791 0.035161 -0.237588 -0.831399 -0.353714 -0.356671
1.219274 0.344798 0.002791 0.035161 -0.202939 -0.842155 -0.347089 -0.359332
1.222292 0.344798 0.002791 0.035049 -0.173414 -0.845179 -0.346152 -0.368481
1.225310 0.344798 0.002791 0.035049 -0.143785 -0.846903 -0.345618 -0.377663
1.228328 0.344798 0.002679 0.035049 -0.123784 -0.852432 -0.340337 -0.377105
1.231346 0.344798 0.002679 0.035049 -0.094349 -0.858285 -0.339273 -0.373282
1.234364 0.344798 0.002679 0.035049 -0.070208 -0.858346 -0.343662 -0.374446
1.237382 0.344798 0.002567 0.035049 -0.055359 -0.863494 -0.342340 -0.366219
1.240400 0.344798 0.002567 0.035049 -0.031290 -0.862327 -0.346940 -0.367486
1.243418 0.344686 0.002456 0.035049 -0.016288 -0.866653 -0.345430 -0.359618
1.246436 0.344686 0.002456 0.035049 0.007641 -0.864268 -0.350261 -0.360970
1.249454 0.344686 0.002344 0.035161 0.022746 -0.867774 -0.348595 -0.353458
1.252472 0.344686 0.002344 0.035161 0.041807 -0.867065 -0.356276 -0.345714
1.255490 0.344574 0.002232 0.035161 0.065444 -0.862956 -0.361388 -0.347018
1.258508 0.344574 0.002232 0.035161 0.080659 -0.865311 -0.359440 -0.339901
1.261526 0.344574 0.002121 0.035161 0.094544 -0.861116 -0.361051 -0.345230
1.264544 0.344463 0.002121 0.035161 0.117738 -0.855374 -0.366606 -0.346515
1.267562 0.344463 0.002009 0.035161 0.135600 -0.846713 -0.366578 -0.360985
1.270580 0.344351 0.002009 0.035049 0.149082 -0.841334 -0.357511 -0.376984
1.273598 0.344351 0.002009 0.035049 0.175394 -0.829417 -0.362236 -0.387415
1.276616 0.344239 0.002009 0.034937 0.187752 -0.822455 -0.354009 -0.403727
1.279634 0.344239 0.002009 0.034937 0.204062 -0.810903 -0.355102 -0.417967
1.282652 0.344128 0.002009 0.034826 0.224082 -0.800157 -0.352334 -0.430577
1.285670 0.344128 0.001898 0.034826 0.239408 -0.787169 -0.354083 -0.444606
1.288688 0.344128 0.001898 0.034714 0.249303 -0.777427 -0.347490 -0.461201
1.291706 0.344016 0.001898 0.034714 0.255300 -0.766092 -0.344506 -0.478791
1.294724 0.344016 0.001898 0.034603 0.264021 -0.755236 -0.338509 -0.495300
1.297742 0.344016 0.001898 0.034603 0.269453 -0.749941 -0.334330 -0.503196
1.300760 0.343905 0.001898 0.034603 0.288264 -0.737614 -0.344140 -0.504379
1.303778 0.343905 0.001898 0.034491 0.293033 -0.731846 -0.340529 -0.512419
1.306796 0.343793 0.002009 0.034491 0.295449 -0.732341 -0.338113 -0.511924
1.309814 0.343793 0.002009 0.034491 0.311468 -0.725673 -0.349278 -0.504372
1.312832 0.343681 0.002009 0.034491 0.321206 -0.715670 -0.354164 -0.509128
1.315850 0.343681 0.002009 0.034603 0.323479 -0.716007 -0.351891 -0.508791
1.318868 0.343570 0.002009 0.034603 0.337659 -0.715324 -0.363262 -0.492280
1.321886 0.343570 0.002009 0.034603 0.345497 -0.711571 -0.368648 -0.488259
1.324904 0.343458 0.002121 0.034603 0.355752 -0.707933 -0.371532 -0.483979
1.327922 0.343346 0.002121 0.034603 0.362377 -0.710550 -0.376605 -0.471138
1.330940 0.343235 0.002121 0.034714 0.376869 -0.708923 -0.386405 -0.453970
1.333958 0.343235 0.002121 0.034714 0.384635 -0.704740 -0.391369 -0.449697
1.336976 0.343123 0.002232 0.034826 0.391418 -0.706915 -0.395585 -0.436549
1.339994 0.343012 0.002232 0.034826 0.406855 -0.698145 -0.405081 -0.427752
1.343012 0.342900 0.002232 0.034826 0.414500 -0.693633 -0.409756 -0.423276
1.346030 0.342900 0.002232 0.034937 0.421393 -0.695432 -0.413244 -0.409917
1.349048 0.342788 0.002344 0.034937 0.429007 -0.690761 -0.417722 -0.405352
1.352066 0.342788 0.002344 0.034937 0.436570 -0.686006 -0.422150 -0.400738
1.355084 0.342677 0.002344 0.034937 0.444080 -0.681169 -0.426527 -0.396076
1.358102 0.342677 0.002456 0.034937 0.451537 -0.676249 -0.430853 -0.391367
1.361120 0.342677 0.002456 0.035049 0.451537 -0.676249 -0.430853 -0.391367
1.364138 0.342677 0.002456 0.035049 0.458939 -0.671247 -0.435127 -0.386610
1.367156 0.342677 0.002456 0.035049 0.458939 -0.671247 -0.435127 -0.386610
1.370174 0.342677 0.002456 0.035049 0.463606 -0.659985 -0.444025 -0.390297
1.373192 0.342677 0.002456 0.035049 0.470828 -0.654852 -0.448286 -0.385395
1.376210 0.342677 0.002456 0.035049 0.470828 -0.654852 -0.448286 -0.385395
1.379228 0.342677 0.002456 0.035049 0.463606 -0.659985 -0.444025 -0.390297
1.382246 0.342677 0.002456 0.035049 0.467865 -0.655067 -0.451249 -0.385180
1.385264 0.342677 0.002456 0.035049 0.467865 -0.655067 -0.451249 -0.385180
1.388282 0.342788 0.002456 0.035049 0.467865 -0.655067 -0.451249 -0.385180
1.391300 0.342788 0.002456 0.035049 0.460641 -0.660168 -0.446990 -0.390114
1.394318 0.342788 0.002456 0.035049 0.461199 -0.653636 -0.448319 -0.398830
1.397336 0.342788 0.002456 0.035049 0.458398 -0.653747 -0.451120 -0.398719
1.400354 0.342788 0.002456 0.035049 0.458398 -0.653747 -0.451120 -0.398719
1.403372 0.342788 0.002456 0.035049 0.451189 -0.658744 -0.446712 -0.403651
1.406390 0.342788 0.002344 0.035049 0.444740 -0.657060 -0.443167 -0.417230
1.409408 0.342788 0.002344 0.035049 0.449297 -0.652152 -0.450359 -0.412319
1.412426 0.342788 0.002344 0.035049 0.443036 -0.650369 -0.446496 -0.425887
1.415444 0.342788 0.002344 0.035049 0.435864 -0.655197 -0.441790 -0.430767
1.418462 0.342788 0.002232 0.035049 0.436816 -0.648450 -0.442336 -0.439367
1.421480 0.342788 0.002232 0.035049 0.434519 -0.648364 -0.444633 -0.439453
1.424498 0.342788 0.002232 0.035049 0.428512 -0.646291 -0.440008 -0.452855
1.427516 0.342788 0.002121 0.035049 0.428512 -0.646291 -0.440008 -0.452855
1.430534 0.342788 0.002121 0.035049 0.422552 -0.644087 -0.435090 -0.466153
1.433552 0.342788 0.002121 0.035049 0.428856 -0.632317 -0.442094 -0.469904
1.436570 0.342788 0.002121 0.035049 0.421883 -0.636991 -0.436905 -0.474733
1.439588 0.342788 0.002009 0.035049 0.421883 -0.636991 -0.436905 -0.474733
1.442606 0.342788 0.002009 0.035049 0.427073 -0.632152 -0.443877 -0.470069
1.445624 0.342788 0.002009 0.035049 0.427073 -0.632152 -0.443877 -0.470069
1.448642 0.342900 0.002009 0.035049 0.427073 -0.632152 -0.443877 -0.470069
1.451660 0.342900 0.002009 0.035161 0.433628 -0.620230 -0.450450 -0.473683
1.454678 0.342900 0.002009 0.035161 0.432212 -0.627238 -0.450795 -0.465349
1.457696 0.342900 0.002009 0.035161 0.439077 -0.622451 -0.455880 -0.460368
1.460714 0.342900 0.002121 0.035161 0.444108 -0.617406 -0.462691 -0.455517
1.463732 0.342900 0.002121 0.035272 0.450864 -0.612489 -0.467667 -0.450406
1.466750 0.342900 0.002121 0.035272 0.450864 -0.612489 -0.467667 -0.450406
1.469768 0.342900 0.002121 0.035272 0.457566 -0.607499 -0.472587 -0.445241
1.472786 0.342900 0.002232 0.035384 0.462957 -0.609426 -0.477448 -0.431641
1.475804 0.342900 0.002232 0.035384 0.467671 -0.604144 -0.484115 -0.426528
1.478822 0.342900 0.002232 0.035384 0.474280 -0.598970 -0.488772 -0.421184
1.481840 0.342900 0.002232 0.035384 0.480832 -0.593723 -0.493369 -0.415789
1.484858 0.342788 0.002344 0.035384 0.480832 -0.593723 -0.493369 -0.415789
1.487876 0.342788 0.002344 0.035384 0.487326 -0.588405 -0.497907 -0.410344
1.490894 0.342788 0.002344 0.035496 0.494799 -0.575973 -0.502678 -0.413212
1.493912 0.342788 0.002344 0.035496 0.494799 -0.575973 -0.502678 -0.413212
1.496930 0.342788 0.002456 0.035496 0.501097 -0.570502 -0.507187 -0.407664
1.499948 0.342788 0.002456 0.035496 0.505545 -0.564896 -0.513424 -0.402135
1.502966 0.342788 0.002456 0.035496 0.506537 -0.557770 -0.513670 -0.410434
1.505984 0.342788 0.002456 0.035496 0.506537 -0.557770 -0.513670 -0.410434
1.509002 0.342788 0.002456 0.035496 0.506537 -0.557770 -0.513670 -0.410434
1.512020 0.342677 0.002456 0.035496 0.507468 -0.550577 -0.513853 -0.418684
1.515038 0.342677 0.002344 0.035496 0.507468 -0.550577 -0.513853 -0.418684
1.518056 0.342677 0.002344 0.035496 0.508337 -0.543318 -0.513974 -0.426883
1.521074 0.342677 0.002344 0.035496 0.502338 -0.548870 -0.509253 -0.432504
1.524092 0.342677 0.002344 0.035496 0.508037 -0.535927 -0.515141 -0.435097
1.527110 0.342677 0.002232 0.035496 0.502118 -0.541476 -0.510330 -0.440730
1.530128 0.342677 0.002232 0.035496 0.503116 -0.534107 -0.510069 -0.448813
1.533146 0.342677 0.002232 0.035496 0.503116 -0.534107 -0.510069 -0.448813
1.536164 0.342565 0.002232 0.035496 0.498237 -0.532180 -0.504696 -0.462415
1.539182 0.342565 0.002121 0.035496 0.504333 -0.519122 -0.509957 -0.464871
1.542200 0.342565 0.002121 0.035496 0.498599 -0.524631 -0.504819 -0.470445
1.545218 0.342565 0.002121 0.035496 0.499667 -0.517099 -0.504116 -0.478340
1.548236 0.342454 0.002009 0.035496 0.499667 -0.517099 -0.504116 -0.478340
1.551254 0.342454 0.002009 0.035496 0.505986 -0.503943 -0.508919 -0.480647
1.554272 0.342454 0.002009 0.035496 0.501535 -0.501836 -0.502614 -0.493965
1.557290 0.342454 0.001898 0.035496 0.502591 -0.494140 -0.501560 -0.501663
1.560308 0.342342 0.001898 0.035496 0.502591 -0.494140 -0.501560 -0.501663
1.563326 0.342342 0.001898 0.035384 0.514403 -0.475235 -0.511261 -0.498149
1.566344 0.342342 0.001898 0.035384 0.515335 -0.467424 -0.510083 -0.505727
1.569362 0.342342 0.001898 0.035384 0.515335 -0.467424 -0.510083 -0.505727
1.572380 0.342342 0.001898 0.035384 0.516205 -0.459556 -0.508844 -0.513244
1.575398 0.342342 0.001898 0.035384 0.521943 -0.445925 -0.513232 -0.515091
1.578416 0.342342 0.001898 0.035384 0.528309 -0.432289 -0.516732 -0.516725
1.581434 0.342342 0.001898 0.035384 0.533026 -0.426459 -0.522377 -0.511017
1.584452 0.342342 0.001898 0.035272 0.538178 -0.412541 -0.526690 -0.512613
1.587470 0.342342 0.001898 0.035272 0.542677 -0.406604 -0.532290 -0.506796
1.590488 0.342342 0.001898 0.035272 0.543022 -0.398513 -0.531037 -0.514114
1.593506 0.342454 0.002009 0.035384 0.552918 -0.386604 -0.540933 -0.502205
1.596524 0.342454 0.002009 0.035384 0.557312 -0.372377 -0.545171 -0.503514
1.599542 0.342454 0.002009 0.035384 0.561369 -0.366232 -0.550670 -0.497495
1.602560 0.342454 0.002009 0.035384 0.566801 -0.360160 -0.554660 -0.491297
1.605578 0.342454 0.002009 0.035384 0.570724 -0.353912 -0.560024 -0.485174
1.608596 0.342454 0.001898 0.035384 0.570724 -0.353912 -0.560024 -0.485174
1.611614 0.342342 0.001898 0.035384 0.574577 -0.347620 -0.565321 -0.478992
1.614632 0.342342 0.001898 0.035496 0.583520 -0.334998 -0.574264 -0.466370
1.617650 0.342230 0.001898 0.035496 0.583520 -0.334998 -0.574264 -0.466370
1.620668 0.342230 0.001898 0.035496 0.583520 -0.334998 -0.574264 -0.466370
1.623686 0.342119 0.001898 0.035496 0.592184 -0.322183 -0.582927 -0.453555
1.626704 0.342119 0.001786 0.035496 0.592184 -0.322183 -0.582927 -0.453555
1.629722 0.342007 0.001786 0.035496 0.592184 -0.322183 -0.582927 -0.453555
1.632740 0.341895 0.001786 0.035496 0.595503 -0.307526 -0.586773 -0.454425
1.635758 0.341784 0.001786 0.035496 0.603463 -0.286293 -0.593817 -0.448609
1.638776 0.341784 0.001674 0.035384 0.606142 -0.271462 -0.597534 -0.449280
1.641794 0.341672 0.001674 0.035384 0.608495 -0.256576 -0.601265 -0.449870
1.644812 0.341561 0.001674 0.035384 0.615431 -0.234981 -0.607626 -0.443643
1.647830 0.341561 0.001674 0.035272 0.616214 -0.211700 -0.609892 -0.451105
1.650848 0.341561 0.001674 0.035272 0.617419 -0.196637 -0.613492 -0.451393
1.653866 0.341449 0.001674 0.035161 0.616969 -0.173238 -0.615706 -0.458523
1.656884 0.341449 0.001674 0.035161 0.622391 -0.136168 -0.624462 -0.451813
1.659902 0.341449 0.001674 0.035049 0.623395 -0.114179 -0.632831 -0.444822
1.662920 0.341449 0.001674 0.035049 0.621488 -0.083941 -0.639708 -0.444388
1.665938 0.341449 0.001674 0.035049 0.620036 -0.068861 -0.643137 -0.444058
1.668956 0.341449 0.001674 0.035049 0.615678 -0.045581 -0.645062 -0.450286
1.671974 0.341449 0.001563 0.035049 0.613401 -0.030603 -0.648468 -0.449769
1.674992 0.341449 0.001563 0.035049 0.610796 -0.015679 -0.651862 -0.449176
1.678010 0.341449 0.001563 0.035049 0.602950 -0.001390 -0.660154 -0.447935
1.681028 0.341449 0.001563 0.035049 0.599538 0.013330 -0.663672 -0.447119
1.684046 0.341449 0.001451 0.035049 0.595803 0.027973 -0.667172 -0.446227
1.687064 0.341337 0.001451 0.035049 0.586820 0.035159 -0.671077 -0.451731
1.690082 0.341337 0.001339 0.035049 0.582457 0.049584 -0.674693 -0.450638
1.693100 0.341337 0.001339 0.035049 0.573610 0.071832 -0.676882 -0.455678
1.696118 0.341226 0.001228 0.035049 0.568462 0.085996 -0.680432 -0.454388
1.699136 0.341226 0.001228 0.035049 0.553379 0.100335 -0.683584 -0.465207
1.702154 0.341114 0.001228 0.035049 0.546191 0.120164 -0.692262 -0.456081
1.705172 0.341114 0.001228 0.035049 0.538126 0.154933 -0.697710 -0.446784
1.708190 0.341002 0.001116 0.034937 0.520507 0.183159 -0.697772 -0.456769
1.711208 0.340891 0.001116 0.034937 0.505131 0.209081 -0.704269 -0.452915
1.714226 0.340779 0.001116 0.034937 0.496161 0.236658 -0.703060 -0.451136
1.717244 0.340779 0.001005 0.034937 0.483674 0.269162 -0.706056 -0.441698
1.720262 0.340668 0.001005 0.034826 0.473244 0.295784 -0.703458 -0.440112
1.723280 0.340668 0.001005 0.034826 0.458692 0.326988 -0.704969 -0.430929
1.726298 0.340556 0.001005 0.034826 0.442981 0.357384 -0.705709 -0.421923
1.729316 0.340556 0.001005 0.034826 0.425728 0.374480 -0.705274 -0.425569
1.732334 0.340444 0.001005 0.034714 0.415081 0.397451 -0.707613 -0.411127
1.735352 0.340333 0.001005 0.034714 0.408249 0.415514 -0.704960 -0.404614
1.738370 0.340221 0.001005 0.034826 0.401101 0.433314 -0.701955 -0.398265
1.741388 0.340221 0.001005 0.034826 0.393646 0.450841 -0.698607 -0.392090
1.744406 0.340109 0.001005 0.034826 0.381626 0.460419 -0.700022 -0.390314
1.747424 0.340109 0.001116 0.034826 0.369399 0.469732 -0.701398 -0.388507
1.750442 0.339998 0.001116 0.034826 0.363065 0.485503 -0.704473 -0.369036
1.753460 0.339998 0.001116 0.034826 0.357710 0.489462 -0.708485 -0.361275
1.756478 0.339886 0.001116 0.034826 0.344969 0.498103 -0.709665 -0.359535
1.759496 0.339886 0.001116 0.034826 0.339476 0.501863 -0.713572 -0.351717
1.762514 0.339775 0.001116 0.034826 0.337700 0.513413 -0.711795 -0.340167
1.765532 0.339775 0.001228 0.034826 0.332039 0.517092 -0.715490 -0.332326
1.768550 0.339663 0.001228 0.034826 0.318825 0.525031 -0.716485 -0.330670
1.771568 0.339663 0.001228 0.034826 0.313037 0.528502 -0.720075 -0.322778
1.774586 0.339663 0.001228 0.034826 0.304703 0.543207 -0.721068 -0.303551
1.777604 0.339551 0.001339 0.034826 0.291055 0.550418 -0.721892 -0.301991
1.780622 0.339551 0.001339 0.034826 0.288204 0.561516 -0.719041 -0.290894
1.783640 0.339551 0.001339 0.034826 0.282017 0.564648 -0.722193 -0.282977
1.786658 0.339551 0.001339 0.034826 0.272461 0.578674 -0.721922 -0.264064
1.789676 0.339551 0.001451 0.034826 0.266087 0.581632 -0.724780 -0.256117
1.792694 0.339440 0.001451 0.034826 0.262392 0.592478 -0.721084 -0.245271
1.795712 0.339440 0.001451 0.034826 0.255867 0.595325 -0.723735 -0.237334
1.798730 0.339440 0.001451 0.034826 0.251816 0.606043 -0.719684 -0.226616
1.801748 0.339440 0.001451 0.034826 0.251816 0.606043 -0.719684 -0.226616
1.804766 0.339440 0.001451 0.034826 0.245143 0.608773 -0.722130 -0.218696
1.807784 0.339440 0.001451 0.034826 0.238440 0.611430 -0.724489 -0.210749
1.810802 0.339440 0.001451 0.034937 0.246185 0.608477 -0.726374 -0.203789
1.813820 0.339440 0.001451 0.034937 0.239485 0.611144 -0.728569 -0.195797
1.816838 0.339440 0.001451 0.034937 0.239485 0.611144 -0.728569 -0.195797
1.819856 0.339440 0.001451 0.034937 0.239485 0.611144 -0.728569 -0.195797
1.822874 0.339440 0.001451 0.034937 0.247233 0.608203 -0.730289 -0.188793
1.825892 0.339440 0.001451 0.034937 0.245144 0.600143 -0.736927 -0.191498
1.828910 0.339440 0.001451 0.034937 0.245144 0.600143 -0.736927 -0.191498
1.831928 0.339440 0.001339 0.034937 0.243025 0.592011 -0.743476 -0.194179
1.834946 0.339440 0.001339 0.034937 0.247277 0.581126 -0.747727 -0.205065
1.837964 0.339440 0.001339 0.034937 0.255188 0.577971 -0.749333 -0.198313
1.840982 0.339440 0.001228 0.034937 0.252994 0.569704 -0.755637 -0.201105
1.844000 0.339440 0.001228 0.034937 0.250769 0.561368 -0.761851 -0.203872
1.847018 0.339328 0.001228 0.034937 0.254574 0.550201 -0.765656 -0.215039
1.850036 0.339328 0.001116 0.034937 0.252197 0.541756 -0.771654 -0.217823
1.853054 0.339328 0.001116 0.034937 0.249788 0.533246 -0.777559 -0.220581
1.856072 0.339328 0.001005 0.034937 0.253099 0.521923 -0.780870 -0.231904
1.859091 0.339328 0.001005 0.034826 0.247943 0.504640 -0.792149 -0.237409
1.862109 0.339216 0.000893 0.034826 0.236855 0.499391 -0.796228 -0.246026
1.865127 0.339216 0.000893 0.034826 0.234138 0.490614 -0.801666 -0.248614
1.868145 0.339216 0.000893 0.034826 0.231393 0.481777 -0.807008 -0.251171
1.871163 0.339216 0.000781 0.034714 0.225818 0.463930 -0.817398 -0.256194
1.874181 0.339216 0.000781 0.034714 0.214187 0.458424 -0.821123 -0.264062
1.877199 0.339216 0.000670 0.034714 0.211273 0.449375 -0.826110 -0.266400
1.880217 0.339216 0.000670 0.034714 0.208333 0.440272 -0.830997 -0.268704
1.883235 0.339216 0.000670 0.034714 0.200620 0.433347 -0.838710 -0.261779
1.886253 0.339216 0.000558 0.034714 0.203945 0.411346 -0.849103 -0.261200
1.889271 0.339216 0.000558 0.034714 0.196635 0.404177 -0.856413 -0.254031
1.892289 0.339216 0.000558 0.034714 0.193832 0.394744 -0.860802 -0.256176
1.895307 0.339105 0.000558 0.034826 0.197505 0.372281 -0.870033 -0.255814
1.898325 0.339105 0.000558 0.034826 0.200098 0.361412 -0.877426 -0.243856
1.901343 0.339105 0.000558 0.034826 0.197407 0.351751 -0.881343 -0.246040
1.904361 0.338993 0.000558 0.034937 0.204177 0.338590 -0.885546 -0.243878
1.907379 0.338993 0.000558 0.034937 0.204844 0.317818 -0.895608 -0.234344
1.910397 0.338882 0.000558 0.035049 0.211869 0.304522 -0.899062 -0.232519
1.913415 0.338882 0.000558 0.035049 0.218932 0.291154 -0.902223 -0.230848
1.916433 0.338770 0.000446 0.035049 0.222966 0.280186 -0.907555 -0.219376
1.919451 0.338770 0.000446 0.035161 0.220543 0.270198 -0.910578 -0.221813
1.922469 0.338658 0.000446 0.035161 0.227835 0.256756 -0.912987 -0.220506
1.925487 0.338658 0.000446 0.035161 0.222675 0.249171 -0.918147 -0.212922
1.928505 0.338547 0.000446 0.035161 0.220322 0.239069 -0.920829 -0.215355
1.931523 0.338547 0.000446 0.035272 0.230155 0.235738 -0.920099 -0.211835
1.934541 0.338435 0.000446 0.035272 0.227813 0.225616 -0.922633 -0.214351
1.937559 0.338435 0.000446 0.035272 0.227813 0.225616 -0.922633 -0.214351
1.940577 0.338435 0.000446 0.035272 0.225445 0.215466 -0.925056 -0.216841
1.943595 0.338435 0.000446 0.035272 0.213121 0.221135 -0.928222 -0.209959
1.946613 0.338435 0.000446 0.035272 0.213121 0.221135 -0.928222 -0.209959
1.949631 0.338435 0.000446 0.035272 0.213121 0.221135 -0.928222 -0.209959
1.952649 0.338435 0.000446 0.035272 0.208472 0.213227 -0.932871 -0.202051
1.955667 0.338435 0.000335 0.035272 0.208472 0.213227 -0.932871 -0.202051
1.958685 0.338435 0.000335 0.035272 0.198433 0.216288 -0.933668 -0.205202
1.961703 0.338435 0.000335 0.035161 0.198433 0.216288 -0.933668 -0.205202
1.964721 0.338435 0.000335 0.035161 0.196045 0.218455 -0.935866 -0.194933
1.967739 0.338435 0.000335 0.035161 0.196045 0.218455 -0.935866 -0.194933
1.970757 0.338435 0.000335 0.035161 0.185950 0.221378 -0.936584 -0.198051
1.973775 0.338435 0.000335 0.035161 0.188115 0.231654 -0.934096 -0.195996
1.976793 0.338324 0.000335 0.035161 0.185558 0.233707 -0.936192 -0.185722
1.979811 0.338324 0.000335 0.035161 0.185558 0.233707 -0.936192 -0.185722
1.982829 0.338324 0.000335 0.035161 0.185558 0.233707 -0.936192 -0.185722
1.985847 0.338324 0.000446 0.035161 0.185558 0.233707 -0.936192 -0.185722
1.988865 0.338324 0.000446 0.035161 0.175444 0.236499 -0.936801 -0.188921
1.991883 0.338324 0.000446 0.035161 0.172835 0.238413 -0.938820 -0.178618
1.994901 0.338324 0.000446 0.035161 0.172835 0.238413 -0.938820 -0.178618
1.997919 0.338324 0.000446 0.035161 0.162670 0.241065 -0.939350 -0.181789
2.000937 0.338212 0.000446 0.035161 0.160012 0.242838 -0.941291 -0.171458
2.003955 0.338212 0.000446 0.035161 0.160012 0.242838 -0.941291 -0.171458
2.006973 0.338212 0.000446 0.035161 0.161886 0.253164 -0.938566 -0.169690
2.009991 0.338212 0.000446 0.035049 0.151708 0.255680 -0.938990 -0.172946
2.013009 0.338212 0.000446 0.035049 0.151708 0.255680 -0.938990 -0.172946
2.016027 0.338212 0.000446 0.035049 0.138667 0.259704 -0.941179 -0.165851
2.019045 0.338212 0.000446 0.035049 0.138667 0.259704 -0.941179 -0.165851
2.022063 0.338324 0.000446 0.035049 0.128428 0.262046 -0.941412 -0.169062
2.025081 0.338324 0.000446 0.035049 0.125541 0.263441 -0.943212 -0.158710
2.028099 0.338324 0.000446 0.035049 0.115262 0.265638 -0.943366 -0.161899
2.031117 0.338324 0.000446 0.035049 0.104968 0.267803 -0.943406 -0.165069
2.034135 0.338324 0.000446 0.035049 0.102019 0.268941 -0.945163 -0.154695
2.037153 0.338324 0.000446 0.035049 0.091690 0.270960 -0.945123 -0.157845
2.040171 0.338324 0.000446 0.035049 0.088708 0.271951 -0.946801 -0.147453
2.043189 0.338324 0.000558 0.035049 0.078346 0.273824 -0.946682 -0.150586
2.046207 0.338324 0.000558 0.035049 0.066513 0.286793 -0.944986 -0.142572
2.049225 0.338324 0.000558 0.035049 0.063359 0.287507 -0.946496 -0.132181
2.052243 0.338324 0.000558 0.035049 0.049798 0.289646 -0.947629 -0.124996
2.055261 0.338324 0.000558 0.035161 0.047869 0.300584 -0.945700 -0.114058
2.058279 0.338324 0.000558 0.035161 0.037485 0.301891 -0.945345 -0.117382
2.061297 0.338324 0.000558 0.035161 0.021526 0.314074 -0.943907 -0.099672
2.064315 0.338212 0.000558 0.035161 0.019055 0.324654 -0.941435 -0.089092
2.067333 0.338212 0.000670 0.035272 0.006031 0.335939 -0.938268 -0.082229
2.070351 0.338212 0.000670 0.035272 -0.010969 0.346784 -0.935599 -0.065380
2.073369 0.338100 0.000670 0.035272 -0.024426 0.357236 -0.931820 -0.059143
2.076387 0.338100 0.000670 0.035272 -0.042055 0.366893 -0.928316 -0.043013
2.079405 0.337989 0.000781 0.035272 -0.055881 0.376479 -0.923980 -0.037436
2.082423 0.337989 0.000781 0.035272 -0.079916 0.385376 -0.918571 -0.036407
2.085441 0.337877 0.000781 0.035272 -0.093535 0.404072 -0.909348 -0.032613
2.088459 0.337877 0.000781 0.035272 -0.107635 0.412321 -0.904216 -0.028270
2.091477 0.337877 0.000781 0.035272 -0.131632 0.419298 -0.897789 -0.028943
2.094495 0.337765 0.000670 0.035272 -0.155505 0.425496 -0.890988 -0.030179
2.097513 0.337765 0.000670 0.035272 -0.164829 0.434081 -0.884902 -0.036790
2.100531 0.337765 0.000670 0.035272 -0.188412 0.439187 -0.877552 -0.038965
2.103549 0.337765 0.000670 0.035272 -0.207453 0.436219 -0.874230 -0.048984
2.106567 0.337765 0.000558 0.035272 -0.221197 0.441810 -0.868149 -0.046831
2.109585 0.337765 0.000558 0.035272 -0.239294 0.447746 -0.859476 -0.059694
2.112603 0.337765 0.000446 0.035272 -0.262666 0.441096 -0.856012 -0.060701
2.115621 0.337765 0.000446 0.035161 -0.281005 0.436889 -0.851531 -0.071125
2.118639 0.337765 0.000446 0.035161 -0.303943 0.429158 -0.847483 -0.072208
2.121657 0.337877 0.000446 0.035161 -0.326593 0.420771 -0.843153 -0.073357
2.124675 0.337877 0.000335 0.035161 -0.345289 0.406318 -0.842189 -0.079996
2.127693 0.337877 0.000335 0.035161 -0.367415 0.396944 -0.837186 -0.080998
2.130711 0.337877 0.000335 0.035161 -0.390073 0.377782 -0.836105 -0.077802
2.133729 0.337877 0.000335 0.035161 -0.420072 0.364040 -0.827039 -0.083791
2.136747 0.337877 0.000335 0.035049 -0.454024 0.335328 -0.821980 -0.075938
2.139765 0.337877 0.000335 0.035049 -0.475054 0.314111 -0.818846 -0.071755
2.142783 0.337877 0.000335 0.035049 -0.506159 0.292053 -0.808566 -0.068767
2.145801 0.337877 0.000335 0.035049 -0.528825 0.263815 -0.804788 -0.055330
2.148819 0.337877 0.000446 0.035049 -0.547775 0.240788 -0.799632 -0.050515
2.151837 0.337877 0.000446 0.035049 -0.568084 0.219906 -0.791881 -0.042976
2.154855 0.337877 0.000446 0.035049 -0.587814 0.189529 -0.785935 -0.029329
2.157873 0.337765 0.000446 0.035049 -0.604566 0.165140 -0.778873 -0.024196
2.160891 0.337765 0.000558 0.035049 -0.615091 0.146996 -0.774536 -0.012170
2.163909 0.337765 0.000558 0.035049 -0.630541 0.121968 -0.766481 -0.007018
2.166927 0.337765 0.000558 0.035049 -0.638609 0.110066 -0.761611 -0.003717
2.169945 0.337654 0.000558 0.035049 -0.646380 0.089670 -0.757700 0.006578
2.172963 0.337654 0.000558 0.035161 -0.647326 0.082563 -0.757582 0.014902
2.175981 0.337654 0.000558 0.035161 -0.653883 0.077480 -0.752555 0.009745
2.178999 0.337654 0.000558 0.035272 -0.654458 0.062021 -0.753129 0.025204
2.182017 0.337654 0.000558 0.035272 -0.660936 0.056914 -0.748012 0.020061
2.185035 0.337654 0.000558 0.035272 -0.660676 0.048693 -0.748592 0.027321
2.188053 0.337654 0.000446 0.035384 -0.667131 0.043636 -0.743329 0.022246
2.191071 0.337654 0.000446 0.035384 -0.667570 0.036304 -0.743039 0.030410
2.194089 0.337654 0.000446 0.035496 -0.673889 0.031172 -0.737742 0.025274
2.197107 0.337765 0.000446 0.035496 -0.673570 0.023065 -0.738040 0.032676
2.200125 0.337765 0.000446 0.035496 -0.679864 0.017989 -0.732598 0.027606
2.203143 0.337765 0.000446 0.035496 -0.680020 0.010519 -0.732251 0.035653
2.206161 0.337877 0.000335 0.035496 -0.686193 -0.002166 -0.726397 0.038501
2.209179 0.337877 0.000446 0.035496 -0.692208 -0.007379 -0.720892 0.033302
2.212197 0.337877 0.000446 0.035496 -0.697959 -0.020261 -0.714947 0.035956
2.215215 0.337989 0.000446 0.035496 -0.703426 -0.033266 -0.708946 0.038479
2.218233 0.337989 0.000446 0.035496 -0.708606 -0.046387 -0.702891 0.040869
2.221251 0.338100 0.000446 0.035496 -0.713496 -0.059620 -0.696785 0.043126
2.224269 0.338100 0.000446 0.035496 -0.718095 -0.072956 -0.690630 0.045248
2.227287 0.338100 0.000446 0.035496 -0.722399 -0.086391 -0.684431 0.047234
2.230305 0.338212 0.000446 0.035496 -0.726407 -0.099917 -0.678189 0.049084
2.233323 0.338212 0.000446 0.035384 -0.735331 -0.111824 -0.667396 0.036978
2.236341 0.338212 0.000446 0.035384 -0.738606 -0.125618 -0.661213 0.038446
2.239359 0.338212 0.000446 0.035384 -0.743066 -0.131326 -0.655397 0.032580
2.242377 0.338212 0.000335 0.035384 -0.746212 -0.138080 -0.650726 0.025647
2.245395 0.338212 0.000335 0.035384 -0.746212 -0.138080 -0.650726 0.025647
2.248413 0.338212 0.000335 0.035384 -0.750363 -0.143866 -0.644880 0.019662
2.251431 0.338212 0.000223 0.035384 -0.750534 -0.136773 -0.646422 0.011417
2.254449 0.338212 0.000223 0.035384 -0.754529 -0.142606 -0.640563 0.005386
2.257467 0.338212 0.000223 0.035384 -0.758380 -0.141441 -0.636218 -0.008978
2.260485 0.338100 0.000112 0.035384 -0.756780 -0.149765 -0.636279 -0.001988
2.263503 0.338100 0.000112 0.035496 -0.756780 -0.149765 -0.636279 -0.001988
2.266521 0.338100 0.000112 0.035496 -0.756780 -0.149765 -0.636279 -0.001988
2.269539 0.338100 0.000000 0.035496 -0.756713 -0.142765 -0.637885 -0.010302
2.272557 0.337989 0.000000 0.035607 -0.755099 -0.151070 -0.637960 -0.003294
2.275575 0.337989 0.000000 0.035607 -0.755099 -0.151070 -0.637960 -0.003294
2.278593 0.337989 0.000000 0.035607 -0.753393 -0.159356 -0.637958 0.003715
2.281611 0.337989 -0.000112 0.035719 -0.751597 -0.167624 -0.637879 0.010724
2.284629 0.337877 -0.000112 0.035719 -0.749710 -0.175871 -0.637722 0.017731
2.287647 0.337877 -0.000112 0.035719 -0.747733 -0.184096 -0.637489 0.024736
2.290665 0.337877 -0.000112 0.035830 -0.745665 -0.192300 -0.637179 0.031738
2.293683 0.337765 -0.000112 0.035830 -0.743508 -0.200480 -0.636792 0.038736
2.296701 0.337765 -0.000112 0.035830 -0.741260 -0.208637 -0.636328 0.045730
2.299719 0.337765 -0.000112 0.035830 -0.735797 -0.231837 -0.632660 0.067787
2.302737 0.337765 -0.000112 0.035830 -0.736148 -0.246212 -0.626778 0.067931
2.305755 0.337765 -0.000112 0.035830 -0.733399 -0.254285 -0.625994 0.074812
2.308773 0.337654 -0.000112 0.035830 -0.733276 -0.268664 -0.620111 0.074762
2.311791 0.337654 -0.000112 0.035830 -0.727196 -0.284709 -0.618318 0.088368
2.314809 0.337654 -0.000112 0.035830 -0.724024 -0.292681 -0.617310 0.095156
2.317827 0.337542 -0.000112 0.035830 -0.718537 -0.321644 -0.606863 0.109395
2.320845 0.337542 0.000000 0.035830 -0.714960 -0.329518 -0.605625 0.116055
2.323863 0.337542 0.000000 0.035830 -0.711297 -0.337353 -0.604313 0.122702
2.326881 0.337431 0.000000 0.035830 -0.703713 -0.352900 -0.601471 0.135949
2.329899 0.337431 0.000000 0.035830 -0.699794 -0.360609 -0.599941 0.142549
2.332917 0.337431 0.000000 0.035830 -0.697635 -0.374760 -0.593969 0.141638
2.335935 0.337319 0.000000 0.035830 -0.693476 -0.382401 -0.592377 0.148155
2.338953 0.337319 0.000000 0.035719 -0.684907 -0.397545 -0.588979 0.161134
2.341971 0.337207 0.000112 0.035719 -0.680498 -0.405046 -0.587173 0.167595
2.344989 0.337207 0.000112 0.035719 -0.676007 -0.412497 -0.585297 0.174036
2.348007 0.337096 0.000112 0.035719 -0.674624 -0.420049 -0.584062 0.165267
2.351025 0.337096 0.000112 0.035719 -0.674624 -0.420049 -0.584062 0.165267
2.354043 0.337096 0.000112 0.035607 -0.671063 -0.433980 -0.578361 0.163810
2.357061 0.336984 0.000112 0.035607 -0.668084 -0.434966 -0.581340 0.162824
2.360079 0.336984 0.000112 0.035607 -0.664048 -0.448834 -0.575843 0.161224
2.363097 0.336872 0.000112 0.035496 -0.659708 -0.462610 -0.570382 0.159504
2.366115 0.336872 0.000112 0.035496 -0.661884 -0.462808 -0.571777 0.144185
2.369133 0.336872 0.000112 0.035384 -0.656760 -0.470052 -0.570159 0.150458
2.372151 0.336761 0.000112 0.035384 -0.658596 -0.470239 -0.571726 0.135111
2.375169 0.336761 0.000112 0.035272 -0.654888 -0.477616 -0.571948 0.126019
2.378187 0.336761 0.000112 0.035272 -0.654792 -0.484021 -0.568409 0.117825
2.381205 0.336649 0.000112 0.035161 -0.650759 -0.484926 -0.572442 0.116920
2.384223 0.336649 0.000000 0.035161 -0.651579 -0.485028 -0.574357 0.101524
2.387241 0.336649 0.000000 0.035161 -0.647356 -0.485830 -0.578580 0.100722
2.390259 0.336538 0.000000 0.035049 -0.643117 -0.486539 -0.582819 0.100013
2.393277 0.336538 0.000000 0.035049 -0.644177 -0.480106 -0.588129 0.092942
2.396295 0.336426 0.000000 0.035049 -0.639917 -0.480675 -0.592388 0.092373
2.399313 0.336426 0.000000 0.035049 -0.640894 -0.474138 -0.597633 0.085337
2.402331 0.336314 0.000000 0.035049 -0.637875 -0.467987 -0.604494 0.093224
2.405349 0.336314 -0.000112 0.035049 -0.638860 -0.461318 -0.609599 0.086211
2.408367 0.336203 -0.000112 0.035049 -0.636172 -0.454919 -0.615997 0.094236
2.411385 0.336091 -0.000112 0.035049 -0.632208 -0.455097 -0.619962 0.094058
2.414403 0.335979 -0.000112 0.035161 -0.628768 -0.455296 -0.620834 0.109183
2.417421 0.335868 -0.000112 0.035161 -0.619925 -0.462180 -0.623401 0.115993
2.420439 0.335756 -0.000112 0.035161 -0.616647 -0.462225 -0.623608 0.131179
2.423457 0.335645 -0.000223 0.035161 -0.606342 -0.475661 -0.620576 0.144848
2.426475 0.335533 -0.000223 0.035161 -0.597450 -0.482058 -0.622577 0.151893
2.429493 0.335421 -0.000223 0.035161 -0.584861 -0.501839 -0.613613 0.171971
2.432511 0.335310 -0.000223 0.035049 -0.559685 -0.533544 -0.604870 0.190302
2.435529 0.335087 -0.000112 0.035049 -0.538957 -0.558039 -0.597882 0.201630
2.438547 0.334975 -0.000112 0.035049 -0.508302 -0.593746 -0.581873 0.224762
2.441565 0.334863 -0.000112 0.034937 -0.471460 -0.626643 -0.568904 0.247773
2.444583 0.334640 -0.000112 0.034937 -0.428599 -0.662717 -0.555682 0.261393
2.447601 0.334528 -0.000112 0.034826 -0.387323 -0.690472 -0.541487 0.282880
2.450619 0.334417 0.000000 0.034826 -0.335004 -0.718282 -0.532534 0.297072
2.453637 0.334417 0.000000 0.034714 -0.276747 -0.747358 -0.515719 0.314485
2.456655 0.334305 0.000000 0.034714 -0.216048 -0.771474 -0.498669 0.330879
2.459673 0.334082 0.000112 0.034714 -0.162949 -0.781970 -0.487268 0.352903
2.462691 0.333970 0.000112 0.034714 -0.113796 -0.792534 -0.470444 0.370975
2.465709 0.333970 0.000112 0.034714 -0.068246 -0.794930 -0.461802 0.387515
2.468727 0.333859 0.000112 0.034714 -0.031333 -0.794144 -0.457076 0.399294
2.471745 0.333859 0.000112 0.034826 0.014236 -0.791259 -0.447563 0.416405
2.474763 0.333859 0.000112 0.034826 0.055610 -0.790899 -0.433507 0.428321
2.477781 0.333747 0.000112 0.034826 0.083503 -0.784645 -0.432661 0.436077
2.480799 0.333747 0.000000 0.034937 0.107448 -0.783040 -0.427946 0.438367
2.483817 0.333635 0.000000 0.034937 0.133194 -0.779074 -0.413268 0.452231
2.486835 0.333635 0.000000 0.034937 0.157000 -0.775915 -0.408537 0.454318
2.489853 0.333635 -0.000112 0.035049 0.167240 -0.769393 -0.417330 0.453763
2.492871 0.333635 -0.000223 0.035049 0.190849 -0.765021 -0.412688 0.456080
2.495889 0.333524 -0.000223 0.035049 0.205958 -0.762200 -0.413104 0.453847
2.498907 0.333524 -0.000335 0.035049 0.207725 -0.756786 -0.426847 0.449363
2.501925 0.333524 -0.000446 0.035049 0.222756 -0.753464 -0.427300 0.447310
2.504943 0.333524 -0.000446 0.035049 0.232804 -0.745067 -0.436011 0.447853
2.507961 0.333524 -0.000558 0.035049 0.241459 -0.737407 -0.454832 0.437100
2.510979 0.333524 -0.000670 0.035049 0.248210 -0.735861 -0.460081 0.430378
2.513997 0.333524 -0.000670 0.035049 0.258256 -0.726277 -0.468600 0.431554
2.517015 0.333524 -0.000781 0.035049 0.267104 -0.717177 -0.486835 0.421074
2.520033 0.333524 -0.000781 0.034937 0.281698 -0.712041 -0.487308 0.419731
2.523051 0.333524 -0.000781 0.034937 0.291561 -0.701184 -0.495543 0.421628
2.526069 0.333524 -0.000893 0.034937 0.300441 -0.690586 -0.513215 0.411627
2.529087 0.333524 -0.000893 0.034937 0.314690 -0.684489 -0.513641 0.410631
2.532105 0.333524 -0.000893 0.034937 0.324281 -0.672392 -0.521507 0.413232
2.535123 0.333412 -0.000893 0.034937 0.330926 -0.669346 -0.526402 0.406651
2.538141 0.333412 -0.001005 0.034937 0.333708 -0.659896 -0.529185 0.416101
2.541159 0.333412 -0.001005 0.034937 0.347542 -0.652865 -0.529521 0.415438
2.544177 0.333412 -0.001005 0.034937 0.354694 -0.649007 -0.524925 0.421231
2.547195 0.333412 -0.001005 0.035049 0.368289 -0.641524 -0.525283 0.420580
2.550213 0.333412 -0.001005 0.035049 0.382295 -0.633277 -0.515916 0.432020
2.553231 0.333301 -0.001005 0.035049 0.384398 -0.623386 -0.518019 0.441911
2.556249 0.333301 -0.001005 0.035049 0.391223 -0.619125 -0.513133 0.447575
2.559267 0.333189 -0.001005 0.035161 0.398001 -0.614790 -0.508184 0.453186
2.562285 0.333189 -0.001005 0.035161 0.403508 -0.619838 -0.491011 0.460315
2.565303 0.333189 -0.000893 0.035272 0.410293 -0.615368 -0.485925 0.465681
2.568321 0.333077 -0.000893 0.035272 0.423714 -0.606205 -0.475576 0.476245
2.571339 0.333077 -0.000893 0.035272 0.435612 -0.606644 -0.463678 0.476684
2.574357 0.333077 -0.000893 0.035384 0.453400 -0.602645 -0.457619 0.470991
2.577375 0.332966 -0.000893 0.035384 0.466531 -0.592538 -0.447160 0.480931
2.580393 0.332966 -0.000893 0.035384 0.478322 -0.592196 -0.435370 0.480589
2.583411 0.332966 -0.000893 0.035384 0.490101 -0.591594 -0.423590 0.479988
2.586429 0.332854 -0.000893 0.035496 0.496571 -0.586174 -0.418292 0.484612
2.589447 0.332854 -0.000893 0.035496 0.513676 -0.580767 -0.412854 0.477910
2.592465 0.332854 -0.000893 0.035496 0.535613 -0.579499 -0.401273 0.465059
2.595483 0.332854 -0.000893 0.035384 0.552007 -0.573437 -0.396308 0.457601
2.598501 0.332854 -0.001005 0.035384 0.568068 -0.567092 -0.391560 0.449874
2.601519 0.332742 -0.001005 0.035384 0.583789 -0.560472 -0.387037 0.441887
2.604538 0.332742 -0.001005 0.035384 0.593042 -0.560138 -0.387488 0.429418
2.607556 0.332742 -0.001116 0.035384 0.603888 -0.557760 -0.376642 0.427041
2.610574 0.332631 -0.001116 0.035384 0.618807 -0.550579 -0.372670 0.418400
2.613592 0.332631 -0.001116 0.035272 0.631769 -0.554151 -0.367357 0.398539
2.616610 0.332519 -0.001116 0.035272 0.645928 -0.546615 -0.363871 0.389342
2.619628 0.332519 -0.001228 0.035161 0.653745 -0.546074 -0.364797 0.375957
2.622646 0.332519 -0.001228 0.035161 0.667219 -0.538256 -0.361731 0.366401
2.625664 0.332408 -0.001228 0.035161 0.675108 -0.546074 -0.349818 0.351653
2.628682 0.332296 -0.001228 0.035161 0.687972 -0.537993 -0.347198 0.341629
2.631700 0.332296 -0.001228 0.035049 0.697594 -0.534144 -0.337576 0.337780
2.634718 0.332184 -0.001228 0.035049 0.713406 -0.529371 -0.329642 0.319616
2.637736 0.332184 -0.001228 0.034937 0.722686 -0.525053 -0.320362 0.315297
2.640754 0.332073 -0.001116 0.034937 0.739831 -0.508197 -0.315452 0.308018
2.643772 0.332073 -0.001116 0.034937 0.748747 -0.503437 -0.306536 0.303257
2.646790 0.332073 -0.001116 0.034826 0.762986 -0.490129 -0.294433 0.301555
2.649808 0.332073 -0.001005 0.034826 0.778673 -0.472208 -0.290658 0.293608
2.652826 0.332073 -0.001005 0.034826 0.787027 -0.466754 -0.282304 0.288154
2.655844 0.331961 -0.001005 0.034826 0.797092 -0.449350 -0.275905 0.294287
2.658862 0.331961 -0.000893 0.034826 0.810023 -0.434662 -0.264613 0.291397
2.661880 0.332073 -0.000893 0.034714 0.819377 -0.416760 -0.258147 0.297140
2.664898 0.332073 -0.000893 0.034714 0.827100 -0.402791 -0.242790 0.307763
2.667916 0.332073 -0.000893 0.034714 0.832261 -0.381906 -0.240179 0.322186
2.670934 0.332073 -0.000893 0.034826 0.836406 -0.372740 -0.236625 0.324805
2.673952 0.332073 -0.000893 0.034826 0.839510 -0.356082 -0.224348 0.343652
2.676970 0.332073 -0.000893 0.034826 0.847131 -0.337552 -0.216743 0.348498
2.679988 0.332073 -0.000893 0.034826 0.845670 -0.330315 -0.207412 0.364300
2.683006 0.332184 -0.000893 0.034826 0.845170 -0.318750 -0.206912 0.375865
2.686024 0.332184 -0.000893 0.034826 0.850759 -0.304655 -0.189416 0.384077
2.689042 0.332184 -0.000893 0.034826 0.849761 -0.293238 -0.188418 0.395495
2.692060 0.332184 -0.000893 0.034937 0.850321 -0.277266 -0.173463 0.412298
2.695078 0.332184 -0.000893 0.034937 0.853315 -0.267907 -0.168923 0.414179
2.698096 0.332184 -0.001005 0.034937 0.856207 -0.258516 -0.164363 0.416009
2.701114 0.332073 -0.001005 0.034937 0.861680 -0.239642 -0.155183 0.419520
2.704132 0.332073 -0.001005 0.034937 0.866737 -0.220653 -0.145928 0.422828
2.707150 0.332073 -0.001005 0.034937 0.868136 -0.215932 -0.131800 0.427015
2.710168 0.332073 -0.000893 0.034937 0.877340 -0.198138 -0.120216 0.420194
2.713186 0.331961 -0.000893 0.034937 0.881482 -0.178815 -0.110955 0.422734
2.716204 0.331961 -0.000893 0.035049 0.889814 -0.160512 -0.099883 0.415320
2.719222 0.331961 -0.000893 0.035049 0.894620 -0.131102 -0.086143 0.418385
2.722240 0.331961 -0.000781 0.035049 0.901847 -0.112253 -0.075701 0.410294
2.725258 0.331850 -0.000781 0.035049 0.909534 -0.083152 -0.061230 0.402598
2.728276 0.331850 -0.000781 0.035049 0.915523 -0.063720 -0.051673 0.393812
2.731294 0.331850 -0.000781 0.035049 0.916702 -0.043590 -0.043008 0.394852
2.734312 0.331850 -0.000670 0.035049 0.921936 -0.013686 -0.029824 0.385949
2.737330 0.331850 -0.000670 0.035049 0.926205 0.006338 -0.021408 0.376359
2.740348 0.331850 -0.000670 0.035049 0.929577 0.036755 -0.009399 0.366670
2.743366 0.331850 -0.000670 0.035049 0.932519 0.057151 -0.001969 0.356564
2.746384 0.331850 -0.000670 0.035049 0.934899 0.077686 0.005013 0.346272
2.749402 0.331850 -0.000781 0.035049 0.936712 0.098340 0.011540 0.335807
2.752420 0.331738 -0.000781 0.035049 0.939206 0.108786 0.014034 0.325362
2.755438 0.331738 -0.000893 0.035049 0.941470 0.119284 0.016298 0.314864
2.758456 0.331738 -0.000893 0.035049 0.943503 0.129829 0.018331 0.304319
2.761474 0.331738 -0.001005 0.035049 0.945304 0.140416 0.020132 0.293731
2.764492 0.331738 -0.001005 0.035049 0.947516 0.147992 0.032121 0.281567
2.767510 0.331738 -0.001116 0.035049 0.948865 0.158769 0.033471 0.270790
2.770528 0.331626 -0.001228 0.035049 0.951783 0.159128 0.031724 0.260349
2.773546 0.331626 -0.001228 0.035049 0.953313 0.167234 0.043194 0.247711
2.776564 0.331515 -0.001339 0.035049 0.955977 0.167698 0.041354 0.237223
2.779582 0.331515 -0.001451 0.035049 0.958526 0.168142 0.039509 0.226707
2.782600 0.331403 -0.001451 0.035161 0.959436 0.176733 0.050566 0.213756
2.785618 0.331403 -0.001563 0.035161 0.959436 0.176733 0.050566 0.213756
2.788636 0.331403 -0.001563 0.035161 0.959995 0.185550 0.061382 0.200532
2.791654 0.331291 -0.001674 0.035161 0.957898 0.196086 0.063581 0.199846
2.794672 0.331291 -0.001786 0.035272 0.958082 0.193783 0.074080 0.197582
2.797690 0.331291 -0.001786 0.035272 0.955896 0.204297 0.076247 0.196756
2.800708 0.331180 -0.001898 0.035272 0.953713 0.212462 0.088841 0.193389
2.803726 0.331180 -0.001898 0.035272 0.949209 0.219450 0.103776 0.200186
2.806744 0.331180 -0.001898 0.035384 0.946741 0.229864 0.105969 0.199034
2.809762 0.331180 -0.002009 0.035384 0.941959 0.236445 0.121052 0.205313
2.812780 0.331180 -0.002009 0.035496 0.939251 0.244146 0.133523 0.200928
2.815798 0.331180 -0.002009 0.035496 0.934162 0.250167 0.148652 0.206545
2.818816 0.331180 -0.002121 0.035607 0.926035 0.266012 0.166138 0.209988
2.821834 0.331180 -0.002121 0.035607 0.918144 0.269229 0.184356 0.224813
2.824852 0.331068 -0.002121 0.035607 0.909412 0.283922 0.202172 0.226903
2.827870 0.331068 -0.002232 0.035719 0.900771 0.282163 0.230257 0.236598
2.830888 0.331068 -0.002232 0.035719 0.891564 0.295537 0.248128 0.237075
2.833906 0.330957 -0.002232 0.035830 0.879209 0.301398 0.278535 0.242011
2.836924 0.330957 -0.002232 0.035830 0.863385 0.319568 0.302448 0.246916
2.839942 0.330845 -0.002232 0.035830 0.850587 0.322574 0.332447 0.248850
2.842960 0.330733 -0.002232 0.035942 0.834142 0.338097 0.356390 0.250766
2.845978 0.330622 -0.002232 0.035942 0.813437 0.361281 0.383111 0.247029
2.848996 0.330510 -0.002232 0.035942 0.792102 0.382749 0.409704 0.241287
2.852014 0.330398 -0.002121 0.035942 0.770278 0.402500 0.436021 0.233562
2.855032 0.330175 -0.002121 0.035942 0.746824 0.428335 0.466122 0.203746
2.858050 0.330064 -0.002009 0.035942 0.718099 0.458108 0.486788 0.193670
2.861068 0.329952 -0.001898 0.035942 0.682656 0.493341 0.509450 0.176226
2.864086 0.329840 -0.001786 0.035942 0.651131 0.518560 0.529879 0.162334
2.867104 0.329729 -0.001674 0.035830 0.603473 0.560462 0.548984 0.142547
2.870122 0.329617 -0.001674 0.035830 0.566987 0.591825 0.558770 0.126671
2.873140 0.329617 -0.001674 0.035719 0.528579 0.620796 0.568434 0.109999
2.876158 0.329617 -0.001674 0.035719 0.487363 0.640857 0.584982 0.097852
2.879176 0.329617 -0.001674 0.035719 0.444912 0.657988 0.601717 0.083913
2.882194 0.329617 -0.001674 0.035607 0.409605 0.674381 0.610308 0.070410
2.885212 0.329617 -0.001674 0.035607 0.367772 0.692598 0.617153 0.064610
2.888230 0.329617 -0.001786 0.035496 0.338309 0.701022 0.625243 0.056455
2.891248 0.329617 -0.001898 0.035496 0.310016 0.707918 0.631483 0.063020
2.894266 0.329617 -0.002009 0.035496 0.293831 0.707564 0.640527 0.052361
2.897284 0.329617 -0.002232 0.035496 0.271244 0.709655 0.648348 0.049617
2.900302 0.329505 -0.002344 0.035496 0.262948 0.705420 0.656644 0.045383
2.903320 0.329505 -0.002567 0.035496 0.247942 0.703689 0.664028 0.049122
2.906338 0.329505 -0.002679 0.035496 0.233331 0.708894 0.663722 0.049982
2.909356 0.329394 -0.002791 0.035607 0.217700 0.713850 0.664660 0.035388
2.912374 0.329394 -0.002902 0.035607 0.194971 0.720594 0.664750 0.028959
2.915392 0.329282 -0.003014 0.035607 0.172031 0.726595 0.664798 0.022538
2.918410 0.329171 -0.003125 0.035607 0.156104 0.737463 0.657071 0.006212
2.921428 0.329059 -0.003237 0.035719 0.132801 0.742204 0.656884 0.000055
2.924446 0.328947 -0.003349 0.035719 0.101150 0.747343 0.656559 -0.013307
2.927464 0.328836 -0.003349 0.035719 0.069303 0.751110 0.655988 -0.026652
2.930482 0.328724 -0.003349 0.035830 0.028520 0.761010 0.646370 -0.047489
2.933500 0.328612 -0.003349 0.035830 -0.012800 0.768597 0.636047 -0.067373
2.936518 0.328501 -0.003237 0.035830 -0.068997 0.765772 0.633664 -0.085454
2.939536 0.328389 -0.003125 0.035830 -0.109535 0.761075 0.630689 -0.104877
2.942554 0.328278 -0.003125 0.035942 -0.159470 0.759343 0.617445 -0.129342
2.945572 0.328166 -0.003125 0.035942 -0.197737 0.743055 0.621444 -0.150256
2.948590 0.328054 -0.003014 0.035942 -0.236869 0.731476 0.616584 -0.169296
2.951608 0.328054 -0.003014 0.036054 -0.273235 0.711053 0.619022 -0.191203
2.954626 0.327943 -0.002902 0.036054 -0.310685 0.695407 0.612891 -0.210351
2.957644 0.327943 -0.002902 0.036054 -0.337300 0.674814 0.616129 -0.226362
2.960662 0.327943 -0.002902 0.036165 -0.356624 0.656609 0.615586 -0.250475
2.963680 0.327831 -0.002791 0.036165 -0.388321 0.629713 0.614428 -0.274128
2.966698 0.327831 -0.002791 0.036165 -0.398879 0.614310 0.615043 -0.291961
2.969716 0.327831 -0.002791 0.036165 -0.415452 0.594148 0.611652 -0.316653
2.972734 0.327720 -0.002791 0.036277 -0.424755 0.578200 0.610936 -0.334702
2.975752 0.327720 -0.002791 0.036277 -0.433506 0.562064 0.609647 -0.352827
2.978770 0.327720 -0.002902 0.036277 -0.441701 0.545760 0.607780 -0.371012
2.981788 0.327720 -0.002902 0.036277 -0.449336 0.529305 0.605334 -0.389236
2.984806 0.327720 -0.002902 0.036388 -0.466767 0.514054 0.600835 -0.396073
2.987824 0.327608 -0.002902 0.036388 -0.473425 0.497141 0.597485 -0.414404
2.990842 0.327608 -0.002902 0.036388 -0.489917 0.481006 0.592580 -0.421265
2.993860 0.327608 -0.002902 0.036277 -0.505865 0.464333 0.587588 -0.428061
2.996878 0.327496 -0.002902 0.036277 -0.515945 0.453106 0.578041 -0.440868
2.999896 0.327496 -0.002902 0.036277 -0.526133 0.441385 0.577700 -0.441164
3.002914 0.327385 -0.002902 0.036277 -0.540747 0.423528 0.572468 -0.447769
3.005932 0.327385 -0.003014 0.036277 -0.555119 0.404919 0.576640 -0.442007
3.008950 0.327385 -0.003014 0.036165 -0.573081 0.379582 0.575903 -0.442530
3.011968 0.327273 -0.003014 0.036054 -0.594744 0.359777 0.571225 -0.436512
3.014986 0.327273 -0.003125 0.036054 -0.606722 0.339639 0.575504 -0.430499
3.018004 0.327161 -0.003125 0.035942 -0.625122 0.305300 0.579457 -0.424551
3.021022 0.327161 -0.003237 0.035830 -0.641614 0.270011 0.583324 -0.418520
3.024040 0.327050 -0.003237 0.035719 -0.648670 0.234812 0.585418 -0.425883
3.027058 0.326938 -0.003349 0.035607 -0.659087 0.205553 0.584567 -0.426186
3.030076 0.326938 -0.003349 0.035607 -0.665813 0.161783 0.589731 -0.427477
3.033094 0.326938 -0.003349 0.035496 -0.675206 0.123893 0.592580 -0.421422
3.036112 0.326827 -0.003460 0.035384 -0.678741 0.071562 0.591564 -0.429233
3.039130 0.326827 -0.003460 0.035272 -0.677767 0.034279 0.590403 -0.436899
3.042148 0.326715 -0.003460 0.035272 -0.674418 -0.002461 0.579708 -0.457267
3.045166 0.326715 -0.003460 0.035272 -0.669360 -0.039012 0.567994 -0.477303
3.048184 0.326603 -0.003572 0.035272 -0.657959 -0.074164 0.559918 -0.498077
3.051202 0.326603 -0.003572 0.035272 -0.649447 -0.101767 0.542115 -0.523424
3.054220 0.326603 -0.003572 0.035272 -0.639758 -0.128869 0.523188 -0.548066
3.057238 0.326603 -0.003572 0.035272 -0.635164 -0.149881 0.504844 -0.565009
3.060256 0.326492 -0.003572 0.035384 -0.623455 -0.176058 0.484046 -0.588223
3.063274 0.326492 -0.003572 0.035496 -0.617315 -0.196507 0.464399 -0.603854
3.066292 0.326492 -0.003572 0.035496 -0.613671 -0.201686 0.446354 -0.619273
3.069310 0.326492 -0.003572 0.035607 -0.607715 -0.213466 0.420813 -0.638773
3.072328 0.326492 -0.003572 0.035719 -0.601576 -0.225054 0.394429 -0.657178
3.075346 0.326380 -0.003572 0.035830 -0.597822 -0.229894 0.374637 -0.670376
3.078364 0.326380 -0.003572 0.035830 -0.589922 -0.249469 0.352343 -0.682358
3.081382 0.326380 -0.003572 0.035942 -0.584298 -0.262370 0.337266 -0.689934
3.084400 0.326268 -0.003572 0.035942 -0.575335 -0.281482 0.314347 -0.700673
3.087418 0.326268 -0.003684 0.035942 -0.574464 -0.298816 0.307919 -0.697055
3.090436 0.326157 -0.003684 0.036054 -0.567760 -0.311365 0.292530 -0.703652
3.093454 0.326157 -0.003684 0.036054 -0.560782 -0.323764 0.276999 -0.709910
3.096472 0.326157 -0.003684 0.036054 -0.550656 -0.343860 0.267388 -0.712069
3.099490 0.326045 -0.003684 0.035942 -0.539853 -0.363621 0.257782 -0.714064
3.102508 0.326045 -0.003684 0.035942 -0.528384 -0.383024 0.248185 -0.715896
3.105526 0.325934 -0.003684 0.035942 -0.520649 -0.396352 0.246471 -0.714900
3.108544 0.325822 -0.003795 0.035942 -0.508093 -0.415113 0.236921 -0.716514
3.111562 0.325822 -0.003795 0.035942 -0.495712 -0.435269 0.241463 -0.711692
3.114580 0.325710 -0.003907 0.035830 -0.481887 -0.453188 0.232022 -0.713142
3.117598 0.325710 -0.003907 0.035830 -0.467459 -0.470649 0.222604 -0.714436
3.120616 0.325599 -0.004018 0.035830 -0.452443 -0.487634 0.213214 -0.715575
3.123634 0.325599 -0.004018 0.035719 -0.442367 -0.499294 0.211714 -0.714279
3.126652 0.325599 -0.004130 0.035719 -0.431291 -0.508892 0.195969 -0.718758
3.129670 0.325487 -0.004242 0.035719 -0.422852 -0.522606 0.192388 -0.714889
3.132688 0.325487 -0.004242 0.035719 -0.411268 -0.531771 0.176634 -0.718943
3.135706 0.325487 -0.004353 0.035719 -0.407401 -0.538879 0.166726 -0.718218
3.138724 0.325487 -0.004465 0.035719 -0.383800 -0.557832 0.149828 -0.720467
3.141742 0.325375 -0.004576 0.035719 -0.379378 -0.564624 0.140174 -0.719460
3.144760 0.325375 -0.004576 0.035719 -0.360566 -0.576819 0.116390 -0.723689
3.147778 0.325375 -0.004800 0.035719 -0.355761 -0.583463 0.106878 -0.722206
3.150796 0.325487 -0.004800 0.035830 -0.342612 -0.589858 0.075777 -0.727284
3.153814 0.325487 -0.004911 0.035830 -0.322814 -0.599536 0.036427 -0.731451
3.156832 0.325487 -0.005023 0.035830 -0.302882 -0.609848 0.012303 -0.732255
3.159850 0.325487 -0.005023 0.035830 -0.275799 -0.622565 -0.019877 -0.732088
3.162868 0.325487 -0.005135 0.035942 -0.255131 -0.630011 -0.059473 -0.731066
3.165886 0.325487 -0.005135 0.035942 -0.219199 -0.639567 -0.098565 -0.730199
3.168904 0.325487 -0.005135 0.035942 -0.191049 -0.647114 -0.145925 -0.723498
3.171922 0.325375 -0.005135 0.035942 -0.154840 -0.651273 -0.199968 -0.715458
3.174940 0.325375 -0.005135 0.036054 -0.118746 -0.653106 -0.253404 -0.703661
3.177958 0.325375 -0.005023 0.036054 -0.082709 -0.658640 -0.291656 -0.688687
3.180976 0.325264 -0.005023 0.036054 -0.031804 -0.658922 -0.343646 -0.668369
3.183994 0.325152 -0.004911 0.036054 0.011546 -0.655462 -0.387048 -0.648406
3.187012 0.325152 -0.004911 0.036054 0.054696 -0.653278 -0.428918 -0.621503
3.190030 0.325041 -0.004800 0.036054 0.083343 -0.650244 -0.455807 -0.602060
3.193048 0.324929 -0.004800 0.036054 0.125240 -0.639286 -0.495229 -0.574785
3.196066 0.324929 -0.004800 0.036054 0.153204 -0.633166 -0.520001 -0.552474
3.199084 0.324817 -0.004800 0.036054 0.187736 -0.623800 -0.549550 -0.523090
3.202102 0.324706 -0.004688 0.036054 0.210894 -0.622810 -0.553673 -0.510957
3.205120 0.324594 -0.004800 0.035942 0.239510 -0.614526 -0.564276 -0.496573
3.208138 0.324594 -0.004800 0.035942 0.255727 -0.614081 -0.562427 -0.491105
3.211156 0.324483 -0.004911 0.035942 0.270518 -0.609757 -0.561870 -0.489202
3.214174 0.324483 -0.005023 0.035942 0.279839 -0.611238 -0.554591 -0.490416
3.217192 0.324483 -0.005135 0.035830 0.286537 -0.608127 -0.559945 -0.484294
3.220210 0.324483 -0.005246 0.035830 0.289058 -0.612311 -0.547312 -0.491905
3.223228 0.324371 -0.005358 0.035830 0.295767 -0.609098 -0.552683 -0.485862
3.226246 0.324371 -0.005469 0.035719 0.303569 -0.607008 -0.546748 -0.490361
3.229264 0.324371 -0.005469 0.035719 0.310219 -0.603636 -0.552102 -0.484325
3.232282 0.324371 -0.005581 0.035719 0.317960 -0.601388 -0.546150 -0.488830
3.235300 0.324259 -0.005693 0.035719 0.312570 -0.607351 -0.539510 -0.492294
3.238318 0.324259 -0.005693 0.035719 0.317960 -0.601388 -0.546150 -0.488830
3.241336 0.324259 -0.005804 0.035607 0.324548 -0.597858 -0.551487 -0.482801
3.244354 0.324259 -0.005804 0.035607 0.323407 -0.596675 -0.562610 -0.472078
3.247372 0.324259 -0.005804 0.035607 0.328574 -0.590458 -0.569131 -0.468496
3.250390 0.324148 -0.005804 0.035607 0.335041 -0.586813 -0.574244 -0.462216
3.253408 0.324148 -0.005804 0.035607 0.346455 -0.576697 -0.585658 -0.452100
3.256426 0.324148 -0.005804 0.035607 0.352770 -0.572856 -0.590589 -0.445639
3.259444 0.324036 -0.005804 0.035607 0.363844 -0.562370 -0.601664 -0.435153
3.262462 0.324036 -0.005804 0.035607 0.362252 -0.560923 -0.612014 -0.423767
3.265480 0.324036 -0.005804 0.035607 0.378973 -0.545970 -0.627213 -0.406079
3.268498 0.323924 -0.005804 0.035496 0.381497 -0.537455 -0.642980 -0.390101
3.271516 0.323924 -0.005804 0.035496 0.397319 -0.521755 -0.657167 -0.371537
3.274534 0.323813 -0.005804 0.035496 0.403027 -0.517359 -0.661210 -0.364295
3.277552 0.323813 -0.005804 0.035496 0.418113 -0.500998 -0.674599 -0.345107
3.280570 0.323701 -0.005804 0.035496 0.421270 -0.494765 -0.687050 -0.325117
3.283588 0.323701 -0.005804 0.035496 0.432884 -0.476141 -0.707442 -0.292278
3.286606 0.323590 -0.005804 0.035496 0.443241 -0.466515 -0.713693 -0.276664
3.289624 0.323478 -0.005916 0.035496 0.453443 -0.447226 -0.731813 -0.242542
3.292642 0.323366 -0.005916 0.035496 0.462626 -0.427579 -0.748354 -0.207652
3.295660 0.323366 -0.005916 0.035496 0.468854 -0.415991 -0.758760 -0.177230
3.298678 0.323255 -0.005916 0.035496 0.488226 -0.386555 -0.770106 -0.138371
3.301696 0.323143 -0.006028 0.035496 0.502355 -0.355116 -0.783840 -0.084422
3.304714 0.323031 -0.006028 0.035607 0.513909 -0.331862 -0.790270 -0.035212
3.307732 0.323031 -0.006028 0.035607 0.513709 -0.310432 -0.799642 0.017527
3.310750 0.322920 -0.006028 0.035607 0.522270 -0.278378 -0.802719 0.073364
3.313768 0.322808 -0.006028 0.035607 0.535445 -0.240507 -0.800171 0.123216
3.316786 0.322808 -0.006139 0.035607 0.541885 -0.199256 -0.798556 0.170196
3.319804 0.322697 -0.006139 0.035607 0.549626 -0.160536 -0.789818 0.219835
3.322822 0.322697 -0.006028 0.035607 0.554689 -0.121578 -0.777940 0.268977
3.325840 0.322697 -0.006028 0.035719 0.551237 -0.089539 -0.763843 0.323519
3.328858 0.322585 -0.006028 0.035607 0.551279 -0.050952 -0.745533 0.371048
3.331876 0.322585 -0.006028 0.035607 0.543987 -0.010672 -0.728923 0.415494
3.334894 0.322473 -0.006028 0.035607 0.544320 0.022785 -0.714293 0.439298
3.337912 0.322473 -0.006028 0.035607 0.538158 0.048391 -0.698939 0.468538
3.340930 0.322362 -0.006139 0.035607 0.536272 0.066099 -0.683120 0.491316
3.343948 0.322362 -0.006028 0.035607 0.532547 0.099185 -0.665508 0.513475
3.346967 0.322250 -0.006028 0.035607 0.523078 0.123794 -0.646905 0.540905
3.349985 0.322250 -0.006028 0.035607 0.518715 0.140964 -0.628729 0.561929
3.353003 0.322138 -0.006028 0.035607 0.507359 0.164671 -0.608098 0.587952
3.356021 0.322138 -0.006028 0.035607 0.509088 0.178792 -0.601900 0.588710
3.359039 0.322027 -0.006028 0.035607 0.498395 0.196392 -0.586698 0.607305
3.362057 0.322027 -0.006139 0.035607 0.496207 0.201855 -0.579990 0.613714
3.365075 0.321915 -0.006139 0.035607 0.493959 0.207294 -0.573213 0.620048
3.368093 0.321915 -0.006139 0.035607 0.491652 0.212709 -0.566366 0.626308
3.371111 0.321915 -0.006139 0.035607 0.493847 0.217376 -0.554891 0.633214
3.374129 0.321915 -0.006139 0.035607 0.491429 0.222789 -0.547901 0.639271
3.377147 0.321804 -0.006139 0.035607 0.488951 0.228174 -0.540845 0.645252
3.380165 0.321804 -0.006251 0.035607 0.486415 0.233532 -0.533723 0.651155
3.383183 0.321804 -0.006251 0.035607 0.483820 0.238862 -0.526537 0.656979
3.386201 0.321804 -0.006251 0.035607 0.478755 0.235211 -0.518219 0.668520
3.389219 0.321804 -0.006362 0.035607 0.478755 0.235211 -0.518219 0.668520
3.392237 0.321804 -0.006362 0.035607 0.476142 0.240456 -0.510843 0.674173
3.395255 0.321804 -0.006474 0.035607 0.473471 0.245672 -0.503406 0.679745
3.398273 0.321804 -0.006474 0.035607 0.472860 0.259886 -0.497167 0.679476
3.401291 0.321692 -0.006586 0.035496 0.469976 0.265065 -0.489672 0.684897
3.404309 0.321692 -0.006586 0.035496 0.467036 0.270212 -0.482118 0.690235
3.407327 0.321580 -0.006697 0.035496 0.462648 0.289485 -0.468292 0.694880
3.410345 0.321580 -0.006697 0.035496 0.451722 0.299593 -0.457366 0.704988
3.413363 0.321469 -0.006809 0.035384 0.449874 0.313629 -0.451020 0.704153
3.416381 0.321469 -0.006921 0.035384 0.442875 0.323438 -0.435440 0.713892
3.419399 0.321357 -0.006921 0.035384 0.432555 0.342073 -0.425405 0.717574
3.422417 0.321246 -0.007032 0.035384 0.425865 0.360588 -0.411082 0.720852
3.425435 0.321134 -0.007032 0.035384 0.417840 0.369857 -0.395145 0.729710
3.428453 0.320911 -0.007144 0.035384 0.409613 0.378948 -0.379017 0.738215
3.431471 0.320799 -0.007255 0.035384 0.401468 0.396945 -0.364593 0.740493
3.434489 0.320687 -0.007255 0.035496 0.392650 0.405669 -0.348235 0.748325
3.437507 0.320576 -0.007367 0.035496 0.391923 0.410529 -0.336240 0.751535
3.440525 0.320576 -0.007479 0.035607 0.396007 0.402143 -0.330096 0.756635
3.443543 0.320464 -0.007590 0.035719 0.395443 0.407279 -0.317886 0.759406
3.446561 0.320353 -0.007590 0.035830 0.404019 0.400180 -0.307200 0.763055
3.449579 0.320353 -0.007702 0.035942 0.403561 0.405745 -0.294837 0.765232
3.452597 0.320241 -0.007702 0.036054 0.417167 0.394885 -0.291857 0.764759
3.455615 0.320241 -0.007813 0.036165 0.416836 0.400910 -0.279406 0.766454
3.458633 0.320241 -0.007813 0.036277 0.416388 0.407063 -0.266987 0.767879
3.461651 0.320129 -0.007925 0.036277 0.417817 0.404649 -0.250452 0.773926
3.464669 0.320129 -0.007925 0.036388 0.417362 0.411142 -0.237919 0.774704
3.467687 0.320129 -0.007925 0.036388 0.416770 0.417761 -0.225444 0.775212
3.470705 0.320129 -0.007925 0.036500 0.416035 0.424503 -0.213034 0.775454
3.473723 0.320129 -0.008037 0.036500 0.415152 0.431362 -0.200696 0.775433
3.476741 0.320018 -0.008037 0.036612 0.414115 0.438335 -0.188437 0.775153
3.479759 0.320018 -0.008037 0.036612 0.399446 0.451744 -0.162791 0.780942
3.482777 0.320018 -0.008037 0.036612 0.389424 0.460411 -0.145594 0.784330
3.485795 0.319906 -0.008037 0.036723 0.374041 0.472993 -0.119669 0.788702
3.488813 0.319906 -0.008037 0.036723 0.363558 0.481097 -0.102312 0.791140
3.491831 0.319794 -0.008037 0.036723 0.356210 0.491950 -0.081595 0.790217
3.494849 0.319794 -0.008037 0.036835 0.345316 0.499657 -0.064214 0.791819
3.497867 0.319683 -0.008037 0.036835 0.334254 0.507123 -0.046801 0.793038
3.500885 0.319571 -0.007925 0.036835 0.323032 0.514345 -0.029366 0.793875
3.503903 0.319460 -0.007925 0.036947 0.320361 0.521155 -0.017644 0.790857
3.506921 0.319460 -0.007925 0.036947 0.308833 0.528068 -0.000263 0.791054
3.509939 0.319348 -0.008037 0.036947 0.297157 0.534726 0.017117 0.790868
3.512957 0.319348 -0.008037 0.036947 0.291264 0.537958 0.025804 0.790633
3.515975 0.319236 -0.008037 0.037058 0.279374 0.544228 0.043169 0.789875
3.518993 0.319236 -0.008037 0.037058 0.282034 0.547801 0.045829 0.786302
3.522011 0.319125 -0.008037 0.037058 0.269930 0.553865 0.063093 0.785105
3.525029 0.319125 -0.008148 0.037058 0.263829 0.556797 0.071715 0.784365
3.528047 0.319013 -0.008148 0.037058 0.257696 0.559662 0.080327 0.783530
3.531065 0.319013 -0.008148 0.037058 0.251532 0.562459 0.088931 0.782600
3.534083 0.319013 -0.008148 0.037058 0.230525 0.566650 0.112336 0.783037
3.537101 0.318901 -0.008260 0.037058 0.224286 0.569148 0.120931 0.781755
3.540119 0.318901 -0.008260 0.036947 0.211773 0.577599 0.122980 0.778722
3.543137 0.318790 -0.008260 0.036947 0.192629 0.587924 0.133475 0.774225
3.546155 0.318790 -0.008260 0.036947 0.179671 0.595674 0.135354 0.771084
3.549173 0.318678 -0.008260 0.036835 0.151480 0.603296 0.152228 0.768059
3.552191 0.318567 -0.008260 0.036835 0.138152 0.610304 0.154009 0.764673
3.555209 0.318567 -0.008372 0.036723 0.102718 0.621667 0.164184 0.758961
3.558227 0.318455 -0.008372 0.036723 0.082101 0.632696 0.159078 0.753425
3.561245 0.318343 -0.008372 0.036612 0.052948 0.637156 0.175815 0.748544
3.564263 0.318232 -0.008372 0.036500 0.017630 0.651565 0.171752 0.738684
3.567281 0.318120 -0.008372 0.036388 -0.011090 0.660021 0.174100 0.730711
3.570299 0.318120 -0.008372 0.036388 -0.048091 0.665232 0.183414 0.722158
3.573317 0.318009 -0.008372 0.036388 -0.062689 0.668335 0.184312 0.717933
3.576335 0.318009 -0.008483 0.036388 -0.077351 0.671117 0.185117 0.713688
3.579353 0.317897 -0.008483 0.036277 -0.099860 0.671493 0.193218 0.708373
3.582371 0.317897 -0.008595 0.036277 -0.114582 0.673621 0.193859 0.703935
3.585389 0.317785 -0.008595 0.036277 -0.121976 0.672321 0.201581 0.701763
3.588407 0.317785 -0.008595 0.036388 -0.136761 0.673962 0.202076 0.697307
3.591425 0.317785 -0.008706 0.036388 -0.129355 0.670940 0.209278 0.699506
3.594443 0.317674 -0.008706 0.036500 -0.129263 0.666458 0.224151 0.699201
3.597461 0.317674 -0.008818 0.036500 -0.114306 0.660174 0.238470 0.703019
3.600479 0.317674 -0.008818 0.036612 -0.114544 0.654175 0.252788 0.703586
3.603497 0.317674 -0.008818 0.036723 -0.107050 0.650757 0.259838 0.705365
3.606515 0.317562 -0.008930 0.036723 -0.092026 0.643685 0.273843 0.708668
3.609533 0.317562 -0.008930 0.036835 -0.099286 0.635857 0.295584 0.706016
3.612551 0.317562 -0.008930 0.036835 -0.084146 0.628335 0.309336 0.708820
3.615569 0.317562 -0.008930 0.036947 -0.084356 0.620949 0.322998 0.709210
3.618587 0.317450 -0.008930 0.036947 -0.083548 0.616043 0.337522 0.706816
3.621605 0.317450 -0.008930 0.037058 -0.075913 0.612028 0.344233 0.707929
3.624623 0.317450 -0.008930 0.037058 -0.076053 0.604047 0.357560 0.708163
3.627641 0.317450 -0.008930 0.037058 -0.068411 0.599811 0.364141 0.709188
3.630659 0.317450 -0.008818 0.037058 -0.082739 0.594902 0.378469 0.704278
3.633677 0.317450 -0.008818 0.037058 -0.090471 0.590708 0.384982 0.703326
3.636695 0.317339 -0.008818 0.037058 -0.090471 0.590708 0.384982 0.703326
3.639713 0.317339 -0.008818 0.037058 -0.090471 0.590708 0.384982 0.703326
3.642731 0.317339 -0.008818 0.037058 -0.104629 0.585329 0.399140 0.697947
3.645749 0.317339 -0.008818 0.037058 -0.112329 0.589610 0.392676 0.696813
3.648767 0.317339 -0.008818 0.037058 -0.112329 0.589610 0.392676 0.696813
3.651785 0.317339 -0.008818 0.037058 -0.112329 0.589610 0.392676 0.696813
3.654803 0.317339 -0.008706 0.036947 -0.120015 0.593821 0.386164 0.695594
3.657821 0.317339 -0.008706 0.036947 -0.120015 0.593821 0.386164 0.695594
3.660839 0.317339 -0.008706 0.036947 -0.127687 0.597960 0.379605 0.694291
3.663857 0.317339 -0.008706 0.036947 -0.127687 0.597960 0.379605 0.694291
3.666875 0.317227 -0.008706 0.036947 -0.127687 0.597960 0.379605 0.694291
3.669893 0.317227 -0.008706 0.036835 -0.135344 0.602026 0.373001 0.692905
3.672911 0.317227 -0.008706 0.036835 -0.135344 0.602026 0.373001 0.692905
3.675929 0.317227 -0.008706 0.036835 -0.135344 0.602026 0.373001 0.692905
3.678947 0.317227 -0.008706 0.036835 -0.127723 0.606088 0.366364 0.694350
3.681965 0.317227 -0.008706 0.036835 -0.127723 0.606088 0.366364 0.694350
3.684983 0.317227 -0.008706 0.036835 -0.127723 0.606088 0.366364 0.694350
3.688001 0.317227 -0.008706 0.036835 -0.120052 0.602094 0.373013 0.695652
3.691019 0.317116 -0.008706 0.036835 -0.120052 0.602094 0.373013 0.695652
3.694037 0.317116 -0.008706 0.036835 -0.120052 0.602094 0.373013 0.695652
3.697055 0.317116 -0.008706 0.036835 -0.112366 0.598027 0.379617 0.696870
3.700073 0.317004 -0.008706 0.036835 -0.112366 0.598027 0.379617 0.696870
3.703091 0.317004 -0.008706 0.036835 -0.104667 0.593889 0.386174 0.698005
3.706109 0.317004 -0.008706 0.036835 -0.112329 0.589610 0.392676 0.696813
3.709127 0.316892 -0.008818 0.036723 -0.112329 0.589610 0.392676 0.696813
3.712145 0.316892 -0.008818 0.036723 -0.119977 0.585261 0.399129 0.695536
3.715163 0.316892 -0.008818 0.036723 -0.118666 0.579640 0.413177 0.692258
3.718181 0.316781 -0.008818 0.036612 -0.126264 0.575065 0.419520 0.690913
3.721199 0.316781 -0.008818 0.036612 -0.126123 0.565945 0.432095 0.690719
3.724217 0.316669 -0.008818 0.036612 -0.139861 0.559661 0.445833 0.684435
3.727235 0.316669 -0.008818 0.036500 -0.147117 0.545067 0.464115 0.682536
3.730253 0.316669 -0.008818 0.036500 -0.152725 0.533495 0.483526 0.676950
3.733271 0.316669 -0.008818 0.036500 -0.165446 0.516053 0.508348 0.669252
3.736289 0.316557 -0.008818 0.036500 -0.170479 0.503652 0.527036 0.662952
3.739307 0.316557 -0.008818 0.036388 -0.182441 0.484935 0.550771 0.654373
3.742325 0.316557 -0.008818 0.036388 -0.185922 0.460381 0.579185 0.646550
3.745343 0.316557 -0.008818 0.036500 -0.184012 0.436948 0.599433 0.644900
3.748361 0.316557 -0.008818 0.036500 -0.186554 0.410624 0.625663 0.636500
3.751379 0.316557 -0.008818 0.036500 -0.188455 0.383481 0.650694 0.627714
3.754397 0.316557 -0.008818 0.036500 -0.196479 0.348149 0.678353 0.616462
3.757415 0.316446 -0.008818 0.036500 -0.196934 0.319306 0.700559 0.607024
3.760433 0.316446 -0.008818 0.036388 -0.211668 0.287792 0.720966 0.593785
3.763451 0.316446 -0.008818 0.036388 -0.207846 0.259914 0.734021 0.591995
3.766469 0.316446 -0.008818 0.036388 -0.212862 0.220956 0.754753 0.579841
3.769487 0.316446 -0.008818 0.036388 -0.217070 0.198158 0.762247 0.576710
3.772505 0.316334 -0.008818 0.036388 -0.229325 0.164149 0.777115 0.562635
3.775523 0.316334 -0.008818 0.036388 -0.233127 0.140783 0.782848 0.559447
3.778541 0.316334 -0.008930 0.036277 -0.244151 0.105895 0.795109 0.544957
3.781559 0.316223 -0.008930 0.036277 -0.256065 0.088400 0.797243 0.539462
3.784577 0.316223 -0.008930 0.036277 -0.259394 0.064525 0.800656 0.536191
3.787595 0.316111 -0.008930 0.036165 -0.262675 0.040540 0.803308 0.532968
3.790613 0.316111 -0.009041 0.036165 -0.265910 0.016470 0.805193 0.529796
3.793631 0.316111 -0.009041 0.036165 -0.277486 -0.001224 0.805361 0.523826
3.796649 0.315999 -0.009153 0.036165 -0.280610 -0.025373 0.805949 0.520635
3.799667 0.315999 -0.009153 0.036165 -0.283696 -0.049540 0.805767 0.517496
3.802685 0.315999 -0.009153 0.036165 -0.286749 -0.073700 0.804815 0.514409
3.805703 0.315888 -0.009265 0.036165 -0.289770 -0.097828 0.803093 0.511375
3.808721 0.315888 -0.009265 0.036277 -0.277588 -0.122589 0.807329 0.506099
3.811739 0.315888 -0.009265 0.036277 -0.272061 -0.152929 0.803599 0.506779
3.814757 0.315776 -0.009376 0.036277 -0.266569 -0.183076 0.798539 0.507700
3.817775 0.315776 -0.009376 0.036388 -0.253257 -0.207051 0.800025 0.502942
3.820793 0.315776 -0.009376 0.036388 -0.244911 -0.239363 0.798173 0.495625
3.823811 0.315776 -0.009376 0.036500 -0.233449 -0.259866 0.792455 0.499986
3.826829 0.315776 -0.009376 0.036500 -0.224340 -0.291240 0.788345 0.493319
3.829847 0.315776 -0.009488 0.036612 -0.214673 -0.321996 0.782930 0.487087
3.832865 0.315776 -0.009488 0.036612 -0.194367 -0.346620 0.772248 0.495691
3.835883 0.315776 -0.009488 0.036723 -0.184035 -0.375917 0.764451 0.490339
3.838901 0.315776 -0.009599 0.036723 -0.164602 -0.409191 0.752392 0.489260
3.841919 0.315888 -0.009599 0.036723 -0.144705 -0.441030 0.738602 0.488897
3.844937 0.315888 -0.009599 0.036723 -0.138410 -0.475181 0.721692 0.483948
3.847955 0.315888 -0.009711 0.036723 -0.126423 -0.500257 0.708636 0.481243
3.850973 0.315776 -0.009711 0.036723 -0.110860 -0.535318 0.684583 0.482173
3.853991 0.315776 -0.009823 0.036723 -0.097425 -0.566218 0.668235 0.472618
3.857009 0.315776 -0.009823 0.036612 -0.074724 -0.597724 0.645777 0.469163
3.860027 0.315664 -0.009823 0.036612 -0.059855 -0.624441 0.626450 0.462656
3.863045 0.315664 -0.009934 0.036500 -0.041303 -0.657106 0.593866 0.462416
3.866063 0.315553 -0.009934 0.036500 -0.025605 -0.679080 0.572021 0.459332
3.869081 0.315553 -0.009934 0.036388 -0.012576 -0.692535 0.561987 0.452115
3.872099 0.315441 -0.009934 0.036277 0.003600 -0.711057 0.538857 0.451683
3.875117 0.315330 -0.009934 0.036165 0.012234 -0.728015 0.520083 0.446496
3.878135 0.315330 -0.009934 0.036054 0.029328 -0.743460 0.505590 0.436790
3.881153 0.315218 -0.009934 0.035942 0.043386 -0.752450 0.494069 0.433397
3.884171 0.315106 -0.009934 0.035942 0.062239 -0.755181 0.490742 0.430116
3.887189 0.314995 -0.009934 0.035830 0.076359 -0.762478 0.479087 0.428102
3.890207 0.314995 -0.009934 0.035830 0.080081 -0.766862 0.475365 0.423718
3.893225 0.314995 -0.009934 0.035719 0.083898 -0.771163 0.471548 0.419417
3.896243 0.314883 -0.009934 0.035607 0.087809 -0.775379 0.467637 0.415201
3.899261 0.314883 -0.009934 0.035607 0.076869 -0.782827 0.463058 0.408474
3.902279 0.314771 -0.009934 0.035496 0.085464 -0.781935 0.467517 0.403362
3.905297 0.314771 -0.009934 0.035496 0.089669 -0.786086 0.463312 0.399211
3.908315 0.314771 -0.009934 0.035496 0.089669 -0.786086 0.463312 0.399211
3.911333 0.314771 -0.009934 0.035496 0.098300 -0.785054 0.467670 0.394097
3.914351 0.314660 -0.009934 0.035384 0.093964 -0.790144 0.459017 0.395153
3.917369 0.314660 -0.009934 0.035384 0.093964 -0.790144 0.459017 0.395153
3.920387 0.314660 -0.009934 0.035384 0.102639 -0.789064 0.463331 0.390086
3.923405 0.314660 -0.009934 0.035384 0.096536 -0.791683 0.466842 0.382070
3.926423 0.314660 -0.010046 0.035384 0.105228 -0.790575 0.471012 0.376918
3.929441 0.314660 -0.010046 0.035384 0.105228 -0.790575 0.471012 0.376918
3.932459 0.314660 -0.010046 0.035384 0.119951 -0.786619 0.471789 0.379812
3.935477 0.314660 -0.010046 0.035384 0.128586 -0.785254 0.475933 0.374606
3.938495 0.314660 -0.010046 0.035384 0.124462 -0.790435 0.467278 0.375996
3.941513 0.314771 -0.010046 0.035384 0.133139 -0.789020 0.471380 0.370840
3.944531 0.314771 -0.010046 0.035384 0.147641 -0.784431 0.472335 0.373857
3.947549 0.314771 -0.010046 0.035384 0.156250 -0.782762 0.476414 0.368645
3.950567 0.314771 -0.010046 0.035496 0.170593 -0.777698 0.477467 0.371629
3.953585 0.314771 -0.010158 0.035496 0.184822 -0.772321 0.478586 0.374589
3.956603 0.314883 -0.010158 0.035496 0.193296 -0.770243 0.482672 0.369309
3.959621 0.314883 -0.010158 0.035607 0.207339 -0.764400 0.483888 0.372231
3.962639 0.314883 -0.010158 0.035607 0.229568 -0.755773 0.489260 0.369772
3.965657 0.314883 -0.010269 0.035719 0.247349 -0.743731 0.498835 0.369927
3.968675 0.314883 -0.010269 0.035719 0.274361 -0.729593 0.501614 0.375238
3.971693 0.314883 -0.010269 0.035830 0.287627 -0.722082 0.503091 0.377846
3.974711 0.314883 -0.010381 0.035942 0.308554 -0.710935 0.508773 0.374854
3.977729 0.314883 -0.010381 0.035942 0.334038 -0.694199 0.512064 0.379865
3.980747 0.314883 -0.010492 0.036054 0.354007 -0.681567 0.517960 0.376647
3.983765 0.314771 -0.010492 0.036054 0.378130 -0.662923 0.521625 0.381389
3.986783 0.314771 -0.010604 0.036165 0.389878 -0.653208 0.523535 0.383699
3.989801 0.314660 -0.010604 0.036277 0.412605 -0.632931 0.536690 0.375659
3.992819 0.314660 -0.010716 0.036277 0.434816 -0.611953 0.540575 0.379773
3.995837 0.314548 -0.010716 0.036277 0.452147 -0.596171 0.546746 0.375781
3.998855 0.314437 -0.010716 0.036277 0.465136 -0.586093 0.554870 0.363678
4.001873 0.314437 -0.010827 0.036277 0.481564 -0.569413 0.560969 0.359415
4.004891 0.314325 -0.010827 0.036277 0.493958 -0.558695 0.568730 0.347004
4.007909 0.314213 -0.010939 0.036277 0.506114 -0.547708 0.576217 0.334424
4.010927 0.314213 -0.010939 0.036388 0.508465 -0.548452 0.573865 0.333680
4.013945 0.314102 -0.011050 0.036277 0.514460 -0.542833 0.577496 0.327355
4.016963 0.314102 -0.011050 0.036277 0.526262 -0.531399 0.584549 0.314588
4.019981 0.314102 -0.011162 0.036277 0.529137 -0.532245 0.588855 0.299964
4.022999 0.314102 -0.011162 0.036277 0.534953 -0.526400 0.592115 0.293477
4.026017 0.313990 -0.011162 0.036277 0.537854 -0.527151 0.595937 0.278719
4.029035 0.313990 -0.011162 0.036165 0.543613 -0.521210 0.598963 0.272155
4.032053 0.313990 -0.011274 0.036165 0.546538 -0.521866 0.602296 0.257279
4.035071 0.313990 -0.011274 0.036165 0.546538 -0.521866 0.602296 0.257279
4.038089 0.313990 -0.011274 0.036165 0.549476 -0.522457 0.605301 0.242333
4.041107 0.313879 -0.011385 0.036165 0.555183 -0.516389 0.607927 0.235669
4.044125 0.313879 -0.011385 0.036054 0.552427 -0.522983 0.607978 0.227325
4.047143 0.313879 -0.011385 0.036054 0.558139 -0.516882 0.610439 0.220632
4.050161 0.313879 -0.011385 0.036054 0.563784 -0.510719 0.612826 0.213912
4.053179 0.313879 -0.011385 0.036054 0.561105 -0.517311 0.612619 0.205544
4.056197 0.313767 -0.011385 0.036054 0.566755 -0.511115 0.614840 0.198801
4.059215 0.313767 -0.011497 0.035942 0.564080 -0.517674 0.614467 0.190411
4.062233 0.313767 -0.011497 0.035942 0.569733 -0.511446 0.616522 0.183649
4.065251 0.313655 -0.011497 0.035942 0.569733 -0.511446 0.616522 0.183649
4.068269 0.313655 -0.011497 0.035942 0.572719 -0.511711 0.617871 0.168464
4.071287 0.313655 -0.011497 0.035942 0.574535 -0.504892 0.623455 0.162162
4.074305 0.313544 -0.011497 0.035942 0.577358 -0.505081 0.624472 0.146919
4.077323 0.313544 -0.011497 0.035830 0.582872 -0.498707 0.626049 0.140050
4.080341 0.313432 -0.011497 0.035830 0.582872 -0.498707 0.626049 0.140050
4.083359 0.313432 -0.011609 0.035830 0.585700 -0.498803 0.626563 0.124782
4.086377 0.313320 -0.011609 0.035830 0.585700 -0.498803 0.626563 0.124782
4.089395 0.313320 -0.011609 0.035830 0.592404 -0.485410 0.633267 0.111389
4.092414 0.313320 -0.011609 0.035830 0.597701 -0.478872 0.634452 0.104425
4.095432 0.313209 -0.011609 0.035830 0.597701 -0.478872 0.634452 0.104425
4.098450 0.313209 -0.011609 0.035830 0.602926 -0.472277 0.635561 0.097449
4.101468 0.313209 -0.011609 0.035830 0.606453 -0.465213 0.640385 0.075487
4.104486 0.313209 -0.011609 0.035830 0.606453 -0.465213 0.640385 0.075487
4.107504 0.313097 -0.011609 0.035830 0.612242 -0.451451 0.646175 0.061725
4.110522 0.313097 -0.011609 0.035830 0.612242 -0.451451 0.646175 0.061725
4.113540 0.313097 -0.011609 0.035830 0.620345 -0.430869 0.652980 0.056040
4.116558 0.313097 -0.011609 0.035830 0.617728 -0.437565 0.651660 0.047839
4.119576 0.313097 -0.011609 0.035830 0.622498 -0.430752 0.652146 0.040677
4.122594 0.313097 -0.011609 0.035830 0.622907 -0.423561 0.656839 0.033835
4.125612 0.313097 -0.011609 0.035830 0.627523 -0.416692 0.657171 0.026617
4.128630 0.312986 -0.011497 0.035830 0.630082 -0.409925 0.658597 0.034760
4.131648 0.312986 -0.011497 0.035830 0.634811 -0.395714 0.663327 0.020550
4.134666 0.312986 -0.011497 0.035830 0.634811 -0.395714 0.663327 0.020550
4.137684 0.312986 -0.011497 0.035830 0.634811 -0.395714 0.663327 0.020550
4.140702 0.312986 -0.011497 0.035830 0.639120 -0.388716 0.663513 0.013261
4.143720 0.312986 -0.011497 0.035830 0.639120 -0.388716 0.663513 0.013261
4.146738 0.312986 -0.011497 0.035830 0.639120 -0.388716 0.663513 0.013261
4.149756 0.312986 -0.011497 0.035830 0.639120 -0.388716 0.663513 0.013261
4.152774 0.312986 -0.011497 0.035830 0.639120 -0.388716 0.663513 0.013261
4.155792 0.312874 -0.011497 0.035830 0.639120 -0.388716 0.663513 0.013261
4.158810 0.312874 -0.011497 0.035830 0.643352 -0.381671 0.663618 0.005971
4.161828 0.312874 -0.011497 0.035830 0.643352 -0.381671 0.663618 0.005971
4.164846 0.312874 -0.011497 0.035830 0.643352 -0.381671 0.663618 0.005971
4.167864 0.312874 -0.011497 0.035830 0.643352 -0.381671 0.663618 0.005971
4.170882 0.312874 -0.011497 0.035830 0.643352 -0.381671 0.663618 0.005971
4.173900 0.312874 -0.011497 0.035830 0.643352 -0.381671 0.663618 0.005971
4.176918 0.312874 -0.011497 0.035830 0.640929 -0.388538 0.662000 -0.002095
4.179936 0.312874 -0.011497 0.035830 0.636622 -0.395556 0.661983 0.005178
4.182954 0.312874 -0.011497 0.035830 0.636622 -0.395556 0.661983 0.005178
4.185972 0.312874 -0.011497 0.035830 0.636622 -0.395556 0.661983 0.005178
4.188990 0.312874 -0.011497 0.035830 0.636622 -0.395556 0.661983 0.005178
4.192008 0.312874 -0.011497 0.035830 0.636622 -0.395556 0.661983 0.005178
4.195026 0.312874 -0.011497 0.035830 0.636622 -0.395556 0.661983 0.005178
4.198044 0.312874 -0.011497 0.035830 0.636622 -0.395556 0.661983 0.005178
4.201062 0.312874 -0.011497 0.035830 0.636622 -0.395556 0.661983 0.005178
4.204080 0.312874 -0.011497 0.035830 0.632238 -0.402526 0.661886 0.012451
4.207098 0.312874 -0.011497 0.035830 0.632063 -0.409773 0.657424 0.019396
4.210116 0.312874 -0.011609 0.035942 0.632063 -0.409773 0.657424 0.019396
4.213134 0.312874 -0.011609 0.035942 0.632063 -0.409773 0.657424 0.019396
4.216152 0.312874 -0.011609 0.035942 0.632063 -0.409773 0.657424 0.019396
4.219170 0.312874 -0.011609 0.035942 0.631811 -0.416971 0.652883 0.026338
4.222188 0.312874 -0.011609 0.035942 0.629340 -0.423699 0.651214 0.018182
4.225206 0.312874 -0.011609 0.035942 0.633957 -0.416760 0.651374 0.011026
4.228224 0.312874 -0.011609 0.035942 0.631413 -0.430575 0.644846 0.009824
4.231242 0.312874 -0.011720 0.035942 0.631413 -0.430575 0.644846 0.009824
4.234260 0.312874 -0.011720 0.035830 0.636037 -0.430672 0.640222 0.009727
4.237278 0.312874 -0.011720 0.035830 0.633739 -0.437307 0.638072 0.001557
4.240296 0.312874 -0.011720 0.035830 0.636203 -0.436927 0.635733 -0.013599
4.243314 0.312874 -0.011720 0.035830 0.636314 -0.443885 0.630894 -0.006609
4.246332 0.312874 -0.011720 0.035830 0.638934 -0.443421 0.628228 -0.021682
4.249350 0.312874 -0.011720 0.035719 0.636929 -0.456767 0.620616 -0.022826
4.252368 0.312874 -0.011832 0.035719 0.639698 -0.456183 0.617461 -0.037773
4.255386 0.312762 -0.011832 0.035719 0.639698 -0.456183 0.617461 -0.037773
4.258404 0.312762 -0.011832 0.035607 0.642992 -0.462255 0.608936 -0.045587
4.261422 0.312762 -0.011832 0.035607 0.640785 -0.468576 0.605761 -0.053698
4.264440 0.312762 -0.011832 0.035607 0.638501 -0.474840 0.602514 -0.061804
4.267458 0.312651 -0.011832 0.035496 0.638501 -0.474840 0.602514 -0.061804
4.270476 0.312651 -0.011943 0.035496 0.636140 -0.481047 0.599193 -0.069901
4.273494 0.312651 -0.011943 0.035496 0.633703 -0.487196 0.595801 -0.077991
4.276512 0.312651 -0.011943 0.035496 0.633703 -0.487196 0.595801 -0.077991
4.279530 0.312651 -0.011943 0.035496 0.631188 -0.493286 0.592336 -0.086071
4.282548 0.312651 -0.011943 0.035496 0.631188 -0.493286 0.592336 -0.086071
4.285566 0.312539 -0.011943 0.035384 0.628598 -0.499316 0.588800 -0.094140
4.288584 0.312539 -0.012055 0.035384 0.628598 -0.499316 0.588800 -0.094140
4.291602 0.312539 -0.012055 0.035384 0.625931 -0.505287 0.585193 -0.102198
4.294620 0.312539 -0.012055 0.035384 0.630213 -0.491933 0.589475 -0.115552
4.297638 0.312539 -0.012055 0.035384 0.627449 -0.497913 0.585774 -0.123527
4.300656 0.312539 -0.012055 0.035496 0.627449 -0.497913 0.585774 -0.123527
4.303674 0.312539 -0.012055 0.035496 0.632881 -0.490990 0.584382 -0.129955
4.306692 0.312539 -0.011943 0.035496 0.631415 -0.484540 0.589741 -0.136900
4.309710 0.312539 -0.011943 0.035496 0.628553 -0.490533 0.585948 -0.144787
4.312728 0.312539 -0.011943 0.035496 0.626924 -0.484066 0.591302 -0.151684
4.315746 0.312539 -0.011943 0.035496 0.632205 -0.477150 0.589600 -0.158171
4.318764 0.312539 -0.011943 0.035496 0.629246 -0.483158 0.585716 -0.165965
4.321782 0.312539 -0.011943 0.035496 0.627385 -0.476694 0.590988 -0.172868
4.324800 0.312539 -0.011943 0.035496 0.627385 -0.476694 0.590988 -0.172868
4.327818 0.312539 -0.011943 0.035496 0.625448 -0.470173 0.596190 -0.179750
4.330836 0.312539 -0.011943 0.035496 0.625448 -0.470173 0.596190 -0.179750
4.333854 0.312539 -0.011943 0.035496 0.623436 -0.463595 0.601319 -0.186611
4.336872 0.312539 -0.011832 0.035496 0.623436 -0.463595 0.601319 -0.186611
4.339890 0.312539 -0.011832 0.035496 0.621348 -0.456960 0.606376 -0.193449
4.342908 0.312539 -0.011832 0.035496 0.621348 -0.456960 0.606376 -0.193449
4.345926 0.312539 -0.011832 0.035607 0.619185 -0.450271 0.611359 -0.200263
4.348944 0.312539 -0.011832 0.035607 0.619185 -0.450271 0.611359 -0.200263
4.351962 0.312539 -0.011832 0.035607 0.616948 -0.443527 0.616269 -0.207054
4.354980 0.312539 -0.011832 0.035607 0.616948 -0.443527 0.616269 -0.207054
4.357998 0.312539 -0.011832 0.035607 0.616948 -0.443527 0.616269 -0.207054
4.361016 0.312539 -0.011832 0.035607 0.614636 -0.436730 0.621105 -0.213819
4.364034 0.312539 -0.011832 0.035607 0.614636 -0.436730 0.621105 -0.213819
4.367052 0.312539 -0.011832 0.035607 0.612250 -0.429880 0.625865 -0.220558
4.370070 0.312539 -0.011832 0.035607 0.612250 -0.429880 0.625865 -0.220558
4.373088 0.312539 -0.011720 0.035607 0.612250 -0.429880 0.625865 -0.220558
4.376106 0.312539 -0.011720 0.035607 0.605106 -0.429652 0.633009 -0.220330
4.379124 0.312539 -0.011720 0.035607 0.605106 -0.429652 0.633009 -0.220330
4.382142 0.312539 -0.011720 0.035607 0.602649 -0.422672 0.637691 -0.226965
4.385160 0.312539 -0.011720 0.035607 0.602649 -0.422672 0.637691 -0.226965
4.388178 0.312539 -0.011720 0.035607 0.595516 -0.422209 0.644823 -0.226502
4.391196 0.312539 -0.011720 0.035607 0.588396 -0.421589 0.651944 -0.225882
4.394214 0.312539 -0.011720 0.035607 0.585879 -0.414401 0.656536 -0.232332
4.397232 0.312539 -0.011720 0.035607 0.583183 -0.407201 0.666228 -0.224107
4.400250 0.312539 -0.011720 0.035719 0.576258 -0.406213 0.673154 -0.223119
4.403268 0.312539 -0.011720 0.035719 0.569356 -0.405072 0.680055 -0.221978
4.406286 0.312539 -0.011720 0.035719 0.567264 -0.397461 0.688994 -0.213363
4.409304 0.312539 -0.011720 0.035830 0.561117 -0.395902 0.699726 -0.196960
4.412322 0.312539 -0.011720 0.035830 0.557537 -0.380216 0.711957 -0.194179
4.415340 0.312539 -0.011720 0.035830 0.556424 -0.372137 0.719459 -0.185163
4.418358 0.312427 -0.011720 0.035942 0.549670 -0.362022 0.732448 -0.174135
4.421376 0.312427 -0.011720 0.035942 0.539815 -0.365902 0.740161 -0.163941
4.424394 0.312427 -0.011720 0.035942 0.539723 -0.357500 0.746323 -0.154581
4.427412 0.312427 -0.011720 0.035942 0.536040 -0.354958 0.753603 -0.136924
4.430430 0.312427 -0.011609 0.035942 0.530663 -0.352509 0.758980 -0.134475
4.433448 0.312427 -0.011609 0.035942 0.521464 -0.355692 0.765706 -0.123503
4.436466 0.312427 -0.011609 0.035942 0.517525 -0.361399 0.767016 -0.115084
4.439484 0.312316 -0.011609 0.035830 0.505917 -0.364313 0.772744 -0.119125
4.442502 0.312316 -0.011609 0.035830 0.501884 -0.369849 0.774006 -0.110629
4.445520 0.312316 -0.011720 0.035719 0.489976 -0.372320 0.779892 -0.114323
4.448538 0.312316 -0.011720 0.035719 0.485856 -0.377680 0.781101 -0.105748
4.451556 0.312316 -0.011720 0.035607 0.474837 -0.388319 0.782910 -0.103874
4.454574 0.312204 -0.011720 0.035607 0.470542 -0.393512 0.784004 -0.095267
4.457592 0.312204 -0.011720 0.035607 0.458125 -0.395126 0.790139 -0.098374
4.460610 0.312204 -0.011720 0.035496 0.453757 -0.400135 0.791172 -0.089687
4.463628 0.312204 -0.011720 0.035496 0.448416 -0.396369 0.796512 -0.085921
4.466646 0.312093 -0.011720 0.035496 0.448416 -0.396369 0.796512 -0.085921
4.469664 0.312093 -0.011832 0.035496 0.443160 -0.392487 0.801768 -0.082039
4.472682 0.312093 -0.011832 0.035496 0.446267 -0.392557 0.801423 -0.066820
4.475700 0.312093 -0.011832 0.035496 0.441264 -0.388600 0.806427 -0.062863
4.478718 0.311981 -0.011832 0.035496 0.441264 -0.388600 0.806427 -0.062863
4.481736 0.311981 -0.011832 0.035496 0.443982 -0.379909 0.809805 -0.052580
4.484754 0.311981 -0.011832 0.035496 0.439782 -0.384764 0.810334 -0.043680
4.487772 0.311981 -0.011832 0.035496 0.439276 -0.375838 0.814512 -0.048509
4.490790 0.311981 -0.011832 0.035496 0.446975 -0.371269 0.812758 -0.042388
4.493808 0.311869 -0.011832 0.035496 0.442475 -0.367201 0.817258 -0.038320
4.496826 0.311869 -0.011832 0.035496 0.442475 -0.367201 0.817258 -0.038320
4.499844 0.311869 -0.011720 0.035496 0.449855 -0.353714 0.819225 -0.037243
4.502862 0.311869 -0.011720 0.035496 0.445942 -0.358635 0.819585 -0.028241
4.505880 0.311869 -0.011720 0.035496 0.445605 -0.349609 0.823475 -0.033138
4.508898 0.311869 -0.011720 0.035496 0.445605 -0.349609 0.823475 -0.033138
4.511916 0.311981 -0.011720 0.035496 0.453165 -0.336147 0.824988 -0.032289
4.514934 0.311981 -0.011720 0.035607 0.453165 -0.336147 0.824988 -0.032289
4.517952 0.311981 -0.011609 0.035607 0.452783 -0.327063 0.828631 -0.037266
4.520970 0.311981 -0.011609 0.035607 0.452783 -0.327063 0.828631 -0.037266
4.523988 0.311981 -0.011609 0.035607 0.448826 -0.322890 0.832588 -0.033093
4.527006 0.312093 -0.011609 0.035607 0.456894 -0.318597 0.830051 -0.027549
4.530024 0.312093 -0.011609 0.035607 0.456564 -0.309459 0.833501 -0.032567
4.533042 0.312093 -0.011609 0.035607 0.456564 -0.309459 0.833501 -0.032567
4.536060 0.312093 -0.011609 0.035719 0.452852 -0.305277 0.837213 -0.028385
4.539078 0.312093 -0.011609 0.035719 0.461031 -0.301094 0.834423 -0.023045
4.542096 0.312204 -0.011609 0.035719 0.461031 -0.301094 0.834423 -0.023045
4.545114 0.312204 -0.011720 0.035719 0.460750 -0.291909 0.837680 -0.028109
4.548132 0.312204 -0.011720 0.035719 0.457516 -0.296953 0.837939 -0.018904
4.551150 0.312204 -0.011720 0.035719 0.465565 -0.283665 0.838111 -0.018800
4.554168 0.312204 -0.011720 0.035719 0.465565 -0.283665 0.838111 -0.018800
4.557186 0.312204 -0.011720 0.035830 0.462287 -0.279536 0.841389 -0.014670
4.560204 0.312204 -0.011720 0.035830 0.462287 -0.279536 0.841389 -0.014670
4.563222 0.312316 -0.011720 0.035830 0.462098 -0.270276 0.844409 -0.019748
4.566240 0.312316 -0.011720 0.035830 0.462098 -0.270276 0.844409 -0.019748
4.569258 0.312316 -0.011720 0.035830 0.462098 -0.270276 0.844409 -0.019748
4.572276 0.312204 -0.011832 0.035830 0.461853 -0.260983 0.847327 -0.024824
4.575294 0.312204 -0.011832 0.035830 0.461853 -0.260983 0.847327 -0.024824
4.578312 0.312204 -0.011832 0.035830 0.461853 -0.260983 0.847327 -0.024824
4.581330 0.312204 -0.011832 0.035830 0.453008 -0.255491 0.853410 -0.034621
4.584348 0.312204 -0.011832 0.035719 0.453008 -0.255491 0.853410 -0.034621
4.587366 0.312204 -0.011832 0.035719 0.452600 -0.246100 0.856166 -0.039596
4.590384 0.312204 -0.011832 0.035719 0.452600 -0.246100 0.856166 -0.039596
4.593402 0.312204 -0.011832 0.035719 0.452600 -0.246100 0.856166 -0.039596
4.596420 0.312204 -0.011943 0.035719 0.443437 -0.240411 0.862065 -0.049097
4.599438 0.312204 -0.011943 0.035719 0.443437 -0.240411 0.862065 -0.049097
4.602456 0.312204 -0.011943 0.035719 0.434068 -0.234593 0.867837 -0.058394
4.605474 0.312093 -0.011943 0.035607 0.433400 -0.225045 0.870362 -0.063159
4.608492 0.312093 -0.012055 0.035607 0.426983 -0.223973 0.872686 -0.077075
4.611510 0.312093 -0.012055 0.035607 0.426110 -0.214372 0.875094 -0.081761
4.614528 0.311981 -0.012055 0.035607 0.425186 -0.204746 0.877396 -0.086438
4.617546 0.311981 -0.012055 0.035607 0.427410 -0.200062 0.876394 -0.096072
4.620564 0.311981 -0.012055 0.035496 0.417315 -0.194097 0.881579 -0.104848
4.623582 0.311869 -0.012055 0.035496 0.418138 -0.179818 0.882403 -0.119127
4.626600 0.311869 -0.012055 0.035496 0.416804 -0.170113 0.884325 -0.123714
4.629618 0.311758 -0.012055 0.035496 0.417157 -0.155814 0.884678 -0.138013
4.632636 0.311758 -0.012055 0.035496 0.417157 -0.155814 0.884678 -0.138013
4.635654 0.311646 -0.012055 0.035496 0.417196 -0.141510 0.884716 -0.152316
4.638672 0.311646 -0.012055 0.035496 0.415497 -0.131782 0.886217 -0.156890
4.641690 0.311534 -0.012055 0.035496 0.425981 -0.123304 0.881363 -0.162893
4.644708 0.311534 -0.012055 0.035496 0.427310 -0.118617 0.879521 -0.172566
4.647726 0.311534 -0.011943 0.035496 0.425389 -0.108947 0.880771 -0.177250
4.650744 0.311423 -0.011943 0.035496 0.426560 -0.104268 0.878770 -0.186916
4.653762 0.311423 -0.011943 0.035496 0.434453 -0.085791 0.874555 -0.197595
4.656780 0.311423 -0.011943 0.035496 0.434453 -0.085791 0.874555 -0.197595
4.659798 0.311423 -0.011943 0.035496 0.434453 -0.085791 0.874555 -0.197595
4.662816 0.311423 -0.011943 0.035496 0.435370 -0.081013 0.872331 -0.207191
4.665834 0.311311 -0.011832 0.035496 0.435370 -0.081013 0.872331 -0.207191
4.668852 0.311311 -0.011832 0.035496 0.444230 -0.076759 0.869117 -0.203481
4.671870 0.311311 -0.011832 0.035496 0.444230 -0.076759 0.869117 -0.203481
4.674888 0.311311 -0.011832 0.035496 0.442679 -0.062346 0.867566 -0.217894
4.677906 0.311311 -0.011832 0.035496 0.442679 -0.062346 0.867566 -0.217894
4.680924 0.311423 -0.011832 0.035607 0.442679 -0.062346 0.867566 -0.217894
4.683942 0.311423 -0.011832 0.035607 0.441967 -0.067206 0.869907 -0.208349
4.686960 0.311423 -0.011832 0.035607 0.441967 -0.067206 0.869907 -0.208349
4.689978 0.311423 -0.011832 0.035607 0.441967 -0.067206 0.869907 -0.208349
4.692996 0.311423 -0.011832 0.035607 0.441967 -0.067206 0.869907 -0.208349
4.696014 0.311423 -0.011832 0.035607 0.441967 -0.067206 0.869907 -0.208349
4.699032 0.311423 -0.011832 0.035607 0.441967 -0.067206 0.869907 -0.208349
4.702050 0.311423 -0.011832 0.035496 0.441202 -0.072057 0.872144 -0.198780
4.705068 0.311423 -0.011832 0.035496 0.441202 -0.072057 0.872144 -0.198780
4.708086 0.311423 -0.011832 0.035496 0.441202 -0.072057 0.872144 -0.198780
4.711104 0.311423 -0.011832 0.035496 0.440384 -0.076900 0.874275 -0.189187
4.714122 0.311423 -0.011832 0.035496 0.440384 -0.076900 0.874275 -0.189187
4.717140 0.311423 -0.011832 0.035496 0.440384 -0.076900 0.874275 -0.189187
4.720158 0.311423 -0.011943 0.035496 0.439513 -0.081734 0.876301 -0.179570
4.723176 0.311423 -0.011943 0.035496 0.438588 -0.086557 0.878221 -0.169932
4.726194 0.311423 -0.011943 0.035496 0.435824 -0.081697 0.880985 -0.165072
4.729212 0.311423 -0.011943 0.035496 0.435824 -0.081697 0.880985 -0.165072
4.732230 0.311423 -0.011943 0.035496 0.434900 -0.086480 0.882745 -0.155383
4.735248 0.311423 -0.011943 0.035496 0.433923 -0.091252 0.884399 -0.145676
4.738266 0.311423 -0.012055 0.035496 0.442114 -0.092621 0.882236 -0.132724
4.741284 0.311423 -0.012055 0.035496 0.441070 -0.097472 0.883641 -0.123024
4.744302 0.311423 -0.012055 0.035496 0.439973 -0.102312 0.884939 -0.113309
4.747320 0.311534 -0.012055 0.035496 0.438701 -0.092584 0.886010 -0.118135
4.750338 0.311534 -0.012167 0.035496 0.437658 -0.097398 0.887254 -0.108395
4.753356 0.311534 -0.012167 0.035496 0.445902 -0.099245 0.884403 -0.095671
4.756374 0.311534 -0.012167 0.035496 0.445902 -0.099245 0.884403 -0.095671
4.759392 0.311534 -0.012167 0.035496 0.454143 -0.086601 0.881313 -0.097685
4.762410 0.311534 -0.012167 0.035496 0.453164 -0.091585 0.882333 -0.087997
4.765428 0.311534 -0.012167 0.035496 0.453164 -0.091585 0.882333 -0.087997
4.768446 0.311534 -0.012278 0.035496 0.462459 -0.088754 0.878068 -0.085153
4.771464 0.311534 -0.012278 0.035496 0.462459 -0.088754 0.878068 -0.085153
4.774482 0.311534 -0.012278 0.035496 0.471699 -0.085913 0.873697 -0.082299
4.777500 0.311534 -0.012278 0.035496 0.471699 -0.085913 0.873697 -0.082299
4.780518 0.311534 -0.012278 0.035496 0.480882 -0.083062 0.869220 -0.079435
4.783536 0.311534 -0.012278 0.035496 0.480759 -0.068230 0.869097 -0.094267
4.786554 0.311534 -0.012278 0.035496 0.480759 -0.068230 0.869097 -0.094267
4.789572 0.311534 -0.012278 0.035496 0.489883 -0.065318 0.864515 -0.091443
4.792590 0.311534 -0.012278 0.035496 0.490571 -0.059933 0.863458 -0.100935
4.795608 0.311534 -0.012278 0.035496 0.491200 -0.054539 0.862297 -0.110415
4.798626 0.311534 -0.012278 0.035496 0.500734 -0.045923 0.856442 -0.116894
4.801644 0.311423 -0.012278 0.035496 0.510076 -0.037100 0.850446 -0.123243
4.804662 0.311423 -0.012278 0.035496 0.510452 -0.031494 0.849040 -0.132578
4.807680 0.311423 -0.012278 0.035496 0.518056 -0.007415 0.841395 -0.153678
4.810698 0.311311 -0.012278 0.035384 0.518094 0.003969 0.837816 -0.172127
4.813716 0.311311 -0.012278 0.035384 0.526381 0.019290 0.829174 -0.187139
4.816734 0.311311 -0.012278 0.035384 0.534177 0.034971 0.820180 -0.201831
4.819752 0.311200 -0.012278 0.035272 0.540877 0.056943 0.808421 -0.225088
4.822770 0.311200 -0.012278 0.035272 0.539496 0.068813 0.803280 -0.242796
4.825788 0.311088 -0.012278 0.035272 0.541814 0.100048 0.789241 -0.271160
4.828806 0.311088 -0.012278 0.035161 0.547180 0.116853 0.778480 -0.284442
4.831824 0.310976 -0.012278 0.035161 0.546405 0.126368 0.770119 -0.303956
4.834843 0.310976 -0.012390 0.035049 0.550798 0.143715 0.758836 -0.316444
4.837861 0.310865 -0.012390 0.035049 0.547507 0.155781 0.751700 -0.333040
4.840879 0.310865 -0.012390 0.034937 0.547759 0.159587 0.745999 -0.343478
4.843897 0.310753 -0.012390 0.034937 0.542202 0.177551 0.734276 -0.367874
4.846915 0.310641 -0.012390 0.034826 0.544316 0.175464 0.732162 -0.369961
4.849933 0.310530 -0.012390 0.034826 0.546825 0.193582 0.719990 -0.380949
4.852951 0.310530 -0.012390 0.034826 0.546765 0.197721 0.713662 -0.390692
4.855969 0.310418 -0.012390 0.034826 0.544560 0.203716 0.709327 -0.398509
4.858987 0.310418 -0.012502 0.034714 0.546720 0.201930 0.707167 -0.400296
4.862005 0.310307 -0.012502 0.034714 0.542151 0.213893 0.698201 -0.415736
4.865023 0.310307 -0.012502 0.034714 0.538566 0.205410 0.699213 -0.422913
4.868041 0.310307 -0.012502 0.034714 0.533922 0.217193 0.689753 -0.438173
4.871059 0.310195 -0.012502 0.034603 0.536369 0.215508 0.687306 -0.439858
4.874077 0.310195 -0.012502 0.034603 0.528449 0.214285 0.685276 -0.453013
4.877095 0.310195 -0.012502 0.034603 0.528449 0.214285 0.685276 -0.453013
4.880113 0.310307 -0.012613 0.034603 0.531090 0.212591 0.682635 -0.454707
4.883131 0.310307 -0.012613 0.034603 0.528722 0.218413 0.677598 -0.462179
4.886149 0.310307 -0.012613 0.034603 0.526291 0.224209 0.672480 -0.469595
4.889167 0.310307 -0.012613 0.034603 0.531418 0.216807 0.674902 -0.463785
4.892185 0.310307 -0.012725 0.034491 0.523865 0.215213 0.672117 -0.476977
4.895203 0.310307 -0.012725 0.034491 0.523865 0.215213 0.672117 -0.476977
4.898221 0.310418 -0.012725 0.034603 0.529004 0.222632 0.669766 -0.471171
4.901239 0.310418 -0.012836 0.034603 0.529004 0.222632 0.669766 -0.471171
4.904257 0.310418 -0.012836 0.034603 0.529004 0.222632 0.669766 -0.471171
4.907275 0.310418 -0.012948 0.034603 0.534080 0.230025 0.667334 -0.465309
4.910293 0.310418 -0.012948 0.034603 0.531520 0.235878 0.662182 -0.472612
4.913311 0.310418 -0.013060 0.034714 0.536450 0.243298 0.659735 -0.466666
4.916329 0.310307 -0.013060 0.034714 0.536450 0.243298 0.659735 -0.466666
4.919347 0.310307 -0.013171 0.034714 0.536450 0.243298 0.659735 -0.466666
4.922365 0.310307 -0.013171 0.034826 0.536222 0.257893 0.654414 -0.466583
4.925383 0.310307 -0.013283 0.034826 0.541088 0.265224 0.651727 -0.460578
4.928401 0.310195 -0.013283 0.034826 0.541088 0.265224 0.651727 -0.460578
4.931419 0.310195 -0.013283 0.034826 0.541088 0.265224 0.651727 -0.460578
4.934437 0.310195 -0.013395 0.034826 0.545888 0.272523 0.648962 -0.454517
4.937455 0.310083 -0.013395 0.034826 0.542861 0.278504 0.643929 -0.461619
4.940473 0.310083 -0.013395 0.034826 0.542861 0.278504 0.643929 -0.461619
4.943491 0.310083 -0.013395 0.034826 0.542861 0.278504 0.643929 -0.461619
4.946509 0.309972 -0.013395 0.034826 0.544885 0.277416 0.641906 -0.462707
4.949527 0.309972 -0.013395 0.034826 0.544885 0.277416 0.641906 -0.462707
4.952545 0.309972 -0.013395 0.034826 0.544885 0.277416 0.641906 -0.462707
4.955563 0.309972 -0.013395 0.034826 0.546932 0.276372 0.639858 -0.463751
4.958581 0.309972 -0.013395 0.034826 0.543863 0.282364 0.634725 -0.470752
4.961599 0.309972 -0.013395 0.034826 0.544733 0.267793 0.640037 -0.471069
4.964617 0.309972 -0.013395 0.034826 0.544733 0.267793 0.640037 -0.471069
4.967635 0.309972 -0.013395 0.034826 0.545944 0.281389 0.632644 -0.471728
4.970653 0.310083 -0.013395 0.034826 0.545944 0.281389 0.632644 -0.471728
4.973671 0.310083 -0.013395 0.034826 0.551093 0.274421 0.635698 -0.465701
4.976689 0.310083 -0.013395 0.034826 0.551093 0.274421 0.635698 -0.465701
4.979707 0.310083 -0.013395 0.034826 0.551093 0.274421 0.635698 -0.465701
4.982725 0.310083 -0.013395 0.034826 0.551093 0.274421 0.635698 -0.465701
4.985743 0.310083 -0.013395 0.034826 0.555142 0.282039 0.633526 -0.459255
4.988761 0.310083 -0.013395 0.034826 0.555142 0.282039 0.633526 -0.459255
4.991779 0.310083 -0.013395 0.034826 0.560154 0.275062 0.636587 -0.453128
4.994797 0.310083 -0.013506 0.034826 0.560154 0.275062 0.636587 -0.453128
4.997815 0.310083 -0.013506 0.034826 0.560154 0.275062 0.636587 -0.453128
5.000833 0.310083 -0.013506 0.034826 0.558208 0.275923 0.638533 -0.452267
5.003851 0.310083 -0.013506 0.034826 0.562273 0.283463 0.636214 -0.445791
5.006869 0.310083 -0.013506 0.034826 0.562273 0.283463 0.636214 -0.445791
5.009887 0.310083 -0.013506 0.034826 0.562273 0.283463 0.636214 -0.445791
5.012905 0.310083 -0.013506 0.034937 0.562273 0.283463 0.636214 -0.445791
5.015923 0.310083 -0.013506 0.034937 0.562273 0.283463 0.636214 -0.445791
5.018941 0.310083 -0.013506 0.034937 0.562273 0.283463 0.636214 -0.445791
5.021959 0.310083 -0.013506 0.034937 0.566271 0.290968 0.633819 -0.439260
5.024977 0.310195 -0.013506 0.034937 0.566271 0.290968 0.633819 -0.439260
5.027995 0.310195 -0.013506 0.034937 0.561411 0.297914 0.630584 -0.445455
5.031013 0.310195 -0.013506 0.034937 0.561411 0.297914 0.630584 -0.445455
5.034031 0.310195 -0.013506 0.035049 0.558104 0.304063 0.625652 -0.452355
5.037049 0.310195 -0.013506 0.035049 0.558104 0.304063 0.625652 -0.452355
5.040067 0.310195 -0.013506 0.035049 0.553101 0.310918 0.622274 -0.458459
5.043085 0.310195 -0.013506 0.035049 0.557092 0.318377 0.619709 -0.451935
5.046103 0.310195 -0.013506 0.035049 0.557092 0.318377 0.619709 -0.451935
5.049121 0.310195 -0.013506 0.035049 0.557092 0.318377 0.619709 -0.451935
5.052139 0.310195 -0.013506 0.035049 0.552093 0.325166 0.616174 -0.458028
5.055157 0.310195 -0.013506 0.035049 0.552093 0.325166 0.616174 -0.458028
5.058175 0.310195 -0.013506 0.035161 0.556089 0.332556 0.613454 -0.451493
5.061193 0.310195 -0.013506 0.035161 0.551095 0.339276 0.609763 -0.457575
5.064211 0.310195 -0.013506 0.035161 0.551095 0.339276 0.609763 -0.457575
5.067229 0.310083 -0.013506 0.035161 0.551095 0.339276 0.609763 -0.457575
5.070247 0.310083 -0.013506 0.035161 0.550108 0.353241 0.603044 -0.457100
5.073265 0.310083 -0.013506 0.035161 0.550108 0.353241 0.603044 -0.457100
5.076283 0.310083 -0.013506 0.035272 0.545053 0.359845 0.599127 -0.463116
5.079301 0.310083 -0.013618 0.035272 0.539932 0.366405 0.595137 -0.469076
5.082319 0.310083 -0.013618 0.035272 0.544082 0.373581 0.591951 -0.462608
5.085337 0.310083 -0.013618 0.035272 0.538967 0.380062 0.587811 -0.468558
5.088355 0.310083 -0.013618 0.035384 0.533787 0.386497 0.583600 -0.474451
5.091373 0.310083 -0.013729 0.035384 0.528542 0.392885 0.579318 -0.480286
5.094391 0.310083 -0.013729 0.035384 0.518816 0.404950 0.569593 -0.492351
5.097409 0.310083 -0.013729 0.035384 0.507873 0.417367 0.560558 -0.503631
5.100427 0.309972 -0.013729 0.035496 0.493146 0.421982 0.553904 -0.521467
5.103445 0.309972 -0.013841 0.035496 0.482655 0.433371 0.543414 -0.532856
5.106463 0.309972 -0.013841 0.035496 0.461325 0.443308 0.531384 -0.555238
5.109481 0.309972 -0.013841 0.035496 0.450236 0.454092 0.520295 -0.566022
5.112499 0.309972 -0.013841 0.035496 0.433781 0.469425 0.502606 -0.582118
5.115517 0.309972 -0.013841 0.035496 0.417589 0.472403 0.494473 -0.598290
5.118535 0.309972 -0.013953 0.035496 0.405717 0.482293 0.482601 -0.608181
5.121553 0.309972 -0.013953 0.035496 0.393631 0.491920 0.470514 -0.617808
5.124571 0.309972 -0.013953 0.035384 0.376802 0.494005 0.461735 -0.633072
5.127589 0.309972 -0.013953 0.035384 0.364319 0.503081 0.449252 -0.642148
5.130607 0.309972 -0.013953 0.035384 0.364319 0.503081 0.449252 -0.642148
5.133625 0.309972 -0.013953 0.035384 0.356143 0.519176 0.433027 -0.645063
5.136643 0.309972 -0.013953 0.035384 0.350418 0.523057 0.425914 -0.649782
5.139661 0.309972 -0.013953 0.035384 0.350418 0.523057 0.425914 -0.649782
5.142679 0.309860 -0.013953 0.035384 0.337440 0.531444 0.412936 -0.658168
5.145697 0.309860 -0.013953 0.035384 0.337440 0.531444 0.412936 -0.658168
5.148715 0.309860 -0.013953 0.035384 0.331581 0.535119 0.405680 -0.662665
5.151733 0.309860 -0.013841 0.035496 0.331581 0.535119 0.405680 -0.662665
5.154751 0.309860 -0.013841 0.035496 0.331581 0.535119 0.405680 -0.662665
5.157769 0.309860 -0.013841 0.035496 0.329887 0.546114 0.394962 -0.661014
5.160787 0.309860 -0.013841 0.035496 0.329887 0.546114 0.394962 -0.661014
5.163805 0.309860 -0.013841 0.035496 0.331157 0.545413 0.393691 -0.661715
5.166823 0.309749 -0.013841 0.035384 0.327101 0.537946 0.396957 -0.667865
5.169841 0.309749 -0.013841 0.035384 0.327101 0.537946 0.396957 -0.667865
5.172859 0.309749 -0.013841 0.035384 0.327101 0.537946 0.396957 -0.667865
5.175877 0.309749 -0.013841 0.035384 0.327101 0.537946 0.396957 -0.667865
5.178895 0.309749 -0.013841 0.035384 0.327101 0.537946 0.396957 -0.667865
5.181913 0.309749 -0.013841 0.035384 0.327101 0.537946 0.396957 -0.667865
5.184931 0.309749 -0.013841 0.035384 0.327101 0.537946 0.396957 -0.667865
5.187949 0.309749 -0.013841 0.035384 0.319744 0.542275 0.391023 -0.671418
5.190967 0.309749 -0.013841 0.035384 0.319744 0.542275 0.391023 -0.671418
5.193985 0.309749 -0.013841 0.035384 0.319744 0.542275 0.391023 -0.671418
5.197003 0.309749 -0.013841 0.035384 0.319744 0.542275 0.391023 -0.671418
5.200021 0.309749 -0.013953 0.035384 0.312349 0.546538 0.385042 -0.674891
5.203039 0.309749 -0.013953 0.035384 0.312349 0.546538 0.385042 -0.674891
5.206057 0.309749 -0.013953 0.035384 0.312349 0.546538 0.385042 -0.674891
5.209075 0.309749 -0.013953 0.035384 0.304915 0.550735 0.379015 -0.678281
5.212093 0.309749 -0.013953 0.035384 0.293087 0.547482 0.376487 -0.687474
5.215111 0.309749 -0.014064 0.035384 0.293087 0.547482 0.376487 -0.687474
5.218129 0.309749 -0.014064 0.035496 0.285516 0.551586 0.370449 -0.690653
5.221147 0.309749 -0.014176 0.035496 0.264109 0.562527 0.350565 -0.700653
5.224165 0.309637 -0.014176 0.035384 0.250159 0.569127 0.336614 -0.707253
5.227183 0.309637 -0.014287 0.035384 0.231602 0.568022 0.326240 -0.719221
5.230201 0.309637 -0.014399 0.035384 0.198607 0.572171 0.301417 -0.736426
5.233219 0.309637 -0.014399 0.035384 0.173447 0.571886 0.282462 -0.750385
5.236237 0.309637 -0.014511 0.035272 0.148241 0.570712 0.263146 -0.763588
5.239255 0.309525 -0.014734 0.035272 0.116768 0.569964 0.234960 -0.778653
5.242273 0.309525 -0.014846 0.035272 0.085374 0.567700 0.206198 -0.792408
5.245291 0.309525 -0.014957 0.035161 0.062973 0.561946 0.183109 -0.804191
5.248309 0.309525 -0.015069 0.035161 0.025963 0.557310 0.144366 -0.817245
5.251327 0.309525 -0.015180 0.035049 0.001452 0.540556 0.122893 -0.832283
5.254345 0.309525 -0.015180 0.035049 -0.013299 0.531640 0.107208 -0.840052
5.257363 0.309525 -0.015292 0.034937 -0.024976 0.531220 0.088726 -0.842205
5.260381 0.309525 -0.015404 0.035049 -0.042468 0.530108 0.060924 -0.844671
5.263399 0.309525 -0.015404 0.035049 -0.061146 0.538468 0.034220 -0.839728
5.266417 0.309525 -0.015515 0.035049 -0.067058 0.537763 0.024992 -0.840053
5.269435 0.309525 -0.015515 0.035049 -0.072962 0.536994 0.015762 -0.840277
5.272453 0.309525 -0.015515 0.035049 -0.084742 0.535261 -0.002704 -0.840420
5.275471 0.309414 -0.015515 0.035049 -0.093970 0.535199 -0.008584 -0.839439
5.278489 0.309414 -0.015515 0.035049 -0.103982 0.542035 -0.029076 -0.833391
5.281507 0.309414 -0.015515 0.035161 -0.119075 0.540407 -0.044170 -0.831763
5.284525 0.309302 -0.015515 0.035161 -0.117373 0.549367 -0.046252 -0.826003
5.287543 0.309302 -0.015515 0.035161 -0.132463 0.547403 -0.061341 -0.824039
5.290561 0.309190 -0.015515 0.035161 -0.138468 0.545915 -0.070391 -0.823316
5.293579 0.309190 -0.015515 0.035161 -0.138468 0.545915 -0.070391 -0.823316
5.296597 0.309079 -0.015515 0.035161 -0.142970 0.553285 -0.081412 -0.816583
5.299615 0.309079 -0.015515 0.035161 -0.149040 0.551681 -0.090379 -0.815639
5.302633 0.308967 -0.015404 0.035272 -0.149040 0.551681 -0.090379 -0.815639
5.305651 0.308967 -0.015404 0.035272 -0.155092 0.550010 -0.099334 -0.814597
5.308669 0.308856 -0.015404 0.035272 -0.159913 0.557175 -0.110049 -0.807387
5.311687 0.308856 -0.015404 0.035272 -0.166025 0.555384 -0.118912 -0.806129
5.314705 0.308856 -0.015292 0.035272 -0.164891 0.564232 -0.120603 -0.799942
5.317723 0.308856 -0.015292 0.035272 -0.162296 0.563774 -0.123198 -0.800400
5.320741 0.308744 -0.015292 0.035272 -0.167589 0.570776 -0.133425 -0.792670
5.323759 0.308744 -0.015292 0.035384 -0.173850 0.568901 -0.142125 -0.791157
5.326777 0.308744 -0.015180 0.035384 -0.170756 0.577361 -0.145758 -0.785017
5.329795 0.308744 -0.015180 0.035384 -0.177089 0.575450 -0.154373 -0.783368
5.332813 0.308632 -0.015180 0.035384 -0.182923 0.582194 -0.163995 -0.775045
5.335831 0.308632 -0.015180 0.035384 -0.180472 0.590679 -0.166953 -0.768541
5.338849 0.308632 -0.015180 0.035384 -0.178516 0.590552 -0.168908 -0.768668
5.341867 0.308632 -0.015180 0.035384 -0.184905 0.597165 -0.177916 -0.759967
5.344885 0.308521 -0.015180 0.035384 -0.183174 0.605652 -0.180087 -0.753128
5.347903 0.308521 -0.015180 0.035384 -0.196436 0.601481 -0.196590 -0.748990
5.350921 0.308521 -0.015180 0.035384 -0.194816 0.601501 -0.198211 -0.748970
5.353939 0.308521 -0.015180 0.035384 -0.208563 0.605530 -0.214501 -0.737444
5.356957 0.308409 -0.015180 0.035384 -0.207114 0.605611 -0.215950 -0.737363
5.359975 0.308409 -0.015180 0.035384 -0.205668 0.605724 -0.217396 -0.737250
5.362993 0.308409 -0.015292 0.035384 -0.210869 0.603589 -0.226924 -0.734657
5.366011 0.308409 -0.015292 0.035384 -0.216051 0.601444 -0.236417 -0.731911
5.369029 0.308409 -0.015292 0.035272 -0.214620 0.601683 -0.237848 -0.731672
5.372047 0.308409 -0.015292 0.035272 -0.217931 0.591290 -0.248649 -0.735565
5.375065 0.308409 -0.015404 0.035272 -0.222837 0.589232 -0.258292 -0.732417
5.378083 0.308409 -0.015404 0.035161 -0.218956 0.581385 -0.261590 -0.738661
5.381101 0.308409 -0.015404 0.035161 -0.215522 0.582398 -0.265024 -0.737649
5.384119 0.308409 -0.015404 0.035161 -0.213822 0.582960 -0.266723 -0.737086
5.387137 0.308409 -0.015515 0.035049 -0.204032 0.586474 -0.261983 -0.738772
5.390155 0.308409 -0.015515 0.035049 -0.202366 0.587129 -0.263649 -0.738117
5.393173 0.308409 -0.015515 0.035049 -0.197347 0.579856 -0.268046 -0.743622
5.396191 0.308521 -0.015515 0.034937 -0.189165 0.582765 -0.261659 -0.745745
5.399209 0.308521 -0.015627 0.034937 -0.179189 0.586440 -0.257014 -0.746943
5.402227 0.308521 -0.015627 0.034937 -0.170972 0.589229 -0.250555 -0.748866
5.405245 0.308521 -0.015739 0.034937 -0.166522 0.599706 -0.240822 -0.744733
5.408263 0.308521 -0.015739 0.034937 -0.151704 0.604019 -0.226004 -0.749046
5.411281 0.308521 -0.015850 0.034937 -0.147282 0.614122 -0.215979 -0.744658
5.414299 0.308521 -0.015850 0.034937 -0.139092 0.616458 -0.209219 -0.746231
5.417317 0.308521 -0.015850 0.034937 -0.132311 0.617949 -0.201008 -0.748484
5.420335 0.308521 -0.015962 0.034937 -0.127929 0.627669 -0.190706 -0.743840
5.423353 0.308521 -0.015962 0.034937 -0.121026 0.629036 -0.182522 -0.745890
5.426371 0.308521 -0.015962 0.034937 -0.116643 0.638480 -0.172062 -0.741035
5.429389 0.308521 -0.016073 0.034937 -0.108495 0.640332 -0.165037 -0.742272
5.432407 0.308521 -0.016073 0.035049 -0.112368 0.647691 -0.161396 -0.736085
5.435425 0.308521 -0.016073 0.035049 -0.097133 0.650532 -0.146162 -0.738925
5.438443 0.308521 -0.016073 0.035049 -0.097133 0.650532 -0.146162 -0.738925
5.441461 0.308521 -0.016073 0.035049 -0.100982 0.657815 -0.142490 -0.732652
5.444479 0.308521 -0.016073 0.035049 -0.100164 0.658280 -0.143307 -0.732187
5.447497 0.308521 -0.016073 0.035049 -0.100164 0.658280 -0.143307 -0.732187
5.450515 0.308409 -0.016073 0.035049 -0.092115 0.659815 -0.136067 -0.733243
5.453533 0.308409 -0.016073 0.035049 -0.096167 0.666892 -0.132152 -0.727009
5.456551 0.308409 -0.016073 0.035049 -0.095511 0.667295 -0.132808 -0.726607
5.459569 0.308409 -0.016073 0.035049 -0.095511 0.667295 -0.132808 -0.726607
5.462587 0.308409 -0.016073 0.035049 -0.094864 0.667712 -0.133455 -0.726190
5.465605 0.308297 -0.015962 0.035049 -0.106599 0.673397 -0.137139 -0.718587
5.468623 0.308297 -0.015962 0.035049 -0.098698 0.674863 -0.129732 -0.719714
5.471641 0.308297 -0.015962 0.035049 -0.098209 0.675209 -0.130221 -0.719368
5.474659 0.308186 -0.015850 0.034937 -0.105621 0.674089 -0.138116 -0.717894
5.477677 0.308186 -0.015850 0.035049 -0.109950 0.680837 -0.133876 -0.711652
5.480695 0.308186 -0.015850 0.035049 -0.109950 0.680837 -0.133876 -0.711652
5.483713 0.308074 -0.015850 0.035049 -0.109614 0.681104 -0.134212 -0.711386
5.486731 0.308074 -0.015739 0.035049 -0.122084 0.686001 -0.137088 -0.704063
5.489749 0.307963 -0.015739 0.035049 -0.121888 0.686168 -0.137284 -0.703896
5.492767 0.307963 -0.015739 0.035049 -0.126932 0.692176 -0.132272 -0.698058
5.495785 0.307851 -0.015739 0.035049 -0.126932 0.692176 -0.132272 -0.698058
5.498803 0.307851 -0.015739 0.035049 -0.132215 0.697872 -0.126989 -0.692364
5.501821 0.307851 -0.015739 0.035049 -0.139874 0.696377 -0.134588 -0.690927
5.504839 0.307739 -0.015739 0.035049 -0.132275 0.697814 -0.126929 -0.692422
5.507857 0.307739 -0.015850 0.035049 -0.145446 0.701692 -0.128983 -0.685447
5.510875 0.307739 -0.015850 0.035049 -0.137907 0.703067 -0.121266 -0.687003
5.513893 0.307739 -0.015962 0.035049 -0.137907 0.703067 -0.121266 -0.687003
5.516911 0.307628 -0.015962 0.035049 -0.130351 0.704356 -0.113535 -0.688477
5.519929 0.307628 -0.015962 0.035049 -0.128457 0.710664 -0.100058 -0.684430
5.522947 0.307628 -0.015962 0.035049 -0.136257 0.709210 -0.107571 -0.683289
5.525965 0.307628 -0.016073 0.035161 -0.128742 0.710349 -0.099773 -0.684745
5.528983 0.307628 -0.016073 0.035161 -0.128742 0.710349 -0.099773 -0.684745
5.532001 0.307628 -0.016073 0.035049 -0.121211 0.711402 -0.091963 -0.686118
5.535019 0.307628 -0.016185 0.035049 -0.127047 0.716227 -0.086051 -0.680788
5.538037 0.307628 -0.016185 0.035161 -0.119560 0.717129 -0.078177 -0.682143
5.541055 0.307628 -0.016185 0.035161 -0.125927 0.721213 -0.071714 -0.677386
5.544073 0.307628 -0.016185 0.035161 -0.125927 0.721213 -0.071714 -0.677386
5.547091 0.307628 -0.016185 0.035161 -0.132480 0.724934 -0.065042 -0.672822
5.550109 0.307628 -0.016185 0.035161 -0.125081 0.725604 -0.057074 -0.674237
5.553127 0.307516 -0.016185 0.035161 -0.139210 0.728285 -0.058170 -0.668460
5.556145 0.307516 -0.016185 0.035161 -0.138062 0.732820 -0.043807 -0.664827
5.559163 0.307516 -0.016297 0.035272 -0.145084 0.735490 -0.036609 -0.660807
5.562181 0.307516 -0.016297 0.035272 -0.145891 0.734289 -0.035802 -0.662007
5.565199 0.307404 -0.016297 0.035272 -0.153127 0.736411 -0.028369 -0.658366
5.568217 0.307404 -0.016297 0.035384 -0.160494 0.738138 -0.020782 -0.654952
5.571235 0.307404 -0.016297 0.035384 -0.167982 0.739464 -0.013053 -0.651770
5.574253 0.307293 -0.016297 0.035384 -0.190361 0.740883 -0.005353 -0.644070
5.577272 0.307181 -0.016408 0.035496 -0.191402 0.738839 -0.004312 -0.646114
5.580290 0.307181 -0.016408 0.035496 -0.214348 0.736539 -0.011362 -0.641433
5.583308 0.307181 -0.016408 0.035496 -0.230245 0.733654 -0.010150 -0.639246
5.586326 0.307070 -0.016520 0.035607 -0.246152 0.730087 -0.008815 -0.637420
5.589344 0.307070 -0.016520 0.035607 -0.255118 0.724710 -0.014857 -0.639914
5.592362 0.306958 -0.016520 0.035607 -0.277921 0.719904 -0.021349 -0.635643
5.595380 0.306958 -0.016520 0.035607 -0.286676 0.713969 -0.027468 -0.638209
5.598398 0.306846 -0.016632 0.035607 -0.295272 0.707911 -0.033708 -0.640734
5.601416 0.306846 -0.016632 0.035607 -0.311398 0.698356 -0.047134 -0.642735
5.604434 0.306846 -0.016632 0.035607 -0.326666 0.691346 -0.061244 -0.641544
5.607452 0.306846 -0.016632 0.035607 -0.327181 0.688424 -0.060729 -0.644466
5.610470 0.306846 -0.016632 0.035607 -0.335143 0.681851 -0.067387 -0.646697
5.613488 0.306846 -0.016743 0.035607 -0.335494 0.678879 -0.051564 -0.651083
5.616506 0.306846 -0.016743 0.035607 -0.343169 0.672027 -0.058477 -0.653602
5.619524 0.306846 -0.016743 0.035607 -0.350464 0.667681 -0.050249 -0.654868
5.622542 0.306735 -0.016743 0.035607 -0.335991 0.668624 -0.035567 -0.662410
5.625560 0.306735 -0.016855 0.035607 -0.336023 0.665323 -0.035535 -0.665711
5.628578 0.306735 -0.016855 0.035607 -0.328476 0.664127 -0.012910 -0.671470
5.631596 0.306735 -0.016966 0.035607 -0.321080 0.664229 -0.005613 -0.675038
5.634614 0.306735 -0.016966 0.035496 -0.313449 0.660788 0.001490 -0.681987
5.637632 0.306735 -0.016966 0.035496 -0.305938 0.660732 0.008749 -0.685389
5.640650 0.306735 -0.017078 0.035496 -0.290806 0.660380 0.023264 -0.691946
5.643668 0.306623 -0.017078 0.035496 -0.290421 0.656934 0.022879 -0.695392
5.646686 0.306623 -0.017078 0.035496 -0.282251 0.653438 0.045098 -0.700942
5.649704 0.306623 -0.017078 0.035384 -0.281689 0.649847 0.044536 -0.704533
5.652722 0.306623 -0.017190 0.035384 -0.266775 0.652403 0.043941 -0.708005
5.655740 0.306512 -0.017190 0.035384 -0.266126 0.648996 0.043293 -0.711411
5.658758 0.306512 -0.017190 0.035384 -0.258295 0.648482 0.050420 -0.714292
5.661776 0.306512 -0.017190 0.035272 -0.250411 0.648515 0.042026 -0.717605
5.664794 0.306512 -0.017190 0.035272 -0.257520 0.645724 0.034140 -0.718024
5.667812 0.306400 -0.017190 0.035272 -0.263734 0.639670 0.025385 -0.721541
5.670830 0.306400 -0.017190 0.035272 -0.263751 0.640467 0.009872 -0.721207
5.673848 0.306400 -0.017190 0.035161 -0.262831 0.637471 0.008952 -0.724203
5.676866 0.306400 -0.017190 0.035161 -0.261846 0.634495 0.007967 -0.727179
5.679884 0.306288 -0.017301 0.035161 -0.261920 0.635630 -0.007495 -0.726165
5.682902 0.306288 -0.017301 0.035049 -0.260895 0.632846 -0.008520 -0.728949
5.685920 0.306288 -0.017301 0.035049 -0.259970 0.631554 -0.024980 -0.730021
5.688938 0.306288 -0.017301 0.035049 -0.258860 0.628985 -0.026090 -0.732591
5.691956 0.306288 -0.017413 0.034937 -0.257971 0.628236 -0.042506 -0.732778
5.694974 0.306288 -0.017413 0.034937 -0.256797 0.625882 -0.043680 -0.735132
5.697992 0.306177 -0.017525 0.034826 -0.255571 0.623554 -0.044906 -0.737460
5.701010 0.306177 -0.017636 0.034826 -0.239795 0.626834 -0.046233 -0.739891
5.704028 0.306177 -0.017636 0.034714 -0.230364 0.625206 -0.040632 -0.744580
5.707046 0.306177 -0.017748 0.034714 -0.222854 0.628533 -0.048604 -0.743586
5.710064 0.306177 -0.017859 0.034603 -0.220243 0.624761 -0.051215 -0.747358
5.713082 0.306177 -0.017859 0.034603 -0.225706 0.620476 -0.060810 -0.748577
5.716100 0.306177 -0.017971 0.034603 -0.216021 0.619327 -0.055436 -0.752792
5.719118 0.306065 -0.017971 0.034603 -0.221308 0.615185 -0.065208 -0.753869
5.722136 0.306065 -0.018083 0.034603 -0.219765 0.613486 -0.066750 -0.755567
5.725154 0.306065 -0.018083 0.034603 -0.230089 0.602821 -0.070937 -0.760680
5.728172 0.305953 -0.018083 0.034603 -0.234925 0.598547 -0.081062 -0.761564
5.731190 0.305953 -0.018083 0.034714 -0.254521 0.590481 -0.106114 -0.758480
5.734208 0.305842 -0.017971 0.034714 -0.263651 0.578925 -0.111098 -0.763538
5.737226 0.305842 -0.017971 0.034714 -0.282585 0.569923 -0.136198 -0.759463
5.740244 0.305730 -0.017971 0.034826 -0.299144 0.556136 -0.147874 -0.761156
5.743262 0.305730 -0.017971 0.034826 -0.315194 0.541834 -0.159672 -0.762610
5.746280 0.305619 -0.017971 0.034937 -0.318665 0.536684 -0.170503 -0.762464
5.749298 0.305619 -0.017971 0.034937 -0.333849 0.521679 -0.182607 -0.763578
5.752316 0.305507 -0.017859 0.034937 -0.350858 0.510394 -0.207670 -0.757146
5.755334 0.305507 -0.017859 0.034937 -0.353700 0.504996 -0.218720 -0.756331
5.758352 0.305395 -0.017859 0.034937 -0.356433 0.499658 -0.229809 -0.755305
5.761370 0.305395 -0.017859 0.034937 -0.367325 0.491706 -0.246349 -0.750073
5.764388 0.305395 -0.017971 0.034937 -0.362070 0.498743 -0.252955 -0.745771
5.767406 0.305284 -0.017971 0.034937 -0.364788 0.493597 -0.263872 -0.744086
5.770424 0.305284 -0.018083 0.034826 -0.359981 0.500945 -0.269985 -0.739308
5.773442 0.305284 -0.018083 0.034826 -0.355422 0.508409 -0.275773 -0.734265
5.776460 0.305172 -0.018194 0.034826 -0.358486 0.503653 -0.286323 -0.732011
5.779478 0.305172 -0.018194 0.034826 -0.354410 0.511373 -0.291578 -0.726549
5.782496 0.305172 -0.018306 0.034714 -0.360007 0.507449 -0.299542 -0.723302
5.785514 0.305172 -0.018417 0.034714 -0.356282 0.515295 -0.304390 -0.717552
5.788532 0.305060 -0.018417 0.034714 -0.360625 0.519786 -0.314617 -0.707664
5.791550 0.305060 -0.018529 0.034714 -0.366314 0.515793 -0.322372 -0.704165
5.794568 0.305060 -0.018529 0.034714 -0.371958 0.511738 -0.330089 -0.700581
5.797586 0.304949 -0.018641 0.034826 -0.390704 0.499617 -0.350911 -0.688908
5.800604 0.304949 -0.018641 0.034826 -0.403671 0.491327 -0.363878 -0.680618
5.803622 0.304949 -0.018641 0.034826 -0.422595 0.469703 -0.381886 -0.674504
5.806640 0.304949 -0.018641 0.034937 -0.435067 0.460728 -0.394358 -0.665529
5.809658 0.304837 -0.018752 0.034937 -0.452272 0.446538 -0.413816 -0.651774
5.812676 0.304837 -0.018752 0.034937 -0.464890 0.428428 -0.423607 -0.648755
5.815694 0.304837 -0.018752 0.035049 -0.474605 0.409585 -0.435681 -0.645889
5.818712 0.304837 -0.018641 0.035049 -0.486424 0.390902 -0.445014 -0.642301
5.821730 0.304837 -0.018641 0.035161 -0.497914 0.371964 -0.454022 -0.638426
5.824748 0.304837 -0.018641 0.035161 -0.502068 0.357844 -0.458795 -0.639830
5.827766 0.304837 -0.018641 0.035161 -0.505910 0.343635 -0.463598 -0.641129
5.830784 0.304837 -0.018641 0.035161 -0.509655 0.338057 -0.470613 -0.635997
5.833802 0.304837 -0.018641 0.035161 -0.513027 0.323730 -0.475456 -0.637137
5.836820 0.304837 -0.018641 0.035161 -0.513027 0.323730 -0.475456 -0.637137
5.839838 0.304837 -0.018641 0.035272 -0.509042 0.314590 -0.476895 -0.643802
5.842856 0.304837 -0.018641 0.035272 -0.508442 0.305788 -0.474830 -0.650013
5.845874 0.304837 -0.018641 0.035272 -0.508442 0.305788 -0.474830 -0.650013
5.848892 0.304837 -0.018641 0.035272 -0.500542 0.302123 -0.469416 -0.661686
5.851910 0.304837 -0.018641 0.035272 -0.500542 0.302123 -0.469416 -0.661686
5.854928 0.304837 -0.018641 0.035272 -0.493242 0.307262 -0.466068 -0.667145
5.857946 0.304949 -0.018641 0.035272 -0.493242 0.307262 -0.466068 -0.667145
5.860964 0.304949 -0.018641 0.035272 -0.493242 0.307262 -0.466068 -0.667145
5.863982 0.304949 -0.018641 0.035272 -0.485883 0.312364 -0.462665 -0.672523
5.867000 0.304949 -0.018641 0.035272 -0.485883 0.312364 -0.462665 -0.672523
5.870018 0.304949 -0.018641 0.035272 -0.485883 0.312364 -0.462665 -0.672523
5.873036 0.304949 -0.018641 0.035272 -0.485883 0.312364 -0.462665 -0.672523
5.876054 0.304949 -0.018641 0.035161 -0.486746 0.321269 -0.464495 -0.666415
5.879072 0.304949 -0.018641 0.035161 -0.486746 0.321269 -0.464495 -0.666415
5.882090 0.304949 -0.018641 0.035161 -0.486746 0.321269 -0.464495 -0.666415
5.885108 0.304949 -0.018641 0.035161 -0.483187 0.326597 -0.457146 -0.671478
5.888126 0.304949 -0.018641 0.035161 -0.483187 0.326597 -0.457146 -0.671478
5.891144 0.304949 -0.018641 0.035161 -0.483187 0.326597 -0.457146 -0.671478
5.894162 0.304949 -0.018641 0.035161 -0.476555 0.340493 -0.455275 -0.670585
5.897180 0.304949 -0.018641 0.035161 -0.476555 0.340493 -0.455275 -0.670585
5.900198 0.304949 -0.018641 0.035161 -0.476555 0.340493 -0.455275 -0.670585
5.903216 0.304949 -0.018752 0.035161 -0.476555 0.340493 -0.455275 -0.670585
5.906234 0.304949 -0.018752 0.035161 -0.472786 0.345708 -0.447880 -0.675546
5.909252 0.304949 -0.018752 0.035161 -0.472786 0.345708 -0.447880 -0.675546
5.912270 0.304949 -0.018752 0.035161 -0.472786 0.345708 -0.447880 -0.675546
5.915288 0.304949 -0.018752 0.035161 -0.465336 0.350608 -0.444055 -0.680700
5.918306 0.305060 -0.018752 0.035161 -0.466023 0.359486 -0.445716 -0.674484
5.921324 0.305060 -0.018752 0.035161 -0.462046 0.364585 -0.438279 -0.679340
5.924342 0.305060 -0.018752 0.035161 -0.462046 0.364585 -0.438279 -0.679340
5.927360 0.305060 -0.018752 0.035161 -0.454555 0.369377 -0.434248 -0.684375
5.930378 0.305060 -0.018864 0.035161 -0.454555 0.369377 -0.434248 -0.684375
5.933396 0.305060 -0.018864 0.035161 -0.450469 0.374349 -0.426703 -0.689105
5.936414 0.305060 -0.018864 0.035161 -0.442871 0.379014 -0.422564 -0.694012
5.939432 0.305060 -0.018864 0.035161 -0.438681 0.383857 -0.414914 -0.698612
5.942450 0.305060 -0.018976 0.035161 -0.438681 0.383857 -0.414914 -0.698612
5.945468 0.305060 -0.018976 0.035161 -0.438681 0.383857 -0.414914 -0.698612
5.948486 0.305060 -0.018976 0.035161 -0.434437 0.388653 -0.407214 -0.703128
5.951504 0.305060 -0.018976 0.035161 -0.426686 0.393103 -0.402920 -0.707859
5.954522 0.305060 -0.019087 0.035161 -0.422692 0.406683 -0.396776 -0.706052
5.957540 0.305060 -0.019087 0.035161 -0.422692 0.406683 -0.396776 -0.706052
5.960558 0.305060 -0.019087 0.035161 -0.418198 0.411303 -0.388996 -0.710368
5.963576 0.305060 -0.019087 0.035161 -0.418198 0.411303 -0.388996 -0.710368
5.966594 0.305060 -0.019199 0.035161 -0.413654 0.415872 -0.381168 -0.714599
5.969612 0.305172 -0.019199 0.035161 -0.413654 0.415872 -0.381168 -0.714599
5.972630 0.305172 -0.019199 0.035161 -0.405779 0.420035 -0.376576 -0.719100
5.975648 0.305172 -0.019199 0.035161 -0.401140 0.424467 -0.368653 -0.723194
5.978666 0.305172 -0.019199 0.035161 -0.401140 0.424467 -0.368653 -0.723194
5.981684 0.305172 -0.019310 0.035161 -0.401140 0.424467 -0.368653 -0.723194
5.984702 0.305172 -0.019310 0.035161 -0.388439 0.432785 -0.355953 -0.731512
5.987720 0.305172 -0.019310 0.035049 -0.388439 0.432785 -0.355953 -0.731512
5.990738 0.305172 -0.019310 0.035049 -0.388439 0.432785 -0.355953 -0.731512
5.993756 0.305172 -0.019310 0.035049 -0.380379 0.436670 -0.351177 -0.735735
5.996774 0.305172 -0.019310 0.035049 -0.375559 0.440822 -0.343073 -0.739549
5.999792 0.305172 -0.019310 0.035049 -0.367412 0.444565 -0.338209 -0.743630
6.002810 0.305172 -0.019422 0.035049 -0.367412 0.444565 -0.338209 -0.743630
6.005828 0.305172 -0.019422 0.035161 -0.367412 0.444565 -0.338209 -0.743630
6.008846 0.305172 -0.019422 0.035161 -0.354274 0.452173 -0.325071 -0.751238
6.011864 0.305172 -0.019422 0.035161 -0.354179 0.443153 -0.323502 -0.757310
6.014882 0.305172 -0.019422 0.035161 -0.354179 0.443153 -0.323502 -0.757310
6.017900 0.305172 -0.019422 0.035161 -0.345837 0.446680 -0.318614 -0.761156
6.020918 0.305172 -0.019422 0.035161 -0.340909 0.450453 -0.310233 -0.764610
6.023936 0.305172 -0.019534 0.035161 -0.340805 0.441361 -0.308659 -0.770572
6.026954 0.305172 -0.019534 0.035161 -0.340805 0.441361 -0.308659 -0.770572
6.029972 0.305172 -0.019534 0.035161 -0.340805 0.441361 -0.308659 -0.770572
6.032990 0.305172 -0.019534 0.035161 -0.340805 0.441361 -0.308659 -0.770572
6.036008 0.305172 -0.019534 0.035161 -0.327413 0.448349 -0.295267 -0.777561
6.039026 0.305172 -0.019534 0.035272 -0.327305 0.439185 -0.293693 -0.783411
6.042044 0.305172 -0.019534 0.035272 -0.327305 0.439185 -0.293693 -0.783411
6.045062 0.305172 -0.019534 0.035272 -0.332110 0.435563 -0.302282 -0.780137
6.048080 0.305172 -0.019422 0.035272 -0.332110 0.435563 -0.302282 -0.780137
6.051098 0.305172 -0.019422 0.035272 -0.332110 0.435563 -0.302282 -0.780137
6.054116 0.305172 -0.019422 0.035272 -0.332110 0.435563 -0.302282 -0.780137
6.057134 0.305172 -0.019422 0.035272 -0.331861 0.426348 -0.300735 -0.785910
6.060152 0.305172 -0.019422 0.035272 -0.327907 0.426049 -0.304688 -0.786209
6.063170 0.305172 -0.019422 0.035272 -0.327907 0.426049 -0.304688 -0.786209
6.066188 0.305172 -0.019310 0.035272 -0.327907 0.426049 -0.304688 -0.786209
6.069206 0.305172 -0.019310 0.035272 -0.327907 0.426049 -0.304688 -0.786209
6.072224 0.305172 -0.019310 0.035272 -0.323329 0.416550 -0.307394 -0.792120
6.075242 0.305172 -0.019310 0.035272 -0.323329 0.416550 -0.307394 -0.792120
6.078260 0.305172 -0.019310 0.035272 -0.323329 0.416550 -0.307394 -0.792120
6.081278 0.305172 -0.019310 0.035272 -0.314608 0.419902 -0.302799 -0.795624
6.084296 0.305172 -0.019310 0.035272 -0.313889 0.410550 -0.301610 -0.801220
6.087314 0.305172 -0.019310 0.035272 -0.313889 0.410550 -0.301610 -0.801220
6.090332 0.305060 -0.019310 0.035272 -0.313889 0.410550 -0.301610 -0.801220
6.093350 0.305060 -0.019310 0.035272 -0.305067 0.413839 -0.297082 -0.804620
6.096368 0.305060 -0.019310 0.035272 -0.304250 0.404425 -0.295960 -0.810111
6.099386 0.305060 -0.019310 0.035272 -0.304250 0.404425 -0.295960 -0.810111
6.102404 0.305060 -0.019310 0.035272 -0.295332 0.407652 -0.291499 -0.813405
6.105422 0.305060 -0.019310 0.035272 -0.295332 0.407652 -0.291499 -0.813405
6.108440 0.305060 -0.019310 0.035272 -0.290027 0.401388 -0.281433 -0.821929
6.111458 0.305060 -0.019310 0.035272 -0.290027 0.401388 -0.281433 -0.821929
6.114476 0.305060 -0.019310 0.035272 -0.280980 0.404455 -0.277006 -0.825066
6.117494 0.305060 -0.019310 0.035272 -0.280980 0.404455 -0.277006 -0.825066
6.120512 0.305060 -0.019310 0.035272 -0.280980 0.404455 -0.277006 -0.825066
6.123530 0.304949 -0.019310 0.035384 -0.271898 0.407474 -0.272546 -0.828103
6.126548 0.304949 -0.019310 0.035384 -0.271898 0.407474 -0.272546 -0.828103
6.129566 0.304949 -0.019310 0.035384 -0.270939 0.397918 -0.271609 -0.833356
6.132584 0.304949 -0.019310 0.035384 -0.257347 0.403730 -0.258018 -0.839167
6.135602 0.304949 -0.019310 0.035384 -0.257347 0.403730 -0.258018 -0.839167
6.138620 0.304949 -0.019310 0.035384 -0.257347 0.403730 -0.258018 -0.839167
6.141638 0.304949 -0.019310 0.035384 -0.257347 0.403730 -0.258018 -0.839167
6.144656 0.304949 -0.019310 0.035384 -0.248113 0.406540 -0.253567 -0.841944
6.147674 0.304949 -0.019310 0.035384 -0.248113 0.406540 -0.253567 -0.841944
6.150692 0.304949 -0.019310 0.035384 -0.248113 0.406540 -0.253567 -0.841944
6.153710 0.304949 -0.019310 0.035384 -0.248113 0.406540 -0.253567 -0.841944
6.156728 0.304949 -0.019310 0.035384 -0.248113 0.406540 -0.253567 -0.841944
6.159746 0.304949 -0.019310 0.035384 -0.248113 0.406540 -0.253567 -0.841944
6.162764 0.304949 -0.019310 0.035384 -0.252564 0.403790 -0.262801 -0.839107
6.165782 0.304949 -0.019310 0.035384 -0.252564 0.403790 -0.262801 -0.839107
6.168800 0.304949 -0.019310 0.035384 -0.252564 0.403790 -0.262801 -0.839107
6.171818 0.304949 -0.019199 0.035384 -0.252564 0.403790 -0.262801 -0.839107
6.174836 0.304837 -0.019199 0.035384 -0.252564 0.403790 -0.262801 -0.839107
6.177854 0.304837 -0.019199 0.035384 -0.252564 0.403790 -0.262801 -0.839107
6.180872 0.304837 -0.019199 0.035384 -0.252564 0.403790 -0.262801 -0.839107
6.183890 0.304837 -0.019199 0.035384 -0.261767 0.400878 -0.267221 -0.836282
6.186908 0.304837 -0.019199 0.035384 -0.261767 0.400878 -0.267221 -0.836282
6.189926 0.304837 -0.019199 0.035384 -0.261767 0.400878 -0.267221 -0.836282
6.192944 0.304837 -0.019199 0.035384 -0.261767 0.400878 -0.267221 -0.836282
6.195962 0.304837 -0.019199 0.035384 -0.261767 0.400878 -0.267221 -0.836282
6.198980 0.304837 -0.019199 0.035384 -0.266155 0.397978 -0.276393 -0.833296
6.201998 0.304837 -0.019199 0.035384 -0.266155 0.397978 -0.276393 -0.833296
6.205016 0.304837 -0.019199 0.035384 -0.266155 0.397978 -0.276393 -0.833296
6.208034 0.304837 -0.019199 0.035384 -0.266155 0.397978 -0.276393 -0.833296
6.211052 0.304837 -0.019310 0.035384 -0.266155 0.397978 -0.276393 -0.833296
6.214070 0.304837 -0.019310 0.035384 -0.266155 0.397978 -0.276393 -0.833296
6.217088 0.304837 -0.019310 0.035384 -0.270512 0.395030 -0.285531 -0.830209
6.220106 0.304837 -0.019310 0.035384 -0.270512 0.395030 -0.285531 -0.830209
6.223124 0.304837 -0.019310 0.035272 -0.274835 0.392035 -0.294634 -0.827022
6.226142 0.304837 -0.019310 0.035272 -0.280562 0.398503 -0.304303 -0.818462
6.229160 0.304837 -0.019310 0.035272 -0.284923 0.395397 -0.313276 -0.815070
6.232178 0.304837 -0.019310 0.035272 -0.295255 0.398453 -0.331495 -0.802602
6.235196 0.304837 -0.019422 0.035161 -0.314562 0.394379 -0.366539 -0.781770
6.238214 0.304837 -0.019534 0.035161 -0.335741 0.376513 -0.408909 -0.760467
6.241232 0.304837 -0.019534 0.035161 -0.358956 0.366465 -0.449493 -0.731307
6.244250 0.304726 -0.019645 0.035049 -0.412151 0.336128 -0.528182 -0.661947
6.247268 0.304614 -0.019757 0.035049 -0.444597 0.306744 -0.582491 -0.607409
6.250286 0.304502 -0.019869 0.034937 -0.472984 0.264771 -0.630382 -0.555699
6.253304 0.304391 -0.019980 0.034937 -0.504441 0.203749 -0.689790 -0.477719
6.256322 0.304279 -0.020092 0.034937 -0.526533 0.144889 -0.735215 -0.401532
6.259340 0.304167 -0.020092 0.034937 -0.544172 0.104099 -0.764040 -0.330580
6.262358 0.304167 -0.020203 0.034937 -0.561391 0.052638 -0.786642 -0.251521
6.265376 0.304056 -0.020203 0.034826 -0.563639 0.015545 -0.801502 -0.199159
6.268394 0.303944 -0.020203 0.034826 -0.571126 -0.023510 -0.809683 -0.132951
6.271412 0.303833 -0.020315 0.034714 -0.567970 -0.045866 -0.816314 -0.094541
6.274430 0.303721 -0.020315 0.034714 -0.572946 -0.073632 -0.814972 -0.046170
6.277448 0.303609 -0.020427 0.034714 -0.568040 -0.104978 -0.816277 -0.001355
6.280466 0.303498 -0.020427 0.034714 -0.561863 -0.127044 -0.816566 0.037293
6.283484 0.303386 -0.020538 0.034714 -0.554040 -0.157701 -0.813286 0.082070
6.286502 0.303275 -0.020427 0.034603 -0.552779 -0.183743 -0.802129 0.131390
6.289520 0.303275 -0.020427 0.034603 -0.550721 -0.213037 -0.787448 0.176770
6.292538 0.303163 -0.020538 0.034491 -0.551956 -0.228107 -0.775061 0.206378
6.295556 0.303051 -0.020650 0.034491 -0.541402 -0.252135 -0.765247 0.240228
6.298574 0.302940 -0.020650 0.034603 -0.521022 -0.277876 -0.760394 0.270412
6.301592 0.302828 -0.020762 0.034603 -0.502703 -0.294306 -0.757489 0.294761
6.304610 0.302828 -0.020873 0.034714 -0.485658 -0.324258 -0.740291 0.333110
6.307628 0.302716 -0.020873 0.034714 -0.470944 -0.345281 -0.724942 0.365310
6.310646 0.302716 -0.020985 0.034603 -0.468056 -0.362196 -0.706053 0.388880
6.313664 0.302605 -0.021096 0.034714 -0.455866 -0.377423 -0.692854 0.411935
6.316682 0.302605 -0.021208 0.034714 -0.429753 -0.397590 -0.681012 0.439837
6.319700 0.302493 -0.021320 0.034826 -0.402707 -0.416481 -0.667974 0.467100
6.322719 0.302493 -0.021543 0.034937 -0.374788 -0.434051 -0.653777 0.493669
6.325737 0.302493 -0.021654 0.035049 -0.337477 -0.447324 -0.644635 0.520054
6.328755 0.302493 -0.021878 0.035049 -0.322553 -0.458202 -0.627148 0.541014
6.331773 0.302493 -0.021989 0.035049 -0.301093 -0.475244 -0.603795 0.564729
6.334791 0.302382 -0.022213 0.035161 -0.270523 -0.487612 -0.585593 0.588331
6.337809 0.302382 -0.022324 0.035161 -0.248840 -0.499025 -0.559181 0.613489
6.340827 0.302382 -0.022547 0.035272 -0.203645 -0.506417 -0.537955 0.642397
6.343845 0.302382 -0.022659 0.035384 -0.171681 -0.513772 -0.516690 0.663020
6.346863 0.302270 -0.022882 0.035384 -0.141409 -0.526137 -0.481313 0.686673
6.349881 0.302270 -0.023106 0.035496 -0.102873 -0.531423 -0.450607 0.709902
6.352899 0.302270 -0.023217 0.035496 -0.079427 -0.535429 -0.418985 0.729012
6.355917 0.302158 -0.023329 0.035384 -0.062841 -0.544378 -0.380913 0.744721
6.358935 0.302158 -0.023440 0.035384 -0.039528 -0.553294 -0.333885 0.762118
6.361953 0.302047 -0.023552 0.035384 -0.000672 -0.564356 -0.271347 0.779662
6.364971 0.301935 -0.023552 0.035384 0.033090 -0.572806 -0.216483 0.789894
6.367989 0.301935 -0.023664 0.035272 0.058924 -0.577165 -0.167502 0.797089
6.371007 0.301823 -0.023775 0.035272 0.078963 -0.581227 -0.127181 0.799853
6.374025 0.301823 -0.023887 0.035161 0.109753 -0.591545 -0.066701 0.795977
6.377043 0.301712 -0.023887 0.035161 0.121724 -0.608225 -0.017148 0.784188
6.380061 0.301712 -0.023887 0.035049 0.154879 -0.615044 0.041833 0.772000
6.383079 0.301600 -0.023887 0.035049 0.188798 -0.619456 0.099655 0.755446
6.386097 0.301600 -0.023999 0.035049 0.220261 -0.616485 0.143685 0.742150
6.389115 0.301600 -0.023999 0.035049 0.258333 -0.608898 0.194809 0.724263
6.392133 0.301489 -0.023999 0.035049 0.286130 -0.609425 0.240477 0.699215
6.395151 0.301489 -0.023999 0.035049 0.317099 -0.600738 0.280997 0.677940
6.398169 0.301489 -0.024110 0.035049 0.348318 -0.590596 0.319483 0.654066
6.401187 0.301489 -0.024110 0.035161 0.378130 -0.578326 0.357354 0.628375
6.404205 0.301377 -0.024110 0.035161 0.407277 -0.564372 0.393639 0.600548
6.407223 0.301377 -0.024110 0.035272 0.438454 -0.541432 0.425214 0.577757
6.410241 0.301377 -0.024110 0.035272 0.465617 -0.524180 0.458417 0.546159
6.413259 0.301377 -0.024110 0.035272 0.493939 -0.497893 0.487467 0.520098
6.416277 0.301377 -0.024110 0.035384 0.513633 -0.483338 0.511670 0.490672
6.419295 0.301377 -0.024110 0.035384 0.532693 -0.467891 0.534408 0.460135
6.422313 0.301377 -0.024110 0.035384 0.546328 -0.457665 0.550641 0.434584
6.425331 0.301377 -0.024110 0.035384 0.561113 -0.439413 0.564663 0.416203
6.428349 0.301265 -0.024110 0.035384 0.578898 -0.421962 0.583097 0.383175
6.431367 0.301265 -0.024110 0.035272 0.590824 -0.417813 0.596064 0.347946
6.434385 0.301265 -0.024110 0.035272 0.603580 -0.405647 0.607165 0.320145
6.437403 0.301265 -0.024110 0.035161 0.611073 -0.407232 0.613396 0.290684
6.440421 0.301265 -0.024110 0.035161 0.620738 -0.401102 0.617568 0.269093
6.443439 0.301154 -0.024110 0.035161 0.633372 -0.387804 0.624973 0.240535
6.446457 0.301154 -0.024222 0.035049 0.641337 -0.388416 0.627271 0.210596
6.449475 0.301154 -0.024222 0.035049 0.651674 -0.381239 0.627921 0.188924
6.452493 0.301154 -0.024222 0.034937 0.664052 -0.366737 0.631587 0.160116
6.455511 0.301154 -0.024222 0.034937 0.673672 -0.352219 0.636390 0.130828
6.458529 0.301042 -0.024222 0.034937 0.686441 -0.337011 0.638557 0.086413
6.461547 0.301042 -0.024222 0.034937 0.697464 -0.321260 0.637990 0.057484
6.464565 0.301042 -0.024222 0.034937 0.705064 -0.305863 0.639182 0.027932
6.467583 0.301042 -0.024110 0.035049 0.714792 -0.275417 0.642819 -0.000999
6.470601 0.301042 -0.024110 0.035049 0.723192 -0.244640 0.645164 -0.030128
6.473619 0.301042 -0.023999 0.035161 0.732555 -0.205554 0.645515 -0.066493
6.476637 0.301042 -0.023887 0.035161 0.738789 -0.181322 0.640843 -0.103118
6.479655 0.301042 -0.023887 0.035161 0.744555 -0.141698 0.637290 -0.139360
6.482673 0.301042 -0.023887 0.035272 0.748179 -0.117225 0.629049 -0.175452
6.485691 0.301042 -0.023775 0.035272 0.749436 -0.085658 0.623904 -0.204332
6.488709 0.301042 -0.023664 0.035272 0.750731 -0.061238 0.612545 -0.239669
6.491727 0.301042 -0.023552 0.035272 0.752341 -0.036466 0.604315 -0.259724
6.494745 0.301042 -0.023552 0.035272 0.755061 -0.010354 0.586836 -0.292231
6.497763 0.301042 -0.023552 0.035384 0.755106 0.006238 0.580274 -0.305054
6.500781 0.300930 -0.023440 0.035272 0.752955 0.030446 0.563719 -0.338162
6.503799 0.300930 -0.023440 0.035272 0.754234 0.040092 0.550147 -0.356178
6.506817 0.300930 -0.023440 0.035272 0.758893 0.052255 0.532461 -0.371264
6.509835 0.300930 -0.023329 0.035272 0.762232 0.055489 0.511089 -0.393334
6.512853 0.300819 -0.023329 0.035161 0.767626 0.060100 0.496266 -0.401071
6.515871 0.300819 -0.023329 0.035161 0.770931 0.063834 0.473301 -0.421398
6.518889 0.300707 -0.023329 0.035049 0.776498 0.069215 0.457513 -0.427718
6.521907 0.300707 -0.023329 0.035049 0.777296 0.079864 0.440579 -0.441953
6.524925 0.300707 -0.023329 0.035049 0.778855 0.082021 0.428171 -0.450918
6.527943 0.300596 -0.023329 0.034937 0.781828 0.086436 0.402781 -0.468018
6.530961 0.300596 -0.023329 0.034937 0.787450 0.093060 0.385601 -0.471777
6.533979 0.300596 -0.023329 0.034937 0.787776 0.104167 0.367105 -0.483520
6.536997 0.300484 -0.023329 0.034937 0.789117 0.106658 0.353654 -0.490761
6.540015 0.300484 -0.023329 0.034937 0.781060 0.127729 0.341403 -0.507024
6.543033 0.300484 -0.023329 0.034937 0.782218 0.130125 0.327619 -0.513681
6.546051 0.300484 -0.023329 0.034937 0.779170 0.147280 0.316254 -0.520755
6.549069 0.300484 -0.023329 0.034937 0.772658 0.161534 0.294629 -0.538609
6.552087 0.300484 -0.023329 0.034937 0.768923 0.178471 0.282724 -0.544952
6.555105 0.300372 -0.023329 0.035049 0.764816 0.195322 0.270683 -0.551032
6.558123 0.300372 -0.023329 0.035049 0.751770 0.223178 0.249941 -0.567946
6.561141 0.300372 -0.023440 0.035161 0.743354 0.245600 0.245831 -0.571553
6.564159 0.300372 -0.023440 0.035161 0.734857 0.269962 0.226863 -0.579344
6.567177 0.300372 -0.023552 0.035272 0.722286 0.288377 0.210924 -0.592159
6.570195 0.300372 -0.023552 0.035272 0.712391 0.312022 0.191296 -0.598788
6.573213 0.300372 -0.023552 0.035272 0.708704 0.335717 0.159979 -0.599533
6.576231 0.300372 -0.023552 0.035272 0.697256 0.358889 0.140136 -0.604479
6.579249 0.300261 -0.023552 0.035384 0.680816 0.389173 0.113445 -0.610052
6.582267 0.300261 -0.023664 0.035384 0.663062 0.418707 0.086535 -0.614447
6.585285 0.300261 -0.023664 0.035384 0.660432 0.434839 0.062433 -0.608972
6.588303 0.300149 -0.023664 0.035384 0.652266 0.458530 0.032060 -0.602719
6.591321 0.300149 -0.023664 0.035384 0.636509 0.482421 -0.003033 -0.601762
6.594339 0.300149 -0.023664 0.035384 0.631892 0.499234 -0.025895 -0.592290
6.597357 0.300038 -0.023664 0.035272 0.614510 0.522553 -0.060343 -0.587941
6.600375 0.300038 -0.023775 0.035272 0.596217 0.545250 -0.094431 -0.581644
6.603393 0.300038 -0.023775 0.035272 0.583236 0.560914 -0.121745 -0.574795
6.606411 0.299926 -0.023775 0.035272 0.569795 0.576249 -0.148684 -0.566713
6.609429 0.299926 -0.023775 0.035272 0.550497 0.594713 -0.167278 -0.561506
6.612447 0.299926 -0.023887 0.035272 0.536120 0.609237 -0.193467 -0.551340
6.615465 0.299926 -0.023887 0.035272 0.515753 0.626573 -0.211530 -0.544665
6.618483 0.299926 -0.023999 0.035272 0.501862 0.637753 -0.223446 -0.539886
6.621501 0.299926 -0.023999 0.035272 0.474698 0.651256 -0.248285 -0.537477
6.624519 0.299926 -0.024110 0.035272 0.466123 0.658701 -0.267226 -0.526718
6.627537 0.299926 -0.024110 0.035272 0.438225 0.676337 -0.277420 -0.523035
6.630555 0.299926 -0.024222 0.035384 0.415700 0.690410 -0.294505 -0.513609
6.633573 0.299926 -0.024222 0.035384 0.392149 0.709189 -0.296814 -0.505146
6.636591 0.299926 -0.024333 0.035384 0.376473 0.717633 -0.307840 -0.498503
6.639609 0.299926 -0.024445 0.035384 0.365994 0.729189 -0.310726 -0.487627
6.642627 0.299926 -0.024557 0.035384 0.349035 0.741985 -0.306870 -0.483181
6.645645 0.299926 -0.024668 0.035384 0.329569 0.756582 -0.314332 -0.469214
6.648663 0.299926 -0.024668 0.035384 0.309479 0.770607 -0.321177 -0.455229
6.651681 0.299814 -0.024780 0.035384 0.275326 0.783459 -0.340866 -0.440680
6.654699 0.299814 -0.024780 0.035496 0.256750 0.793473 -0.336228 -0.437528
6.657717 0.299814 -0.024891 0.035496 0.239772 0.809009 -0.332769 -0.421044
6.660735 0.299703 -0.025003 0.035496 0.226470 0.817789 -0.332975 -0.411168
6.663753 0.299703 -0.025226 0.035384 0.212871 0.826275 -0.332871 -0.401439
6.666771 0.299703 -0.025226 0.035384 0.198983 0.834455 -0.332463 -0.391866
6.669789 0.299703 -0.025338 0.035384 0.194056 0.840240 -0.327537 -0.386081
6.672807 0.299591 -0.025450 0.035384 0.175549 0.844300 -0.335941 -0.378792
6.675825 0.299591 -0.025561 0.035384 0.161026 0.851684 -0.334846 -0.369573
6.678843 0.299591 -0.025561 0.035384 0.142275 0.855016 -0.342885 -0.362127
6.681861 0.299591 -0.025673 0.035496 0.127506 0.855336 -0.342780 -0.366939
6.684879 0.299479 -0.025784 0.035496 0.118102 0.856685 -0.346791 -0.363151
6.687897 0.299479 -0.025896 0.035496 0.108683 0.857931 -0.350760 -0.359319
6.690915 0.299479 -0.025896 0.035496 0.089807 0.860112 -0.358569 -0.351526
6.693933 0.299479 -0.026008 0.035496 0.080352 0.861047 -0.362410 -0.347565
6.696951 0.299479 -0.026008 0.035496 0.070888 0.861877 -0.366206 -0.343563
6.699969 0.299368 -0.026008 0.035496 0.051935 0.863227 -0.373666 -0.335434
6.702987 0.299368 -0.026008 0.035496 0.042448 0.863745 -0.377329 -0.331309
6.706005 0.299368 -0.026008 0.035496 0.023461 0.864469 -0.384517 -0.322938
6.709023 0.299256 -0.026008 0.035496 0.013962 0.864675 -0.388041 -0.318694
6.712041 0.299256 -0.026008 0.035496 -0.001632 0.869060 -0.385425 -0.310129
6.715059 0.299256 -0.026008 0.035384 -0.020726 0.868814 -0.392146 -0.301586
6.718077 0.299145 -0.026008 0.035384 -0.027002 0.872826 -0.385870 -0.297574
6.721095 0.299145 -0.026008 0.035384 -0.046172 0.872022 -0.392315 -0.289024
6.724113 0.299145 -0.026008 0.035384 -0.062236 0.875123 -0.388980 -0.281035
6.727131 0.299145 -0.026008 0.035384 -0.081448 0.873545 -0.395060 -0.272421
6.730149 0.299033 -0.025896 0.035384 -0.100621 0.871544 -0.400950 -0.263676
6.733167 0.299033 -0.025896 0.035384 -0.116939 0.873538 -0.397074 -0.256103
6.736185 0.299033 -0.025896 0.035384 -0.133378 0.875128 -0.393014 -0.248798
6.739203 0.299033 -0.025896 0.035384 -0.147133 0.870587 -0.394775 -0.254131
6.742221 0.299033 -0.025896 0.035384 -0.163520 0.871489 -0.390713 -0.247208
6.745239 0.299033 -0.025896 0.035384 -0.182627 0.867686 -0.396050 -0.238564
6.748257 0.299033 -0.025896 0.035384 -0.205457 0.860066 -0.400874 -0.239528
6.751275 0.298921 -0.025896 0.035384 -0.221756 0.859754 -0.396618 -0.233112
6.754293 0.298921 -0.025896 0.035384 -0.234749 0.853641 -0.399144 -0.238482
6.757311 0.298921 -0.025896 0.035384 -0.253448 0.848277 -0.404288 -0.229655
6.760329 0.298921 -0.025896 0.035384 -0.260262 0.849860 -0.397474 -0.228072
6.763347 0.298921 -0.025896 0.035384 -0.282087 0.840026 -0.402906 -0.229021
6.766365 0.298921 -0.025896 0.035384 -0.288813 0.841279 -0.396179 -0.227767
6.769383 0.298921 -0.025784 0.035384 -0.307227 0.834731 -0.401088 -0.219008
6.772401 0.298921 -0.025784 0.035384 -0.319275 0.827167 -0.404410 -0.224299
6.775419 0.298921 -0.025784 0.035272 -0.334985 0.824399 -0.400207 -0.219053
6.778437 0.298921 -0.025784 0.035272 -0.344022 0.820670 -0.402590 -0.214644
6.781455 0.298921 -0.025784 0.035272 -0.361970 0.812913 -0.407208 -0.205746
6.784473 0.298921 -0.025784 0.035272 -0.368645 0.813337 -0.400533 -0.205323
6.787491 0.298921 -0.025784 0.035272 -0.375328 0.813614 -0.393850 -0.205046
6.790509 0.298921 -0.025784 0.035161 -0.393114 0.805171 -0.398260 -0.196343
6.793527 0.298921 -0.025896 0.035161 -0.397800 0.809492 -0.389379 -0.186713
6.796545 0.298810 -0.025896 0.035161 -0.415489 0.800557 -0.393387 -0.178113
6.799563 0.298810 -0.025896 0.035161 -0.432796 0.791158 -0.391151 -0.183734
6.802581 0.298810 -0.025896 0.035161 -0.441461 0.786355 -0.393146 -0.179426
6.805599 0.298810 -0.025896 0.035161 -0.456728 0.780781 -0.388439 -0.175773
6.808617 0.298698 -0.026008 0.035161 -0.472414 0.775002 -0.388975 -0.157781
6.811635 0.298698 -0.026008 0.035161 -0.489327 0.764436 -0.392348 -0.149197
6.814653 0.298698 -0.026008 0.035272 -0.507166 0.749000 -0.399174 -0.149805
6.817671 0.298586 -0.026119 0.035272 -0.523500 0.737677 -0.402369 -0.140998
6.820689 0.298586 -0.026119 0.035384 -0.540479 0.721362 -0.409366 -0.141203
6.823707 0.298475 -0.026231 0.035384 -0.566099 0.693779 -0.425689 -0.130353
6.826725 0.298475 -0.026343 0.035496 -0.583195 0.671487 -0.440188 -0.123380
6.829743 0.298363 -0.026343 0.035607 -0.606719 0.641901 -0.455610 -0.110793
6.832761 0.298363 -0.026454 0.035719 -0.628556 0.616479 -0.465814 -0.088819
6.835779 0.298252 -0.026566 0.035719 -0.649619 0.584956 -0.479849 -0.074603
6.838797 0.298252 -0.026566 0.035830 -0.675992 0.534089 -0.504761 -0.054773
6.841815 0.298140 -0.026677 0.035942 -0.698981 0.492616 -0.517383 -0.032715
6.844833 0.298140 -0.026789 0.036054 -0.719148 0.444124 -0.534119 -0.017274
6.847851 0.298028 -0.026789 0.036054 -0.732670 0.408375 -0.544449 0.000951
6.850869 0.297917 -0.026901 0.036165 -0.748639 0.363809 -0.553634 0.025896
6.853887 0.297917 -0.027012 0.036165 -0.763302 0.324486 -0.555561 0.058582
6.856905 0.297805 -0.027124 0.036165 -0.778413 0.276121 -0.557716 0.082354
6.859923 0.297693 -0.027124 0.036165 -0.792399 0.232967 -0.552354 0.112851
6.862941 0.297693 -0.027236 0.036165 -0.805517 0.195089 -0.543214 0.134166
6.865959 0.297582 -0.027236 0.036054 -0.814996 0.165401 -0.535011 0.148956
6.868977 0.297470 -0.027347 0.036054 -0.822848 0.120405 -0.526025 0.178105
6.871995 0.297359 -0.027459 0.036054 -0.832656 0.094956 -0.508891 0.196718
6.875013 0.297359 -0.027570 0.035942 -0.839944 0.054043 -0.489165 0.228674
6.878031 0.297247 -0.027570 0.035942 -0.844202 0.022348 -0.478430 0.240683
6.881049 0.297247 -0.027682 0.035942 -0.847033 -0.018931 -0.464730 0.257297
6.884067 0.297135 -0.027794 0.035830 -0.844716 -0.065408 -0.449903 0.282425
6.887085 0.297135 -0.027794 0.035830 -0.844294 -0.097646 -0.438160 0.292659
6.890103 0.297024 -0.027905 0.035830 -0.842087 -0.140178 -0.412278 0.318224
6.893121 0.297024 -0.028017 0.035719 -0.837010 -0.167851 -0.401568 0.331637
6.896139 0.296912 -0.028240 0.035830 -0.824131 -0.207785 -0.395887 0.347717
6.899157 0.296912 -0.028352 0.035830 -0.807934 -0.242279 -0.390840 0.368495
6.902175 0.296800 -0.028463 0.035830 -0.792229 -0.281633 -0.371203 0.394036
6.905193 0.296800 -0.028575 0.035942 -0.772798 -0.314523 -0.363790 0.414145
6.908211 0.296800 -0.028687 0.035942 -0.760331 -0.334293 -0.363743 0.421706
6.911229 0.296689 -0.028910 0.035942 -0.738544 -0.365731 -0.354756 0.441522
6.914247 0.296689 -0.029021 0.036054 -0.719654 -0.388311 -0.349758 0.457145
6.917265 0.296577 -0.029133 0.036054 -0.705800 -0.407736 -0.335170 0.472502
6.920283 0.296466 -0.029245 0.036054 -0.675267 -0.440287 -0.318750 0.498558
6.923301 0.296466 -0.029468 0.036165 -0.664833 -0.451094 -0.308317 0.509364
6.926319 0.296354 -0.029468 0.036165 -0.637737 -0.478404 -0.294922 0.526728
6.929337 0.296354 -0.029580 0.036165 -0.615698 -0.502177 -0.271904 0.542957
6.932355 0.296242 -0.029580 0.036165 -0.598816 -0.522193 -0.253865 0.551622
6.935373 0.296242 -0.029580 0.036165 -0.587636 -0.539689 -0.226880 0.558520
6.938391 0.296131 -0.029691 0.036165 -0.569413 -0.554794 -0.208472 0.569660
6.941409 0.296019 -0.029691 0.036165 -0.550878 -0.573446 -0.174701 0.580666
6.944427 0.296019 -0.029691 0.036165 -0.518665 -0.598694 -0.142454 0.593514
6.947445 0.295908 -0.029580 0.036165 -0.498387 -0.619446 -0.107838 0.596881
6.950463 0.295908 -0.029580 0.036165 -0.470693 -0.640743 -0.081512 0.601042
6.953481 0.295796 -0.029580 0.036054 -0.468927 -0.653233 -0.052416 0.592154
6.956499 0.295796 -0.029468 0.036054 -0.433226 -0.673451 -0.018954 0.598681
6.959517 0.295684 -0.029468 0.035942 -0.409753 -0.691217 0.015276 0.595052
6.962535 0.295684 -0.029468 0.035942 -0.393254 -0.703859 0.042651 0.590012
6.965553 0.295573 -0.029468 0.035942 -0.374808 -0.720962 0.068186 0.578864
6.968571 0.295461 -0.029580 0.035830 -0.369766 -0.733750 0.093972 0.562186
6.971589 0.295461 -0.029580 0.035719 -0.357684 -0.746836 0.111458 0.549431
6.974607 0.295349 -0.029580 0.035607 -0.339013 -0.758439 0.136510 0.539635
6.977625 0.295349 -0.029691 0.035607 -0.317217 -0.774783 0.158308 0.523472
6.980643 0.295238 -0.029691 0.035496 -0.291513 -0.784816 0.175472 0.517971
6.983661 0.295238 -0.029803 0.035496 -0.285700 -0.793811 0.184445 0.504202
6.986679 0.295126 -0.030026 0.035384 -0.279411 -0.802870 0.192832 0.490046
6.989697 0.295015 -0.030138 0.035272 -0.272635 -0.811971 0.200618 0.475526
6.992715 0.295015 -0.030249 0.035272 -0.265365 -0.821091 0.207786 0.460670
6.995733 0.294903 -0.030361 0.035161 -0.252255 -0.829066 0.208762 0.453250
6.998751 0.294903 -0.030473 0.035161 -0.238893 -0.836760 0.209489 0.445956
7.001769 0.294903 -0.030584 0.035161 -0.225285 -0.844165 0.209975 0.438797
7.004787 0.294791 -0.030696 0.035161 -0.215997 -0.846589 0.214783 0.436464
7.007805 0.294791 -0.030807 0.035161 -0.202075 -0.853543 0.214957 0.429445
7.010823 0.294791 -0.030919 0.035161 -0.173839 -0.859739 0.228992 0.422129
7.013841 0.294791 -0.031031 0.035049 -0.168983 -0.864111 0.224136 0.417756
7.016859 0.294680 -0.031142 0.035049 -0.163541 -0.874702 0.218409 0.400559
7.019877 0.294680 -0.031254 0.034937 -0.144283 -0.878084 0.227157 0.395664
7.022895 0.294680 -0.031366 0.035049 -0.124886 -0.881168 0.222250 0.398186
7.025913 0.294680 -0.031366 0.035049 -0.101169 -0.881108 0.240640 0.394342
7.028931 0.294680 -0.031477 0.035049 -0.077432 -0.880449 0.245734 0.398031
7.031949 0.294680 -0.031477 0.035049 -0.062378 -0.884679 0.244716 0.391874
7.034967 0.294680 -0.031589 0.035049 -0.047057 -0.888729 0.256344 0.377140
7.037985 0.294680 -0.031589 0.035049 -0.031598 -0.892401 0.254780 0.371092
7.041003 0.294680 -0.031700 0.035049 -0.021792 -0.892694 0.258841 0.368271
7.044021 0.294680 -0.031700 0.035049 0.001688 -0.889815 0.264340 0.371956
7.047039 0.294568 -0.031812 0.035049 0.015517 -0.886740 0.278169 0.368881
7.050057 0.294568 -0.031924 0.035161 0.029152 -0.883208 0.279814 0.375230
7.053075 0.294568 -0.032035 0.035161 0.038853 -0.882835 0.283919 0.372134
7.056093 0.294568 -0.032147 0.035161 0.052364 -0.878855 0.285772 0.378425
7.059111 0.294568 -0.032259 0.035161 0.062016 -0.878227 0.289912 0.375263
7.062129 0.294456 -0.032370 0.035161 0.062016 -0.878227 0.289912 0.375263
7.065148 0.294456 -0.032482 0.035161 0.071660 -0.877493 0.294018 0.372055
7.068166 0.294345 -0.032593 0.035161 0.075743 -0.874209 0.303640 0.371246
7.071184 0.294345 -0.032705 0.035272 0.085343 -0.873325 0.307700 0.367888
7.074202 0.294233 -0.032928 0.035272 0.089379 -0.869891 0.317276 0.366928
7.077220 0.294233 -0.033040 0.035272 0.098931 -0.868857 0.321288 0.363420
7.080238 0.294233 -0.033151 0.035272 0.108470 -0.867718 0.325261 0.359868
7.083256 0.294122 -0.033263 0.035272 0.123765 -0.868873 0.334659 0.343139
7.086274 0.294122 -0.033263 0.035272 0.133201 -0.867360 0.349383 0.328445
7.089292 0.294010 -0.033375 0.035272 0.152226 -0.864224 0.356515 0.320689
7.092310 0.294010 -0.033486 0.035272 0.180260 -0.858415 0.377238 0.297189
7.095328 0.293898 -0.033486 0.035384 0.198449 -0.853711 0.393759 0.277038
7.098346 0.293898 -0.033486 0.035384 0.220093 -0.844701 0.409056 0.265918
7.101364 0.293898 -0.033598 0.035496 0.246747 -0.836178 0.426995 0.239995
7.104382 0.293898 -0.033598 0.035496 0.279062 -0.817843 0.452750 0.219715
7.107400 0.293898 -0.033598 0.035607 0.299249 -0.806440 0.466356 0.206440
7.110418 0.293787 -0.033598 0.035607 0.325751 -0.789638 0.489841 0.174397
7.113436 0.293787 -0.033598 0.035719 0.353312 -0.772986 0.503844 0.154288
7.116454 0.293787 -0.033710 0.035830 0.373266 -0.753710 0.523799 0.135013
7.119472 0.293787 -0.033710 0.035942 0.396561 -0.729143 0.543805 0.123962
7.122490 0.293787 -0.033710 0.036054 0.417848 -0.709584 0.555277 0.116448
7.125508 0.293787 -0.033710 0.036165 0.427940 -0.692553 0.571877 0.100963
7.128526 0.293675 -0.033821 0.036277 0.448240 -0.671757 0.582495 0.092318
7.131544 0.293675 -0.033821 0.036388 0.456509 -0.660342 0.590764 0.080903
7.134562 0.293675 -0.033821 0.036388 0.464525 -0.648748 0.598781 0.069308
7.137580 0.293675 -0.033821 0.036500 0.479255 -0.631753 0.607136 0.050874
7.140598 0.293563 -0.033821 0.036500 0.486166 -0.626450 0.607659 0.044201
7.143616 0.293563 -0.033821 0.036500 0.497634 -0.609063 0.616240 0.040647
7.146634 0.293563 -0.033821 0.036612 0.504295 -0.603559 0.616649 0.033875
7.149652 0.293563 -0.033821 0.036612 0.517434 -0.592333 0.617244 0.020318
7.152670 0.293563 -0.033821 0.036500 0.523910 -0.586613 0.617430 0.013536
7.155688 0.293452 -0.033821 0.036500 0.526388 -0.586337 0.615729 -0.001705
7.158706 0.293452 -0.033821 0.036500 0.522469 -0.598488 0.607304 -0.004422
7.161724 0.293452 -0.033821 0.036388 0.525103 -0.598106 0.605106 -0.019570
7.164742 0.293452 -0.033821 0.036277 0.528077 -0.604250 0.595973 -0.028867
7.167760 0.293452 -0.033821 0.036277 0.534683 -0.598412 0.595619 -0.035412
7.170778 0.293452 -0.033821 0.036165 0.537978 -0.604327 0.585995 -0.044480
7.173796 0.293452 -0.033821 0.036054 0.534238 -0.609576 0.583270 -0.052950
7.176814 0.293452 -0.033821 0.036054 0.537867 -0.615219 0.573040 -0.061881
7.179832 0.293452 -0.033821 0.035942 0.534888 -0.626555 0.563176 -0.064473
7.182850 0.293452 -0.033821 0.035830 0.535332 -0.636718 0.548941 -0.081696
7.185868 0.293452 -0.033933 0.035719 0.532618 -0.647525 0.538440 -0.084333
7.188886 0.293452 -0.033933 0.035719 0.532618 -0.647525 0.538440 -0.084333
7.191904 0.293452 -0.033933 0.035607 0.528975 -0.652262 0.534902 -0.092845
7.194922 0.293452 -0.034044 0.035607 0.529963 -0.658099 0.527704 -0.087028
7.197940 0.293452 -0.034044 0.035496 0.529963 -0.658099 0.527704 -0.087028
7.200958 0.293340 -0.034044 0.035496 0.523562 -0.669649 0.521303 -0.075478
7.203976 0.293340 -0.034156 0.035496 0.523562 -0.669649 0.521303 -0.075478
7.206994 0.293340 -0.034156 0.035496 0.524359 -0.675336 0.513915 -0.069722
7.210012 0.293340 -0.034156 0.035384 0.516908 -0.681056 0.514649 -0.064072
7.213030 0.293229 -0.034268 0.035384 0.520370 -0.676513 0.518151 -0.055364
7.216048 0.293229 -0.034268 0.035384 0.512906 -0.682189 0.518728 -0.049669
7.219066 0.293229 -0.034268 0.035384 0.516774 -0.683297 0.514596 -0.035242
7.222084 0.293229 -0.034268 0.035384 0.516774 -0.683297 0.514596 -0.035242
7.225102 0.293229 -0.034268 0.035384 0.512577 -0.684337 0.518186 -0.020758
7.228120 0.293229 -0.034268 0.035384 0.512577 -0.684337 0.518186 -0.020758
7.231138 0.293117 -0.034268 0.035384 0.515956 -0.685345 0.513860 -0.006258
7.234156 0.293117 -0.034379 0.035496 0.515956 -0.685345 0.513860 -0.006258
7.237174 0.293117 -0.034379 0.035496 0.511567 -0.686281 0.516961 0.008290
7.240192 0.293117 -0.034379 0.035496 0.511567 -0.686281 0.516961 0.008290
7.243210 0.293117 -0.034379 0.035496 0.514677 -0.681507 0.519962 0.017191
7.246228 0.293117 -0.034379 0.035496 0.507159 -0.687120 0.519742 0.022902
7.249246 0.293117 -0.034379 0.035496 0.509879 -0.687997 0.515055 0.037436
7.252264 0.293117 -0.034379 0.035496 0.505285 -0.688716 0.517345 0.052083
7.255282 0.293117 -0.034379 0.035496 0.508218 -0.683791 0.520015 0.061067
7.258300 0.293005 -0.034379 0.035496 0.503602 -0.684357 0.521821 0.075781
7.261318 0.293005 -0.034491 0.035607 0.501836 -0.679714 0.525587 0.099542
7.264336 0.293005 -0.034491 0.035607 0.497196 -0.680026 0.526582 0.114332
7.267354 0.292894 -0.034603 0.035607 0.487901 -0.680344 0.527597 0.143962
7.270372 0.292894 -0.034603 0.035607 0.483250 -0.680350 0.527617 0.158786
7.273390 0.292894 -0.034603 0.035719 0.479362 -0.680576 0.521271 0.187898
7.276408 0.292782 -0.034714 0.035719 0.467053 -0.685490 0.518221 0.208355
7.279426 0.292782 -0.034826 0.035719 0.457473 -0.684552 0.515343 0.237758
7.282444 0.292671 -0.034826 0.035719 0.447943 -0.683194 0.511175 0.267005
7.285462 0.292559 -0.034937 0.035719 0.428104 -0.691932 0.502302 0.292660
7.288480 0.292559 -0.035049 0.035719 0.415174 -0.695146 0.487976 0.326010
7.291498 0.292447 -0.035049 0.035719 0.402722 -0.698322 0.480391 0.345523
7.294516 0.292447 -0.035161 0.035719 0.393235 -0.695321 0.471515 0.373588
7.297534 0.292336 -0.035161 0.035830 0.380900 -0.697892 0.462331 0.392571
7.300552 0.292336 -0.035161 0.035830 0.368595 -0.700174 0.452487 0.411277
7.303570 0.292224 -0.035272 0.035830 0.359495 -0.696152 0.440587 0.438200
7.306588 0.292224 -0.035272 0.035830 0.355013 -0.693992 0.434196 0.451458
7.309606 0.292224 -0.035272 0.035830 0.339680 -0.701624 0.424172 0.460889
7.312624 0.292224 -0.035272 0.035942 0.338603 -0.693140 0.415277 0.482130
7.315642 0.292112 -0.035272 0.035942 0.334301 -0.690642 0.407886 0.494859
7.318660 0.292112 -0.035161 0.035942 0.332159 -0.689810 0.410028 0.495691
7.321678 0.292112 -0.035161 0.035942 0.328078 -0.687258 0.402194 0.508214
7.324696 0.292112 -0.035161 0.036054 0.329754 -0.680245 0.401583 0.516972
7.327714 0.292112 -0.035161 0.036054 0.322261 -0.683827 0.395880 0.521352
7.330732 0.292112 -0.035161 0.036054 0.322261 -0.683827 0.395880 0.521352
7.333750 0.292001 -0.035049 0.036054 0.324301 -0.676851 0.394799 0.529939
7.336768 0.292001 -0.035049 0.036054 0.316846 -0.680373 0.388953 0.534244
7.339786 0.292001 -0.035049 0.036054 0.322696 -0.676059 0.396405 0.530731
7.342804 0.292001 -0.035049 0.036054 0.319246 -0.673453 0.387410 0.542639
7.345822 0.291889 -0.035049 0.036054 0.325188 -0.669156 0.394786 0.539099
7.348840 0.291889 -0.035049 0.036054 0.317817 -0.672688 0.388839 0.543403
7.351858 0.291889 -0.035049 0.036054 0.317817 -0.672688 0.388839 0.543403
7.354876 0.291778 -0.035049 0.036054 0.317817 -0.672688 0.388839 0.543403
7.357894 0.291778 -0.035049 0.036054 0.327957 -0.662301 0.392803 0.547272
7.360912 0.291666 -0.035049 0.036054 0.327957 -0.662301 0.392803 0.547272
7.363930 0.291666 -0.035049 0.036054 0.320661 -0.665864 0.386767 0.551555
7.366948 0.291666 -0.035161 0.036054 0.320661 -0.665864 0.386767 0.551555
7.369966 0.291666 -0.035161 0.036054 0.320661 -0.665864 0.386767 0.551555
7.372984 0.291666 -0.035161 0.036054 0.320661 -0.665864 0.386767 0.551555
7.376002 0.291666 -0.035272 0.036054 0.319413 -0.665124 0.388014 0.552295
7.379020 0.291554 -0.035272 0.036054 0.323777 -0.659103 0.384337 0.559497
7.382038 0.291554 -0.035272 0.036054 0.323777 -0.659103 0.384337 0.559497
7.385056 0.291554 -0.035384 0.036054 0.317610 -0.663285 0.377073 0.563021
7.388074 0.291554 -0.035384 0.036054 0.310304 -0.666735 0.370865 0.567129
7.391092 0.291554 -0.035496 0.036054 0.310304 -0.666735 0.370865 0.567129
7.394110 0.291666 -0.035496 0.036054 0.302961 -0.670103 0.364612 0.571169
7.397128 0.291666 -0.035607 0.036054 0.302961 -0.670103 0.364612 0.571169
7.400146 0.291666 -0.035607 0.036054 0.295581 -0.673391 0.358315 0.575141
7.403164 0.291666 -0.035719 0.036054 0.300026 -0.667393 0.354424 0.582198
7.406182 0.291666 -0.035830 0.036054 0.286220 -0.674431 0.340618 0.589237
7.409200 0.291666 -0.035830 0.036054 0.278793 -0.677535 0.334124 0.592943
7.412218 0.291666 -0.035942 0.036054 0.264763 -0.684115 0.320093 0.599523
7.415236 0.291554 -0.035942 0.036054 0.264763 -0.684115 0.320093 0.599523
7.418254 0.291554 -0.036054 0.036054 0.261752 -0.681011 0.309381 0.609913
7.421272 0.291554 -0.036165 0.036054 0.247502 -0.687129 0.295130 0.616031
7.424290 0.291554 -0.036165 0.036054 0.237593 -0.686887 0.276588 0.628677
7.427308 0.291443 -0.036277 0.036054 0.230033 -0.689456 0.269664 0.631678
7.430326 0.291443 -0.036388 0.036054 0.219963 -0.688708 0.250815 0.643731
7.433344 0.291331 -0.036500 0.036054 0.205269 -0.693719 0.236120 0.648741
7.436362 0.291331 -0.036500 0.036054 0.194935 -0.692249 0.217003 0.660077
7.439380 0.291219 -0.036612 0.036054 0.184469 -0.690372 0.197750 0.671009
7.442398 0.291219 -0.036723 0.036054 0.181360 -0.686083 0.185925 0.679581
7.445416 0.291108 -0.036835 0.036054 0.163257 -0.685431 0.158826 0.691596
7.448434 0.290996 -0.036835 0.035942 0.140447 -0.690340 0.136084 0.696554
7.451452 0.290996 -0.036947 0.035942 0.125178 -0.693210 0.120815 0.699424
7.454470 0.290885 -0.037058 0.035942 0.114301 -0.689304 0.101009 0.708232
7.457488 0.290773 -0.037058 0.035830 0.091112 -0.692399 0.078029 0.711473
7.460506 0.290773 -0.037170 0.035830 0.072488 -0.688352 0.050270 0.719993
7.463524 0.290773 -0.037281 0.035830 0.072488 -0.688352 0.050270 0.719993
7.466542 0.290661 -0.037281 0.035830 0.061447 -0.682922 0.030305 0.727271
7.469560 0.290661 -0.037393 0.035830 0.045944 -0.683760 0.014802 0.728109
7.472578 0.290550 -0.037393 0.035719 0.022908 -0.684550 -0.008719 0.728554
7.475596 0.290550 -0.037505 0.035719 0.007382 -0.684535 -0.024245 0.728539
7.478614 0.290550 -0.037505 0.035719 -0.008139 -0.684179 -0.039766 0.728183
7.481632 0.290438 -0.037616 0.035719 -0.011041 -0.677457 -0.052347 0.733614
7.484650 0.290438 -0.037616 0.035719 -0.018483 -0.677295 -0.060403 0.732995
7.487668 0.290438 -0.037728 0.035830 -0.021162 -0.670480 -0.073156 0.738009
7.490686 0.290326 -0.037728 0.035830 -0.035888 -0.669853 -0.089353 0.736223
7.493704 0.290326 -0.037840 0.035830 -0.058658 -0.667704 -0.112849 0.733482
7.496722 0.290326 -0.037951 0.035830 -0.068182 -0.659875 -0.133923 0.736193
7.499740 0.290215 -0.037951 0.035830 -0.082663 -0.658218 -0.150066 0.733073
7.502758 0.290215 -0.038063 0.035830 -0.097105 -0.656243 -0.166136 0.729599
7.505776 0.290103 -0.038174 0.035830 -0.111500 -0.653951 -0.182126 0.725773
7.508794 0.290103 -0.038286 0.035830 -0.132989 -0.649921 -0.205943 0.719377
7.511812 0.289992 -0.038398 0.035719 -0.162149 -0.642625 -0.236611 0.710462
7.514830 0.289992 -0.038509 0.035719 -0.183237 -0.636933 -0.259894 0.702279
7.517848 0.289880 -0.038509 0.035719 -0.217337 -0.633510 -0.284563 0.685896
7.520866 0.289880 -0.038621 0.035607 -0.258779 -0.624811 -0.315150 0.665826
7.523884 0.289880 -0.038733 0.035607 -0.293117 -0.609022 -0.350808 0.648157
7.526902 0.289768 -0.038844 0.035496 -0.326365 -0.599924 -0.372504 0.628345
7.529920 0.289768 -0.038956 0.035384 -0.365457 -0.576600 -0.412801 0.602967
7.532938 0.289768 -0.039067 0.035384 -0.396830 -0.555133 -0.445017 0.579926
7.535956 0.289768 -0.039179 0.035272 -0.434140 -0.535486 -0.469082 0.552032
7.538974 0.289768 -0.039179 0.035272 -0.468630 -0.505333 -0.504266 0.520328
7.541992 0.289768 -0.039179 0.035272 -0.490377 -0.484257 -0.526637 0.497672
7.545010 0.289768 -0.039291 0.035272 -0.508796 -0.453580 -0.560211 0.470697
7.548028 0.289768 -0.039291 0.035272 -0.533094 -0.424388 -0.585046 0.439802
7.551046 0.289768 -0.039291 0.035272 -0.547760 -0.392490 -0.615581 0.408620
7.554064 0.289768 -0.039402 0.035272 -0.556495 -0.366360 -0.640195 0.382418
7.557082 0.289768 -0.039402 0.035384 -0.556156 -0.353584 -0.655819 0.368199
7.560100 0.289768 -0.039402 0.035496 -0.562922 -0.327742 -0.678542 0.339536
7.563118 0.289768 -0.039402 0.035496 -0.561567 -0.315813 -0.693045 0.323410
7.566136 0.289768 -0.039402 0.035607 -0.559914 -0.304406 -0.707059 0.306432
7.569154 0.289657 -0.039402 0.035719 -0.564246 -0.279412 -0.726775 0.274506
7.572172 0.289657 -0.039402 0.035719 -0.558960 -0.277058 -0.736342 0.261924
7.575190 0.289657 -0.039402 0.035830 -0.556555 -0.267272 -0.748375 0.242379
7.578208 0.289657 -0.039402 0.035942 -0.556429 -0.249659 -0.762503 0.215978
7.581226 0.289545 -0.039514 0.035942 -0.562225 -0.239624 -0.766619 0.196922
7.584244 0.289545 -0.039514 0.036054 -0.569816 -0.220967 -0.772692 0.171553
7.587262 0.289545 -0.039514 0.036054 -0.575149 -0.210604 -0.775659 0.152325
7.590280 0.289434 -0.039514 0.036054 -0.581777 -0.191537 -0.780257 0.126682
7.593298 0.289434 -0.039514 0.036054 -0.585844 -0.178709 -0.782852 0.109508
7.596316 0.289434 -0.039625 0.036165 -0.591415 -0.159306 -0.786036 0.083652
7.599334 0.289434 -0.039625 0.036054 -0.596344 -0.139731 -0.788365 0.057704
7.602352 0.289322 -0.039625 0.036054 -0.599677 -0.117914 -0.790786 0.033783
7.605370 0.289322 -0.039737 0.036054 -0.603285 -0.089388 -0.792500 0.001078
7.608388 0.289322 -0.039737 0.036054 -0.605104 -0.076112 -0.792332 -0.016334
7.611406 0.289322 -0.039849 0.036054 -0.606780 -0.047433 -0.791932 -0.049104
7.614424 0.289322 -0.039849 0.036054 -0.607151 -0.018733 -0.790137 -0.081849
7.617442 0.289210 -0.039960 0.036054 -0.598418 -0.000594 -0.793661 -0.109535
7.620460 0.289210 -0.039960 0.036054 -0.598112 0.019126 -0.789620 -0.135629
7.623478 0.289210 -0.040072 0.036054 -0.595346 0.047444 -0.784248 -0.168127
7.626496 0.289210 -0.040184 0.036054 -0.583679 0.071065 -0.782616 -0.204402
7.629514 0.289210 -0.040184 0.036054 -0.578458 0.098774 -0.774417 -0.236450
7.632532 0.289099 -0.040295 0.035942 -0.571978 0.126193 -0.764864 -0.268141
7.635550 0.289099 -0.040407 0.035942 -0.564253 0.153265 -0.753975 -0.299417
7.638568 0.289099 -0.040407 0.035942 -0.558896 0.171776 -0.743699 -0.324100
7.641586 0.288987 -0.040518 0.035942 -0.546861 0.204157 -0.726543 -0.362488
7.644604 0.288987 -0.040518 0.035830 -0.535560 0.229900 -0.711721 -0.392141
7.647622 0.288987 -0.040630 0.035830 -0.526834 0.266817 -0.686627 -0.424026
7.650640 0.288875 -0.040742 0.035719 -0.519179 0.297538 -0.664774 -0.447214
7.653658 0.288875 -0.040742 0.035607 -0.500347 0.327120 -0.640930 -0.481512
7.656676 0.288764 -0.040853 0.035607 -0.483747 0.350272 -0.620904 -0.507716
7.659694 0.288764 -0.040853 0.035496 -0.471878 0.379258 -0.595698 -0.527862
7.662712 0.288764 -0.040853 0.035496 -0.458631 0.407645 -0.569559 -0.546887
7.665730 0.288652 -0.040853 0.035384 -0.444040 0.435369 -0.542538 -0.564743
7.668748 0.288652 -0.040853 0.035384 -0.428140 0.462367 -0.514690 -0.581384
7.671766 0.288652 -0.040853 0.035384 -0.404758 0.482573 -0.491308 -0.601590
7.674784 0.288541 -0.040853 0.035272 -0.381829 0.500796 -0.465743 -0.621685
7.677802 0.288541 -0.040853 0.035384 -0.358103 0.517964 -0.439340 -0.640668
7.680820 0.288541 -0.040853 0.035272 -0.344082 0.537484 -0.415574 -0.648088
7.683838 0.288541 -0.040853 0.035272 -0.324951 0.549289 -0.395224 -0.660671
7.686856 0.288541 -0.040742 0.035272 -0.305434 0.560444 -0.374478 -0.672592
7.689874 0.288541 -0.040742 0.035272 -0.275970 0.585050 -0.335809 -0.684682
7.692892 0.288541 -0.040742 0.035272 -0.255432 0.594460 -0.314173 -0.694743
7.695910 0.288541 -0.040853 0.035272 -0.235704 0.602554 -0.291109 -0.704718
7.698928 0.288541 -0.040853 0.035272 -0.207864 0.612898 -0.261010 -0.716255
7.701946 0.288541 -0.040965 0.035272 -0.169239 0.616271 -0.225571 -0.735313
7.704964 0.288541 -0.040965 0.035384 -0.148839 0.621514 -0.201217 -0.742347
7.707982 0.288541 -0.040965 0.035384 -0.120045 0.627984 -0.169757 -0.749939
7.711000 0.288541 -0.040965 0.035384 -0.090984 0.633153 -0.138004 -0.756171
7.714018 0.288541 -0.041077 0.035384 -0.054712 0.637650 -0.097652 -0.762151
7.717036 0.288429 -0.041077 0.035384 -0.033669 0.639106 -0.072484 -0.764955
7.720054 0.288429 -0.041188 0.035384 -0.003584 0.631723 -0.040736 -0.774115
7.723072 0.288429 -0.041188 0.035496 0.010346 0.622892 -0.023752 -0.781879
7.726090 0.288317 -0.041188 0.035607 0.032213 0.613688 0.000636 -0.788891
7.729108 0.288317 -0.041188 0.035607 0.052418 0.612293 0.026632 -0.788442
7.732126 0.288317 -0.041188 0.035719 0.066726 0.602334 0.042921 -0.794292
7.735144 0.288317 -0.041188 0.035719 0.079944 0.600722 0.060362 -0.793157
7.738162 0.288206 -0.041077 0.035830 0.093598 0.590059 0.077028 -0.798208
7.741180 0.288206 -0.041077 0.035830 0.097984 0.580016 0.087569 -0.803936
7.744198 0.288206 -0.041077 0.035942 0.110672 0.559816 0.104428 -0.814526
7.747216 0.288206 -0.040965 0.036054 0.122710 0.548197 0.122026 -0.818249
7.750234 0.288206 -0.040965 0.036165 0.134275 0.536258 0.139820 -0.821492
7.753252 0.288206 -0.040853 0.036165 0.139591 0.525580 0.148732 -0.825929
7.756270 0.288206 -0.040853 0.036165 0.151105 0.522386 0.166843 -0.822462
7.759288 0.288206 -0.040853 0.036165 0.170606 0.507678 0.190599 -0.822696
7.762306 0.288206 -0.040742 0.036165 0.190698 0.501485 0.214151 -0.816264
7.765324 0.288206 -0.040742 0.036165 0.200384 0.487961 0.232202 -0.817204
7.768342 0.288206 -0.040742 0.036277 0.225230 0.478218 0.264275 -0.806683
7.771360 0.288206 -0.040853 0.036277 0.242774 0.460834 0.287370 -0.803810
7.774378 0.288206 -0.040853 0.036165 0.266534 0.449110 0.318655 -0.791024
7.777396 0.288206 -0.040853 0.036165 0.296784 0.442112 0.357380 -0.767291
7.780414 0.288206 -0.040853 0.036054 0.319468 0.427864 0.387194 -0.751634
7.783432 0.288206 -0.040965 0.036054 0.344176 0.421404 0.415578 -0.728874
7.786450 0.288094 -0.040965 0.036054 0.370134 0.400939 0.451629 -0.705889
7.789468 0.288094 -0.041077 0.035942 0.383145 0.388525 0.474645 -0.690623
7.792486 0.287982 -0.041077 0.035942 0.407170 0.365752 0.508575 -0.664672
7.795504 0.287871 -0.041188 0.035942 0.426091 0.346290 0.534039 -0.642910
7.798522 0.287871 -0.041188 0.035830 0.444110 0.325944 0.558549 -0.620121
7.801540 0.287871 -0.041300 0.035830 0.465373 0.312866 0.580441 -0.590449
7.804558 0.287759 -0.041300 0.035830 0.481675 0.290756 0.602814 -0.565744
7.807576 0.287759 -0.041411 0.035830 0.490994 0.274726 0.621129 -0.545572
7.810595 0.287648 -0.041411 0.035830 0.502724 0.256902 0.635827 -0.526302
7.813613 0.287648 -0.041523 0.035830 0.510917 0.240196 0.652825 -0.505064
7.816631 0.287648 -0.041523 0.035830 0.526725 0.214274 0.668633 -0.479142
7.819649 0.287648 -0.041635 0.035719 0.536375 0.195178 0.681184 -0.458471
7.822667 0.287648 -0.041635 0.035719 0.543409 0.181724 0.688218 -0.445017
7.825685 0.287648 -0.041746 0.035719 0.556581 0.154368 0.701390 -0.417661
7.828703 0.287648 -0.041746 0.035719 0.564222 0.134289 0.711915 -0.395975
7.831721 0.287648 -0.041746 0.035719 0.569894 0.120206 0.717586 -0.381892
7.834739 0.287648 -0.041746 0.035719 0.575254 0.106002 0.722947 -0.367688
7.837757 0.287648 -0.041858 0.035719 0.584148 0.083680 0.728957 -0.346973
7.840775 0.287648 -0.041858 0.035719 0.588720 0.069203 0.733530 -0.332496
7.843793 0.287759 -0.041858 0.035719 0.596431 0.046520 0.738338 -0.311388
7.846811 0.287759 -0.041970 0.035719 0.600201 0.031814 0.742109 -0.296682
7.849829 0.287759 -0.041970 0.035719 0.603648 0.017028 0.745556 -0.281897
7.852847 0.287759 -0.042081 0.035719 0.609666 -0.006054 0.748655 -0.260357
7.855865 0.287759 -0.042081 0.035719 0.612296 -0.021007 0.751285 -0.245404
7.858883 0.287759 -0.042081 0.035719 0.614596 -0.036013 0.753586 -0.230398
7.861901 0.287648 -0.042193 0.035719 0.616567 -0.051067 0.755556 -0.215344
7.864919 0.287648 -0.042193 0.035719 0.618206 -0.066160 0.757195 -0.200251
7.867937 0.287648 -0.042304 0.035719 0.618582 -0.088087 0.760490 -0.176781
7.870955 0.287536 -0.042416 0.035719 0.619390 -0.103247 0.761298 -0.161621
7.873973 0.287536 -0.042416 0.035719 0.625204 -0.126907 0.759933 -0.124563
7.876991 0.287424 -0.042528 0.035719 0.625011 -0.142123 0.759740 -0.109347
7.880009 0.287424 -0.042528 0.035719 0.622718 -0.164182 0.760202 -0.085792
7.883027 0.287313 -0.042639 0.035607 0.624945 -0.179687 0.757679 -0.055495
7.886045 0.287201 -0.042751 0.035607 0.621549 -0.209997 0.754283 -0.025185
7.889063 0.287201 -0.042862 0.035607 0.622089 -0.225512 0.749749 0.005015
7.892081 0.287089 -0.042974 0.035496 0.621523 -0.249198 0.741519 0.041940
7.895099 0.287089 -0.042974 0.035496 0.614471 -0.278997 0.734466 0.071740
7.898117 0.286978 -0.043086 0.035496 0.603853 -0.307115 0.728373 0.102544
7.901135 0.286978 -0.043197 0.035384 0.594211 -0.336180 0.718731 0.131609
7.904153 0.286978 -0.043309 0.035384 0.579259 -0.371180 0.706019 0.167989
7.907171 0.286978 -0.043309 0.035384 0.566796 -0.399152 0.693556 0.195961
7.910189 0.286866 -0.043421 0.035384 0.555536 -0.419054 0.684520 0.217268
7.913207 0.286866 -0.043532 0.035384 0.536028 -0.451902 0.667221 0.251545
7.916225 0.286866 -0.043532 0.035384 0.523014 -0.470809 0.656401 0.271906
7.919243 0.286866 -0.043644 0.035384 0.500647 -0.501888 0.636211 0.304462
7.922261 0.286866 -0.043755 0.035496 0.480493 -0.525086 0.627015 0.316646
7.925279 0.286866 -0.043755 0.035496 0.468840 -0.535516 0.619906 0.330345
7.928297 0.286755 -0.043867 0.035496 0.453155 -0.552383 0.606467 0.348885
7.931315 0.286755 -0.043867 0.035496 0.430630 -0.573515 0.588375 0.373434
7.934333 0.286643 -0.043979 0.035607 0.407842 -0.594102 0.577359 0.383881
7.937351 0.286643 -0.044090 0.035607 0.388043 -0.607219 0.564396 0.402698
7.940369 0.286531 -0.044090 0.035607 0.374608 -0.615598 0.555412 0.415001
7.943387 0.286531 -0.044202 0.035607 0.354119 -0.627608 0.541434 0.433079
7.946405 0.286420 -0.044202 0.035607 0.341584 -0.636732 0.520316 0.455153
7.949423 0.286420 -0.044202 0.035607 0.327512 -0.644083 0.510190 0.466475
7.952441 0.286308 -0.044202 0.035607 0.314341 -0.652414 0.487874 0.487366
7.955459 0.286196 -0.044314 0.035607 0.299931 -0.659163 0.477048 0.497967
7.958477 0.286196 -0.044314 0.035607 0.291842 -0.661634 0.460899 0.514433
7.961495 0.286085 -0.044314 0.035607 0.271456 -0.672784 0.442121 0.527449
7.964513 0.286085 -0.044314 0.035607 0.257167 -0.679402 0.417619 0.545777
7.967531 0.285973 -0.044314 0.035496 0.242531 -0.685431 0.392517 0.563288
7.970549 0.285973 -0.044314 0.035496 0.235150 -0.688313 0.373193 0.575896
7.973567 0.285973 -0.044202 0.035384 0.227556 -0.690825 0.353639 0.588148
7.976585 0.285862 -0.044202 0.035384 0.212132 -0.695334 0.327254 0.603668
7.979603 0.285862 -0.044202 0.035384 0.204123 -0.697001 0.307149 0.614966
7.982621 0.285862 -0.044202 0.035272 0.175058 -0.707598 0.278084 0.625563
7.985639 0.285750 -0.044090 0.035272 0.158825 -0.710032 0.250534 0.638641
7.988657 0.285750 -0.044090 0.035272 0.143960 -0.714366 0.235669 0.642975
7.991675 0.285750 -0.044090 0.035161 0.127409 -0.715635 0.207569 0.654636
7.994693 0.285750 -0.044090 0.035161 0.104408 -0.720340 0.185233 0.660226
7.997711 0.285750 -0.044090 0.035161 0.095521 -0.719231 0.163906 0.668369
8.000729 0.285750 -0.044090 0.035161 0.087613 -0.720237 0.156553 0.670129
8.003747 0.285750 -0.043979 0.035161 0.071768 -0.721988 0.141792 0.673407
8.006765 0.285750 -0.043979 0.035161 0.063832 -0.722733 0.134386 0.674924
8.009783 0.285638 -0.043979 0.035161 0.047937 -0.723961 0.119524 0.677714
8.012801 0.285638 -0.043979 0.035161 0.039076 -0.721846 0.097632 0.684017
8.015819 0.285638 -0.043979 0.035161 0.023207 -0.722530 0.082580 0.685997
8.018837 0.285638 -0.043979 0.035161 0.022813 -0.721874 0.082974 0.686654
8.021855 0.285638 -0.043867 0.035161 0.022813 -0.721874 0.082974 0.686654
8.024873 0.285638 -0.043867 0.035161 0.021643 -0.718573 0.068707 0.691711
8.027891 0.285750 -0.043867 0.035161 0.021643 -0.718573 0.068707 0.691711
8.030909 0.285750 -0.043755 0.035161 0.013747 -0.718767 0.061103 0.692424
8.033927 0.285750 -0.043755 0.035161 0.005850 -0.718875 0.053493 0.693053
8.036945 0.285750 -0.043755 0.035161 0.004826 -0.715526 0.039017 0.697479
8.039963 0.285750 -0.043644 0.035161 0.004826 -0.715526 0.039017 0.697479
8.042981 0.285750 -0.043644 0.035161 -0.003035 -0.715536 0.031352 0.697865
8.045999 0.285750 -0.043644 0.035161 -0.011658 -0.712297 0.008914 0.701725
8.049017 0.285862 -0.043644 0.035161 -0.011658 -0.712297 0.008914 0.701725
8.052035 0.285862 -0.043644 0.035161 -0.012536 -0.708736 -0.005745 0.705340
8.055053 0.285862 -0.043644 0.035161 -0.028068 -0.708364 -0.021277 0.704968
8.058071 0.285862 -0.043644 0.035161 -0.035848 -0.708013 -0.029021 0.704692
8.061089 0.285862 -0.043644 0.035161 -0.051395 -0.707054 -0.044496 0.703884
8.064107 0.285862 -0.043755 0.035161 -0.059160 -0.706447 -0.052226 0.703353
8.067125 0.285973 -0.043755 0.035161 -0.066918 -0.705755 -0.059950 0.702736
8.070143 0.285973 -0.043755 0.035161 -0.074667 -0.704977 -0.067667 0.702035
8.073161 0.285973 -0.043867 0.035161 -0.090138 -0.703166 -0.083075 0.700379
8.076179 0.285973 -0.043867 0.035272 -0.097858 -0.702133 -0.090765 0.699424
8.079197 0.285973 -0.043979 0.035272 -0.105565 -0.701016 -0.098443 0.698385
8.082215 0.285862 -0.043979 0.035272 -0.120942 -0.698527 -0.113763 0.696054
8.085233 0.285862 -0.043979 0.035272 -0.128352 -0.700734 -0.106325 0.693680
8.088251 0.285862 -0.044090 0.035272 -0.136043 -0.699282 -0.113940 0.692471
8.091269 0.285862 -0.044090 0.035384 -0.136115 -0.699038 -0.113867 0.692714
8.094287 0.285862 -0.044090 0.035384 -0.143786 -0.697500 -0.121471 0.691421
8.097305 0.285862 -0.044202 0.035384 -0.143786 -0.697500 -0.121471 0.691421
8.100323 0.285862 -0.044202 0.035384 -0.143850 -0.697255 -0.121407 0.691667
8.103341 0.285862 -0.044202 0.035384 -0.151502 -0.695632 -0.128998 0.690292
8.106359 0.285750 -0.044202 0.035384 -0.143960 -0.693921 -0.136573 0.692168
8.109377 0.285750 -0.044202 0.035384 -0.143979 -0.693840 -0.136555 0.692249
8.112395 0.285750 -0.044314 0.035384 -0.143979 -0.693840 -0.136555 0.692249
8.115413 0.285750 -0.044314 0.035384 -0.143979 -0.693840 -0.136555 0.692249
8.118431 0.285750 -0.044314 0.035384 -0.151593 -0.692216 -0.144151 0.690707
8.121449 0.285750 -0.044314 0.035384 -0.143979 -0.690672 -0.151765 0.692250
8.124467 0.285750 -0.044314 0.035384 -0.143979 -0.690672 -0.151765 0.692250
8.127485 0.285750 -0.044314 0.035272 -0.136365 -0.692297 -0.144168 0.693790
8.130503 0.285750 -0.044314 0.035272 -0.143963 -0.690757 -0.151781 0.692164
8.133521 0.285750 -0.044314 0.035272 -0.143963 -0.690757 -0.151781 0.692164
8.136539 0.285750 -0.044314 0.035272 -0.143963 -0.690757 -0.151781 0.692164
8.139557 0.285750 -0.044314 0.035272 -0.136299 -0.689297 -0.159408 0.693456
8.142575 0.285750 -0.044314 0.035272 -0.143864 -0.687758 -0.167017 0.691663
8.145593 0.285750 -0.044314 0.035272 -0.136256 -0.689551 -0.159451 0.693202
8.148611 0.285750 -0.044314 0.035272 -0.136256 -0.689551 -0.159451 0.693202
8.151629 0.285750 -0.044425 0.035272 -0.151529 -0.689220 -0.159390 0.690369
8.154647 0.285750 -0.044425 0.035272 -0.159092 -0.687514 -0.166965 0.688576
8.157665 0.285750 -0.044425 0.035272 -0.151517 -0.689307 -0.159401 0.690282
8.160683 0.285750 -0.044425 0.035384 -0.159081 -0.687601 -0.166975 0.688490
8.163701 0.285750 -0.044425 0.035384 -0.166625 -0.685811 -0.174529 0.686614
8.166719 0.285750 -0.044537 0.035384 -0.166618 -0.685898 -0.174537 0.686527
8.169737 0.285750 -0.044537 0.035384 -0.181647 -0.682072 -0.189578 0.682526
8.172755 0.285750 -0.044537 0.035384 -0.189130 -0.680035 -0.197065 0.680402
8.175773 0.285638 -0.044537 0.035384 -0.204025 -0.675716 -0.211967 0.675908
8.178791 0.285638 -0.044648 0.035272 -0.211436 -0.673434 -0.219380 0.673539
8.181809 0.285638 -0.044648 0.035272 -0.226181 -0.668626 -0.234125 0.668556
8.184827 0.285638 -0.044760 0.035272 -0.225717 -0.666172 -0.249193 0.665710
8.187845 0.285638 -0.044760 0.035272 -0.240299 -0.661052 -0.263759 0.660074
8.190863 0.285638 -0.044760 0.035161 -0.247547 -0.658372 -0.270995 0.657136
8.193881 0.285638 -0.044760 0.035161 -0.261936 -0.652517 -0.285384 0.651281
8.196899 0.285638 -0.044648 0.035161 -0.254114 -0.652767 -0.293073 0.650714
8.199917 0.285638 -0.044648 0.035161 -0.261270 -0.649936 -0.300204 0.647455
8.202935 0.285638 -0.044648 0.035049 -0.275455 -0.643612 -0.314389 0.641131
8.205953 0.285638 -0.044648 0.035049 -0.275455 -0.643612 -0.314389 0.641131
8.208971 0.285638 -0.044648 0.035049 -0.282509 -0.640547 -0.321413 0.637638
8.211989 0.285638 -0.044537 0.035049 -0.289497 -0.636977 -0.328431 0.634496
8.215007 0.285638 -0.044537 0.035049 -0.289497 -0.636977 -0.328431 0.634496
8.218025 0.285638 -0.044537 0.035049 -0.304299 -0.633332 -0.327714 0.631582
8.221043 0.285638 -0.044425 0.035049 -0.311219 -0.629694 -0.334652 0.628201
8.224061 0.285638 -0.044425 0.035049 -0.318118 -0.626237 -0.341533 0.624486
8.227079 0.285638 -0.044425 0.035049 -0.332760 -0.622116 -0.340675 0.621437
8.230097 0.285638 -0.044425 0.035161 -0.339574 -0.618423 -0.347481 0.617656
8.233115 0.285638 -0.044425 0.035161 -0.346348 -0.614655 -0.354246 0.613802
8.236133 0.285527 -0.044425 0.035161 -0.360794 -0.609895 -0.353255 0.610793
8.239151 0.285527 -0.044425 0.035161 -0.367472 -0.605894 -0.359943 0.606875
8.242169 0.285527 -0.044425 0.035272 -0.380696 -0.597674 -0.373190 0.598820
8.245187 0.285527 -0.044425 0.035272 -0.393749 -0.589248 -0.386243 0.590394
8.248205 0.285415 -0.044537 0.035272 -0.406600 -0.580455 -0.399121 0.581765
8.251223 0.285415 -0.044537 0.035272 -0.419255 -0.571381 -0.411807 0.572856
8.254241 0.285415 -0.044537 0.035272 -0.424104 -0.563622 -0.431897 0.562079
8.257259 0.285415 -0.044537 0.035272 -0.436384 -0.554168 -0.444142 0.552454
8.260277 0.285415 -0.044648 0.035272 -0.442446 -0.549340 -0.450184 0.547541
8.263295 0.285415 -0.044648 0.035272 -0.460287 -0.534377 -0.468004 0.532493
8.266313 0.285304 -0.044648 0.035272 -0.458547 -0.531148 -0.481295 0.525330
8.269331 0.285304 -0.044648 0.035272 -0.470039 -0.520696 -0.492787 0.514878
8.272349 0.285304 -0.044648 0.035272 -0.475731 -0.515501 -0.498414 0.509433
8.275367 0.285304 -0.044648 0.035161 -0.479249 -0.506561 -0.516937 0.496479
8.278385 0.285304 -0.044648 0.035161 -0.484785 -0.501266 -0.522361 0.490770
8.281403 0.285304 -0.044648 0.035161 -0.490148 -0.495497 -0.527836 0.485415
8.284421 0.285415 -0.044537 0.035161 -0.495562 -0.490082 -0.533137 0.479587
8.287439 0.285415 -0.044537 0.035161 -0.506090 -0.478664 -0.543665 0.468169
8.290457 0.285415 -0.044537 0.035161 -0.511318 -0.473075 -0.548776 0.462168
8.293475 0.285415 -0.044537 0.035049 -0.508692 -0.468939 -0.561223 0.454266
8.296493 0.285415 -0.044537 0.035049 -0.513813 -0.463322 -0.566180 0.448073
8.299511 0.285415 -0.044425 0.035049 -0.523695 -0.451348 -0.576062 0.436099
8.302529 0.285415 -0.044425 0.035049 -0.525589 -0.441120 -0.592858 0.421531
8.305547 0.285304 -0.044425 0.035049 -0.530403 -0.435319 -0.597454 0.414993
8.308565 0.285304 -0.044425 0.034937 -0.539608 -0.422827 -0.606658 0.402500
8.311583 0.285304 -0.044425 0.034937 -0.540761 -0.412143 -0.622657 0.387316
8.314601 0.285304 -0.044425 0.034937 -0.545256 -0.406177 -0.626875 0.380452
8.317619 0.285304 -0.044425 0.034937 -0.558043 -0.387098 -0.639374 0.360478
8.320637 0.285304 -0.044537 0.034937 -0.570183 -0.367612 -0.651217 0.340100
8.323655 0.285304 -0.044537 0.034937 -0.577811 -0.354109 -0.658845 0.326597
8.326673 0.285304 -0.044537 0.034937 -0.588844 -0.333993 -0.669571 0.305592
8.329691 0.285304 -0.044648 0.034826 -0.602285 -0.306042 -0.683012 0.277641
8.332709 0.285304 -0.044648 0.034826 -0.611712 -0.285149 -0.692122 0.255863
8.335727 0.285304 -0.044760 0.034826 -0.628094 -0.261377 -0.693660 0.236678
8.338745 0.285304 -0.044760 0.034826 -0.636079 -0.239823 -0.701369 0.214405
8.341763 0.285304 -0.044760 0.034826 -0.640907 -0.225076 -0.706198 0.199658
8.344781 0.285304 -0.044872 0.034826 -0.649587 -0.195281 -0.714877 0.169863
8.347799 0.285304 -0.044872 0.034826 -0.653433 -0.180247 -0.718724 0.154830
8.350817 0.285304 -0.044872 0.034714 -0.660131 -0.149945 -0.725421 0.124528
8.353835 0.285304 -0.044872 0.034714 -0.662979 -0.134691 -0.728269 0.109274
8.356853 0.285304 -0.044872 0.034714 -0.666483 -0.111343 -0.732049 0.086644
8.359871 0.285304 -0.044872 0.034714 -0.668489 -0.095955 -0.734055 0.071257
8.362889 0.285304 -0.044872 0.034603 -0.670157 -0.080528 -0.735723 0.055829
8.365907 0.285304 -0.044872 0.034603 -0.670730 -0.072440 -0.736563 0.048463
8.368925 0.285304 -0.044872 0.034603 -0.664173 -0.059593 -0.744583 0.030307
8.371943 0.285304 -0.044760 0.034603 -0.664788 -0.052293 -0.744871 0.022125
8.374961 0.285304 -0.044760 0.034603 -0.665435 -0.036798 -0.745519 0.006630
8.377979 0.285304 -0.044760 0.034603 -0.665799 -0.029485 -0.745546 -0.001560
8.380997 0.285192 -0.044760 0.034603 -0.665799 -0.029485 -0.745546 -0.001560
8.384015 0.285192 -0.044760 0.034714 -0.666083 -0.022169 -0.745484 -0.009751
8.387033 0.285192 -0.044648 0.034714 -0.666286 -0.014850 -0.745332 -0.017940
8.390051 0.285192 -0.044648 0.034714 -0.666082 0.000657 -0.745128 -0.033447
8.393069 0.285192 -0.044760 0.034714 -0.658395 0.004908 -0.751330 -0.044662
8.396087 0.285192 -0.044760 0.034714 -0.658129 0.019372 -0.750167 -0.061158
8.399105 0.285080 -0.044760 0.034714 -0.657876 0.026601 -0.749450 -0.069396
8.402123 0.285080 -0.044760 0.034826 -0.656652 0.042050 -0.748226 -0.084845
8.405141 0.285080 -0.044872 0.034826 -0.655569 0.056467 -0.746181 -0.101263
8.408159 0.285080 -0.044872 0.034826 -0.654170 0.070857 -0.743776 -0.117633
8.411177 0.285080 -0.044983 0.034826 -0.651931 0.086191 -0.741537 -0.132968
8.414195 0.285080 -0.044983 0.034826 -0.648201 0.108600 -0.737288 -0.156358
8.417213 0.285080 -0.045095 0.034826 -0.645659 0.122816 -0.733674 -0.172519
8.420231 0.285080 -0.045095 0.034826 -0.647899 0.148989 -0.721948 -0.191886
8.423249 0.284969 -0.045207 0.034826 -0.642148 0.171062 -0.715722 -0.214769
8.426267 0.284969 -0.045318 0.034937 -0.645223 0.189362 -0.704659 -0.226461
8.429285 0.284969 -0.045318 0.034937 -0.638211 0.211165 -0.697235 -0.248915
8.432303 0.284969 -0.045430 0.034937 -0.634645 0.244083 -0.679937 -0.274472
8.435321 0.284969 -0.045541 0.034937 -0.629130 0.257968 -0.673742 -0.289344
8.438339 0.284857 -0.045541 0.035049 -0.623312 0.290550 -0.654722 -0.313690
8.441357 0.284857 -0.045653 0.035049 -0.616778 0.304175 -0.647672 -0.327999
8.444375 0.284745 -0.045765 0.035049 -0.612561 0.329359 -0.630672 -0.344302
8.447393 0.284745 -0.045765 0.035161 -0.601207 0.349561 -0.619152 -0.364703
8.450411 0.284745 -0.045876 0.035161 -0.595203 0.374431 -0.601102 -0.379751
8.453429 0.284634 -0.045876 0.035161 -0.582541 0.393841 -0.588262 -0.399353
8.456447 0.284634 -0.045988 0.035272 -0.569246 0.412824 -0.574783 -0.418521
8.459465 0.284634 -0.045988 0.035272 -0.545139 0.431750 -0.561128 -0.448944
8.462483 0.284522 -0.046100 0.035272 -0.530615 0.449479 -0.546030 -0.467191
8.465501 0.284522 -0.046100 0.035272 -0.510486 0.460581 -0.535114 -0.490839
8.468519 0.284411 -0.046211 0.035272 -0.495031 0.477153 -0.518648 -0.508206
8.471537 0.284411 -0.046211 0.035272 -0.479038 0.493207 -0.501620 -0.525021
8.474555 0.284411 -0.046323 0.035384 -0.462526 0.508725 -0.484046 -0.541266
8.477573 0.284411 -0.046323 0.035384 -0.439365 0.528777 -0.460166 -0.561783
8.480591 0.284299 -0.046323 0.035384 -0.417624 0.536064 -0.445167 -0.583140
8.483609 0.284299 -0.046434 0.035384 -0.395836 0.542433 -0.429206 -0.604039
8.486627 0.284299 -0.046546 0.035384 -0.377746 0.555182 -0.409068 -0.617855
8.489645 0.284187 -0.046546 0.035384 -0.359246 0.567328 -0.388486 -0.630999
8.492663 0.284187 -0.046658 0.035384 -0.347404 0.574786 -0.373818 -0.639680
8.495681 0.284076 -0.046658 0.035384 -0.337627 0.589829 -0.357075 -0.640786
8.498699 0.284076 -0.046658 0.035384 -0.325153 0.596910 -0.342343 -0.648672
8.501717 0.283964 -0.046769 0.035384 -0.302953 0.599552 -0.322832 -0.666736
8.504735 0.283964 -0.046769 0.035384 -0.283031 0.609209 -0.300686 -0.677012
8.507753 0.283852 -0.046881 0.035384 -0.270329 0.615111 -0.284988 -0.683624
8.510771 0.283852 -0.046881 0.035384 -0.256060 0.612720 -0.270270 -0.697109
8.513789 0.283741 -0.046992 0.035384 -0.243467 0.618073 -0.253957 -0.703005
8.516807 0.283629 -0.046992 0.035384 -0.230765 0.623188 -0.237514 -0.708499
8.519825 0.283518 -0.046992 0.035384 -0.217957 0.628065 -0.220951 -0.713589
8.522843 0.283406 -0.046992 0.035384 -0.204966 0.624458 -0.204061 -0.725534
8.525861 0.283294 -0.047104 0.035384 -0.192555 0.620547 -0.186392 -0.736955
8.528879 0.283294 -0.047104 0.035384 -0.172503 0.618182 -0.161180 -0.749743
8.531897 0.283183 -0.047104 0.035384 -0.160320 0.621995 -0.143228 -0.752932
8.534915 0.283071 -0.047104 0.035384 -0.140848 0.618557 -0.116946 -0.764116
8.537933 0.282959 -0.047104 0.035384 -0.130260 0.613418 -0.096817 -0.772901
8.540951 0.282848 -0.047104 0.035384 -0.109976 0.617378 -0.071295 -0.775672
8.543969 0.282848 -0.047104 0.035384 -0.091558 0.612306 -0.043529 -0.784094
8.546987 0.282736 -0.047104 0.035272 -0.073583 0.606627 -0.015285 -0.791427
8.550005 0.282736 -0.047216 0.035272 -0.047306 0.600180 0.019985 -0.798215
8.553024 0.282736 -0.047216 0.035272 -0.012141 0.601038 0.061639 -0.796748
8.556042 0.282625 -0.047216 0.035272 0.006935 0.591912 0.088434 -0.801106
8.559060 0.282625 -0.047216 0.035272 0.026437 0.591362 0.114785 -0.797757
8.562078 0.282625 -0.047327 0.035272 0.053681 0.579283 0.148061 -0.799767
8.565096 0.282625 -0.047327 0.035272 0.081465 0.575249 0.180666 -0.793607
8.568114 0.282513 -0.047327 0.035161 0.105389 0.561732 0.215996 -0.791642
8.571132 0.282513 -0.047439 0.035161 0.134962 0.554019 0.245568 -0.783929
8.574150 0.282513 -0.047439 0.035161 0.157739 0.538084 0.280289 -0.779116
8.577168 0.282513 -0.047439 0.035161 0.173947 0.523005 0.306191 -0.776180
8.580186 0.282513 -0.047551 0.035161 0.199487 0.513315 0.337262 -0.763523
8.583204 0.282513 -0.047551 0.035161 0.214598 0.496809 0.362590 -0.758721
8.586222 0.282513 -0.047551 0.035049 0.233694 0.487779 0.384554 -0.748049
8.589240 0.282513 -0.047551 0.035049 0.239618 0.474554 0.404051 -0.744396
8.592258 0.282513 -0.047551 0.035049 0.253163 0.456572 0.428562 -0.737418
8.595276 0.282513 -0.047662 0.034937 0.266072 0.438050 0.452677 -0.729659
8.598294 0.282513 -0.047662 0.034937 0.270385 0.424221 0.471737 -0.724150
8.601312 0.282513 -0.047662 0.034937 0.275030 0.421225 0.479664 -0.718923
8.604330 0.282513 -0.047662 0.034937 0.278680 0.407331 0.498572 -0.712633
8.607348 0.282513 -0.047662 0.034937 0.281820 0.393435 0.517371 -0.705771
8.610366 0.282513 -0.047662 0.034937 0.286126 0.390315 0.525093 -0.700045
8.613384 0.282513 -0.047662 0.034937 0.290397 0.387148 0.532753 -0.694234
8.616402 0.282513 -0.047662 0.034937 0.300246 0.367135 0.555324 -0.683139
8.619420 0.282513 -0.047662 0.034937 0.304262 0.363814 0.562796 -0.676997
8.622438 0.282513 -0.047662 0.034937 0.308240 0.360450 0.570199 -0.670773
8.625456 0.282513 -0.047662 0.034937 0.318490 0.364335 0.574102 -0.660477
8.628474 0.282513 -0.047662 0.034937 0.329640 0.354406 0.585253 -0.650548
8.631492 0.282513 -0.047662 0.035049 0.333514 0.350763 0.592364 -0.644079
8.634510 0.282513 -0.047662 0.035049 0.339897 0.357912 0.588853 -0.640016
8.637528 0.282513 -0.047662 0.035049 0.350748 0.347589 0.599704 -0.629693
8.640546 0.282401 -0.047662 0.035049 0.354545 0.343715 0.606585 -0.623067
8.643564 0.282401 -0.047662 0.035049 0.371533 0.340013 0.613525 -0.608228
8.646582 0.282401 -0.047662 0.035049 0.375246 0.335911 0.620170 -0.601451
8.649600 0.282401 -0.047662 0.035049 0.385423 0.324863 0.630347 -0.590403
8.652618 0.282401 -0.047662 0.035049 0.388969 0.320609 0.636796 -0.583442
8.655636 0.282401 -0.047662 0.035161 0.405422 0.315956 0.642929 -0.567844
8.658654 0.282290 -0.047662 0.035161 0.408869 0.311483 0.649128 -0.560747
8.661672 0.282290 -0.047662 0.035161 0.412266 0.306972 0.655250 -0.553582
8.664690 0.282290 -0.047662 0.035161 0.418911 0.297840 0.667254 -0.539051
8.667708 0.282290 -0.047662 0.035161 0.422158 0.293220 0.673136 -0.531688
8.670726 0.282290 -0.047662 0.035161 0.425354 0.288564 0.678937 -0.524261
8.673744 0.282178 -0.047774 0.035272 0.431591 0.279149 0.690291 -0.509218
8.676762 0.282178 -0.047774 0.035272 0.441856 0.280394 0.691687 -0.497706
8.679780 0.282178 -0.047774 0.035272 0.442584 0.278319 0.699439 -0.487281
8.682798 0.282178 -0.047774 0.035272 0.445615 0.273440 0.704751 -0.479567
8.685816 0.282178 -0.047774 0.035384 0.451515 0.263584 0.715117 -0.463968
8.688834 0.282178 -0.047885 0.035384 0.452246 0.261551 0.722308 -0.453140
8.691852 0.282178 -0.047885 0.035384 0.465684 0.256681 0.727366 -0.433812
8.694870 0.282178 -0.047885 0.035384 0.468476 0.251549 0.732088 -0.425794
8.697888 0.282178 -0.047997 0.035384 0.473890 0.241196 0.741266 -0.409607
8.700906 0.282178 -0.047997 0.035496 0.487088 0.235391 0.745095 -0.390090
8.703924 0.282178 -0.047997 0.035496 0.492142 0.224633 0.753486 -0.373626
8.706942 0.282178 -0.048109 0.035496 0.496958 0.213766 0.761513 -0.356981
8.709960 0.282178 -0.048109 0.035496 0.513452 0.198494 0.766119 -0.331705
8.712978 0.282178 -0.048109 0.035496 0.515602 0.192841 0.769717 -0.323269
8.715996 0.282066 -0.048220 0.035384 0.523048 0.172923 0.778580 -0.300551
8.719014 0.282066 -0.048220 0.035384 0.526721 0.161390 0.784996 -0.283372
8.722032 0.281955 -0.048220 0.035384 0.531449 0.146926 0.789723 -0.268909
8.725050 0.281955 -0.048220 0.035384 0.537279 0.126467 0.796878 -0.245605
8.728068 0.281955 -0.048220 0.035384 0.539928 0.114632 0.802082 -0.228038
8.731086 0.281843 -0.048220 0.035272 0.543530 0.099848 0.805685 -0.213254
8.734104 0.281843 -0.048220 0.035272 0.554143 0.091065 0.804615 -0.192943
8.737122 0.281732 -0.048220 0.035272 0.557099 0.076104 0.807571 -0.177983
8.740140 0.281732 -0.048220 0.035272 0.557902 0.069979 0.809477 -0.169100
8.743158 0.281732 -0.048220 0.035272 0.558637 0.063846 0.811286 -0.160197
8.746176 0.281620 -0.048220 0.035272 0.559905 0.051556 0.814610 -0.142333
8.749194 0.281620 -0.048220 0.035272 0.558938 0.054365 0.815577 -0.139524
8.752212 0.281620 -0.048220 0.035384 0.559502 0.048222 0.817060 -0.130556
8.755230 0.281620 -0.048220 0.035384 0.558628 0.051061 0.817934 -0.127717
8.758248 0.281620 -0.048220 0.035384 0.558628 0.051061 0.817934 -0.127717
8.761266 0.281620 -0.048220 0.035384 0.566615 0.056107 0.812810 -0.123042
8.764284 0.281620 -0.048109 0.035496 0.565229 0.065033 0.812145 -0.129259
8.767302 0.281620 -0.048109 0.035496 0.564553 0.067754 0.812820 -0.126539
8.770320 0.281620 -0.048109 0.035496 0.563129 0.076679 0.812027 -0.132734
8.773338 0.281620 -0.048109 0.035496 0.563129 0.076679 0.812027 -0.132734
8.776356 0.281732 -0.048109 0.035607 0.561637 0.085596 0.811136 -0.138912
8.779374 0.281732 -0.048109 0.035607 0.560077 0.094502 0.810146 -0.145074
8.782392 0.281732 -0.047997 0.035607 0.561081 0.088343 0.811691 -0.136165
8.785410 0.281732 -0.047997 0.035607 0.559551 0.097255 0.810672 -0.142321
8.788428 0.281732 -0.047997 0.035607 0.559551 0.097255 0.810672 -0.142321
8.791446 0.281732 -0.047997 0.035607 0.559551 0.097255 0.810672 -0.142321
8.794464 0.281732 -0.047997 0.035607 0.557954 0.106155 0.809554 -0.148460
8.797482 0.281732 -0.047997 0.035496 0.559087 0.100019 0.811136 -0.139557
8.800500 0.281732 -0.047997 0.035496 0.559087 0.100019 0.811136 -0.139557
8.803518 0.281732 -0.047885 0.035496 0.560152 0.093871 0.812621 -0.130637
8.806536 0.281732 -0.047885 0.035496 0.561149 0.087711 0.814007 -0.121702
8.809554 0.281732 -0.047885 0.035496 0.553074 0.080406 0.821441 -0.113484
8.812572 0.281732 -0.047997 0.035496 0.553924 0.074325 0.822638 -0.104453
8.815590 0.281732 -0.047997 0.035496 0.554707 0.068235 0.823736 -0.095409
8.818608 0.281732 -0.047997 0.035496 0.556072 0.056031 0.825634 -0.077287
8.821626 0.281732 -0.047997 0.035496 0.556654 0.049919 0.826433 -0.068212
8.824644 0.281732 -0.048109 0.035496 0.558133 0.028581 0.828096 -0.043909
8.827662 0.281620 -0.048109 0.035496 0.558626 0.016311 0.828861 -0.025705
8.830680 0.281620 -0.048109 0.035607 0.558733 0.013143 0.829131 -0.013627
8.833698 0.281620 -0.048220 0.035607 0.558863 -0.005276 0.829130 0.013703
8.836716 0.281620 -0.048220 0.035607 0.567677 -0.018010 0.822449 0.031562
8.839734 0.281508 -0.048220 0.035607 0.567144 -0.030478 0.821557 0.049625
8.842752 0.281508 -0.048220 0.035607 0.567047 -0.033917 0.820690 0.061437
8.845770 0.281508 -0.048220 0.035607 0.557159 -0.045247 0.825274 0.080313
8.848788 0.281508 -0.048220 0.035607 0.556030 -0.057478 0.823310 0.098426
8.851806 0.281397 -0.048220 0.035607 0.564815 -0.062239 0.815594 0.109164
8.854824 0.281397 -0.048220 0.035607 0.564097 -0.068440 0.814346 0.118118
8.857842 0.281397 -0.048220 0.035607 0.563917 -0.071897 0.812393 0.129794
8.860860 0.281397 -0.048220 0.035607 0.564583 -0.069174 0.811727 0.132516
8.863878 0.281397 -0.048220 0.035607 0.563789 -0.075372 0.810222 0.141426
8.866896 0.281285 -0.048220 0.035607 0.555791 -0.070310 0.815369 0.146038
8.869914 0.281285 -0.048220 0.035496 0.554985 -0.076412 0.813715 0.154987
8.872932 0.281285 -0.048220 0.035496 0.555879 -0.073579 0.812821 0.157820
8.875950 0.281285 -0.048220 0.035496 0.555037 -0.079682 0.811038 0.166740
8.878968 0.281174 -0.048220 0.035496 0.554128 -0.085775 0.809157 0.175640
8.881986 0.281174 -0.048220 0.035496 0.555146 -0.082984 0.808139 0.178431
8.885004 0.281174 -0.048109 0.035496 0.546520 -0.080008 0.813766 0.180832
8.888022 0.281174 -0.048109 0.035496 0.547660 -0.077084 0.812626 0.183756
8.891040 0.281174 -0.048109 0.035496 0.547660 -0.077084 0.812626 0.183756
8.894058 0.281062 -0.048109 0.035496 0.546780 -0.083096 0.810558 0.192672
8.897076 0.281062 -0.048109 0.035496 0.548016 -0.080212 0.809322 0.195557
8.900094 0.281062 -0.048109 0.035496 0.548016 -0.080212 0.809322 0.195557
8.903112 0.281062 -0.048109 0.035496 0.547101 -0.086227 0.807125 0.204436
8.906130 0.281062 -0.048109 0.035496 0.557710 -0.080887 0.802621 0.195489
8.909148 0.281062 -0.048109 0.035496 0.556787 -0.087010 0.800425 0.204295
8.912166 0.281062 -0.047997 0.035496 0.555798 -0.093121 0.798133 0.213076
8.915184 0.281062 -0.047997 0.035496 0.557145 -0.090474 0.796786 0.215724
8.918202 0.281062 -0.047997 0.035496 0.564247 -0.100533 0.789046 0.221188
8.921220 0.280950 -0.047997 0.035496 0.563109 -0.106725 0.786569 0.229844
8.924238 0.280950 -0.047997 0.035607 0.564488 -0.104285 0.785189 0.232284
8.927256 0.280950 -0.047997 0.035607 0.563309 -0.110481 0.782590 0.240896
8.930274 0.280950 -0.047997 0.035496 0.563546 -0.114286 0.778411 0.251856
8.933292 0.281062 -0.047997 0.035496 0.560899 -0.126640 0.772689 0.268897
8.936310 0.281062 -0.048109 0.035496 0.557981 -0.138933 0.766595 0.285809
8.939328 0.281062 -0.048109 0.035496 0.558085 -0.142798 0.761745 0.296470
8.942346 0.281062 -0.048109 0.035384 0.545784 -0.155815 0.756146 0.325706
8.945364 0.281062 -0.048220 0.035384 0.533174 -0.168160 0.749353 0.354848
8.948382 0.281062 -0.048220 0.035384 0.524473 -0.171672 0.743298 0.378106
8.951400 0.281062 -0.048220 0.035272 0.511660 -0.182756 0.734244 0.407051
8.954418 0.281062 -0.048332 0.035161 0.498632 -0.193164 0.723998 0.435753
8.957436 0.280950 -0.048332 0.035161 0.480293 -0.210709 0.710297 0.469466
8.960454 0.280950 -0.048444 0.035049 0.466625 -0.219620 0.697595 0.497382
8.963472 0.280950 -0.048444 0.035049 0.464821 -0.227383 0.683366 0.515024
8.966490 0.280950 -0.048555 0.035049 0.457075 -0.242577 0.666023 0.537264
8.969508 0.280839 -0.048555 0.035049 0.451635 -0.252561 0.654058 0.551767
8.972526 0.280839 -0.048667 0.035049 0.448607 -0.274866 0.633046 0.567850
8.975544 0.280839 -0.048778 0.035049 0.439306 -0.289499 0.613990 0.588402
8.978562 0.280727 -0.048778 0.035161 0.437903 -0.306898 0.598655 0.596378
8.981580 0.280727 -0.048890 0.035161 0.435894 -0.324332 0.583196 0.603893
8.984598 0.280727 -0.048890 0.035161 0.433276 -0.341782 0.567628 0.610946
8.987616 0.280727 -0.048890 0.035272 0.433969 -0.354481 0.558718 0.611432
8.990634 0.280615 -0.049002 0.035272 0.430322 -0.371943 0.543045 0.617725
8.993652 0.280615 -0.049002 0.035272 0.426064 -0.389365 0.527302 0.623552
8.996670 0.280615 -0.049002 0.035272 0.421761 -0.394023 0.520420 0.629307
8.999688 0.280615 -0.049002 0.035272 0.417407 -0.398632 0.513475 0.634986
9.002706 0.280615 -0.049002 0.035272 0.408548 -0.407707 0.499400 0.646115
9.005724 0.280615 -0.049002 0.035272 0.396861 -0.417554 0.487713 0.655962
9.008742 0.280615 -0.049002 0.035272 0.392250 -0.421889 0.480477 0.661280
9.011760 0.280504 -0.049002 0.035161 0.387592 -0.426172 0.473184 0.666519
9.014778 0.280504 -0.049002 0.035161 0.379524 -0.422043 0.467433 0.677752
9.017796 0.280504 -0.049002 0.035161 0.368581 -0.418757 0.464406 0.687836
9.020814 0.280504 -0.049002 0.035049 0.363959 -0.422781 0.456821 0.692896
9.023832 0.280504 -0.049002 0.035049 0.355960 -0.418232 0.450632 0.703779
9.026850 0.280504 -0.049002 0.035049 0.359108 -0.417227 0.447484 0.704784
9.029868 0.280504 -0.049002 0.035049 0.354503 -0.421147 0.439714 0.709658
9.032886 0.280504 -0.049002 0.035049 0.349855 -0.425016 0.431891 0.714446
9.035904 0.280504 -0.049002 0.035049 0.353044 -0.424150 0.428702 0.715312
9.038922 0.280504 -0.049002 0.035161 0.348363 -0.428003 0.420818 0.719979
9.041940 0.280504 -0.049002 0.035161 0.351579 -0.427242 0.417601 0.720739
9.044958 0.280504 -0.049002 0.035161 0.357213 -0.435340 0.413761 0.715318
9.047976 0.280504 -0.049113 0.035272 0.360295 -0.434752 0.410679 0.715906
9.050994 0.280504 -0.049113 0.035384 0.360529 -0.447014 0.399429 0.714600
9.054012 0.280504 -0.049113 0.035384 0.372959 -0.451022 0.401322 0.704572
9.057030 0.280504 -0.049113 0.035496 0.372117 -0.463604 0.390911 0.702701
9.060048 0.280504 -0.049113 0.035496 0.375876 -0.472145 0.388548 0.696295
9.063066 0.280504 -0.049113 0.035496 0.380806 -0.471974 0.383618 0.696465
9.066084 0.280504 -0.049113 0.035607 0.383272 -0.471971 0.381152 0.696469
9.069102 0.280504 -0.049113 0.035607 0.386149 -0.480691 0.379579 0.689743
9.072120 0.280392 -0.049113 0.035607 0.390738 -0.480936 0.374990 0.689498
9.075138 0.280392 -0.049113 0.035607 0.387718 -0.485423 0.365106 0.693352
9.078156 0.280392 -0.049113 0.035607 0.384640 -0.489952 0.355188 0.697023
9.081174 0.280392 -0.049113 0.035496 0.374422 -0.489685 0.337933 0.711209
9.084192 0.280281 -0.049113 0.035496 0.372300 -0.485603 0.325542 0.720836
9.087210 0.280281 -0.049113 0.035384 0.369515 -0.490235 0.315031 0.723799
9.090228 0.280281 -0.049113 0.035384 0.359914 -0.489628 0.296510 0.736756
9.093246 0.280169 -0.049113 0.035384 0.358684 -0.485701 0.282892 0.745260
9.096264 0.280169 -0.049225 0.035272 0.357843 -0.481908 0.268789 0.753303
9.099282 0.280169 -0.049225 0.035272 0.341769 -0.493438 0.243820 0.761751
9.102300 0.280169 -0.049337 0.035272 0.341425 -0.489788 0.229008 0.768825
9.105318 0.280169 -0.049337 0.035272 0.319579 -0.504314 0.195012 0.778143
9.108336 0.280169 -0.049448 0.035272 0.319748 -0.500856 0.179495 0.784019
9.111354 0.280057 -0.049448 0.035272 0.311725 -0.509403 0.159168 0.786131
9.114372 0.280057 -0.049560 0.035272 0.294769 -0.519398 0.133176 0.790949
9.117390 0.280057 -0.049560 0.035272 0.286210 -0.527622 0.112843 0.791812
9.120408 0.280057 -0.049671 0.035272 0.277386 -0.535782 0.092581 0.792101
9.123426 0.280057 -0.049783 0.035272 0.264014 -0.551460 0.077526 0.787514
9.126444 0.280057 -0.049895 0.035272 0.239533 -0.562526 0.042855 0.790160
9.129462 0.280057 -0.049895 0.035272 0.225718 -0.562874 0.011359 0.795044
9.132480 0.279946 -0.050006 0.035272 0.213296 -0.567698 -0.006111 0.795102
9.135498 0.279946 -0.050006 0.035272 0.197909 -0.581638 -0.020280 0.788745
9.138516 0.279946 -0.050118 0.035272 0.185082 -0.585846 -0.037605 0.788109
9.141534 0.279946 -0.050118 0.035272 0.174306 -0.592289 -0.057051 0.784574
9.144552 0.279834 -0.050118 0.035161 0.161250 -0.595976 -0.074275 0.783131
9.147570 0.279834 -0.050118 0.035161 0.148117 -0.599375 -0.091463 0.781310
9.150588 0.279722 -0.050118 0.035161 0.134913 -0.602484 -0.108607 0.779112
9.153606 0.279722 -0.050118 0.035161 0.121643 -0.605303 -0.125699 0.776538
9.156624 0.279722 -0.050118 0.035161 0.123494 -0.608041 -0.127550 0.773800
9.159642 0.279611 -0.050118 0.035161 0.116807 -0.609361 -0.136043 0.772352
9.162660 0.279499 -0.050118 0.035161 0.112068 -0.617745 -0.131349 0.767189
9.165678 0.279499 -0.050006 0.035161 0.098469 -0.620058 -0.148174 0.764118
9.168696 0.279388 -0.050006 0.035272 0.093307 -0.628007 -0.143121 0.759221
9.171714 0.279388 -0.050006 0.035272 0.087914 -0.635620 -0.137832 0.754494
9.174732 0.279276 -0.049895 0.035272 0.089192 -0.638114 -0.139111 0.752000
9.177750 0.279276 -0.049895 0.035384 0.091657 -0.646684 -0.126368 0.746612
9.180768 0.279164 -0.049783 0.035384 0.085662 -0.653406 -0.120437 0.742441
9.183786 0.279164 -0.049783 0.035384 0.086616 -0.655680 -0.121390 0.740166
9.186804 0.279053 -0.049783 0.035496 0.081109 -0.664054 -0.115943 0.734173
9.189822 0.279053 -0.049783 0.035496 0.074529 -0.669752 -0.109418 0.730688
9.192840 0.278941 -0.049783 0.035496 0.067791 -0.672565 -0.118063 0.727407
9.195858 0.278941 -0.049783 0.035607 0.061395 -0.679549 -0.111740 0.722467
9.198876 0.278829 -0.049783 0.035607 0.046769 -0.684638 -0.112602 0.718612
9.201894 0.278829 -0.049783 0.035607 0.047438 -0.688156 -0.113271 0.715095
9.204912 0.278718 -0.049783 0.035607 0.032545 -0.690806 -0.129193 0.710660
9.207930 0.278718 -0.049895 0.035607 0.017519 -0.693137 -0.144935 0.705866
9.210948 0.278606 -0.049895 0.035607 0.002367 -0.695143 -0.160489 0.700723
9.213966 0.278606 -0.049895 0.035607 -0.012904 -0.696818 -0.175848 0.695238
9.216984 0.278495 -0.050006 0.035607 -0.020440 -0.697642 -0.198559 0.688079
9.220002 0.278495 -0.050006 0.035607 -0.035933 -0.698977 -0.213459 0.681598
9.223020 0.278383 -0.050006 0.035607 -0.059223 -0.699353 -0.235528 0.672253
9.226038 0.278383 -0.050118 0.035496 -0.074420 -0.697450 -0.264874 0.661715
9.229056 0.278271 -0.050229 0.035496 -0.097847 -0.696692 -0.286051 0.650554
9.232074 0.278271 -0.050229 0.035496 -0.113010 -0.694112 -0.314399 0.637645
9.235092 0.278160 -0.050341 0.035496 -0.128101 -0.691204 -0.342159 0.623502
9.238110 0.278160 -0.050341 0.035496 -0.144078 -0.690549 -0.354954 0.613508
9.241128 0.278048 -0.050453 0.035384 -0.152580 -0.691266 -0.374019 0.599149
9.244146 0.278048 -0.050453 0.035384 -0.175276 -0.685863 -0.393560 0.586499
9.247164 0.278048 -0.050564 0.035384 -0.190334 -0.681889 -0.418930 0.568593
9.250182 0.277937 -0.050564 0.035384 -0.212701 -0.675247 -0.437440 0.554479
9.253200 0.277937 -0.050676 0.035384 -0.214197 -0.677873 -0.448037 0.542099
9.256218 0.277937 -0.050676 0.035384 -0.221780 -0.675645 -0.465582 0.526830
9.259236 0.277937 -0.050676 0.035384 -0.230882 -0.675810 -0.469649 0.519042
9.262254 0.277825 -0.050788 0.035384 -0.245675 -0.670574 -0.480939 0.508598
9.265272 0.277825 -0.050788 0.035384 -0.254863 -0.670380 -0.484662 0.500738
9.268290 0.277713 -0.050788 0.035384 -0.262212 -0.667539 -0.490134 0.495384
9.271308 0.277713 -0.050788 0.035384 -0.264131 -0.670022 -0.488215 0.492901
9.274326 0.277713 -0.050788 0.035384 -0.271476 -0.667080 -0.493601 0.487507
9.277344 0.277713 -0.050788 0.035384 -0.280136 -0.665854 -0.486628 0.491280
9.280362 0.277602 -0.050788 0.035384 -0.287434 -0.662736 -0.491996 0.485904
9.283380 0.277602 -0.050788 0.035496 -0.282079 -0.668101 -0.484685 0.489032
9.286398 0.277490 -0.050676 0.035496 -0.295875 -0.661039 -0.485176 0.489990
9.289416 0.277490 -0.050676 0.035496 -0.302314 -0.657036 -0.480264 0.496243
9.292434 0.277490 -0.050676 0.035496 -0.304102 -0.658971 -0.478476 0.494307
9.295453 0.277378 -0.050676 0.035496 -0.317564 -0.651316 -0.479092 0.495390
9.298471 0.277378 -0.050676 0.035496 -0.317564 -0.651316 -0.479092 0.495390
9.301489 0.277378 -0.050676 0.035496 -0.324700 -0.647788 -0.484506 0.490097
9.304507 0.277378 -0.050676 0.035496 -0.330855 -0.643367 -0.479732 0.496460
9.307525 0.277378 -0.050676 0.035496 -0.337903 -0.639693 -0.485157 0.491159
9.310543 0.277378 -0.050676 0.035607 -0.350924 -0.631310 -0.485831 0.492207
9.313561 0.277378 -0.050676 0.035607 -0.357839 -0.627417 -0.491209 0.486840
9.316579 0.277267 -0.050676 0.035607 -0.364710 -0.623447 -0.496528 0.481414
9.319597 0.277267 -0.050676 0.035607 -0.377351 -0.614501 -0.497248 0.482431
9.322615 0.277267 -0.050788 0.035607 -0.384079 -0.610318 -0.502518 0.476939
9.325633 0.277267 -0.050788 0.035607 -0.397396 -0.601732 -0.512876 0.465783
9.328651 0.277267 -0.050788 0.035607 -0.403982 -0.597330 -0.517962 0.460121
9.331669 0.277267 -0.050788 0.035607 -0.410520 -0.592856 -0.522985 0.454402
9.334687 0.277267 -0.050788 0.035607 -0.417009 -0.588310 -0.527946 0.448629
9.337705 0.277155 -0.050899 0.035607 -0.428815 -0.578288 -0.528752 0.449579
9.340723 0.277155 -0.050899 0.035607 -0.436580 -0.574608 -0.532222 0.442677
9.343741 0.277155 -0.050899 0.035607 -0.442867 -0.569777 -0.537053 0.436803
9.346759 0.277155 -0.050899 0.035607 -0.444050 -0.570555 -0.545546 0.423870
9.349777 0.277044 -0.051011 0.035607 -0.450292 -0.565642 -0.550170 0.417851
9.352795 0.277044 -0.051011 0.035607 -0.456479 -0.560661 -0.554727 0.411782
9.355813 0.277044 -0.051011 0.035607 -0.462611 -0.555612 -0.559217 0.405663
9.358831 0.276932 -0.051011 0.035607 -0.458126 -0.561722 -0.553080 0.410721
9.361849 0.276932 -0.051011 0.035607 -0.464270 -0.556655 -0.557559 0.404620
9.364867 0.276932 -0.051011 0.035607 -0.465650 -0.557437 -0.565173 0.391170
9.367885 0.276820 -0.051011 0.035496 -0.471746 -0.552287 -0.569436 0.384937
9.370903 0.276820 -0.051011 0.035496 -0.477785 -0.547071 -0.573631 0.378658
9.373921 0.276820 -0.050899 0.035496 -0.477785 -0.547071 -0.573631 0.378658
9.376939 0.276820 -0.050899 0.035496 -0.483178 -0.541379 -0.586630 0.359601
9.379957 0.276820 -0.050899 0.035496 -0.483178 -0.541379 -0.586630 0.359601
9.382975 0.276709 -0.050899 0.035384 -0.484453 -0.541994 -0.593350 0.345664
9.385993 0.276820 -0.050899 0.035384 -0.484453 -0.541994 -0.593350 0.345664
9.389011 0.276820 -0.050899 0.035384 -0.490378 -0.536639 -0.597111 0.339124
9.392029 0.276820 -0.050899 0.035384 -0.490378 -0.536639 -0.597111 0.339124
9.395047 0.276820 -0.050899 0.035384 -0.489355 -0.535959 -0.605686 0.326226
9.398065 0.276820 -0.050899 0.035384 -0.495214 -0.530551 -0.609233 0.319552
9.401083 0.276820 -0.050899 0.035384 -0.495214 -0.530551 -0.609233 0.319552
9.404101 0.276820 -0.050899 0.035272 -0.495214 -0.530551 -0.609233 0.319552
9.407119 0.276932 -0.050899 0.035272 -0.501013 -0.525078 -0.612707 0.312840
9.410137 0.276932 -0.050899 0.035272 -0.501013 -0.525078 -0.612707 0.312840
9.413155 0.276932 -0.050899 0.035272 -0.501013 -0.525078 -0.612707 0.312840
9.416173 0.276932 -0.050899 0.035384 -0.506751 -0.519542 -0.616107 0.306090
9.419191 0.276932 -0.050899 0.035384 -0.506751 -0.519542 -0.616107 0.306090
9.422209 0.276932 -0.050899 0.035384 -0.512428 -0.513944 -0.619433 0.299303
9.425227 0.276932 -0.050899 0.035384 -0.512428 -0.513944 -0.619433 0.299303
9.428245 0.276932 -0.050899 0.035384 -0.514799 -0.515093 -0.617062 0.298153
9.431263 0.276932 -0.050899 0.035384 -0.519102 -0.508906 -0.614830 0.305829
9.434281 0.276932 -0.050899 0.035384 -0.524662 -0.503172 -0.618153 0.299056
9.437299 0.276932 -0.051011 0.035384 -0.526916 -0.504175 -0.615899 0.298053
9.440317 0.276932 -0.051011 0.035384 -0.526916 -0.504175 -0.615899 0.298053
9.443335 0.276932 -0.051011 0.035384 -0.532423 -0.498356 -0.619137 0.291269
9.446353 0.276932 -0.051011 0.035384 -0.532423 -0.498356 -0.619137 0.291269
9.449371 0.276932 -0.051011 0.035384 -0.537865 -0.492476 -0.622299 0.284450
9.452389 0.276932 -0.051011 0.035384 -0.537865 -0.492476 -0.622299 0.284450
9.455407 0.276932 -0.051011 0.035384 -0.543243 -0.486538 -0.625387 0.277596
9.458425 0.276932 -0.051011 0.035384 -0.547049 -0.480045 -0.623575 0.285392
9.461443 0.276932 -0.051011 0.035384 -0.547049 -0.480045 -0.623575 0.285392
9.464461 0.276932 -0.051011 0.035384 -0.552290 -0.474006 -0.626672 0.278524
9.467479 0.276932 -0.051011 0.035384 -0.552290 -0.474006 -0.626672 0.278524
9.470497 0.276932 -0.051011 0.035384 -0.552290 -0.474006 -0.626672 0.278524
9.473515 0.276932 -0.051011 0.035384 -0.557464 -0.467910 -0.629695 0.271623
9.476533 0.276820 -0.051011 0.035384 -0.557464 -0.467910 -0.629695 0.271623
9.479551 0.276820 -0.051011 0.035384 -0.557464 -0.467910 -0.629695 0.271623
9.482569 0.276820 -0.051011 0.035384 -0.562571 -0.461757 -0.632641 0.264688
9.485587 0.276820 -0.051011 0.035384 -0.562571 -0.461757 -0.632641 0.264688
9.488605 0.276820 -0.051011 0.035384 -0.562571 -0.461757 -0.632641 0.264688
9.491623 0.276820 -0.051011 0.035384 -0.562571 -0.461757 -0.632641 0.264688
9.494641 0.276820 -0.051011 0.035384 -0.566093 -0.455087 -0.631010 0.272508
9.497659 0.276820 -0.051011 0.035384 -0.571058 -0.448841 -0.633966 0.265559
9.500677 0.276820 -0.051011 0.035384 -0.571058 -0.448841 -0.633966 0.265559
9.503695 0.276820 -0.051011 0.035384 -0.571058 -0.448841 -0.633966 0.265559
9.506713 0.276820 -0.051011 0.035384 -0.571058 -0.448841 -0.633966 0.265559
9.509731 0.276820 -0.051011 0.035384 -0.571058 -0.448841 -0.633966 0.265559
9.512749 0.276709 -0.051011 0.035384 -0.575955 -0.442540 -0.636845 0.258578
9.515767 0.276709 -0.051011 0.035384 -0.578761 -0.435517 -0.641669 0.252235
9.518785 0.276709 -0.051011 0.035384 -0.578761 -0.435517 -0.641669 0.252235
9.521803 0.276709 -0.051011 0.035384 -0.582151 -0.428735 -0.640059 0.260021
9.524821 0.276709 -0.051011 0.035384 -0.582151 -0.428735 -0.640059 0.260021
9.527839 0.276709 -0.051011 0.035384 -0.589570 -0.415225 -0.647478 0.246511
9.530857 0.276709 -0.051011 0.035384 -0.589570 -0.415225 -0.647478 0.246511
9.533875 0.276709 -0.051011 0.035384 -0.592243 -0.408087 -0.652000 0.240019
9.536893 0.276709 -0.051011 0.035384 -0.592243 -0.408087 -0.652000 0.240019
9.539911 0.276820 -0.051011 0.035384 -0.594844 -0.400899 -0.656444 0.233498
9.542929 0.276820 -0.051011 0.035384 -0.591273 -0.407664 -0.658192 0.225809
9.545947 0.276820 -0.051011 0.035384 -0.593718 -0.400409 -0.662631 0.219300
9.548965 0.276820 -0.051011 0.035384 -0.600374 -0.386532 -0.669287 0.205423
9.551983 0.276820 -0.051011 0.035384 -0.604039 -0.379767 -0.667475 0.213053
9.555001 0.276820 -0.051011 0.035384 -0.606343 -0.372411 -0.671607 0.206404
9.558019 0.276820 -0.051011 0.035384 -0.608574 -0.365010 -0.675658 0.199730
9.561037 0.276932 -0.051011 0.035384 -0.608574 -0.365010 -0.675658 0.199730
9.564055 0.276932 -0.051011 0.035384 -0.610732 -0.357565 -0.679627 0.193032
9.567073 0.276932 -0.051122 0.035384 -0.610732 -0.357565 -0.679627 0.193032
9.570091 0.276932 -0.051122 0.035384 -0.612815 -0.350077 -0.683514 0.186311
9.573109 0.276932 -0.051122 0.035384 -0.616738 -0.343355 -0.681324 0.193749
9.576127 0.276932 -0.051122 0.035384 -0.622482 -0.329031 -0.687068 0.179425
9.579145 0.276932 -0.051122 0.035496 -0.624415 -0.321463 -0.690641 0.172575
9.582163 0.276932 -0.051122 0.035496 -0.624415 -0.321463 -0.690641 0.172575
9.585181 0.276932 -0.051122 0.035496 -0.626274 -0.313856 -0.694131 0.165705
9.588199 0.276932 -0.051122 0.035496 -0.632153 -0.299509 -0.695049 0.166081
9.591217 0.276932 -0.051122 0.035496 -0.632153 -0.299509 -0.695049 0.166081
9.594235 0.276932 -0.051122 0.035496 -0.633940 -0.291855 -0.698298 0.159127
9.597253 0.276932 -0.051122 0.035496 -0.631394 -0.290812 -0.704096 0.144977
9.600271 0.276932 -0.051122 0.035384 -0.632949 -0.283059 -0.707249 0.138032
9.603289 0.276932 -0.051122 0.035384 -0.634427 -0.275272 -0.710316 0.131070
9.606307 0.276932 -0.051122 0.035384 -0.635829 -0.267452 -0.713297 0.124092
9.609325 0.276932 -0.051234 0.035384 -0.632510 -0.266092 -0.719030 0.110104
9.612343 0.276932 -0.051234 0.035384 -0.633681 -0.258176 -0.721910 0.103149
9.615361 0.276932 -0.051234 0.035384 -0.634776 -0.250230 -0.724702 0.096181
9.618379 0.276932 -0.051234 0.035384 -0.638418 -0.235253 -0.728344 0.081205
9.621397 0.276932 -0.051234 0.035272 -0.634318 -0.233626 -0.733841 0.067359
9.624415 0.276932 -0.051234 0.035272 -0.635645 -0.217446 -0.738797 0.053406
9.627433 0.276932 -0.051234 0.035272 -0.636193 -0.209316 -0.741141 0.046420
9.630451 0.276932 -0.051234 0.035272 -0.636193 -0.209316 -0.741141 0.046420
9.633469 0.276932 -0.051234 0.035272 -0.638836 -0.194155 -0.743784 0.031258
9.636487 0.276932 -0.051234 0.035272 -0.639141 -0.185972 -0.745873 0.024238
9.639505 0.276932 -0.051234 0.035272 -0.639369 -0.177766 -0.747871 0.017215
9.642523 0.276932 -0.051234 0.035272 -0.639519 -0.169539 -0.749778 0.010190
9.645541 0.276932 -0.051234 0.035272 -0.639593 -0.161292 -0.751596 0.003163
9.648559 0.276932 -0.051346 0.035272 -0.641231 -0.145989 -0.753234 -0.012140
9.651577 0.276932 -0.051346 0.035272 -0.641059 -0.137706 -0.754793 -0.019183
9.654595 0.276932 -0.051346 0.035272 -0.641059 -0.137706 -0.754793 -0.019183
9.657613 0.276932 -0.051346 0.035272 -0.640810 -0.129405 -0.756260 -0.026225
9.660631 0.276932 -0.051346 0.035272 -0.634730 -0.127144 -0.761180 -0.039458
9.663649 0.276932 -0.051346 0.035272 -0.634258 -0.118774 -0.762531 -0.046428
9.666667 0.276932 -0.051346 0.035272 -0.633710 -0.110390 -0.763790 -0.053394
