0.000000 0.224247 -0.012055 0.036612 0.523423 0.128214 0.306099 -0.784788
0.002343 0.224247 -0.012055 0.036612 0.516184 0.125906 0.313338 -0.787096
0.004686 0.224135 -0.012167 0.036612 0.508155 0.114418 0.316208 -0.792906
0.007028 0.224135 -0.012167 0.036612 0.500679 0.112391 0.323684 -0.794932
0.009371 0.224135 -0.012167 0.036612 0.501883 0.106884 0.332398 -0.791328
0.011714 0.224135 -0.012167 0.036612 0.493159 0.110529 0.331204 -0.796794
0.014057 0.224024 -0.012278 0.036612 0.493153 0.095690 0.335806 -0.796792
0.016399 0.224024 -0.012278 0.036612 0.485432 0.094046 0.343527 -0.798436
0.018742 0.224024 -0.012278 0.036612 0.486436 0.088707 0.352278 -0.794614
0.021085 0.224024 -0.012278 0.036612 0.487381 0.083358 0.360987 -0.790696
0.023428 0.223912 -0.012278 0.036612 0.477023 0.077852 0.356205 -0.799691
0.025770 0.223912 -0.012278 0.036500 0.477849 0.072607 0.364969 -0.795730
0.028113 0.223912 -0.012390 0.036500 0.478618 0.067352 0.373689 -0.791672
0.030456 0.223800 -0.012390 0.036500 0.477318 0.052675 0.378597 -0.791238
0.032799 0.223800 -0.012390 0.036500 0.469193 0.051680 0.386723 -0.792233
0.035142 0.223689 -0.012390 0.036500 0.467416 0.037108 0.391774 -0.791617
0.037484 0.223689 -0.012390 0.036388 0.467796 0.031971 0.400448 -0.787265
0.039827 0.223577 -0.012502 0.036388 0.465540 0.017466 0.405476 -0.786483
0.042170 0.223577 -0.012502 0.036388 0.462967 0.003013 0.410487 -0.785591
0.044513 0.223577 -0.012502 0.036388 0.462972 -0.002073 0.419092 -0.781034
0.046855 0.223465 -0.012613 0.036277 0.459924 -0.016432 0.424071 -0.779977
0.049198 0.223465 -0.012613 0.036277 0.459451 -0.026533 0.441105 -0.770472
0.051541 0.223354 -0.012613 0.036277 0.459132 -0.031579 0.449543 -0.765579
0.053884 0.223354 -0.012725 0.036277 0.458758 -0.036622 0.457926 -0.760594
0.056226 0.223354 -0.012725 0.036277 0.450000 -0.036535 0.466684 -0.760507
0.058569 0.223242 -0.012725 0.036277 0.449088 -0.046413 0.483281 -0.750070
0.060912 0.223242 -0.012836 0.036277 0.448551 -0.051344 0.491492 -0.744715
0.063255 0.223242 -0.012836 0.036388 0.451902 -0.047301 0.502750 -0.735384
0.065597 0.223131 -0.012836 0.036388 0.451355 -0.052263 0.510799 -0.729816
0.067940 0.223131 -0.012948 0.036388 0.454837 -0.048334 0.521744 -0.720119
0.070283 0.223131 -0.012948 0.036388 0.458865 -0.039443 0.524638 -0.715990
0.072626 0.223019 -0.012948 0.036388 0.450574 -0.038629 0.532929 -0.715177
0.074969 0.223019 -0.012948 0.036388 0.454336 -0.034741 0.543395 -0.705048
0.077311 0.223019 -0.012948 0.036500 0.454336 -0.034741 0.543395 -0.705048
0.079654 0.222907 -0.013060 0.036500 0.458183 -0.030937 0.553636 -0.694693
0.081997 0.222907 -0.013060 0.036500 0.462113 -0.027218 0.563647 -0.684115
0.084340 0.222907 -0.013060 0.036500 0.462113 -0.027218 0.563647 -0.684115
0.086682 0.222907 -0.013060 0.036500 0.462113 -0.027218 0.563647 -0.684115
0.089025 0.222796 -0.013060 0.036500 0.466124 -0.023586 0.573423 -0.673319
0.091368 0.222796 -0.013060 0.036500 0.466124 -0.023586 0.573423 -0.673319
0.093711 0.222796 -0.013060 0.036500 0.466124 -0.023586 0.573423 -0.673319
0.096053 0.222796 -0.013060 0.036612 0.465836 -0.028706 0.580786 -0.666979
0.098396 0.222796 -0.013060 0.036612 0.470213 -0.020043 0.582960 -0.662311
0.100739 0.222796 -0.013060 0.036612 0.470213 -0.020043 0.582960 -0.662311
0.103082 0.222796 -0.013060 0.036612 0.470213 -0.020043 0.582960 -0.662311
0.105425 0.222796 -0.013060 0.036612 0.470213 -0.020043 0.582960 -0.662311
0.107767 0.222796 -0.013060 0.036612 0.470213 -0.020043 0.582960 -0.662311
0.110110 0.222796 -0.013060 0.036612 0.470213 -0.020043 0.582960 -0.662311
0.112453 0.222796 -0.013060 0.036612 0.470213 -0.020043 0.582960 -0.662311
0.114796 0.222796 -0.013060 0.036612 0.470213 -0.020043 0.582960 -0.662311
0.117138 0.222796 -0.013060 0.036612 0.469964 -0.025208 0.590201 -0.655867
0.119481 0.222796 -0.013060 0.036612 0.469964 -0.025208 0.590201 -0.655867
0.121824 0.222796 -0.013060 0.036612 0.469964 -0.025208 0.590201 -0.655867
0.124167 0.222796 -0.013060 0.036612 0.469964 -0.025208 0.590201 -0.655867
0.126509 0.222796 -0.013060 0.036612 0.469964 -0.025208 0.590201 -0.655867
0.128852 0.222796 -0.013060 0.036612 0.469964 -0.025208 0.590201 -0.655867
0.131195 0.222796 -0.013060 0.036612 0.469964 -0.025208 0.590201 -0.655867
0.133538 0.222796 -0.013060 0.036612 0.469964 -0.025208 0.590201 -0.655867
0.135880 0.222796 -0.013060 0.036612 0.462730 -0.018722 0.590442 -0.660990
0.138223 0.222796 -0.013060 0.036612 0.462730 -0.018722 0.590442 -0.660990
0.140566 0.222796 -0.013060 0.036723 0.462730 -0.018722 0.590442 -0.660990
0.142909 0.222796 -0.013060 0.036723 0.462730 -0.018722 0.590442 -0.660990
0.145252 0.222796 -0.013060 0.036723 0.462730 -0.018722 0.590442 -0.660990
0.147594 0.222796 -0.013060 0.036723 0.462730 -0.018722 0.590442 -0.660990
0.149937 0.222796 -0.013060 0.036723 0.462730 -0.018722 0.590442 -0.660990
0.152280 0.222796 -0.013060 0.036723 0.462730 -0.018722 0.590442 -0.660990
0.154623 0.222796 -0.013060 0.036723 0.462730 -0.018722 0.590442 -0.660990
0.156965 0.222796 -0.013060 0.036723 0.462730 -0.018722 0.590442 -0.660990
0.159308 0.222796 -0.013060 0.036723 0.462730 -0.018722 0.590442 -0.660990
0.161651 0.222796 -0.013060 0.036723 0.462730 -0.018722 0.590442 -0.660990
0.163994 0.222796 -0.013060 0.036723 0.462730 -0.018722 0.590442 -0.660990
0.166336 0.222796 -0.013060 0.036723 0.462730 -0.018722 0.590442 -0.660990
0.168679 0.222796 -0.013060 0.036723 0.462730 -0.018722 0.590442 -0.660990
0.171022 0.222796 -0.013060 0.036723 0.462730 -0.018722 0.590442 -0.660990
0.173365 0.222796 -0.013060 0.036723 0.462730 -0.018722 0.590442 -0.660990
0.175708 0.222796 -0.013060 0.036723 0.462730 -0.018722 0.590442 -0.660990
0.178050 0.222796 -0.013060 0.036723 0.462730 -0.018722 0.590442 -0.660990
0.180393 0.222796 -0.013060 0.036723 0.462730 -0.018722 0.590442 -0.660990
0.182736 0.222796 -0.013060 0.036723 0.462730 -0.018722 0.590442 -0.660990
0.185079 0.222796 -0.013060 0.036723 0.462730 -0.018722 0.590442 -0.660990
0.187421 0.222796 -0.013060 0.036723 0.458208 -0.027359 0.588414 -0.665632
0.189764 0.222796 -0.013060 0.036723 0.458208 -0.027359 0.588414 -0.665632
0.192107 0.222796 -0.013060 0.036723 0.458208 -0.027359 0.588414 -0.665632
0.194450 0.222796 -0.013060 0.036723 0.458208 -0.027359 0.588414 -0.665632
0.196792 0.222796 -0.013060 0.036723 0.458208 -0.027359 0.588414 -0.665632
0.199135 0.222796 -0.013060 0.036723 0.458208 -0.027359 0.588414 -0.665632
0.201478 0.222796 -0.013060 0.036723 0.458208 -0.027359 0.588414 -0.665632
0.203821 0.222796 -0.013060 0.036723 0.465493 -0.033822 0.588078 -0.660558
0.206164 0.222796 -0.013060 0.036723 0.465493 -0.033822 0.588078 -0.660558
0.208506 0.222796 -0.013060 0.036723 0.465493 -0.033822 0.588078 -0.660558
0.210849 0.222796 -0.013060 0.036723 0.465493 -0.033822 0.588078 -0.660558
0.213192 0.222796 -0.013060 0.036723 0.465093 -0.038933 0.595299 -0.654057
0.215535 0.222796 -0.013060 0.036723 0.467680 -0.054006 0.592599 -0.653594
0.217877 0.222796 -0.013060 0.036723 0.467680 -0.054006 0.592599 -0.653594
0.220220 0.222796 -0.013060 0.036723 0.467680 -0.054006 0.592599 -0.653594
0.222563 0.222796 -0.013060 0.036723 0.474832 -0.060513 0.591970 -0.648417
0.224906 0.222796 -0.013060 0.036723 0.474832 -0.060513 0.591970 -0.648417
0.227248 0.222796 -0.013060 0.036723 0.474832 -0.060513 0.591970 -0.648417
0.229591 0.222907 -0.013060 0.036723 0.481927 -0.067013 0.591269 -0.643161
0.231934 0.222907 -0.013060 0.036723 0.481162 -0.072304 0.598300 -0.636626
0.234277 0.222907 -0.013060 0.036723 0.481162 -0.072304 0.598300 -0.636626
0.236619 0.222907 -0.013060 0.036723 0.488127 -0.078872 0.597469 -0.631302
0.238962 0.222907 -0.013060 0.036723 0.488127 -0.078872 0.597469 -0.631302
0.241305 0.222907 -0.013060 0.036723 0.494064 -0.090865 0.603407 -0.619309
0.243648 0.222907 -0.013060 0.036723 0.494064 -0.090865 0.603407 -0.619309
0.245991 0.222907 -0.013060 0.036723 0.494064 -0.090865 0.603407 -0.619309
0.248333 0.223019 -0.013060 0.036723 0.499737 -0.102985 0.609080 -0.607189
0.250676 0.223019 -0.013060 0.036723 0.499737 -0.102985 0.609080 -0.607189
0.253019 0.223019 -0.013060 0.036723 0.505142 -0.115226 0.614485 -0.594948
0.255362 0.223019 -0.013060 0.036723 0.511648 -0.121970 0.613182 -0.589362
0.257704 0.223019 -0.012948 0.036723 0.516647 -0.134383 0.618180 -0.576949
0.260047 0.223131 -0.012948 0.036723 0.521372 -0.146903 0.622905 -0.564429
0.262390 0.223131 -0.012948 0.036723 0.525820 -0.159524 0.627354 -0.551808
0.264733 0.223131 -0.012948 0.036723 0.524036 -0.165291 0.633378 -0.544883
0.267075 0.223242 -0.012948 0.036723 0.535881 -0.179167 0.629594 -0.533238
0.269418 0.223242 -0.012836 0.036723 0.539630 -0.192013 0.633343 -0.520392
0.271761 0.223242 -0.012836 0.036723 0.547759 -0.197312 0.639721 -0.501782
0.274104 0.223354 -0.012836 0.036723 0.550960 -0.210394 0.642922 -0.488701
0.276447 0.223354 -0.012725 0.036723 0.553873 -0.223543 0.645835 -0.475552
0.278789 0.223465 -0.012725 0.036612 0.556497 -0.236752 0.648459 -0.462342
0.281132 0.223465 -0.012725 0.036612 0.566129 -0.236491 0.648790 -0.450158
0.283475 0.223577 -0.012613 0.036612 0.568329 -0.249863 0.650990 -0.436786
0.285818 0.223577 -0.012613 0.036723 0.570235 -0.263280 0.652897 -0.423369
0.288160 0.223577 -0.012613 0.036723 0.576399 -0.269582 0.657435 -0.403571
0.290503 0.223689 -0.012502 0.036723 0.582212 -0.276046 0.661614 -0.383529
0.292846 0.223689 -0.012502 0.036723 0.583243 -0.289723 0.662645 -0.369852
0.295189 0.223800 -0.012502 0.036723 0.584528 -0.289102 0.669377 -0.355923
0.297531 0.223800 -0.012502 0.036723 0.588403 -0.296438 0.666161 -0.349479
0.299874 0.223912 -0.012390 0.036723 0.588834 -0.310227 0.666592 -0.335691
0.302217 0.223912 -0.012390 0.036723 0.588962 -0.324021 0.666720 -0.321897
0.304560 0.224024 -0.012390 0.036723 0.593149 -0.331031 0.669254 -0.301151
0.306903 0.224024 -0.012390 0.036723 0.592668 -0.344896 0.668773 -0.287287
0.309245 0.224024 -0.012390 0.036723 0.591883 -0.358746 0.667988 -0.273436
0.311588 0.224135 -0.012390 0.036723 0.590794 -0.372576 0.666899 -0.259606
0.313931 0.224135 -0.012390 0.036723 0.589401 -0.386379 0.665506 -0.245804
0.316274 0.224247 -0.012278 0.036723 0.587706 -0.400148 0.663810 -0.232035
0.318616 0.224247 -0.012278 0.036723 0.585708 -0.413876 0.661812 -0.218307
0.320959 0.224247 -0.012278 0.036723 0.588071 -0.421122 0.657225 -0.211859
0.323302 0.224358 -0.012278 0.036723 0.583409 -0.427557 0.659513 -0.204626
0.325645 0.224358 -0.012278 0.036723 0.580810 -0.441184 0.656914 -0.190999
0.327987 0.224358 -0.012278 0.036723 0.582873 -0.448374 0.652028 -0.184606
0.330330 0.224470 -0.012278 0.036612 0.579826 -0.461908 0.648981 -0.171072
0.332673 0.224470 -0.012167 0.036612 0.576483 -0.475372 0.645638 -0.157608
0.335016 0.224470 -0.012167 0.036612 0.578180 -0.482437 0.640376 -0.151266
0.337358 0.224582 -0.012167 0.036612 0.574395 -0.495783 0.636591 -0.137919
0.339701 0.224582 -0.012167 0.036612 0.574395 -0.495783 0.636591 -0.137919
0.342044 0.224582 -0.012167 0.036612 0.570317 -0.509043 0.632514 -0.124659
0.344387 0.224582 -0.012167 0.036612 0.574292 -0.503174 0.635130 -0.116684
0.346730 0.224693 -0.012167 0.036612 0.569900 -0.516413 0.630738 -0.103444
0.349072 0.224693 -0.012167 0.036612 0.571002 -0.523311 0.625027 -0.097177
0.351415 0.224693 -0.012167 0.036612 0.571002 -0.523311 0.625027 -0.097177
0.353758 0.224693 -0.012055 0.036612 0.566177 -0.536399 0.620201 -0.084090
0.356101 0.224693 -0.012055 0.036612 0.566177 -0.536399 0.620201 -0.084090
0.358443 0.224805 -0.012055 0.036612 0.567066 -0.543180 0.614271 -0.077864
0.360786 0.224805 -0.012055 0.036612 0.567066 -0.543180 0.614271 -0.077864
0.363129 0.224805 -0.012055 0.036612 0.561812 -0.556101 0.609016 -0.064943
0.365472 0.224805 -0.012055 0.036612 0.561812 -0.556101 0.609016 -0.064943
0.367814 0.224805 -0.012055 0.036612 0.562492 -0.562759 0.602870 -0.058767
0.370157 0.224805 -0.011943 0.036612 0.562492 -0.562759 0.602870 -0.058767
0.372500 0.224916 -0.011943 0.036612 0.559569 -0.574885 0.593866 -0.060937
0.374843 0.224916 -0.011943 0.036612 0.560204 -0.581375 0.587514 -0.054786
0.377186 0.224916 -0.011943 0.036612 0.560204 -0.581375 0.587514 -0.054786
0.379528 0.224916 -0.011943 0.036612 0.560772 -0.587794 0.581092 -0.048629
0.381871 0.224916 -0.011943 0.036612 0.560772 -0.587794 0.581092 -0.048629
0.384214 0.225028 -0.011943 0.036612 0.567766 -0.587941 0.574098 -0.048775
0.386557 0.225028 -0.011943 0.036500 0.568268 -0.594212 0.567604 -0.042534
0.388899 0.225028 -0.011832 0.036500 0.568268 -0.594212 0.567604 -0.042534
0.391242 0.225028 -0.011832 0.036500 0.568701 -0.600412 0.561042 -0.036289
0.393585 0.225028 -0.011832 0.036500 0.569065 -0.606540 0.554412 -0.030039
0.395928 0.225140 -0.011832 0.036500 0.569065 -0.606540 0.554412 -0.030039
0.398270 0.225140 -0.011832 0.036500 0.576057 -0.606302 0.547420 -0.029801
0.400613 0.225140 -0.011720 0.036500 0.576057 -0.606302 0.547420 -0.029801
0.402956 0.225140 -0.011720 0.036612 0.579020 -0.606948 0.544176 -0.014913
0.405299 0.225140 -0.011720 0.036612 0.585654 -0.600550 0.543979 -0.020890
0.407641 0.225140 -0.011720 0.036612 0.585848 -0.606490 0.537349 -0.014455
0.409984 0.225251 -0.011720 0.036612 0.585971 -0.612357 0.530653 -0.008018
0.412327 0.225251 -0.011609 0.036612 0.594958 -0.600501 0.534224 -0.005311
0.414670 0.225251 -0.011609 0.036612 0.594981 -0.606334 0.527594 0.001225
0.417013 0.225251 -0.011609 0.036612 0.601606 -0.599761 0.527576 -0.004571
0.419355 0.225251 -0.011609 0.036612 0.601620 -0.605521 0.520955 0.002038
0.421698 0.225363 -0.011609 0.036612 0.608240 -0.604562 0.514335 0.002997
0.424041 0.225363 -0.011497 0.036612 0.608240 -0.604562 0.514335 0.002997
0.426384 0.225363 -0.011497 0.036612 0.614837 -0.603458 0.507738 0.004102
0.428726 0.225363 -0.011497 0.036612 0.621408 -0.602209 0.501167 0.005350
0.431069 0.225475 -0.011497 0.036612 0.621312 -0.607678 0.494521 0.012177
0.433412 0.225475 -0.011497 0.036612 0.627950 -0.600816 0.494624 0.006743
0.435755 0.225475 -0.011497 0.036612 0.634460 -0.599279 0.488114 0.008280
0.438097 0.225475 -0.011385 0.036612 0.633129 -0.609732 0.476788 0.006837
0.440440 0.225586 -0.011385 0.036612 0.639733 -0.607942 0.470184 0.008628
0.442783 0.225586 -0.011385 0.036612 0.646374 -0.600877 0.470251 0.003462
0.445126 0.225698 -0.011385 0.036612 0.652915 -0.598870 0.463709 0.005469
0.447469 0.225698 -0.011385 0.036612 0.659411 -0.596720 0.457213 0.007619
0.449811 0.225698 -0.011385 0.036500 0.665858 -0.594428 0.450766 0.009911
0.452154 0.225809 -0.011274 0.036500 0.671756 -0.596821 0.438783 0.004224
0.454497 0.225809 -0.011274 0.036500 0.678272 -0.589405 0.438803 -0.000596
0.456840 0.225809 -0.011274 0.036500 0.684725 -0.586703 0.432351 0.002106
0.459182 0.225921 -0.011274 0.036500 0.691116 -0.583860 0.425959 0.004949
0.461525 0.225921 -0.011162 0.036500 0.697489 -0.576232 0.425988 0.000269
0.463868 0.225921 -0.011162 0.036500 0.703724 -0.577756 0.413461 -0.004484
0.466211 0.225921 -0.011162 0.036500 0.710085 -0.574497 0.407100 -0.001225
0.468553 0.226033 -0.011162 0.036500 0.716354 -0.566662 0.407062 -0.005698
0.470896 0.226033 -0.011050 0.036500 0.722536 -0.558758 0.406975 -0.010169
0.473239 0.226033 -0.011050 0.036500 0.728748 -0.555222 0.400763 -0.006634
0.475582 0.226033 -0.011050 0.036500 0.734803 -0.547183 0.400666 -0.011036
0.477925 0.226033 -0.011050 0.036500 0.734803 -0.547183 0.400666 -0.011036
0.480267 0.226144 -0.011050 0.036500 0.740770 -0.539077 0.400521 -0.015437
0.482610 0.226144 -0.011050 0.036500 0.746821 -0.535272 0.394470 -0.011633
0.484953 0.226144 -0.010939 0.036500 0.752656 -0.527035 0.394319 -0.015966
0.487296 0.226144 -0.010939 0.036500 0.752656 -0.527035 0.394319 -0.015966
0.489638 0.226144 -0.010939 0.036500 0.757773 -0.514407 0.401238 -0.013162
0.491981 0.226144 -0.010939 0.036612 0.757773 -0.514407 0.401238 -0.013162
0.494324 0.226144 -0.010939 0.036612 0.763526 -0.510427 0.395485 -0.009182
0.496667 0.226144 -0.010939 0.036612 0.763526 -0.510427 0.395485 -0.009182
0.499009 0.226256 -0.010939 0.036612 0.768195 -0.497715 0.402633 -0.006556
0.501352 0.226256 -0.010939 0.036612 0.768195 -0.497715 0.402633 -0.006556
0.503695 0.226256 -0.010939 0.036612 0.773617 -0.489245 0.402537 -0.010979
0.506038 0.226256 -0.010939 0.036612 0.773691 -0.493638 0.397138 -0.002480
0.508380 0.226256 -0.010939 0.036612 0.772582 -0.489376 0.404485 0.004399
0.510723 0.226256 -0.010939 0.036612 0.777912 -0.480859 0.404509 -0.000044
0.513066 0.226368 -0.010939 0.036723 0.777912 -0.480859 0.404509 -0.000044
0.515409 0.226368 -0.010939 0.036723 0.777912 -0.480859 0.404509 -0.000044
0.517752 0.226368 -0.010939 0.036723 0.777865 -0.485274 0.399202 0.008502
0.520094 0.226368 -0.010939 0.036723 0.783150 -0.476699 0.399271 0.004116
0.522437 0.226479 -0.010939 0.036723 0.783150 -0.476699 0.399271 0.004116
0.524780 0.226479 -0.010939 0.036723 0.783150 -0.476699 0.399271 0.004116
0.527123 0.226479 -0.010939 0.036723 0.788295 -0.472425 0.394126 0.008390
0.529465 0.226479 -0.010939 0.036723 0.788295 -0.472425 0.394126 0.008390
0.531808 0.226479 -0.010827 0.036723 0.789689 -0.476480 0.386465 0.001785
0.534151 0.226591 -0.010827 0.036723 0.794855 -0.471993 0.381299 0.006272
0.536494 0.226591 -0.010827 0.036612 0.794855 -0.471993 0.381299 0.006272
0.538836 0.226591 -0.010827 0.036612 0.799992 -0.463233 0.381345 0.002083
0.541179 0.226591 -0.010827 0.036612 0.805033 -0.454416 0.381345 -0.002107
0.543522 0.226591 -0.010827 0.036612 0.806576 -0.462356 0.368323 0.000424
0.545865 0.226702 -0.010827 0.036612 0.811607 -0.453467 0.368306 -0.003623
0.548208 0.226702 -0.010827 0.036612 0.816575 -0.448542 0.363338 0.001302
0.550550 0.226702 -0.010716 0.036612 0.821453 -0.439544 0.363330 -0.002689
0.552893 0.226702 -0.010716 0.036612 0.826232 -0.430493 0.363279 -0.006681
0.555236 0.226702 -0.010716 0.036612 0.830979 -0.425354 0.358532 -0.001542
0.557579 0.226814 -0.010716 0.036612 0.830979 -0.425354 0.358532 -0.001542
0.559921 0.226814 -0.010716 0.036612 0.837514 -0.423450 0.345336 -0.002011
0.562264 0.226814 -0.010604 0.036612 0.842128 -0.417991 0.340721 0.003447
0.564607 0.226814 -0.010604 0.036612 0.846670 -0.408715 0.340739 -0.000296
0.566950 0.226926 -0.010604 0.036612 0.851102 -0.403107 0.336306 0.005311
0.569292 0.226926 -0.010604 0.036612 0.855479 -0.393733 0.336345 0.001616
0.571635 0.226926 -0.010604 0.036612 0.859724 -0.387982 0.332100 0.007366
0.573978 0.226926 -0.010492 0.036612 0.863934 -0.378514 0.332160 0.003717
0.576321 0.226926 -0.010492 0.036612 0.863841 -0.382140 0.327982 0.013208
0.578664 0.227037 -0.010492 0.036612 0.867988 -0.372627 0.328107 0.009604
0.581006 0.227037 -0.010492 0.036500 0.871910 -0.366652 0.324185 0.015579
0.583349 0.227037 -0.010492 0.036500 0.875886 -0.357051 0.324336 0.012016
0.585692 0.227037 -0.010492 0.036500 0.875886 -0.357051 0.324336 0.012016
0.588035 0.227037 -0.010381 0.036500 0.879610 -0.350951 0.320612 0.018117
0.590377 0.227037 -0.010381 0.036500 0.883412 -0.341266 0.320792 0.014594
0.592720 0.227149 -0.010381 0.036500 0.883198 -0.344770 0.317023 0.024298
0.595063 0.227149 -0.010381 0.036500 0.886933 -0.335046 0.317271 0.020814
0.597406 0.227149 -0.010381 0.036500 0.892947 -0.330915 0.304331 0.022897
0.599748 0.227149 -0.010381 0.036500 0.892947 -0.330915 0.304331 0.022897
0.602091 0.227149 -0.010381 0.036500 0.896259 -0.324412 0.301018 0.029401
0.604434 0.227261 -0.010269 0.036500 0.899769 -0.314546 0.301323 0.026092
0.606777 0.227261 -0.010269 0.036500 0.902866 -0.307937 0.298226 0.032701
0.609119 0.227261 -0.010269 0.036500 0.908891 -0.299797 0.288755 0.025691
0.611462 0.227261 -0.010269 0.036500 0.911827 -0.292951 0.285819 0.032537
0.613805 0.227261 -0.010269 0.036500 0.914990 -0.282916 0.286159 0.029395
0.616148 0.227372 -0.010158 0.036388 0.917699 -0.275978 0.283450 0.036333
0.618491 0.227372 -0.010158 0.036388 0.920255 -0.268981 0.280894 0.043330
0.620833 0.227372 -0.010158 0.036388 0.923155 -0.258855 0.281353 0.040241
0.623176 0.227484 -0.010158 0.036388 0.922657 -0.261930 0.278492 0.050381
0.625519 0.227484 -0.010046 0.036388 0.924903 -0.254828 0.276246 0.057483
0.627862 0.227484 -0.010046 0.036388 0.927647 -0.244652 0.276861 0.054444
0.630204 0.227595 -0.010046 0.036500 0.929658 -0.237480 0.274850 0.061616
0.632547 0.227595 -0.010046 0.036500 0.929176 -0.226400 0.285721 0.061143
0.634890 0.227595 -0.010046 0.036500 0.928448 -0.229526 0.283217 0.071348
0.637233 0.227707 -0.010046 0.036500 0.927730 -0.218579 0.294196 0.070628
0.639575 0.227707 -0.009934 0.036500 0.930076 -0.208374 0.294954 0.067392
0.641918 0.227707 -0.009934 0.036500 0.925951 -0.210992 0.302856 0.079844
0.644261 0.227819 -0.009934 0.036500 0.928213 -0.200806 0.303715 0.076512
0.646604 0.227819 -0.009934 0.036612 0.926028 -0.193483 0.312650 0.085355
0.648947 0.227930 -0.009934 0.036612 0.926028 -0.193483 0.312650 0.085355
0.651289 0.227930 -0.009823 0.036612 0.924507 -0.182866 0.323777 0.083760
0.653632 0.227930 -0.009823 0.036612 0.922752 -0.172286 0.334867 0.081921
0.655975 0.228042 -0.009823 0.036723 0.923674 -0.165816 0.333945 0.088390
0.658318 0.228042 -0.009711 0.036723 0.921595 -0.155421 0.345083 0.086164
0.660660 0.228154 -0.009711 0.036723 0.924788 -0.135135 0.346892 0.078561
0.663003 0.228154 -0.009711 0.036723 0.921366 -0.128766 0.356528 0.085975
0.665346 0.228154 -0.009599 0.036723 0.922725 -0.118636 0.357451 0.082053
0.667689 0.228265 -0.009599 0.036723 0.924238 -0.102274 0.358066 0.084338
0.670031 0.228265 -0.009488 0.036723 0.921217 -0.092375 0.369149 0.080956
0.672374 0.228377 -0.009488 0.036835 0.922169 -0.076183 0.370024 0.082962
0.674717 0.228377 -0.009376 0.036835 0.922028 -0.070118 0.370165 0.089027
0.677060 0.228488 -0.009265 0.036835 0.922402 -0.053928 0.371462 0.091012
0.679402 0.228488 -0.009265 0.036835 0.923364 -0.033649 0.373372 0.082828
0.681745 0.228488 -0.009265 0.036835 0.918615 -0.028676 0.384085 0.088337
0.684088 0.228600 -0.009153 0.036835 0.917895 -0.022811 0.384805 0.094202
0.686431 0.228600 -0.009153 0.036835 0.918090 -0.012725 0.385816 0.089969
0.688774 0.228712 -0.009153 0.036835 0.917177 -0.006887 0.386729 0.095806
0.691116 0.228712 -0.009041 0.036835 0.916136 -0.001071 0.387770 0.101623
0.693459 0.228712 -0.009041 0.036835 0.916093 0.008994 0.388863 0.097357
0.695802 0.228823 -0.009041 0.036835 0.914861 0.014773 0.390095 0.103136
0.698145 0.228823 -0.008930 0.036835 0.914644 0.024823 0.391204 0.098844
0.700487 0.228823 -0.008930 0.036835 0.913502 0.020524 0.391454 0.108886
0.702830 0.228935 -0.008930 0.036835 0.909162 0.028584 0.402506 0.102935
0.705173 0.228935 -0.008930 0.036835 0.907977 0.024160 0.402796 0.112917
0.707516 0.229046 -0.008930 0.036835 0.907656 0.034134 0.404012 0.108485
0.709858 0.229046 -0.008930 0.036835 0.906029 0.039649 0.405640 0.114000
0.712201 0.229046 -0.008818 0.036835 0.908206 0.047557 0.397642 0.121578
0.714544 0.229158 -0.008818 0.036835 0.907628 0.057532 0.398954 0.117202
0.716887 0.229158 -0.008818 0.036835 0.905648 0.063099 0.400935 0.122769
0.719230 0.229270 -0.008706 0.036835 0.901802 0.060478 0.410604 0.120414
0.721572 0.229270 -0.008706 0.036835 0.899756 0.065852 0.412650 0.125788
0.723915 0.229381 -0.008706 0.036835 0.897592 0.071180 0.414814 0.131116
0.726258 0.229381 -0.008595 0.036835 0.900453 0.083993 0.406706 0.129306
0.728601 0.229493 -0.008595 0.036723 0.898050 0.089391 0.409109 0.134704
0.730943 0.229493 -0.008483 0.036723 0.895869 0.109101 0.411970 0.125683
0.733286 0.229605 -0.008483 0.036723 0.889738 0.111066 0.423930 0.127722
0.735629 0.229605 -0.008372 0.036723 0.887059 0.116155 0.426610 0.132811
0.737972 0.229716 -0.008372 0.036723 0.885729 0.125893 0.428043 0.128116
0.740314 0.229716 -0.008372 0.036723 0.884268 0.121183 0.429400 0.137839
0.742657 0.229828 -0.008260 0.036723 0.882884 0.130890 0.430889 0.133113
0.745000 0.229828 -0.008260 0.036723 0.881392 0.140582 0.432325 0.128371
0.747343 0.229939 -0.008148 0.036723 0.879795 0.150256 0.433709 0.123614
0.749686 0.229939 -0.008148 0.036723 0.878091 0.159913 0.435041 0.118842
0.752028 0.229939 -0.008148 0.036723 0.876732 0.155124 0.436772 0.128481
0.754371 0.230051 -0.008037 0.036723 0.874975 0.164746 0.438157 0.123675
0.756714 0.230051 -0.008037 0.036723 0.874975 0.164746 0.438157 0.123675
0.759057 0.230051 -0.008037 0.036723 0.873113 0.174349 0.439489 0.118854
0.761399 0.230163 -0.007925 0.036723 0.873113 0.174349 0.439489 0.118854
0.763742 0.230163 -0.007925 0.036723 0.872345 0.188762 0.438721 0.104441
0.766085 0.230163 -0.007813 0.036723 0.872345 0.188762 0.438721 0.104441
0.768428 0.230274 -0.007813 0.036723 0.870218 0.198334 0.439842 0.099615
0.770770 0.230274 -0.007813 0.036723 0.870218 0.198334 0.439842 0.099615
0.773113 0.230386 -0.007702 0.036723 0.870218 0.198334 0.439842 0.099615
0.775456 0.230386 -0.007702 0.036723 0.867987 0.207882 0.440910 0.094777
0.777799 0.230386 -0.007702 0.036723 0.867987 0.207882 0.440910 0.094777
0.780141 0.230498 -0.007590 0.036723 0.867987 0.207882 0.440910 0.094777
0.782484 0.230498 -0.007590 0.036723 0.865650 0.217406 0.441924 0.089927
0.784827 0.230609 -0.007479 0.036723 0.865650 0.217406 0.441924 0.089927
0.787170 0.230609 -0.007479 0.036723 0.865650 0.217406 0.441924 0.089927
0.789513 0.230721 -0.007479 0.036723 0.862618 0.213434 0.450601 0.085406
0.791855 0.230721 -0.007367 0.036723 0.861053 0.227845 0.449036 0.070995
0.794198 0.230721 -0.007367 0.036835 0.857910 0.223908 0.457652 0.066403
0.796541 0.230832 -0.007367 0.036835 0.857910 0.223908 0.457652 0.066403
0.798884 0.230832 -0.007255 0.036835 0.854664 0.219945 0.466213 0.061803
0.801226 0.230944 -0.007255 0.036835 0.852196 0.229321 0.466864 0.056677
0.803569 0.230944 -0.007255 0.036835 0.852767 0.234436 0.464316 0.047312
0.805912 0.230944 -0.007144 0.036835 0.849410 0.230502 0.472813 0.042648
0.808255 0.231056 -0.007144 0.036835 0.845951 0.226540 0.481253 0.037978
0.810597 0.231056 -0.007144 0.036947 0.845951 0.226540 0.481253 0.037978
0.812940 0.231167 -0.007032 0.036835 0.845951 0.226540 0.481253 0.037978
0.815283 0.231167 -0.007032 0.036835 0.845951 0.226540 0.481253 0.037978
0.817626 0.231279 -0.007032 0.036835 0.845951 0.226540 0.481253 0.037978
0.819969 0.231279 -0.006921 0.036835 0.845482 0.221240 0.483713 0.047270
0.822311 0.231391 -0.006921 0.036835 0.845482 0.221240 0.483713 0.047270
0.824654 0.231391 -0.006921 0.036835 0.845482 0.221240 0.483713 0.047270
0.826997 0.231502 -0.006809 0.036723 0.844912 0.215912 0.486114 0.056555
0.829340 0.231502 -0.006809 0.036723 0.847233 0.206617 0.485464 0.061893
0.831682 0.231614 -0.006809 0.036723 0.849852 0.205472 0.479348 0.075886
0.834025 0.231725 -0.006697 0.036612 0.848967 0.200194 0.481576 0.085218
0.836368 0.231725 -0.006697 0.036612 0.848967 0.200194 0.481576 0.085218
0.838711 0.231837 -0.006697 0.036612 0.847980 0.194891 0.483746 0.094539
0.841053 0.231837 -0.006586 0.036612 0.847980 0.194891 0.483746 0.094539
0.843396 0.231949 -0.006586 0.036612 0.846890 0.189565 0.485858 0.103850
0.845739 0.231949 -0.006586 0.036612 0.848921 0.180249 0.484688 0.109181
0.848082 0.232060 -0.006474 0.036612 0.845679 0.175810 0.492954 0.104475
0.850424 0.232060 -0.006474 0.036500 0.844480 0.170384 0.494856 0.113759
0.852767 0.232060 -0.006474 0.036500 0.844480 0.170384 0.494856 0.113759
0.855110 0.232172 -0.006362 0.036500 0.839939 0.160298 0.504804 0.118238
0.857453 0.232172 -0.006362 0.036612 0.841649 0.151061 0.503475 0.123777
0.859796 0.232172 -0.006362 0.036612 0.838256 0.146439 0.511573 0.119060
0.862138 0.232284 -0.006362 0.036612 0.834762 0.141800 0.519609 0.114329
0.864481 0.232284 -0.006251 0.036612 0.834762 0.141800 0.519609 0.114329
0.866824 0.232284 -0.006251 0.036612 0.836270 0.132620 0.518322 0.120030
0.869167 0.232284 -0.006251 0.036612 0.831306 0.122214 0.527721 0.124513
0.871509 0.232395 -0.006139 0.036612 0.832599 0.113073 0.526322 0.130303
0.873852 0.232395 -0.006139 0.036612 0.828853 0.108395 0.534283 0.125678
0.876195 0.232395 -0.006139 0.036612 0.828853 0.108395 0.534283 0.125678
0.878538 0.232395 -0.006139 0.036612 0.828853 0.108395 0.534283 0.125678
0.880880 0.232507 -0.006028 0.036612 0.826096 0.094634 0.540818 0.126987
0.883223 0.232507 -0.006028 0.036612 0.826096 0.094634 0.540818 0.126987
0.885566 0.232507 -0.006028 0.036612 0.827086 0.085552 0.539390 0.132921
0.887909 0.232618 -0.005916 0.036612 0.827086 0.085552 0.539390 0.132921
0.890252 0.232618 -0.005916 0.036612 0.827086 0.085552 0.539390 0.132921
0.892594 0.232618 -0.005916 0.036612 0.827976 0.076461 0.537897 0.138839
0.894937 0.232730 -0.005804 0.036612 0.827976 0.076461 0.537897 0.138839
0.897280 0.232730 -0.005804 0.036612 0.823025 0.056850 0.545026 0.149485
0.899623 0.232730 -0.005804 0.036612 0.823025 0.056850 0.545026 0.149485
0.901965 0.232842 -0.005693 0.036612 0.823599 0.047804 0.543351 0.155463
0.904308 0.232842 -0.005693 0.036612 0.823599 0.047804 0.543351 0.155463
0.906651 0.232842 -0.005581 0.036612 0.822252 0.032801 0.542003 0.170467
0.908994 0.232953 -0.005581 0.036612 0.818258 0.019197 0.548100 0.172257
0.911336 0.232953 -0.005581 0.036612 0.818258 0.019197 0.548100 0.172257
0.913679 0.233065 -0.005469 0.036612 0.816411 0.004206 0.546254 0.187249
0.916022 0.233065 -0.005469 0.036612 0.811949 -0.009324 0.552140 0.189190
0.918365 0.233065 -0.005358 0.036612 0.811949 -0.009324 0.552140 0.189190
0.920708 0.233176 -0.005358 0.036612 0.805041 -0.028882 0.557699 0.200116
0.923050 0.233176 -0.005358 0.036612 0.804675 -0.037724 0.555467 0.206231
0.925393 0.233176 -0.005246 0.036612 0.799453 -0.051051 0.561092 0.208436
0.927736 0.233176 -0.005246 0.036612 0.799453 -0.051051 0.561092 0.208436
0.930079 0.233288 -0.005135 0.036612 0.798843 -0.059831 0.558768 0.214587
0.932421 0.233288 -0.005135 0.036612 0.791575 -0.070482 0.565927 0.219473
0.934764 0.233288 -0.005135 0.036612 0.790753 -0.079174 0.563482 0.225677
0.937107 0.233288 -0.005023 0.036612 0.789835 -0.087857 0.560968 0.231854
0.939450 0.233400 -0.005023 0.036612 0.789835 -0.087857 0.560968 0.231854
0.941792 0.233400 -0.005023 0.036723 0.783718 -0.100870 0.566293 0.234357
0.944135 0.233400 -0.004911 0.036723 0.783718 -0.100870 0.566293 0.234357
0.946478 0.233400 -0.004911 0.036723 0.782563 -0.109474 0.563684 0.240564
0.948821 0.233511 -0.004911 0.036723 0.778555 -0.124221 0.559676 0.255311
0.951163 0.233511 -0.004911 0.036723 0.778555 -0.124221 0.559676 0.255311
0.953506 0.233511 -0.004800 0.036723 0.777143 -0.132767 0.556838 0.261444
0.955849 0.233511 -0.004800 0.036723 0.780891 -0.137095 0.545919 0.270899
0.958192 0.233511 -0.004800 0.036612 0.776249 -0.151622 0.541277 0.285425
0.960535 0.233623 -0.004800 0.036612 0.774537 -0.160140 0.538109 0.291354
0.962877 0.233623 -0.004800 0.036612 0.772731 -0.168640 0.534875 0.297248
0.965220 0.233623 -0.004800 0.036612 0.770831 -0.177119 0.531577 0.303107
0.967563 0.233623 -0.004688 0.036612 0.765398 -0.191368 0.526145 0.317356
0.969906 0.233735 -0.004688 0.036612 0.766417 -0.204148 0.510821 0.331649
0.972248 0.233735 -0.004688 0.036612 0.764128 -0.212556 0.507147 0.337241
0.974591 0.233735 -0.004688 0.036612 0.759273 -0.229293 0.499615 0.348302
0.976934 0.233735 -0.004688 0.036612 0.756708 -0.237620 0.495758 0.353769
0.979277 0.233735 -0.004688 0.036612 0.747254 -0.259533 0.485044 0.372808
0.981619 0.233846 -0.004576 0.036612 0.744358 -0.267727 0.480919 0.378114
0.983962 0.233846 -0.004576 0.036612 0.738296 -0.284016 0.472495 0.388589
0.986305 0.233846 -0.004576 0.036612 0.731878 -0.300169 0.463843 0.398877
0.988648 0.233958 -0.004576 0.036612 0.725106 -0.316176 0.454968 0.408972
0.990991 0.233958 -0.004465 0.036612 0.715651 -0.327332 0.458970 0.412364
0.993333 0.233958 -0.004465 0.036612 0.708286 -0.342977 0.449799 0.422348
0.995676 0.234069 -0.004465 0.036612 0.694422 -0.361358 0.448942 0.430871
0.998019 0.234069 -0.004353 0.036723 0.686315 -0.376528 0.439367 0.440631
1.000362 0.234181 -0.004353 0.036723 0.675804 -0.386696 0.443015 0.444401
1.002704 0.234181 -0.004353 0.036723 0.667145 -0.401450 0.433144 0.454028
1.005047 0.234293 -0.004242 0.036723 0.656198 -0.411147 0.436623 0.457955
1.007390 0.234293 -0.004242 0.036835 0.647006 -0.425465 0.426456 0.467437
1.009733 0.234293 -0.004130 0.036835 0.635644 -0.434671 0.429759 0.471514
1.012075 0.234404 -0.004130 0.036835 0.620620 -0.453111 0.414343 0.487690
1.014418 0.234404 -0.004018 0.036835 0.608818 -0.461843 0.417367 0.491778
1.016761 0.234516 -0.004018 0.036947 0.598218 -0.473001 0.406768 0.502936
1.019104 0.234516 -0.003907 0.036947 0.587682 -0.486031 0.395619 0.511751
1.021447 0.234516 -0.003907 0.036947 0.576602 -0.496712 0.384540 0.522433
1.023789 0.234628 -0.003795 0.036947 0.564160 -0.504706 0.387114 0.526439
1.026132 0.234628 -0.003795 0.036947 0.552717 -0.515032 0.375671 0.536765
1.028475 0.234628 -0.003684 0.036947 0.541268 -0.527051 0.363787 0.544889
1.030818 0.234628 -0.003684 0.036947 0.529383 -0.536865 0.351902 0.554702
1.033160 0.234739 -0.003572 0.036947 0.523453 -0.542648 0.345787 0.558535
1.035503 0.234739 -0.003572 0.036947 0.505156 -0.557647 0.327325 0.571581
1.037846 0.234739 -0.003460 0.036947 0.499882 -0.567343 0.306411 0.578232
1.040189 0.234851 -0.003460 0.036947 0.487200 -0.576062 0.293729 0.586951
1.042531 0.234851 -0.003349 0.036835 0.474426 -0.586627 0.280763 0.593263
1.044874 0.234851 -0.003349 0.036835 0.461932 -0.598684 0.252834 0.603549
1.047217 0.234962 -0.003237 0.036835 0.448667 -0.608688 0.239512 0.608958
1.049560 0.234962 -0.003237 0.036835 0.442297 -0.617508 0.217837 0.612865
1.051902 0.235074 -0.003237 0.036835 0.421814 -0.629284 0.197418 0.622175
1.054245 0.235074 -0.003125 0.036835 0.407886 -0.638399 0.183700 0.626362
1.056588 0.235186 -0.003125 0.036835 0.386627 -0.651494 0.162960 0.632076
1.058931 0.235186 -0.003014 0.036835 0.365216 -0.661428 0.141775 0.639554
1.061274 0.235297 -0.003014 0.036835 0.343221 -0.673104 0.120623 0.643879
1.063616 0.235297 -0.003014 0.036835 0.328350 -0.680483 0.106447 0.646374
1.065959 0.235409 -0.002902 0.036835 0.313320 -0.687532 0.092220 0.648556
1.068302 0.235409 -0.002902 0.036835 0.283321 -0.698220 0.063131 0.654395
1.070645 0.235521 -0.002791 0.036835 0.267912 -0.704276 0.048739 0.655624
1.072987 0.235521 -0.002791 0.036947 0.244559 -0.712722 0.027107 0.656874
1.075330 0.235632 -0.002679 0.036947 0.214385 -0.717203 0.012388 0.662952
1.077673 0.235632 -0.002679 0.036947 0.183421 -0.722737 -0.001966 0.666336
1.080016 0.235632 -0.002567 0.036947 0.167498 -0.726593 -0.016605 0.666132
1.082358 0.235744 -0.002567 0.036947 0.143464 -0.731718 -0.038547 0.665223
1.084701 0.235744 -0.002456 0.036947 0.111976 -0.735340 -0.068530 0.664862
1.087044 0.235744 -0.002456 0.036947 0.087683 -0.738630 -0.090402 0.662242
1.089387 0.235744 -0.002344 0.036947 0.071434 -0.740378 -0.104930 0.660096
1.091730 0.235855 -0.002232 0.036947 0.046997 -0.742330 -0.126625 0.656280
1.094072 0.235855 -0.002232 0.036947 0.015348 -0.741803 -0.156342 0.651959
1.096415 0.235855 -0.002121 0.036947 -0.009105 -0.741906 -0.177741 0.646453
1.098758 0.235967 -0.002121 0.036947 -0.033548 -0.741203 -0.198947 0.640244
1.101101 0.235967 -0.002009 0.036835 -0.043143 -0.743349 -0.219232 0.630483
1.103443 0.235967 -0.001898 0.036835 -0.067616 -0.741524 -0.239889 0.622916
1.105786 0.235967 -0.001898 0.036835 -0.092014 -0.738893 -0.260286 0.614672
1.108129 0.236079 -0.001786 0.036835 -0.101531 -0.739656 -0.265618 0.609958
1.110472 0.236079 -0.001674 0.036835 -0.125850 -0.735908 -0.285574 0.600873
1.112814 0.236079 -0.001674 0.036835 -0.141988 -0.732965 -0.298706 0.594454
1.115157 0.236190 -0.001674 0.036835 -0.166065 -0.727888 -0.318133 0.584288
1.117500 0.236190 -0.001563 0.036835 -0.182017 -0.724064 -0.330894 0.577157
1.119843 0.236302 -0.001563 0.036835 -0.205778 -0.717673 -0.349733 0.565940
1.122185 0.236302 -0.001451 0.036947 -0.227126 -0.708291 -0.357376 0.564818
1.124528 0.236413 -0.001451 0.036947 -0.242633 -0.703130 -0.369699 0.556830
1.126871 0.236413 -0.001451 0.036947 -0.265672 -0.694753 -0.387848 0.544345
1.129214 0.236413 -0.001451 0.036947 -0.292036 -0.679173 -0.402973 0.539492
1.131557 0.236525 -0.001451 0.036947 -0.314258 -0.669180 -0.420532 0.525920
1.133899 0.236525 -0.001451 0.036947 -0.333851 -0.656609 -0.428037 0.523634
1.136242 0.236637 -0.001339 0.036947 -0.360880 -0.640322 -0.452122 0.505311
1.138585 0.236637 -0.001339 0.036947 -0.374861 -0.632239 -0.463115 0.495255
1.140928 0.236637 -0.001339 0.036947 -0.395492 -0.619543 -0.479183 0.479725
1.143270 0.236637 -0.001339 0.036947 -0.420762 -0.600702 -0.501361 0.459079
1.145613 0.236637 -0.001339 0.036947 -0.440328 -0.586510 -0.516217 0.442309
1.147956 0.236748 -0.001339 0.036947 -0.453108 -0.576694 -0.525810 0.430860
1.150299 0.236748 -0.001228 0.036947 -0.471866 -0.561450 -0.539723 0.413299
1.152641 0.236748 -0.001228 0.036835 -0.490111 -0.545596 -0.553049 0.395289
1.154984 0.236748 -0.001228 0.036835 -0.501980 -0.534696 -0.561601 0.383043
1.157327 0.236860 -0.001228 0.036835 -0.516014 -0.524541 -0.575772 0.356473
1.159670 0.236860 -0.001116 0.036835 -0.533019 -0.507252 -0.587206 0.337306
1.162013 0.236860 -0.001116 0.036835 -0.549445 -0.489412 -0.598002 0.317773
1.164355 0.236860 -0.001116 0.036835 -0.557283 -0.484107 -0.605924 0.296534
1.166698 0.236972 -0.001005 0.036835 -0.572933 -0.465479 -0.615367 0.276406
1.169041 0.236972 -0.001005 0.036835 -0.583022 -0.452779 -0.621291 0.262819
1.171384 0.237083 -0.000893 0.036835 -0.600251 -0.426378 -0.634337 0.235622
1.173726 0.237083 -0.000893 0.036835 -0.607301 -0.420183 -0.639560 0.213530
1.176069 0.237195 -0.000781 0.036835 -0.620818 -0.399942 -0.646249 0.192339
1.178412 0.237195 -0.000781 0.036723 -0.631373 -0.379038 -0.654522 0.171167
1.180755 0.237195 -0.000670 0.036723 -0.639549 -0.365074 -0.658125 0.156746
1.183097 0.237306 -0.000558 0.036835 -0.647415 -0.350935 -0.661410 0.142248
1.185440 0.237306 -0.000558 0.036835 -0.656333 -0.329307 -0.668034 0.120479
1.187783 0.237418 -0.000446 0.036835 -0.666828 -0.307500 -0.671641 0.098400
1.190126 0.237418 -0.000335 0.036835 -0.673423 -0.292775 -0.673641 0.083619
1.192469 0.237418 -0.000335 0.036835 -0.680408 -0.270472 -0.678328 0.061327
1.194811 0.237530 -0.000223 0.036835 -0.683338 -0.262981 -0.678961 0.053871
1.197154 0.237530 -0.000223 0.036835 -0.688115 -0.255329 -0.678485 0.031027
1.199497 0.237641 -0.000112 0.036835 -0.696155 -0.232515 -0.679139 0.008652
1.201840 0.237641 -0.000112 0.036835 -0.701095 -0.217164 -0.679166 -0.006271
1.204182 0.237641 -0.000112 0.036835 -0.705697 -0.201708 -0.678864 -0.021191
1.206525 0.237753 0.000000 0.036835 -0.712396 -0.185779 -0.675797 -0.035726
1.208868 0.237753 0.000000 0.036835 -0.716306 -0.170082 -0.674849 -0.050565
1.211211 0.237753 0.000000 0.036835 -0.720178 -0.161720 -0.670722 -0.072960
1.213553 0.237865 0.000000 0.036835 -0.723557 -0.145858 -0.668957 -0.087679
1.215896 0.237865 0.000000 0.036835 -0.727132 -0.137307 -0.663605 -0.109790
1.218239 0.237865 0.000000 0.036835 -0.731295 -0.128553 -0.659660 -0.116316
1.220582 0.237865 0.000000 0.036835 -0.734804 -0.119751 -0.653199 -0.138040
1.222924 0.237976 0.000000 0.036835 -0.737257 -0.103578 -0.650008 -0.152358
1.225267 0.237976 0.000000 0.036835 -0.739355 -0.087354 -0.646504 -0.166602
1.227610 0.237976 0.000000 0.036835 -0.740270 -0.079227 -0.644635 -0.173695
1.229953 0.237976 0.000000 0.036835 -0.741096 -0.071089 -0.642687 -0.180766
1.232296 0.237976 0.000000 0.036835 -0.741832 -0.062943 -0.640663 -0.187816
1.234638 0.238088 0.000000 0.036835 -0.743887 -0.061975 -0.634114 -0.201721
1.236981 0.238088 0.000000 0.036835 -0.744523 -0.053799 -0.631860 -0.208675
1.239324 0.238088 0.000000 0.036835 -0.742655 -0.038698 -0.629992 -0.223776
1.241667 0.238088 0.000112 0.036835 -0.741465 -0.023350 -0.632088 -0.223939
1.244009 0.238088 0.000112 0.036835 -0.741677 -0.015203 -0.629590 -0.230870
1.246352 0.238088 0.000112 0.036835 -0.741677 -0.015203 -0.629590 -0.230870
1.248695 0.238088 0.000112 0.036835 -0.741800 -0.007054 -0.627015 -0.237772
1.251038 0.238088 0.000112 0.036835 -0.741832 0.001096 -0.624365 -0.244647
1.253380 0.238088 0.000112 0.036835 -0.741775 0.009246 -0.621640 -0.251491
1.255723 0.238088 0.000223 0.036835 -0.738747 0.024192 -0.618611 -0.266437
1.258066 0.238088 0.000223 0.036835 -0.738747 0.024192 -0.618611 -0.266437
1.260409 0.238088 0.000223 0.036835 -0.738037 0.040417 -0.612608 -0.279964
1.262752 0.238088 0.000223 0.036835 -0.737548 0.048523 -0.609495 -0.286678
1.265094 0.238088 0.000223 0.036835 -0.736971 0.056623 -0.606309 -0.293356
1.267437 0.238088 0.000223 0.036835 -0.736304 0.064716 -0.603049 -0.300000
1.269780 0.238199 0.000223 0.036835 -0.734704 0.080878 -0.596312 -0.313177
1.272123 0.238199 0.000335 0.036835 -0.733772 0.088944 -0.592836 -0.319709
1.274465 0.238199 0.000335 0.036835 -0.731640 0.105044 -0.585669 -0.332657
1.276808 0.238199 0.000335 0.036835 -0.732907 0.114734 -0.579514 -0.337413
1.279151 0.238311 0.000335 0.036835 -0.730209 0.130809 -0.571961 -0.350064
1.281494 0.238311 0.000335 0.036835 -0.727159 0.146821 -0.564131 -0.362546
1.283836 0.238311 0.000335 0.036835 -0.729509 0.148638 -0.561781 -0.360729
1.286179 0.238423 0.000446 0.036835 -0.726067 0.164630 -0.553720 -0.372985
1.288522 0.238423 0.000446 0.036835 -0.718600 0.186904 -0.551703 -0.379875
1.290865 0.238423 0.000446 0.036835 -0.718582 0.196667 -0.545417 -0.384034
1.293208 0.238534 0.000446 0.036835 -0.711711 0.220240 -0.532466 -0.401798
1.295550 0.238534 0.000558 0.036835 -0.706700 0.235823 -0.523510 -0.413400
1.297893 0.238534 0.000558 0.036835 -0.705973 0.245628 -0.517030 -0.417071
1.300236 0.238534 0.000558 0.036835 -0.700406 0.261080 -0.507742 -0.428330
1.302579 0.238534 0.000670 0.036835 -0.689782 0.281991 -0.505259 -0.435196
1.304921 0.238646 0.000670 0.036835 -0.688281 0.291615 -0.498809 -0.438657
1.307264 0.238646 0.000670 0.036835 -0.681707 0.306667 -0.489051 -0.449510
1.309607 0.238646 0.000781 0.036835 -0.674805 0.321571 -0.479057 -0.460147
1.311950 0.238646 0.000781 0.036835 -0.667577 0.336319 -0.468831 -0.470561
1.314292 0.238646 0.000781 0.036835 -0.665268 0.345848 -0.462207 -0.473468
1.316635 0.238646 0.000893 0.036835 -0.653510 0.367583 -0.446354 -0.488442
1.318978 0.238646 0.000893 0.036835 -0.645276 0.381852 -0.435514 -0.498131
1.321321 0.238646 0.000893 0.036835 -0.642269 0.391250 -0.428789 -0.500553
1.323663 0.238646 0.001005 0.036835 -0.633518 0.405267 -0.417688 -0.509853
1.326006 0.238758 0.001005 0.036835 -0.630124 0.414598 -0.410965 -0.512016
1.328349 0.238758 0.001116 0.036835 -0.616119 0.435138 -0.393869 -0.525280
1.330692 0.238758 0.001116 0.036835 -0.601003 0.454507 -0.389450 -0.529667
1.333035 0.238869 0.001116 0.036835 -0.596748 0.463424 -0.382833 -0.531572
1.335377 0.238869 0.001228 0.036947 -0.580500 0.481670 -0.378617 -0.536342
1.337720 0.238981 0.001228 0.036947 -0.564313 0.500538 -0.360737 -0.548527
1.340063 0.238981 0.001228 0.036947 -0.559257 0.508955 -0.354211 -0.550210
1.342406 0.238981 0.001339 0.036947 -0.541426 0.525423 -0.349960 -0.555263
1.344748 0.239092 0.001339 0.036947 -0.530009 0.539305 -0.337418 -0.560704
1.347091 0.239204 0.001339 0.037058 -0.511950 0.556478 -0.318757 -0.571519
1.349434 0.239204 0.001451 0.037058 -0.499695 0.569718 -0.306029 -0.576257
1.351777 0.239316 0.001451 0.037058 -0.480650 0.585875 -0.286873 -0.586029
1.354119 0.239316 0.001451 0.037058 -0.474139 0.593249 -0.280462 -0.587017
1.356462 0.239316 0.001563 0.037058 -0.467478 0.600548 -0.274112 -0.587937
1.358805 0.239427 0.001563 0.037058 -0.447434 0.615626 -0.254589 -0.596650
1.361148 0.239427 0.001563 0.036947 -0.447468 0.622659 -0.240106 -0.595329
1.363491 0.239427 0.001563 0.036947 -0.433680 0.632340 -0.226968 -0.600461
1.365833 0.239539 0.001674 0.036947 -0.426702 0.641990 -0.205622 -0.602904
1.368176 0.239539 0.001674 0.036947 -0.412494 0.651210 -0.192326 -0.607276
1.370519 0.239539 0.001674 0.036947 -0.418912 0.654138 -0.184802 -0.602049
1.372862 0.239539 0.001674 0.036947 -0.404439 0.663184 -0.171530 -0.605964
1.375204 0.239539 0.001674 0.036947 -0.397129 0.667588 -0.164863 -0.607812
1.377547 0.239539 0.001674 0.036947 -0.389771 0.671910 -0.158175 -0.609587
1.379890 0.239539 0.001786 0.036947 -0.382366 0.676152 -0.151469 -0.611288
1.382233 0.239539 0.001786 0.036835 -0.367418 0.684389 -0.138002 -0.614468
1.384575 0.239539 0.001786 0.036835 -0.367418 0.684389 -0.138002 -0.614468
1.386918 0.239539 0.001786 0.036947 -0.359877 0.688385 -0.131243 -0.615947
1.389261 0.239539 0.001674 0.036947 -0.352292 0.692297 -0.124468 -0.617352
1.391604 0.239650 0.001674 0.036947 -0.344665 0.696125 -0.117678 -0.618682
1.393946 0.239650 0.001674 0.036947 -0.336997 0.699870 -0.110874 -0.619937
1.396289 0.239650 0.001674 0.036947 -0.330182 0.698524 -0.118509 -0.623699
1.398632 0.239650 0.001674 0.036947 -0.322488 0.702109 -0.111650 -0.624963
1.400975 0.239650 0.001674 0.036947 -0.322488 0.702109 -0.111650 -0.624963
1.403318 0.239650 0.001786 0.036947 -0.322488 0.702109 -0.111650 -0.624963
1.405660 0.239650 0.001786 0.036947 -0.314755 0.705609 -0.104777 -0.626152
1.408003 0.239650 0.001786 0.036947 -0.314755 0.705609 -0.104777 -0.626152
1.410346 0.239650 0.001786 0.036947 -0.314755 0.705609 -0.104777 -0.626152
1.412689 0.239650 0.001786 0.036947 -0.306984 0.709025 -0.097892 -0.627265
1.415031 0.239650 0.001786 0.036947 -0.306984 0.709025 -0.097892 -0.627265
1.417374 0.239650 0.001786 0.036947 -0.306984 0.709025 -0.097892 -0.627265
1.419717 0.239650 0.001786 0.036947 -0.306984 0.709025 -0.097892 -0.627265
1.422060 0.239762 0.001786 0.036947 -0.305925 0.713999 -0.083533 -0.624210
1.424402 0.239762 0.001786 0.036835 -0.305925 0.713999 -0.083533 -0.624210
1.426745 0.239762 0.001786 0.036835 -0.305925 0.713999 -0.083533 -0.624210
1.429088 0.239762 0.001898 0.036835 -0.305925 0.713999 -0.083533 -0.624210
1.431431 0.239762 0.001898 0.036835 -0.304912 0.716431 -0.084546 -0.621777
1.433774 0.239762 0.001898 0.036835 -0.311560 0.718144 -0.077138 -0.617453
1.436116 0.239762 0.001898 0.036835 -0.303652 0.721524 -0.070350 -0.618264
1.438459 0.239762 0.001898 0.036835 -0.303652 0.721524 -0.070350 -0.618264
1.440802 0.239762 0.001898 0.036835 -0.303652 0.721524 -0.070350 -0.618264
1.443145 0.239762 0.001898 0.036835 -0.302489 0.724074 -0.071513 -0.615713
1.445487 0.239762 0.001898 0.036835 -0.309012 0.725926 -0.064214 -0.611081
1.447830 0.239762 0.001898 0.036835 -0.301018 0.729277 -0.057497 -0.611749
1.450173 0.239762 0.001898 0.036835 -0.307720 0.728601 -0.065505 -0.608406
1.452516 0.239874 0.002009 0.036835 -0.299697 0.731938 -0.058817 -0.609088
1.454858 0.239874 0.002009 0.036835 -0.291638 0.735186 -0.052122 -0.609698
1.457201 0.239874 0.002009 0.036835 -0.298319 0.734569 -0.060196 -0.606457
1.459544 0.239874 0.002009 0.036835 -0.290231 0.737802 -0.053530 -0.607082
1.461887 0.239874 0.002009 0.036835 -0.290231 0.737802 -0.053530 -0.607082
1.464230 0.239874 0.002009 0.036835 -0.282524 0.737949 -0.061951 -0.609732
1.466572 0.239874 0.002009 0.036835 -0.274400 0.741009 -0.055249 -0.610376
1.468915 0.239874 0.002009 0.036835 -0.274400 0.741009 -0.055249 -0.610376
1.471258 0.239874 0.002009 0.036835 -0.272938 0.743400 -0.056710 -0.607984
1.473601 0.239874 0.002121 0.036835 -0.264755 0.746354 -0.050027 -0.608570
1.475943 0.239874 0.002121 0.036835 -0.256539 0.749218 -0.043338 -0.609083
1.478286 0.239874 0.002121 0.036835 -0.254974 0.751543 -0.044904 -0.606758
1.480629 0.239874 0.002121 0.036835 -0.246702 0.754299 -0.038235 -0.607215
1.482972 0.239874 0.002121 0.036835 -0.238401 0.756963 -0.031562 -0.607598
1.485314 0.239874 0.002232 0.036835 -0.230898 0.755938 -0.039592 -0.611291
1.487657 0.239874 0.002232 0.036835 -0.222579 0.758429 -0.032874 -0.611689
1.490000 0.239874 0.002232 0.036835 -0.220944 0.760496 -0.034509 -0.609622
1.492343 0.239874 0.002232 0.036835 -0.212576 0.762877 -0.027810 -0.609965
1.494685 0.239874 0.002344 0.036835 -0.210874 0.764888 -0.029512 -0.607953
1.497028 0.239874 0.002344 0.036947 -0.202458 0.767159 -0.022831 -0.608241
1.499371 0.239985 0.002344 0.036947 -0.209128 0.766862 -0.031258 -0.605980
1.501714 0.239985 0.002344 0.036947 -0.207339 0.768796 -0.033047 -0.604045
1.504057 0.239985 0.002344 0.036947 -0.193576 0.766961 -0.032125 -0.610955
1.506399 0.239985 0.002344 0.036947 -0.200276 0.766562 -0.040549 -0.608792
1.508742 0.239985 0.002456 0.036947 -0.191843 0.768716 -0.033859 -0.609201
1.511085 0.239985 0.002456 0.036947 -0.188526 0.775020 -0.021639 -0.602772
1.513428 0.239985 0.002456 0.036947 -0.195137 0.774736 -0.030152 -0.600664
1.515770 0.240097 0.002456 0.036947 -0.186613 0.776833 -0.023552 -0.600959
1.518113 0.240097 0.002456 0.036947 -0.193204 0.776527 -0.032085 -0.598873
1.520456 0.240097 0.002456 0.036947 -0.193204 0.776527 -0.032085 -0.598873
1.522799 0.240097 0.002456 0.036947 -0.184662 0.778603 -0.025503 -0.599189
1.525141 0.240097 0.002456 0.036947 -0.189532 0.782981 -0.020223 -0.592123
1.527484 0.240097 0.002456 0.036835 -0.180919 0.785016 -0.013716 -0.592310
1.529827 0.240097 0.002456 0.036835 -0.180919 0.785016 -0.013716 -0.592310
1.532170 0.240097 0.002567 0.036835 -0.192136 0.789211 -0.017183 -0.583039
1.534513 0.240209 0.002567 0.036835 -0.183455 0.791274 -0.010777 -0.583193
1.536855 0.240209 0.002567 0.036835 -0.183455 0.791274 -0.010777 -0.583193
1.539198 0.240209 0.002567 0.036835 -0.174750 0.793242 -0.004369 -0.583276
1.541541 0.240209 0.002567 0.036835 -0.179353 0.797642 0.000627 -0.575847
1.543884 0.240209 0.002567 0.036835 -0.170579 0.799564 0.006954 -0.575806
1.546226 0.240209 0.002567 0.036835 -0.170579 0.799564 0.006954 -0.575806
1.548569 0.240209 0.002567 0.036835 -0.161785 0.801390 0.013279 -0.575694
1.550912 0.240209 0.002567 0.036835 -0.161785 0.801390 0.013279 -0.575694
1.553255 0.240209 0.002567 0.036835 -0.159284 0.803286 0.010779 -0.573798
1.555597 0.240209 0.002567 0.036835 -0.159284 0.803286 0.010779 -0.573798
1.557940 0.240209 0.002567 0.036835 -0.150450 0.804987 0.017082 -0.573645
1.560283 0.240209 0.002567 0.036835 -0.141597 0.806591 0.023383 -0.573423
1.562626 0.240209 0.002567 0.036835 -0.147888 0.806799 0.014520 -0.571833
1.564969 0.240209 0.002567 0.036835 -0.139015 0.808375 0.020801 -0.571639
1.567311 0.240209 0.002567 0.036835 -0.126048 0.805017 0.022775 -0.579258
1.569654 0.240209 0.002567 0.036835 -0.132404 0.805219 0.013929 -0.577839
1.571997 0.240209 0.002567 0.036835 -0.123550 0.806625 0.020276 -0.577651
1.574340 0.240209 0.002567 0.036835 -0.123550 0.806625 0.020276 -0.577651
1.576682 0.240320 0.002567 0.036835 -0.110783 0.802866 0.022541 -0.585342
1.579025 0.240320 0.002567 0.036835 -0.117207 0.803065 0.013719 -0.584089
1.581368 0.240320 0.002679 0.036947 -0.108377 0.804305 0.020135 -0.583903
1.583711 0.240320 0.002679 0.036947 -0.099535 0.805447 0.026549 -0.583647
1.586053 0.240320 0.002679 0.036947 -0.099535 0.805447 0.026549 -0.583647
1.588396 0.240320 0.002679 0.036947 -0.090680 0.806492 0.032959 -0.583320
1.590739 0.240320 0.002791 0.036947 -0.084711 0.802411 0.026878 -0.590117
1.593082 0.240320 0.002791 0.036947 -0.084711 0.802411 0.026878 -0.590117
1.595424 0.240320 0.002791 0.036947 -0.075891 0.803293 0.033359 -0.589786
1.597767 0.240320 0.002791 0.036947 -0.067061 0.804078 0.039837 -0.589384
1.600110 0.240320 0.002791 0.036947 -0.058223 0.804767 0.046309 -0.588911
1.602453 0.240320 0.002902 0.036947 -0.040528 0.805852 0.059237 -0.587751
1.604796 0.240320 0.002902 0.036947 -0.031672 0.806248 0.065690 -0.587065
1.607138 0.240320 0.002902 0.036947 -0.010935 0.800954 0.075676 -0.593824
1.609481 0.240320 0.002902 0.036947 -0.008649 0.801880 0.073390 -0.592898
1.611824 0.240320 0.002902 0.036947 0.008971 0.801877 0.086399 -0.591142
1.614167 0.240320 0.002902 0.036947 0.029183 0.795410 0.096985 -0.597549
1.616509 0.240432 0.002902 0.036947 0.046651 0.794577 0.110090 -0.595274
1.618852 0.240432 0.002902 0.036947 0.066416 0.787080 0.121120 -0.601185
1.621195 0.240432 0.002902 0.037058 0.083693 0.785431 0.134299 -0.598379
1.623538 0.240432 0.002902 0.037058 0.100930 0.783403 0.147413 -0.595284
1.625880 0.240432 0.002902 0.037058 0.120003 0.774483 0.158977 -0.600418
1.628223 0.240432 0.003014 0.037058 0.143538 0.769722 0.180598 -0.595239
1.630566 0.240432 0.003014 0.037058 0.151986 0.768098 0.187126 -0.593219
1.632909 0.240543 0.003014 0.036947 0.160415 0.766382 0.193632 -0.591127
1.635252 0.240543 0.003014 0.036947 0.175285 0.762329 0.208502 -0.587074
1.637594 0.240543 0.003014 0.036947 0.183650 0.760357 0.214939 -0.584748
1.639937 0.240543 0.003125 0.036947 0.198378 0.755816 0.229668 -0.580207
1.642280 0.240543 0.003125 0.036947 0.206670 0.753591 0.236028 -0.577649
1.644623 0.240543 0.003125 0.036947 0.213003 0.750953 0.244293 -0.575344
1.646965 0.240655 0.003237 0.036947 0.227518 0.745769 0.258808 -0.570160
1.649308 0.240655 0.003237 0.036947 0.225813 0.752392 0.259804 -0.561620
1.651651 0.240655 0.003349 0.036947 0.225813 0.752392 0.259804 -0.561620
1.653994 0.240655 0.003349 0.036947 0.240189 0.746899 0.274181 -0.556126
1.656336 0.240655 0.003349 0.036947 0.248380 0.744215 0.280274 -0.553081
1.658679 0.240655 0.003349 0.036947 0.248380 0.744215 0.280274 -0.553081
1.661022 0.240655 0.003460 0.036947 0.256541 0.741441 0.286333 -0.549968
1.663365 0.240767 0.003460 0.036947 0.264672 0.738578 0.292358 -0.546789
1.665707 0.240767 0.003460 0.036947 0.271304 0.742237 0.298911 -0.534912
1.668050 0.240767 0.003460 0.036947 0.271304 0.742237 0.298911 -0.534912
1.670393 0.240767 0.003460 0.036947 0.287546 0.736097 0.310591 -0.528215
1.672736 0.240767 0.003460 0.036947 0.295615 0.732894 0.316376 -0.524771
1.675079 0.240767 0.003460 0.036947 0.304823 0.722932 0.321938 -0.529913
1.677421 0.240878 0.003460 0.036947 0.312747 0.719540 0.327740 -0.526344
1.679764 0.240878 0.003460 0.036947 0.327527 0.719200 0.339124 -0.510366
1.682107 0.240878 0.003460 0.036947 0.335408 0.715558 0.344710 -0.506609
1.684450 0.240878 0.003460 0.036947 0.343249 0.711830 0.350255 -0.502792
1.686792 0.240878 0.003460 0.036947 0.358806 0.704117 0.361218 -0.494975
1.689135 0.240878 0.003460 0.036947 0.374189 0.696063 0.372005 -0.486919
1.691478 0.240990 0.003460 0.036947 0.381332 0.698585 0.376521 -0.474128
1.693821 0.240990 0.003460 0.036947 0.404145 0.685639 0.391941 -0.461463
1.696163 0.240990 0.003460 0.036947 0.411653 0.681158 0.396987 -0.457129
1.698506 0.240990 0.003460 0.036835 0.426427 0.678560 0.405505 -0.439639
1.700849 0.241102 0.003460 0.036835 0.448556 0.664139 0.419772 -0.426038
1.703192 0.241102 0.003460 0.036835 0.463253 0.660651 0.427076 -0.408097
1.705535 0.241102 0.003572 0.036835 0.473249 0.655063 0.428769 -0.403838
1.707877 0.241102 0.003572 0.036835 0.495184 0.645513 0.439294 -0.380954
1.710220 0.241102 0.003572 0.036835 0.516187 0.628845 0.451609 -0.366271
1.712563 0.241213 0.003572 0.036835 0.530771 0.623636 0.456478 -0.347835
1.714906 0.241213 0.003684 0.036835 0.547346 0.610908 0.461008 -0.338637
1.717248 0.241213 0.003684 0.036835 0.560636 0.598735 0.468337 -0.328427
1.719591 0.241213 0.003684 0.036835 0.581522 0.586004 0.474983 -0.304670
1.721934 0.241213 0.003795 0.036835 0.590989 0.578342 0.475237 -0.300671
1.724277 0.241325 0.003795 0.036835 0.603553 0.565218 0.481728 -0.290157
1.726619 0.241325 0.003795 0.036835 0.616708 0.544546 0.489677 -0.288716
1.728962 0.241325 0.003907 0.036835 0.622654 0.537738 0.492820 -0.283319
1.731305 0.241325 0.003907 0.036835 0.631287 0.529377 0.493139 -0.279375
1.733648 0.241325 0.003907 0.036835 0.642765 0.515380 0.499158 -0.268473
1.735991 0.241436 0.003907 0.036835 0.645460 0.513772 0.496463 -0.270081
1.738333 0.241436 0.004018 0.036835 0.656592 0.499467 0.502277 -0.259108
1.740676 0.241436 0.004018 0.036835 0.662040 0.492223 0.505094 -0.253574
1.743019 0.241436 0.004018 0.036947 0.667408 0.484920 0.507849 -0.248010
1.745362 0.241436 0.004018 0.036947 0.666894 0.477724 0.510954 -0.256822
1.747704 0.241436 0.004018 0.036947 0.677229 0.462957 0.516473 -0.245534
1.750047 0.241548 0.004018 0.036947 0.685548 0.460798 0.513223 -0.233005
1.752390 0.241548 0.004018 0.036947 0.690569 0.453239 0.515751 -0.227353
1.754733 0.241548 0.004018 0.036947 0.695507 0.445625 0.518218 -0.221673
1.757075 0.241548 0.004130 0.036947 0.700360 0.437957 0.520622 -0.215967
1.759418 0.241548 0.004130 0.036947 0.706268 0.440995 0.511874 -0.211407
1.761761 0.241548 0.004130 0.036947 0.711070 0.433209 0.514166 -0.205771
1.764104 0.241548 0.004130 0.036947 0.715787 0.425371 0.516396 -0.200110
1.766446 0.241548 0.004130 0.036947 0.722843 0.415238 0.516137 -0.196669
1.768789 0.241660 0.004130 0.036947 0.727361 0.407271 0.518266 -0.190987
1.771132 0.241660 0.004130 0.036947 0.731791 0.399256 0.520333 -0.185282
1.773475 0.241660 0.004130 0.036947 0.734116 0.396907 0.518008 -0.187631
1.775818 0.241660 0.004130 0.036947 0.738433 0.388818 0.520038 -0.181928
1.778160 0.241660 0.004130 0.036947 0.740679 0.386394 0.517792 -0.184352
1.780503 0.241660 0.004130 0.036947 0.744879 0.378233 0.519786 -0.178653
1.782846 0.241660 0.004130 0.036947 0.747045 0.375737 0.517621 -0.181150
1.785189 0.241660 0.004130 0.036947 0.746759 0.363288 0.526910 -0.180937
1.787531 0.241660 0.004130 0.037058 0.748736 0.360851 0.524933 -0.183374
1.789874 0.241771 0.004242 0.037058 0.748736 0.360851 0.524933 -0.183374
1.792217 0.241771 0.004242 0.037058 0.752655 0.352603 0.526916 -0.177596
1.794560 0.241771 0.004242 0.037058 0.754550 0.350102 0.525021 -0.180097
1.796902 0.241771 0.004242 0.037058 0.749840 0.346154 0.532553 -0.185215
1.799245 0.241771 0.004242 0.037058 0.749840 0.346154 0.532553 -0.185215
1.801588 0.241771 0.004242 0.037058 0.751582 0.343747 0.530811 -0.187621
1.803931 0.241771 0.004242 0.037058 0.751582 0.343747 0.530811 -0.187621
1.806274 0.241771 0.004242 0.037058 0.751582 0.343747 0.530811 -0.187621
1.808616 0.241771 0.004353 0.037058 0.755313 0.335469 0.532840 -0.181778
1.810959 0.241771 0.004353 0.037058 0.753271 0.341303 0.529123 -0.190065
1.813302 0.241771 0.004353 0.037170 0.753271 0.341303 0.529123 -0.190065
1.815645 0.241660 0.004353 0.037170 0.758174 0.344979 0.521398 -0.185221
1.817987 0.241660 0.004353 0.037170 0.758174 0.344979 0.521398 -0.185221
1.820330 0.241660 0.004353 0.037058 0.761918 0.336628 0.523401 -0.179481
1.822673 0.241660 0.004353 0.037058 0.761918 0.336628 0.523401 -0.179481
1.825016 0.241660 0.004353 0.037058 0.763616 0.333989 0.521703 -0.182120
1.827358 0.241660 0.004353 0.037058 0.763616 0.333989 0.521703 -0.182120
1.829701 0.241660 0.004353 0.037058 0.772218 0.328966 0.515691 -0.171824
1.832044 0.241660 0.004353 0.037058 0.772218 0.328966 0.515691 -0.171824
1.834387 0.241771 0.004353 0.037058 0.775785 0.320462 0.517548 -0.166149
1.836729 0.241771 0.004353 0.037058 0.779259 0.311920 0.519342 -0.160453
1.839072 0.241771 0.004353 0.037058 0.787632 0.306524 0.512883 -0.150431
1.841415 0.241771 0.004353 0.037058 0.794177 0.289145 0.516064 -0.139126
1.843758 0.241771 0.004353 0.037058 0.797306 0.280402 0.517561 -0.133448
1.846101 0.241771 0.004353 0.037058 0.803274 0.262817 0.520368 -0.122045
1.848443 0.241771 0.004353 0.037058 0.816654 0.238909 0.515508 -0.101247
1.850786 0.241883 0.004465 0.037058 0.821706 0.220908 0.517608 -0.089896
1.853129 0.241883 0.004465 0.037058 0.833736 0.196104 0.511442 -0.069676
1.855472 0.241883 0.004465 0.037170 0.839745 0.168524 0.513461 -0.052784
1.857814 0.241995 0.004465 0.037170 0.844842 0.140760 0.514921 -0.035836
1.860157 0.241995 0.004465 0.037170 0.854327 0.114699 0.506649 -0.016619
1.862500 0.241995 0.004465 0.037170 0.857643 0.086484 0.506922 0.000085
1.864843 0.242106 0.004576 0.037170 0.864631 0.069173 0.497455 0.012943
1.867185 0.242106 0.004576 0.037170 0.866441 0.040644 0.496758 0.029329
1.869528 0.242106 0.004576 0.037170 0.872392 0.022855 0.486511 0.041436
1.871871 0.242106 0.004576 0.037170 0.877872 0.004823 0.475917 0.053100
1.874214 0.242218 0.004688 0.037170 0.877767 -0.014465 0.474636 0.063544
1.876557 0.242218 0.004688 0.037170 0.882365 -0.032831 0.463468 0.074511
1.878899 0.242218 0.004688 0.037170 0.881951 -0.042523 0.462621 0.079599
1.881242 0.242218 0.004800 0.037170 0.886471 -0.051400 0.451997 0.085009
1.883585 0.242218 0.004800 0.037170 0.884811 -0.066087 0.450337 0.099696
1.885928 0.242218 0.004800 0.037058 0.888980 -0.074989 0.439441 0.104799
1.888270 0.242218 0.004911 0.037058 0.893822 -0.074166 0.429614 0.104948
1.890613 0.242218 0.004911 0.037058 0.892953 -0.083981 0.428435 0.109661
1.892956 0.242218 0.004911 0.037058 0.897695 -0.083200 0.418556 0.109689
1.895299 0.242218 0.004911 0.037058 0.896727 -0.093057 0.417326 0.114281
1.897641 0.242218 0.005023 0.037058 0.896727 -0.093057 0.417326 0.114281
1.899984 0.242218 0.005023 0.037058 0.894291 -0.107468 0.414890 0.128691
1.902327 0.242218 0.005023 0.037058 0.898943 -0.106670 0.404970 0.128539
1.904670 0.242218 0.005023 0.037058 0.897717 -0.116540 0.403534 0.132980
1.907013 0.242218 0.005135 0.037058 0.897717 -0.116540 0.403534 0.132980
1.909355 0.242218 0.005135 0.037058 0.896202 -0.120966 0.402229 0.142834
1.911698 0.242218 0.005135 0.037058 0.899383 -0.129984 0.390682 0.146908
1.914041 0.242218 0.005135 0.037058 0.899383 -0.129984 0.390682 0.146908
1.916384 0.242218 0.005135 0.037058 0.897901 -0.139857 0.389044 0.151191
1.918726 0.242218 0.005135 0.037058 0.902366 -0.139071 0.379048 0.150727
1.921069 0.242218 0.005246 0.037058 0.900783 -0.148976 0.377369 0.154882
1.923412 0.242329 0.005246 0.037058 0.900783 -0.148976 0.377369 0.154882
1.925755 0.242329 0.005246 0.037058 0.903465 -0.158155 0.365615 0.158315
1.928097 0.242329 0.005246 0.037058 0.903465 -0.158155 0.365615 0.158315
1.930440 0.242329 0.005246 0.037058 0.905944 -0.167392 0.353789 0.161489
1.932783 0.242329 0.005246 0.037058 0.904050 -0.177335 0.351994 0.165366
1.935126 0.242329 0.005358 0.036947 0.906224 -0.186648 0.340070 0.168149
1.937468 0.242329 0.005358 0.036947 0.904118 -0.196592 0.338202 0.171875
1.939811 0.242329 0.005358 0.036947 0.903666 -0.215913 0.324258 0.177836
1.942154 0.242441 0.005358 0.036947 0.901240 -0.225827 0.322285 0.181388
1.944497 0.242441 0.005469 0.036947 0.902048 -0.241783 0.310825 0.176744
1.946840 0.242441 0.005469 0.036947 0.903203 -0.251411 0.298773 0.178190
1.949182 0.242553 0.005469 0.037058 0.897461 -0.271194 0.294785 0.184711
1.951525 0.242553 0.005581 0.037058 0.897072 -0.287614 0.283802 0.178876
1.953868 0.242664 0.005581 0.037058 0.890738 -0.317082 0.267774 0.185315
1.956211 0.242664 0.005581 0.037058 0.887079 -0.336678 0.253691 0.188096
1.958553 0.242776 0.005693 0.037058 0.877607 -0.362987 0.251358 0.186724
1.960896 0.242776 0.005693 0.037058 0.872786 -0.382538 0.237405 0.188541
1.963239 0.242887 0.005693 0.037058 0.862956 -0.411509 0.221372 0.192257
1.965582 0.242887 0.005804 0.037058 0.856842 -0.430806 0.207467 0.192834
1.967924 0.242999 0.005804 0.037058 0.847290 -0.457161 0.196527 0.185689
1.970267 0.242999 0.005804 0.037170 0.837041 -0.475666 0.192400 0.189962
1.972610 0.243111 0.005916 0.037170 0.823744 -0.503681 0.176780 0.191048
1.974953 0.243111 0.005916 0.037170 0.809410 -0.531272 0.161286 0.191293
1.977296 0.243111 0.005916 0.037170 0.800139 -0.549640 0.148047 0.189091
1.979638 0.243222 0.006028 0.037170 0.792747 -0.568420 0.126064 0.180439
1.981981 0.243222 0.006028 0.037058 0.775861 -0.594874 0.111331 0.178242
1.984324 0.243222 0.006028 0.037058 0.764773 -0.612392 0.098797 0.174179
1.986667 0.243334 0.006139 0.037058 0.748202 -0.638402 0.076223 0.163787
1.989009 0.243334 0.006139 0.037058 0.735862 -0.655183 0.064353 0.158433
1.991352 0.243446 0.006139 0.037058 0.717312 -0.679946 0.043040 0.145895
1.993695 0.243446 0.006251 0.037058 0.706686 -0.695844 0.031719 0.124056
1.996038 0.243446 0.006251 0.036947 0.685931 -0.719284 0.012360 0.109437
1.998380 0.243557 0.006362 0.036947 0.673174 -0.734423 0.003109 0.086310
2.000723 0.243557 0.006362 0.036947 0.650327 -0.756306 -0.014111 0.069837
2.003066 0.243669 0.006474 0.036947 0.627002 -0.777390 -0.021678 0.045421
2.005409 0.243669 0.006474 0.036947 0.602245 -0.797568 -0.027637 0.020557
2.007752 0.243780 0.006586 0.036947 0.576096 -0.816743 -0.031969 -0.004649
2.010094 0.243780 0.006697 0.036947 0.557740 -0.828745 -0.034990 -0.029709
2.012437 0.243780 0.006697 0.037058 0.529482 -0.846525 -0.030505 -0.045972
2.014780 0.243892 0.006809 0.037058 0.499028 -0.862911 -0.021024 -0.076897
2.017123 0.243892 0.006921 0.037058 0.468709 -0.878401 -0.014026 -0.092338
2.019465 0.244004 0.006921 0.037058 0.436667 -0.891902 -0.010940 -0.117106
2.021808 0.244004 0.006921 0.037170 0.405098 -0.903776 -0.016203 -0.137191
2.024151 0.244115 0.007032 0.037170 0.372447 -0.915542 -0.005849 -0.151766
2.026494 0.244115 0.007032 0.037170 0.339158 -0.926000 0.005414 -0.165732
2.028836 0.244115 0.007144 0.037281 0.305288 -0.935113 0.017552 -0.179038
2.031179 0.244227 0.007144 0.037281 0.270897 -0.942845 0.030527 -0.191639
2.033522 0.244227 0.007144 0.037281 0.248686 -0.946919 0.031661 -0.201242
2.035865 0.244227 0.007255 0.037281 0.215945 -0.952787 0.035542 -0.210480
2.038207 0.244339 0.007255 0.037393 0.183066 -0.957412 0.040065 -0.219645
2.040550 0.244339 0.007255 0.037393 0.148766 -0.958541 0.043169 -0.239173
2.042893 0.244339 0.007255 0.037393 0.113092 -0.959915 0.059857 -0.249381
2.045236 0.244339 0.007255 0.037393 0.080079 -0.960570 0.066635 -0.257784
2.047579 0.244450 0.007367 0.037393 0.047142 -0.959978 0.074024 -0.265969
2.049921 0.244450 0.007367 0.037393 0.013175 -0.955167 0.081275 -0.284388
2.052264 0.244450 0.007367 0.037281 -0.019361 -0.951951 0.090195 -0.292026
2.054607 0.244450 0.007367 0.037281 -0.051663 -0.947517 0.099696 -0.299337
2.056950 0.244450 0.007479 0.037281 -0.084498 -0.938342 0.110007 -0.316660
2.059292 0.244562 0.007479 0.037281 -0.126910 -0.926249 0.125166 -0.332100
2.061635 0.244562 0.007479 0.037281 -0.157847 -0.917641 0.137033 -0.337997
2.063978 0.244562 0.007590 0.037281 -0.202037 -0.904032 0.163110 -0.339561
2.066321 0.244673 0.007590 0.037281 -0.231954 -0.892698 0.175898 -0.344016
2.068663 0.244673 0.007702 0.037281 -0.270967 -0.877349 0.192943 -0.345846
2.071006 0.244673 0.007702 0.037281 -0.303389 -0.861220 0.216111 -0.345762
2.073349 0.244785 0.007813 0.037281 -0.340643 -0.842537 0.233845 -0.345556
2.075692 0.244785 0.007813 0.037281 -0.371534 -0.823468 0.257206 -0.343087
2.078035 0.244897 0.007925 0.037393 -0.406722 -0.801630 0.275399 -0.340766
2.080377 0.244897 0.007925 0.037393 -0.445127 -0.779754 0.298688 -0.323468
2.082720 0.245008 0.008037 0.037393 -0.477952 -0.754662 0.316694 -0.318985
2.085063 0.245008 0.008037 0.037393 -0.504798 -0.729980 0.339411 -0.311624
2.087406 0.245120 0.008148 0.037505 -0.527233 -0.708017 0.354025 -0.308876
2.089748 0.245120 0.008260 0.037505 -0.561014 -0.680095 0.374746 -0.286879
2.092091 0.245232 0.008260 0.037505 -0.588595 -0.649862 0.392155 -0.278300
2.094434 0.245232 0.008260 0.037393 -0.608689 -0.615582 0.418622 -0.274431
2.096777 0.245343 0.008260 0.037393 -0.632871 -0.583187 0.435846 -0.263448
2.099119 0.245343 0.008372 0.037393 -0.655459 -0.539639 0.464601 -0.251614
2.101462 0.245343 0.008372 0.037393 -0.670065 -0.512620 0.478563 -0.243335
2.103805 0.245455 0.008372 0.037393 -0.686055 -0.479732 0.497719 -0.226851
2.106148 0.245455 0.008372 0.037393 -0.698244 -0.451753 0.511130 -0.217073
2.108490 0.245455 0.008372 0.037281 -0.707964 -0.412488 0.535231 -0.205350
2.110833 0.245566 0.008372 0.037281 -0.717402 -0.383833 0.548097 -0.193898
2.113176 0.245566 0.008483 0.037281 -0.727590 -0.348786 0.564581 -0.173809
2.115519 0.245566 0.008483 0.037281 -0.734476 -0.319625 0.576601 -0.160980
2.117862 0.245678 0.008483 0.037281 -0.738559 -0.292011 0.589900 -0.145873
2.120204 0.245678 0.008483 0.037281 -0.740250 -0.270767 0.599618 -0.138469
2.122547 0.245790 0.008483 0.037281 -0.748770 -0.246226 0.603855 -0.118634
2.124890 0.245790 0.008483 0.037281 -0.754000 -0.229715 0.606316 -0.105338
2.127233 0.245790 0.008483 0.037281 -0.753860 -0.208485 0.615476 -0.097044
2.129575 0.245901 0.008483 0.037393 -0.758259 -0.191872 0.617460 -0.083498
2.131918 0.245901 0.008595 0.037393 -0.762291 -0.175166 0.619145 -0.069911
2.134261 0.246013 0.008595 0.037393 -0.764170 -0.166781 0.619876 -0.063105
2.136604 0.246013 0.008595 0.037393 -0.767060 -0.156766 0.619428 -0.057901
2.138946 0.246013 0.008595 0.037393 -0.770319 -0.139875 0.620551 -0.044278
2.141289 0.246125 0.008706 0.037393 -0.771809 -0.131404 0.621000 -0.037458
2.143632 0.246125 0.008706 0.037393 -0.768453 -0.117480 0.627983 -0.036274
2.145975 0.246236 0.008706 0.037393 -0.770849 -0.100568 0.628628 -0.022468
2.148318 0.246236 0.008706 0.037393 -0.772872 -0.083607 0.628970 -0.008651
2.150660 0.246236 0.008706 0.037393 -0.768445 -0.063228 0.636782 0.001717
2.153003 0.246348 0.008818 0.037393 -0.769775 -0.053320 0.636043 0.007251
2.155346 0.246348 0.008818 0.037393 -0.770761 -0.036394 0.635730 0.021223
2.157689 0.246348 0.008818 0.037393 -0.764963 -0.016565 0.643050 0.032317
2.160031 0.246348 0.008818 0.037393 -0.765606 -0.006810 0.642149 0.038029
2.162374 0.246459 0.008818 0.037393 -0.765571 0.010013 0.641158 0.052128
2.164717 0.246459 0.008818 0.037393 -0.764825 0.035235 0.639092 0.073228
2.167060 0.246459 0.008930 0.037393 -0.763866 0.052031 0.637329 0.087252
2.169402 0.246459 0.008930 0.037393 -0.762539 0.068801 0.635258 0.101234
2.171745 0.246459 0.008930 0.037505 -0.759857 0.093892 0.631577 0.122112
2.174088 0.246459 0.008930 0.037505 -0.764444 0.108935 0.620405 0.137320
2.176431 0.246459 0.008930 0.037505 -0.770265 0.117516 0.610126 0.143624
2.178774 0.246571 0.008930 0.037505 -0.767497 0.134411 0.606823 0.156994
2.181116 0.246571 0.009041 0.037505 -0.771109 0.150122 0.594660 0.170980
2.183459 0.246571 0.009041 0.037616 -0.782876 0.158717 0.575164 0.176354
2.185802 0.246571 0.009041 0.037616 -0.785716 0.175088 0.562342 0.189120
2.188145 0.246571 0.009041 0.037616 -0.783845 0.186166 0.560130 0.192829
2.190487 0.246571 0.009041 0.037616 -0.790331 0.188220 0.551197 0.190086
2.192830 0.246571 0.009041 0.037728 -0.796666 0.190587 0.542252 0.186982
2.195173 0.246571 0.009153 0.037728 -0.800668 0.202075 0.531259 0.189369
2.197516 0.246571 0.009153 0.037728 -0.802495 0.199183 0.533652 0.177605
2.199858 0.246571 0.009153 0.037728 -0.808337 0.202496 0.524877 0.173465
2.202201 0.246571 0.009153 0.037728 -0.807984 0.205607 0.525230 0.170355
2.204544 0.246571 0.009153 0.037728 -0.809352 0.202921 0.527913 0.158371
2.206887 0.246571 0.009153 0.037728 -0.811043 0.197109 0.530110 0.149469
2.209229 0.246571 0.009153 0.037728 -0.812045 0.194347 0.532835 0.137476
2.211572 0.246571 0.009265 0.037616 -0.812814 0.191535 0.535630 0.125494
2.213915 0.246571 0.009265 0.037616 -0.812055 0.194572 0.536388 0.122457
2.216258 0.246571 0.009265 0.037616 -0.814550 0.182740 0.540534 0.104585
2.218601 0.246571 0.009265 0.037616 -0.813658 0.185741 0.541426 0.101585
2.220943 0.246571 0.009265 0.037616 -0.808029 0.180562 0.553117 0.092458
2.223286 0.246571 0.009265 0.037616 -0.807967 0.177253 0.556096 0.080797
2.225629 0.246571 0.009265 0.037505 -0.807685 0.173876 0.559130 0.069172
2.227972 0.246571 0.009376 0.037505 -0.806505 0.176594 0.560311 0.066454
2.230314 0.246571 0.009376 0.037505 -0.805917 0.173105 0.563486 0.054913
2.232657 0.246571 0.009376 0.037505 -0.810343 0.172867 0.558472 0.039625
2.235000 0.246571 0.009376 0.037505 -0.809206 0.169455 0.561861 0.027986
2.237343 0.246571 0.009376 0.037505 -0.812544 0.175844 0.555342 0.021140
2.239685 0.246683 0.009376 0.037505 -0.817544 0.167446 0.550983 -0.000972
2.242028 0.246683 0.009376 0.037505 -0.820065 0.168324 0.546683 -0.017284
2.244371 0.246683 0.009376 0.037505 -0.817721 0.165265 0.550604 -0.029250
2.246714 0.246683 0.009488 0.037505 -0.819248 0.166569 0.546790 -0.045921
2.249057 0.246683 0.009488 0.037505 -0.820137 0.168163 0.543276 -0.062828
2.251399 0.246683 0.009488 0.037505 -0.820374 0.170028 0.540080 -0.079946
2.253742 0.246683 0.009488 0.037505 -0.816633 0.167103 0.544728 -0.091972
2.256085 0.246683 0.009488 0.037505 -0.815801 0.169273 0.542099 -0.109289
2.258428 0.246683 0.009488 0.037505 -0.813203 0.157322 0.545687 -0.127186
2.260770 0.246683 0.009488 0.037393 -0.811306 0.159759 0.543461 -0.144603
2.263113 0.246683 0.009488 0.037393 -0.807930 0.162665 0.546837 -0.147509
2.265456 0.246683 0.009488 0.037393 -0.802791 0.159440 0.552061 -0.159168
2.267799 0.246794 0.009488 0.037393 -0.797434 0.156042 0.557339 -0.170655
2.270141 0.246794 0.009599 0.037393 -0.793816 0.158640 0.560957 -0.173253
2.272484 0.246794 0.009599 0.037393 -0.790142 0.161158 0.564631 -0.175771
2.274827 0.246794 0.009599 0.037393 -0.786413 0.163595 0.568360 -0.178208
2.277170 0.246906 0.009599 0.037393 -0.782632 0.165949 0.572141 -0.180562
2.279513 0.246906 0.009599 0.037393 -0.780761 0.174537 0.574090 -0.174266
2.281855 0.246906 0.009599 0.037393 -0.774916 0.185290 0.579851 -0.170134
2.284198 0.247017 0.009599 0.037393 -0.770988 0.187390 0.583779 -0.172234
2.286541 0.247017 0.009599 0.037393 -0.769973 0.202426 0.580010 -0.172488
2.288884 0.247017 0.009599 0.037393 -0.765340 0.219295 0.583660 -0.159703
2.291226 0.247017 0.009599 0.037393 -0.758678 0.229593 0.589586 -0.155185
2.293569 0.247129 0.009599 0.037393 -0.756670 0.244571 0.586007 -0.155665
2.295912 0.247129 0.009599 0.037505 -0.749746 0.261338 0.587026 -0.158062
2.298255 0.247129 0.009599 0.037505 -0.742114 0.277962 0.588440 -0.160448
2.300597 0.247241 0.009599 0.037505 -0.735828 0.294199 0.591823 -0.147480
2.302940 0.247241 0.009711 0.037505 -0.727131 0.310461 0.593681 -0.149791
2.305283 0.247241 0.009711 0.037616 -0.717739 0.326502 0.595929 -0.152035
2.307626 0.247352 0.009711 0.037616 -0.703855 0.350047 0.600223 -0.147604
2.309968 0.247352 0.009711 0.037616 -0.691238 0.358789 0.607244 -0.157214
2.312311 0.247352 0.009711 0.037616 -0.677492 0.374624 0.616247 -0.144570
2.314654 0.247352 0.009711 0.037616 -0.663720 0.382392 0.624286 -0.153357
2.316997 0.247464 0.009711 0.037616 -0.649261 0.397121 0.633402 -0.139843
2.319340 0.247464 0.009823 0.037616 -0.637459 0.397211 0.645204 -0.139932
2.321682 0.247464 0.009823 0.037616 -0.622683 0.410841 0.654018 -0.125443
2.324025 0.247576 0.009823 0.037616 -0.611191 0.417417 0.664585 -0.102644
2.326368 0.247576 0.009823 0.037616 -0.595187 0.422558 0.677053 -0.093787
2.328711 0.247576 0.009934 0.037616 -0.584857 0.428047 0.683694 -0.085320
2.331053 0.247687 0.009934 0.037616 -0.574505 0.433237 0.690205 -0.076594
2.333396 0.247687 0.010046 0.037616 -0.564139 0.438129 0.696577 -0.067613
2.335739 0.247687 0.010046 0.037505 -0.558539 0.436618 0.703446 -0.050617
2.338082 0.247799 0.010046 0.037505 -0.543514 0.447017 0.709686 -0.033382
2.340424 0.247799 0.010158 0.037505 -0.533334 0.451020 0.715246 -0.023642
2.342767 0.247910 0.010158 0.037505 -0.523177 0.454739 0.720633 -0.013671
2.345110 0.247910 0.010269 0.037505 -0.518055 0.452513 0.725754 -0.011445
2.347453 0.247910 0.010269 0.037505 -0.502177 0.461310 0.731395 -0.008555
2.349796 0.248022 0.010269 0.037505 -0.491973 0.464168 0.736550 0.002112
2.352138 0.248022 0.010381 0.037505 -0.481828 0.466747 0.741499 0.013001
2.354481 0.248022 0.010381 0.037505 -0.471457 0.477220 0.741034 0.029290
2.356824 0.248134 0.010381 0.037505 -0.466569 0.474205 0.745922 0.032305
2.359167 0.248134 0.010381 0.037505 -0.456545 0.476127 0.750308 0.043673
2.361509 0.248134 0.010492 0.037505 -0.458626 0.468075 0.753429 0.053965
2.363852 0.248245 0.010492 0.037505 -0.448231 0.478039 0.752062 0.070506
2.366195 0.248245 0.010492 0.037393 -0.438549 0.479499 0.755645 0.082199
2.368538 0.248245 0.010492 0.037393 -0.440326 0.479859 0.752580 0.097323
2.370880 0.248357 0.010492 0.037393 -0.443303 0.471998 0.754415 0.107511
2.373223 0.248357 0.010492 0.037393 -0.440009 0.477340 0.749303 0.130704
2.375566 0.248357 0.010604 0.037281 -0.434739 0.482145 0.747822 0.138928
2.377909 0.248357 0.010604 0.037281 -0.436640 0.482708 0.743447 0.153704
2.380251 0.248469 0.010604 0.037281 -0.438528 0.483312 0.738749 0.168380
2.382594 0.248469 0.010604 0.037281 -0.433192 0.488101 0.736855 0.176486
2.384937 0.248469 0.010604 0.037281 -0.440403 0.483958 0.733730 0.182950
2.387280 0.248580 0.010604 0.037281 -0.432935 0.496776 0.726262 0.195767
2.389623 0.248580 0.010604 0.037281 -0.427451 0.501502 0.724067 0.203734
2.391965 0.248580 0.010716 0.037281 -0.429138 0.502168 0.718405 0.218089
2.394308 0.248580 0.010716 0.037281 -0.426716 0.510030 0.712845 0.222790
2.396651 0.248580 0.010716 0.037281 -0.426716 0.510030 0.712845 0.222790
2.398994 0.248580 0.010716 0.037281 -0.413892 0.518645 0.713762 0.224154
2.401336 0.248692 0.010716 0.037281 -0.413892 0.518645 0.713762 0.224154
2.403679 0.248692 0.010716 0.037281 -0.405596 0.530943 0.705466 0.236452
2.406022 0.248692 0.010716 0.037281 -0.405596 0.530943 0.705466 0.236452
2.408365 0.248692 0.010716 0.037393 -0.398379 0.534797 0.708815 0.229929
2.410707 0.248692 0.010716 0.037393 -0.392480 0.539141 0.706247 0.237702
2.413050 0.248692 0.010716 0.037393 -0.382611 0.550612 0.703576 0.235405
2.415393 0.248692 0.010716 0.037393 -0.382611 0.550612 0.703576 0.235405
2.417736 0.248692 0.010827 0.037393 -0.382611 0.550612 0.703576 0.235405
2.420079 0.248692 0.010827 0.037393 -0.369220 0.558381 0.704230 0.236532
2.422421 0.248692 0.010827 0.037505 -0.369220 0.558381 0.704230 0.236532
2.424764 0.248692 0.010827 0.037505 -0.369220 0.558381 0.704230 0.236532
2.427107 0.248692 0.010827 0.037505 -0.361855 0.561912 0.707428 0.229916
2.429450 0.248692 0.010827 0.037505 -0.361855 0.561912 0.707428 0.229916
2.431792 0.248692 0.010827 0.037505 -0.361855 0.561912 0.707428 0.229916
2.434135 0.248692 0.010827 0.037505 -0.353028 0.573563 0.698601 0.241567
2.436478 0.248692 0.010827 0.037505 -0.353028 0.573563 0.698601 0.241567
2.438821 0.248692 0.010827 0.037505 -0.353028 0.573563 0.698601 0.241567
2.441163 0.248692 0.010827 0.037505 -0.353028 0.573563 0.698601 0.241567
2.443506 0.248692 0.010827 0.037505 -0.353028 0.573563 0.698601 0.241567
2.445849 0.248692 0.010827 0.037505 -0.353028 0.573563 0.698601 0.241567
2.448192 0.248692 0.010827 0.037505 -0.353028 0.573563 0.698601 0.241567
2.450535 0.248692 0.010827 0.037505 -0.346705 0.577406 0.695904 0.249228
2.452877 0.248692 0.010827 0.037505 -0.346705 0.577406 0.695904 0.249228
2.455220 0.248803 0.010827 0.037505 -0.346705 0.577406 0.695904 0.249228
2.457563 0.248803 0.010939 0.037505 -0.343946 0.585017 0.689519 0.253022
2.459906 0.248803 0.010939 0.037505 -0.343946 0.585017 0.689519 0.253022
2.462248 0.248803 0.010939 0.037616 -0.337498 0.588760 0.686698 0.260581
2.464591 0.248803 0.010939 0.037616 -0.337498 0.588760 0.686698 0.260581
2.466934 0.248803 0.010939 0.037616 -0.334615 0.596269 0.680188 0.264273
2.469277 0.248803 0.010939 0.037616 -0.328044 0.599909 0.677244 0.271730
2.471619 0.248803 0.010939 0.037616 -0.328044 0.599909 0.677244 0.271730
2.473962 0.248803 0.010939 0.037616 -0.325039 0.607313 0.670612 0.275318
2.476305 0.248803 0.010939 0.037616 -0.325039 0.607313 0.670612 0.275318
2.478648 0.248803 0.010939 0.037616 -0.318348 0.610847 0.667547 0.282668
2.480990 0.248803 0.010939 0.037616 -0.315223 0.618144 0.660796 0.286149
2.483333 0.248803 0.010939 0.037616 -0.322406 0.614832 0.657416 0.292984
2.485676 0.248803 0.010939 0.037616 -0.319167 0.622018 0.650622 0.296508
2.488019 0.248915 0.010939 0.037616 -0.319167 0.622018 0.650622 0.296508
2.490362 0.248915 0.010939 0.037616 -0.319167 0.622018 0.650622 0.296508
2.492704 0.248915 0.010939 0.037616 -0.322883 0.625667 0.640366 0.306952
2.495047 0.248915 0.010939 0.037616 -0.322883 0.625667 0.640366 0.306952
2.497390 0.248915 0.010939 0.037616 -0.333260 0.625466 0.633481 0.310534
2.499733 0.248915 0.010939 0.037616 -0.333260 0.625466 0.633481 0.310534
2.502075 0.248915 0.010939 0.037616 -0.336548 0.628625 0.623191 0.321245
2.504418 0.249027 0.010939 0.037616 -0.350071 0.620978 0.623305 0.321446
2.506761 0.249027 0.010939 0.037616 -0.346518 0.627788 0.616445 0.325272
2.509104 0.249027 0.010939 0.037616 -0.349362 0.630461 0.606146 0.336231
2.511446 0.249027 0.010939 0.037616 -0.362618 0.622377 0.606444 0.336719
2.513789 0.249027 0.010939 0.037616 -0.371966 0.620633 0.599971 0.341308
2.516132 0.249138 0.010939 0.037616 -0.374249 0.622687 0.589787 0.352633
2.518475 0.249138 0.010939 0.037616 -0.383122 0.620345 0.583525 0.357616
2.520818 0.249138 0.010939 0.037616 -0.391733 0.617663 0.577407 0.362820
2.523160 0.249138 0.010939 0.037616 -0.400073 0.614649 0.571444 0.368238
2.525503 0.249138 0.010827 0.037616 -0.408131 0.611311 0.565645 0.373862
2.527846 0.249250 0.010827 0.037616 -0.415900 0.607658 0.560018 0.379683
2.530189 0.249250 0.010827 0.037616 -0.422551 0.603052 0.564155 0.373507
2.532531 0.249250 0.010827 0.037616 -0.429977 0.599009 0.558776 0.379576
2.534874 0.249250 0.010939 0.037616 -0.443600 0.589833 0.557792 0.379716
2.537217 0.249250 0.010939 0.037616 -0.450053 0.584924 0.561930 0.373565
2.539560 0.249250 0.010939 0.037616 -0.456747 0.580151 0.557082 0.380087
2.541902 0.249250 0.010939 0.037616 -0.458957 0.581229 0.554872 0.379009
2.544245 0.249250 0.010939 0.037616 -0.469399 0.569987 0.556660 0.380669
2.546588 0.249250 0.010939 0.037616 -0.471490 0.570922 0.554570 0.379733
2.548931 0.249250 0.010939 0.037616 -0.477733 0.565708 0.558708 0.373618
2.551273 0.249250 0.010939 0.037616 -0.483501 0.560165 0.554575 0.380642
2.553616 0.249362 0.011050 0.037616 -0.483501 0.560165 0.554575 0.380642
2.555959 0.249362 0.011050 0.037616 -0.489626 0.554820 0.558723 0.374526
2.558302 0.249362 0.011050 0.037728 -0.494974 0.548982 0.554899 0.381715
2.560645 0.249362 0.011050 0.037728 -0.494974 0.548982 0.554899 0.381715
2.562987 0.249473 0.011050 0.037728 -0.496819 0.549620 0.553054 0.381077
2.565330 0.249473 0.011050 0.037728 -0.496819 0.549620 0.553054 0.381077
2.567673 0.249473 0.011050 0.037728 -0.499959 0.542924 0.551312 0.389012
2.570016 0.249585 0.011050 0.037728 -0.501656 0.543470 0.549615 0.388466
2.572358 0.249585 0.011050 0.037728 -0.501656 0.543470 0.549615 0.388466
2.574701 0.249585 0.011050 0.037728 -0.507596 0.537926 0.553849 0.382405
2.577044 0.249696 0.011050 0.037728 -0.503364 0.543978 0.547906 0.387958
2.579387 0.249696 0.011050 0.037728 -0.506119 0.537116 0.546421 0.395946
2.581729 0.249696 0.011050 0.037728 -0.506119 0.537116 0.546421 0.395946
2.584072 0.249696 0.011050 0.037728 -0.507675 0.537541 0.544866 0.395521
2.586415 0.249696 0.011050 0.037728 -0.507675 0.537541 0.544866 0.395521
2.588758 0.249696 0.011050 0.037728 -0.510205 0.530569 0.543479 0.403506
2.591101 0.249696 0.011050 0.037728 -0.505741 0.536508 0.537617 0.409087
2.593443 0.249696 0.011050 0.037728 -0.513909 0.523843 0.540792 0.411134
2.595786 0.249696 0.011050 0.037728 -0.509361 0.529752 0.535004 0.416755
2.598129 0.249696 0.011050 0.037728 -0.511515 0.522597 0.533730 0.424708
2.600472 0.249696 0.010939 0.037728 -0.511515 0.522597 0.533730 0.424708
2.602814 0.249696 0.010939 0.037728 -0.508824 0.521197 0.526697 0.438225
2.605157 0.249696 0.010939 0.037728 -0.516383 0.508260 0.530244 0.440297
2.607500 0.249696 0.010939 0.037728 -0.516383 0.508260 0.530244 0.440297
2.609843 0.249696 0.010939 0.037728 -0.513230 0.506663 0.523409 0.453795
2.612185 0.249696 0.010939 0.037616 -0.513230 0.506663 0.523409 0.453795
2.614528 0.249696 0.010939 0.037616 -0.514884 0.499211 0.522127 0.461591
2.616871 0.249808 0.010939 0.037616 -0.516475 0.491698 0.520781 0.469332
2.619214 0.249808 0.010939 0.037616 -0.511288 0.497390 0.515348 0.474978
2.621557 0.249808 0.010939 0.037616 -0.512733 0.489803 0.514023 0.482678
2.623899 0.249808 0.010939 0.037616 -0.512733 0.489803 0.514023 0.482678
2.626242 0.249808 0.010939 0.037616 -0.512733 0.489803 0.514023 0.482678
2.628585 0.249808 0.010939 0.037616 -0.512733 0.489803 0.514023 0.482678
2.630928 0.249808 0.010939 0.037616 -0.512733 0.489803 0.514023 0.482678
2.633270 0.249808 0.010939 0.037616 -0.514115 0.482157 0.512637 0.490320
2.635613 0.249808 0.010939 0.037616 -0.514115 0.482157 0.512637 0.490320
2.637956 0.249808 0.010939 0.037616 -0.514115 0.482157 0.512637 0.490320
2.640299 0.249920 0.010939 0.037616 -0.514115 0.482157 0.512637 0.490320
2.642641 0.249920 0.010939 0.037616 -0.514115 0.482157 0.512637 0.490320
2.644984 0.249920 0.010939 0.037616 -0.512733 0.489803 0.514023 0.482678
2.647327 0.249920 0.010939 0.037616 -0.507321 0.495407 0.508690 0.488296
2.649670 0.249920 0.010939 0.037616 -0.507321 0.495407 0.508690 0.488296
2.652012 0.249920 0.010939 0.037616 -0.507321 0.495407 0.508690 0.488296
2.654355 0.249920 0.010939 0.037616 -0.507321 0.495407 0.508690 0.488296
2.656698 0.249920 0.010939 0.037616 -0.507321 0.495407 0.508690 0.488296
2.659041 0.249920 0.010939 0.037616 -0.501847 0.500950 0.503294 0.493855
2.661384 0.249920 0.010939 0.037616 -0.501847 0.500950 0.503294 0.493855
2.663726 0.249920 0.011050 0.037616 -0.501847 0.500950 0.503294 0.493855
2.666069 0.249920 0.011050 0.037616 -0.496314 0.506433 0.497839 0.499355
2.668412 0.250031 0.011050 0.037616 -0.496314 0.506433 0.497839 0.499355
2.670755 0.250031 0.011050 0.037616 -0.490720 0.511855 0.492323 0.504794
2.673097 0.250031 0.011050 0.037616 -0.479433 0.522532 0.481036 0.515470
2.675440 0.250031 0.011050 0.037616 -0.475464 0.520209 0.473539 0.528278
2.677783 0.250143 0.011050 0.037616 -0.463831 0.530507 0.461907 0.538577
2.680126 0.250143 0.011162 0.037616 -0.451975 0.540548 0.450050 0.548617
2.682468 0.250254 0.011162 0.037616 -0.439901 0.550326 0.437977 0.558395
2.684811 0.250254 0.011162 0.037616 -0.423272 0.556893 0.417488 0.580012
2.687154 0.250366 0.011162 0.037616 -0.410681 0.565992 0.404898 0.589111
2.689497 0.250366 0.011274 0.037616 -0.397893 0.574812 0.392110 0.597931
2.691840 0.250478 0.011274 0.037728 -0.380358 0.579882 0.370386 0.617963
2.694182 0.250478 0.011274 0.037728 -0.353685 0.595795 0.343712 0.633875
2.696525 0.250589 0.011385 0.037728 -0.340092 0.603307 0.330120 0.641388
2.698868 0.250589 0.011385 0.037728 -0.328187 0.602778 0.314281 0.655881
2.701211 0.250701 0.011385 0.037728 -0.307565 0.613100 0.293077 0.666047
2.703553 0.250701 0.011497 0.037728 -0.295350 0.611744 0.276764 0.679662
2.705896 0.250701 0.011497 0.037728 -0.281094 0.617873 0.262509 0.685791
2.708239 0.250813 0.011497 0.037616 -0.274289 0.620924 0.254959 0.688633
2.710582 0.250813 0.011497 0.037616 -0.255003 0.621558 0.230508 0.703921
2.712924 0.250813 0.011497 0.037616 -0.247254 0.624053 0.223665 0.706680
2.715267 0.250813 0.011497 0.037728 -0.240384 0.626732 0.215888 0.709095
2.717610 0.250924 0.011497 0.037728 -0.225654 0.631583 0.201159 0.713946
2.719953 0.250924 0.011497 0.037616 -0.220843 0.626127 0.190862 0.723025
2.722296 0.250924 0.011609 0.037616 -0.212886 0.628186 0.183971 0.725408
2.724638 0.250924 0.011609 0.037616 -0.205972 0.630487 0.175991 0.727385
2.726981 0.250924 0.011609 0.037616 -0.197968 0.632382 0.169054 0.729604
2.729324 0.250924 0.011609 0.037728 -0.191009 0.634519 0.161028 0.731417
2.731667 0.250924 0.011609 0.037728 -0.182962 0.636250 0.154047 0.733472
2.734009 0.250924 0.011609 0.037728 -0.182962 0.636250 0.154047 0.733472
2.736352 0.250924 0.011609 0.037728 -0.175961 0.638221 0.145980 0.735120
2.738695 0.251036 0.011609 0.037728 -0.169952 0.631777 0.136621 0.743847
2.741038 0.251036 0.011609 0.037728 -0.163001 0.633606 0.128441 0.745303
2.743380 0.251036 0.011609 0.037728 -0.154803 0.634979 0.121472 0.747049
2.745723 0.251036 0.011609 0.037728 -0.154803 0.634979 0.121472 0.747049
2.748066 0.251036 0.011609 0.037728 -0.154803 0.634979 0.121472 0.747049
2.750409 0.251036 0.011609 0.037728 -0.139587 0.637847 0.106257 0.749917
2.752751 0.251036 0.011609 0.037728 -0.139587 0.637847 0.106257 0.749917
2.755094 0.251036 0.011609 0.037728 -0.139587 0.637847 0.106257 0.749917
2.757437 0.251036 0.011609 0.037728 -0.131340 0.638976 0.099243 0.751405
2.759780 0.251036 0.011609 0.037728 -0.124312 0.640380 0.090982 0.752450
2.762123 0.251036 0.011609 0.037728 -0.116038 0.641341 0.083941 0.753771
2.764465 0.251036 0.011609 0.037728 -0.116038 0.641341 0.083941 0.753771
2.766808 0.251036 0.011609 0.037728 -0.108986 0.642577 0.075655 0.754647
2.769151 0.251036 0.011609 0.037728 -0.100688 0.643370 0.068591 0.755799
2.771494 0.251036 0.011609 0.037728 -0.093614 0.644437 0.060284 0.756507
2.773836 0.251147 0.011609 0.037728 -0.093614 0.644437 0.060284 0.756507
2.776179 0.251147 0.011720 0.037728 -0.078206 0.645959 0.044875 0.758029
2.778522 0.251147 0.011720 0.037728 -0.078206 0.645959 0.044875 0.758029
2.780865 0.251147 0.011720 0.037728 -0.062767 0.647141 0.029437 0.759211
2.783207 0.251259 0.011720 0.037728 -0.062767 0.647141 0.029437 0.759211
2.785550 0.251259 0.011720 0.037728 -0.047307 0.647984 0.013976 0.760054
2.787893 0.251259 0.011720 0.037728 -0.031831 0.648488 -0.001499 0.760558
2.790236 0.251371 0.011720 0.037728 -0.024705 0.648798 -0.009854 0.760495
2.792579 0.251371 0.011720 0.037728 -0.016349 0.648651 -0.016982 0.760721
2.794921 0.251482 0.011720 0.037728 -0.009222 0.648791 -0.025338 0.760488
2.797264 0.251482 0.011720 0.037728 0.006258 0.648444 -0.040818 0.760141
2.799607 0.251482 0.011832 0.037728 0.013381 0.648336 -0.049166 0.759647
2.801950 0.251482 0.011832 0.037728 0.019401 0.639681 -0.058535 0.766163
2.804292 0.251594 0.011832 0.037728 0.034835 0.638655 -0.073970 0.765137
2.806635 0.251594 0.011832 0.037728 0.041850 0.638234 -0.082371 0.764278
2.808978 0.251594 0.011832 0.037728 0.057242 0.636700 -0.097763 0.762744
2.811321 0.251594 0.011832 0.037728 0.064233 0.636033 -0.106137 0.761624
2.813663 0.251594 0.011832 0.037728 0.071217 0.635289 -0.114498 0.760412
2.816006 0.251706 0.011832 0.037728 0.086527 0.633080 -0.129808 0.758204
2.818349 0.251706 0.011832 0.037728 0.093477 0.632091 -0.138130 0.756732
2.820692 0.251706 0.011832 0.037728 0.100415 0.631026 -0.146435 0.755169
2.823034 0.251706 0.011832 0.037728 0.104432 0.621910 -0.157346 0.759976
2.825377 0.251706 0.011832 0.037728 0.119581 0.618868 -0.172495 0.756934
2.827720 0.251817 0.011943 0.037728 0.126373 0.617517 -0.180800 0.754993
2.830063 0.251817 0.011943 0.037728 0.133149 0.616091 -0.189083 0.752961
2.832406 0.251817 0.011943 0.037728 0.136706 0.606646 -0.200139 0.757124
2.834748 0.251929 0.011943 0.037728 0.151647 0.602781 -0.215079 0.753259
2.837091 0.251929 0.011943 0.037728 0.158260 0.601079 -0.223342 0.750850
2.839434 0.251929 0.011943 0.037728 0.167925 0.589555 -0.242738 0.751867
2.841777 0.252040 0.011943 0.037728 0.182611 0.584882 -0.257424 0.747194
2.844119 0.252040 0.011943 0.037728 0.185394 0.574914 -0.268586 0.750310
2.846462 0.252152 0.011943 0.037616 0.199897 0.569767 -0.283089 0.745163
2.848805 0.252152 0.011943 0.037616 0.208515 0.557332 -0.302435 0.744604
2.851148 0.252152 0.011943 0.037616 0.222756 0.551562 -0.316675 0.738834
2.853490 0.252264 0.011943 0.037616 0.234821 0.546535 -0.332832 0.731698
2.855833 0.252264 0.011943 0.037616 0.244695 0.532281 -0.349888 0.731013
2.858176 0.252264 0.011943 0.037616 0.250528 0.529560 -0.357898 0.727125
2.860519 0.252375 0.011943 0.037616 0.264259 0.522725 -0.371630 0.720289
2.862862 0.252375 0.012055 0.037616 0.277838 0.515589 -0.385208 0.713154
2.865204 0.252375 0.012055 0.037616 0.283485 0.512506 -0.393020 0.708879
2.867547 0.252375 0.012055 0.037616 0.296821 0.504927 -0.406356 0.701300
2.869890 0.252375 0.012055 0.037616 0.302350 0.501635 -0.414036 0.696793
2.872233 0.252487 0.012055 0.037616 0.309987 0.497057 -0.419522 0.693429
2.874575 0.252487 0.012055 0.037616 0.319877 0.501294 -0.423936 0.683126
2.876918 0.252487 0.012167 0.037616 0.327362 0.496606 -0.429418 0.679571
2.879261 0.252487 0.012167 0.037616 0.327362 0.496606 -0.429418 0.679571
2.881604 0.252487 0.012167 0.037616 0.334808 0.491858 -0.434848 0.675934
2.883946 0.252487 0.012167 0.037728 0.340192 0.488151 -0.442247 0.671115
2.886289 0.252487 0.012167 0.037728 0.351846 0.490930 -0.444542 0.661494
2.888632 0.252487 0.012278 0.037728 0.351846 0.490930 -0.444542 0.661494
2.890975 0.252487 0.012278 0.037728 0.351846 0.490930 -0.444542 0.661494
2.893318 0.252599 0.012278 0.037728 0.359092 0.486017 -0.449909 0.657589
2.895660 0.252599 0.012278 0.037728 0.364410 0.482043 -0.457106 0.652606
2.898003 0.252599 0.012278 0.037728 0.364410 0.482043 -0.457106 0.652606
2.900346 0.252599 0.012278 0.037728 0.371557 0.476992 -0.462374 0.648563
2.902689 0.252599 0.012278 0.037728 0.376775 0.472881 -0.469471 0.643444
2.905031 0.252599 0.012278 0.037728 0.376775 0.472881 -0.469471 0.643444
2.907374 0.252710 0.012278 0.037728 0.377523 0.461122 -0.479578 0.644087
2.909717 0.252710 0.012278 0.037728 0.384576 0.455825 -0.484615 0.639901
2.912060 0.252710 0.012390 0.037728 0.389560 0.451573 -0.491616 0.634538
2.914402 0.252710 0.012390 0.037728 0.389560 0.451573 -0.491616 0.634538
2.916745 0.252710 0.012390 0.037728 0.401385 0.441762 -0.503441 0.624727
2.919088 0.252822 0.012390 0.037728 0.406214 0.437325 -0.510274 0.619158
2.921431 0.252822 0.012390 0.037728 0.406214 0.437325 -0.510274 0.619158
2.923773 0.252822 0.012390 0.037728 0.422273 0.434625 -0.518695 0.603110
2.926116 0.252822 0.012390 0.037728 0.427023 0.429959 -0.525289 0.597376
2.928459 0.252822 0.012390 0.037728 0.438194 0.419374 -0.536460 0.586790
2.930802 0.252933 0.012390 0.037728 0.449129 0.408545 -0.547396 0.575962
2.933145 0.252933 0.012390 0.037728 0.458298 0.410896 -0.550456 0.564027
2.935487 0.252933 0.012390 0.037728 0.468886 0.399697 -0.561044 0.552828
2.937830 0.253045 0.012390 0.037728 0.479225 0.388268 -0.571384 0.541398
2.940173 0.253045 0.012502 0.037728 0.489311 0.376614 -0.581470 0.529745
2.942516 0.253045 0.012502 0.037728 0.498192 0.378378 -0.583929 0.517361
2.944858 0.253045 0.012502 0.037840 0.507901 0.366382 -0.593639 0.505365
2.947201 0.253157 0.012502 0.037840 0.517345 0.354176 -0.603082 0.493159
2.949544 0.253157 0.012502 0.037840 0.526518 0.341765 -0.612255 0.480748
2.951887 0.253157 0.012502 0.037840 0.530241 0.335960 -0.617500 0.473993
2.954229 0.253157 0.012613 0.037840 0.543835 0.330258 -0.622842 0.455237
2.956572 0.253268 0.012613 0.037840 0.552323 0.317347 -0.631331 0.442326
2.958915 0.253268 0.012613 0.037840 0.555776 0.311260 -0.636152 0.435363
2.961258 0.253268 0.012613 0.037840 0.563834 0.298076 -0.644210 0.422180
2.963601 0.253380 0.012725 0.037840 0.567075 0.291863 -0.648809 0.415077
2.965943 0.253380 0.012725 0.037840 0.574694 0.278421 -0.656429 0.401634
2.968286 0.253380 0.012725 0.037840 0.577718 0.272090 -0.660801 0.394399
2.970629 0.253380 0.012725 0.037840 0.584890 0.258404 -0.667973 0.380712
2.972972 0.253491 0.012836 0.037840 0.587694 0.251963 -0.672116 0.373351
2.975314 0.253491 0.012836 0.037840 0.599522 0.244721 -0.675116 0.353417
2.977657 0.253491 0.012836 0.037840 0.605939 0.230647 -0.681533 0.339342
2.980000 0.253491 0.012948 0.037840 0.610860 0.217278 -0.688824 0.324286
2.982343 0.253603 0.012948 0.037840 0.618845 0.196148 -0.697980 0.302293
2.984685 0.253603 0.012948 0.037840 0.626119 0.174754 -0.706416 0.280023
2.987028 0.253603 0.012948 0.037840 0.632674 0.153119 -0.714123 0.257500
2.989371 0.253715 0.012948 0.037840 0.632938 0.125026 -0.725172 0.240589
2.991714 0.253715 0.013060 0.037840 0.637961 0.103060 -0.731460 0.217603
2.994057 0.253715 0.013060 0.037840 0.643097 0.073866 -0.739089 0.186327
2.996399 0.253826 0.013060 0.037840 0.646394 0.051552 -0.743616 0.162952
2.998742 0.253826 0.013060 0.037840 0.643169 0.016200 -0.753223 0.136846
3.001085 0.253826 0.013060 0.037728 0.644652 -0.006241 -0.756024 0.113189
3.003428 0.253938 0.013060 0.037728 0.645027 -0.035821 -0.758996 0.081133
3.005770 0.253938 0.013171 0.037728 0.644753 -0.058337 -0.760000 0.057357
3.008113 0.254050 0.013171 0.037728 0.642796 -0.087913 -0.760558 0.025222
3.010456 0.254161 0.013171 0.037728 0.634095 -0.107171 -0.765668 0.013787
3.012799 0.254161 0.013171 0.037728 0.632900 -0.122537 -0.764473 -0.001579
3.015141 0.254273 0.013171 0.037728 0.630055 -0.136413 -0.764254 -0.018375
3.017484 0.254273 0.013283 0.037728 0.628187 -0.151711 -0.762385 -0.033673
3.019827 0.254273 0.013283 0.037728 0.626482 -0.158603 -0.761969 -0.042047
3.022170 0.254384 0.013283 0.037728 0.624702 -0.165476 -0.761461 -0.050415
3.024512 0.254384 0.013283 0.037728 0.615890 -0.177053 -0.765798 -0.053716
3.026855 0.254384 0.013395 0.037728 0.615890 -0.177053 -0.765798 -0.053716
3.029198 0.254496 0.013395 0.037728 0.613188 -0.192204 -0.763096 -0.068867
3.031541 0.254496 0.013395 0.037616 0.606161 -0.196882 -0.767945 -0.063775
3.033884 0.254496 0.013395 0.037616 0.603961 -0.203530 -0.767198 -0.072208
3.036226 0.254496 0.013395 0.037616 0.603961 -0.203530 -0.767198 -0.072208
3.038569 0.254496 0.013395 0.037616 0.603961 -0.203530 -0.767198 -0.072208
3.040912 0.254608 0.013395 0.037616 0.601689 -0.210153 -0.766358 -0.080632
3.043255 0.254608 0.013395 0.037616 0.594488 -0.214650 -0.771225 -0.075639
3.045597 0.254608 0.013395 0.037616 0.591135 -0.229618 -0.767871 -0.090606
3.047940 0.254608 0.013395 0.037616 0.591135 -0.229618 -0.767871 -0.090606
3.050283 0.254608 0.013395 0.037616 0.591135 -0.229618 -0.767871 -0.090606
3.052626 0.254608 0.013395 0.037616 0.591135 -0.229618 -0.767871 -0.090606
3.054968 0.254608 0.013395 0.037616 0.587453 -0.244509 -0.764189 -0.105497
3.057311 0.254608 0.013395 0.037616 0.587453 -0.244509 -0.764189 -0.105497
3.059654 0.254608 0.013395 0.037616 0.587453 -0.244509 -0.764189 -0.105497
3.061997 0.254608 0.013395 0.037616 0.583445 -0.259315 -0.760181 -0.120303
3.064340 0.254608 0.013395 0.037616 0.583445 -0.259315 -0.760181 -0.120303
3.066682 0.254719 0.013395 0.037616 0.583445 -0.259315 -0.760181 -0.120303
3.069025 0.254719 0.013395 0.037616 0.582088 -0.267651 -0.757286 -0.126706
3.071368 0.254719 0.013395 0.037616 0.579112 -0.274030 -0.755849 -0.135018
3.073711 0.254719 0.013395 0.037616 0.579112 -0.274030 -0.755849 -0.135018
3.076053 0.254719 0.013395 0.037728 0.579112 -0.274030 -0.755849 -0.135018
3.078396 0.254719 0.013395 0.037728 0.574457 -0.288645 -0.751194 -0.149633
3.080739 0.254719 0.013395 0.037728 0.574457 -0.288645 -0.751194 -0.149633
3.083082 0.254719 0.013395 0.037728 0.574457 -0.288645 -0.751194 -0.149633
3.085424 0.254719 0.013395 0.037728 0.571252 -0.294939 -0.749505 -0.157877
3.087767 0.254719 0.013283 0.037728 0.569483 -0.303155 -0.746219 -0.164143
3.090110 0.254719 0.013283 0.037728 0.569483 -0.303155 -0.746219 -0.164143
3.092453 0.254719 0.013283 0.037728 0.558844 -0.313624 -0.749247 -0.167220
3.094795 0.254831 0.013283 0.037728 0.556974 -0.321836 -0.745756 -0.173349
3.097138 0.254831 0.013283 0.037728 0.553404 -0.327936 -0.743806 -0.181532
3.099481 0.254831 0.013283 0.037728 0.553404 -0.327936 -0.743806 -0.181532
3.101824 0.254831 0.013283 0.037616 0.547651 -0.342125 -0.738053 -0.195721
3.104167 0.254831 0.013283 0.037616 0.547651 -0.342125 -0.738053 -0.195721
3.106509 0.254831 0.013283 0.037616 0.534280 -0.360293 -0.736809 -0.204565
3.108852 0.254831 0.013283 0.037616 0.527922 -0.374188 -0.730450 -0.218460
3.111195 0.254831 0.013283 0.037616 0.523779 -0.379965 -0.728006 -0.226472
3.113538 0.254831 0.013283 0.037616 0.509578 -0.397571 -0.726008 -0.234906
3.115880 0.254943 0.013283 0.037616 0.502480 -0.411068 -0.718911 -0.248403
3.118223 0.254943 0.013395 0.037505 0.490458 -0.420331 -0.720939 -0.251036
3.120566 0.254943 0.013395 0.037505 0.482937 -0.433558 -0.713418 -0.264263
3.122909 0.254943 0.013395 0.037505 0.462652 -0.455382 -0.707326 -0.279767
3.125251 0.255054 0.013395 0.037505 0.454435 -0.468146 -0.699109 -0.292531
3.127594 0.255054 0.013395 0.037505 0.438761 -0.482867 -0.689090 -0.315410
3.129937 0.255054 0.013395 0.037505 0.424390 -0.499853 -0.676543 -0.335156
3.132280 0.255166 0.013395 0.037505 0.409436 -0.516376 -0.663383 -0.354459
3.134623 0.255166 0.013506 0.037505 0.388041 -0.536711 -0.645485 -0.380413
3.136965 0.255166 0.013506 0.037505 0.376156 -0.545107 -0.636971 -0.394503
3.139308 0.255277 0.013506 0.037505 0.353405 -0.564024 -0.617466 -0.419187
3.141651 0.255277 0.013506 0.037505 0.343951 -0.575902 -0.596182 -0.441137
3.143994 0.255277 0.013506 0.037505 0.324786 -0.586923 -0.581322 -0.460543
3.146336 0.255277 0.013506 0.037505 0.306595 -0.600156 -0.564504 -0.476601
3.148679 0.255389 0.013506 0.037505 0.301210 -0.604818 -0.547892 -0.493237
3.151022 0.255389 0.013506 0.037505 0.282282 -0.617151 -0.530174 -0.508288
3.153365 0.255389 0.013618 0.037505 0.262927 -0.628867 -0.512001 -0.522733
3.155707 0.255389 0.013618 0.037505 0.256914 -0.632871 -0.494087 -0.537910
3.158050 0.255389 0.013618 0.037505 0.243961 -0.640980 -0.481135 -0.546019
3.160393 0.255389 0.013618 0.037505 0.229820 -0.646186 -0.469022 -0.556458
3.162736 0.255389 0.013618 0.037505 0.216524 -0.653717 -0.455726 -0.563990
3.165079 0.255389 0.013618 0.037505 0.203065 -0.660955 -0.442268 -0.571228
3.167421 0.255389 0.013618 0.037505 0.187960 -0.664461 -0.442485 -0.572163
3.169764 0.255389 0.013618 0.037505 0.181663 -0.669282 -0.435158 -0.574193
3.172107 0.255389 0.013618 0.037505 0.174299 -0.671237 -0.428824 -0.578939
3.174450 0.255501 0.013618 0.037505 0.166914 -0.673112 -0.422438 -0.583615
3.176792 0.255501 0.013618 0.037505 0.160492 -0.677712 -0.415017 -0.585414
3.179135 0.255501 0.013618 0.037505 0.153037 -0.679434 -0.408561 -0.589938
3.181478 0.255501 0.013618 0.037505 0.145230 -0.680554 -0.415131 -0.586022
3.183821 0.255501 0.013618 0.037505 0.137745 -0.682108 -0.408667 -0.590547
3.186163 0.255501 0.013618 0.037505 0.131249 -0.686557 -0.401149 -0.592025
3.188506 0.255612 0.013618 0.037505 0.123698 -0.687957 -0.394621 -0.596396
3.190849 0.255612 0.013618 0.037505 0.131486 -0.686937 -0.387977 -0.600253
3.193192 0.255612 0.013618 0.037505 0.123931 -0.688340 -0.381360 -0.604479
3.195534 0.255612 0.013618 0.037505 0.116362 -0.689660 -0.374696 -0.608632
3.197877 0.255612 0.013618 0.037505 0.116362 -0.689660 -0.374696 -0.608632
3.200220 0.255724 0.013618 0.037505 0.102040 -0.694897 -0.360374 -0.613870
3.202563 0.255724 0.013618 0.037505 0.094400 -0.695976 -0.353608 -0.617792
3.204906 0.255724 0.013618 0.037616 0.086748 -0.696972 -0.346800 -0.621639
3.207248 0.255724 0.013618 0.037616 0.086876 -0.697217 -0.333032 -0.628833
3.209591 0.255836 0.013618 0.037616 0.079211 -0.698130 -0.326103 -0.632453
3.211934 0.255836 0.013618 0.037616 0.064545 -0.702422 -0.311437 -0.636745
3.214277 0.255836 0.013618 0.037616 0.056825 -0.703088 -0.304423 -0.640128
3.216619 0.255947 0.013618 0.037616 0.041363 -0.704167 -0.290285 -0.646662
3.218962 0.255947 0.013618 0.037616 0.018708 -0.707896 -0.268247 -0.653129
3.221305 0.256059 0.013729 0.037616 0.003722 -0.710884 -0.253261 -0.656117
3.223648 0.256059 0.013729 0.037616 -0.019164 -0.713374 -0.230961 -0.661352
3.225990 0.256170 0.013729 0.037616 -0.042151 -0.715115 -0.208531 -0.665844
3.228333 0.256170 0.013729 0.037616 -0.080706 -0.715209 -0.186038 -0.668844
3.230676 0.256282 0.013729 0.037616 -0.103785 -0.715102 -0.163452 -0.671670
3.233019 0.256282 0.013841 0.037616 -0.134720 -0.712803 -0.133407 -0.675252
3.235362 0.256394 0.013841 0.037616 -0.157788 -0.710930 -0.110735 -0.676328
3.237704 0.256505 0.013841 0.037616 -0.203446 -0.706483 -0.080569 -0.673052
3.240047 0.256505 0.013841 0.037616 -0.226318 -0.702523 -0.058048 -0.672214
3.242390 0.256617 0.013953 0.037616 -0.249081 -0.697814 -0.035601 -0.670631
3.244733 0.256617 0.013953 0.037616 -0.279301 -0.689334 -0.005909 -0.668412
3.247075 0.256729 0.013953 0.037505 -0.301704 -0.682893 0.016281 -0.665106
3.249418 0.256729 0.013953 0.037505 -0.323917 -0.675720 0.038316 -0.661069
3.251761 0.256840 0.014064 0.037505 -0.353036 -0.666583 0.052106 -0.654460
3.254104 0.256840 0.014064 0.037505 -0.367597 -0.658666 0.066472 -0.653157
3.256446 0.256952 0.014064 0.037505 -0.389114 -0.649503 0.087947 -0.647303
3.258789 0.256952 0.014064 0.037505 -0.410250 -0.639108 0.093947 -0.643747
3.261132 0.257063 0.014064 0.037393 -0.424282 -0.633414 0.107979 -0.638053
3.263475 0.257063 0.014176 0.037393 -0.438096 -0.623939 0.121972 -0.635527
3.265818 0.257063 0.014176 0.037393 -0.458623 -0.612633 0.142644 -0.627693
3.268160 0.257175 0.014176 0.037393 -0.478918 -0.603934 0.147833 -0.619715
3.270503 0.257175 0.014176 0.037393 -0.492071 -0.593266 0.161413 -0.616317
3.272846 0.257175 0.014176 0.037393 -0.518266 -0.578140 0.172846 -0.606036
3.275189 0.257287 0.014176 0.037393 -0.524586 -0.572411 0.179493 -0.604100
3.277531 0.257287 0.014176 0.037281 -0.550023 -0.556191 0.190336 -0.593210
3.279874 0.257398 0.014287 0.037281 -0.556101 -0.550115 0.196842 -0.591083
3.282217 0.257398 0.014287 0.037281 -0.580733 -0.532841 0.207063 -0.579616
3.284560 0.257398 0.014287 0.037281 -0.592299 -0.519953 0.219748 -0.574927
3.286902 0.257510 0.014287 0.037281 -0.615878 -0.501406 0.229185 -0.562815
3.289245 0.257510 0.014287 0.037170 -0.632834 -0.485072 0.246839 -0.550725
3.291588 0.257510 0.014287 0.037170 -0.655149 -0.465225 0.255232 -0.537775
3.293931 0.257621 0.014287 0.037170 -0.675802 -0.440185 0.263971 -0.529006
3.296273 0.257621 0.014399 0.037170 -0.696541 -0.418902 0.271272 -0.515523
3.298616 0.257733 0.014399 0.037058 -0.715486 -0.392532 0.292443 -0.498473
3.300959 0.257733 0.014399 0.037058 -0.733356 -0.365328 0.312743 -0.480538
3.303302 0.257845 0.014399 0.037058 -0.753775 -0.329073 0.337187 -0.458082
3.305645 0.257845 0.014399 0.037058 -0.774032 -0.296495 0.346385 -0.439298
3.307987 0.257956 0.014399 0.037058 -0.790917 -0.258175 0.368208 -0.414993
3.310330 0.257956 0.014511 0.037058 -0.805824 -0.218925 0.388512 -0.389587
3.312673 0.257956 0.014511 0.037058 -0.818703 -0.178850 0.407241 -0.363171
3.315016 0.258068 0.014511 0.037058 -0.823547 -0.151211 0.429563 -0.338202
3.317358 0.258068 0.014622 0.037058 -0.831833 -0.109133 0.455285 -0.298094
3.319701 0.258068 0.014622 0.037170 -0.838825 -0.067339 0.468709 -0.268606
3.322044 0.258180 0.014622 0.037170 -0.839096 -0.038574 0.486384 -0.240542
3.324387 0.258180 0.014622 0.037170 -0.840378 -0.004153 0.502759 -0.202435
3.326729 0.258180 0.014622 0.037281 -0.837784 0.024979 0.517327 -0.172819
3.329072 0.258291 0.014734 0.037281 -0.833896 0.054103 0.530449 -0.142531
3.331415 0.258291 0.014734 0.037281 -0.829570 0.074047 0.540835 -0.117591
3.333758 0.258403 0.014734 0.037393 -0.824479 0.093981 0.550341 -0.092338
3.336101 0.258403 0.014734 0.037393 -0.823047 0.118133 0.550973 -0.071187
3.338443 0.258403 0.014734 0.037393 -0.816468 0.137980 0.558809 -0.045543
3.340786 0.258514 0.014846 0.037393 -0.813556 0.162025 0.557928 -0.024318
3.343129 0.258514 0.014846 0.037505 -0.807335 0.166608 0.565924 -0.013466
3.345472 0.258626 0.014846 0.037505 -0.798998 0.186135 0.571661 0.012640
3.347814 0.258626 0.014846 0.037505 -0.796905 0.194902 0.571488 0.018919
3.350157 0.258738 0.014846 0.037505 -0.794391 0.209908 0.568974 0.033926
3.352500 0.258738 0.014846 0.037616 -0.787043 0.220471 0.573633 0.053863
3.354843 0.258849 0.014846 0.037616 -0.784573 0.229104 0.573007 0.060161
3.357185 0.258849 0.014846 0.037616 -0.781232 0.243983 0.569665 0.075040
3.359528 0.258849 0.014846 0.037616 -0.773995 0.248071 0.576121 0.086470
3.361871 0.258849 0.014846 0.037616 -0.771223 0.256559 0.575137 0.092794
3.364214 0.258961 0.014846 0.037616 -0.767223 0.271307 0.571136 0.107542
3.366556 0.258961 0.014846 0.037616 -0.759686 0.275138 0.577042 0.119162
3.368899 0.258961 0.014846 0.037728 -0.758331 0.281461 0.573985 0.127501
3.371242 0.258961 0.014846 0.037728 -0.755193 0.289775 0.572549 0.133799
3.373585 0.258961 0.014846 0.037728 -0.747404 0.293415 0.578029 0.145523
3.375928 0.259073 0.014846 0.037728 -0.745760 0.299748 0.574771 0.153725
3.378270 0.259073 0.014846 0.037728 -0.742422 0.307923 0.573047 0.160030
3.380613 0.259073 0.014846 0.037728 -0.738994 0.316061 0.571255 0.166316
3.382956 0.259073 0.014846 0.037728 -0.737123 0.322317 0.567748 0.174425
3.385299 0.259073 0.014846 0.037728 -0.728921 0.325721 0.572634 0.186200
3.387641 0.259073 0.014846 0.037728 -0.725299 0.333709 0.570554 0.192480
3.389984 0.259073 0.014846 0.037728 -0.725299 0.333709 0.570554 0.192480
3.392327 0.259073 0.014846 0.037728 -0.721589 0.341657 0.568405 0.198737
3.394670 0.259073 0.014846 0.037728 -0.717792 0.349564 0.566187 0.204969
3.397012 0.259073 0.014846 0.037728 -0.711545 0.363602 0.559940 0.219007
3.399355 0.259073 0.014846 0.037728 -0.707507 0.371397 0.557501 0.225146
3.401698 0.259073 0.014846 0.037728 -0.703384 0.379148 0.554994 0.231257
3.404041 0.259073 0.014846 0.037728 -0.699177 0.386852 0.552419 0.237340
3.406384 0.259073 0.014846 0.037616 -0.694884 0.394510 0.549779 0.243395
3.408726 0.259073 0.014846 0.037616 -0.687727 0.408106 0.542621 0.256991
3.411069 0.259073 0.014846 0.037616 -0.683202 0.415637 0.539765 0.262937
3.413412 0.259184 0.014846 0.037616 -0.673905 0.430547 0.533857 0.274732
3.415755 0.259184 0.014957 0.037616 -0.666011 0.443730 0.525964 0.287915
3.418097 0.259184 0.014957 0.037616 -0.656101 0.458256 0.519511 0.299401
3.420440 0.259296 0.014957 0.037616 -0.642422 0.478165 0.507585 0.317820
3.422783 0.259296 0.014957 0.037616 -0.631761 0.492165 0.500480 0.328895
3.425126 0.259296 0.014957 0.037616 -0.617024 0.511313 0.487545 0.346612
3.427468 0.259407 0.014957 0.037616 -0.605440 0.535310 0.468423 0.357023
3.429811 0.259407 0.014957 0.037505 -0.583346 0.559951 0.450279 0.378696
3.432154 0.259519 0.015069 0.037505 -0.560222 0.583642 0.431169 0.399508
3.434497 0.259519 0.015069 0.037505 -0.542739 0.600413 0.415717 0.414872
3.436840 0.259631 0.015069 0.037505 -0.517921 0.622349 0.395006 0.434062
3.439182 0.259631 0.015069 0.037505 -0.502544 0.643242 0.373469 0.440692
3.441525 0.259742 0.015180 0.037393 -0.479231 0.668798 0.346702 0.450383
3.443868 0.259742 0.015180 0.037393 -0.454842 0.693241 0.319514 0.458745
3.446211 0.259854 0.015292 0.037281 -0.431751 0.707853 0.304223 0.469025
3.448553 0.259854 0.015292 0.037281 -0.413590 0.725788 0.281667 0.472058
3.450896 0.259966 0.015292 0.037281 -0.384140 0.741900 0.257823 0.485333
3.453239 0.260077 0.015404 0.037281 -0.367747 0.750161 0.247098 0.490880
3.455582 0.260077 0.015404 0.037170 -0.353547 0.763558 0.232515 0.487772
3.457924 0.260077 0.015515 0.037170 -0.322733 0.777123 0.207790 0.498745
3.460267 0.260189 0.015515 0.037170 -0.305581 0.784026 0.196782 0.503190
3.462610 0.260189 0.015515 0.037170 -0.288282 0.790551 0.185679 0.507392
3.464953 0.260300 0.015627 0.037170 -0.262074 0.799621 0.168858 0.513235
3.467295 0.260300 0.015627 0.037170 -0.235582 0.807823 0.151854 0.518520
3.469638 0.260412 0.015627 0.037170 -0.207364 0.809344 0.136957 0.532170
3.471981 0.260412 0.015627 0.037170 -0.179281 0.809791 0.121308 0.545327
3.474324 0.260412 0.015627 0.037170 -0.151377 0.809174 0.104926 0.557955
3.476667 0.260412 0.015627 0.037170 -0.124630 0.813723 0.086483 0.561109
3.479009 0.260524 0.015627 0.037170 -0.088101 0.812160 0.062705 0.573325
3.481352 0.260524 0.015627 0.037170 -0.045520 0.809242 0.029126 0.584985
3.483695 0.260524 0.015515 0.037281 -0.018546 0.803825 0.010165 0.594490
3.486038 0.260635 0.015515 0.037281 0.016781 0.797283 -0.016018 0.603159
3.488380 0.260635 0.015515 0.037281 0.058195 0.788587 -0.051604 0.609985
3.490723 0.260635 0.015404 0.037281 0.092783 0.785269 -0.078352 0.607129
3.493066 0.260747 0.015404 0.037281 0.133099 0.772498 -0.114557 0.610253
3.495409 0.260747 0.015404 0.037281 0.166907 0.765905 -0.141255 0.604631
3.497751 0.260747 0.015404 0.037281 0.197476 0.751401 -0.171047 0.605924
3.500094 0.260859 0.015292 0.037393 0.236849 0.739785 -0.205640 0.595258
3.502437 0.260859 0.015292 0.037393 0.259485 0.724803 -0.227290 0.596379
3.504780 0.260859 0.015292 0.037393 0.289677 0.713104 -0.254669 0.585418
3.507123 0.260970 0.015292 0.037393 0.311013 0.696402 -0.276398 0.584722
3.509465 0.260970 0.015292 0.037393 0.340093 0.682487 -0.303032 0.571594
3.511808 0.261082 0.015292 0.037393 0.355006 0.674850 -0.315518 0.564799
3.514151 0.261082 0.015292 0.037393 0.380649 0.652359 -0.344303 0.557664
3.516494 0.261193 0.015292 0.037393 0.400908 0.639884 -0.363524 0.545593
3.518836 0.261193 0.015292 0.037505 0.407913 0.635441 -0.369496 0.541567
3.521179 0.261193 0.015292 0.037505 0.424893 0.615377 -0.391475 0.536213
3.523522 0.261305 0.015292 0.037505 0.444079 0.601427 -0.409794 0.522635
3.525865 0.261305 0.015292 0.037505 0.454203 0.584819 -0.424696 0.520885
3.528207 0.261417 0.015404 0.037505 0.472532 0.569873 -0.442325 0.506267
3.530550 0.261417 0.015404 0.037505 0.484939 0.559354 -0.453341 0.496427
3.532893 0.261528 0.015404 0.037505 0.496424 0.548919 -0.464826 0.485992
3.535236 0.261528 0.015404 0.037505 0.513559 0.532624 -0.481272 0.470048
3.537578 0.261528 0.015515 0.037505 0.526769 0.509160 -0.501064 0.460657
3.539921 0.261640 0.015515 0.037505 0.537828 0.497464 -0.511064 0.449537
3.542264 0.261640 0.015515 0.037505 0.553409 0.479776 -0.526120 0.432147
3.544607 0.261751 0.015515 0.037393 0.573439 0.455318 -0.545110 0.408299
3.546950 0.261751 0.015515 0.037393 0.591421 0.442898 -0.554421 0.382988
3.549292 0.261751 0.015627 0.037393 0.601009 0.429797 -0.562702 0.370714
3.551635 0.261863 0.015627 0.037393 0.618675 0.403421 -0.579079 0.345194
3.553978 0.261863 0.015627 0.037281 0.627389 0.389731 -0.586524 0.332388
3.556321 0.261975 0.015739 0.037281 0.643290 0.362263 -0.601175 0.305831
3.558663 0.261975 0.015739 0.037281 0.662367 0.340062 -0.609473 0.272343
3.561006 0.262086 0.015739 0.037281 0.676667 0.310635 -0.620849 0.245306
3.563349 0.262086 0.015739 0.037281 0.686536 0.288168 -0.628595 0.224714
3.565692 0.262198 0.015739 0.037281 0.698533 0.257729 -0.637860 0.196882
3.568034 0.262198 0.015850 0.037170 0.703350 0.222231 -0.652548 0.173473
3.570377 0.262310 0.015850 0.037170 0.712434 0.191117 -0.659539 0.144638
3.572720 0.262310 0.015850 0.037170 0.718345 0.167536 -0.663947 0.122826
3.575063 0.262421 0.015850 0.037170 0.726460 0.127844 -0.669689 0.086187
3.577406 0.262533 0.015850 0.037170 0.731375 0.095806 -0.672829 0.056684
3.579748 0.262533 0.015850 0.037170 0.735532 0.055506 -0.674926 0.019657
3.582091 0.262533 0.015850 0.037170 0.730758 0.019489 -0.682329 -0.006355
3.584434 0.262644 0.015850 0.037170 0.724163 -0.015993 -0.688654 -0.032982
3.586777 0.262644 0.015739 0.037170 0.722762 -0.047791 -0.686540 -0.063204
3.589119 0.262756 0.015739 0.037170 0.711917 -0.090068 -0.689509 -0.098181
3.591462 0.262756 0.015739 0.037281 0.707273 -0.121257 -0.684530 -0.128378
3.593805 0.262868 0.015739 0.037281 0.695494 -0.146591 -0.687500 -0.148808
3.596148 0.262868 0.015739 0.037281 0.680815 -0.178749 -0.687871 -0.177123
3.598490 0.262979 0.015739 0.037281 0.672320 -0.208564 -0.679411 -0.207093
3.600833 0.262979 0.015739 0.037281 0.657351 -0.231905 -0.679793 -0.228016
3.603176 0.262979 0.015739 0.037281 0.641503 -0.254455 -0.679446 -0.249160
3.605519 0.262979 0.015739 0.037281 0.627811 -0.269296 -0.681284 -0.263029
3.607862 0.263091 0.015850 0.037393 0.618652 -0.290427 -0.672191 -0.284747
3.610204 0.263091 0.015850 0.037393 0.604082 -0.304454 -0.673200 -0.298654
3.612547 0.263203 0.015850 0.037393 0.597247 -0.317652 -0.666476 -0.313373
3.614890 0.263203 0.015850 0.037393 0.578366 -0.338114 -0.663132 -0.333808
3.617233 0.263203 0.015850 0.037393 0.566426 -0.344509 -0.666725 -0.340518
3.619575 0.263203 0.015962 0.037393 0.562607 -0.350711 -0.662944 -0.347822
3.621918 0.263314 0.015962 0.037393 0.558720 -0.356871 -0.659083 -0.355084
3.624261 0.263314 0.015962 0.037393 0.538404 -0.375927 -0.654271 -0.375138
3.626604 0.263314 0.015962 0.037505 0.534241 -0.381820 -0.650111 -0.382304
3.628946 0.263426 0.016073 0.037505 0.530014 -0.387666 -0.645871 -0.389423
3.631289 0.263426 0.016073 0.037505 0.525724 -0.393465 -0.641554 -0.396495
3.633632 0.263426 0.016073 0.037505 0.508615 -0.405598 -0.639917 -0.409032
3.635975 0.263426 0.016073 0.037505 0.504128 -0.411161 -0.635385 -0.416038
3.638317 0.263537 0.016073 0.037505 0.499581 -0.416674 -0.630776 -0.422993
3.640660 0.263537 0.016185 0.037505 0.494973 -0.422138 -0.626091 -0.429897
3.643003 0.263537 0.016185 0.037505 0.490305 -0.427550 -0.621330 -0.436750
3.645346 0.263537 0.016185 0.037505 0.475817 -0.444912 -0.606733 -0.455550
3.647689 0.263649 0.016185 0.037505 0.470901 -0.450112 -0.601692 -0.462188
3.650031 0.263649 0.016185 0.037505 0.460898 -0.460350 -0.591392 -0.475296
3.652374 0.263649 0.016297 0.037505 0.442453 -0.468797 -0.587906 -0.488703
3.654717 0.263649 0.016297 0.037505 0.432046 -0.478405 -0.577027 -0.501502
3.657060 0.263761 0.016297 0.037505 0.421431 -0.487782 -0.565870 -0.514059
3.659402 0.263761 0.016297 0.037505 0.405128 -0.501404 -0.548622 -0.532427
3.661745 0.263761 0.016408 0.037393 0.382317 -0.520282 -0.525095 -0.554450
3.664088 0.263872 0.016408 0.037393 0.364965 -0.532598 -0.506539 -0.571452
3.666431 0.263872 0.016408 0.037393 0.347216 -0.544336 -0.487433 -0.587834
3.668773 0.263872 0.016408 0.037393 0.322967 -0.559064 -0.461138 -0.608680
3.671116 0.263984 0.016520 0.037393 0.291174 -0.577445 -0.427635 -0.631588
3.673459 0.263984 0.016520 0.037393 0.265525 -0.589679 -0.399476 -0.649765
3.675802 0.264096 0.016520 0.037393 0.225366 -0.607322 -0.356548 -0.673234
3.678145 0.264096 0.016520 0.037281 0.190895 -0.620187 -0.319834 -0.690386
3.680487 0.264207 0.016520 0.037281 0.141912 -0.627991 -0.280869 -0.711760
3.682830 0.264207 0.016520 0.037281 0.099235 -0.637448 -0.234378 -0.727241
3.685173 0.264319 0.016520 0.037281 0.063037 -0.643375 -0.195146 -0.737572
3.687516 0.264430 0.016632 0.037281 0.020271 -0.641662 -0.161461 -0.749526
3.689858 0.264430 0.016632 0.037281 -0.016242 -0.643305 -0.121318 -0.755762
3.692201 0.264542 0.016632 0.037281 -0.052838 -0.642899 -0.080941 -0.759828
3.694544 0.264542 0.016632 0.037281 -0.089404 -0.640440 -0.040449 -0.761714
3.696887 0.264654 0.016632 0.037281 -0.131186 -0.629478 -0.005505 -0.765844
3.699229 0.264654 0.016632 0.037281 -0.158713 -0.623107 0.028145 -0.765346
3.701572 0.264654 0.016632 0.037281 -0.194309 -0.614818 0.068499 -0.761282
3.703915 0.264765 0.016632 0.037170 -0.222785 -0.607016 0.100223 -0.756210
3.706258 0.264765 0.016632 0.037170 -0.247060 -0.592182 0.120116 -0.757532
3.708601 0.264765 0.016632 0.037170 -0.281077 -0.579037 0.159650 -0.748481
3.710943 0.264765 0.016632 0.037170 -0.300005 -0.569460 0.184228 -0.742813
3.713286 0.264877 0.016632 0.037170 -0.318608 -0.559265 0.208606 -0.736339
3.715629 0.264877 0.016632 0.037170 -0.354157 -0.534326 0.242382 -0.728231
3.717972 0.264877 0.016632 0.037170 -0.371572 -0.522365 0.266247 -0.719848
3.720314 0.264988 0.016632 0.037170 -0.396368 -0.506622 0.295408 -0.706372
3.722657 0.264988 0.016632 0.037170 -0.410055 -0.489787 0.306896 -0.705534
3.725000 0.264988 0.016632 0.037170 -0.425972 -0.476008 0.329979 -0.695038
3.727343 0.265100 0.016632 0.037170 -0.448912 -0.457810 0.357754 -0.678896
3.729685 0.265100 0.016632 0.037170 -0.460813 -0.439614 0.369015 -0.676918
3.732028 0.265212 0.016632 0.037281 -0.470361 -0.429384 0.383799 -0.668647
3.734371 0.265323 0.016632 0.037281 -0.488501 -0.406231 0.399537 -0.660844
3.736714 0.265323 0.016632 0.037281 -0.497308 -0.395400 0.413959 -0.651906
3.739056 0.265435 0.016632 0.037281 -0.505876 -0.384378 0.428182 -0.642653
3.741399 0.265547 0.016632 0.037281 -0.522175 -0.359879 0.443096 -0.633629
3.743742 0.265547 0.016632 0.037281 -0.529956 -0.348319 0.456910 -0.623741
3.746085 0.265658 0.016743 0.037281 -0.537481 -0.336592 0.470504 -0.613552
3.748428 0.265770 0.016743 0.037281 -0.544746 -0.324702 0.483871 -0.603066
3.750770 0.265770 0.016743 0.037281 -0.558223 -0.307176 0.500409 -0.586192
3.753113 0.265881 0.016743 0.037281 -0.564837 -0.294837 0.513167 -0.575056
3.755456 0.265881 0.016743 0.037281 -0.571168 -0.290806 0.528101 -0.557053
3.757799 0.265993 0.016743 0.037170 -0.577420 -0.278187 0.540212 -0.545316
3.760141 0.265993 0.016743 0.037170 -0.589216 -0.259352 0.554946 -0.526874
3.762484 0.266105 0.016743 0.037170 -0.594772 -0.246344 0.566388 -0.514554
3.764827 0.266105 0.016743 0.037170 0.179612 0.621977 0.033206 0.761434
3.767170 0.266216 0.016743 0.037170 0.193234 0.617880 0.016469 0.761980
3.769512 0.266216 0.016743 0.037058 0.221849 0.611045 -0.015364 0.759718
3.771855 0.266216 0.016743 0.037058 0.235221 0.606023 -0.032052 0.759197
3.774198 0.266328 0.016743 0.037058 0.255064 0.597943 -0.057052 0.757728
3.776541 0.266328 0.016743 0.037058 0.281951 0.585099 -0.073931 0.756768
3.778884 0.266328 0.016632 0.037058 0.309343 0.574370 -0.105145 0.750567
3.781226 0.266440 0.016632 0.037058 0.328102 0.563864 -0.129821 0.746695
3.783569 0.266440 0.016632 0.037170 0.353554 0.548233 -0.146208 0.743682
3.785912 0.266440 0.016743 0.037170 0.373625 0.538515 -0.168438 0.736230
3.788255 0.266551 0.016743 0.037170 0.398126 0.521326 -0.184294 0.731950
3.790597 0.266551 0.016743 0.037170 0.427539 0.498666 -0.207819 0.724813
3.792940 0.266551 0.016743 0.037170 0.450618 0.479636 -0.222975 0.719148
3.795283 0.266663 0.016743 0.037170 0.468865 0.466969 -0.243866 0.708968
3.797626 0.266663 0.016855 0.037170 0.495648 0.441123 -0.265993 0.699279
3.799968 0.266774 0.016855 0.037170 0.516614 0.419760 -0.279933 0.691773
3.802311 0.266886 0.016855 0.037170 0.533210 0.405042 -0.299533 0.679638
3.804654 0.266886 0.016855 0.037281 0.552855 0.382423 -0.312612 0.671101
3.806997 0.266998 0.016966 0.037281 0.564409 0.362736 -0.321254 0.668327
3.809339 0.266998 0.016966 0.037281 0.583243 0.340150 -0.346861 0.651009
3.811682 0.267109 0.016966 0.037281 0.600506 0.315740 -0.358660 0.641143
3.814025 0.267109 0.016966 0.037281 0.610584 0.295780 -0.379592 0.628976
3.816368 0.267221 0.016966 0.037281 0.629105 0.263415 -0.397293 0.614001
3.818711 0.267221 0.016966 0.037281 0.637443 0.242541 -0.417311 0.600576
3.821053 0.267333 0.017078 0.037281 0.651001 0.215980 -0.427198 0.589111
3.823396 0.267333 0.017078 0.037281 0.659355 0.186571 -0.440800 0.579773
3.825739 0.267333 0.016966 0.037281 0.671312 0.159682 -0.461448 0.557591
3.828082 0.267444 0.016966 0.037281 0.677257 0.129589 -0.474193 0.547421
3.830424 0.267556 0.016966 0.037281 0.688035 0.094237 -0.498850 0.518533
3.832767 0.267556 0.016966 0.037281 0.691185 0.063617 -0.510565 0.507484
3.835110 0.267667 0.016966 0.037281 0.698252 0.035013 -0.527427 0.482741
3.837453 0.267667 0.016855 0.037281 0.704039 -0.001783 -0.538192 0.463331
3.839795 0.267779 0.016855 0.037281 0.703281 -0.032711 -0.558027 0.439240
3.842138 0.267891 0.016855 0.037281 0.705729 -0.069868 -0.566912 0.419137
3.844481 0.267891 0.016855 0.037393 0.706458 -0.107086 -0.574775 0.398852
3.846824 0.268002 0.016855 0.037393 0.705130 -0.144511 -0.590190 0.365492
3.849167 0.268114 0.016855 0.037393 0.698451 -0.175138 -0.597678 0.352525
3.851509 0.268225 0.016743 0.037393 0.693622 -0.212370 -0.610292 0.318327
3.853852 0.268337 0.016743 0.037393 0.689480 -0.241914 -0.617829 0.290486
3.856195 0.268337 0.016743 0.037281 0.684059 -0.271376 -0.624123 0.262469
3.858538 0.268449 0.016743 0.037281 0.671595 -0.315087 -0.628154 0.234738
3.860880 0.268560 0.016855 0.037281 0.660848 -0.337047 -0.635549 0.213911
3.863223 0.268560 0.016855 0.037281 0.647405 -0.372810 -0.640275 0.178683
3.865566 0.268672 0.016855 0.037281 0.632016 -0.407981 -0.643063 0.143447
3.867909 0.268784 0.016855 0.037281 0.618228 -0.428586 -0.647441 0.122179
3.870251 0.268784 0.016855 0.037170 0.604840 -0.455852 -0.646147 0.094138
3.872594 0.268895 0.016966 0.037170 0.590254 -0.482636 -0.643635 0.066314
3.874937 0.268895 0.016966 0.037170 0.574029 -0.501824 -0.645470 0.045068
3.877280 0.269007 0.017078 0.037058 0.557408 -0.527540 -0.640848 0.017651
3.879623 0.269007 0.017078 0.037058 0.535648 -0.558336 -0.633515 -0.001052
3.881965 0.269118 0.017078 0.037058 0.516958 -0.575684 -0.633136 -0.021928
3.884308 0.269118 0.017190 0.037058 0.492870 -0.604660 -0.624407 -0.039755
3.886651 0.269230 0.017190 0.037058 0.478850 -0.622154 -0.616585 -0.058729
3.888994 0.269342 0.017301 0.037058 0.452702 -0.649312 -0.606441 -0.075395
3.891336 0.269453 0.017301 0.037058 0.429986 -0.670469 -0.596297 -0.100068
3.893679 0.269453 0.017413 0.037058 0.396936 -0.699877 -0.584181 -0.106516
3.896022 0.269565 0.017413 0.037058 0.367444 -0.723188 -0.572158 -0.120909
3.898365 0.269677 0.017413 0.037170 0.332034 -0.749061 -0.559385 -0.125498
3.900707 0.269788 0.017525 0.037170 0.287031 -0.776114 -0.544990 -0.135077
3.903050 0.269900 0.017525 0.037170 0.254486 -0.794309 -0.531786 -0.146671
3.905393 0.270011 0.017525 0.037170 0.214063 -0.807668 -0.525370 -0.160736
3.907736 0.270123 0.017525 0.037170 0.180067 -0.822624 -0.511561 -0.170795
3.910078 0.270235 0.017525 0.037281 0.136297 -0.837579 -0.495485 -0.185418
3.912421 0.270346 0.017525 0.037281 0.077042 -0.852918 -0.478188 -0.194762
3.914764 0.270570 0.017525 0.037281 0.031779 -0.862132 -0.461512 -0.206698
3.917107 0.270681 0.017413 0.037281 -0.011536 -0.863906 -0.454108 -0.217529
3.919450 0.270793 0.017413 0.037281 -0.057432 -0.868287 -0.437073 -0.227480
3.921792 0.270904 0.017413 0.037281 -0.095521 -0.864925 -0.426657 -0.246461
3.924135 0.271016 0.017413 0.037281 -0.141622 -0.864759 -0.409156 -0.254416
3.926478 0.271128 0.017413 0.037281 -0.179475 -0.857702 -0.397584 -0.272145
3.928821 0.271239 0.017301 0.037281 -0.220148 -0.853171 -0.375894 -0.286947
3.931163 0.271351 0.017301 0.037281 -0.265804 -0.846260 -0.357983 -0.291618
3.933506 0.271462 0.017301 0.037170 -0.302724 -0.833766 -0.344827 -0.307063
3.935849 0.271462 0.017301 0.037170 -0.333511 -0.826962 -0.325455 -0.314614
3.938192 0.271574 0.017301 0.037170 -0.365451 -0.814576 -0.320150 -0.316883
3.940534 0.271686 0.017301 0.037170 -0.395667 -0.805443 -0.300703 -0.322934
3.942877 0.271797 0.017301 0.037170 -0.416862 -0.799733 -0.284767 -0.324902
3.945220 0.271909 0.017413 0.037170 -0.442989 -0.785561 -0.273906 -0.334110
3.947563 0.271909 0.017413 0.037170 -0.476785 -0.771962 -0.260482 -0.330000
3.949906 0.272021 0.017413 0.037170 -0.497288 -0.764036 -0.244790 -0.330200
3.952248 0.272132 0.017413 0.037170 -0.526376 -0.745561 -0.240399 -0.330567
3.954591 0.272132 0.017413 0.037170 -0.546707 -0.731964 -0.239838 -0.328356
3.956934 0.272244 0.017413 0.037170 -0.562657 -0.719776 -0.232565 -0.333547
3.959277 0.272244 0.017525 0.037170 -0.582258 -0.705125 -0.232232 -0.331426
3.961619 0.272355 0.017525 0.037170 -0.597610 -0.692162 -0.224894 -0.336448
3.963962 0.272355 0.017525 0.037170 -0.612673 -0.678865 -0.217448 -0.341308
3.966305 0.272467 0.017525 0.037170 -0.631139 -0.662791 -0.217378 -0.339292
3.968648 0.272467 0.017525 0.037170 -0.645549 -0.648764 -0.209871 -0.343986
3.970990 0.272467 0.017525 0.037170 -0.659357 -0.629393 -0.216935 -0.349360
3.973333 0.272579 0.017525 0.037170 -0.666232 -0.622111 -0.213084 -0.351722
3.975676 0.272579 0.017525 0.037170 -0.683142 -0.604363 -0.213201 -0.350154
3.978019 0.272579 0.017525 0.037170 -0.692316 -0.586915 -0.211917 -0.362381
3.980362 0.272690 0.017413 0.037170 -0.698722 -0.579274 -0.207923 -0.364688
3.982704 0.272690 0.017413 0.037170 -0.711281 -0.563782 -0.199860 -0.369168
3.985047 0.272690 0.017413 0.037170 -0.720608 -0.552598 -0.204018 -0.365700
3.987390 0.272690 0.017413 0.037170 -0.726635 -0.544648 -0.199988 -0.367920
3.989733 0.272802 0.017413 0.037170 -0.741401 -0.525049 -0.200240 -0.366813
3.992075 0.272802 0.017413 0.037170 -0.747125 -0.516872 -0.196199 -0.368991
3.994418 0.272802 0.017413 0.037170 -0.755564 -0.505004 -0.200611 -0.365853
3.996761 0.272802 0.017413 0.037170 -0.761067 -0.496673 -0.196579 -0.368035
3.999104 0.272802 0.017413 0.037170 -0.766477 -0.488282 -0.192524 -0.370173
4.001446 0.272914 0.017413 0.037170 -0.769111 -0.484533 -0.201092 -0.365044
4.003789 0.272914 0.017413 0.037170 -0.778375 -0.478191 -0.191828 -0.358702
4.006132 0.272914 0.017413 0.037281 -0.783582 -0.469611 -0.187876 -0.360788
4.008475 0.272914 0.017413 0.037281 -0.791054 -0.457181 -0.192653 -0.357916
4.010817 0.272914 0.017413 0.037281 -0.794938 -0.459270 -0.187618 -0.349204
4.013160 0.272914 0.017413 0.037281 -0.802105 -0.446734 -0.192595 -0.346359
4.015503 0.272914 0.017413 0.037281 -0.806964 -0.437895 -0.188779 -0.348454
4.017846 0.273025 0.017413 0.037281 -0.810743 -0.439942 -0.183956 -0.339568
4.020189 0.273025 0.017413 0.037281 -0.815528 -0.431009 -0.180215 -0.341568
4.022531 0.273025 0.017413 0.037281 -0.822107 -0.418226 -0.185453 -0.338872
4.024874 0.273025 0.017525 0.037281 -0.826652 -0.409169 -0.181719 -0.340889
4.027217 0.273025 0.017525 0.037281 -0.831097 -0.400063 -0.177963 -0.342865
4.029560 0.273025 0.017525 0.037281 -0.839180 -0.392798 -0.169880 -0.335600
4.031902 0.273025 0.017525 0.037281 -0.843445 -0.383555 -0.166183 -0.337446
4.034245 0.273025 0.017525 0.037281 -0.849142 -0.370427 -0.171732 -0.335038
4.036588 0.273025 0.017525 0.037281 -0.853160 -0.361076 -0.168040 -0.336905
4.038931 0.273025 0.017525 0.037281 -0.857075 -0.351681 -0.164329 -0.338731
4.041273 0.273025 0.017525 0.037281 -0.864595 -0.332765 -0.156847 -0.342259
4.043616 0.273025 0.017525 0.037281 -0.869415 -0.319290 -0.162542 -0.340222
4.045959 0.273025 0.017525 0.037170 -0.879943 -0.301797 -0.151722 -0.334064
4.048302 0.273025 0.017525 0.037281 -0.887260 -0.278457 -0.153991 -0.333945
4.050645 0.273025 0.017525 0.037281 -0.896613 -0.245076 -0.152638 -0.335745
4.052987 0.273025 0.017525 0.037281 -0.902244 -0.221285 -0.155007 -0.336097
4.055330 0.273025 0.017525 0.037281 -0.909266 -0.187365 -0.153704 -0.338386
4.057673 0.273025 0.017525 0.037281 -0.914922 -0.153208 -0.152390 -0.340915
4.060016 0.273025 0.017525 0.037281 -0.919203 -0.118871 -0.151048 -0.343686
4.062358 0.273025 0.017525 0.037281 -0.921476 -0.080298 -0.159666 -0.344879
4.064701 0.273025 0.017525 0.037281 -0.926985 -0.037346 -0.154016 -0.339976
4.067044 0.273025 0.017525 0.037393 -0.925176 0.011275 -0.159186 -0.344358
4.069387 0.273137 0.017525 0.037393 -0.920444 0.059625 -0.164159 -0.349684
4.071729 0.273137 0.017525 0.037393 -0.913735 0.113812 -0.154836 -0.357995
4.074072 0.273137 0.017525 0.037393 -0.903106 0.161082 -0.159150 -0.364859
4.076415 0.273248 0.017525 0.037393 -0.887332 0.217289 -0.158949 -0.374383
4.078758 0.273248 0.017525 0.037393 -0.869589 0.260980 -0.149462 -0.391620
4.081100 0.273248 0.017525 0.037393 -0.853933 0.302124 -0.141979 -0.399201
4.083443 0.273360 0.017525 0.037393 -0.832556 0.345313 -0.143847 -0.408556
4.085786 0.273360 0.017525 0.037393 -0.816840 0.375354 -0.139991 -0.415072
4.088129 0.273360 0.017525 0.037393 -0.799561 0.410877 -0.121621 -0.420821
4.090472 0.273360 0.017525 0.037393 -0.776663 0.440697 -0.112344 -0.435843
4.092814 0.273472 0.017525 0.037281 -0.761719 0.466051 -0.097920 -0.439309
4.095157 0.273472 0.017525 0.037281 -0.751296 0.482674 -0.088245 -0.441354
4.097500 0.273472 0.017525 0.037281 -0.736025 0.501211 -0.087749 -0.446491
4.099843 0.273472 0.017525 0.037281 -0.730475 0.509267 -0.082839 -0.447428
4.102185 0.273583 0.017636 0.037170 -0.724836 0.517262 -0.077918 -0.448311
4.104528 0.273583 0.017636 0.037170 -0.719109 0.525193 -0.072988 -0.449140
4.106871 0.273583 0.017636 0.037170 -0.722729 0.530434 -0.064812 -0.438295
4.109214 0.273583 0.017636 0.037170 -0.716858 0.538342 -0.059993 -0.438980
4.111556 0.273695 0.017636 0.037058 -0.716858 0.538342 -0.059993 -0.438980
4.113899 0.273695 0.017636 0.037058 -0.715387 0.544370 -0.046155 -0.435605
4.116242 0.273695 0.017636 0.037058 -0.720130 0.543830 -0.052133 -0.427719
4.118585 0.273695 0.017636 0.037058 -0.720130 0.543830 -0.052133 -0.427719
4.120928 0.273807 0.017748 0.036947 -0.718774 0.551155 -0.053489 -0.420395
4.123270 0.273807 0.017748 0.036947 -0.718774 0.551155 -0.053489 -0.420395
4.125613 0.273807 0.017748 0.036947 -0.723102 0.549521 -0.044479 -0.416139
4.127956 0.273807 0.017748 0.036947 -0.723102 0.549521 -0.044479 -0.416139
4.130299 0.273918 0.017748 0.036947 -0.727630 0.548999 -0.050513 -0.408170
4.132641 0.273918 0.017748 0.036947 -0.721555 0.556960 -0.046026 -0.408701
4.134984 0.273918 0.017748 0.036947 -0.721555 0.556960 -0.046026 -0.408701
4.137327 0.273918 0.017748 0.036947 -0.721555 0.556960 -0.046026 -0.408701
4.139670 0.273918 0.017748 0.036947 -0.717257 0.558447 -0.055006 -0.413102
4.142012 0.274030 0.017748 0.036947 -0.717257 0.558447 -0.055006 -0.413102
4.144355 0.274030 0.017748 0.036947 -0.717257 0.558447 -0.055006 -0.413102
4.146698 0.274030 0.017748 0.036947 -0.711078 0.566294 -0.050464 -0.413682
4.149041 0.274030 0.017859 0.036947 -0.711078 0.566294 -0.050464 -0.413682
4.151384 0.274030 0.017859 0.036947 -0.706678 0.567666 -0.059389 -0.418132
4.153726 0.274141 0.017859 0.036947 -0.711229 0.566979 -0.065622 -0.410343
4.156069 0.274141 0.017859 0.037058 -0.700508 0.575915 -0.069992 -0.415586
4.158412 0.274141 0.017859 0.037058 -0.700508 0.575915 -0.069992 -0.415586
4.160755 0.274141 0.017859 0.037058 -0.700508 0.575915 -0.069992 -0.415586
4.163097 0.274253 0.017859 0.037058 -0.689593 0.584614 -0.074245 -0.420924
4.165440 0.274253 0.017859 0.037058 -0.689593 0.584614 -0.074245 -0.420924
4.167783 0.274253 0.017859 0.037058 -0.689596 0.584632 -0.089488 -0.417916
4.170126 0.274253 0.017859 0.037170 -0.683132 0.592173 -0.084891 -0.418874
4.172468 0.274253 0.017859 0.037170 -0.683073 0.591857 -0.100163 -0.416034
4.174811 0.274365 0.017859 0.037170 -0.676530 0.599325 -0.095586 -0.417110
4.177154 0.274365 0.017859 0.037170 -0.676530 0.599325 -0.095586 -0.417110
4.179497 0.274365 0.017859 0.037170 -0.681071 0.598239 -0.102165 -0.409652
4.181839 0.274365 0.017859 0.037170 -0.669798 0.606067 -0.106318 -0.415633
4.184182 0.274365 0.017859 0.037281 -0.674323 0.604862 -0.112970 -0.408249
4.186525 0.274476 0.017859 0.037281 -0.667638 0.612234 -0.108478 -0.409466
4.188868 0.274476 0.017859 0.037281 -0.672096 0.611005 -0.115197 -0.402106
4.191211 0.274476 0.017859 0.037281 -0.672096 0.611005 -0.115197 -0.402106
4.193553 0.274476 0.017859 0.037281 -0.676473 0.609703 -0.121903 -0.394698
4.195896 0.274476 0.017859 0.037281 -0.669734 0.617098 -0.117559 -0.396014
4.198239 0.274476 0.017859 0.037281 -0.674044 0.615769 -0.124332 -0.388632
4.200582 0.274588 0.017859 0.037281 -0.682655 0.614557 -0.122536 -0.375883
4.202924 0.274588 0.017859 0.037281 -0.675862 0.622019 -0.118400 -0.377206
4.205267 0.274588 0.017859 0.037281 -0.679965 0.620681 -0.125226 -0.369758
4.207610 0.274700 0.017859 0.037281 -0.673105 0.628114 -0.121156 -0.371112
4.209953 0.274700 0.017859 0.037281 -0.677142 0.626745 -0.128049 -0.363695
4.212295 0.274700 0.017859 0.037281 -0.674186 0.632745 -0.131005 -0.357694
4.214638 0.274700 0.017859 0.037281 -0.678075 0.631267 -0.137949 -0.350266
4.216981 0.274811 0.017859 0.037281 -0.674923 0.637167 -0.141101 -0.344366
4.219324 0.274811 0.017859 0.037393 -0.678665 0.635578 -0.148092 -0.336931
4.221667 0.274923 0.017859 0.037393 -0.678917 0.639669 -0.158474 -0.323699
4.224009 0.274923 0.017859 0.037393 -0.675383 0.645348 -0.162008 -0.318020
4.226352 0.275034 0.017859 0.037393 -0.675117 0.649089 -0.172807 -0.305021
4.228695 0.275034 0.017859 0.037393 -0.671277 0.654565 -0.176648 -0.299545
4.231038 0.275146 0.017859 0.037393 -0.670509 0.657932 -0.187847 -0.286805
4.233380 0.275146 0.017859 0.037393 -0.669426 0.661040 -0.199256 -0.274210
4.235723 0.275258 0.017859 0.037393 -0.665120 0.666159 -0.203563 -0.269091
4.238066 0.275369 0.017859 0.037393 -0.670872 0.661525 -0.218150 -0.254413
4.240409 0.275369 0.017859 0.037281 -0.671706 0.666406 -0.222559 -0.234907
4.242751 0.275481 0.017859 0.037281 -0.666911 0.671288 -0.227354 -0.230025
4.245094 0.275592 0.017859 0.037281 -0.664373 0.678643 -0.225018 -0.217759
4.247437 0.275592 0.017748 0.037281 -0.666726 0.676130 -0.232460 -0.210447
4.249780 0.275704 0.017748 0.037281 -0.661558 0.680844 -0.237628 -0.205733
4.252122 0.275704 0.017748 0.037281 -0.665781 0.680949 -0.238001 -0.190786
4.254465 0.275816 0.017748 0.037281 -0.660345 0.685589 -0.243437 -0.186146
4.256808 0.275816 0.017748 0.037170 -0.654808 0.690109 -0.248974 -0.181626
4.259151 0.275927 0.017748 0.037170 -0.656499 0.692977 -0.242084 -0.173743
4.261494 0.275927 0.017748 0.037170 -0.650745 0.697467 -0.247838 -0.169253
4.263836 0.276039 0.017748 0.037170 -0.643043 0.704574 -0.245964 -0.171966
4.266179 0.276039 0.017636 0.037170 -0.635264 0.711596 -0.244059 -0.174658
4.268522 0.276151 0.017636 0.037170 -0.629318 0.715829 -0.250005 -0.170425
4.270865 0.276151 0.017636 0.037281 -0.621416 0.722700 -0.248118 -0.173161
4.273207 0.276151 0.017636 0.037281 -0.621416 0.722700 -0.248118 -0.173161
4.275550 0.276262 0.017636 0.037281 -0.612124 0.726371 -0.252489 -0.184227
4.277893 0.276262 0.017636 0.037281 -0.604107 0.733052 -0.250450 -0.186990
4.280236 0.276374 0.017636 0.037281 -0.596840 0.733574 -0.262530 -0.191649
4.282578 0.276374 0.017636 0.037281 -0.588745 0.740087 -0.260408 -0.194521
4.284921 0.276485 0.017636 0.037393 -0.571157 0.749418 -0.261796 -0.208844
4.287264 0.276485 0.017636 0.037393 -0.561674 0.752117 -0.265084 -0.220392
4.289607 0.276485 0.017636 0.037393 -0.554649 0.751617 -0.276391 -0.225930
4.291950 0.276597 0.017525 0.037393 -0.546359 0.757665 -0.273892 -0.228953
4.294292 0.276709 0.017525 0.037393 -0.536871 0.759811 -0.276564 -0.240769
4.296635 0.276709 0.017636 0.037505 -0.530082 0.758637 -0.287328 -0.246833
4.298978 0.276820 0.017636 0.037505 -0.520641 0.760340 -0.289498 -0.258859
4.301321 0.276820 0.017636 0.037505 -0.514110 0.758588 -0.299754 -0.265299
4.303663 0.276932 0.017636 0.037505 -0.504736 0.759856 -0.301407 -0.277513
4.306006 0.276932 0.017636 0.037505 -0.498491 0.757546 -0.311133 -0.284301
4.308349 0.277044 0.017636 0.037505 -0.492436 0.754913 -0.320570 -0.291287
4.310692 0.277155 0.017636 0.037616 -0.483272 0.755543 -0.321429 -0.303788
4.313034 0.277155 0.017636 0.037616 -0.477542 0.752388 -0.330299 -0.311077
4.315377 0.277267 0.017636 0.037616 -0.468497 0.752611 -0.330610 -0.323704
4.317720 0.277267 0.017636 0.037616 -0.463769 0.754074 -0.335339 -0.322241
4.320063 0.277378 0.017748 0.037616 -0.458514 0.750271 -0.343496 -0.329952
4.322406 0.277490 0.017748 0.037616 -0.450243 0.755263 -0.339851 -0.333706
4.324748 0.277490 0.017748 0.037616 -0.445263 0.751128 -0.347595 -0.341650
4.327091 0.277602 0.017748 0.037616 -0.436984 0.755975 -0.343820 -0.345448
4.329434 0.277713 0.017748 0.037616 -0.424121 0.761654 -0.344536 -0.348280
4.331777 0.277713 0.017748 0.037616 -0.415728 0.766268 -0.340689 -0.352044
4.334119 0.277825 0.017748 0.037505 -0.402886 0.766059 -0.343703 -0.364287
4.336462 0.277937 0.017748 0.037505 -0.385958 0.774726 -0.335616 -0.371750
4.338805 0.277937 0.017748 0.037505 -0.372985 0.779375 -0.335950 -0.374959
4.341148 0.278048 0.017748 0.037393 -0.355141 0.792831 -0.325970 -0.372878
4.343490 0.278160 0.017748 0.037393 -0.341790 0.796904 -0.326473 -0.376217
4.345833 0.278271 0.017748 0.037281 -0.324198 0.804221 -0.318129 -0.383299
4.348176 0.278383 0.017636 0.037281 -0.301827 0.811064 -0.314255 -0.390282
4.350519 0.278718 0.017636 0.037170 -0.236083 0.822160 -0.301330 -0.421329
4.352861 0.278941 0.017525 0.037170 -0.197838 0.825565 -0.285987 -0.444425
4.355204 0.279053 0.017413 0.037170 -0.164045 0.828256 -0.264847 -0.465764
4.357547 0.279164 0.017413 0.037058 -0.160076 0.827105 -0.268817 -0.466915
4.359890 0.279276 0.017413 0.037058 -0.150979 0.828814 -0.263671 -0.469841
4.362233 0.279388 0.017301 0.037058 -0.141865 0.830423 -0.258493 -0.472709
4.364575 0.279388 0.017301 0.037058 -0.138670 0.821508 -0.249595 -0.493556
4.366918 0.279499 0.017301 0.037170 -0.132638 0.817654 -0.242170 -0.505176
4.369261 0.279611 0.017301 0.037170 -0.129723 0.808177 -0.232349 -0.525392
4.371604 0.279611 0.017301 0.037170 -0.120837 0.809553 -0.226563 -0.527912
4.373946 0.279722 0.017301 0.037170 -0.115072 0.805310 -0.218389 -0.539018
4.376289 0.279834 0.017190 0.037281 -0.115072 0.805310 -0.218389 -0.539018
4.378632 0.279834 0.017190 0.037281 -0.109402 0.800941 -0.209972 -0.549941
4.380975 0.279946 0.017190 0.037281 -0.118702 0.792933 -0.216189 -0.557161
4.383317 0.279946 0.017301 0.037281 -0.118702 0.792933 -0.216189 -0.557161
4.385660 0.280057 0.017301 0.037281 -0.113296 0.788477 -0.207368 -0.567861
4.388003 0.280057 0.017301 0.037393 -0.116595 0.782669 -0.204656 -0.576152
4.390346 0.280169 0.017301 0.037393 -0.117777 0.775842 -0.204022 -0.585297
4.392689 0.280169 0.017301 0.037393 -0.121202 0.769914 -0.201106 -0.593379
4.395031 0.280281 0.017301 0.037393 -0.119272 0.769015 -0.203036 -0.594278
4.397374 0.280281 0.017301 0.037393 -0.114446 0.764369 -0.193314 -0.604377
4.399717 0.280392 0.017301 0.037393 -0.114446 0.764369 -0.193314 -0.604377
4.402060 0.280392 0.017301 0.037505 -0.116464 0.757558 -0.191707 -0.613018
4.404402 0.280392 0.017301 0.037505 -0.111953 0.752816 -0.181498 -0.622730
4.406745 0.280504 0.017190 0.037505 -0.103676 0.754000 -0.174646 -0.624687
4.409088 0.280504 0.017190 0.037505 -0.107547 0.747976 -0.171079 -0.632216
4.411431 0.280504 0.017190 0.037505 -0.099323 0.749113 -0.164123 -0.634058
4.413773 0.280615 0.017190 0.037505 -0.102140 0.742400 -0.161562 -0.642112
4.416116 0.280615 0.017190 0.037505 -0.093977 0.743477 -0.154498 -0.643848
4.418459 0.280615 0.017190 0.037505 -0.098104 0.737446 -0.150582 -0.651056
4.420802 0.280615 0.017190 0.037505 -0.089996 0.738479 -0.143420 -0.652671
4.423145 0.280727 0.017190 0.037505 -0.082821 0.740010 -0.135299 -0.653620
4.425487 0.280727 0.017190 0.037505 -0.082821 0.740010 -0.135299 -0.653620
4.427830 0.280727 0.017190 0.037505 -0.082821 0.740010 -0.135299 -0.653620
4.430173 0.280727 0.017190 0.037505 -0.074686 0.740876 -0.128110 -0.655067
4.432516 0.280727 0.017190 0.037505 -0.078707 0.746040 -0.139228 -0.646410
4.434858 0.280727 0.017190 0.037505 -0.078707 0.746040 -0.139228 -0.646410
4.437201 0.280727 0.017190 0.037393 -0.078707 0.746040 -0.139228 -0.646410
4.439544 0.280727 0.017190 0.037393 -0.078707 0.746040 -0.139228 -0.646410
4.441887 0.280727 0.017190 0.037393 -0.074584 0.751979 -0.143139 -0.639122
4.444229 0.280727 0.017190 0.037393 -0.074584 0.751979 -0.143139 -0.639122
4.446572 0.280727 0.017190 0.037393 -0.074584 0.751979 -0.143139 -0.639122
4.448915 0.280615 0.017190 0.037281 -0.081601 0.750361 -0.151392 -0.638264
4.451258 0.280615 0.017301 0.037281 -0.081601 0.750361 -0.151392 -0.638264
4.453600 0.280615 0.017301 0.037281 -0.077388 0.756166 -0.155351 -0.630944
4.455943 0.280615 0.017301 0.037281 -0.077388 0.756166 -0.155351 -0.630944
4.458286 0.280615 0.017301 0.037281 -0.077388 0.756166 -0.155351 -0.630944
4.460629 0.280615 0.017301 0.037281 -0.077388 0.756166 -0.155351 -0.630944
4.462972 0.280615 0.017301 0.037281 -0.077388 0.756166 -0.155351 -0.630944
4.465314 0.280615 0.017301 0.037281 -0.084315 0.754414 -0.163649 -0.630056
4.467657 0.280727 0.017301 0.037170 -0.084315 0.754414 -0.163649 -0.630056
4.470000 0.280727 0.017301 0.037170 -0.084315 0.754414 -0.163649 -0.630056
4.472343 0.280727 0.017301 0.037170 -0.076022 0.755294 -0.156717 -0.631816
4.474685 0.280727 0.017301 0.037170 -0.076022 0.755294 -0.156717 -0.631816
4.477028 0.280727 0.017301 0.037170 -0.076022 0.755294 -0.156717 -0.631816
4.479371 0.280839 0.017301 0.037170 -0.082958 0.753527 -0.165005 -0.630942
4.481714 0.280839 0.017413 0.037170 -0.082958 0.753527 -0.165005 -0.630942
4.484056 0.280839 0.017413 0.037170 -0.082958 0.753527 -0.165005 -0.630942
4.486399 0.280950 0.017413 0.037170 -0.074675 0.754393 -0.158064 -0.632717
4.488742 0.280950 0.017413 0.037170 -0.081621 0.752611 -0.166342 -0.631858
4.491085 0.280950 0.017413 0.037170 -0.081621 0.752611 -0.166342 -0.631858
4.493428 0.281062 0.017413 0.037170 -0.093211 0.745213 -0.170235 -0.637957
4.495770 0.281062 0.017413 0.037170 -0.093211 0.745213 -0.170235 -0.637957
4.498113 0.281062 0.017413 0.037170 -0.092042 0.744354 -0.171404 -0.638816
4.500456 0.281062 0.017413 0.037170 -0.092042 0.744354 -0.171404 -0.638816
4.502799 0.281062 0.017413 0.037170 -0.099055 0.742426 -0.179571 -0.637766
4.505141 0.281062 0.017413 0.037170 -0.090892 0.743470 -0.172554 -0.639700
4.507484 0.281174 0.017413 0.037170 -0.097915 0.741529 -0.180711 -0.638663
4.509827 0.281174 0.017413 0.037170 -0.089762 0.742560 -0.173684 -0.640610
4.512170 0.281174 0.017413 0.037170 -0.088652 0.741626 -0.174794 -0.641544
4.514512 0.281174 0.017413 0.037170 -0.085732 0.737418 -0.162743 -0.649907
4.516855 0.281285 0.017413 0.037170 -0.084780 0.736561 -0.163695 -0.650764
4.519198 0.281285 0.017301 0.037170 -0.083847 0.735684 -0.164628 -0.651641
4.521541 0.281285 0.017301 0.037170 -0.067663 0.737349 -0.150271 -0.655101
4.523883 0.281397 0.017301 0.037170 -0.066770 0.736431 -0.151165 -0.656018
4.526226 0.281397 0.017301 0.037170 -0.048319 0.733670 -0.123757 -0.666392
4.528569 0.281508 0.017190 0.037170 -0.039535 0.733311 -0.117149 -0.668556
4.530912 0.281508 0.017190 0.037170 -0.024617 0.737002 -0.116538 -0.665313
4.533255 0.281508 0.017190 0.037170 -0.007664 0.736330 -0.102646 -0.668748
4.535597 0.281620 0.017078 0.037058 0.009223 0.735253 -0.088636 -0.671909
4.537940 0.281620 0.017078 0.037058 0.026035 0.733775 -0.074512 -0.674792
4.540283 0.281620 0.017078 0.037058 0.042762 0.731901 -0.060280 -0.677391
4.542626 0.281732 0.017078 0.037058 0.073799 0.732803 -0.044895 -0.674936
4.544968 0.281732 0.016966 0.037058 0.090473 0.729680 -0.030647 -0.677084
4.547311 0.281732 0.016966 0.037058 0.107017 0.726167 -0.016297 -0.678943
4.549654 0.281732 0.017078 0.037058 0.130687 0.723949 -0.009250 -0.677298
4.551997 0.281732 0.017078 0.037058 0.131776 0.719484 0.005197 -0.681873
4.554339 0.281843 0.017078 0.037058 0.147551 0.716415 0.020177 -0.681594
4.556682 0.281843 0.017078 0.037170 0.156142 0.710555 0.042455 -0.684784
4.559025 0.281843 0.017078 0.037170 0.164223 0.705996 0.065177 -0.685822
4.561368 0.281843 0.017078 0.037281 0.172161 0.701342 0.087951 -0.686108
4.563711 0.281955 0.017078 0.037281 0.172319 0.700415 0.087794 -0.687035
4.566053 0.281955 0.017078 0.037393 0.172412 0.697770 0.103094 -0.687577
4.568396 0.281955 0.017078 0.037393 0.172448 0.695124 0.118402 -0.687782
4.570739 0.282066 0.017078 0.037505 0.172474 0.692052 0.133663 -0.688077
4.573082 0.282066 0.017078 0.037505 0.172371 0.689577 0.148988 -0.687441
4.575424 0.282178 0.017190 0.037505 0.179936 0.687641 0.156531 -0.685763
4.577767 0.282178 0.017190 0.037616 0.179752 0.685170 0.171826 -0.684622
4.580110 0.282290 0.017190 0.037616 0.179752 0.685170 0.171826 -0.684622
4.582453 0.282290 0.017190 0.037616 0.179757 0.685083 0.171821 -0.684709
4.584795 0.282401 0.017190 0.037616 0.179757 0.685083 0.171821 -0.684709
4.587138 0.282401 0.017190 0.037616 0.195013 0.683264 0.171548 -0.682416
4.589481 0.282513 0.017190 0.037505 0.202508 0.681081 0.179035 -0.680490
4.591824 0.282625 0.017301 0.037505 0.202508 0.681081 0.179035 -0.680490
4.594167 0.282625 0.017301 0.037505 0.217695 0.678760 0.178686 -0.678207
4.596509 0.282736 0.017301 0.037505 0.217697 0.678331 0.178685 -0.678636
4.598852 0.282736 0.017301 0.037393 0.232824 0.675507 0.178292 -0.676532
4.601195 0.282848 0.017413 0.037393 0.247885 0.672351 0.177853 -0.674437
4.603538 0.282848 0.017413 0.037393 0.247854 0.671582 0.177884 -0.675206
4.605880 0.282848 0.017413 0.037281 0.270147 0.664998 0.184803 -0.671301
4.608223 0.282959 0.017413 0.037281 0.284693 0.658902 0.199507 -0.667079
4.610566 0.282959 0.017413 0.037281 0.291804 0.654801 0.206934 -0.665781
4.612909 0.283071 0.017413 0.037281 0.320677 0.643109 0.220914 -0.659374
4.615251 0.283071 0.017525 0.037281 0.327133 0.636870 0.243358 -0.654337
4.617594 0.283071 0.017525 0.037281 0.347942 0.625744 0.264788 -0.645963
4.619937 0.283183 0.017525 0.037281 0.361354 0.617043 0.279169 -0.640895
4.622280 0.283183 0.017525 0.037281 0.374324 0.607580 0.307717 -0.629315
4.624622 0.283183 0.017413 0.037393 0.394142 0.594915 0.328288 -0.618833
4.626965 0.283294 0.017413 0.037393 0.406514 0.584781 0.355890 -0.605079
4.629308 0.283294 0.017413 0.037505 0.412266 0.578968 0.376383 -0.594280
4.631651 0.283406 0.017525 0.037505 0.418425 0.574014 0.383066 -0.590499
4.633994 0.283406 0.017525 0.037505 0.430935 0.564682 0.395947 -0.581941
4.636336 0.283406 0.017413 0.037505 0.437113 0.559914 0.402316 -0.577556
4.638679 0.283518 0.017413 0.037505 0.443238 0.555078 0.408637 -0.573101
4.641022 0.283518 0.017413 0.037505 0.449309 0.550175 0.414909 -0.568577
4.643365 0.283518 0.017413 0.037505 0.455326 0.545206 0.421130 -0.563984
4.645707 0.283629 0.017525 0.037505 0.461973 0.541267 0.414165 -0.567520
4.648050 0.283629 0.017525 0.037505 0.455710 0.545784 0.408194 -0.572561
4.650393 0.283629 0.017525 0.037505 0.455710 0.545784 0.408194 -0.572561
4.652736 0.283629 0.017525 0.037505 0.462262 0.541703 0.401223 -0.576100
4.655078 0.283629 0.017525 0.037505 0.462363 0.541855 0.388275 -0.584685
4.657421 0.283741 0.017525 0.037505 0.456382 0.546902 0.381828 -0.588915
4.659764 0.283741 0.017525 0.037505 0.456295 0.546768 0.368786 -0.597357
4.662107 0.283741 0.017525 0.037505 0.456295 0.546768 0.368786 -0.597357
4.664450 0.283852 0.017525 0.037505 0.449705 0.550787 0.362757 -0.602334
4.666792 0.283852 0.017525 0.037505 0.449341 0.550223 0.349726 -0.610769
4.669135 0.283852 0.017525 0.037505 0.449341 0.550223 0.349726 -0.610769
4.671478 0.283964 0.017525 0.037505 0.442604 0.554032 0.343660 -0.615669
4.673821 0.283964 0.017525 0.037505 0.435813 0.557774 0.337553 -0.620494
4.676163 0.284076 0.017525 0.037505 0.428970 0.561449 0.331405 -0.625244
4.678506 0.284076 0.017525 0.037505 0.428970 0.561449 0.331405 -0.625244
4.680849 0.284187 0.017525 0.037505 0.422075 0.565056 0.325217 -0.629919
4.683192 0.284187 0.017525 0.037505 0.415129 0.568595 0.318989 -0.634518
4.685534 0.284299 0.017525 0.037505 0.414118 0.567032 0.306040 -0.642900
4.687877 0.284411 0.017413 0.037616 0.414118 0.567032 0.306040 -0.642900
4.690220 0.284411 0.017413 0.037616 0.413271 0.565854 0.306887 -0.644078
4.692563 0.284522 0.017413 0.037616 0.413271 0.565854 0.306887 -0.644078
4.694906 0.284634 0.017413 0.037616 0.406170 0.569191 0.300652 -0.648579
4.697248 0.284634 0.017413 0.037616 0.411962 0.563880 0.294089 -0.652563
4.699591 0.284745 0.017413 0.037616 0.404768 0.567077 0.287876 -0.657049
4.701934 0.284745 0.017413 0.037616 0.410467 0.561625 0.281338 -0.661017
4.704277 0.284857 0.017301 0.037616 0.410467 0.561625 0.281338 -0.661017
4.706619 0.284857 0.017301 0.037616 0.408787 0.559090 0.268639 -0.669436
4.708962 0.284857 0.017301 0.037616 0.414344 0.553431 0.262095 -0.673305
4.711305 0.284969 0.017301 0.037616 0.414344 0.553431 0.262095 -0.673305
4.713648 0.284969 0.017301 0.037616 0.406922 0.556277 0.255999 -0.677816
4.715990 0.285080 0.017190 0.037616 0.404873 0.553187 0.243424 -0.686154
4.718333 0.285080 0.017190 0.037616 0.404873 0.553187 0.243424 -0.686154
4.720676 0.285080 0.017190 0.037616 0.402642 0.549821 0.230920 -0.694444
4.723019 0.285192 0.017078 0.037616 0.400229 0.546182 0.218492 -0.702683
4.725361 0.285192 0.017078 0.037505 0.398488 0.544204 0.220234 -0.704661
4.727704 0.285192 0.017078 0.037505 0.390722 0.546591 0.214242 -0.708996
4.730047 0.285304 0.017078 0.037505 0.382909 0.548912 0.208224 -0.713246
4.732390 0.285415 0.016966 0.037505 0.367146 0.553354 0.196113 -0.721486
4.734733 0.285415 0.016966 0.037505 0.365279 0.551495 0.197981 -0.723345
4.737075 0.285527 0.016966 0.037505 0.357310 0.553637 0.191910 -0.727314
4.739418 0.285527 0.016855 0.037505 0.353990 0.548861 0.180081 -0.735537
4.741761 0.285638 0.016855 0.037505 0.351918 0.546973 0.182153 -0.737425
4.744104 0.285638 0.016855 0.037505 0.351918 0.546973 0.182153 -0.737425
4.746446 0.285750 0.016855 0.037505 0.343795 0.548941 0.176132 -0.741246
4.748789 0.285750 0.016743 0.037505 0.341662 0.547122 0.178265 -0.743065
4.751132 0.285862 0.016743 0.037505 0.341662 0.547122 0.178265 -0.743065
4.753475 0.285862 0.016743 0.037505 0.333478 0.549048 0.172244 -0.746774
4.755817 0.285973 0.016632 0.037505 0.333478 0.549048 0.172244 -0.746774
4.758160 0.285973 0.016632 0.037393 0.339490 0.545351 0.180437 -0.744836
4.760503 0.285973 0.016632 0.037393 0.343709 0.538044 0.175139 -0.749466
4.762846 0.285973 0.016632 0.037505 0.339490 0.545351 0.180437 -0.744836
4.765189 0.285973 0.016632 0.037505 0.339490 0.545351 0.180437 -0.744836
4.767531 0.285973 0.016520 0.037505 0.345461 0.541588 0.188609 -0.742809
4.769874 0.285973 0.016520 0.037505 0.339490 0.545351 0.180437 -0.744836
4.772217 0.285862 0.016520 0.037505 0.339490 0.545351 0.180437 -0.744836
4.774560 0.285862 0.016520 0.037505 0.339490 0.545351 0.180437 -0.744836
4.776902 0.285862 0.016520 0.037505 0.331287 0.547300 0.174435 -0.748521
4.779245 0.285862 0.016520 0.037505 0.331287 0.547300 0.174435 -0.748521
4.781588 0.285862 0.016520 0.037505 0.331287 0.547300 0.174435 -0.748521
4.783931 0.285862 0.016520 0.037505 0.323044 0.549183 0.168412 -0.752116
4.786273 0.285862 0.016520 0.037505 0.318888 0.556539 0.173528 -0.747304
4.788616 0.285862 0.016520 0.037505 0.310659 0.558412 0.167403 -0.750762
4.790959 0.285862 0.016520 0.037393 0.302392 0.560217 0.161259 -0.754129
4.793302 0.285862 0.016520 0.037393 0.287898 0.565152 0.146764 -0.759064
4.795644 0.285862 0.016520 0.037393 0.279541 0.566730 0.140546 -0.762181
4.797987 0.285973 0.016520 0.037393 0.279541 0.566730 0.140546 -0.762181
4.800330 0.285973 0.016520 0.037393 0.271151 0.568240 0.134312 -0.765206
4.802673 0.286085 0.016520 0.037393 0.252425 0.580055 0.124330 -0.764434
4.805016 0.286196 0.016520 0.037393 0.244012 0.581386 0.117950 -0.767161
4.807358 0.286308 0.016520 0.037393 0.220670 0.586296 0.096657 -0.773446
4.809701 0.286420 0.016520 0.037393 0.212159 0.587323 0.090210 -0.775824
4.812044 0.286531 0.016520 0.037393 0.201062 0.582795 0.070788 -0.784164
4.814387 0.286643 0.016520 0.037393 0.192435 0.583538 0.064381 -0.786325
4.816729 0.286755 0.016520 0.037393 0.175112 0.584811 0.051544 -0.790364
4.819072 0.286866 0.016520 0.037393 0.159978 0.587135 0.036410 -0.792688
4.821415 0.286978 0.016520 0.037505 0.142523 0.587794 0.023501 -0.796011
4.823758 0.287201 0.016520 0.037505 0.127301 0.589450 0.008280 -0.797668
4.826100 0.287313 0.016520 0.037505 0.109745 0.589490 -0.004673 -0.800272
4.828443 0.287424 0.016520 0.037505 0.092136 0.589245 -0.017624 -0.802490
4.830786 0.287536 0.016520 0.037505 0.071166 0.596879 -0.027169 -0.798707
4.833129 0.287648 0.016520 0.037505 0.062387 0.596545 -0.033725 -0.799440
4.835472 0.287759 0.016408 0.037505 0.038261 0.596116 -0.055616 -0.800055
4.837814 0.287871 0.016408 0.037616 0.026308 0.603668 -0.059056 -0.794610
4.840157 0.287982 0.016408 0.037616 0.008844 0.602225 -0.072305 -0.794996
4.842500 0.288094 0.016408 0.037616 -0.009556 0.609550 -0.084738 -0.788148
4.844843 0.288206 0.016408 0.037616 -0.018214 0.608582 -0.091429 -0.787995
4.847185 0.288317 0.016408 0.037616 -0.045127 0.614177 -0.110705 -0.780060
4.849528 0.288429 0.016297 0.037616 -0.053694 0.612924 -0.117446 -0.779518
4.851871 0.288429 0.016297 0.037616 -0.071861 0.619006 -0.130100 -0.771195
4.854214 0.288541 0.016297 0.037616 -0.071861 0.619006 -0.130100 -0.771195
4.856556 0.288652 0.016297 0.037616 -0.087109 0.616620 -0.145348 -0.768808
4.858899 0.288764 0.016297 0.037616 -0.102300 0.613899 -0.160539 -0.766088
4.861242 0.288764 0.016185 0.037616 -0.112046 0.620754 -0.166276 -0.757933
4.863585 0.288875 0.016185 0.037616 -0.127158 0.617531 -0.181388 -0.754709
4.865928 0.288987 0.016185 0.037616 -0.130821 0.608117 -0.192389 -0.758990
4.868270 0.288987 0.016185 0.037616 -0.145800 0.604402 -0.207369 -0.755274
4.870613 0.289099 0.016073 0.037616 -0.145800 0.604402 -0.207369 -0.755274
4.872956 0.289099 0.016073 0.037616 -0.155650 0.610703 -0.212881 -0.746657
4.875299 0.289099 0.016073 0.037616 -0.170517 0.606491 -0.227748 -0.742444
4.877641 0.289210 0.016073 0.037616 -0.177170 0.604581 -0.235891 -0.739898
4.879984 0.289210 0.016073 0.037616 -0.191890 0.599881 -0.250611 -0.735198
4.882327 0.289210 0.016073 0.037616 -0.201873 0.605520 -0.255767 -0.726069
4.884670 0.289210 0.016073 0.037616 -0.209838 0.602674 -0.262404 -0.723807
4.887012 0.289210 0.015962 0.037616 -0.224353 0.597326 -0.276919 -0.718459
4.889355 0.289210 0.015962 0.037616 -0.224353 0.597326 -0.276919 -0.718459
4.891698 0.289210 0.015962 0.037616 -0.242084 0.599392 -0.288489 -0.706328
4.894041 0.289099 0.015962 0.037616 -0.249829 0.596186 -0.295057 -0.703626
4.896383 0.289099 0.015962 0.037616 -0.264043 0.590043 -0.309270 -0.697483
4.898726 0.289099 0.015962 0.037616 -0.271689 0.586610 -0.315734 -0.694540
4.901069 0.289099 0.015962 0.037616 -0.285692 0.580002 -0.329737 -0.687932
4.903412 0.289099 0.015962 0.037616 -0.293233 0.576345 -0.336089 -0.684752
4.905755 0.289099 0.015962 0.037505 -0.300738 0.572618 -0.342401 -0.681489
4.908097 0.288987 0.015850 0.037505 -0.308207 0.568821 -0.348671 -0.678144
4.910440 0.288987 0.015850 0.037505 -0.318808 0.553601 -0.364645 -0.677438
4.912783 0.288987 0.015850 0.037505 -0.326231 0.549561 -0.370704 -0.673894
4.915126 0.288987 0.015850 0.037505 -0.326231 0.549561 -0.370704 -0.673894
4.917468 0.288987 0.015850 0.037505 -0.330704 0.537486 -0.378856 -0.676914
4.919811 0.288987 0.015739 0.037393 -0.338121 0.533291 -0.384738 -0.673240
4.922154 0.288987 0.015739 0.037393 -0.345497 0.529032 -0.390573 -0.669485
4.924497 0.288987 0.015739 0.037393 -0.342691 0.520953 -0.392487 -0.676110
4.926839 0.288987 0.015739 0.037393 -0.350098 0.516610 -0.398186 -0.672304
4.929182 0.288987 0.015627 0.037393 -0.363069 0.508246 -0.411157 -0.663941
4.931525 0.288987 0.015627 0.037393 -0.363069 0.508246 -0.411157 -0.663941
4.933868 0.288987 0.015627 0.037393 -0.370341 0.503698 -0.416715 -0.659912
4.936211 0.288987 0.015627 0.037393 -0.370341 0.503698 -0.416715 -0.659912
4.938553 0.288987 0.015627 0.037393 -0.377568 0.499090 -0.422224 -0.655803
4.940896 0.288875 0.015627 0.037393 -0.383029 0.494912 -0.429403 -0.651125
4.943239 0.288875 0.015515 0.037393 -0.392776 0.498281 -0.433199 -0.640142
4.945582 0.288875 0.015515 0.037393 -0.398226 0.493935 -0.440206 -0.635344
4.947924 0.288875 0.015515 0.037393 -0.405182 0.489069 -0.445606 -0.630931
4.950267 0.288875 0.015515 0.037393 -0.413202 0.492606 -0.450781 -0.619193
4.952610 0.288875 0.015515 0.037393 -0.413202 0.492606 -0.450781 -0.619193
4.954953 0.288875 0.015627 0.037393 -0.427944 0.490928 -0.461119 -0.602679
4.957295 0.288764 0.015627 0.037393 -0.427944 0.490928 -0.461119 -0.602679
4.959638 0.288764 0.015627 0.037393 -0.433312 0.486197 -0.467712 -0.597577
4.961981 0.288764 0.015627 0.037393 -0.441381 0.489238 -0.472270 -0.585483
4.964324 0.288764 0.015627 0.037393 -0.441381 0.489238 -0.472270 -0.585483
4.966666 0.288764 0.015627 0.037393 -0.449515 0.492101 -0.476560 -0.573292
4.969009 0.288764 0.015627 0.037393 -0.454894 0.487133 -0.482829 -0.568022
4.971352 0.288652 0.015739 0.037281 -0.454894 0.487133 -0.482829 -0.568022
4.973695 0.288652 0.015739 0.037281 -0.460219 0.482106 -0.489041 -0.562683
4.976038 0.288652 0.015739 0.037281 -0.454009 0.487449 -0.483715 -0.567705
4.978380 0.288652 0.015739 0.037281 -0.454009 0.487449 -0.483715 -0.567705
4.980723 0.288652 0.015739 0.037281 -0.459337 0.482432 -0.489922 -0.562357
4.983066 0.288652 0.015739 0.037281 -0.459337 0.482432 -0.489922 -0.562357
4.985409 0.288652 0.015739 0.037281 -0.453131 0.487785 -0.484593 -0.567369
4.987751 0.288652 0.015739 0.037281 -0.449941 0.480193 -0.487102 -0.574195
4.990094 0.288652 0.015739 0.037281 -0.449941 0.480193 -0.487102 -0.574195
4.992437 0.288652 0.015739 0.037281 -0.449941 0.480193 -0.487102 -0.574195
4.994780 0.288652 0.015739 0.037281 -0.449941 0.480193 -0.487102 -0.574195
4.997122 0.288652 0.015739 0.037281 -0.449941 0.480193 -0.487102 -0.574195
4.999465 0.288652 0.015739 0.037281 -0.449941 0.480193 -0.487102 -0.574195
5.001808 0.288652 0.015739 0.037281 -0.449941 0.480193 -0.487102 -0.574195
5.004151 0.288652 0.015739 0.037281 -0.449941 0.480193 -0.487102 -0.574195
5.006494 0.288652 0.015739 0.037281 -0.449941 0.480193 -0.487102 -0.574195
5.008836 0.288652 0.015739 0.037281 -0.449941 0.480193 -0.487102 -0.574195
5.011179 0.288652 0.015739 0.037281 -0.449941 0.480193 -0.487102 -0.574195
5.013522 0.288652 0.015739 0.037281 -0.449941 0.480193 -0.487102 -0.574195
5.015865 0.288652 0.015739 0.037281 -0.455189 0.475221 -0.493381 -0.568809
5.018207 0.288652 0.015739 0.037281 -0.455189 0.475221 -0.493381 -0.568809
5.020550 0.288652 0.015739 0.037281 -0.455189 0.475221 -0.493381 -0.568809
5.022893 0.288652 0.015739 0.037281 -0.455189 0.475221 -0.493381 -0.568809
5.025236 0.288652 0.015739 0.037281 -0.458463 0.482778 -0.490797 -0.562011
5.027578 0.288652 0.015739 0.037281 -0.458463 0.482778 -0.490797 -0.562011
5.029921 0.288652 0.015739 0.037281 -0.452261 0.488140 -0.485463 -0.567014
5.032264 0.288652 0.015739 0.037281 -0.452261 0.488140 -0.485463 -0.567014
5.034607 0.288652 0.015739 0.037281 -0.452261 0.488140 -0.485463 -0.567014
5.036950 0.288652 0.015739 0.037281 -0.452261 0.488140 -0.485463 -0.567014
5.039292 0.288652 0.015739 0.037281 -0.452261 0.488140 -0.485463 -0.567014
5.041635 0.288652 0.015739 0.037281 -0.457596 0.483142 -0.491663 -0.561646
5.043978 0.288764 0.015739 0.037281 -0.457596 0.483142 -0.491663 -0.561646
5.046321 0.288764 0.015627 0.037281 -0.457596 0.483142 -0.491663 -0.561646
5.048663 0.288764 0.015627 0.037281 -0.454166 0.475652 -0.494404 -0.568378
5.051006 0.288875 0.015627 0.037281 -0.447894 0.481055 -0.489149 -0.573333
5.053349 0.288875 0.015627 0.037170 -0.453152 0.476105 -0.495418 -0.567925
5.055692 0.288987 0.015627 0.037170 -0.453152 0.476105 -0.495418 -0.567925
5.058034 0.288987 0.015627 0.037170 -0.449511 0.468627 -0.498255 -0.574518
5.060377 0.289099 0.015515 0.037170 -0.448354 0.469175 -0.499412 -0.573970
5.062720 0.289099 0.015515 0.037170 -0.453481 0.464221 -0.505688 -0.568448
5.065063 0.289210 0.015515 0.037170 -0.449551 0.456802 -0.508688 -0.574867
5.067405 0.289322 0.015515 0.037170 -0.454542 0.451836 -0.514973 -0.569244
5.069748 0.289434 0.015404 0.037058 -0.459479 0.446815 -0.521196 -0.563552
5.072091 0.289545 0.015404 0.037058 -0.464360 0.441740 -0.527356 -0.557792
5.074434 0.289657 0.015404 0.037058 -0.469185 0.436612 -0.533452 -0.551965
5.076777 0.289657 0.015404 0.037058 -0.473953 0.431431 -0.539484 -0.546071
5.079119 0.289768 0.015404 0.037058 -0.478664 0.426198 -0.545450 -0.540111
5.081462 0.289880 0.015404 0.037058 -0.493576 0.421964 -0.552535 -0.522526
5.083805 0.289880 0.015404 0.037058 -0.507244 0.418003 -0.560271 -0.504057
5.086148 0.289992 0.015404 0.037058 -0.516336 0.419290 -0.562028 -0.491648
5.088490 0.289992 0.015404 0.037058 -0.520911 0.413592 -0.567395 -0.485444
5.090833 0.290103 0.015404 0.037058 -0.535205 0.408306 -0.573262 -0.467132
5.093176 0.290103 0.015404 0.037058 -0.539658 0.402401 -0.578360 -0.460806
5.095519 0.290215 0.015404 0.037170 -0.553073 0.397024 -0.584192 -0.441817
5.097861 0.290215 0.015515 0.037170 -0.562109 0.397402 -0.584719 -0.429195
5.100204 0.290215 0.015515 0.037170 -0.575485 0.391282 -0.589510 -0.410113
5.102547 0.290215 0.015515 0.037170 -0.584529 0.391163 -0.589344 -0.397482
5.104890 0.290215 0.015515 0.037170 -0.592982 0.378226 -0.597934 -0.384437
5.107233 0.290215 0.015515 0.037170 -0.597101 0.371688 -0.602122 -0.377845
5.109575 0.290215 0.015627 0.037058 -0.605124 0.358480 -0.610278 -0.364525
5.111918 0.290215 0.015627 0.037058 -0.614131 0.357666 -0.609142 -0.351943
5.114261 0.290215 0.015627 0.037058 -0.618024 0.350898 -0.612971 -0.345230
5.116604 0.290215 0.015627 0.037058 -0.621841 0.344087 -0.616727 -0.338475
5.118946 0.290326 0.015627 0.037058 -0.630805 0.342878 -0.615039 -0.325955
5.121289 0.290326 0.015627 0.037058 -0.634533 0.335928 -0.618583 -0.319179
5.123632 0.290326 0.015627 0.037058 -0.634533 0.335928 -0.618583 -0.319179
5.125975 0.290326 0.015627 0.036947 -0.634533 0.335928 -0.618583 -0.319179
5.128317 0.290326 0.015627 0.036947 -0.639739 0.341473 -0.613076 -0.313476
5.130660 0.290326 0.015627 0.036947 -0.636257 0.348188 -0.609288 -0.320485
5.133003 0.290326 0.015627 0.037058 -0.641448 0.353631 -0.603647 -0.314801
5.135346 0.290326 0.015627 0.037058 -0.641448 0.353631 -0.603647 -0.314801
5.137689 0.290438 0.015515 0.037058 -0.646562 0.359031 -0.597934 -0.309079
5.140031 0.290438 0.015515 0.037058 -0.651598 0.364387 -0.592148 -0.303320
5.142374 0.290438 0.015515 0.037058 -0.644113 0.377970 -0.584663 -0.316903
5.144717 0.290438 0.015515 0.037058 -0.649075 0.383273 -0.578811 -0.311097
5.147060 0.290550 0.015404 0.037058 -0.650566 0.394800 -0.568586 -0.312420
5.149402 0.290550 0.015404 0.037058 -0.655436 0.399943 -0.562539 -0.306593
5.151745 0.290550 0.015404 0.037058 -0.660227 0.405039 -0.556423 -0.300729
5.154088 0.290550 0.015404 0.037170 -0.661658 0.416105 -0.545702 -0.302116
5.156431 0.290661 0.015292 0.037170 -0.661688 0.428329 -0.536111 -0.302139
5.158773 0.290661 0.015292 0.037170 -0.662956 0.439051 -0.525016 -0.303451
5.161116 0.290661 0.015292 0.037170 -0.667502 0.443856 -0.518596 -0.297474
5.163459 0.290661 0.015292 0.037170 -0.664194 0.449526 -0.513688 -0.304790
5.165802 0.290773 0.015292 0.037170 -0.665403 0.459750 -0.502133 -0.306156
5.168144 0.290773 0.015180 0.037170 -0.674980 0.456915 -0.498755 -0.294745
5.170487 0.290773 0.015180 0.037170 -0.676251 0.466740 -0.486885 -0.296280
5.172830 0.290773 0.015180 0.037281 -0.676251 0.466740 -0.486885 -0.296280
5.175173 0.290885 0.015180 0.037281 -0.677488 0.476301 -0.474802 -0.297844
5.177516 0.290885 0.015180 0.037281 -0.683984 0.478109 -0.465773 -0.294334
5.179858 0.290885 0.015180 0.037281 -0.683984 0.478109 -0.465773 -0.294334
5.182201 0.290996 0.015069 0.037281 -0.693717 0.474515 -0.461767 -0.283485
5.184544 0.290996 0.015180 0.037281 -0.695787 0.471944 -0.459696 -0.286057
5.186887 0.290996 0.015180 0.037281 -0.700329 0.475706 -0.452324 -0.280438
5.189229 0.290996 0.015180 0.037281 -0.705513 0.467983 -0.455378 -0.275452
5.191572 0.291108 0.015180 0.037393 -0.712196 0.468735 -0.445705 -0.272785
5.193915 0.291108 0.015180 0.037393 -0.717303 0.460882 -0.448675 -0.267872
5.196258 0.291108 0.015180 0.037393 -0.721852 0.464298 -0.440973 -0.262486
5.198600 0.291219 0.015180 0.037393 -0.726909 0.456340 -0.443830 -0.257625
5.200943 0.291219 0.015180 0.037393 -0.731879 0.448327 -0.446634 -0.252734
5.203286 0.291219 0.015180 0.037393 -0.736760 0.440259 -0.449384 -0.247812
5.205629 0.291331 0.015180 0.037393 -0.736760 0.440259 -0.449384 -0.247812
5.207972 0.291331 0.015180 0.037393 -0.741552 0.432138 -0.452079 -0.242860
5.210314 0.291331 0.015180 0.037393 -0.741552 0.432138 -0.452079 -0.242860
5.212657 0.291331 0.015069 0.037393 -0.741552 0.432138 -0.452079 -0.242860
5.215000 0.291443 0.015069 0.037393 -0.738812 0.425862 -0.458055 -0.250966
5.217343 0.291443 0.015069 0.037393 -0.738812 0.425862 -0.458055 -0.250966
5.219685 0.291443 0.015069 0.037393 -0.733939 0.422737 -0.466019 -0.255839
5.222028 0.291443 0.015069 0.037393 -0.733939 0.422737 -0.466019 -0.255839
5.224371 0.291443 0.015069 0.037393 -0.728976 0.419561 -0.473928 -0.260681
5.226714 0.291443 0.014957 0.037393 -0.728976 0.419561 -0.473928 -0.260681
5.229056 0.291443 0.014957 0.037393 -0.723926 0.416335 -0.481779 -0.265491
5.231399 0.291443 0.014957 0.037393 -0.726799 0.411017 -0.486324 -0.257522
5.233742 0.291554 0.014957 0.037393 -0.731271 0.403007 -0.489124 -0.252164
5.236085 0.291554 0.014957 0.037281 -0.726149 0.399701 -0.496933 -0.256913
5.238427 0.291554 0.014846 0.037281 -0.726149 0.399701 -0.496933 -0.256913
5.240770 0.291554 0.014846 0.037281 -0.728928 0.394218 -0.501294 -0.248920
5.243113 0.291554 0.014846 0.037281 -0.728928 0.394218 -0.501294 -0.248920
5.245456 0.291554 0.014846 0.037281 -0.728928 0.394218 -0.501294 -0.248920
5.247799 0.291554 0.014846 0.037281 -0.731618 0.388687 -0.505595 -0.240896
5.250141 0.291554 0.014846 0.037281 -0.731618 0.388687 -0.505595 -0.240896
5.252484 0.291554 0.014734 0.037281 -0.731618 0.388687 -0.505595 -0.240896
5.254827 0.291554 0.014734 0.037393 -0.734221 0.383109 -0.509834 -0.232844
5.257170 0.291666 0.014734 0.037393 -0.734221 0.383109 -0.509834 -0.232844
5.259512 0.291666 0.014734 0.037393 -0.736735 0.377485 -0.514012 -0.224764
5.261855 0.291666 0.014622 0.037393 -0.732543 0.385556 -0.511512 -0.230397
5.264198 0.291666 0.014622 0.037393 -0.735030 0.379913 -0.515717 -0.222336
5.266541 0.291778 0.014511 0.037393 -0.737428 0.374224 -0.519860 -0.214247
5.268883 0.291778 0.014511 0.037393 -0.737428 0.374224 -0.519860 -0.214247
5.271226 0.291889 0.014511 0.037393 -0.739737 0.368490 -0.523940 -0.206133
5.273569 0.291889 0.014399 0.037393 -0.745897 0.354539 -0.530100 -0.192181
5.275912 0.292001 0.014399 0.037393 -0.743246 0.344591 -0.541343 -0.189184
5.278255 0.292001 0.014399 0.037393 -0.748954 0.330415 -0.547052 -0.175008
5.280597 0.292112 0.014287 0.037281 -0.746092 0.320132 -0.557928 -0.171981
5.282940 0.292112 0.014287 0.037281 -0.751341 0.305748 -0.563177 -0.157596
5.285283 0.292224 0.014287 0.037281 -0.751461 0.286907 -0.575340 -0.148237
5.287626 0.292336 0.014287 0.037281 -0.757584 0.270328 -0.578458 -0.135561
5.289968 0.292447 0.014287 0.037281 -0.761881 0.255602 -0.582755 -0.120835
5.292311 0.292559 0.014287 0.037281 -0.763424 0.228092 -0.595198 -0.104396
5.294654 0.292671 0.014287 0.037281 -0.763036 0.207085 -0.604720 -0.095951
5.296997 0.292782 0.014287 0.037281 -0.760897 0.187797 -0.615188 -0.085512
5.299339 0.292782 0.014287 0.037281 -0.759353 0.166905 -0.624247 -0.076428
5.301682 0.292894 0.014287 0.037281 -0.760331 0.165410 -0.623270 -0.077924
5.304025 0.293005 0.014176 0.037281 -0.755515 0.160030 -0.629761 -0.083598
5.306368 0.293117 0.014176 0.037281 -0.758848 0.143392 -0.631446 -0.069741
5.308711 0.293229 0.014176 0.037393 -0.753623 0.138379 -0.638186 -0.074987
5.311053 0.293340 0.014176 0.037393 -0.754305 0.137103 -0.637503 -0.076263
5.313396 0.293452 0.014064 0.037393 -0.749538 0.125404 -0.645879 -0.072849
5.315739 0.293563 0.014064 0.037393 -0.744515 0.113813 -0.654178 -0.069253
5.318082 0.293563 0.013953 0.037393 -0.737226 0.117712 -0.660383 -0.080853
5.320424 0.293675 0.013953 0.037393 -0.738474 0.109606 -0.661231 -0.073593
5.322767 0.293787 0.013841 0.037393 -0.737621 0.116864 -0.659987 -0.081701
5.325110 0.293787 0.013841 0.037505 -0.738861 0.108753 -0.660845 -0.074446
5.327453 0.293898 0.013729 0.037505 -0.739634 0.101486 -0.662000 -0.066324
5.329795 0.293898 0.013729 0.037505 -0.734027 0.090278 -0.670212 -0.062215
5.332138 0.294010 0.013729 0.037505 -0.734666 0.082910 -0.671163 -0.054148
5.334481 0.294010 0.013618 0.037505 -0.728767 0.071739 -0.679161 -0.049924
5.336824 0.294010 0.013618 0.037505 -0.729272 0.064273 -0.679908 -0.041915
5.339166 0.294122 0.013618 0.037505 -0.730268 0.048780 -0.680905 -0.026422
5.341509 0.294122 0.013506 0.037505 -0.730268 0.048780 -0.680905 -0.026422
5.343852 0.294122 0.013506 0.037505 -0.730924 0.033268 -0.681560 -0.010910
5.346195 0.294122 0.013506 0.037505 -0.731000 0.025778 -0.681885 -0.002880
5.348538 0.294122 0.013506 0.037505 -0.737968 0.020945 -0.674465 0.007817
5.350880 0.294122 0.013506 0.037505 -0.737838 0.013534 -0.674655 0.015924
5.353223 0.294233 0.013506 0.037505 -0.737641 -0.001983 -0.674458 0.031440
5.355566 0.294233 0.013506 0.037505 -0.737575 -0.010086 -0.674072 0.038848
5.357909 0.294233 0.013506 0.037616 -0.743708 -0.014194 -0.666465 0.050207
5.360251 0.294233 0.013506 0.037616 -0.750224 -0.010895 -0.658929 0.053460
5.362594 0.294233 0.013506 0.037616 -0.750059 -0.019137 -0.658302 0.060695
5.364937 0.294345 0.013506 0.037616 -0.755772 -0.023054 -0.650438 0.072165
5.367280 0.294345 0.013506 0.037616 -0.755772 -0.023054 -0.650438 0.072165
5.369622 0.294345 0.013506 0.037616 -0.755473 -0.031356 -0.649605 0.079306
5.371965 0.294345 0.013506 0.037616 -0.755473 -0.031356 -0.649605 0.079306
5.374308 0.294456 0.013506 0.037616 -0.754088 -0.046778 -0.648220 0.094728
5.376651 0.294456 0.013506 0.037616 -0.754088 -0.046778 -0.648220 0.094728
5.378994 0.294456 0.013506 0.037616 -0.754088 -0.046778 -0.648220 0.094728
5.381336 0.294456 0.013506 0.037616 -0.753529 -0.055060 -0.647140 0.101844
5.383679 0.294568 0.013506 0.037505 -0.752364 -0.062166 -0.646496 0.110116
5.386022 0.294568 0.013618 0.037505 -0.745900 -0.065434 -0.654144 0.106993
5.388365 0.294568 0.013618 0.037505 -0.745136 -0.073625 -0.652929 0.114173
5.390707 0.294568 0.013618 0.037505 -0.744282 -0.081807 -0.651635 0.121339
5.393050 0.294568 0.013618 0.037393 -0.736313 -0.092160 -0.658297 0.126468
5.395393 0.294680 0.013729 0.037393 -0.735256 -0.100244 -0.656868 0.133692
5.397736 0.294680 0.013729 0.037393 -0.728542 -0.103359 -0.664422 0.130718
5.400078 0.294680 0.013729 0.037393 -0.727362 -0.111356 -0.662946 0.138010
5.402421 0.294680 0.013729 0.037281 -0.727362 -0.111356 -0.662946 0.138010
5.404764 0.294680 0.013729 0.037281 -0.719226 -0.122292 -0.668928 0.142460
5.407107 0.294791 0.013841 0.037281 -0.717617 -0.129634 -0.667544 0.150353
5.409450 0.294791 0.013841 0.037281 -0.709192 -0.140453 -0.673308 0.154841
5.411792 0.294791 0.013841 0.037281 -0.709192 -0.140453 -0.673308 0.154841
5.414135 0.294791 0.013841 0.037170 -0.709192 -0.140453 -0.673308 0.154841
5.416478 0.294903 0.013841 0.037170 -0.709346 -0.140849 -0.673154 0.154445
5.418821 0.294903 0.013841 0.037170 -0.709346 -0.140849 -0.673154 0.154445
5.421163 0.294903 0.013841 0.037170 -0.709346 -0.140849 -0.673154 0.154445
5.423506 0.295015 0.013841 0.037170 -0.709346 -0.140849 -0.673154 0.154445
5.425849 0.295015 0.013841 0.037170 -0.709346 -0.140849 -0.673154 0.154445
5.428192 0.295015 0.013841 0.037170 -0.711000 -0.133445 -0.674661 0.146643
5.430534 0.295015 0.013841 0.037170 -0.711000 -0.133445 -0.674661 0.146643
5.432877 0.295126 0.013841 0.037170 -0.711000 -0.133445 -0.674661 0.146643
5.435220 0.295126 0.013841 0.037170 -0.712568 -0.126025 -0.676086 0.138823
5.437563 0.295126 0.013841 0.037170 -0.712568 -0.126025 -0.676086 0.138823
5.439905 0.295126 0.013841 0.037170 -0.712568 -0.126025 -0.676086 0.138823
5.442248 0.295126 0.013729 0.037170 -0.712568 -0.126025 -0.676086 0.138823
5.444591 0.295126 0.013729 0.037170 -0.714050 -0.118590 -0.677430 0.130986
5.446934 0.295126 0.013729 0.037170 -0.715310 -0.110738 -0.678828 0.123536
5.449277 0.295126 0.013729 0.037170 -0.715310 -0.110738 -0.678828 0.123536
5.451619 0.295238 0.013618 0.037170 -0.715310 -0.110738 -0.678828 0.123536
5.453962 0.295238 0.013618 0.037170 -0.716484 -0.102873 -0.680144 0.116071
5.456305 0.295238 0.013618 0.037170 -0.716484 -0.102873 -0.680144 0.116071
5.458648 0.295238 0.013618 0.037170 -0.715165 -0.110339 -0.678973 0.123935
5.460990 0.295238 0.013506 0.037170 -0.716334 -0.102475 -0.680293 0.116469
5.463333 0.295238 0.013506 0.037170 -0.716334 -0.102475 -0.680293 0.116469
5.465676 0.295238 0.013506 0.037170 -0.716334 -0.102475 -0.680293 0.116469
5.468019 0.295238 0.013395 0.037170 -0.724371 -0.091673 -0.674073 0.111841
5.470361 0.295238 0.013395 0.037170 -0.724371 -0.091673 -0.674073 0.111841
5.472704 0.295238 0.013395 0.037281 -0.724371 -0.091673 -0.674073 0.111841
5.475047 0.295238 0.013283 0.037281 -0.731238 -0.088736 -0.666533 0.114680
5.477390 0.295238 0.013283 0.037281 -0.731238 -0.088736 -0.666533 0.114680
5.479733 0.295238 0.013283 0.037281 -0.738016 -0.085788 -0.658912 0.117506
5.482075 0.295349 0.013283 0.037281 -0.738016 -0.085788 -0.658912 0.117506
5.484418 0.295349 0.013283 0.037393 -0.744706 -0.082829 -0.651212 0.120317
5.486761 0.295349 0.013283 0.037393 -0.744706 -0.082829 -0.651212 0.120317
5.489104 0.295349 0.013283 0.037393 -0.743339 -0.089979 -0.650262 0.128491
5.491446 0.295349 0.013283 0.037393 -0.743751 -0.091006 -0.649851 0.127464
5.493789 0.295349 0.013283 0.037505 -0.750382 -0.088110 -0.642042 0.130175
5.496132 0.295461 0.013283 0.037505 -0.749369 -0.096348 -0.640573 0.137221
5.498475 0.295461 0.013283 0.037505 -0.747816 -0.103380 -0.639476 0.145445
5.500817 0.295461 0.013283 0.037505 -0.739970 -0.114425 -0.645675 0.149849
5.503160 0.295461 0.013283 0.037505 -0.739970 -0.114425 -0.645675 0.149849
5.505503 0.295573 0.013283 0.037505 -0.738668 -0.122547 -0.643990 0.156934
5.507846 0.295573 0.013283 0.037505 -0.731883 -0.125295 -0.651777 0.154389
5.510188 0.295573 0.013283 0.037505 -0.730462 -0.133328 -0.650041 0.161540
5.512531 0.295684 0.013283 0.037505 -0.721768 -0.143203 -0.656243 0.167001
5.514874 0.295684 0.013395 0.037505 -0.720151 -0.151123 -0.654369 0.174200
5.517217 0.295684 0.013395 0.037505 -0.713159 -0.153771 -0.662023 0.171709
5.519560 0.295796 0.013395 0.037505 -0.709417 -0.168839 -0.658282 0.186777
5.521902 0.295796 0.013395 0.037505 -0.702337 -0.171473 -0.665855 0.184271
5.524245 0.295796 0.013395 0.037505 -0.693134 -0.181474 -0.671395 0.189369
5.526588 0.295796 0.013395 0.037505 -0.691099 -0.189077 -0.669274 0.196734
5.528931 0.295908 0.013395 0.037505 -0.681675 -0.199094 -0.674539 0.201686
5.531273 0.295908 0.013395 0.037505 -0.679447 -0.206571 -0.672282 0.209085
5.533616 0.295908 0.013395 0.037505 -0.677109 -0.213945 -0.669972 0.216537
5.535959 0.295908 0.013283 0.037505 -0.669806 -0.216596 -0.677273 0.213884
5.538302 0.296019 0.013283 0.037505 -0.657532 -0.233966 -0.679601 0.225951
5.540644 0.296019 0.013283 0.037505 -0.652318 -0.248600 -0.674388 0.240584
5.542987 0.296019 0.013283 0.037393 -0.639324 -0.265704 -0.675994 0.252386
5.545330 0.296019 0.013283 0.037393 -0.639324 -0.265704 -0.675994 0.252386
5.547673 0.296019 0.013283 0.037393 -0.625939 -0.282642 -0.677205 0.264022
5.550016 0.296019 0.013283 0.037393 -0.612169 -0.299401 -0.678024 0.275483
5.552358 0.296019 0.013283 0.037393 -0.609106 -0.306832 -0.674694 0.282192
5.554701 0.296019 0.013283 0.037393 -0.598021 -0.315971 -0.678457 0.286757
5.557044 0.296019 0.013283 0.037393 -0.583501 -0.332338 -0.678509 0.297832
5.559387 0.296019 0.013283 0.037393 -0.568617 -0.348491 -0.678185 0.308696
5.561729 0.296019 0.013283 0.037393 -0.553377 -0.364418 -0.677492 0.319341
5.564072 0.296019 0.013283 0.037393 -0.545717 -0.377857 -0.669832 0.332780
5.566415 0.296019 0.013283 0.037393 -0.529843 -0.393362 -0.668490 0.343006
5.568758 0.296019 0.013283 0.037393 -0.513635 -0.408611 -0.666798 0.352983
5.571100 0.296019 0.013283 0.037393 -0.505126 -0.421487 -0.658289 0.365859
5.573443 0.296019 0.013395 0.037393 -0.493086 -0.430871 -0.660067 0.368140
5.575786 0.296019 0.013395 0.037393 -0.484170 -0.443443 -0.651150 0.380712
5.578129 0.296019 0.013395 0.037393 -0.474979 -0.455815 -0.641960 0.393084
5.580472 0.296019 0.013395 0.037393 -0.465519 -0.467983 -0.632499 0.405252
5.582814 0.296019 0.013395 0.037393 -0.457510 -0.470055 -0.638908 0.401907
5.585157 0.296019 0.013395 0.037393 -0.447798 -0.481994 -0.629197 0.413847
5.587500 0.296019 0.013395 0.037505 -0.442476 -0.486885 -0.624612 0.420734
5.589843 0.296019 0.013395 0.037505 -0.442476 -0.486885 -0.624612 0.420734
5.592185 0.296131 0.013395 0.037505 -0.442476 -0.486885 -0.624612 0.420734
5.594528 0.296131 0.013395 0.037505 -0.432377 -0.498498 -0.614513 0.432347
5.596871 0.296131 0.013395 0.037505 -0.432377 -0.498498 -0.614513 0.432347
5.599214 0.296131 0.013395 0.037505 -0.432377 -0.498498 -0.614513 0.432347
5.601556 0.296131 0.013395 0.037505 -0.426874 -0.503218 -0.609726 0.439072
5.603899 0.296131 0.013395 0.037505 -0.426874 -0.503218 -0.609726 0.439072
5.606242 0.296131 0.013395 0.037616 -0.426874 -0.503218 -0.609726 0.439072
5.608585 0.296131 0.013395 0.037616 -0.426874 -0.503218 -0.609726 0.439072
5.610927 0.296131 0.013395 0.037616 -0.422025 -0.509886 -0.604161 0.443735
5.613270 0.296131 0.013395 0.037616 -0.422025 -0.509886 -0.604161 0.443735
5.615613 0.296131 0.013395 0.037616 -0.422025 -0.509886 -0.604161 0.443735
5.617956 0.296131 0.013395 0.037616 -0.422025 -0.509886 -0.604161 0.443735
5.620299 0.296131 0.013395 0.037616 -0.422025 -0.509886 -0.604161 0.443735
5.622641 0.296131 0.013395 0.037616 -0.413987 -0.511757 -0.610578 0.440357
5.624984 0.296131 0.013395 0.037616 -0.413987 -0.511757 -0.610578 0.440357
5.627327 0.296131 0.013395 0.037616 -0.413987 -0.511757 -0.610578 0.440357
5.629670 0.296131 0.013395 0.037616 -0.413987 -0.511757 -0.610578 0.440357
5.632012 0.296131 0.013395 0.037616 -0.409124 -0.518434 -0.604918 0.444879
5.634355 0.296131 0.013395 0.037616 -0.414795 -0.513908 -0.609769 0.438206
5.636698 0.296242 0.013395 0.037616 -0.406766 -0.515876 -0.616053 0.434617
5.639041 0.296242 0.013395 0.037616 -0.406766 -0.515876 -0.616053 0.434617
5.641383 0.296242 0.013395 0.037616 -0.412409 -0.511376 -0.620791 0.427823
5.643726 0.296242 0.013283 0.037616 -0.412409 -0.511376 -0.620791 0.427823
5.646069 0.296242 0.013283 0.037616 -0.412409 -0.511376 -0.620791 0.427823
5.648412 0.296242 0.013283 0.037616 -0.404353 -0.513370 -0.626960 0.424113
5.650755 0.296354 0.013283 0.037616 -0.409968 -0.508897 -0.631581 0.417199
5.653097 0.296354 0.013283 0.037616 -0.401885 -0.510918 -0.637633 0.413372
5.655440 0.296354 0.013283 0.037616 -0.401885 -0.510918 -0.637633 0.413372
5.657783 0.296354 0.013283 0.037616 -0.393753 -0.512877 -0.643607 0.409494
5.660126 0.296466 0.013171 0.037616 -0.381095 -0.521879 -0.643809 0.409779
5.662468 0.296466 0.013171 0.037616 -0.372913 -0.523778 -0.649607 0.405712
5.664811 0.296577 0.013171 0.037616 -0.364686 -0.525614 -0.655327 0.401597
5.667154 0.296577 0.013171 0.037505 -0.356415 -0.527387 -0.660967 0.397434
5.669497 0.296577 0.013171 0.037505 -0.348101 -0.529095 -0.666528 0.393222
5.671839 0.296689 0.013171 0.037505 -0.329520 -0.541744 -0.661783 0.399967
5.674182 0.296689 0.013171 0.037505 -0.321153 -0.543292 -0.667212 0.395629
5.676525 0.296800 0.013171 0.037393 -0.312748 -0.544775 -0.672561 0.391242
5.678868 0.296800 0.013171 0.037393 -0.298286 -0.549502 -0.673538 0.394232
5.681211 0.296912 0.013171 0.037393 -0.285492 -0.558184 -0.672682 0.392969
5.683553 0.296912 0.013171 0.037393 -0.277012 -0.559432 -0.677821 0.388406
5.685896 0.297024 0.013060 0.037393 -0.270850 -0.562441 -0.673513 0.395829
5.688239 0.297024 0.013060 0.037393 -0.262324 -0.563528 -0.678621 0.391275
5.690582 0.297024 0.013060 0.037281 -0.258010 -0.570949 -0.672389 0.394133
5.692924 0.297024 0.013060 0.037281 -0.258010 -0.570949 -0.672389 0.394133
5.695267 0.297024 0.013060 0.037281 -0.258010 -0.570949 -0.672389 0.394133
5.697610 0.297024 0.013060 0.037281 -0.258010 -0.570949 -0.672389 0.394133
5.699953 0.297024 0.012948 0.037281 -0.258010 -0.570949 -0.672389 0.394133
5.702295 0.297135 0.012948 0.037281 -0.262087 -0.577103 -0.660993 0.401684
5.704638 0.297135 0.012948 0.037281 -0.255732 -0.579947 -0.656540 0.408922
5.706981 0.297135 0.012948 0.037281 -0.255732 -0.579947 -0.656540 0.408922
5.709324 0.297135 0.012948 0.037281 -0.255732 -0.579947 -0.656540 0.408922
5.711666 0.297135 0.012948 0.037281 -0.251224 -0.587125 -0.650129 0.411707
5.714009 0.297135 0.012948 0.037281 -0.259577 -0.585892 -0.644929 0.416434
5.716352 0.297135 0.012948 0.037281 -0.253125 -0.588708 -0.640315 0.423494
5.718695 0.297135 0.012948 0.037281 -0.253125 -0.588708 -0.640315 0.423494
5.721038 0.297247 0.012948 0.037281 -0.246642 -0.591454 -0.635624 0.430503
5.723380 0.297247 0.012948 0.037281 -0.241898 -0.598401 -0.629087 0.433187
5.725723 0.297247 0.012948 0.037281 -0.233570 -0.599509 -0.634379 0.428483
5.728066 0.297359 0.012948 0.037281 -0.226970 -0.602039 -0.629633 0.435427
5.730409 0.297359 0.012948 0.037281 -0.222172 -0.608919 -0.622981 0.437894
5.732751 0.297359 0.012948 0.037281 -0.213858 -0.609921 -0.628237 0.433105
5.735094 0.297359 0.012948 0.037170 -0.207144 -0.612233 -0.623441 0.439980
5.737437 0.297470 0.012948 0.037170 -0.207144 -0.612233 -0.623441 0.439980
5.739780 0.297470 0.012948 0.037170 -0.198794 -0.613069 -0.628674 0.435196
5.742122 0.297470 0.012948 0.037170 -0.198794 -0.613069 -0.628674 0.435196
5.744465 0.297470 0.012948 0.037170 -0.185681 -0.620757 -0.627050 0.432425
5.746808 0.297582 0.012836 0.037170 -0.185681 -0.620757 -0.627050 0.432425
5.749151 0.297582 0.012836 0.037058 -0.177338 -0.621501 -0.632123 0.427444
5.751494 0.297582 0.012836 0.037058 -0.170500 -0.623412 -0.627389 0.434363
5.753836 0.297582 0.012836 0.037058 -0.170500 -0.623412 -0.627389 0.434363
5.756179 0.297582 0.012836 0.037058 -0.166836 -0.617003 -0.639257 0.427578
5.758522 0.297582 0.012836 0.037058 -0.166836 -0.617003 -0.639257 0.427578
5.760865 0.297582 0.012836 0.037058 -0.166836 -0.617003 -0.639257 0.427578
5.763207 0.297582 0.012836 0.037058 -0.166836 -0.617003 -0.639257 0.427578
5.765550 0.297693 0.012836 0.037058 -0.166836 -0.617003 -0.639257 0.427578
5.767893 0.297693 0.012836 0.037058 -0.160047 -0.618798 -0.634521 0.434576
5.770236 0.297693 0.012836 0.037058 -0.164812 -0.611790 -0.641281 0.432791
5.772578 0.297693 0.012836 0.037058 -0.164812 -0.611790 -0.641281 0.432791
5.774921 0.297693 0.012836 0.037058 -0.171441 -0.606312 -0.638020 0.442633
5.777264 0.297693 0.012836 0.037058 -0.171441 -0.606312 -0.638020 0.442633
5.779607 0.297693 0.012836 0.037058 -0.176293 -0.599266 -0.644643 0.440723
5.781949 0.297693 0.012836 0.037058 -0.178267 -0.601023 -0.634464 0.452159
5.784292 0.297693 0.012836 0.037058 -0.183224 -0.594016 -0.641028 0.450174
5.786635 0.297693 0.012836 0.037058 -0.183224 -0.594016 -0.641028 0.450174
5.788978 0.297693 0.012836 0.037058 -0.188158 -0.586938 -0.647516 0.448134
5.791321 0.297693 0.012836 0.037058 -0.201755 -0.579750 -0.648546 0.450082
5.793663 0.297693 0.012836 0.037058 -0.201755 -0.579750 -0.648546 0.450082
5.796006 0.297693 0.012836 0.037058 -0.209088 -0.574873 -0.644415 0.458838
5.798349 0.297693 0.012836 0.037170 -0.220340 -0.565372 -0.655668 0.449337
5.800692 0.297693 0.012836 0.037170 -0.225264 -0.558134 -0.661840 0.446890
5.803034 0.297693 0.012836 0.037170 -0.234023 -0.558138 -0.656302 0.450536
5.805377 0.297693 0.012836 0.037170 -0.238959 -0.550894 -0.662394 0.447938
5.807720 0.297693 0.012836 0.037170 -0.252674 -0.543643 -0.662789 0.448685
5.810063 0.297693 0.012836 0.037170 -0.257588 -0.536329 -0.668722 0.445882
5.812405 0.297693 0.012836 0.037170 -0.271320 -0.529069 -0.668878 0.446177
5.814748 0.297693 0.012836 0.037170 -0.277116 -0.526056 -0.673739 0.438802
5.817091 0.297693 0.012836 0.037281 -0.290771 -0.518644 -0.673735 0.438795
5.819434 0.297693 0.012836 0.037281 -0.295574 -0.511211 -0.679393 0.435574
5.821777 0.297693 0.012836 0.037281 -0.309221 -0.503803 -0.679145 0.435118
5.824119 0.297693 0.012836 0.037281 -0.313982 -0.496312 -0.684639 0.431694
5.826462 0.297693 0.012836 0.037281 -0.318706 -0.488760 -0.690050 0.428219
5.828805 0.297693 0.012725 0.037281 -0.332320 -0.481370 -0.689477 0.427163
5.831148 0.297693 0.012725 0.037281 -0.332320 -0.481370 -0.689477 0.427163
5.833490 0.297693 0.012725 0.037281 -0.336993 -0.473767 -0.694723 0.423486
5.835833 0.297693 0.012725 0.037281 -0.350564 -0.466400 -0.693907 0.421982
5.838176 0.297693 0.012725 0.037281 -0.355179 -0.458748 -0.698989 0.418106
5.840519 0.297693 0.012725 0.037393 -0.359751 -0.451041 -0.703987 0.414178
5.842861 0.297693 0.012725 0.037393 -0.359388 -0.447255 -0.704350 0.417964
5.845204 0.297693 0.012725 0.037393 -0.363958 -0.439490 -0.709221 0.413991
5.847547 0.297805 0.012725 0.037393 -0.368484 -0.431672 -0.714007 0.409967
5.849890 0.297805 0.012725 0.037393 -0.372966 -0.423802 -0.718706 0.405894
5.852233 0.297805 0.012725 0.037393 -0.377402 -0.415880 -0.723319 0.401772
5.854575 0.297917 0.012725 0.037393 -0.381793 -0.407909 -0.727844 0.397602
5.856918 0.297917 0.012725 0.037393 -0.386138 -0.399888 -0.732281 0.393384
5.859261 0.297917 0.012725 0.037281 -0.390437 -0.391819 -0.736630 0.389118
5.861604 0.298028 0.012725 0.037281 -0.394688 -0.383703 -0.740890 0.384805
5.863946 0.298028 0.012725 0.037281 -0.398892 -0.375540 -0.745061 0.380446
5.866289 0.298028 0.012725 0.037393 -0.403047 -0.367332 -0.749142 0.376040
5.868632 0.298140 0.012725 0.037393 -0.407154 -0.359080 -0.753132 0.371590
5.870975 0.298140 0.012613 0.037393 -0.415041 -0.346245 -0.761019 0.358755
5.873317 0.298140 0.012613 0.037393 -0.418957 -0.337864 -0.764777 0.354174
5.875660 0.298252 0.012613 0.037393 -0.426638 -0.320979 -0.772015 0.344884
5.878003 0.298252 0.012613 0.037393 -0.430401 -0.312479 -0.775495 0.340176
5.880346 0.298252 0.012613 0.037393 -0.437425 -0.299152 -0.782519 0.326850
5.882688 0.298252 0.012502 0.037393 -0.444501 -0.281888 -0.788903 0.317160
5.885031 0.298252 0.012502 0.037393 -0.447958 -0.273204 -0.791952 0.312258
5.887374 0.298252 0.012502 0.037393 -0.457493 -0.250727 -0.801037 0.293558
5.889717 0.298363 0.012502 0.037393 -0.460690 -0.241911 -0.803743 0.288514
5.892060 0.298363 0.012390 0.037393 -0.466918 -0.224194 -0.808864 0.278322
5.894402 0.298363 0.012390 0.037393 -0.469947 -0.215294 -0.811278 0.273176
5.896745 0.298363 0.012390 0.037393 -0.475836 -0.197418 -0.815813 0.262785
5.899088 0.298363 0.012390 0.037393 -0.478694 -0.188443 -0.817932 0.257541
5.901431 0.298252 0.012390 0.037393 -0.484237 -0.170427 -0.821875 0.246962
5.903773 0.298252 0.012390 0.037393 -0.477747 -0.159073 -0.829157 0.242799
5.906116 0.298252 0.012390 0.037393 -0.482966 -0.140818 -0.832452 0.232244
5.908459 0.298252 0.012390 0.037393 -0.485488 -0.131664 -0.833949 0.226924
5.910802 0.298363 0.012390 0.037393 -0.486577 -0.127847 -0.832861 0.230741
5.913144 0.298363 0.012390 0.037393 -0.491529 -0.109518 -0.835468 0.219995
5.915487 0.298363 0.012390 0.037393 -0.492784 -0.105753 -0.834213 0.223760
5.917830 0.298363 0.012390 0.037393 -0.495213 -0.096581 -0.835325 0.218332
5.920173 0.298363 0.012390 0.037393 -0.496591 -0.092860 -0.833946 0.222054
5.922516 0.298363 0.012390 0.037393 -0.499001 -0.083692 -0.834916 0.216585
5.924858 0.298363 0.012390 0.037393 -0.503639 -0.065328 -0.836553 0.205569
5.927201 0.298475 0.012390 0.037393 -0.505220 -0.061688 -0.834972 0.209209
5.929544 0.298475 0.012390 0.037393 -0.507488 -0.052511 -0.835600 0.203646
5.931887 0.298475 0.012390 0.037505 -0.509188 -0.048925 -0.833900 0.207233
5.934229 0.298475 0.012390 0.037505 -0.510966 -0.045377 -0.832122 0.210781
5.936572 0.298475 0.012390 0.037505 -0.521812 -0.040093 -0.827834 0.201980
5.938915 0.298586 0.012390 0.037505 -0.523627 -0.036750 -0.826019 0.205322
5.941258 0.298586 0.012390 0.037505 -0.517115 -0.029300 -0.828705 0.212087
5.943600 0.298586 0.012390 0.037505 -0.519414 -0.020194 -0.828977 0.206393
5.945943 0.298698 0.012390 0.037505 -0.521497 -0.016816 -0.826894 0.209771
5.948286 0.298698 0.012390 0.037505 -0.515405 -0.009004 -0.828991 0.216911
5.950629 0.298698 0.012390 0.037505 -0.517727 -0.005584 -0.826669 0.220331
5.952971 0.298810 0.012390 0.037393 -0.512000 0.002534 -0.828238 0.227751
5.955314 0.298810 0.012390 0.037393 -0.511997 -0.003091 -0.825686 0.236837
5.957657 0.298810 0.012390 0.037393 -0.506570 0.005297 -0.826802 0.244451
5.960000 0.298921 0.012390 0.037393 -0.498559 0.004790 -0.827643 0.257727
5.962343 0.298921 0.012390 0.037281 -0.501360 0.013882 -0.827540 0.252234
5.964685 0.299033 0.012390 0.037281 -0.493486 0.013557 -0.828093 0.265613
5.967028 0.299033 0.012390 0.037281 -0.493605 0.008135 -0.825125 0.274694
5.969371 0.299145 0.012390 0.037281 -0.493665 0.002712 -0.822057 0.283743
5.971714 0.299145 0.012502 0.037281 -0.496851 0.006285 -0.818871 0.287315
5.974056 0.299256 0.012502 0.037281 -0.496851 0.006285 -0.818871 0.287315
5.976399 0.299256 0.012502 0.037281 -0.496890 0.000826 -0.815665 0.296294
5.978742 0.299368 0.012502 0.037281 -0.500116 0.009787 -0.815606 0.290818
5.981085 0.299368 0.012502 0.037393 -0.507777 0.004188 -0.812548 0.286202
5.983427 0.299368 0.012502 0.037393 -0.507792 -0.001391 -0.809354 0.295111
5.985770 0.299479 0.012502 0.037393 -0.518490 0.001785 -0.806278 0.284748
5.988113 0.299479 0.012502 0.037393 -0.518490 0.001785 -0.806278 0.284748
5.990456 0.299591 0.012502 0.037393 -0.525913 -0.003931 -0.803138 0.279947
5.992799 0.299591 0.012502 0.037505 -0.528979 -0.000919 -0.800072 0.282959
5.995141 0.299703 0.012502 0.037505 -0.536222 -0.006750 -0.796952 0.278008
5.997484 0.299703 0.012502 0.037505 -0.539243 0.002006 -0.796978 0.272101
5.999827 0.299814 0.012502 0.037505 -0.546376 0.002143 -0.796712 0.258301
6.002170 0.299814 0.012502 0.037505 -0.546376 0.002143 -0.796712 0.258301
6.004512 0.299926 0.012502 0.037505 -0.546376 0.002143 -0.796712 0.258301
6.006855 0.299926 0.012502 0.037505 -0.553497 -0.003643 -0.793408 0.253242
6.009198 0.300038 0.012502 0.037505 -0.556245 0.005073 -0.793400 0.247146
6.011541 0.300038 0.012502 0.037505 -0.556245 0.005073 -0.793400 0.247146
6.013883 0.300149 0.012390 0.037505 -0.556245 0.005073 -0.793400 0.247146
6.016226 0.300149 0.012390 0.037505 -0.556156 0.011184 -0.796068 0.238415
6.018569 0.300261 0.012390 0.037393 -0.556156 0.011184 -0.796068 0.238415
6.020912 0.300261 0.012390 0.037393 -0.556156 0.011184 -0.796068 0.238415
6.023255 0.300372 0.012278 0.037393 -0.556000 0.017293 -0.798639 0.229655
6.025597 0.300372 0.012278 0.037281 -0.556000 0.017293 -0.798639 0.229655
6.027940 0.300484 0.012278 0.037281 -0.556000 0.017293 -0.798639 0.229655
6.030283 0.300484 0.012278 0.037281 -0.555776 0.023401 -0.801114 0.220867
6.032626 0.300596 0.012167 0.037170 -0.555776 0.023401 -0.801114 0.220867
6.034968 0.300596 0.012167 0.037170 -0.555776 0.023401 -0.801114 0.220867
6.037311 0.300707 0.012167 0.037170 -0.555485 0.029505 -0.803492 0.212053
6.039654 0.300819 0.012167 0.037170 -0.553122 0.020676 -0.803767 0.218142
6.041997 0.300819 0.012167 0.037058 -0.553122 0.020676 -0.803767 0.218142
6.044339 0.300930 0.012055 0.037058 -0.550692 0.011844 -0.803946 0.224206
6.046682 0.300930 0.012055 0.037058 -0.550692 0.011844 -0.803946 0.224206
6.049025 0.301042 0.012055 0.037058 -0.548196 0.003011 -0.804028 0.230242
6.051368 0.301042 0.012055 0.037058 -0.555604 -0.002379 -0.800289 0.225469
6.053710 0.301154 0.012055 0.037058 -0.553094 -0.011170 -0.800214 0.231559
6.056053 0.301154 0.011943 0.036947 -0.553094 -0.011170 -0.800214 0.231559
6.058396 0.301154 0.011943 0.036947 -0.543005 -0.014654 -0.803900 0.242231
6.060739 0.301265 0.011943 0.036947 -0.540311 -0.023485 -0.803690 0.248182
6.063082 0.301265 0.011943 0.036947 -0.540311 -0.023485 -0.803690 0.248182
6.065424 0.301265 0.011832 0.036947 -0.537165 -0.038217 -0.800544 0.262914
6.067767 0.301265 0.011832 0.036947 -0.537165 -0.038217 -0.800544 0.262914
6.070110 0.301377 0.011832 0.036835 -0.526087 -0.047526 -0.800910 0.281986
6.072453 0.301377 0.011832 0.036835 -0.522957 -0.056322 -0.800340 0.287749
6.074795 0.301377 0.011720 0.036835 -0.522957 -0.056322 -0.800340 0.287749
6.077138 0.301489 0.011720 0.036835 -0.519018 -0.070817 -0.796400 0.302244
6.079481 0.301489 0.011720 0.036835 -0.515666 -0.079563 -0.795574 0.307928
6.081824 0.301600 0.011609 0.036835 -0.514761 -0.085223 -0.792143 0.316650
6.084166 0.301600 0.011609 0.036835 -0.511251 -0.093920 -0.791159 0.322286
6.086509 0.301712 0.011609 0.036835 -0.510188 -0.099531 -0.787571 0.330958
6.088852 0.301712 0.011609 0.036947 -0.514187 -0.113564 -0.782439 0.332420
6.091195 0.301823 0.011497 0.036947 -0.514187 -0.113564 -0.782439 0.332420
6.093538 0.301823 0.011497 0.036947 -0.510504 -0.122154 -0.781145 0.338049
6.095880 0.301935 0.011385 0.036947 -0.516721 -0.133166 -0.773285 0.342486
6.098223 0.302047 0.011385 0.036947 -0.516721 -0.133166 -0.773285 0.342486
6.100566 0.302047 0.011385 0.036947 -0.524248 -0.138562 -0.769093 0.338320
6.102909 0.302158 0.011274 0.036947 -0.520500 -0.147003 -0.767524 0.344059
6.105251 0.302270 0.011274 0.036947 -0.520500 -0.147003 -0.767524 0.344059
6.107594 0.302270 0.011274 0.036835 -0.520500 -0.147003 -0.767524 0.344059
6.109937 0.302382 0.011162 0.036835 -0.520500 -0.147003 -0.767524 0.344059
6.112280 0.302382 0.011162 0.036835 -0.518853 -0.152712 -0.763698 0.352471
6.114622 0.302493 0.011162 0.036723 -0.518853 -0.152712 -0.763698 0.352471
6.116965 0.302493 0.011162 0.036723 -0.509691 -0.152889 -0.763940 0.365015
6.119308 0.302605 0.011162 0.036612 -0.509691 -0.152889 -0.763940 0.365015
6.121651 0.302716 0.011050 0.036612 -0.500527 -0.152864 -0.763906 0.377561
6.123994 0.302716 0.011050 0.036612 -0.491366 -0.152638 -0.763597 0.390104
6.126336 0.302716 0.011050 0.036500 -0.495622 -0.144240 -0.765228 0.384682
6.128679 0.302828 0.011162 0.036500 -0.494007 -0.149676 -0.760955 0.393065
6.131022 0.302940 0.011162 0.036500 -0.492333 -0.155095 -0.756591 0.401402
6.133365 0.302940 0.011162 0.036500 -0.490600 -0.160494 -0.752136 0.409689
6.135707 0.302940 0.011162 0.036500 -0.488807 -0.165874 -0.747589 0.417928
6.138050 0.303051 0.011162 0.036500 -0.498636 -0.169257 -0.741275 0.416205
6.140393 0.303051 0.011162 0.036500 -0.496746 -0.174724 -0.736658 0.424323
6.142736 0.303163 0.011162 0.036500 -0.501628 -0.186497 -0.728449 0.427727
6.145078 0.303163 0.011162 0.036612 -0.506249 -0.198374 -0.720168 0.430949
6.147421 0.303275 0.011162 0.036612 -0.521800 -0.208958 -0.710498 0.423384
6.149764 0.303275 0.011162 0.036723 -0.528190 -0.215373 -0.706825 0.418363
6.152107 0.303275 0.011162 0.036835 -0.542777 -0.226406 -0.697226 0.409889
6.154449 0.303386 0.011162 0.036835 -0.546255 -0.238866 -0.688939 0.412202
6.156792 0.303386 0.011162 0.036947 -0.562430 -0.244302 -0.683932 0.395255
6.159135 0.303498 0.011162 0.037058 -0.565379 -0.256995 -0.675690 0.397170
6.161478 0.303498 0.011162 0.037058 -0.572396 -0.262401 -0.670331 0.392639
6.163821 0.303498 0.011162 0.037170 -0.579097 -0.268010 -0.665139 0.387825
6.166163 0.303609 0.011162 0.037170 -0.584285 -0.274647 -0.661309 0.381903
6.168506 0.303609 0.011050 0.037170 -0.593498 -0.274012 -0.660449 0.369438
6.170849 0.303609 0.011050 0.037281 -0.590451 -0.280515 -0.656351 0.376672
6.173192 0.303721 0.011050 0.037281 -0.594554 -0.273288 -0.659393 0.370162
6.175534 0.303721 0.011050 0.037281 -0.591516 -0.279803 -0.655287 0.377384
6.177877 0.303833 0.011050 0.037281 -0.591516 -0.279803 -0.655287 0.377384
6.180220 0.303833 0.011050 0.037281 -0.588406 -0.286285 -0.651101 0.384560
6.182563 0.303944 0.011050 0.037281 -0.588406 -0.286285 -0.651101 0.384560
6.184905 0.303944 0.010939 0.037281 -0.583644 -0.279436 -0.654662 0.390759
6.187248 0.303944 0.010939 0.037170 -0.583644 -0.279436 -0.654662 0.390759
6.189591 0.304056 0.010939 0.037170 -0.576132 -0.292958 -0.647151 0.404282
6.191934 0.304056 0.010939 0.037170 -0.566764 -0.293192 -0.647459 0.416670
6.194277 0.304167 0.010939 0.037170 -0.562152 -0.300287 -0.644199 0.422872
6.196619 0.304167 0.010939 0.037058 -0.557472 -0.307346 -0.640861 0.429022
6.198962 0.304279 0.010939 0.037058 -0.549238 -0.320421 -0.632627 0.442098
6.201305 0.304279 0.010939 0.037058 -0.544348 -0.327352 -0.629069 0.448105
6.203648 0.304279 0.010939 0.037058 -0.539392 -0.334243 -0.625435 0.454058
6.205990 0.304279 0.010939 0.036947 -0.529286 -0.347904 -0.617940 0.465799
6.208333 0.304279 0.010939 0.036947 -0.524137 -0.354672 -0.614081 0.471586
6.210676 0.304279 0.010827 0.036947 -0.514961 -0.380245 -0.596623 0.484014
6.213019 0.304391 0.010827 0.036835 -0.509613 -0.386777 -0.592409 0.489643
6.215361 0.304391 0.010827 0.036835 -0.509651 -0.399667 -0.583736 0.489668
6.217704 0.304391 0.010827 0.036835 -0.503270 -0.406891 -0.580281 0.494402
6.220047 0.304391 0.010827 0.036835 -0.503444 -0.419387 -0.571050 0.494531
6.222390 0.304391 0.010716 0.036835 -0.503615 -0.431677 -0.561548 0.494663
6.224732 0.304391 0.010716 0.036723 -0.498150 -0.437820 -0.556771 0.500166
6.227075 0.304391 0.010716 0.036723 -0.498316 -0.449790 -0.546869 0.500304
6.229418 0.304391 0.010716 0.036723 -0.492790 -0.455771 -0.541895 0.505748
6.231761 0.304391 0.010716 0.036723 -0.498480 -0.461540 -0.536706 0.500445
6.234104 0.304391 0.010604 0.036612 -0.492952 -0.467409 -0.531603 0.505891
6.236446 0.304391 0.010604 0.036612 -0.487364 -0.473221 -0.526436 0.511276
6.238789 0.304502 0.010604 0.036612 -0.493111 -0.478817 -0.521058 0.506038
6.241132 0.304502 0.010604 0.036612 -0.482169 -0.489839 -0.510117 0.517060
6.243475 0.304502 0.010604 0.036500 -0.476460 -0.495414 -0.504705 0.522326
6.245817 0.304502 0.010604 0.036500 -0.476460 -0.495414 -0.504705 0.522326
6.248160 0.304614 0.010604 0.036500 -0.470693 -0.500929 -0.499231 0.527529
6.250503 0.304614 0.010604 0.036500 -0.476492 -0.506349 -0.493668 0.522358
6.252846 0.304726 0.010604 0.036500 -0.470724 -0.511742 -0.488075 0.527562
6.255188 0.304726 0.010604 0.036500 -0.470724 -0.511742 -0.488075 0.527562
6.257531 0.304726 0.010604 0.036500 -0.470755 -0.522307 -0.476684 0.527595
6.259874 0.304726 0.010492 0.036500 -0.470755 -0.522307 -0.476684 0.527595
6.262217 0.304726 0.010492 0.036500 -0.476608 -0.527416 -0.470832 0.522488
6.264560 0.304837 0.010492 0.036500 -0.476608 -0.527416 -0.470832 0.522488
6.266902 0.304837 0.010492 0.036500 -0.476608 -0.527416 -0.470832 0.522488
6.269245 0.304837 0.010492 0.036500 -0.476748 -0.537470 -0.458989 0.522653
6.271588 0.304837 0.010492 0.036500 -0.476748 -0.537470 -0.458989 0.522653
6.273931 0.304837 0.010492 0.036500 -0.482600 -0.542318 -0.452913 0.517550
6.276273 0.304837 0.010492 0.036500 -0.482600 -0.542318 -0.452913 0.517550
6.278616 0.304837 0.010492 0.036500 -0.482734 -0.551976 -0.440745 0.517719
6.280959 0.304837 0.010492 0.036500 -0.482734 -0.551976 -0.440745 0.517719
6.283302 0.304837 0.010492 0.036500 -0.476641 -0.557247 -0.435031 0.522530
6.285644 0.304837 0.010492 0.036500 -0.476641 -0.557247 -0.435031 0.522530
6.287987 0.304837 0.010492 0.036500 -0.464669 -0.567131 -0.423059 0.532415
6.290330 0.304837 0.010492 0.036500 -0.464104 -0.576972 -0.411069 0.531726
6.292673 0.304837 0.010492 0.036388 -0.457737 -0.582036 -0.405203 0.536210
6.295016 0.304837 0.010604 0.036388 -0.445349 -0.591381 -0.392814 0.545555
6.297358 0.304837 0.010604 0.036388 -0.438825 -0.596238 -0.386797 0.549838
6.299701 0.304837 0.010604 0.036388 -0.426135 -0.605169 -0.374107 0.558769
6.302044 0.304837 0.010716 0.036388 -0.419461 -0.609814 -0.367946 0.562846
6.304387 0.304837 0.010716 0.036388 -0.418177 -0.619319 -0.355833 0.561209
6.306729 0.304949 0.010827 0.036388 -0.405115 -0.627679 -0.342771 0.569570
6.309072 0.304949 0.010827 0.036388 -0.403541 -0.637003 -0.330615 0.567518
6.311415 0.304949 0.010827 0.036388 -0.395529 -0.649750 -0.311387 0.569579
6.313758 0.304949 0.010939 0.036388 -0.387323 -0.662110 -0.291976 0.571263
6.316100 0.304949 0.010939 0.036388 -0.385201 -0.671045 -0.279783 0.568367
6.318443 0.305060 0.010939 0.036500 -0.389280 -0.683141 -0.260393 0.560335
6.320786 0.305060 0.010939 0.036500 -0.386806 -0.691840 -0.248242 0.556879
6.323129 0.305060 0.010939 0.036612 -0.390772 -0.703070 -0.228484 0.548439
6.325471 0.305172 0.010939 0.036612 -0.395756 -0.707215 -0.222371 0.542011
6.327814 0.305172 0.010939 0.036723 -0.399743 -0.717513 -0.202195 0.533384
6.330157 0.305172 0.010939 0.036723 -0.409516 -0.725064 -0.189704 0.520184
6.332500 0.305284 0.010939 0.036723 -0.408662 -0.730680 -0.175407 0.518011
6.334843 0.305284 0.010827 0.036835 -0.418285 -0.737566 -0.162705 0.504541
6.337185 0.305284 0.010827 0.036835 -0.423021 -0.740875 -0.156324 0.497715
6.339528 0.305284 0.010827 0.036835 -0.422288 -0.745697 -0.141740 0.495498
6.341871 0.305395 0.010827 0.036835 -0.426997 -0.748757 -0.135288 0.488604
6.344214 0.305395 0.010827 0.036835 -0.426997 -0.748757 -0.135288 0.488604
6.346556 0.305395 0.010827 0.036835 -0.421603 -0.750198 -0.127054 0.493265
6.348899 0.305395 0.010827 0.036835 -0.421603 -0.750198 -0.127054 0.493265
6.351242 0.305395 0.010827 0.036835 -0.421603 -0.750198 -0.127054 0.493265
6.353585 0.305395 0.010827 0.036835 -0.421603 -0.750198 -0.127054 0.493265
6.355927 0.305507 0.010827 0.036723 -0.407877 -0.756075 -0.113328 0.499142
6.358270 0.305507 0.010827 0.036723 -0.407877 -0.756075 -0.113328 0.499142
6.360613 0.305507 0.010827 0.036723 -0.403050 -0.753105 -0.119771 0.506003
6.362956 0.305507 0.010827 0.036723 -0.403050 -0.753105 -0.119771 0.506003
6.365299 0.305507 0.010827 0.036612 -0.389155 -0.758696 -0.105876 0.511594
6.367641 0.305507 0.010827 0.036612 -0.389155 -0.758696 -0.105876 0.511594
6.369984 0.305507 0.010827 0.036612 -0.384238 -0.755652 -0.112263 0.518410
6.372327 0.305507 0.010827 0.036500 -0.384238 -0.755652 -0.112263 0.518410
6.374670 0.305507 0.010827 0.036500 -0.378519 -0.756840 -0.103954 0.522600
6.377012 0.305507 0.010827 0.036500 -0.378519 -0.756840 -0.103954 0.522600
6.379355 0.305507 0.010827 0.036500 -0.370181 -0.760952 -0.098207 0.523711
6.381698 0.305507 0.010827 0.036500 -0.375140 -0.763981 -0.091861 0.516879
6.384041 0.305507 0.010827 0.036500 -0.375140 -0.763981 -0.091861 0.516879
6.386383 0.305507 0.010939 0.036500 -0.375140 -0.763981 -0.091861 0.516879
6.388726 0.305507 0.010939 0.036500 -0.366725 -0.768056 -0.086177 0.517857
6.391069 0.305507 0.010939 0.036500 -0.371606 -0.771047 -0.079897 0.510894
6.393412 0.305507 0.010939 0.036500 -0.371606 -0.771047 -0.079897 0.510894
6.395755 0.305507 0.010939 0.036500 -0.367916 -0.778033 -0.068067 0.504647
6.398097 0.305507 0.010939 0.036500 -0.372676 -0.780890 -0.061847 0.497492
6.400440 0.305507 0.010939 0.036500 -0.372676 -0.780890 -0.061847 0.497492
6.402783 0.305507 0.010939 0.036500 -0.368759 -0.787751 -0.050229 0.490859
6.405126 0.305507 0.010939 0.036500 -0.373398 -0.790470 -0.044075 0.483517
6.407468 0.305507 0.010939 0.036500 -0.369257 -0.797198 -0.032682 0.476505
6.409811 0.305507 0.011050 0.036500 -0.368603 -0.800020 -0.017812 0.473058
6.412154 0.305507 0.011050 0.036612 -0.364323 -0.806485 -0.006585 0.465626
6.414497 0.305507 0.011050 0.036612 -0.368811 -0.808851 -0.000555 0.457971
6.416839 0.305507 0.011050 0.036612 -0.364321 -0.815172 0.010421 0.450174
6.419182 0.305507 0.011050 0.036612 -0.368695 -0.817391 0.016365 0.442343
6.421525 0.305507 0.011050 0.036612 -0.359207 -0.823213 0.036124 0.438161
6.423868 0.305507 0.011050 0.036612 -0.367863 -0.827122 0.047867 0.422202
6.426210 0.305507 0.011050 0.036612 -0.372125 -0.828927 0.053730 0.414146
6.428553 0.305507 0.011050 0.036723 -0.371347 -0.836366 0.069802 0.397141
6.430896 0.305507 0.011050 0.036723 -0.375455 -0.837915 0.075553 0.388874
6.433239 0.305507 0.011050 0.036723 -0.383536 -0.840710 0.087027 0.372200
6.435582 0.305507 0.011050 0.036723 -0.396734 -0.837648 0.088746 0.364792
6.437924 0.305507 0.011050 0.036723 -0.408357 -0.840799 0.091108 0.343512
6.440267 0.305619 0.010939 0.036723 -0.415800 -0.842620 0.102635 0.326447
6.442610 0.305619 0.010939 0.036835 -0.419446 -0.843378 0.108379 0.317855
6.444953 0.305619 0.010939 0.036835 -0.426586 -0.844589 0.119829 0.300557
6.447295 0.305619 0.010939 0.036835 -0.433260 -0.846370 0.116241 0.287110
6.449638 0.305619 0.010827 0.036835 -0.445881 -0.841935 0.118860 0.279656
6.451981 0.305619 0.010827 0.036947 -0.449177 -0.842210 0.124626 0.270909
6.454324 0.305619 0.010827 0.036947 -0.455271 -0.843764 0.121115 0.257142
6.456666 0.305730 0.010716 0.036947 -0.467604 -0.838812 0.124113 0.249675
6.459009 0.305730 0.010716 0.036947 -0.470638 -0.838811 0.129929 0.240862
6.461352 0.305730 0.010716 0.036947 -0.473616 -0.838708 0.135729 0.232020
6.463695 0.305730 0.010716 0.036947 -0.476537 -0.838505 0.141513 0.223150
6.466038 0.305730 0.010604 0.036947 -0.485720 -0.833219 0.139053 0.224692
6.468380 0.305730 0.010604 0.036947 -0.485720 -0.833219 0.139053 0.224692
6.470723 0.305730 0.010604 0.036947 -0.485720 -0.833219 0.139053 0.224692
6.473066 0.305842 0.010604 0.037058 -0.488579 -0.832883 0.144917 0.215859
6.475409 0.305842 0.010492 0.037058 -0.497700 -0.827465 0.142537 0.217438
6.477751 0.305842 0.010492 0.037058 -0.497700 -0.827465 0.142537 0.217438
6.480094 0.305842 0.010492 0.037058 -0.491380 -0.832446 0.150764 0.207000
6.482437 0.305842 0.010492 0.037058 -0.491380 -0.832446 0.150764 0.207000
6.484780 0.305842 0.010492 0.037058 -0.493624 -0.834053 0.141610 0.201589
6.487122 0.305842 0.010492 0.037058 -0.493624 -0.834053 0.141610 0.201589
6.489465 0.305842 0.010492 0.037058 -0.496268 -0.833579 0.147444 0.192675
6.491808 0.305953 0.010492 0.037058 -0.498355 -0.835149 0.138277 0.187212
6.494151 0.305953 0.010492 0.037058 -0.489150 -0.840574 0.140325 0.185681
6.496493 0.305953 0.010492 0.037058 -0.491160 -0.842065 0.131082 0.180296
6.498836 0.305953 0.010492 0.037058 -0.481879 -0.847410 0.133055 0.178845
6.501179 0.305953 0.010492 0.037058 -0.474461 -0.854084 0.125636 0.172171
6.503522 0.306065 0.010492 0.037058 -0.462691 -0.859422 0.122075 0.180024
6.505865 0.306065 0.010492 0.036947 -0.464640 -0.860712 0.112626 0.174930
6.508207 0.306065 0.010492 0.036947 -0.452844 -0.865752 0.109182 0.182990
6.510550 0.306177 0.010492 0.036947 -0.443305 -0.870675 0.111185 0.181779
6.512893 0.306177 0.010492 0.036835 -0.440939 -0.870532 0.105916 0.191123
6.515236 0.306288 0.010492 0.036835 -0.419293 -0.879709 0.105013 0.198185
6.517578 0.306400 0.010492 0.036723 -0.414315 -0.878789 0.094823 0.216981
6.519921 0.306400 0.010492 0.036612 -0.402079 -0.882641 0.092191 0.225342
6.522264 0.306512 0.010381 0.036612 -0.387169 -0.885183 0.099475 0.238026
6.524607 0.306623 0.010381 0.036500 -0.374682 -0.888518 0.097250 0.246357
6.526949 0.306735 0.010381 0.036500 -0.369067 -0.886477 0.102149 0.259836
6.529292 0.306846 0.010381 0.036388 -0.359305 -0.890478 0.104998 0.258698
6.531635 0.306958 0.010381 0.036388 -0.343639 -0.892094 0.112979 0.270771
6.533978 0.307070 0.010381 0.036277 -0.330836 -0.894487 0.125781 0.273165
6.536321 0.307181 0.010381 0.036277 -0.320989 -0.898068 0.128775 0.271766
6.538663 0.307293 0.010381 0.036277 -0.317984 -0.896599 0.138633 0.275276
6.541006 0.307404 0.010381 0.036277 -0.317984 -0.896599 0.138633 0.275276
6.543349 0.307628 0.010381 0.036277 -0.314941 -0.895022 0.148475 0.278753
6.545692 0.307739 0.010269 0.036277 -0.315263 -0.894244 0.162809 0.272818
6.548034 0.307851 0.010269 0.036165 -0.302424 -0.895778 0.175648 0.274352
6.550377 0.307963 0.010269 0.036165 -0.302955 -0.894535 0.189882 0.268274
6.552720 0.308074 0.010269 0.036165 -0.296988 -0.890147 0.209490 0.274865
6.555063 0.308186 0.010269 0.036165 -0.293950 -0.887792 0.219257 0.278111
6.557405 0.308297 0.010269 0.036165 -0.290877 -0.885329 0.228997 0.281324
6.559748 0.308409 0.010158 0.036165 -0.291807 -0.883151 0.243118 0.275294
6.562091 0.308521 0.010158 0.036165 -0.288765 -0.880427 0.252806 0.278483
6.564434 0.308632 0.010158 0.036054 -0.289893 -0.877784 0.266848 0.272487
6.566777 0.308744 0.010158 0.036054 -0.277254 -0.877898 0.279487 0.272602
6.569119 0.308856 0.010158 0.036054 -0.274243 -0.874775 0.289115 0.275631
6.571462 0.308967 0.010158 0.036054 -0.261607 -0.874473 0.301751 0.275329
6.573805 0.308967 0.010158 0.036054 -0.263137 -0.871096 0.315493 0.269101
6.576148 0.309079 0.010158 0.036054 -0.267677 -0.870982 0.319609 0.259982
6.578490 0.309190 0.010269 0.036054 -0.258092 -0.873870 0.322445 0.256455
6.580833 0.309302 0.010269 0.036054 -0.259869 -0.870061 0.336000 0.250131
6.583176 0.309302 0.010269 0.036054 -0.254876 -0.872595 0.342560 0.237208
6.585519 0.309414 0.010269 0.036054 -0.259427 -0.872222 0.346351 0.227963
6.587861 0.309525 0.010269 0.036054 -0.249829 -0.875019 0.348835 0.224144
6.590204 0.309525 0.010269 0.036054 -0.254354 -0.874590 0.352482 0.214831
6.592547 0.309637 0.010269 0.036054 -0.256699 -0.878410 0.342852 0.212023
6.594890 0.309749 0.010269 0.036054 -0.261090 -0.877915 0.346463 0.202635
6.597232 0.309749 0.010269 0.036165 -0.267556 -0.881107 0.340372 0.190295
6.599575 0.309860 0.010269 0.036165 -0.271780 -0.880439 0.343905 0.180812
6.601918 0.309860 0.010269 0.036165 -0.268114 -0.886427 0.339541 0.164544
6.604261 0.309860 0.010269 0.036165 -0.268114 -0.886427 0.339541 0.164544
6.606604 0.309972 0.010269 0.036165 -0.268114 -0.886427 0.339541 0.164544
6.608946 0.309972 0.010269 0.036165 -0.273861 -0.889342 0.333145 0.151937
6.611289 0.309972 0.010158 0.036165 -0.277784 -0.888474 0.336467 0.142267
6.613632 0.309972 0.010158 0.036277 -0.289114 -0.888994 0.325137 0.142787
6.615975 0.310083 0.010158 0.036277 -0.292886 -0.888013 0.328536 0.133094
6.618317 0.310083 0.010158 0.036277 -0.292886 -0.888013 0.328536 0.133094
6.620660 0.310083 0.010046 0.036277 -0.292886 -0.888013 0.328536 0.133094
6.623003 0.310083 0.010046 0.036277 -0.292886 -0.888013 0.328536 0.133094
6.625346 0.310195 0.010046 0.036277 -0.289114 -0.888994 0.325137 0.142787
6.627688 0.310195 0.010046 0.036277 -0.287528 -0.885369 0.334884 0.145955
6.630031 0.310307 0.009934 0.036277 -0.287528 -0.885369 0.334884 0.145955
6.632374 0.310307 0.009934 0.036165 -0.285907 -0.881636 0.344591 0.149105
6.634717 0.310418 0.009934 0.036165 -0.281888 -0.882585 0.341172 0.158694
6.637060 0.310418 0.009934 0.036165 -0.275970 -0.879664 0.347397 0.171307
6.639402 0.310530 0.009934 0.036054 -0.271780 -0.880439 0.343905 0.180812
6.641745 0.310641 0.009934 0.036054 -0.265449 -0.877314 0.350031 0.193223
6.644088 0.310641 0.009934 0.036054 -0.265449 -0.877314 0.350031 0.193223
6.646431 0.310753 0.009934 0.036054 -0.261090 -0.877915 0.346463 0.202635
6.648773 0.310753 0.009934 0.036054 -0.249230 -0.876847 0.358323 0.201567
6.651116 0.310865 0.009934 0.036054 -0.249230 -0.876847 0.358323 0.201567
6.653459 0.310865 0.009934 0.036054 -0.244730 -0.877332 0.354821 0.210945
6.655802 0.310976 0.009934 0.036054 -0.235077 -0.879968 0.357117 0.207035
6.658144 0.310976 0.009934 0.036054 -0.235077 -0.879968 0.357117 0.207035
6.660487 0.311088 0.009934 0.036054 -0.229904 -0.882111 0.362665 0.193646
6.662830 0.311088 0.009934 0.036054 -0.229904 -0.882111 0.362665 0.193646
6.665173 0.311088 0.009934 0.036054 -0.218103 -0.880523 0.374466 0.192057
6.667515 0.311088 0.009934 0.036165 -0.218103 -0.880523 0.374466 0.192057
6.669858 0.311200 0.009934 0.036165 -0.208416 -0.882866 0.376554 0.187932
6.672201 0.311200 0.009934 0.036165 -0.208416 -0.882866 0.376554 0.187932
6.674544 0.311200 0.009934 0.036277 -0.213012 -0.882438 0.379591 0.178436
6.676887 0.311200 0.009934 0.036277 -0.213012 -0.882438 0.379591 0.178436
6.679229 0.311200 0.009934 0.036277 -0.198704 -0.885102 0.378596 0.183784
6.681572 0.311311 0.009823 0.036277 -0.198704 -0.885102 0.378596 0.183784
6.683915 0.311311 0.009823 0.036388 -0.198704 -0.885102 0.378596 0.183784
6.686258 0.311311 0.009823 0.036388 -0.206339 -0.878675 0.386230 0.190210
6.688600 0.311423 0.009823 0.036388 -0.201614 -0.879030 0.383151 0.199632
6.690943 0.311423 0.009711 0.036388 -0.201614 -0.879030 0.383151 0.199632
6.693286 0.311534 0.009711 0.036500 -0.206513 -0.877063 0.377706 0.213192
6.695629 0.311534 0.009599 0.036500 -0.216136 -0.874741 0.375341 0.217328
6.697971 0.311646 0.009599 0.036500 -0.208865 -0.870850 0.381555 0.228937
6.700314 0.311646 0.009488 0.036500 -0.213527 -0.868736 0.375496 0.242297
6.702657 0.311758 0.009488 0.036500 -0.218140 -0.866520 0.369145 0.255520
6.705000 0.311869 0.009488 0.036500 -0.219740 -0.860168 0.371977 0.271031
6.707343 0.311981 0.009376 0.036500 -0.214672 -0.860238 0.368123 0.279984
6.709685 0.311981 0.009376 0.036500 -0.219016 -0.857850 0.361029 0.292888
6.712028 0.312093 0.009376 0.036500 -0.213895 -0.857769 0.356990 0.301728
6.714371 0.312204 0.009265 0.036500 -0.208749 -0.857584 0.352907 0.310532
6.716714 0.312204 0.009265 0.036500 -0.203577 -0.857296 0.348782 0.319299
6.719056 0.312204 0.009265 0.036500 -0.194765 -0.853066 0.354008 0.330186
6.721399 0.312204 0.009265 0.036500 -0.194765 -0.853066 0.354008 0.330186
6.723742 0.312204 0.009376 0.036500 -0.180072 -0.854647 0.353495 0.334954
6.726085 0.312204 0.009376 0.036388 -0.165347 -0.855905 0.353087 0.339731
6.728427 0.312204 0.009376 0.036388 -0.160003 -0.855132 0.348978 0.348371
6.730770 0.312204 0.009488 0.036388 -0.150598 -0.856838 0.352784 0.344516
6.733113 0.312204 0.009488 0.036388 -0.135833 -0.857448 0.352586 0.349307
6.735456 0.312204 0.009488 0.036388 -0.126404 -0.858888 0.356403 0.345412
6.737799 0.312093 0.009488 0.036388 -0.113202 -0.856216 0.369605 0.342740
6.740141 0.312093 0.009599 0.036388 -0.098372 -0.856177 0.369617 0.347373
6.742484 0.312093 0.009599 0.036277 -0.088960 -0.857206 0.373411 0.343291
6.744827 0.312093 0.009599 0.036277 -0.074140 -0.856677 0.373576 0.347920
6.747170 0.312093 0.009711 0.036277 -0.060943 -0.853242 0.386773 0.344485
6.749512 0.312093 0.009711 0.036277 -0.060943 -0.853242 0.386773 0.344485
6.751855 0.312093 0.009711 0.036277 -0.046098 -0.852222 0.387079 0.348944
6.754198 0.312093 0.009711 0.036277 -0.032944 -0.848332 0.400234 0.345053
6.756541 0.312093 0.009711 0.036277 -0.032944 -0.848332 0.400234 0.345053
6.758883 0.312093 0.009823 0.036277 -0.018092 -0.846818 0.400670 0.349336
6.761226 0.312093 0.009823 0.036277 -0.014253 -0.842365 0.409949 0.349514
6.763569 0.312093 0.009823 0.036277 -0.014253 -0.842365 0.409949 0.349514
6.765912 0.312093 0.009823 0.036277 -0.010413 -0.837810 0.419179 0.349649
6.768254 0.312093 0.009823 0.036277 0.004492 -0.835960 0.419669 0.353595
6.770597 0.312093 0.009823 0.036277 -0.004692 -0.835959 0.415759 0.358184
6.772940 0.312204 0.009711 0.036277 -0.000757 -0.831341 0.424917 0.358214
6.775283 0.312204 0.009711 0.036277 -0.000757 -0.831341 0.424917 0.358214
6.777626 0.312204 0.009711 0.036277 -0.004055 -0.829432 0.417373 0.371250
6.779968 0.312204 0.009711 0.036277 0.000024 -0.824796 0.426460 0.371272
6.782311 0.312204 0.009599 0.036277 -0.009037 -0.824747 0.422355 0.375935
6.784654 0.312316 0.009599 0.036165 -0.009037 -0.824747 0.422355 0.375935
6.786997 0.312316 0.009599 0.036165 -0.007859 -0.818216 0.423378 0.388860
6.789339 0.312316 0.009488 0.036165 -0.016847 -0.818080 0.419080 0.393488
6.791682 0.312316 0.009488 0.036165 -0.016847 -0.818080 0.419080 0.393488
6.794025 0.312316 0.009488 0.036165 -0.019737 -0.816143 0.410648 0.406065
6.796368 0.312427 0.009376 0.036165 -0.024190 -0.811366 0.415101 0.410843
6.798710 0.312427 0.009376 0.036165 -0.017985 -0.809678 0.410862 0.418677
6.801053 0.312427 0.009376 0.036165 -0.026879 -0.809431 0.406238 0.423166
6.803396 0.312539 0.009265 0.036165 -0.020653 -0.807714 0.401864 0.430902
6.805739 0.312539 0.009265 0.036165 -0.020653 -0.807714 0.401864 0.430902
6.808082 0.312539 0.009265 0.036165 -0.029525 -0.807438 0.397106 0.435291
6.810424 0.312651 0.009265 0.036054 -0.029525 -0.807438 0.397106 0.435291
6.812767 0.312762 0.009265 0.036054 -0.014424 -0.805899 0.397442 0.438587
6.815110 0.312762 0.009265 0.036054 -0.014424 -0.805899 0.397442 0.438587
6.817453 0.312874 0.009265 0.036054 -0.014424 -0.805899 0.397442 0.438587
6.819795 0.312874 0.009265 0.036054 -0.014424 -0.805899 0.397442 0.438587
6.822138 0.312986 0.009265 0.036054 -0.019242 -0.810217 0.388564 0.438402
6.824481 0.313097 0.009265 0.035942 -0.010339 -0.810380 0.393357 0.434106
6.826824 0.313097 0.009265 0.035942 -0.010339 -0.810380 0.393357 0.434106
6.829166 0.313209 0.009376 0.035942 -0.016462 -0.812310 0.397674 0.426306
6.831509 0.313320 0.009376 0.035942 -0.002902 -0.807973 0.411234 0.421969
6.833852 0.313320 0.009376 0.035942 -0.002902 -0.807973 0.411234 0.421969
6.836195 0.313432 0.009376 0.035942 0.001734 -0.803406 0.420086 0.421975
6.838538 0.313544 0.009376 0.035942 0.001734 -0.803406 0.420086 0.421975
6.840880 0.313544 0.009376 0.035830 0.001734 -0.803406 0.420086 0.421975
6.843223 0.313655 0.009376 0.035830 0.006370 -0.798743 0.428887 0.421931
6.845566 0.313767 0.009376 0.035830 0.006370 -0.798743 0.428887 0.421931
6.847909 0.313879 0.009376 0.035830 0.019727 -0.793814 0.442244 0.417002
6.850251 0.313990 0.009376 0.035830 0.024307 -0.788907 0.450938 0.416760
6.852594 0.313990 0.009376 0.035830 0.030811 -0.787073 0.446687 0.424308
6.854937 0.314102 0.009376 0.035830 0.028884 -0.783906 0.459578 0.416468
6.857280 0.314213 0.009376 0.035830 0.033458 -0.778809 0.468162 0.416125
6.859622 0.314325 0.009376 0.035830 0.033458 -0.778809 0.468162 0.416125
6.861965 0.314437 0.009376 0.035830 0.038027 -0.773619 0.476690 0.415733
6.864308 0.314437 0.009376 0.035830 0.042592 -0.768336 0.485161 0.415290
6.866651 0.314548 0.009376 0.035830 0.035758 -0.769888 0.489430 0.407985
6.868993 0.314660 0.009376 0.035942 0.040238 -0.764465 0.497858 0.407568
6.871336 0.314771 0.009376 0.035942 0.033320 -0.765878 0.502084 0.400289
6.873679 0.314771 0.009376 0.035942 0.030713 -0.761591 0.514648 0.392649
6.876022 0.314883 0.009376 0.035942 0.023706 -0.762774 0.518765 0.385352
6.878365 0.314883 0.009376 0.036054 0.020849 -0.758076 0.531181 0.377801
6.880707 0.314995 0.009376 0.036054 0.005417 -0.759136 0.531081 0.376346
6.883050 0.315106 0.009376 0.036054 -0.008788 -0.760615 0.539053 0.361675
6.885393 0.315106 0.009376 0.036165 -0.011997 -0.755206 0.551272 0.354427
6.887736 0.315218 0.009376 0.036165 -0.019178 -0.755674 0.555101 0.347062
6.890078 0.315218 0.009376 0.036165 -0.026357 -0.756051 0.558863 0.339654
6.892421 0.315218 0.009265 0.036277 -0.045374 -0.749812 0.570854 0.331436
6.894764 0.315330 0.009265 0.036277 -0.052623 -0.749796 0.574494 0.324027
6.897107 0.315330 0.009265 0.036388 -0.067101 -0.749493 0.581567 0.309092
6.899449 0.315330 0.009265 0.036388 -0.079166 -0.741909 0.589836 0.308865
6.901792 0.315330 0.009265 0.036388 -0.086462 -0.741414 0.593274 0.301422
6.904135 0.315441 0.009265 0.036500 -0.093748 -0.740830 0.596641 0.293943
6.906478 0.315441 0.009265 0.036500 -0.105214 -0.732722 0.611245 0.280051
6.908821 0.315441 0.009376 0.036500 -0.112546 -0.731835 0.614385 0.272548
6.911163 0.315441 0.009376 0.036612 -0.109545 -0.725041 0.622388 0.273768
6.913506 0.315553 0.009376 0.036612 -0.116946 -0.724032 0.625442 0.266313
6.915849 0.315553 0.009376 0.036612 -0.124332 -0.722936 0.628422 0.258826
6.918192 0.315664 0.009488 0.036612 -0.121481 -0.715989 0.636326 0.260176
6.920534 0.315664 0.009488 0.036612 -0.128935 -0.714774 0.639216 0.252739
6.922877 0.315664 0.009488 0.036612 -0.121075 -0.716147 0.641954 0.245701
6.925220 0.315776 0.009599 0.036612 -0.121075 -0.716147 0.641954 0.245701
6.927563 0.315776 0.009599 0.036612 -0.113608 -0.717280 0.639146 0.253170
6.929905 0.315888 0.009711 0.036612 -0.110820 -0.710215 0.646988 0.254402
6.932248 0.315888 0.009711 0.036612 -0.110820 -0.710215 0.646988 0.254402
6.934591 0.315999 0.009711 0.036612 -0.103011 -0.711390 0.649743 0.247279
6.936934 0.315999 0.009823 0.036612 -0.103011 -0.711390 0.649743 0.247279
6.939276 0.316111 0.009823 0.036500 -0.098230 -0.719449 0.639085 0.253602
6.941619 0.316111 0.009823 0.036500 -0.095438 -0.712385 0.646950 0.254665
6.943962 0.316111 0.009823 0.036500 -0.087853 -0.713294 0.644079 0.262021
6.946305 0.316223 0.009934 0.036500 -0.095684 -0.712286 0.641162 0.269081
6.948648 0.316223 0.009934 0.036388 -0.098635 -0.719287 0.633298 0.268014
6.950990 0.316223 0.009934 0.036388 -0.091130 -0.720160 0.630259 0.275388
6.953333 0.316223 0.009934 0.036388 -0.091130 -0.720160 0.630259 0.275388
6.955676 0.316223 0.009934 0.036388 -0.094149 -0.727041 0.622309 0.274370
6.958019 0.316223 0.009934 0.036388 -0.102131 -0.725962 0.619258 0.281190
6.960361 0.316334 0.009934 0.036277 -0.105214 -0.732722 0.611245 0.280051
6.962704 0.316334 0.009934 0.036277 -0.097870 -0.733520 0.608031 0.287520
6.965047 0.316334 0.009934 0.036277 -0.101022 -0.740156 0.599936 0.286428
6.967390 0.316334 0.009934 0.036277 -0.101881 -0.739755 0.593376 0.300480
6.969732 0.316334 0.009934 0.036277 -0.101881 -0.739755 0.593376 0.300480
6.972075 0.316334 0.009934 0.036277 -0.097980 -0.746855 0.581757 0.306864
6.974418 0.316446 0.009934 0.036277 -0.106179 -0.745734 0.578351 0.313237
6.976761 0.316446 0.009934 0.036277 -0.107170 -0.745217 0.571185 0.326977
6.979104 0.316446 0.009934 0.036277 -0.108150 -0.744678 0.563719 0.340556
6.981446 0.316557 0.009934 0.036277 -0.116325 -0.743445 0.559944 0.346729
6.983789 0.316557 0.009934 0.036277 -0.113324 -0.736765 0.560163 0.361321
6.986132 0.316669 0.009823 0.036277 -0.122210 -0.734965 0.547809 0.380521
6.988475 0.316669 0.009823 0.036277 -0.126663 -0.727122 0.542840 0.400718
6.990817 0.316669 0.009823 0.036277 -0.142608 -0.724163 0.533905 0.412548
6.993160 0.316781 0.009711 0.036165 -0.154292 -0.714672 0.522990 0.438087
6.995503 0.316781 0.009711 0.036165 -0.157582 -0.706917 0.515936 0.457435
6.997846 0.316781 0.009711 0.036165 -0.160632 -0.699128 0.497547 0.487714
7.000188 0.316892 0.009599 0.036165 -0.172417 -0.682770 0.485069 0.518465
7.002531 0.316892 0.009599 0.036054 -0.188782 -0.671726 0.463301 0.546350
7.004874 0.316892 0.009599 0.036054 -0.197114 -0.662748 0.446236 0.568142
7.007217 0.316892 0.009599 0.036054 -0.212099 -0.651641 0.421697 0.593759
7.009560 0.316892 0.009488 0.035942 -0.218933 -0.643588 0.389202 0.621599
7.011902 0.317004 0.009488 0.035942 -0.232659 -0.639289 0.361809 0.637396
7.014245 0.317004 0.009488 0.035830 -0.238751 -0.631843 0.326625 0.661126
7.016588 0.317004 0.009488 0.035830 -0.244805 -0.623997 0.304532 0.676726
7.018931 0.317004 0.009488 0.035719 -0.244044 -0.626058 0.275460 0.687470
7.021273 0.317116 0.009488 0.035719 -0.243373 -0.628151 0.245944 0.696927
7.023616 0.317116 0.009488 0.035607 -0.242795 -0.630272 0.216042 0.705077
7.025959 0.317227 0.009488 0.035607 -0.249462 -0.628638 0.193166 0.710823
7.028302 0.317227 0.009488 0.035607 -0.256147 -0.626939 0.170124 0.715817
7.030644 0.317339 0.009488 0.035607 -0.256763 -0.633464 0.140465 0.716286
7.032987 0.317339 0.009488 0.035496 -0.256639 -0.634384 0.125096 0.718363
7.035330 0.317450 0.009488 0.035496 -0.249539 -0.638087 0.117589 0.718852
7.037673 0.317450 0.009488 0.035384 -0.249446 -0.639010 0.102160 0.720421
7.040015 0.317562 0.009488 0.035384 -0.257285 -0.640850 0.079664 0.718867
7.042358 0.317562 0.009488 0.035384 -0.257242 -0.641607 0.064171 0.719757
7.044701 0.317674 0.009488 0.035384 -0.257242 -0.641607 0.064171 0.719757
7.047044 0.317674 0.009488 0.035384 -0.257242 -0.641607 0.064171 0.719757
7.049387 0.317674 0.009488 0.035384 -0.257242 -0.641607 0.064171 0.719757
7.051729 0.317785 0.009488 0.035384 -0.257242 -0.641607 0.064171 0.719757
7.054072 0.317785 0.009488 0.035384 -0.257215 -0.642365 0.048663 0.720306
7.056415 0.317785 0.009488 0.035384 -0.264275 -0.638742 0.056260 0.720418
7.058758 0.317785 0.009488 0.035384 -0.264275 -0.638742 0.056260 0.720418
7.061100 0.317785 0.009488 0.035384 -0.257242 -0.641607 0.064171 0.719757
7.063443 0.317785 0.009488 0.035496 -0.249319 -0.640863 0.071216 0.722539
7.065786 0.317785 0.009488 0.035496 -0.249319 -0.640863 0.071216 0.722539
7.068129 0.317785 0.009599 0.035496 -0.242263 -0.643564 0.079150 0.721713
7.070471 0.317785 0.009599 0.035496 -0.249372 -0.639936 0.086700 0.721650
7.072814 0.317785 0.009599 0.035496 -0.241429 -0.638945 0.093725 0.724346
7.075157 0.317785 0.009599 0.035496 -0.241429 -0.638945 0.093725 0.724346
7.077500 0.317785 0.009599 0.035496 -0.234395 -0.641559 0.101677 0.723273
7.079843 0.317785 0.009599 0.035496 -0.233557 -0.636612 0.116175 0.725727
7.082185 0.317897 0.009599 0.035496 -0.226549 -0.639139 0.124141 0.724407
7.084528 0.317897 0.009711 0.035496 -0.226549 -0.639139 0.124141 0.724407
7.086871 0.317897 0.009711 0.035496 -0.233685 -0.635349 0.131580 0.724161
7.089214 0.317897 0.009711 0.035496 -0.225716 -0.633865 0.138552 0.726685
7.091556 0.317897 0.009711 0.035496 -0.218738 -0.636307 0.146527 0.725119
7.093899 0.317897 0.009711 0.035496 -0.225893 -0.632437 0.153905 0.724782
7.096242 0.317897 0.009711 0.035496 -0.225893 -0.632437 0.153905 0.724782
7.098585 0.317897 0.009711 0.035496 -0.233020 -0.628491 0.161264 0.724358
7.100927 0.318009 0.009711 0.035607 -0.225298 -0.625092 0.183423 0.724470
7.103270 0.318009 0.009823 0.035607 -0.225298 -0.625092 0.183423 0.724470
7.105613 0.318009 0.009823 0.035607 -0.232420 -0.620992 0.190691 0.723869
7.107956 0.318009 0.009823 0.035607 -0.239513 -0.616818 0.197935 0.723181
7.110299 0.318009 0.009823 0.035607 -0.238626 -0.610278 0.211873 0.725071
7.112641 0.318009 0.009823 0.035607 -0.245670 -0.605877 0.219021 0.724285
7.114984 0.318009 0.009823 0.035607 -0.252685 -0.601402 0.226142 0.723413
7.117327 0.318009 0.009823 0.035719 -0.251716 -0.594256 0.239779 0.725262
7.119670 0.318009 0.009823 0.035719 -0.258679 -0.589560 0.246794 0.724291
7.122012 0.318120 0.009823 0.035719 -0.265611 -0.584792 0.253779 0.723233
7.124355 0.318120 0.009823 0.035719 -0.264562 -0.577054 0.267089 0.725037
7.126698 0.318009 0.009823 0.035719 -0.278290 -0.567017 0.280793 0.722635
7.129041 0.318009 0.009823 0.035719 -0.285104 -0.561895 0.287595 0.721304
7.131383 0.318009 0.009823 0.035719 -0.291884 -0.556705 0.294361 0.719885
7.133726 0.318009 0.009823 0.035830 -0.290718 -0.548108 0.307133 0.721616
7.136069 0.318009 0.009823 0.035830 -0.297444 -0.542711 0.313769 0.720098
7.138412 0.318009 0.009823 0.035830 -0.304133 -0.537249 0.320367 0.718492
7.140754 0.318009 0.009823 0.035830 -0.310786 -0.531722 0.326927 0.716800
7.143097 0.318009 0.009823 0.035830 -0.317402 -0.526131 0.333447 0.715021
7.145440 0.318009 0.009823 0.035830 -0.338310 -0.518534 0.340689 0.707531
7.147783 0.318009 0.009823 0.035830 -0.344785 -0.512825 0.347150 0.705422
7.150126 0.317897 0.009823 0.035830 -0.351219 -0.507054 0.353568 0.703229
7.152468 0.317897 0.009823 0.035830 -0.357610 -0.501222 0.359943 0.700951
7.154811 0.317897 0.009823 0.035830 -0.358495 -0.499298 0.373928 0.694522
7.157154 0.318009 0.009823 0.035830 -0.378741 -0.491689 0.381025 0.685286
7.159497 0.318009 0.009823 0.035830 -0.384991 -0.485757 0.387258 0.682535
7.161839 0.318009 0.009823 0.035830 -0.397352 -0.473716 0.399585 0.676784
7.164182 0.318009 0.009823 0.035830 -0.409521 -0.461446 0.411718 0.670707
7.166525 0.318009 0.009823 0.035830 -0.415532 -0.455227 0.417711 0.667547
7.168868 0.318009 0.009711 0.035830 -0.427402 -0.442626 0.429544 0.660986
7.171210 0.318009 0.009711 0.035830 -0.434318 -0.434608 0.448329 0.649219
7.173553 0.318009 0.009711 0.035830 -0.445912 -0.421712 0.459662 0.641897
7.175896 0.318120 0.009711 0.035830 -0.452774 -0.413612 0.477713 0.629056
7.178239 0.318120 0.009711 0.035830 -0.452860 -0.400047 0.499727 0.620607
7.180582 0.318120 0.009711 0.035830 -0.459902 -0.391764 0.516744 0.606619
7.182924 0.318120 0.009711 0.035942 -0.454712 -0.384340 0.532605 0.601542
7.185267 0.318120 0.009711 0.035942 -0.455512 -0.369889 0.552787 0.591707
7.187610 0.318120 0.009823 0.035942 -0.462971 -0.361343 0.568248 0.576354
7.189953 0.318120 0.009823 0.035942 -0.458501 -0.353259 0.582804 0.570372
7.192295 0.318120 0.009823 0.035942 -0.456355 -0.343098 0.607110 0.552668
7.194638 0.318232 0.009823 0.035942 -0.452518 -0.334500 0.620674 0.545987
7.196981 0.318232 0.009823 0.035942 -0.448927 -0.325698 0.633863 0.539077
7.199324 0.318232 0.009823 0.035942 -0.442080 -0.321581 0.652475 0.524812
7.201666 0.318232 0.009823 0.035942 -0.439097 -0.312373 0.664812 0.517341
7.204009 0.318232 0.009823 0.036054 -0.442691 -0.296166 0.679526 0.504534
7.206352 0.318343 0.009934 0.036054 -0.440317 -0.286641 0.690852 0.496671
7.208695 0.318343 0.009934 0.036054 -0.443557 -0.284670 0.698683 0.483799
7.211037 0.318455 0.009823 0.036054 -0.441640 -0.274995 0.709295 0.475640
7.213380 0.318455 0.009823 0.036054 -0.448081 -0.268182 0.711409 0.470318
7.215723 0.318455 0.009823 0.036054 -0.446521 -0.258404 0.721385 0.462007
7.218066 0.318567 0.009823 0.036054 -0.452988 -0.251576 0.723192 0.456622
7.220409 0.318567 0.009823 0.036054 -0.459401 -0.244718 0.724913 0.451182
7.222751 0.318678 0.009711 0.036054 -0.458280 -0.234884 0.734023 0.442741
7.225094 0.318678 0.009711 0.036054 -0.464717 -0.228022 0.735432 0.437246
7.227437 0.318678 0.009711 0.036054 -0.477422 -0.214216 0.737983 0.426100
7.229780 0.318678 0.009711 0.036054 -0.479040 -0.199141 0.741357 0.425738
7.232122 0.318790 0.009599 0.036054 -0.485311 -0.192162 0.742334 0.420105
7.234465 0.318790 0.009599 0.036054 -0.497675 -0.178137 0.744017 0.408687
7.236808 0.318790 0.009599 0.036054 -0.509799 -0.164025 0.745342 0.397073
7.239151 0.318790 0.009488 0.036054 -0.515825 -0.147302 0.752157 0.382734
7.241493 0.318790 0.009488 0.036054 -0.517642 -0.131967 0.753857 0.382533
7.243836 0.318790 0.009488 0.035942 -0.528233 -0.123605 0.757863 0.362401
7.246179 0.318790 0.009488 0.035942 -0.536168 -0.101178 0.758505 0.356311
7.248522 0.318790 0.009488 0.035942 -0.537189 -0.091686 0.762888 0.347884
7.250865 0.318790 0.009488 0.035942 -0.549034 -0.077665 0.761381 0.335900
7.253207 0.318790 0.009488 0.035942 -0.556383 -0.061375 0.763737 0.321522
7.255550 0.318790 0.009488 0.035942 -0.561584 -0.060583 0.765938 0.307070
7.257893 0.318790 0.009488 0.035942 -0.569924 -0.038374 0.763558 0.301154
7.260236 0.318790 0.009488 0.035942 -0.575314 -0.037794 0.765115 0.286678
7.262578 0.318790 0.009488 0.035942 -0.581090 -0.030951 0.763318 0.280573
7.264921 0.318678 0.009488 0.035830 -0.583747 -0.015737 0.761648 0.280865
7.267264 0.318678 0.009376 0.035830 -0.589316 -0.015384 0.762564 0.266394
7.269607 0.318678 0.009376 0.035830 -0.595023 -0.008618 0.760348 0.260276
7.271949 0.318678 0.009376 0.035830 -0.603414 -0.010178 0.757975 0.247512
7.274292 0.318678 0.009376 0.035830 -0.603414 -0.010178 0.757975 0.247512
7.276635 0.318678 0.009376 0.035830 -0.608908 -0.003384 0.755651 0.241270
7.278978 0.318678 0.009265 0.035719 -0.608908 -0.003384 0.755651 0.241270
7.281321 0.318678 0.009265 0.035719 -0.616873 -0.004865 0.753227 0.228237
7.283663 0.318790 0.009265 0.035719 -0.616783 -0.011642 0.755689 0.219948
7.286006 0.318790 0.009265 0.035719 -0.622134 -0.004879 0.753188 0.213618
7.288349 0.318790 0.009265 0.035719 -0.627394 -0.005009 0.752828 0.199003
7.290692 0.318790 0.009265 0.035719 -0.627394 -0.005009 0.752828 0.199003
7.293034 0.318790 0.009265 0.035719 -0.632649 -0.005254 0.752146 0.184401
7.295377 0.318901 0.009265 0.035719 -0.632649 -0.005254 0.752146 0.184401
7.297720 0.318901 0.009265 0.035719 -0.637898 -0.005615 0.751144 0.169816
7.300063 0.318901 0.009265 0.035719 -0.637797 -0.012622 0.752964 0.161554
7.302405 0.319013 0.009265 0.035719 -0.643137 -0.006090 0.749822 0.155257
7.304748 0.319013 0.009265 0.035719 -0.648365 -0.006681 0.748180 0.140731
7.307091 0.319125 0.009265 0.035719 -0.646757 -0.005567 0.749787 0.139616
7.309434 0.319125 0.009265 0.035719 -0.646657 -0.012672 0.751276 0.131371
7.311776 0.319236 0.009265 0.035719 -0.652121 -0.006353 0.747676 0.125210
7.314119 0.319348 0.009265 0.035607 -0.652012 -0.013517 0.749007 0.116989
7.316462 0.319460 0.009265 0.035607 -0.650590 -0.012436 0.750429 0.115907
7.318805 0.319460 0.009265 0.035607 -0.650590 -0.012436 0.750429 0.115907
7.321148 0.319571 0.009376 0.035607 -0.650415 -0.019582 0.751657 0.107656
7.323490 0.319571 0.009376 0.035607 -0.655884 -0.020694 0.748770 0.093447
7.325833 0.319683 0.009376 0.035607 -0.654818 -0.012466 0.748952 0.100647
7.328176 0.319794 0.009376 0.035607 -0.654818 -0.012466 0.748952 0.100647
7.330519 0.319794 0.009376 0.035607 -0.660416 -0.013732 0.745767 0.086565
7.332861 0.319794 0.009376 0.035607 -0.666111 -0.007804 0.741432 0.080706
7.335204 0.319906 0.009376 0.035607 -0.665985 -0.015121 0.742274 0.072556
7.337547 0.319906 0.009376 0.035607 -0.671665 -0.009254 0.737785 0.066737
7.339890 0.319906 0.009376 0.035607 -0.677264 -0.003385 0.733207 0.060910
7.342232 0.319906 0.009376 0.035607 -0.682208 0.002993 0.729113 0.054567
7.344575 0.319906 0.009376 0.035607 -0.687770 0.008749 0.724231 0.048839
7.346918 0.319906 0.009376 0.035607 -0.693249 0.014503 0.719262 0.043105
7.349261 0.319906 0.009376 0.035719 -0.698824 0.012579 0.714573 0.029518
7.351604 0.319794 0.009376 0.035719 -0.704198 0.018271 0.709368 0.023831
7.353946 0.319794 0.009376 0.035719 -0.709245 0.031694 0.703772 0.025935
7.356289 0.319794 0.009376 0.035719 -0.714510 0.037321 0.698334 0.020301
7.358632 0.319794 0.009376 0.035719 -0.714877 0.029469 0.698515 0.012628
7.360975 0.319794 0.009376 0.035607 -0.720117 0.035034 0.692931 0.007053
7.363317 0.319794 0.009376 0.035607 -0.725696 0.040173 0.686839 0.001898
7.365660 0.319794 0.009488 0.035607 -0.725696 0.040173 0.686839 0.001898
7.368003 0.319794 0.009488 0.035607 -0.726094 0.032198 0.686818 -0.005647
7.370346 0.319794 0.009488 0.035607 -0.731709 0.029540 0.680725 -0.018518
7.372688 0.319794 0.009488 0.035496 -0.731709 0.029540 0.680725 -0.018518
7.375031 0.319794 0.009488 0.035496 -0.737264 0.026759 0.674351 -0.031253
7.377374 0.319794 0.009599 0.035496 -0.742757 0.023856 0.667698 -0.043844
7.379717 0.319794 0.009599 0.035496 -0.742974 0.015695 0.667176 -0.051176
7.382060 0.319794 0.009599 0.035384 -0.748369 0.012613 0.660112 -0.063541
7.384402 0.319906 0.009711 0.035384 -0.753694 0.009414 0.652778 -0.075748
7.386745 0.319906 0.009711 0.035384 -0.758948 0.006098 0.645177 -0.087791
7.389088 0.319906 0.009711 0.035384 -0.764127 0.002668 0.637314 -0.099664
7.391431 0.319906 0.009711 0.035384 -0.770294 0.014500 0.630256 -0.095985
7.393773 0.319906 0.009711 0.035384 -0.780470 0.015583 0.614854 -0.112156
7.396116 0.319906 0.009711 0.035384 -0.786596 0.027027 0.607326 -0.108127
7.398459 0.319906 0.009823 0.035384 -0.791742 0.023018 0.598660 -0.119250
7.400802 0.319906 0.009823 0.035384 -0.801249 0.032276 0.583561 -0.128122
7.403144 0.319906 0.009823 0.035384 -0.807264 0.043225 0.575466 -0.123673
7.405487 0.319906 0.009823 0.035384 -0.816810 0.043316 0.558358 -0.138494
7.407830 0.319906 0.009823 0.035384 -0.822741 0.053834 0.549842 -0.133692
7.410173 0.319906 0.009823 0.035384 -0.834278 0.074296 0.532126 -0.123702
7.412515 0.320018 0.009823 0.035384 -0.844071 0.088312 0.514529 -0.122496
7.414858 0.320018 0.009823 0.035384 -0.849498 0.097937 0.505016 -0.117132
7.417201 0.320018 0.009823 0.035384 -0.854597 0.092521 0.495083 -0.126481
7.419544 0.320129 0.009823 0.035384 -0.859946 0.101769 0.485319 -0.120833
7.421887 0.320129 0.009823 0.035384 -0.866336 0.101290 0.474061 -0.120284
7.424229 0.320129 0.009711 0.035384 -0.866336 0.101290 0.474061 -0.120284
7.426572 0.320241 0.009711 0.035384 -0.871321 0.095373 0.463758 -0.128966
7.428915 0.320241 0.009711 0.035384 -0.876542 0.103959 0.453634 -0.122809
7.431258 0.320353 0.009711 0.035384 -0.876542 0.103959 0.453634 -0.122809
7.433600 0.320353 0.009711 0.035384 -0.876542 0.103959 0.453634 -0.122809
7.435943 0.320464 0.009711 0.035384 -0.877632 0.094323 0.452257 -0.127785
7.438286 0.320464 0.009711 0.035384 -0.877632 0.094323 0.452257 -0.127785
7.440629 0.320576 0.009711 0.035384 -0.873736 0.090869 0.461343 -0.124462
7.442971 0.320576 0.009599 0.035384 -0.873736 0.090869 0.461343 -0.124462
7.445314 0.320687 0.009599 0.035384 -0.872316 0.085795 0.462313 -0.134053
7.447657 0.320687 0.009599 0.035384 -0.871321 0.095373 0.463758 -0.128966
7.450000 0.320799 0.009599 0.035384 -0.871321 0.095373 0.463758 -0.128966
7.452343 0.320799 0.009599 0.035384 -0.871321 0.095373 0.463758 -0.128966
7.454685 0.320799 0.009599 0.035496 -0.872685 0.100463 0.462682 -0.119386
7.457028 0.320911 0.009488 0.035496 -0.868723 0.096954 0.471675 -0.115948
7.459371 0.320911 0.009488 0.035496 -0.871529 0.110044 0.463966 -0.114296
7.461714 0.320911 0.009488 0.035496 -0.871529 0.110044 0.463966 -0.114296
7.464056 0.321022 0.009488 0.035607 -0.868770 0.111681 0.471722 -0.101221
7.466399 0.321022 0.009488 0.035607 -0.868770 0.111681 0.471722 -0.101221
7.468742 0.321022 0.009488 0.035607 -0.869829 0.116856 0.470466 -0.091671
7.471085 0.321134 0.009488 0.035607 -0.870784 0.122018 0.469154 -0.082109
7.473427 0.321134 0.009488 0.035719 -0.870784 0.122018 0.469154 -0.082109
7.475770 0.321134 0.009488 0.035719 -0.871633 0.127165 0.467785 -0.072537
7.478113 0.321246 0.009488 0.035719 -0.867453 0.123994 0.476830 -0.069168
7.480456 0.321246 0.009488 0.035719 -0.868160 0.129225 0.475439 -0.059634
7.482798 0.321246 0.009488 0.035830 -0.866688 0.138755 0.476066 -0.054407
7.485141 0.321357 0.009488 0.035830 -0.862908 0.140941 0.483531 -0.041501
7.487484 0.321357 0.009376 0.035830 -0.858846 0.143291 0.490947 -0.028680
7.489827 0.321469 0.009376 0.035830 -0.858846 0.143291 0.490947 -0.028680
7.492170 0.321469 0.009376 0.035830 -0.852682 0.149697 0.500130 -0.019845
7.494512 0.321469 0.009265 0.035942 -0.846380 0.155966 0.509116 -0.010811
7.496855 0.321580 0.009265 0.035942 -0.839941 0.162094 0.517901 -0.001581
7.499198 0.321580 0.009153 0.035942 -0.838110 0.171312 0.517887 0.004109
7.501541 0.321692 0.009153 0.035942 -0.831473 0.177226 0.526364 0.013623
7.503883 0.321692 0.009041 0.036054 -0.824913 0.177107 0.536607 0.014259
7.506226 0.321692 0.009041 0.036054 -0.818132 0.182634 0.544719 0.024212
7.508569 0.321692 0.008930 0.036054 -0.816076 0.191611 0.544420 0.030195
7.510912 0.321692 0.008930 0.036165 -0.811559 0.181929 0.554642 0.025426
7.513254 0.321804 0.008818 0.036165 -0.804654 0.187068 0.562365 0.035801
7.515597 0.321804 0.008818 0.036165 -0.802551 0.195897 0.561938 0.041977
7.517940 0.321804 0.008706 0.036277 -0.798100 0.185783 0.571935 0.037578
7.520283 0.321915 0.008706 0.036277 -0.791095 0.190534 0.579247 0.048361
7.522626 0.321915 0.008706 0.036277 -0.786083 0.186505 0.586938 0.052857
7.524968 0.321915 0.008595 0.036277 -0.786083 0.186505 0.586938 0.052857
7.527311 0.322027 0.008595 0.036277 -0.778925 0.191023 0.593891 0.063874
7.529654 0.322027 0.008595 0.036277 -0.773769 0.186893 0.601389 0.068439
7.531997 0.322138 0.008595 0.036388 -0.773769 0.186893 0.601389 0.068439
7.534339 0.322138 0.008595 0.036388 -0.769275 0.176040 0.610785 0.064549
7.536682 0.322250 0.008595 0.036388 -0.763984 0.171785 0.618091 0.069155
7.539025 0.322250 0.008483 0.036277 -0.758600 0.167509 0.625322 0.073753
7.541368 0.322362 0.008483 0.036277 -0.752218 0.170151 0.630646 0.086611
7.543710 0.322362 0.008483 0.036277 -0.746602 0.165914 0.637772 0.091130
7.546053 0.322473 0.008483 0.036277 -0.746602 0.165914 0.637772 0.091130
7.548396 0.322473 0.008372 0.036277 -0.741902 0.154562 0.646558 0.087491
7.550739 0.322585 0.008372 0.036277 -0.741902 0.154562 0.646558 0.087491
7.553082 0.322585 0.008372 0.036277 -0.736156 0.150208 0.653482 0.092051
7.555424 0.322585 0.008372 0.036277 -0.731338 0.138573 0.661890 0.088569
7.557767 0.322585 0.008260 0.036277 -0.725465 0.134109 0.668606 0.093170
7.560110 0.322697 0.008260 0.036277 -0.725465 0.134109 0.668606 0.093170
7.562453 0.322697 0.008260 0.036277 -0.719505 0.129630 0.675242 0.097760
7.564795 0.322697 0.008260 0.036277 -0.719505 0.129630 0.675242 0.097760
7.567138 0.322697 0.008148 0.036277 -0.714539 0.117637 0.683130 0.094494
7.569481 0.322697 0.008148 0.036277 -0.714539 0.117637 0.683130 0.094494
7.571824 0.322697 0.008148 0.036277 -0.709655 0.105265 0.690600 0.091545
7.574166 0.322697 0.008148 0.036277 -0.709655 0.105265 0.690600 0.091545
7.576509 0.322808 0.008148 0.036277 -0.710769 0.097462 0.691564 0.083953
7.578852 0.322808 0.008148 0.036165 -0.705480 0.085259 0.698933 0.080760
7.581195 0.322808 0.008260 0.036165 -0.706374 0.077503 0.699778 0.073076
7.583537 0.322808 0.008260 0.036165 -0.700686 0.065480 0.707037 0.069642
7.585880 0.322808 0.008260 0.036165 -0.700641 0.065551 0.707082 0.069572
7.588223 0.322920 0.008260 0.036165 -0.701319 0.057849 0.707803 0.061799
7.590566 0.322920 0.008260 0.036054 -0.695150 0.046167 0.715034 0.057982
7.592909 0.322920 0.008372 0.036054 -0.695615 0.038527 0.715627 0.050123
7.595251 0.322920 0.008372 0.036054 -0.696294 0.023235 0.716556 0.034388
7.597594 0.323031 0.008372 0.036054 -0.689493 0.011908 0.723566 0.030178
7.599937 0.323031 0.008483 0.036054 -0.689785 -0.003620 0.723857 0.014650
7.602280 0.323143 0.008483 0.036054 -0.689703 -0.011198 0.723975 0.006697
7.604622 0.323143 0.008483 0.035942 -0.689539 -0.018774 0.724004 -0.001257
7.606965 0.323143 0.008483 0.035942 -0.689148 -0.034300 0.723614 -0.016783
7.609308 0.323255 0.008483 0.035942 -0.688730 -0.041869 0.723386 -0.024732
7.611651 0.323255 0.008483 0.035942 -0.688416 -0.049814 0.722882 -0.032297
7.613993 0.323255 0.008483 0.035942 -0.694437 -0.061802 0.715055 -0.051323
7.616336 0.323366 0.008483 0.035942 -0.694437 -0.061802 0.715055 -0.051323
7.618679 0.323366 0.008483 0.035942 -0.693024 -0.077272 0.713642 -0.066793
7.621022 0.323366 0.008372 0.035942 -0.693024 -0.077272 0.713642 -0.066793
7.623365 0.323366 0.008372 0.035942 -0.693024 -0.077272 0.713642 -0.066793
7.625707 0.323366 0.008372 0.035942 -0.692248 -0.085108 0.712750 -0.074403
7.628050 0.323478 0.008372 0.035942 -0.692248 -0.085108 0.712750 -0.074403
7.630393 0.323478 0.008372 0.035942 -0.692248 -0.085108 0.712750 -0.074403
7.632736 0.323478 0.008260 0.035830 -0.693024 -0.077272 0.713642 -0.066793
7.635078 0.323478 0.008260 0.035830 -0.693024 -0.077272 0.713642 -0.066793
7.637421 0.323478 0.008260 0.035830 -0.693716 -0.069428 0.714448 -0.059176
7.639764 0.323590 0.008260 0.035830 -0.686585 -0.072855 0.721241 -0.055717
7.642107 0.323590 0.008260 0.035719 -0.686401 -0.072472 0.721425 -0.056100
7.644449 0.323590 0.008260 0.035719 -0.686976 -0.064542 0.722178 -0.048556
7.646792 0.323701 0.008260 0.035719 -0.680109 -0.059719 0.729693 -0.037856
7.649135 0.323701 0.008260 0.035719 -0.680484 -0.051699 0.730305 -0.030382
7.651478 0.323813 0.008260 0.035607 -0.680256 -0.051149 0.730533 -0.030932
7.653820 0.323924 0.008260 0.035607 -0.672983 -0.045921 0.737943 -0.020624
7.656163 0.323924 0.008260 0.035607 -0.672712 -0.045204 0.738213 -0.021341
7.658506 0.324036 0.008260 0.035607 -0.672458 -0.044482 0.738468 -0.022063
7.660849 0.324148 0.008260 0.035607 -0.664688 -0.046956 0.745387 -0.019549
7.663192 0.324259 0.008260 0.035607 -0.664397 -0.046066 0.745679 -0.020438
7.665534 0.324259 0.008260 0.035607 -0.664397 -0.046066 0.745679 -0.020438
7.667877 0.324371 0.008260 0.035607 -0.664125 -0.045170 0.745950 -0.021334
7.670220 0.324483 0.008260 0.035607 -0.663589 -0.052464 0.745671 -0.029528
7.672563 0.324594 0.008260 0.035607 -0.663347 -0.051559 0.745913 -0.030433
7.674905 0.324594 0.008372 0.035607 -0.654701 -0.060647 0.752555 -0.036751
7.677248 0.324706 0.008372 0.035607 -0.654701 -0.060647 0.752555 -0.036751
7.679591 0.324706 0.008372 0.035607 -0.662054 -0.066121 0.745064 -0.046814
7.681934 0.324817 0.008372 0.035607 -0.661500 -0.074302 0.744293 -0.054084
7.684276 0.324817 0.008372 0.035607 -0.660644 -0.081565 0.743654 -0.062258
7.686619 0.324817 0.008260 0.035607 -0.660644 -0.081565 0.743654 -0.062258
7.688962 0.324817 0.008260 0.035607 -0.660644 -0.081565 0.743654 -0.062258
7.691305 0.324817 0.008260 0.035607 -0.660644 -0.081565 0.743654 -0.062258
7.693648 0.324817 0.008260 0.035607 -0.658894 -0.096975 0.741904 -0.077667
7.695990 0.324817 0.008260 0.035719 -0.658894 -0.096975 0.741904 -0.077667
7.698333 0.324817 0.008260 0.035719 -0.658894 -0.096975 0.741904 -0.077667
7.700676 0.324706 0.008260 0.035719 -0.658001 -0.105119 0.740794 -0.084901
7.703019 0.324706 0.008148 0.035719 -0.658001 -0.105119 0.740794 -0.084901
7.705361 0.324706 0.008148 0.035719 -0.665958 -0.103337 0.733681 -0.086799
7.707704 0.324706 0.008148 0.035719 -0.665958 -0.103337 0.733681 -0.086799
7.710047 0.324706 0.008148 0.035719 -0.664783 -0.110647 0.732683 -0.094854
7.712390 0.324706 0.008148 0.035719 -0.663700 -0.118689 0.731423 -0.102152
7.714732 0.324706 0.008148 0.035719 -0.671576 -0.116901 0.724220 -0.104046
7.717075 0.324706 0.008148 0.035830 -0.670251 -0.124272 0.723033 -0.111996
7.719418 0.324706 0.008148 0.035830 -0.678065 -0.122556 0.715722 -0.113798
7.721761 0.324706 0.008148 0.035830 -0.675300 -0.137839 0.712957 -0.129080
7.724104 0.324706 0.008148 0.035942 -0.683032 -0.136111 0.705559 -0.130872
7.726446 0.324706 0.008148 0.035942 -0.689163 -0.141947 0.696577 -0.140309
7.728789 0.324706 0.008148 0.035942 -0.689163 -0.141947 0.696577 -0.140309
7.731132 0.324706 0.008148 0.036054 -0.695164 -0.147917 0.687389 -0.149546
7.733475 0.324817 0.008148 0.036054 -0.702683 -0.146305 0.679702 -0.151121
7.735817 0.324817 0.008148 0.036165 -0.708484 -0.152469 0.670214 -0.160050
7.738160 0.324817 0.008148 0.036165 -0.715850 -0.150904 0.662348 -0.161502
7.740503 0.324817 0.008037 0.036165 -0.723129 -0.149320 0.654401 -0.162935
7.742846 0.324817 0.008037 0.036277 -0.730321 -0.147718 0.646375 -0.164347
7.745188 0.324817 0.008037 0.036277 -0.739201 -0.139077 0.639838 -0.157629
7.747531 0.324817 0.008037 0.036388 -0.746230 -0.137530 0.631640 -0.158925
7.749874 0.324817 0.008037 0.036388 -0.754884 -0.129110 0.624821 -0.151917
7.752217 0.324929 0.007925 0.036388 -0.761746 -0.127621 0.616455 -0.153099
7.754559 0.324929 0.007925 0.036500 -0.764664 -0.112447 0.619372 -0.137925
7.756902 0.324929 0.007925 0.036500 -0.771430 -0.110962 0.610927 -0.139107
7.759245 0.324929 0.007925 0.036500 -0.779597 -0.102838 0.603575 -0.131715
7.761588 0.325041 0.007925 0.036500 -0.779597 -0.102838 0.603575 -0.131715
7.763931 0.325041 0.007925 0.036500 -0.780997 -0.096201 0.604669 -0.123143
7.766273 0.325152 0.007925 0.036500 -0.780997 -0.096201 0.604669 -0.123143
7.768616 0.325152 0.007813 0.036500 -0.780997 -0.096201 0.604669 -0.123143
7.770959 0.325264 0.007925 0.036500 -0.779893 -0.104775 0.603279 -0.129778
7.773302 0.325264 0.007925 0.036500 -0.779893 -0.104775 0.603279 -0.129778
7.775644 0.325264 0.007925 0.036500 -0.779893 -0.104775 0.603279 -0.129778
7.777987 0.325375 0.007925 0.036500 -0.779893 -0.104775 0.603279 -0.129778
7.780330 0.325375 0.007925 0.036500 -0.771971 -0.114501 0.610387 -0.135568
7.782673 0.325375 0.007925 0.036500 -0.770435 -0.121200 0.609092 -0.144041
7.785015 0.325487 0.007925 0.036500 -0.763627 -0.122443 0.617575 -0.143119
7.787358 0.325487 0.007925 0.036500 -0.763627 -0.122443 0.617575 -0.143119
7.789701 0.325487 0.007925 0.036500 -0.763627 -0.122443 0.617575 -0.143119
7.792044 0.325487 0.007925 0.036388 -0.756727 -0.123672 0.625983 -0.142181
7.794387 0.325487 0.007925 0.036388 -0.753639 -0.138829 0.622895 -0.157338
7.796729 0.325599 0.007925 0.036388 -0.753639 -0.138829 0.622895 -0.157338
7.799072 0.325599 0.007925 0.036388 -0.755119 -0.130541 0.624586 -0.150486
7.801415 0.325599 0.007925 0.036388 -0.755119 -0.130541 0.624586 -0.150486
7.803758 0.325599 0.007925 0.036388 -0.748139 -0.131846 0.632905 -0.149453
7.806100 0.325710 0.007925 0.036388 -0.748139 -0.131846 0.632905 -0.149453
7.808443 0.325710 0.007925 0.036388 -0.746645 -0.140058 0.631225 -0.156397
7.810786 0.325710 0.007925 0.036388 -0.748318 -0.133114 0.632726 -0.148185
7.813129 0.325822 0.007925 0.036388 -0.748318 -0.133114 0.632726 -0.148185
7.815471 0.325822 0.007813 0.036388 -0.748318 -0.133114 0.632726 -0.148185
7.817814 0.325822 0.007813 0.036388 -0.748318 -0.133114 0.632726 -0.148185
7.820157 0.325934 0.007813 0.036388 -0.749901 -0.126155 0.634150 -0.139955
7.822500 0.325934 0.007813 0.036388 -0.741355 -0.135338 0.640860 -0.146200
7.824843 0.326045 0.007813 0.036388 -0.742916 -0.128289 0.642308 -0.138047
7.827185 0.326045 0.007813 0.036277 -0.742916 -0.128289 0.642308 -0.138047
7.829528 0.326157 0.007813 0.036277 -0.734241 -0.137209 0.648979 -0.144534
7.831871 0.326268 0.007813 0.036277 -0.728470 -0.130731 0.658602 -0.135961
7.834214 0.326380 0.007813 0.036277 -0.726990 -0.138726 0.657068 -0.143188
7.836556 0.326492 0.007813 0.036165 -0.719580 -0.139288 0.665149 -0.142762
7.838899 0.326492 0.007813 0.036165 -0.712106 -0.140262 0.673126 -0.141891
7.841242 0.326603 0.007813 0.036165 -0.704514 -0.140621 0.681054 -0.141601
7.843585 0.326715 0.007813 0.036054 -0.696840 -0.141049 0.688897 -0.141206
7.845927 0.326827 0.007813 0.036054 -0.687481 -0.148765 0.695074 -0.148698
7.848270 0.327050 0.007813 0.036054 -0.689073 -0.141120 0.696666 -0.141136
7.850613 0.327161 0.007813 0.036054 -0.679632 -0.148561 0.702758 -0.148866
7.852956 0.327273 0.007813 0.035942 -0.670029 -0.155794 0.708679 -0.156728
7.855298 0.327385 0.007925 0.035942 -0.662039 -0.154955 0.716172 -0.157454
7.857641 0.327496 0.007925 0.035942 -0.655648 -0.146563 0.725246 -0.150543
7.859984 0.327608 0.007925 0.035942 -0.653998 -0.153757 0.723549 -0.158501
7.862327 0.327608 0.007925 0.035942 -0.645918 -0.152202 0.730799 -0.159868
7.864670 0.327720 0.007925 0.035942 -0.647635 -0.144164 0.732427 -0.152763
7.867012 0.327831 0.007925 0.035942 -0.647740 -0.143233 0.732322 -0.153693
7.869355 0.327943 0.007925 0.035942 -0.649389 -0.135179 0.733851 -0.146568
7.871698 0.327943 0.007925 0.035942 -0.649389 -0.135179 0.733851 -0.146568
7.874041 0.328054 0.007925 0.035942 -0.650961 -0.127109 0.735292 -0.139425
7.876383 0.328054 0.007925 0.035942 -0.652453 -0.119023 0.736644 -0.132265
7.878726 0.328166 0.007925 0.035942 -0.663256 -0.104250 0.731867 -0.116591
7.881069 0.328278 0.007925 0.035942 -0.664497 -0.096203 0.732969 -0.109297
7.883412 0.328278 0.007813 0.035942 -0.673489 -0.090317 0.726824 -0.099910
7.885754 0.328389 0.007813 0.035942 -0.674546 -0.082326 0.727772 -0.092505
7.888097 0.328389 0.007813 0.035942 -0.684177 -0.068385 0.722151 -0.075647
7.890440 0.328501 0.007702 0.035942 -0.684177 -0.068385 0.722151 -0.075647
7.892783 0.328501 0.007702 0.035942 -0.685590 -0.052918 0.723564 -0.060180
7.895126 0.328612 0.007702 0.035942 -0.686662 -0.037424 0.724636 -0.044686
7.897468 0.328724 0.007590 0.035942 -0.686662 -0.037424 0.724636 -0.044686
7.899811 0.328724 0.007590 0.035942 -0.694893 -0.031012 0.717561 -0.035605
7.902154 0.328724 0.007590 0.035942 -0.695192 -0.023375 0.717909 -0.027720
7.904497 0.328836 0.007590 0.035942 -0.695192 -0.023375 0.717909 -0.027720
7.906839 0.328836 0.007479 0.035942 -0.695455 -0.015487 0.718122 -0.020081
7.909182 0.328836 0.007479 0.035942 -0.695583 -0.007846 0.718300 -0.012190
7.911525 0.328947 0.007479 0.035942 -0.695583 -0.007846 0.718300 -0.012190
7.913868 0.328947 0.007479 0.035942 -0.703372 -0.001497 0.710814 -0.003005
7.916210 0.329059 0.007479 0.035830 -0.703372 -0.001497 0.710814 -0.003005
7.918553 0.329059 0.007479 0.035942 -0.703372 -0.001497 0.710814 -0.003005
7.920896 0.329059 0.007479 0.035942 -0.710985 -0.003040 0.703199 -0.001462
7.923239 0.329059 0.007479 0.035942 -0.710985 -0.003040 0.703199 -0.001462
7.925581 0.329171 0.007479 0.035942 -0.718512 -0.004583 0.695500 0.000081
7.927924 0.329171 0.007479 0.035942 -0.718512 -0.004583 0.695500 0.000081
7.930267 0.329171 0.007367 0.035942 -0.718512 -0.004583 0.695500 0.000081
7.932610 0.329282 0.007367 0.035942 -0.725952 -0.006125 0.687716 0.001624
7.934953 0.329282 0.007367 0.035942 -0.725891 0.001431 0.687742 0.009599
7.937295 0.329282 0.007367 0.035942 -0.725891 0.001431 0.687742 0.009599
7.939638 0.329282 0.007479 0.035942 -0.725891 0.001431 0.687742 0.009599
7.941981 0.329394 0.007479 0.035942 -0.725891 0.001431 0.687742 0.009599
7.944324 0.329394 0.007479 0.035942 -0.725976 0.001851 0.687657 0.009179
7.946666 0.329394 0.007367 0.035942 -0.718519 0.003311 0.695457 0.007722
7.949009 0.329505 0.007367 0.035942 -0.718519 0.003311 0.695457 0.007722
7.951352 0.329505 0.007367 0.035942 -0.710880 0.012582 0.703061 0.013988
7.953695 0.329505 0.007367 0.035830 -0.703235 0.013957 0.710708 0.012613
7.956037 0.329505 0.007367 0.035830 -0.695340 0.023221 0.718057 0.018876
7.958380 0.329505 0.007367 0.035830 -0.687542 0.024674 0.725516 0.017412
7.960723 0.329617 0.007367 0.035830 -0.679661 0.026125 0.732887 0.015946
7.963066 0.329617 0.007367 0.035719 -0.671698 0.027573 0.740170 0.014478
7.965409 0.329617 0.007367 0.035719 -0.655530 0.030458 0.754466 0.011538
7.967751 0.329617 0.007479 0.035719 -0.647327 0.031895 0.761479 0.010065
7.970094 0.329617 0.007479 0.035719 -0.638912 0.041768 0.767986 0.015611
7.972437 0.329617 0.007479 0.035607 -0.630570 0.043272 0.774798 0.014045
7.974780 0.329729 0.007479 0.035607 -0.613502 0.054921 0.787583 0.017648
7.977122 0.329729 0.007479 0.035607 -0.604953 0.056480 0.794095 0.015982
7.979465 0.329729 0.007590 0.035607 -0.604741 0.065201 0.793426 0.022627
7.981808 0.329729 0.007590 0.035607 -0.596137 0.066824 0.799825 0.020866
7.984151 0.329840 0.007590 0.035607 -0.587462 0.068439 0.806126 0.019102
7.986493 0.329840 0.007590 0.035607 -0.587217 0.077291 0.805326 0.025554
7.988836 0.329952 0.007590 0.035607 -0.578490 0.078966 0.811512 0.023692
7.991179 0.329952 0.007590 0.035719 -0.578195 0.087877 0.810596 0.030046
7.993522 0.330064 0.007702 0.035719 -0.578195 0.087877 0.810596 0.030046
7.995865 0.330064 0.007702 0.035719 -0.569420 0.089609 0.816666 0.028084
7.998207 0.330175 0.007702 0.035719 -0.568401 0.095859 0.816308 0.037054
8.000550 0.330175 0.007702 0.035830 -0.566774 0.111055 0.814681 0.052250
8.002893 0.330287 0.007702 0.035830 -0.557915 0.112648 0.820677 0.050319
8.005236 0.330398 0.007702 0.035830 -0.556643 0.118770 0.820074 0.059332
8.007578 0.330398 0.007702 0.035830 -0.546346 0.126261 0.825311 0.066530
8.009921 0.330510 0.007590 0.035830 -0.537321 0.127628 0.831149 0.064715
8.012264 0.330622 0.007590 0.035830 -0.535887 0.133523 0.830388 0.073842
8.014607 0.330622 0.007590 0.035942 -0.525270 0.140554 0.835303 0.081264
8.016949 0.330733 0.007590 0.035942 -0.514502 0.147351 0.840055 0.088792
8.019292 0.330733 0.007590 0.035942 -0.512852 0.152994 0.839028 0.098016
8.021635 0.330845 0.007479 0.035942 -0.500674 0.168689 0.841726 0.111203
8.023978 0.330845 0.007479 0.035942 -0.498791 0.174179 0.840454 0.120444
8.026320 0.330957 0.007479 0.035942 -0.487513 0.180298 0.844632 0.128145
8.028663 0.331068 0.007479 0.035942 -0.483964 0.194895 0.841083 0.142742
8.031006 0.331068 0.007367 0.035942 -0.472405 0.200681 0.844941 0.150450
8.033349 0.331180 0.007367 0.035942 -0.470172 0.205859 0.843237 0.159724
8.035692 0.331291 0.007367 0.035942 -0.465535 0.216139 0.839525 0.178212
8.038034 0.331291 0.007255 0.036054 -0.453676 0.221282 0.842954 0.186120
8.040377 0.331403 0.007255 0.035942 -0.451218 0.226253 0.840858 0.195370
8.042720 0.331515 0.007144 0.035942 -0.441707 0.226163 0.846209 0.194102
8.045063 0.331515 0.007144 0.035942 -0.436935 0.240260 0.841437 0.208200
8.047405 0.331626 0.007144 0.035942 -0.427387 0.240096 0.846701 0.206862
8.049748 0.331626 0.007144 0.035942 -0.424723 0.244777 0.844377 0.216151
8.052091 0.331626 0.007032 0.035942 -0.412415 0.249024 0.847143 0.224165
8.054434 0.331738 0.007032 0.035942 -0.412415 0.249024 0.847143 0.224165
8.056776 0.331738 0.007032 0.035830 -0.402772 0.248590 0.852231 0.222888
8.059119 0.331738 0.007032 0.035830 -0.402772 0.248590 0.852231 0.222888
8.061462 0.331738 0.007032 0.035830 -0.393081 0.248125 0.857217 0.221585
8.063805 0.331738 0.007032 0.035830 -0.393081 0.248125 0.857217 0.221585
8.066148 0.331626 0.007032 0.035830 -0.383700 0.252887 0.861741 0.214998
8.068490 0.331626 0.007032 0.035719 -0.383700 0.252887 0.861741 0.214998
8.070833 0.331626 0.007032 0.035719 -0.386456 0.248657 0.864051 0.205518
8.073176 0.331626 0.007032 0.035719 -0.374415 0.257929 0.866020 0.208075
8.075519 0.331626 0.007032 0.035719 -0.377226 0.253801 0.868254 0.198548
8.077861 0.331515 0.007144 0.035607 -0.379991 0.249641 0.870383 0.188997
8.080204 0.331515 0.007144 0.035607 -0.368104 0.259218 0.872198 0.191250
8.082547 0.331515 0.007144 0.035607 -0.370930 0.255159 0.874246 0.181656
8.084890 0.331515 0.007144 0.035607 -0.371798 0.260679 0.873378 0.176136
8.087232 0.331515 0.007255 0.035496 -0.371798 0.260679 0.873378 0.176136
8.089575 0.331626 0.007255 0.035496 -0.372787 0.266179 0.872388 0.170636
8.091918 0.331626 0.007255 0.035496 -0.372787 0.266179 0.872388 0.170636
8.094261 0.331626 0.007255 0.035496 -0.375689 0.262067 0.874210 0.161042
8.096604 0.331626 0.007255 0.035496 -0.373897 0.271656 0.871279 0.165159
8.098946 0.331738 0.007367 0.035496 -0.376859 0.267532 0.873040 0.155577
8.101289 0.331738 0.007367 0.035496 -0.376859 0.267532 0.873040 0.155577
8.103632 0.331738 0.007367 0.035496 -0.384794 0.276342 0.865580 0.162296
8.105975 0.331850 0.007367 0.035496 -0.384794 0.276342 0.865580 0.162296
8.108317 0.331850 0.007367 0.035607 -0.394414 0.275544 0.861007 0.164865
8.110660 0.331961 0.007367 0.035607 -0.397417 0.271194 0.862766 0.155396
8.113003 0.331961 0.007367 0.035607 -0.406980 0.270258 0.858117 0.157996
8.115346 0.331961 0.007367 0.035719 -0.418233 0.259897 0.856272 0.155992
8.117688 0.332073 0.007255 0.035719 -0.418233 0.259897 0.856272 0.155992
8.120031 0.332073 0.007255 0.035719 -0.427724 0.258949 0.851405 0.158449
8.122374 0.332073 0.007255 0.035830 -0.438905 0.248655 0.849220 0.156075
8.124717 0.332073 0.007255 0.035830 -0.448318 0.247700 0.844138 0.158390
8.127059 0.332184 0.007255 0.035830 -0.454938 0.251729 0.837138 0.169894
8.129402 0.332184 0.007255 0.035830 -0.456777 0.242516 0.839853 0.164886
8.131745 0.332184 0.007144 0.035942 -0.466115 0.241663 0.834534 0.167002
8.134088 0.332184 0.007144 0.035942 -0.477225 0.231656 0.831709 0.163866
8.136431 0.332184 0.007144 0.035942 -0.477225 0.231656 0.831709 0.163866
8.138773 0.332184 0.007144 0.035942 -0.486472 0.230805 0.826179 0.165840
8.141116 0.332184 0.007144 0.035942 -0.493104 0.235357 0.818656 0.176799
8.143459 0.332184 0.007032 0.035942 -0.495016 0.226349 0.821193 0.171371
8.145802 0.332184 0.007032 0.035942 -0.504173 0.225606 0.815434 0.173141
8.148144 0.332184 0.007032 0.035942 -0.504173 0.225606 0.815434 0.173141
8.150487 0.332184 0.007032 0.035942 -0.510769 0.230460 0.807608 0.183775
8.152830 0.332184 0.007032 0.035942 -0.510769 0.230460 0.807608 0.183775
8.155173 0.332184 0.006921 0.035942 -0.519811 0.229762 0.801635 0.185438
8.157515 0.332184 0.006921 0.035942 -0.519359 0.226660 0.802088 0.188539
8.159858 0.332296 0.006921 0.035942 -0.528363 0.226100 0.795994 0.190014
8.162201 0.332296 0.006921 0.035942 -0.528363 0.226100 0.795994 0.190014
8.164544 0.332296 0.006921 0.035942 -0.537303 0.225512 0.789804 0.191466
8.166887 0.332296 0.006921 0.035942 -0.537303 0.225512 0.789804 0.191466
8.169229 0.332296 0.006921 0.035942 -0.539374 0.216821 0.792234 0.185552
8.171572 0.332296 0.006921 0.035942 -0.548265 0.216275 0.785942 0.186883
8.173915 0.332296 0.006921 0.035942 -0.550608 0.210239 0.787948 0.178238
8.176258 0.332296 0.006921 0.035942 -0.550608 0.210239 0.787948 0.178238
8.178600 0.332408 0.006921 0.035942 -0.559425 0.209570 0.781576 0.179616
8.180943 0.332408 0.006921 0.035830 -0.561694 0.203411 0.783503 0.171019
8.183286 0.332408 0.006921 0.035830 -0.561694 0.203411 0.783503 0.171019
8.185629 0.332408 0.006921 0.035830 -0.570436 0.202621 0.777052 0.172447
8.187971 0.332408 0.006921 0.035830 -0.572627 0.196342 0.778900 0.163900
8.190314 0.332408 0.006921 0.035830 -0.570792 0.204887 0.776695 0.170181
8.192657 0.332408 0.007032 0.035830 -0.581644 0.197527 0.772018 0.163284
8.195000 0.332408 0.007032 0.035830 -0.579815 0.205997 0.769801 0.169664
8.197342 0.332408 0.007032 0.035830 -0.582043 0.199614 0.771619 0.161197
8.199685 0.332408 0.007032 0.035830 -0.590986 0.200260 0.764647 0.161077
8.202028 0.332408 0.007032 0.035830 -0.597586 0.207119 0.755799 0.169590
8.204371 0.332408 0.007032 0.035719 -0.598018 0.208853 0.755367 0.167857
8.206714 0.332408 0.007032 0.035719 -0.606734 0.208694 0.748290 0.168472
8.209056 0.332408 0.007032 0.035719 -0.611008 0.223030 0.736869 0.184259
8.211399 0.332408 0.007032 0.035719 -0.619444 0.222165 0.729736 0.185518
8.213742 0.332408 0.007032 0.035719 -0.627726 0.220941 0.722595 0.187087
8.216085 0.332519 0.007032 0.035719 -0.638842 0.231522 0.703969 0.206656
8.218427 0.332519 0.007032 0.035830 -0.644300 0.237055 0.694261 0.216067
8.220770 0.332519 0.007032 0.035830 -0.653979 0.246068 0.675101 0.236644
8.223113 0.332631 0.006921 0.035830 -0.661187 0.243007 0.668052 0.239762
8.225456 0.332631 0.006921 0.035830 -0.669575 0.250647 0.648573 0.261147
8.227798 0.332742 0.006921 0.035830 -0.670386 0.261146 0.635882 0.279355
8.230141 0.332742 0.006809 0.035830 -0.673867 0.264316 0.625912 0.290301
8.232484 0.332854 0.006809 0.035830 -0.673755 0.274017 0.612902 0.308741
8.234827 0.332966 0.006809 0.035830 -0.679627 0.269184 0.606250 0.313221
8.237170 0.333077 0.006809 0.035830 -0.678677 0.278084 0.593170 0.331989
8.239512 0.333189 0.006809 0.035830 -0.674988 0.284584 0.590079 0.339425
8.241855 0.333301 0.006809 0.035830 -0.677145 0.286505 0.579924 0.350824
8.244198 0.333301 0.006809 0.035830 -0.682176 0.280726 0.573675 0.355985
8.246541 0.333412 0.006809 0.035830 -0.678224 0.287011 0.570556 0.363458
8.248883 0.333524 0.006809 0.035830 -0.682894 0.280870 0.564525 0.368890
8.251226 0.333635 0.006809 0.035830 -0.687250 0.274444 0.558656 0.374528
8.253569 0.333747 0.006809 0.035830 -0.683094 0.280565 0.555607 0.382056
8.255912 0.333859 0.006809 0.035830 -0.687063 0.273800 0.549985 0.387937
8.258254 0.333970 0.006809 0.035830 -0.687727 0.274341 0.540184 0.399962
8.260597 0.334082 0.006921 0.035942 -0.695523 0.261198 0.537770 0.398530
8.262940 0.334082 0.006921 0.035942 -0.700400 0.255705 0.521248 0.415158
8.265283 0.334194 0.006921 0.035942 -0.700269 0.255601 0.511565 0.427308
8.267626 0.334305 0.006921 0.036054 -0.704657 0.249755 0.504662 0.431736
8.269968 0.334417 0.006921 0.036054 -0.704127 0.249332 0.494989 0.443875
8.272311 0.334417 0.006809 0.036054 -0.708297 0.243350 0.488030 0.448245
8.274654 0.334528 0.006809 0.036054 -0.712381 0.237338 0.481012 0.452561
8.276997 0.334528 0.006809 0.036054 -0.713795 0.239154 0.468889 0.462001
8.279339 0.334640 0.006809 0.036054 -0.717773 0.233129 0.461710 0.466129
8.281682 0.334640 0.006809 0.036165 -0.721665 0.227076 0.454475 0.470200
8.284025 0.334752 0.006697 0.036165 -0.717691 0.233794 0.439407 0.487013
8.286368 0.334752 0.006697 0.036165 -0.721432 0.227648 0.432088 0.490930
8.288710 0.334863 0.006697 0.036165 -0.721432 0.227648 0.432088 0.490930
8.291053 0.334975 0.006697 0.036165 -0.717691 0.233794 0.439407 0.487013
8.293396 0.334975 0.006697 0.036165 -0.717691 0.233794 0.439407 0.487013
8.295739 0.335087 0.006697 0.036054 -0.718505 0.224501 0.435015 0.494077
8.298081 0.335198 0.006697 0.036165 -0.718505 0.224501 0.435015 0.494077
8.300424 0.335198 0.006697 0.036165 -0.713034 0.229266 0.432522 0.501941
8.302767 0.335310 0.006697 0.036165 -0.715509 0.221419 0.438011 0.497159
8.305110 0.335421 0.006809 0.036165 -0.713387 0.219728 0.428477 0.509122
8.307453 0.335533 0.006809 0.036165 -0.707751 0.224422 0.426037 0.516929
8.309795 0.335645 0.006809 0.036165 -0.702029 0.229089 0.423546 0.524673
8.312138 0.335756 0.006809 0.036165 -0.707637 0.214657 0.422348 0.524208
8.314481 0.335868 0.006809 0.036165 -0.704837 0.212476 0.413052 0.536140
8.316824 0.335979 0.006809 0.036277 -0.707754 0.205642 0.406090 0.540265
8.319166 0.336091 0.006809 0.036277 -0.708359 0.206578 0.393074 0.548676
8.321509 0.336091 0.006809 0.036388 -0.705067 0.203954 0.383754 0.560372
8.323852 0.336203 0.006809 0.036388 -0.707760 0.197000 0.376680 0.564251
8.326195 0.336314 0.006809 0.036388 -0.710367 0.190021 0.369561 0.568062
8.328537 0.336314 0.006809 0.036388 -0.710835 0.190841 0.356094 0.575752
8.330880 0.336314 0.006809 0.036500 -0.713348 0.183845 0.348847 0.579346
8.333223 0.336426 0.006809 0.036500 -0.715775 0.176827 0.341557 0.582870
8.335566 0.336426 0.006809 0.036500 -0.715775 0.176827 0.341557 0.582870
8.337909 0.336426 0.006809 0.036500 -0.715775 0.176827 0.341557 0.582870
8.340251 0.336426 0.006809 0.036500 -0.715775 0.176827 0.341557 0.582870
8.342594 0.336426 0.006809 0.036500 -0.715775 0.176827 0.341557 0.582870
8.344937 0.336538 0.006809 0.036500 -0.715775 0.176827 0.341557 0.582870
8.347280 0.336538 0.006809 0.036388 -0.715775 0.176827 0.341557 0.582870
8.349622 0.336538 0.006809 0.036388 -0.709328 0.180569 0.339594 0.590698
8.351965 0.336649 0.006809 0.036388 -0.706940 0.187667 0.346806 0.587148
8.354308 0.336649 0.006809 0.036388 -0.700447 0.191465 0.344723 0.594879
8.356651 0.336649 0.006809 0.036277 -0.700447 0.191465 0.344723 0.594879
8.358993 0.336761 0.006809 0.036277 -0.691476 0.202472 0.349612 0.598863
8.361336 0.336872 0.006809 0.036277 -0.682548 0.213812 0.340683 0.610203
8.363679 0.336872 0.006809 0.036165 -0.673329 0.224873 0.345165 0.613939
8.366022 0.336984 0.006809 0.036165 -0.663991 0.235960 0.335828 0.625027
8.368364 0.337096 0.006809 0.036165 -0.657084 0.239636 0.333215 0.632284
8.370707 0.337207 0.006809 0.036165 -0.647386 0.250409 0.323517 0.643057
8.373050 0.337319 0.006697 0.036165 -0.637454 0.260967 0.313585 0.653615
8.375393 0.337319 0.006697 0.036054 -0.634549 0.267955 0.306385 0.657021
8.377736 0.337431 0.006697 0.036054 -0.624274 0.278180 0.296111 0.667246
8.380078 0.337542 0.006586 0.036165 -0.623948 0.277491 0.282083 0.673882
8.382421 0.337542 0.006586 0.036165 -0.619163 0.272936 0.272388 0.684068
8.384764 0.337654 0.006586 0.036165 -0.616127 0.279722 0.264856 0.687019
8.387107 0.337654 0.006586 0.036165 -0.618792 0.272080 0.258158 0.690234
8.389449 0.337765 0.006586 0.036165 -0.618440 0.271217 0.243796 0.696087
8.391792 0.337765 0.006474 0.036165 -0.621040 0.263539 0.237003 0.699061
8.394135 0.337765 0.006474 0.036165 -0.623565 0.255829 0.230182 0.701951
8.396478 0.337765 0.006474 0.036277 -0.626015 0.248089 0.223332 0.704756
8.398820 0.337877 0.006474 0.036277 -0.636123 0.237925 0.219083 0.700529
8.401163 0.337877 0.006474 0.036277 -0.640941 0.223174 0.219808 0.700766
8.403506 0.337877 0.006474 0.036277 -0.643106 0.215399 0.212823 0.703367
8.405849 0.337877 0.006474 0.036277 -0.647434 0.200497 0.213554 0.703580
8.408192 0.337989 0.006586 0.036388 -0.647434 0.200497 0.213554 0.703580
8.410534 0.337989 0.006586 0.036388 -0.651435 0.185503 0.214291 0.703776
8.412877 0.337989 0.006586 0.036388 -0.653433 0.178336 0.222010 0.701379
8.415220 0.338100 0.006586 0.036388 -0.655353 0.171146 0.229702 0.698898
8.417563 0.338212 0.006697 0.036388 -0.658691 0.155991 0.230446 0.699062
8.419905 0.338212 0.006697 0.036388 -0.652674 0.151352 0.236463 0.703701
8.422248 0.338324 0.006697 0.036388 -0.653974 0.143298 0.229633 0.706437
8.424591 0.338435 0.006697 0.036500 -0.655509 0.136105 0.237380 0.703871
8.426934 0.338547 0.006809 0.036500 -0.648839 0.130546 0.229131 0.713768
8.429276 0.338658 0.006809 0.036500 -0.650234 0.123410 0.236959 0.711208
8.431619 0.338770 0.006809 0.036500 -0.642381 0.126006 0.235589 0.718309
8.433962 0.338770 0.006809 0.036612 -0.644540 0.110672 0.236849 0.718486
8.436305 0.338882 0.006921 0.036612 -0.636608 0.113268 0.235619 0.725524
8.438648 0.338993 0.006921 0.036612 -0.636122 0.111909 0.221051 0.730727
8.440990 0.339105 0.006809 0.036723 -0.636122 0.111909 0.221051 0.730727
8.443333 0.339216 0.006809 0.036723 -0.636843 0.103549 0.214441 0.733296
8.445676 0.339328 0.006809 0.036723 -0.628749 0.105899 0.213290 0.740249
8.448019 0.339440 0.006809 0.036723 -0.627547 0.112800 0.205145 0.742547
8.450361 0.339551 0.006809 0.036723 -0.626270 0.119688 0.196975 0.744756
8.452704 0.339551 0.006809 0.036723 -0.624917 0.126561 0.188781 0.746875
8.455047 0.339663 0.006697 0.036723 -0.614187 0.143859 0.185620 0.753408
8.457390 0.339775 0.006697 0.036723 -0.612570 0.150598 0.177331 0.755402
8.459732 0.339886 0.006586 0.036723 -0.610878 0.157319 0.169022 0.757305
8.462075 0.339998 0.006586 0.036723 -0.605793 0.179093 0.158951 0.758732
8.464418 0.340109 0.006474 0.036723 -0.603789 0.185738 0.150606 0.760433
8.466761 0.340221 0.006474 0.036723 -0.593304 0.193911 0.140121 0.768606
8.469103 0.340333 0.006362 0.036723 -0.587001 0.215265 0.129788 0.769575
8.471446 0.340333 0.006362 0.036723 -0.576096 0.223021 0.118883 0.777330
8.473789 0.340444 0.006251 0.036723 -0.560252 0.245142 0.105632 0.784133
8.476132 0.340556 0.006251 0.036723 -0.554730 0.257392 0.088379 0.786265
8.478475 0.340668 0.006139 0.036723 -0.551869 0.263471 0.079735 0.787188
8.480817 0.340779 0.006139 0.036723 -0.540251 0.270283 0.068117 0.794000
8.483160 0.340779 0.006028 0.036835 -0.528486 0.276838 0.056352 0.800555
8.485503 0.340891 0.006028 0.036835 -0.519285 0.274670 0.038162 0.808358
8.487846 0.341002 0.005916 0.036835 -0.504206 0.286219 0.017249 0.814590
8.490188 0.341002 0.005916 0.036835 -0.501031 0.291741 0.008299 0.814731
8.492531 0.341114 0.005804 0.036947 -0.488815 0.297203 -0.003918 0.820192
8.494874 0.341114 0.005693 0.036947 -0.485520 0.302555 -0.012928 0.820100
8.497217 0.341114 0.005693 0.036947 -0.473130 0.307612 -0.025318 0.825156
8.499559 0.341114 0.005693 0.036947 -0.466410 0.321226 -0.028275 0.823696
8.501902 0.341226 0.005581 0.036947 -0.466410 0.321226 -0.028275 0.823696
8.504245 0.341226 0.005581 0.036947 -0.466410 0.321226 -0.028275 0.823696
8.506588 0.341226 0.005581 0.036947 -0.462853 0.326331 -0.037323 0.823336
8.508931 0.341226 0.005581 0.036947 -0.459393 0.334690 -0.031199 0.822172
8.511273 0.341226 0.005469 0.036947 -0.455877 0.343009 -0.025072 0.820909
8.513616 0.341226 0.005469 0.036947 -0.452307 0.351286 -0.018942 0.819547
8.515959 0.341226 0.005469 0.036835 -0.457642 0.359640 -0.008859 0.813108
8.518302 0.341226 0.005581 0.036835 -0.457959 0.362754 0.006281 0.811569
8.520644 0.341226 0.005581 0.036835 -0.458344 0.365861 0.021384 0.809697
8.522987 0.341226 0.005581 0.036835 -0.458797 0.368958 0.036442 0.807494
8.525330 0.341226 0.005581 0.036723 -0.455203 0.377069 0.042601 0.805478
8.527673 0.341226 0.005693 0.036723 -0.464550 0.379494 0.061751 0.797725
8.530015 0.341226 0.005693 0.036723 -0.465139 0.382398 0.076698 0.794692
8.532358 0.341226 0.005693 0.036612 -0.465792 0.385288 0.091574 0.791331
8.534701 0.341226 0.005804 0.036612 -0.466508 0.388164 0.106374 0.787645
8.537044 0.341226 0.005804 0.036612 -0.462963 0.396132 0.112472 0.784917
8.539387 0.341337 0.005916 0.036500 -0.467287 0.391022 0.121088 0.783634
8.541729 0.341337 0.005916 0.036500 -0.468129 0.393863 0.135711 0.779301
8.544072 0.341337 0.005916 0.036500 -0.472428 0.388697 0.144265 0.777763
8.546415 0.341449 0.005916 0.036500 -0.460494 0.398312 0.145869 0.779753
8.548758 0.341449 0.006028 0.036500 -0.460494 0.398312 0.145869 0.779753
8.551100 0.341449 0.006028 0.036500 -0.464843 0.393228 0.154426 0.778104
8.553443 0.341449 0.006028 0.036500 -0.464843 0.393228 0.154426 0.778104
8.555786 0.341561 0.006028 0.036500 -0.456266 0.394901 0.150097 0.783164
8.558129 0.341561 0.006028 0.036500 -0.460577 0.389865 0.158692 0.781467
8.560471 0.341561 0.006139 0.036500 -0.451964 0.391585 0.154399 0.786480
8.562814 0.341561 0.006139 0.036500 -0.451964 0.391585 0.154399 0.786480
8.565157 0.341561 0.006139 0.036500 -0.447590 0.388363 0.158773 0.789701
8.567500 0.341672 0.006139 0.036388 -0.447590 0.388363 0.158773 0.789701
8.569842 0.341672 0.006139 0.036388 -0.451830 0.383423 0.167439 0.787909
8.572185 0.341672 0.006139 0.036388 -0.443146 0.385239 0.163217 0.792826
8.574528 0.341672 0.006139 0.036388 -0.438635 0.382213 0.167728 0.795852
8.576871 0.341784 0.006139 0.036388 -0.438635 0.382213 0.167728 0.795852
8.579214 0.341784 0.006139 0.036277 -0.434058 0.379287 0.172305 0.798778
8.581556 0.341895 0.006251 0.036277 -0.431422 0.387854 0.177390 0.794970
8.583899 0.341895 0.006251 0.036277 -0.426919 0.385112 0.181893 0.797711
8.586242 0.342007 0.006251 0.036165 -0.418130 0.387087 0.177651 0.802353
8.588585 0.342007 0.006251 0.036165 -0.418130 0.387087 0.177651 0.802353
8.590927 0.342119 0.006251 0.036165 -0.413539 0.384496 0.182242 0.804945
8.593270 0.342119 0.006251 0.036054 -0.404671 0.386475 0.178007 0.809440
8.595613 0.342230 0.006251 0.036054 -0.406943 0.377641 0.173390 0.813462
8.597956 0.342342 0.006251 0.036054 -0.397982 0.379523 0.169231 0.817884
8.600298 0.342342 0.006251 0.036054 -0.393139 0.377063 0.174074 0.820344
8.602641 0.342454 0.006251 0.036054 -0.395177 0.368061 0.169676 0.824364
8.604984 0.342565 0.006139 0.036054 -0.386096 0.369902 0.165623 0.828656
8.607327 0.342565 0.006139 0.036054 -0.374867 0.366699 0.148128 0.838490
8.609670 0.342677 0.006139 0.036054 -0.367549 0.359093 0.139912 0.846395
8.612012 0.342677 0.006139 0.036054 -0.367549 0.359093 0.139912 0.846395
8.614355 0.342788 0.006139 0.036054 -0.360060 0.351309 0.131864 0.854137
8.616698 0.342788 0.006028 0.036054 -0.352402 0.343350 0.123990 0.861713
8.619041 0.342788 0.006028 0.036054 -0.352402 0.343350 0.123990 0.861713
8.621383 0.342788 0.006028 0.036054 -0.344579 0.335220 0.116293 0.869119
8.623726 0.342900 0.006028 0.036054 -0.335010 0.336477 0.112603 0.872853
8.626069 0.342900 0.006028 0.036054 -0.326948 0.328098 0.105178 0.879997
8.628412 0.342900 0.006028 0.036054 -0.320858 0.325728 0.111268 0.882366
8.630754 0.342900 0.006028 0.036054 -0.320858 0.325728 0.111268 0.882366
8.633097 0.342788 0.006028 0.036054 -0.314718 0.323493 0.117408 0.884602
8.635440 0.342788 0.006028 0.036054 -0.304981 0.324763 0.113847 0.888006
8.637783 0.342788 0.006028 0.035942 -0.308530 0.321393 0.123596 0.886702
8.640125 0.342788 0.006028 0.035942 -0.299804 0.312901 0.116866 0.893618
8.642468 0.342788 0.006028 0.035942 -0.303223 0.309589 0.126676 0.892280
8.644811 0.342788 0.006028 0.035942 -0.293402 0.310962 0.123267 0.895557
8.647154 0.342788 0.006028 0.035942 -0.293402 0.310962 0.123267 0.895557
8.649497 0.342788 0.006028 0.035942 -0.296801 0.307720 0.133099 0.894149
8.651839 0.342788 0.006028 0.035942 -0.286959 0.309163 0.129710 0.897356
8.654182 0.342788 0.006028 0.035942 -0.287661 0.299210 0.126800 0.900914
8.656525 0.342900 0.006028 0.035942 -0.287661 0.299210 0.126800 0.900914
8.658868 0.342900 0.006028 0.035942 -0.288328 0.289220 0.123874 0.904364
8.661210 0.342900 0.006028 0.036054 -0.288328 0.289220 0.123874 0.904364
8.663553 0.342900 0.005916 0.036054 -0.288961 0.279196 0.120933 0.907704
8.665896 0.342900 0.005916 0.036054 -0.288961 0.279196 0.120933 0.907704
8.668239 0.342900 0.005916 0.036054 -0.289558 0.269137 0.117978 0.910935
8.670581 0.342900 0.005916 0.036165 -0.290121 0.259047 0.115008 0.914056
8.672924 0.342900 0.005916 0.036165 -0.290121 0.259047 0.115008 0.914056
8.675267 0.342900 0.005916 0.036165 -0.287896 0.252103 0.101943 0.918242
8.677610 0.342900 0.005916 0.036165 -0.288500 0.241957 0.098915 0.921108
8.679953 0.342900 0.005916 0.036277 -0.288500 0.241957 0.098915 0.921108
8.682295 0.342900 0.005916 0.036277 -0.289069 0.231781 0.095874 0.923864
8.684638 0.342900 0.005916 0.036277 -0.289069 0.231781 0.095874 0.923864
8.686981 0.343012 0.005916 0.036277 -0.289069 0.231781 0.095874 0.923864
8.689324 0.343012 0.005916 0.036277 -0.278902 0.232821 0.093322 0.926984
8.691666 0.343012 0.005916 0.036277 -0.278902 0.232821 0.093322 0.926984
8.694009 0.343123 0.005916 0.036277 -0.266116 0.236770 0.080536 0.930933
8.696352 0.343123 0.005916 0.036277 -0.266116 0.236770 0.080536 0.930933
8.698695 0.343123 0.005916 0.036277 -0.255873 0.237640 0.077930 0.933801
8.701037 0.343235 0.005916 0.036277 -0.255282 0.247904 0.080664 0.931058
8.703380 0.343235 0.005916 0.036277 -0.245038 0.248775 0.077935 0.933806
8.705723 0.343346 0.005916 0.036277 -0.244447 0.259039 0.080547 0.930944
8.708066 0.343346 0.005916 0.036277 -0.231336 0.262465 0.067435 0.934370
8.710409 0.343458 0.005916 0.036277 -0.220390 0.273471 0.066957 0.933895
8.712751 0.343458 0.005916 0.036277 -0.210116 0.274190 0.063948 0.936259
8.715094 0.343458 0.005916 0.036277 -0.209456 0.284463 0.066237 0.933178
8.717437 0.343570 0.005916 0.036277 -0.196047 0.287344 0.052827 0.936060
8.719780 0.343570 0.005916 0.036277 -0.195284 0.297600 0.055030 0.932883
8.722122 0.343570 0.006028 0.036277 -0.195284 0.297600 0.055030 0.932883
8.724465 0.343570 0.006028 0.036277 -0.184273 0.308429 0.053841 0.931674
8.726808 0.343681 0.006028 0.036277 -0.180874 0.310435 0.043602 0.932209
8.729151 0.343681 0.006028 0.036277 -0.180874 0.310435 0.043602 0.932209
8.731493 0.343681 0.006028 0.036388 -0.180874 0.310435 0.043602 0.932209
8.733836 0.343681 0.006028 0.036388 -0.177452 0.312403 0.033358 0.932632
8.736179 0.343681 0.006028 0.036388 -0.187688 0.312018 0.036788 0.930626
8.738522 0.343681 0.006028 0.036388 -0.183103 0.324211 0.028862 0.927646
8.740864 0.343793 0.006028 0.036388 -0.183103 0.324211 0.028862 0.927646
8.743207 0.343793 0.006028 0.036500 -0.183103 0.324211 0.028862 0.927646
8.745550 0.343793 0.006028 0.036500 -0.179531 0.326203 0.018669 0.927907
8.747893 0.343793 0.006028 0.036500 -0.179531 0.326203 0.018669 0.927907
8.750236 0.343793 0.006028 0.036500 -0.174547 0.338238 0.010845 0.924668
8.752578 0.343793 0.006028 0.036500 -0.174547 0.338238 0.010845 0.924668
8.754921 0.343793 0.006028 0.036500 -0.169300 0.350161 0.003095 0.921257
8.757264 0.343905 0.006028 0.036500 -0.169300 0.350161 0.003095 0.921257
8.759607 0.343905 0.006028 0.036500 -0.167760 0.360145 0.005503 0.917672
8.761949 0.343905 0.006028 0.036500 -0.167760 0.360145 0.005503 0.917672
8.764292 0.343905 0.006028 0.036500 -0.162123 0.371889 -0.002131 0.914008
8.766635 0.343905 0.006028 0.036500 -0.152072 0.371843 -0.006216 0.915734
8.768978 0.343905 0.006028 0.036500 -0.150424 0.381747 -0.003877 0.911936
8.771320 0.343905 0.006028 0.036388 -0.148758 0.391604 -0.001537 0.908028
8.773663 0.343905 0.006028 0.036388 -0.138773 0.391564 -0.005839 0.909607
8.776006 0.344016 0.006028 0.036388 -0.137133 0.401399 -0.003606 0.905572
8.778349 0.344016 0.006028 0.036388 -0.132715 0.402882 -0.013555 0.905477
8.780692 0.344016 0.006139 0.036388 -0.130951 0.412650 -0.011277 0.901357
8.783034 0.344016 0.006139 0.036388 -0.121041 0.412501 -0.015809 0.902741
8.785377 0.344016 0.006139 0.036277 -0.119308 0.422244 -0.013637 0.898493
8.787720 0.344016 0.006139 0.036277 -0.119308 0.422244 -0.013637 0.898493
8.790063 0.344016 0.006139 0.036277 -0.123940 0.420908 -0.003765 0.898589
8.792405 0.344016 0.006139 0.036277 -0.122299 0.430619 -0.001639 0.894208
8.794748 0.344016 0.006139 0.036277 -0.122299 0.430619 -0.001639 0.894208
8.797091 0.344016 0.006139 0.036277 -0.122299 0.430619 -0.001639 0.894208
8.799434 0.344016 0.006139 0.036277 -0.122299 0.430619 -0.001639 0.894208
8.801776 0.344016 0.006139 0.036277 -0.122299 0.430619 -0.001639 0.894208
8.804119 0.344016 0.006139 0.036277 -0.122299 0.430619 -0.001639 0.894208
8.806462 0.344016 0.006139 0.036277 -0.122299 0.430619 -0.001639 0.894208
8.808805 0.344016 0.006139 0.036277 -0.122299 0.430619 -0.001639 0.894208
8.811148 0.344016 0.006139 0.036277 -0.123940 0.420908 -0.003765 0.898589
8.813490 0.344128 0.006139 0.036277 -0.123940 0.420908 -0.003765 0.898589
8.815833 0.344128 0.006139 0.036277 -0.123940 0.420908 -0.003765 0.898589
8.818176 0.344128 0.006139 0.036277 -0.123940 0.420908 -0.003765 0.898589
8.820519 0.344128 0.006139 0.036388 -0.123940 0.420908 -0.003765 0.898589
8.822861 0.344239 0.006139 0.036388 -0.125566 0.411146 -0.005891 0.902861
8.825204 0.344239 0.006139 0.036388 -0.115639 0.411057 -0.010407 0.904186
8.827547 0.344351 0.006139 0.036388 -0.115639 0.411057 -0.010407 0.904186
8.829890 0.344351 0.006139 0.036388 -0.117204 0.401223 -0.012425 0.908366
8.832232 0.344463 0.006139 0.036388 -0.117204 0.401223 -0.012425 0.908366
8.834575 0.344463 0.006139 0.036388 -0.104420 0.392330 -0.028776 0.913425
8.836918 0.344574 0.006028 0.036500 -0.106022 0.382396 -0.030724 0.917382
8.839261 0.344686 0.006028 0.036500 -0.106022 0.382396 -0.030724 0.917382
8.841603 0.344798 0.006028 0.036500 -0.097484 0.372034 -0.036758 0.922354
8.843946 0.344798 0.006028 0.036500 -0.099019 0.361988 -0.038588 0.926105
8.846289 0.344909 0.006028 0.036500 -0.088839 0.361542 -0.042563 0.927137
8.848632 0.345021 0.006028 0.036500 -0.080091 0.350926 -0.048136 0.931729
8.850975 0.345021 0.006028 0.036500 -0.071244 0.340189 -0.053474 0.936128
8.853317 0.345021 0.006028 0.036500 -0.060955 0.339581 -0.057209 0.936854
8.855660 0.345132 0.006028 0.036500 -0.051968 0.328675 -0.062190 0.940959
8.858003 0.345132 0.006028 0.036500 -0.046380 0.317171 -0.056547 0.945544
8.860346 0.345132 0.006028 0.036500 -0.037100 0.306157 -0.061004 0.949300
8.862688 0.345132 0.006028 0.036500 -0.019581 0.304546 -0.057276 0.950572
8.865031 0.345132 0.006139 0.036500 -0.010022 0.293452 -0.061208 0.953960
8.867374 0.345244 0.006139 0.036500 -0.002757 0.292749 -0.053943 0.954662
8.869717 0.345244 0.006139 0.036500 0.017552 0.280990 -0.060564 0.957637
8.872059 0.345244 0.006139 0.036500 0.024472 0.270054 -0.053170 0.961065
8.874402 0.345356 0.006251 0.036388 0.045124 0.258244 -0.058897 0.963226
8.876745 0.345356 0.006251 0.036500 0.052555 0.247569 -0.050803 0.966109
8.879088 0.345356 0.006251 0.036500 0.073506 0.235765 -0.055642 0.967427
8.881431 0.345356 0.006251 0.036500 0.083887 0.224490 -0.057517 0.969154
8.883773 0.345467 0.006251 0.036388 0.094529 0.223844 -0.059980 0.968174
8.886116 0.345467 0.006251 0.036388 0.107290 0.211348 -0.072130 0.968823
8.888459 0.345579 0.006139 0.036388 0.117624 0.199872 -0.073396 0.969963
8.890802 0.345579 0.006139 0.036388 0.140692 0.186009 -0.087120 0.968513
8.893144 0.345579 0.006139 0.036388 0.152340 0.162011 -0.097015 0.970120
8.895487 0.345691 0.006139 0.036500 0.164120 0.148449 -0.107928 0.969216
8.897830 0.345691 0.006028 0.036388 0.175621 0.134647 -0.118569 0.967972
8.900173 0.345802 0.006028 0.036388 0.186835 0.120614 -0.128931 0.966396
8.902515 0.345802 0.005916 0.036388 0.198738 0.117014 -0.140834 0.962796
8.904858 0.345802 0.005916 0.036388 0.209477 0.102532 -0.150727 0.960671
8.907201 0.345914 0.005916 0.036388 0.219907 0.087849 -0.160318 0.958239
8.909544 0.345914 0.005916 0.036388 0.231353 0.083545 -0.171764 0.953936
8.911886 0.346025 0.005916 0.036388 0.241819 0.081653 -0.172672 0.951336
8.914229 0.346137 0.005916 0.036388 0.251704 0.066468 -0.181592 0.948289
8.916572 0.346249 0.005804 0.036388 0.262107 0.064469 -0.182311 0.945466
8.918915 0.346360 0.005804 0.036277 0.273148 0.059465 -0.193352 0.940462
8.921258 0.346360 0.005804 0.036277 0.283464 0.057338 -0.193994 0.937405
8.923600 0.346472 0.005804 0.036277 0.284076 0.054220 -0.204280 0.935217
8.925943 0.346584 0.005804 0.036277 0.294334 0.051973 -0.204864 0.932039
8.928286 0.346695 0.005804 0.036277 0.295901 0.062333 -0.207663 0.930287
8.930629 0.346807 0.005804 0.036165 0.296568 0.059078 -0.217870 0.927949
8.932971 0.346918 0.005804 0.036165 0.306745 0.056681 -0.218506 0.924635
8.935314 0.347030 0.005804 0.036165 0.305574 0.043015 -0.225778 0.924012
8.937657 0.347142 0.005693 0.036165 0.306028 0.039656 -0.235916 0.921476
8.940000 0.347142 0.005693 0.036165 0.306446 0.036291 -0.246025 0.918828
8.942342 0.347253 0.005693 0.036165 0.304676 0.022690 -0.253262 0.917887
8.944685 0.347253 0.005693 0.036165 0.304676 0.022690 -0.253262 0.917887
8.947028 0.347253 0.005581 0.036165 0.304907 0.019342 -0.263331 0.915049
8.949371 0.347365 0.005581 0.036165 0.302690 0.005806 -0.270534 0.913869
8.951714 0.347365 0.005581 0.036165 0.300176 -0.007677 -0.277709 0.912531
8.954056 0.347365 0.005581 0.036277 0.300073 -0.010974 -0.287717 0.909425
8.956399 0.347365 0.005581 0.036277 0.297116 -0.024368 -0.294844 0.907852
8.958742 0.347365 0.005581 0.036277 0.293866 -0.037693 -0.301934 0.906122
8.961085 0.347476 0.005581 0.036277 0.303334 -0.044343 -0.311403 0.899472
8.963427 0.347476 0.005581 0.036277 0.299625 -0.057630 -0.318287 0.897551
8.965770 0.347476 0.005581 0.036277 0.298974 -0.060918 -0.328128 0.894000
8.968113 0.347476 0.005581 0.036388 0.305445 -0.074400 -0.324329 0.892176
8.970456 0.347476 0.005581 0.036388 0.314352 -0.081417 -0.333237 0.885159
8.972798 0.347588 0.005581 0.036388 0.324058 -0.085073 -0.332322 0.881652
8.975141 0.347588 0.005693 0.036388 0.320613 -0.094836 -0.328974 0.883170
8.977484 0.347588 0.005693 0.036388 0.329195 -0.102067 -0.337555 0.875939
8.979827 0.347588 0.005693 0.036388 0.338798 -0.105769 -0.336414 0.872270
8.982170 0.347700 0.005804 0.036388 0.348360 -0.109458 -0.335231 0.868495
8.984512 0.347700 0.005804 0.036277 0.348360 -0.109458 -0.335231 0.868495
8.986855 0.347811 0.005804 0.036277 0.357881 -0.113135 -0.334009 0.864616
8.989198 0.347811 0.005916 0.036277 0.368619 -0.112754 -0.323271 0.864235
8.991541 0.347811 0.005916 0.036277 0.371975 -0.103190 -0.327150 0.862530
8.993883 0.347923 0.005916 0.036277 0.381429 -0.106778 -0.325997 0.858392
8.996226 0.347923 0.005916 0.036277 0.381429 -0.106778 -0.325997 0.858392
8.998569 0.348035 0.006028 0.036277 0.381429 -0.106778 -0.325997 0.858392
9.000912 0.348035 0.006028 0.036277 0.390836 -0.110353 -0.324804 0.854150
9.003254 0.348035 0.006028 0.036277 0.389600 -0.114640 -0.334168 0.850530
9.005597 0.348146 0.006028 0.036165 0.389600 -0.114640 -0.334168 0.850530
9.007940 0.348146 0.006028 0.036165 0.389600 -0.114640 -0.334168 0.850530
9.010283 0.348146 0.006028 0.036165 0.389600 -0.114640 -0.334168 0.850530
9.012625 0.348258 0.006028 0.036277 0.388317 -0.118914 -0.343492 0.846807
9.014968 0.348258 0.006028 0.036277 0.388317 -0.118914 -0.343492 0.846807
9.017311 0.348258 0.006028 0.036277 0.388317 -0.118914 -0.343492 0.846807
9.019654 0.348369 0.006028 0.036277 0.388317 -0.118914 -0.343492 0.846807
9.021997 0.348369 0.006028 0.036277 0.383359 -0.132535 -0.348746 0.844894
9.024339 0.348369 0.006028 0.036277 0.383359 -0.132535 -0.348746 0.844894
9.026682 0.348481 0.006028 0.036277 0.383359 -0.132535 -0.348746 0.844894
9.029025 0.348481 0.006028 0.036277 0.379684 -0.141881 -0.344676 0.846704
9.031368 0.348481 0.006028 0.036277 0.388963 -0.145659 -0.343097 0.842482
9.033710 0.348593 0.006028 0.036277 0.385261 -0.154942 -0.338883 0.844231
9.036053 0.348593 0.006028 0.036277 0.385261 -0.154942 -0.338883 0.844231
9.038396 0.348704 0.006028 0.036277 0.381513 -0.164207 -0.334628 0.845877
9.040739 0.348704 0.006028 0.036277 0.390782 -0.167873 -0.332804 0.841635
9.043081 0.348816 0.006028 0.036277 0.387005 -0.177070 -0.328407 0.843221
9.045424 0.348816 0.006028 0.036165 0.383181 -0.186246 -0.323971 0.844705
9.047767 0.348928 0.006028 0.036165 0.383181 -0.186246 -0.323971 0.844705
9.050110 0.348928 0.006028 0.036165 0.379311 -0.195399 -0.319496 0.846088
9.052453 0.349039 0.006028 0.036165 0.388583 -0.198897 -0.317330 0.841870
9.054795 0.349039 0.006028 0.036165 0.384682 -0.207977 -0.312716 0.843193
9.057138 0.349151 0.006028 0.036165 0.393922 -0.211400 -0.310412 0.838916
9.059481 0.349262 0.005916 0.036165 0.393922 -0.211400 -0.310412 0.838916
9.061824 0.349262 0.005916 0.036165 0.399194 -0.223747 -0.303222 0.835845
9.064166 0.349374 0.005916 0.036165 0.399194 -0.223747 -0.303222 0.835845
9.066509 0.349374 0.005916 0.036165 0.408353 -0.227065 -0.300745 0.831409
9.068852 0.349486 0.005916 0.036054 0.413521 -0.239169 -0.293152 0.828167
9.071195 0.349597 0.005804 0.036054 0.422595 -0.242375 -0.290507 0.823574
9.073537 0.349597 0.005804 0.036054 0.434289 -0.240795 -0.278813 0.821994
9.075880 0.349709 0.005804 0.036054 0.439438 -0.252498 -0.270733 0.818439
9.078223 0.349821 0.005804 0.036054 0.448403 -0.255457 -0.267943 0.813562
9.080566 0.349932 0.005693 0.035942 0.457314 -0.258385 -0.265120 0.808587
9.082909 0.350044 0.005693 0.035942 0.466170 -0.261282 -0.262266 0.803514
9.085251 0.350155 0.005693 0.035942 0.474969 -0.264148 -0.259379 0.798344
9.087594 0.350267 0.005693 0.035830 0.471117 -0.272524 -0.253556 0.799681
9.089937 0.350379 0.005581 0.035830 0.475978 -0.283571 -0.244601 0.795740
9.092280 0.350490 0.005581 0.035830 0.480752 -0.294419 -0.235406 0.791694
9.094622 0.350602 0.005581 0.035830 0.476754 -0.302561 -0.229313 0.792829
9.096965 0.350713 0.005581 0.035830 0.472699 -0.310667 -0.223191 0.793869
9.099308 0.350825 0.005581 0.035830 0.468586 -0.318735 -0.217043 0.794813
9.101651 0.350937 0.005469 0.035830 0.464417 -0.326765 -0.210869 0.795660
9.103993 0.351048 0.005469 0.035830 0.463842 -0.329679 -0.195907 0.798613
9.106336 0.351160 0.005469 0.035830 0.459649 -0.337676 -0.189676 0.799200
9.108679 0.351272 0.005469 0.035830 0.451097 -0.353546 -0.177146 0.800085
9.111022 0.351383 0.005469 0.035830 0.446740 -0.361417 -0.170848 0.800383
9.113364 0.351383 0.005469 0.035830 0.437863 -0.377028 -0.158192 0.800688
9.115707 0.351383 0.005469 0.035830 0.433345 -0.384765 -0.151834 0.800696
9.118050 0.351495 0.005469 0.035830 0.433060 -0.387722 -0.136654 0.802157
9.120393 0.351495 0.005469 0.035830 0.441640 -0.391996 -0.117147 0.798480
9.122736 0.351495 0.005469 0.035942 0.432568 -0.407199 -0.104160 0.797637
9.125078 0.351606 0.005358 0.035942 0.441225 -0.410952 -0.084376 0.793296
9.127421 0.351606 0.005358 0.035942 0.440663 -0.426571 -0.066487 0.787040
9.129764 0.351606 0.005358 0.035942 0.449315 -0.429574 -0.046432 0.781938
9.132107 0.351718 0.005358 0.036054 0.457954 -0.432185 -0.026330 0.776402
9.134449 0.351718 0.005358 0.036054 0.475006 -0.434447 -0.001420 0.765261
9.136792 0.351718 0.005358 0.036054 0.483513 -0.436052 0.018755 0.758764
9.139135 0.351830 0.005358 0.036054 0.500198 -0.436808 0.043735 0.746383
9.141478 0.351830 0.005469 0.036054 0.516592 -0.436675 0.068711 0.733299
9.143820 0.351830 0.005469 0.036165 0.524728 -0.436655 0.088857 0.725325
9.146163 0.351941 0.005358 0.036165 0.535797 -0.440933 0.105924 0.712235
9.148506 0.351941 0.005358 0.036165 0.533883 -0.452088 0.125848 0.703383
9.150849 0.352053 0.005358 0.036277 0.536611 -0.456687 0.138395 0.695940
9.153192 0.352053 0.005358 0.036277 0.551719 -0.453288 0.163583 0.680719
9.155534 0.352053 0.005358 0.036277 0.559164 -0.451463 0.168553 0.674616
9.157877 0.352053 0.005358 0.036277 0.566403 -0.449005 0.188606 0.664838
9.160220 0.352053 0.005358 0.036277 0.556113 -0.460186 0.204078 0.661301
9.162563 0.352053 0.005358 0.036277 0.552954 -0.469442 0.209690 0.655665
9.164905 0.352053 0.005246 0.036388 0.547562 -0.474749 0.217444 0.653840
9.167248 0.352053 0.005246 0.036388 0.542103 -0.480000 0.225171 0.651937
9.169591 0.352053 0.005246 0.036388 0.538353 -0.488548 0.231098 0.646599
9.171934 0.352053 0.005246 0.036388 0.532687 -0.493536 0.238848 0.644685
9.174276 0.352053 0.005135 0.036388 0.526956 -0.498463 0.246568 0.642694
9.176619 0.351941 0.005135 0.036388 0.521162 -0.503331 0.254259 0.640625
9.178962 0.351941 0.005135 0.036388 0.515305 -0.508138 0.261920 0.638478
9.181305 0.351941 0.005135 0.036388 0.510712 -0.515533 0.268222 0.633605
9.183647 0.351830 0.005023 0.036388 0.510712 -0.515533 0.268222 0.633605
9.185990 0.351830 0.005023 0.036277 0.498912 -0.525579 0.268940 0.634448
9.188333 0.351830 0.004911 0.036277 0.505852 -0.522593 0.274697 0.628929
9.190676 0.351830 0.004911 0.036277 0.512731 -0.519544 0.280422 0.623333
9.193019 0.351830 0.004911 0.036277 0.512731 -0.519544 0.280422 0.623333
9.195361 0.351830 0.004800 0.036165 0.513843 -0.522108 0.279310 0.620769
9.197704 0.351830 0.004800 0.036165 0.514334 -0.523002 0.292897 0.613303
9.200047 0.351941 0.004800 0.036165 0.508558 -0.528621 0.286142 0.616484
9.202390 0.351941 0.004688 0.036054 0.521659 -0.521608 0.284002 0.612486
9.204732 0.352053 0.004688 0.036054 0.521659 -0.521608 0.284002 0.612486
9.207075 0.352053 0.004576 0.036054 0.528357 -0.518457 0.289715 0.606718
9.209418 0.352165 0.004576 0.035942 0.534990 -0.515242 0.295394 0.600877
9.211761 0.352165 0.004576 0.035942 0.534990 -0.515242 0.295394 0.600877
9.214103 0.352276 0.004465 0.035942 0.529297 -0.521089 0.288774 0.604086
9.216446 0.352276 0.004465 0.035942 0.535902 -0.517885 0.294482 0.598235
9.218789 0.352388 0.004465 0.035942 0.535902 -0.517885 0.294482 0.598235
9.221132 0.352388 0.004353 0.035942 0.542442 -0.514618 0.300154 0.592311
9.223475 0.352499 0.004353 0.035942 0.548063 -0.508628 0.306643 0.588978
9.225817 0.352499 0.004353 0.035942 0.554500 -0.505228 0.312212 0.582921
9.228160 0.352611 0.004353 0.035942 0.548061 -0.508625 0.320341 0.581646
9.230503 0.352611 0.004242 0.035942 0.554418 -0.505075 0.325909 0.575590
9.232846 0.352723 0.004242 0.035942 0.554175 -0.504620 0.339599 0.568262
9.235188 0.352723 0.004242 0.035942 0.554175 -0.504620 0.339599 0.568262
9.237531 0.352723 0.004242 0.035942 0.560384 -0.500858 0.345123 0.562139
9.239874 0.352834 0.004242 0.035942 0.559899 -0.499953 0.358791 0.554824
9.242217 0.352834 0.004242 0.035942 0.565961 -0.495981 0.364261 0.548639
9.244559 0.352946 0.004130 0.036054 0.565961 -0.495981 0.364261 0.548639
9.246902 0.352946 0.004130 0.036054 0.565235 -0.494625 0.377892 0.541343
9.249245 0.352946 0.004130 0.036054 0.571149 -0.490444 0.383303 0.535101
9.251588 0.352946 0.004130 0.036054 0.582299 -0.479835 0.394454 0.524492
9.253931 0.353058 0.004130 0.036054 0.588026 -0.475473 0.399702 0.518063
9.256273 0.353058 0.004130 0.036165 0.593682 -0.471053 0.404901 0.511572
9.258616 0.353169 0.004018 0.036165 0.592453 -0.468816 0.418333 0.504191
9.260959 0.353169 0.004018 0.036165 0.603020 -0.457594 0.428900 0.492970
9.263302 0.353169 0.004018 0.036165 0.615207 -0.450723 0.425581 0.487084
9.265644 0.353281 0.004018 0.036165 0.625383 -0.439176 0.435758 0.475537
9.267987 0.353281 0.004018 0.036165 0.625383 -0.439176 0.435758 0.475537
9.270330 0.353392 0.004018 0.036165 0.642005 -0.425259 0.437275 0.464516
9.272673 0.353392 0.004018 0.036165 0.653237 -0.415906 0.433904 0.460468
9.275015 0.353504 0.004018 0.036165 0.662733 -0.403858 0.443400 0.448419
9.277358 0.353504 0.004130 0.036054 0.673608 -0.394179 0.439791 0.444364
9.279701 0.353616 0.004130 0.036054 0.684266 -0.384264 0.436093 0.440390
9.282044 0.353727 0.004130 0.036054 0.694705 -0.374117 0.432310 0.436497
9.284386 0.353727 0.004130 0.036054 0.710978 -0.360981 0.419752 0.433604
9.286729 0.353839 0.004130 0.035942 0.716952 -0.358174 0.411012 0.434466
9.289072 0.353839 0.004130 0.035942 0.737165 -0.340011 0.401910 0.423613
9.291415 0.353950 0.004242 0.035830 0.746512 -0.328929 0.397638 0.420010
9.293758 0.353950 0.004242 0.035830 0.755613 -0.317645 0.393289 0.416502
9.296100 0.354062 0.004242 0.035830 0.764464 -0.306164 0.388863 0.413090
9.298443 0.354174 0.004242 0.035830 0.778247 -0.291199 0.375303 0.410711
9.300786 0.354174 0.004242 0.035830 0.787813 -0.283832 0.369337 0.402964
9.303129 0.354285 0.004353 0.035719 0.800728 -0.268495 0.355343 0.400595
9.305471 0.354285 0.004353 0.035719 0.809866 -0.261297 0.348970 0.392505
9.307814 0.354397 0.004353 0.035719 0.818825 -0.254239 0.342441 0.384217
9.310157 0.354509 0.004353 0.035719 0.827918 -0.247733 0.323560 0.385343
9.312500 0.354509 0.004353 0.035719 0.836504 -0.240969 0.316727 0.376668
9.314842 0.354620 0.004353 0.035719 0.840805 -0.237746 0.307153 0.377068
9.317185 0.354732 0.004353 0.035719 0.845005 -0.234495 0.297543 0.377422
9.319528 0.354843 0.004353 0.035719 0.853201 -0.228038 0.290419 0.368379
9.321871 0.354843 0.004353 0.035719 0.857199 -0.224837 0.280702 0.368598
9.324214 0.354955 0.004242 0.035719 0.862639 -0.228109 0.269406 0.362271
9.326556 0.355067 0.004242 0.035719 0.862639 -0.228109 0.269406 0.362271
9.328899 0.355067 0.004242 0.035719 0.862433 -0.227841 0.257099 0.371749
9.331242 0.355178 0.004242 0.035719 0.859878 -0.237302 0.253000 0.374551
9.333585 0.355178 0.004242 0.035719 0.863636 -0.234103 0.243185 0.374420
9.335927 0.355290 0.004242 0.035830 0.859470 -0.236760 0.240599 0.383886
9.338270 0.355290 0.004242 0.035830 0.859470 -0.236760 0.240599 0.383886
9.340613 0.355290 0.004242 0.035830 0.859470 -0.236760 0.240599 0.383886
9.342956 0.355290 0.004242 0.035830 0.855201 -0.239389 0.237983 0.393305
9.345298 0.355290 0.004353 0.035942 0.855201 -0.239389 0.237983 0.393305
9.347641 0.355290 0.004353 0.035942 0.855201 -0.239389 0.237983 0.393305
9.349984 0.355402 0.004353 0.035942 0.850828 -0.241989 0.235339 0.402676
9.352327 0.355402 0.004353 0.035942 0.850828 -0.241989 0.235339 0.402676
9.354669 0.355402 0.004353 0.036054 0.850828 -0.241989 0.235339 0.402676
9.357012 0.355402 0.004353 0.036054 0.853435 -0.232627 0.239748 0.400067
9.359355 0.355402 0.004353 0.036054 0.853435 -0.232627 0.239748 0.400067
9.361698 0.355402 0.004353 0.036054 0.857779 -0.229979 0.242290 0.390666
9.364041 0.355402 0.004353 0.036054 0.857779 -0.229979 0.242290 0.390666
9.366383 0.355402 0.004353 0.036054 0.861397 -0.226496 0.232519 0.390679
9.368726 0.355402 0.004353 0.036054 0.863125 -0.233424 0.230791 0.383750
9.371069 0.355402 0.004353 0.036054 0.863125 -0.233424 0.230791 0.383750
9.373412 0.355402 0.004353 0.035942 0.866676 -0.230060 0.220955 0.383568
9.375754 0.355513 0.004242 0.035942 0.868284 -0.237172 0.219347 0.376456
9.378097 0.355513 0.004242 0.035942 0.871763 -0.233927 0.209451 0.376082
9.380440 0.355513 0.004242 0.035942 0.879211 -0.228447 0.202052 0.366025
9.382783 0.355513 0.004242 0.035942 0.879946 -0.234937 0.188045 0.367611
9.385125 0.355513 0.004242 0.035830 0.879946 -0.234937 0.188045 0.367611
9.387468 0.355513 0.004130 0.035830 0.880539 -0.241441 0.174005 0.368890
9.389811 0.355513 0.004130 0.035830 0.884538 -0.239514 0.176647 0.359194
9.392154 0.355513 0.004130 0.035830 0.884998 -0.246184 0.162656 0.360159
9.394497 0.355513 0.004130 0.035830 0.888036 -0.243121 0.152601 0.359161
9.396839 0.355513 0.004018 0.035719 0.890967 -0.240028 0.142529 0.358120
9.399182 0.355513 0.004018 0.035719 0.890967 -0.240028 0.142529 0.358120
9.401525 0.355513 0.004018 0.035719 0.897658 -0.235437 0.135033 0.347196
9.403868 0.355513 0.004018 0.035719 0.895018 -0.245285 0.131211 0.348658
9.406210 0.355513 0.004018 0.035719 0.895018 -0.245285 0.131211 0.348658
9.408553 0.355513 0.004018 0.035719 0.904108 -0.231012 0.127439 0.336126
9.410896 0.355513 0.004018 0.035719 0.904108 -0.231012 0.127439 0.336126
9.413239 0.355513 0.004018 0.035719 0.910314 -0.226755 0.119749 0.324918
9.415581 0.355513 0.004018 0.035719 0.910314 -0.226755 0.119749 0.324918
9.417924 0.355513 0.004018 0.035719 0.916271 -0.222667 0.111968 0.313576
9.420267 0.355513 0.004018 0.035719 0.918662 -0.212588 0.115406 0.312327
9.422610 0.355513 0.004018 0.035719 0.922038 -0.211307 0.117735 0.302215
9.424953 0.355513 0.004018 0.035719 0.924325 -0.208610 0.107411 0.300944
9.427295 0.355625 0.004018 0.035719 0.929799 -0.197214 0.112884 0.289548
9.429638 0.355625 0.004018 0.035719 0.932924 -0.195962 0.115044 0.279316
9.431981 0.355625 0.004018 0.035719 0.935043 -0.193444 0.104636 0.278075
9.434324 0.355625 0.004018 0.035719 0.935043 -0.193444 0.104636 0.278075
9.436666 0.355625 0.004018 0.035719 0.940034 -0.189857 0.096307 0.266489
9.439009 0.355736 0.004018 0.035719 0.940034 -0.189857 0.096307 0.266489
9.441352 0.355736 0.004018 0.035719 0.940034 -0.189857 0.096307 0.266489
9.443695 0.355736 0.004018 0.035719 0.944769 -0.186453 0.087901 0.254796
9.446037 0.355736 0.003907 0.035719 0.944769 -0.186453 0.087901 0.254796
9.448380 0.355736 0.003907 0.035719 0.942663 -0.196821 0.085097 0.255746
9.450723 0.355736 0.003907 0.035719 0.944439 -0.194483 0.074616 0.254251
9.453066 0.355736 0.003907 0.035719 0.944439 -0.194483 0.074616 0.254251
9.455408 0.355848 0.003907 0.035830 0.944439 -0.194483 0.074616 0.254251
9.457751 0.355848 0.003795 0.035830 0.942246 -0.204847 0.071818 0.255055
9.460094 0.355848 0.003795 0.035830 0.942246 -0.204847 0.071818 0.255055
9.462437 0.355848 0.003795 0.035942 0.942246 -0.204847 0.071818 0.255055
9.464780 0.355848 0.003795 0.035942 0.944991 -0.204046 0.074064 0.244688
9.467122 0.355848 0.003795 0.036054 0.947175 -0.193652 0.076748 0.243860
9.469465 0.355960 0.003795 0.036054 0.948055 -0.194904 0.089400 0.234973
9.471808 0.355960 0.003795 0.036165 0.952652 -0.183455 0.093998 0.223524
9.474151 0.356071 0.003795 0.036165 0.953247 -0.184283 0.106586 0.214475
9.476493 0.356183 0.003795 0.036277 0.955616 -0.174346 0.121438 0.204093
9.478836 0.356295 0.003795 0.036388 0.959644 -0.162468 0.125466 0.192215
9.481179 0.356406 0.003795 0.036500 0.959744 -0.162601 0.137878 0.182872
9.483522 0.356518 0.003907 0.036612 0.963196 -0.150228 0.153847 0.161295
9.485864 0.356629 0.003907 0.036612 0.962777 -0.149684 0.166145 0.151825
9.488207 0.356741 0.003907 0.036723 0.965212 -0.136306 0.181489 0.129801
9.490550 0.356853 0.003907 0.036723 0.966580 -0.134304 0.182975 0.119189
9.492893 0.356964 0.003795 0.036835 0.966669 -0.130811 0.196555 0.099019
9.495236 0.357076 0.003795 0.036835 0.966227 -0.139267 0.196997 0.090563
9.497578 0.357076 0.003795 0.036947 0.967984 -0.134905 0.200010 0.069312
9.499921 0.357187 0.003684 0.036947 0.964807 -0.143358 0.211457 0.062306
9.502264 0.357187 0.003684 0.036947 0.965433 -0.141026 0.213019 0.051702
9.504607 0.357187 0.003572 0.036947 0.964361 -0.149281 0.214091 0.043447
9.506949 0.357299 0.003572 0.036947 0.965416 -0.157888 0.204751 0.033486
9.509292 0.357299 0.003572 0.036947 0.965416 -0.157888 0.204751 0.033486
9.511635 0.357299 0.003460 0.036947 0.963957 -0.166229 0.206209 0.025144
9.513978 0.357299 0.003460 0.036947 0.966321 -0.164569 0.197435 0.012652
9.516320 0.357299 0.003460 0.036947 0.966402 -0.162390 0.199231 0.002035
9.518663 0.357299 0.003460 0.036835 0.968410 -0.163101 0.188627 0.000111
9.521006 0.357299 0.003460 0.036835 0.970223 -0.161828 0.179788 -0.012473
9.523349 0.357187 0.003460 0.036835 0.970027 -0.159843 0.181555 -0.023132
9.525692 0.357187 0.003572 0.036835 0.971759 -0.160749 0.170924 -0.025094
9.528034 0.357187 0.003572 0.036723 0.973111 -0.148180 0.172276 -0.037664
9.530377 0.357299 0.003572 0.036723 0.975782 -0.136670 0.162681 -0.052020
9.532720 0.357299 0.003684 0.036723 0.976609 -0.136061 0.153494 -0.064508
9.535063 0.357299 0.003684 0.036612 0.978045 -0.125324 0.152776 -0.066190
9.537405 0.357299 0.003795 0.036612 0.979907 -0.114153 0.142569 -0.080162
9.539748 0.357299 0.003795 0.036500 0.981137 -0.115397 0.131832 -0.081695
9.542091 0.357411 0.003795 0.036500 0.982346 -0.104612 0.130926 -0.083138
9.544434 0.357411 0.003907 0.036500 0.983571 -0.093704 0.120258 -0.096669
9.546776 0.357411 0.003907 0.036500 0.983571 -0.093704 0.120258 -0.096669
9.549119 0.357411 0.003907 0.036500 0.984413 -0.082998 0.109309 -0.109974
9.551462 0.357522 0.003907 0.036388 0.984413 -0.082998 0.109309 -0.109974
9.553805 0.357522 0.004018 0.036388 0.986169 -0.073579 0.097286 -0.112216
9.556147 0.357522 0.004018 0.036388 0.986169 -0.073579 0.097286 -0.112216
9.558490 0.357522 0.004018 0.036388 0.986954 -0.074971 0.086466 -0.113250
9.560833 0.357522 0.004018 0.036388 0.986954 -0.074971 0.086466 -0.113250
9.563176 0.357522 0.004018 0.036388 0.986954 -0.074971 0.086466 -0.113250
9.565519 0.357522 0.004018 0.036388 0.986954 -0.074971 0.086466 -0.113250
9.567861 0.357522 0.004018 0.036388 0.987619 -0.076354 0.075635 -0.114270
9.570204 0.357522 0.004018 0.036388 0.987619 -0.076354 0.075635 -0.114270
9.572547 0.357522 0.004018 0.036388 0.987619 -0.076354 0.075635 -0.114270
9.574890 0.357522 0.004018 0.036388 0.987619 -0.076354 0.075635 -0.114270
9.577232 0.357522 0.004018 0.036388 0.987619 -0.076354 0.075635 -0.114270
9.579575 0.357522 0.004018 0.036388 0.987619 -0.076354 0.075635 -0.114270
9.581918 0.357522 0.004018 0.036388 0.988166 -0.077727 0.064795 -0.115276
9.584261 0.357522 0.004018 0.036388 0.987252 -0.088579 0.066058 -0.114557
9.586603 0.357522 0.004018 0.036388 0.987252 -0.088579 0.066058 -0.114557
9.588946 0.357522 0.003907 0.036388 0.987252 -0.088579 0.066058 -0.114557
9.591289 0.357522 0.003907 0.036388 0.987252 -0.088579 0.066058 -0.114557
9.593632 0.357522 0.003907 0.036388 0.986219 -0.099419 0.067312 -0.113825
9.595975 0.357522 0.003907 0.036388 0.986219 -0.099419 0.067312 -0.113825
9.598317 0.357634 0.003907 0.036388 0.986617 -0.100792 0.056489 -0.115055
9.600660 0.357634 0.003907 0.036388 0.985450 -0.111625 0.057750 -0.114428
9.603003 0.357634 0.003907 0.036388 0.985450 -0.111625 0.057750 -0.114428
9.605346 0.357634 0.003907 0.036388 0.985450 -0.111625 0.057750 -0.114428
9.607688 0.357634 0.003907 0.036388 0.983086 -0.123275 0.049560 -0.126049
9.610031 0.357634 0.003907 0.036388 0.983086 -0.123275 0.049560 -0.126049
9.612374 0.357746 0.003795 0.036388 0.981673 -0.134068 0.050942 -0.125497
9.614717 0.357746 0.003795 0.036388 0.981770 -0.135539 0.040167 -0.127057
9.617059 0.357746 0.003795 0.036388 0.980222 -0.146317 0.041561 -0.126608
9.619402 0.357746 0.003795 0.036388 0.980222 -0.146317 0.041561 -0.126608
9.621745 0.357746 0.003684 0.036388 0.978555 -0.157077 0.042949 -0.126144
9.624088 0.357857 0.003684 0.036388 0.976770 -0.167818 0.044332 -0.125664
9.626430 0.357857 0.003684 0.036388 0.976701 -0.169272 0.033610 -0.127564
9.628773 0.357857 0.003572 0.036388 0.973326 -0.179596 0.036985 -0.137888
9.631116 0.357857 0.003572 0.036388 0.971295 -0.190278 0.038497 -0.137473
9.633459 0.357857 0.003572 0.036388 0.969146 -0.200938 0.040005 -0.137042
9.635802 0.357969 0.003460 0.036388 0.967582 -0.200486 0.042210 -0.147681
9.638144 0.357969 0.003460 0.036388 0.965321 -0.211104 0.043830 -0.147208
9.640487 0.357969 0.003460 0.036388 0.961273 -0.221184 0.047878 -0.157288
9.642830 0.358080 0.003460 0.036388 0.959113 -0.222530 0.039770 -0.170295
9.645173 0.358080 0.003349 0.036388 0.956611 -0.233053 0.041639 -0.169848
9.647515 0.358192 0.003349 0.036388 0.952074 -0.243056 0.046175 -0.179851
9.649858 0.358192 0.003349 0.036388 0.950041 -0.242534 0.048843 -0.190300
9.652201 0.358192 0.003349 0.036388 0.947275 -0.244175 0.041088 -0.203373
9.654544 0.358304 0.003349 0.036388 0.942249 -0.254076 0.046114 -0.213274
9.656886 0.358304 0.003349 0.036388 0.942249 -0.254076 0.046114 -0.213274
9.659229 0.358415 0.003349 0.036388 0.939033 -0.255936 0.038560 -0.226332
9.661572 0.358415 0.003349 0.036388 0.936490 -0.255497 0.041370 -0.236635
9.663915 0.358415 0.003237 0.036388 0.935531 -0.257961 0.031049 -0.239317
9.666258 0.358527 0.003237 0.036388 0.935531 -0.257961 0.031049 -0.239317
9.668600 0.358527 0.003237 0.036277 0.937264 -0.250113 0.018066 -0.242184
9.670943 0.358527 0.003237 0.036277 0.937264 -0.250113 0.018066 -0.242184
9.673286 0.358527 0.003237 0.036277 0.936106 -0.252528 0.007711 -0.244694
9.675629 0.358527 0.003237 0.036277 0.936106 -0.252528 0.007711 -0.244694
9.677971 0.358527 0.003237 0.036277 0.936106 -0.252528 0.007711 -0.244694
9.680314 0.358527 0.003237 0.036277 0.934835 -0.254913 -0.002645 -0.247175
9.682657 0.358527 0.003237 0.036277 0.934835 -0.254913 -0.002645 -0.247175
9.685000 0.358415 0.003237 0.036277 0.936138 -0.257108 -0.015826 -0.239356
9.687342 0.358415 0.003237 0.036277 0.936138 -0.257108 -0.015826 -0.239356
9.689685 0.358415 0.003237 0.036277 0.936138 -0.257108 -0.015826 -0.239356
9.692028 0.358415 0.003237 0.036277 0.936138 -0.257108 -0.015826 -0.239356
9.694371 0.358415 0.003237 0.036277 0.936138 -0.257108 -0.015826 -0.239356
9.696714 0.358415 0.003237 0.036277 0.934668 -0.259317 -0.026205 -0.241794
9.699056 0.358415 0.003237 0.036277 0.937460 -0.249033 -0.028860 -0.241491
9.701399 0.358415 0.003237 0.036277 0.934668 -0.259317 -0.026205 -0.241794
9.703742 0.358415 0.003237 0.036277 0.934668 -0.259317 -0.026205 -0.241794
9.706085 0.358415 0.003237 0.036277 0.934668 -0.259317 -0.026205 -0.241794
9.708427 0.358415 0.003237 0.036277 0.933085 -0.261494 -0.036580 -0.244202
9.710770 0.358415 0.003237 0.036277 0.930346 -0.261880 -0.033705 -0.254438
9.713113 0.358415 0.003125 0.036277 0.930346 -0.261880 -0.033705 -0.254438
9.715456 0.358415 0.003125 0.036277 0.930346 -0.261880 -0.033705 -0.254438
9.717798 0.358415 0.003125 0.036277 0.927413 -0.272085 -0.030908 -0.254793
9.720141 0.358415 0.003125 0.036277 0.922785 -0.274763 -0.038212 -0.267421
9.722484 0.358415 0.003014 0.036277 0.919710 -0.284884 -0.035272 -0.267824
9.724827 0.358415 0.003014 0.036388 0.914590 -0.297250 -0.042562 -0.270843
9.727169 0.358415 0.002902 0.036388 0.909200 -0.309500 -0.049785 -0.274021
9.729512 0.358415 0.002902 0.036388 0.902674 -0.319964 -0.043259 -0.284486
9.731855 0.358415 0.002791 0.036388 0.900439 -0.322235 -0.053399 -0.287267
9.734198 0.358415 0.002791 0.036388 0.884966 -0.346975 -0.063400 -0.304013
9.736541 0.358527 0.002679 0.036388 0.878439 -0.358854 -0.070056 -0.307671
9.738883 0.358415 0.002567 0.036277 0.868178 -0.371406 -0.072555 -0.321031
9.741226 0.358415 0.002567 0.036277 0.850087 -0.395462 -0.080851 -0.338266
9.743569 0.358415 0.002456 0.036277 0.838640 -0.407789 -0.082437 -0.351561
9.745912 0.358415 0.002456 0.036277 0.831317 -0.410915 -0.087676 -0.363831
9.748254 0.358415 0.002344 0.036277 0.819127 -0.423181 -0.088709 -0.376934
9.750597 0.358415 0.002344 0.036277 0.802170 -0.436291 -0.084608 -0.398768
9.752940 0.358415 0.002232 0.036277 0.788973 -0.448324 -0.084818 -0.411502
9.755283 0.358304 0.002232 0.036277 0.779741 -0.450079 -0.074947 -0.428737
9.757625 0.358304 0.002232 0.036277 0.770874 -0.453525 -0.079396 -0.440187
9.759968 0.358304 0.002232 0.036388 0.761017 -0.455159 -0.069413 -0.457017
9.762311 0.358304 0.002232 0.036388 0.760154 -0.452937 -0.055102 -0.462578
9.764654 0.358304 0.002232 0.036388 0.759963 -0.445193 -0.055293 -0.470322
9.766997 0.358304 0.002232 0.036388 0.754750 -0.445774 -0.050399 -0.478643
9.769339 0.358304 0.002121 0.036388 0.748915 -0.438572 -0.046030 -0.494634
9.771682 0.358304 0.002121 0.036500 0.743435 -0.439051 -0.041209 -0.502832
9.774025 0.358415 0.002121 0.036500 0.737866 -0.439478 -0.036383 -0.510969
9.776368 0.358415 0.002121 0.036500 0.741188 -0.427921 -0.028122 -0.516462
9.778710 0.358415 0.002121 0.036500 0.735470 -0.428204 -0.023419 -0.524573
9.781053 0.358527 0.002121 0.036500 0.734325 -0.420394 -0.024564 -0.532384
9.783396 0.358527 0.002121 0.036500 0.724216 -0.424843 -0.028965 -0.542385
9.785739 0.358639 0.002121 0.036500 0.722840 -0.417219 -0.030340 -0.550009
9.788081 0.358639 0.002121 0.036500 0.712458 -0.421925 -0.034698 -0.559624
9.790424 0.358750 0.002121 0.036500 0.706267 -0.422280 -0.030061 -0.567418
9.792767 0.358862 0.002121 0.036500 0.700224 -0.419460 -0.040595 -0.576275
9.795110 0.358862 0.002121 0.036388 0.689384 -0.424517 -0.044787 -0.585260
9.797453 0.358973 0.002121 0.036388 0.689507 -0.421553 -0.060024 -0.585893
9.799795 0.358973 0.002121 0.036388 0.683029 -0.422187 -0.055390 -0.593433
9.802138 0.359085 0.002121 0.036388 0.676519 -0.420139 -0.066057 -0.601200
9.804481 0.359085 0.002121 0.036277 0.665231 -0.425711 -0.070088 -0.609365
9.806824 0.359197 0.002121 0.036277 0.665231 -0.425711 -0.070088 -0.609365
9.809166 0.359197 0.002232 0.036277 0.658465 -0.424161 -0.080772 -0.616430
9.811509 0.359308 0.002232 0.036277 0.653710 -0.429076 -0.089356 -0.616905
9.813852 0.359420 0.002232 0.036277 0.646893 -0.430032 -0.084637 -0.624050
9.816195 0.359420 0.002232 0.036277 0.651578 -0.422899 -0.091488 -0.623082
9.818537 0.359420 0.002232 0.036165 0.651578 -0.422899 -0.091488 -0.623082
9.820880 0.359532 0.002232 0.036165 0.646794 -0.427909 -0.100011 -0.623336
9.823223 0.359532 0.002232 0.036165 0.651456 -0.420778 -0.106853 -0.622200
9.825566 0.359532 0.002232 0.036165 0.651456 -0.420778 -0.106853 -0.622200
9.827908 0.359643 0.002344 0.036165 0.651456 -0.420778 -0.106853 -0.622200
9.830251 0.359643 0.002344 0.036165 0.658253 -0.419579 -0.111469 -0.615005
9.832594 0.359643 0.002344 0.036165 0.658253 -0.419579 -0.111469 -0.615005
9.834937 0.359643 0.002344 0.036165 0.658253 -0.419579 -0.111469 -0.615005
9.837280 0.359643 0.002344 0.036165 0.662823 -0.412322 -0.118219 -0.613744
9.839622 0.359643 0.002344 0.036165 0.669525 -0.410998 -0.122742 -0.606425
9.841965 0.359643 0.002344 0.036165 0.664774 -0.415874 -0.131364 -0.606521
9.844308 0.359643 0.002344 0.036165 0.664774 -0.415874 -0.131364 -0.606521
9.846651 0.359643 0.002344 0.036165 0.664774 -0.415874 -0.131364 -0.606521
9.848993 0.359643 0.002344 0.036165 0.669303 -0.408545 -0.138020 -0.605041
9.851336 0.359643 0.002344 0.036165 0.675910 -0.407004 -0.142500 -0.597652
9.853679 0.359643 0.002344 0.036165 0.671131 -0.411788 -0.151159 -0.597632
9.856022 0.359643 0.002344 0.036165 0.671131 -0.411788 -0.151159 -0.597632
9.858364 0.359643 0.002344 0.036165 0.675615 -0.404390 -0.157715 -0.595936
9.860707 0.359643 0.002344 0.036165 0.675615 -0.404390 -0.157715 -0.595936
9.863050 0.359643 0.002344 0.036165 0.675615 -0.404390 -0.157715 -0.595936
9.865393 0.359643 0.002344 0.036165 0.675615 -0.404390 -0.157715 -0.595936
9.867736 0.359643 0.002344 0.036165 0.680340 -0.399554 -0.149057 -0.596050
9.870078 0.359643 0.002344 0.036165 0.680340 -0.399554 -0.149057 -0.596050
9.872421 0.359643 0.002344 0.036165 0.680340 -0.399554 -0.149057 -0.596050
9.874764 0.359643 0.002344 0.036165 0.673751 -0.401168 -0.144658 -0.603488
9.877107 0.359643 0.002344 0.036165 0.678394 -0.396189 -0.136036 -0.603582
9.879449 0.359643 0.002344 0.036165 0.678394 -0.396189 -0.136036 -0.603582
9.881792 0.359643 0.002344 0.036165 0.678394 -0.396189 -0.136036 -0.603582
9.884135 0.359643 0.002344 0.036277 0.682954 -0.391162 -0.127397 -0.603602
9.886478 0.359755 0.002232 0.036277 0.682954 -0.391162 -0.127397 -0.603602
9.888820 0.359755 0.002232 0.036277 0.678616 -0.398641 -0.120758 -0.604966
9.891163 0.359755 0.002232 0.036277 0.671929 -0.399944 -0.116371 -0.612384
9.893506 0.359755 0.002232 0.036277 0.671929 -0.399944 -0.116371 -0.612384
9.895849 0.359755 0.002232 0.036277 0.676464 -0.394825 -0.107774 -0.612287
9.898191 0.359755 0.002232 0.036277 0.676464 -0.394825 -0.107774 -0.612287
9.900534 0.359755 0.002232 0.036277 0.676464 -0.394825 -0.107774 -0.612287
9.902877 0.359755 0.002232 0.036277 0.669696 -0.395985 -0.103430 -0.619682
9.905220 0.359755 0.002232 0.036277 0.665305 -0.403318 -0.096616 -0.620780
9.907563 0.359755 0.002232 0.036277 0.665305 -0.403318 -0.096616 -0.620780
9.909905 0.359755 0.002232 0.036277 0.665305 -0.403318 -0.096616 -0.620780
9.912248 0.359755 0.002232 0.036277 0.665305 -0.403318 -0.096616 -0.620780
9.914591 0.359755 0.002232 0.036277 0.658445 -0.404355 -0.092179 -0.628052
9.916934 0.359755 0.002232 0.036277 0.658445 -0.404355 -0.092179 -0.628052
9.919276 0.359755 0.002232 0.036277 0.658445 -0.404355 -0.092179 -0.628052
9.921619 0.359755 0.002232 0.036277 0.658445 -0.404355 -0.092179 -0.628052
9.923962 0.359755 0.002232 0.036277 0.658445 -0.404355 -0.092179 -0.628052
9.926305 0.359755 0.002232 0.036277 0.658445 -0.404355 -0.092179 -0.628052
9.928647 0.359755 0.002232 0.036277 0.658536 -0.406309 -0.076783 -0.628767
9.930990 0.359755 0.002232 0.036277 0.651589 -0.407128 -0.072314 -0.635964
9.933333 0.359755 0.002232 0.036277 0.651589 -0.407128 -0.072314 -0.635964
