0.000000 0.358415 0.003125 0.036277 0.930346 -0.261880 -0.033705 -0.254438
0.002028 0.358415 0.003125 0.036277 0.930346 -0.261880 -0.033705 -0.254438
0.004055 0.358415 0.003125 0.036277 0.927413 -0.272085 -0.030908 -0.254793
0.006083 0.358415 0.003125 0.036277 0.922785 -0.274763 -0.038212 -0.267421
0.008110 0.358415 0.003014 0.036277 0.919710 -0.284884 -0.035272 -0.267824
0.010138 0.358415 0.003014 0.036388 0.914590 -0.297250 -0.042562 -0.270843
0.012166 0.358415 0.002902 0.036388 0.909200 -0.309500 -0.049785 -0.274021
0.014193 0.358415 0.002902 0.036388 0.902674 -0.319964 -0.043259 -0.284486
0.016221 0.358415 0.002791 0.036388 0.900439 -0.322235 -0.053399 -0.287267
0.018249 0.358415 0.002791 0.036388 0.884966 -0.346975 -0.063400 -0.304013
0.020276 0.358527 0.002679 0.036388 0.878439 -0.358854 -0.070056 -0.307671
0.022304 0.358415 0.002567 0.036277 0.868178 -0.371406 -0.072555 -0.321031
0.024331 0.358415 0.002567 0.036277 0.850087 -0.395462 -0.080851 -0.338266
0.026359 0.358415 0.002456 0.036277 0.838640 -0.407789 -0.082437 -0.351561
0.028387 0.358415 0.002456 0.036277 0.831317 -0.410915 -0.087676 -0.363831
0.030414 0.358415 0.002344 0.036277 0.819127 -0.423181 -0.088709 -0.376934
0.032442 0.358415 0.002344 0.036277 0.802170 -0.436291 -0.084608 -0.398768
0.034470 0.358415 0.002232 0.036277 0.788973 -0.448324 -0.084818 -0.411502
0.036497 0.358304 0.002232 0.036277 0.779741 -0.450079 -0.074947 -0.428737
0.038525 0.358304 0.002232 0.036277 0.770874 -0.453525 -0.079396 -0.440187
0.040552 0.358304 0.002232 0.036388 0.761017 -0.455159 -0.069413 -0.457017
0.042580 0.358304 0.002232 0.036388 0.760154 -0.452937 -0.055102 -0.462578
0.044608 0.358304 0.002232 0.036388 0.759963 -0.445193 -0.055293 -0.470322
0.046635 0.358304 0.002232 0.036388 0.754750 -0.445774 -0.050399 -0.478643
0.048663 0.358304 0.002121 0.036388 0.748915 -0.438572 -0.046030 -0.494634
0.050691 0.358304 0.002121 0.036500 0.743435 -0.439051 -0.041209 -0.502832
0.052718 0.358415 0.002121 0.036500 0.737866 -0.439478 -0.036383 -0.510969
0.054746 0.358415 0.002121 0.036500 0.741188 -0.427921 -0.028122 -0.516462
0.056773 0.358415 0.002121 0.036500 0.735470 -0.428204 -0.023419 -0.524573
0.058801 0.358527 0.002121 0.036500 0.734325 -0.420394 -0.024564 -0.532384
0.060829 0.358527 0.002121 0.036500 0.724216 -0.424843 -0.028965 -0.542385
0.062856 0.358639 0.002121 0.036500 0.722840 -0.417219 -0.030340 -0.550009
0.064884 0.358639 0.002121 0.036500 0.712458 -0.421925 -0.034698 -0.559624
0.066912 0.358750 0.002121 0.036500 0.706267 -0.422280 -0.030061 -0.567418
0.068939 0.358862 0.002121 0.036500 0.700224 -0.419460 -0.040595 -0.576275
0.070967 0.358862 0.002121 0.036388 0.689384 -0.424517 -0.044787 -0.585260
0.072994 0.358973 0.002121 0.036388 0.689507 -0.421553 -0.060024 -0.585893
0.075022 0.358973 0.002121 0.036388 0.683029 -0.422187 -0.055390 -0.593433
0.077050 0.359085 0.002121 0.036388 0.676519 -0.420139 -0.066057 -0.601200
0.079077 0.359085 0.002121 0.036277 0.665231 -0.425711 -0.070088 -0.609365
0.081105 0.359197 0.002121 0.036277 0.665231 -0.425711 -0.070088 -0.609365
0.083133 0.359197 0.002232 0.036277 0.658465 -0.424161 -0.080772 -0.616430
0.085160 0.359308 0.002232 0.036277 0.653710 -0.429076 -0.089356 -0.616905
0.087188 0.359420 0.002232 0.036277 0.646893 -0.430032 -0.084637 -0.624050
0.089215 0.359420 0.002232 0.036277 0.651578 -0.422899 -0.091488 -0.623082
0.091243 0.359420 0.002232 0.036165 0.651578 -0.422899 -0.091488 -0.623082
0.093271 0.359532 0.002232 0.036165 0.646794 -0.427909 -0.100011 -0.623336
0.095298 0.359532 0.002232 0.036165 0.651456 -0.420778 -0.106853 -0.622200
0.097326 0.359532 0.002232 0.036165 0.651456 -0.420778 -0.106853 -0.622200
0.099354 0.359643 0.002344 0.036165 0.651456 -0.420778 -0.106853 -0.622200
0.101381 0.359643 0.002344 0.036165 0.658253 -0.419579 -0.111469 -0.615005
0.103409 0.359643 0.002344 0.036165 0.658253 -0.419579 -0.111469 -0.615005
0.105436 0.359643 0.002344 0.036165 0.658253 -0.419579 -0.111469 -0.615005
0.107464 0.359643 0.002344 0.036165 0.662823 -0.412322 -0.118219 -0.613744
0.109492 0.359643 0.002344 0.036165 0.669525 -0.410998 -0.122742 -0.606425
0.111519 0.359643 0.002344 0.036165 0.664774 -0.415874 -0.131364 -0.606521
0.113547 0.359643 0.002344 0.036165 0.664774 -0.415874 -0.131364 -0.606521
0.115575 0.359643 0.002344 0.036165 0.664774 -0.415874 -0.131364 -0.606521
0.117602 0.359643 0.002344 0.036165 0.669303 -0.408545 -0.138020 -0.605041
0.119630 0.359643 0.002344 0.036165 0.675910 -0.407004 -0.142500 -0.597652
0.121657 0.359643 0.002344 0.036165 0.671131 -0.411788 -0.151159 -0.597632
0.123685 0.359643 0.002344 0.036165 0.671131 -0.411788 -0.151159 -0.597632
0.125713 0.359643 0.002344 0.036165 0.675615 -0.404390 -0.157715 -0.595936
0.127740 0.359643 0.002344 0.036165 0.675615 -0.404390 -0.157715 -0.595936
0.129768 0.359643 0.002344 0.036165 0.675615 -0.404390 -0.157715 -0.595936
0.131796 0.359643 0.002344 0.036165 0.675615 -0.404390 -0.157715 -0.595936
0.133823 0.359643 0.002344 0.036165 0.680340 -0.399554 -0.149057 -0.596050
0.135851 0.359643 0.002344 0.036165 0.680340 -0.399554 -0.149057 -0.596050
0.137878 0.359643 0.002344 0.036165 0.680340 -0.399554 -0.149057 -0.596050
0.139906 0.359643 0.002344 0.036165 0.673751 -0.401168 -0.144658 -0.603488
0.141934 0.359643 0.002344 0.036165 0.678394 -0.396189 -0.136036 -0.603582
0.143961 0.359643 0.002344 0.036165 0.678394 -0.396189 -0.136036 -0.603582
0.145989 0.359643 0.002344 0.036165 0.678394 -0.396189 -0.136036 -0.603582
0.148017 0.359643 0.002344 0.036277 0.682954 -0.391162 -0.127397 -0.603602
0.150044 0.359755 0.002232 0.036277 0.682954 -0.391162 -0.127397 -0.603602
0.152072 0.359755 0.002232 0.036277 0.678616 -0.398641 -0.120758 -0.604966
0.154099 0.359755 0.002232 0.036277 0.671929 -0.399944 -0.116371 -0.612384
0.156127 0.359755 0.002232 0.036277 0.671929 -0.399944 -0.116371 -0.612384
0.158155 0.359755 0.002232 0.036277 0.676464 -0.394825 -0.107774 -0.612287
0.160182 0.359755 0.002232 0.036277 0.676464 -0.394825 -0.107774 -0.612287
0.162210 0.359755 0.002232 0.036277 0.676464 -0.394825 -0.107774 -0.612287
0.164238 0.359755 0.002232 0.036277 0.669696 -0.395985 -0.103430 -0.619682
0.166265 0.359755 0.002232 0.036277 0.665305 -0.403318 -0.096616 -0.620780
0.168293 0.359755 0.002232 0.036277 0.665305 -0.403318 -0.096616 -0.620780
0.170320 0.359755 0.002232 0.036277 0.665305 -0.403318 -0.096616 -0.620780
0.172348 0.359755 0.002232 0.036277 0.665305 -0.403318 -0.096616 -0.620780
0.174376 0.359755 0.002232 0.036277 0.658445 -0.404355 -0.092179 -0.628052
0.176403 0.359755 0.002232 0.036277 0.658445 -0.404355 -0.092179 -0.628052
0.178431 0.359755 0.002232 0.036277 0.658445 -0.404355 -0.092179 -0.628052
0.180459 0.359755 0.002232 0.036277 0.658445 -0.404355 -0.092179 -0.628052
0.182486 0.359755 0.002232 0.036277 0.658445 -0.404355 -0.092179 -0.628052
0.184514 0.359755 0.002232 0.036277 0.658445 -0.404355 -0.092179 -0.628052
0.186541 0.359755 0.002232 0.036277 0.658536 -0.406309 -0.076783 -0.628767
0.188569 0.359755 0.002232 0.036277 0.651589 -0.407128 -0.072314 -0.635964
0.190597 0.359755 0.002232 0.036277 0.651589 -0.407128 -0.072314 -0.635964
0.192624 0.359755 0.002232 0.036277 0.651589 -0.407128 -0.072314 -0.635964
0.194652 0.359755 0.002232 0.036277 0.651589 -0.407128 -0.072314 -0.635964
0.196680 0.359755 0.002232 0.036277 0.651589 -0.407128 -0.072314 -0.635964
0.198707 0.359755 0.002232 0.036277 0.651589 -0.407128 -0.072314 -0.635964
0.200735 0.359866 0.002232 0.036277 0.647076 -0.414262 -0.065323 -0.636720
0.202762 0.359866 0.002232 0.036277 0.647076 -0.414262 -0.065323 -0.636720
0.204790 0.359866 0.002232 0.036277 0.647076 -0.414262 -0.065323 -0.636720
0.206818 0.359866 0.002232 0.036277 0.647076 -0.414262 -0.065323 -0.636720
0.208845 0.359866 0.002232 0.036277 0.642486 -0.421346 -0.058324 -0.637399
0.210873 0.359866 0.002232 0.036277 0.635445 -0.421961 -0.053692 -0.644419
0.212901 0.359866 0.002232 0.036277 0.635445 -0.421961 -0.053692 -0.644419
0.214928 0.359866 0.002232 0.036277 0.635445 -0.421961 -0.053692 -0.644419
0.216956 0.359866 0.002232 0.036277 0.623647 -0.429403 -0.041894 -0.651861
0.218983 0.359866 0.002232 0.036277 0.618889 -0.434782 -0.050199 -0.652244
0.221011 0.359866 0.002232 0.036277 0.611686 -0.435307 -0.045419 -0.659004
0.223039 0.359978 0.002232 0.036277 0.611686 -0.435307 -0.045419 -0.659004
0.225066 0.359978 0.002232 0.036165 0.599570 -0.441287 -0.048814 -0.665882
0.227094 0.359978 0.002344 0.036165 0.599570 -0.441287 -0.048814 -0.665882
0.229122 0.359978 0.002344 0.036165 0.592218 -0.441797 -0.043963 -0.672429
0.231149 0.359978 0.002344 0.036165 0.579883 -0.447885 -0.047160 -0.678904
0.233177 0.359978 0.002344 0.036165 0.579883 -0.447885 -0.047160 -0.678904
0.235204 0.359978 0.002344 0.036165 0.572389 -0.448376 -0.042236 -0.685234
0.237232 0.359978 0.002344 0.036165 0.572389 -0.448376 -0.042236 -0.685234
0.239260 0.359978 0.002344 0.036054 0.569723 -0.442581 -0.044902 -0.691029
0.241287 0.359978 0.002344 0.036054 0.569723 -0.442581 -0.044902 -0.691029
0.243315 0.359978 0.002344 0.036054 0.557184 -0.448942 -0.047893 -0.696924
0.245343 0.359866 0.002344 0.036054 0.557184 -0.448942 -0.047893 -0.696924
0.247370 0.359866 0.002344 0.036054 0.557184 -0.448942 -0.047893 -0.696924
0.249398 0.359866 0.002344 0.036054 0.557184 -0.448942 -0.047893 -0.696924
0.251425 0.359866 0.002344 0.036054 0.549494 -0.449441 -0.042958 -0.703003
0.253453 0.359866 0.002344 0.036054 0.549494 -0.449441 -0.042958 -0.703003
0.255481 0.359866 0.002456 0.036054 0.554398 -0.443377 -0.050678 -0.702489
0.257508 0.359866 0.002456 0.036054 0.554398 -0.443377 -0.050678 -0.702489
0.259536 0.359866 0.002456 0.036054 0.554398 -0.443377 -0.050678 -0.702489
0.261564 0.359866 0.002456 0.036054 0.559241 -0.437343 -0.042893 -0.702951
0.263591 0.359866 0.002456 0.036054 0.559241 -0.437343 -0.042893 -0.702951
0.265619 0.359755 0.002456 0.036054 0.559241 -0.437343 -0.042893 -0.702951
0.267646 0.359755 0.002456 0.036054 0.559241 -0.437343 -0.042893 -0.702951
0.269674 0.359755 0.002456 0.036054 0.562097 -0.443047 -0.040037 -0.697247
0.271702 0.359755 0.002456 0.036054 0.562097 -0.443047 -0.040037 -0.697247
0.273729 0.359755 0.002456 0.036054 0.566942 -0.437099 -0.032177 -0.697485
0.275757 0.359755 0.002456 0.036054 0.566942 -0.437099 -0.032177 -0.697485
0.277785 0.359755 0.002456 0.036054 0.566942 -0.437099 -0.032177 -0.697485
0.279812 0.359755 0.002344 0.036054 0.571719 -0.431098 -0.024313 -0.697639
0.281840 0.359755 0.002344 0.036054 0.566948 -0.437353 -0.016647 -0.697864
0.283867 0.359643 0.002344 0.036054 0.566948 -0.437353 -0.016647 -0.697864
0.285895 0.359643 0.002344 0.036054 0.571722 -0.431352 -0.008779 -0.697848
0.287923 0.359643 0.002344 0.036054 0.564021 -0.431423 -0.004040 -0.704087
0.289950 0.359643 0.002344 0.036054 0.564021 -0.431506 0.011496 -0.703954
0.291978 0.359643 0.002344 0.036165 0.564021 -0.431506 0.011496 -0.703954
0.294006 0.359643 0.002344 0.036165 0.568725 -0.425367 0.019295 -0.703734
0.296033 0.359643 0.002344 0.036165 0.564018 -0.431590 0.027025 -0.703480
0.298061 0.359643 0.002344 0.036165 0.568722 -0.425451 0.034818 -0.703090
0.300088 0.359643 0.002344 0.036165 0.560963 -0.425042 0.039490 -0.709295
0.302116 0.359643 0.002344 0.036165 0.560969 -0.424955 0.054995 -0.708310
0.304144 0.359643 0.002344 0.036165 0.560969 -0.424955 0.054995 -0.708310
0.306171 0.359643 0.002344 0.036165 0.560969 -0.424955 0.054995 -0.708310
0.308199 0.359643 0.002456 0.036165 0.556267 -0.431092 0.062773 -0.707663
0.310227 0.359532 0.002456 0.036165 0.556267 -0.431092 0.062773 -0.707663
0.312254 0.359532 0.002456 0.036054 0.543675 -0.436633 0.059865 -0.714272
0.314282 0.359532 0.002456 0.036054 0.543675 -0.436633 0.059865 -0.714272
0.316309 0.359532 0.002456 0.036054 0.538826 -0.442837 0.052217 -0.714727
0.318337 0.359532 0.002456 0.035942 0.538826 -0.442837 0.052217 -0.714727
0.320365 0.359532 0.002456 0.035942 0.533912 -0.448987 0.044562 -0.715096
0.322392 0.359532 0.002567 0.035830 0.533912 -0.448987 0.044562 -0.715096
0.324420 0.359532 0.002567 0.035830 0.528934 -0.455083 0.036903 -0.715378
0.326448 0.359532 0.002567 0.035830 0.528934 -0.455083 0.036903 -0.715378
0.328475 0.359532 0.002567 0.035719 0.523892 -0.461125 0.029238 -0.715574
0.330503 0.359532 0.002679 0.035719 0.528926 -0.455341 0.021375 -0.715852
0.332530 0.359532 0.002679 0.035719 0.528926 -0.455341 0.021375 -0.715852
0.334558 0.359532 0.002679 0.035719 0.528926 -0.455341 0.021375 -0.715852
0.336586 0.359643 0.002679 0.035607 0.528926 -0.455341 0.021375 -0.715852
0.338613 0.359643 0.002679 0.035607 0.536759 -0.455549 0.016372 -0.709998
0.340641 0.359643 0.002791 0.035607 0.531722 -0.461418 0.024171 -0.709776
0.342669 0.359643 0.002791 0.035607 0.531722 -0.461418 0.024171 -0.709776
0.344696 0.359643 0.002791 0.035607 0.531722 -0.461418 0.024171 -0.709776
0.346724 0.359643 0.002791 0.035607 0.539487 -0.461656 0.019100 -0.703891
0.348751 0.359532 0.002791 0.035607 0.534383 -0.467555 0.026832 -0.703639
0.350779 0.359532 0.002791 0.035607 0.547177 -0.462092 0.029548 -0.697277
0.352807 0.359532 0.002791 0.035607 0.542067 -0.468075 0.037207 -0.696911
0.354834 0.359532 0.002791 0.035607 0.549691 -0.468456 0.032062 -0.690913
0.356862 0.359532 0.002791 0.035607 0.544511 -0.474466 0.039651 -0.690519
0.358890 0.359532 0.002791 0.035719 0.552065 -0.474873 0.034436 -0.684496
0.360917 0.359420 0.002791 0.035719 0.557204 -0.469373 0.042396 -0.683678
0.362945 0.359420 0.002679 0.035719 0.552014 -0.475466 0.049905 -0.683171
0.364972 0.359420 0.002791 0.035719 0.559486 -0.475986 0.044678 -0.677065
0.367000 0.359420 0.002791 0.035719 0.554223 -0.482104 0.052114 -0.676533
0.369028 0.359420 0.002791 0.035719 0.554223 -0.482104 0.052114 -0.676533
0.371055 0.359420 0.002791 0.035719 0.554223 -0.482104 0.052114 -0.676533
0.373083 0.359420 0.002791 0.035719 0.566790 -0.477379 0.054865 -0.669215
0.375111 0.359420 0.002791 0.035719 0.561511 -0.483577 0.062214 -0.668571
0.377138 0.359308 0.002791 0.035830 0.561511 -0.483577 0.062214 -0.668571
0.379166 0.359308 0.002791 0.035830 0.566669 -0.478307 0.070244 -0.667213
0.381193 0.359308 0.002791 0.035830 0.566669 -0.478307 0.070244 -0.667213
0.383221 0.359308 0.002791 0.035830 0.571759 -0.472980 0.078266 -0.665775
0.385249 0.359308 0.002791 0.035942 0.576779 -0.467596 0.086278 -0.664256
0.387276 0.359308 0.002791 0.035942 0.576779 -0.467596 0.086278 -0.664256
0.389304 0.359308 0.002791 0.035942 0.576618 -0.468518 0.101554 -0.661581
0.391332 0.359308 0.002791 0.036054 0.581559 -0.463076 0.109525 -0.659814
0.393359 0.359308 0.002791 0.036054 0.586429 -0.457577 0.117483 -0.657968
0.395387 0.359197 0.002902 0.036165 0.591229 -0.452023 0.125427 -0.656042
0.397414 0.359197 0.002902 0.036165 0.595957 -0.446415 0.133356 -0.654037
0.399442 0.359197 0.002902 0.036165 0.600614 -0.440753 0.141269 -0.651953
0.401470 0.359197 0.002902 0.036277 0.605198 -0.435037 0.149165 -0.649791
0.403497 0.359085 0.002902 0.036277 0.609709 -0.429270 0.157042 -0.647550
0.405525 0.359085 0.002902 0.036388 0.609709 -0.429270 0.157042 -0.647550
0.407553 0.359085 0.002902 0.036388 0.614146 -0.423450 0.164901 -0.645230
0.409580 0.359085 0.002902 0.036388 0.618510 -0.417579 0.172740 -0.642833
0.411608 0.359085 0.003014 0.036500 0.611410 -0.415656 0.177317 -0.649589
0.413635 0.359085 0.003014 0.036500 0.611410 -0.415656 0.177317 -0.649589
0.415663 0.359085 0.003014 0.036500 0.604237 -0.413683 0.181873 -0.656267
0.417691 0.359085 0.003014 0.036500 0.608579 -0.407591 0.189559 -0.653887
0.419718 0.359085 0.003014 0.036500 0.601358 -0.405484 0.194025 -0.660534
0.421746 0.359085 0.003014 0.036500 0.601358 -0.405484 0.194025 -0.660534
0.423774 0.359085 0.003014 0.036500 0.594065 -0.403328 0.198468 -0.667101
0.425801 0.359085 0.003014 0.036500 0.586700 -0.401124 0.202887 -0.673587
0.427829 0.359085 0.003014 0.036500 0.586700 -0.401124 0.202887 -0.673587
0.429856 0.359085 0.003014 0.036500 0.579265 -0.398870 0.207282 -0.679992
0.431884 0.359085 0.003014 0.036500 0.579265 -0.398870 0.207282 -0.679992
0.433912 0.359085 0.003014 0.036500 0.571760 -0.396569 0.211652 -0.686314
0.435939 0.359085 0.003014 0.036500 0.567368 -0.402827 0.219179 -0.683948
0.437967 0.359085 0.003014 0.036500 0.559820 -0.400394 0.223591 -0.690140
0.439995 0.359085 0.003014 0.036500 0.559820 -0.400394 0.223591 -0.690140
0.442022 0.359085 0.003014 0.036612 0.559820 -0.400394 0.223591 -0.690140
0.444050 0.359085 0.003014 0.036612 0.552204 -0.397914 0.227976 -0.696248
0.446077 0.359085 0.003014 0.036612 0.552391 -0.397344 0.242732 -0.691421
0.448105 0.359085 0.003014 0.036612 0.552391 -0.397344 0.242732 -0.691421
0.450133 0.359085 0.003014 0.036612 0.552391 -0.397344 0.242732 -0.691421
0.452160 0.359085 0.003014 0.036612 0.544761 -0.394654 0.247082 -0.697448
0.454188 0.359085 0.003014 0.036612 0.544761 -0.394654 0.247082 -0.697448
0.456216 0.359085 0.003014 0.036612 0.540393 -0.400615 0.254730 -0.694692
0.458243 0.359085 0.003014 0.036612 0.540393 -0.400615 0.254730 -0.694692
0.460271 0.359085 0.003014 0.036612 0.545017 -0.393927 0.261721 -0.692300
0.462298 0.359085 0.003014 0.036612 0.545017 -0.393927 0.261721 -0.692300
0.464326 0.359085 0.003014 0.036612 0.545017 -0.393927 0.261721 -0.692300
0.466354 0.359085 0.003014 0.036612 0.540656 -0.399891 0.269311 -0.689383
0.468381 0.359085 0.003014 0.036612 0.540656 -0.399891 0.269311 -0.689383
0.470409 0.359085 0.003014 0.036612 0.540656 -0.399891 0.269311 -0.689383
0.472437 0.359085 0.003014 0.036612 0.540656 -0.399891 0.269311 -0.689383
0.474464 0.359085 0.003014 0.036612 0.533050 -0.396908 0.273688 -0.695281
0.476492 0.359085 0.003014 0.036612 0.533050 -0.396908 0.273688 -0.695281
0.478519 0.359085 0.003014 0.036612 0.533391 -0.396032 0.288141 -0.689658
0.480547 0.358973 0.003014 0.036612 0.533391 -0.396032 0.288141 -0.689658
0.482575 0.358973 0.003014 0.036612 0.525782 -0.392843 0.292474 -0.695476
0.484602 0.358973 0.003014 0.036612 0.525782 -0.392843 0.292474 -0.695476
0.486630 0.358973 0.003014 0.036612 0.530480 -0.386012 0.299196 -0.692869
0.488658 0.358973 0.003014 0.036723 0.522836 -0.382702 0.303418 -0.698655
0.490685 0.358973 0.003014 0.036723 0.527499 -0.375752 0.310027 -0.696015
0.492713 0.358973 0.003014 0.036723 0.527499 -0.375752 0.310027 -0.696015
0.494740 0.358973 0.003014 0.036723 0.519821 -0.372323 0.314137 -0.701769
0.496768 0.358973 0.003014 0.036723 0.524450 -0.365256 0.320631 -0.699096
0.498796 0.358973 0.003014 0.036723 0.520406 -0.370996 0.328292 -0.695531
0.500823 0.358973 0.003014 0.036723 0.517408 -0.360236 0.338696 -0.698430
0.502851 0.358973 0.003014 0.036723 0.517408 -0.360236 0.338696 -0.698430
0.504879 0.358973 0.003014 0.036723 0.517408 -0.360236 0.338696 -0.698430
0.506906 0.358973 0.003014 0.036723 0.514347 -0.349250 0.348860 -0.701262
0.508934 0.358973 0.003014 0.036723 0.514347 -0.349250 0.348860 -0.701262
0.510961 0.358973 0.003014 0.036723 0.514347 -0.349250 0.348860 -0.701262
0.512989 0.358973 0.003014 0.036723 0.518153 -0.343579 0.341135 -0.705052
0.515017 0.358973 0.003014 0.036723 0.522654 -0.336243 0.347351 -0.702225
0.517044 0.358973 0.003014 0.036723 0.514908 -0.332407 0.351024 -0.707925
0.519072 0.358973 0.003014 0.036723 0.514908 -0.332407 0.351024 -0.707925
0.521100 0.358973 0.003125 0.036723 0.514908 -0.332407 0.351024 -0.707925
0.523127 0.358973 0.003125 0.036723 0.519378 -0.324964 0.357117 -0.705062
0.525155 0.358973 0.003125 0.036835 0.522916 -0.319238 0.349350 -0.708943
0.527182 0.358973 0.003125 0.036835 0.527241 -0.311708 0.355432 -0.706062
0.529210 0.358973 0.003125 0.036835 0.519452 -0.307784 0.358835 -0.711812
0.531238 0.358973 0.003125 0.036835 0.523745 -0.300151 0.364790 -0.708892
0.533265 0.358973 0.003125 0.036835 0.523745 -0.300151 0.364790 -0.708892
0.535293 0.358973 0.003237 0.036835 0.527975 -0.292480 0.370702 -0.705888
0.537321 0.358973 0.003237 0.036835 0.532141 -0.284775 0.376569 -0.702798
0.539348 0.358973 0.003237 0.036835 0.532141 -0.284775 0.376569 -0.702798
0.541376 0.358973 0.003237 0.036835 0.536243 -0.277035 0.382390 -0.699623
0.543403 0.358862 0.003237 0.036835 0.540281 -0.269262 0.388165 -0.696364
0.545431 0.358862 0.003237 0.036835 0.544253 -0.261456 0.393894 -0.693020
0.547459 0.358862 0.003237 0.036835 0.547092 -0.255461 0.386256 -0.697306
0.549486 0.358862 0.003237 0.036835 0.543255 -0.243261 0.394671 -0.699952
0.551514 0.358862 0.003237 0.036835 0.543255 -0.243261 0.394671 -0.699952
0.553542 0.358862 0.003237 0.036835 0.543255 -0.243261 0.394671 -0.699952
0.555569 0.358862 0.003349 0.036835 0.539361 -0.230878 0.402815 -0.702513
0.557597 0.358862 0.003349 0.036835 0.539361 -0.230878 0.402815 -0.702513
0.559624 0.358862 0.003349 0.036835 0.541865 -0.224938 0.395073 -0.706896
0.561652 0.358862 0.003349 0.036835 0.534066 -0.220584 0.397520 -0.712807
0.563680 0.358862 0.003349 0.036723 0.534066 -0.220584 0.397520 -0.712807
0.565707 0.358862 0.003349 0.036723 0.528547 -0.210410 0.392001 -0.722981
0.567735 0.358973 0.003349 0.036723 0.532204 -0.202150 0.397342 -0.719731
0.569763 0.358973 0.003460 0.036723 0.524265 -0.197772 0.399539 -0.725535
0.571790 0.358973 0.003460 0.036723 0.526406 -0.192001 0.391544 -0.729880
0.573818 0.358973 0.003460 0.036723 0.518356 -0.187688 0.393630 -0.735620
0.575845 0.359085 0.003460 0.036723 0.521929 -0.179249 0.398775 -0.732419
0.577873 0.359085 0.003460 0.036723 0.521929 -0.179249 0.398775 -0.732419
0.579901 0.359085 0.003460 0.036723 0.517398 -0.166341 0.405725 -0.734859
0.581928 0.359197 0.003460 0.036723 0.522584 -0.152073 0.402618 -0.735988
0.583956 0.359197 0.003460 0.036723 0.525910 -0.143481 0.407561 -0.732615
0.585984 0.359197 0.003349 0.036723 0.525910 -0.143481 0.407561 -0.732615
0.588011 0.359197 0.003349 0.036723 0.521131 -0.130333 0.413912 -0.734924
0.590039 0.359308 0.003349 0.036835 0.523001 -0.127408 0.426671 -0.726766
0.592066 0.359308 0.003349 0.036835 0.526271 -0.118750 0.431330 -0.723113
0.594094 0.359308 0.003237 0.036835 0.529478 -0.110078 0.435936 -0.719372
0.596122 0.359308 0.003237 0.036835 0.532621 -0.101393 0.440490 -0.715544
0.598149 0.359308 0.003237 0.036835 0.535699 -0.092696 0.444991 -0.711630
0.600177 0.359308 0.003237 0.036947 0.527849 -0.087801 0.445982 -0.717472
0.602205 0.359308 0.003125 0.036947 0.530006 -0.084872 0.458145 -0.708515
0.604232 0.359308 0.003125 0.036947 0.533095 -0.076139 0.462397 -0.704416
0.606260 0.359420 0.003125 0.036947 0.525324 -0.071055 0.463205 -0.710230
0.608287 0.359420 0.003125 0.036947 0.525324 -0.071055 0.463205 -0.710230
0.610315 0.359420 0.003014 0.036947 0.520607 -0.057129 0.467961 -0.711841
0.612343 0.359420 0.003014 0.036835 0.520607 -0.057129 0.467961 -0.711841
0.614370 0.359532 0.003014 0.036835 0.512755 -0.051985 0.468560 -0.717517
0.616398 0.359532 0.003014 0.036835 0.513295 -0.046348 0.460649 -0.722622
0.618426 0.359532 0.002902 0.036835 0.505325 -0.041285 0.461131 -0.728217
0.620453 0.359532 0.002902 0.036835 0.500386 -0.027217 0.465254 -0.729665
0.622481 0.359643 0.002902 0.036835 0.492340 -0.022104 0.465525 -0.735118
0.624508 0.359643 0.002902 0.036835 0.484391 -0.011668 0.457577 -0.745555
0.626536 0.359643 0.002902 0.036835 0.479238 0.002511 0.461065 -0.746823
0.628564 0.359755 0.002902 0.036723 0.470892 0.012751 0.452720 -0.757062
0.630591 0.359755 0.002902 0.036723 0.462547 0.017723 0.452552 -0.762190
0.632619 0.359755 0.002902 0.036723 0.453869 0.027682 0.443874 -0.772148
0.634647 0.359866 0.002902 0.036723 0.448339 0.041913 0.446556 -0.773190
0.636674 0.359866 0.002902 0.036723 0.439277 0.051646 0.437494 -0.782923
0.638702 0.359866 0.002902 0.036723 0.430003 0.061177 0.428220 -0.792454
0.640729 0.359978 0.002902 0.036723 0.421271 0.065878 0.427522 -0.797130
0.642757 0.359978 0.002791 0.036723 0.411688 0.075098 0.417939 -0.806350
0.644785 0.359978 0.002791 0.036612 0.402804 0.079685 0.417089 -0.810824
0.646812 0.360090 0.002791 0.036612 0.390114 0.078917 0.404657 -0.823308
0.648840 0.360090 0.002791 0.036612 0.381045 0.083358 0.403766 -0.827544
0.650868 0.360090 0.002791 0.036612 0.370944 0.091869 0.393664 -0.836056
0.652895 0.360201 0.002791 0.036612 0.360658 0.100157 0.383378 -0.844343
0.654923 0.360201 0.002791 0.036723 0.360658 0.100157 0.383378 -0.844343
0.656950 0.360313 0.002679 0.036723 0.350192 0.108216 0.372913 -0.852403
0.658978 0.360313 0.002679 0.036723 0.339552 0.116044 0.362273 -0.860230
0.661006 0.360313 0.002679 0.036723 0.328743 0.123636 0.351463 -0.867822
0.663033 0.360425 0.002679 0.036723 0.328743 0.123636 0.351463 -0.867822
0.665061 0.360536 0.002679 0.036835 0.320191 0.141005 0.342507 -0.871943
0.667088 0.360536 0.002567 0.036835 0.318622 0.144514 0.332907 -0.875653
0.669116 0.360536 0.002567 0.036947 0.309535 0.161619 0.323559 -0.879419
0.671144 0.360648 0.002567 0.036947 0.309791 0.175084 0.315814 -0.879566
0.673171 0.360648 0.002456 0.036947 0.298130 0.181830 0.304152 -0.886311
0.675199 0.360648 0.002456 0.037058 0.300070 0.191925 0.305977 -0.882893
0.677227 0.360759 0.002344 0.037058 0.299737 0.205303 0.298086 -0.882697
0.679254 0.360759 0.002344 0.037058 0.301494 0.215371 0.299876 -0.879085
0.681282 0.360759 0.002232 0.037170 0.291818 0.218652 0.297492 -0.882344
0.683309 0.360759 0.002232 0.037170 0.293580 0.228713 0.299136 -0.878646
0.685337 0.360759 0.002121 0.037170 0.292665 0.241976 0.291115 -0.878093
0.687365 0.360759 0.002009 0.037170 0.296996 0.248750 0.302315 -0.870932
0.689392 0.360759 0.002009 0.037281 0.287410 0.252056 0.299564 -0.874142
0.691420 0.360759 0.001898 0.037281 0.287410 0.252056 0.299564 -0.874142
0.693448 0.360759 0.001898 0.037281 0.289109 0.262047 0.300990 -0.870145
0.695475 0.360759 0.001898 0.037281 0.279532 0.265337 0.298093 -0.873269
0.697503 0.360759 0.001898 0.037281 0.279532 0.265337 0.298093 -0.873269
0.699530 0.360759 0.001898 0.037281 0.266954 0.271546 0.285515 -0.879477
0.701558 0.360759 0.001898 0.037281 0.268598 0.281551 0.286729 -0.875426
0.703586 0.360759 0.001898 0.037281 0.255821 0.287512 0.273952 -0.881387
0.705613 0.360759 0.001898 0.037281 0.246122 0.290504 0.270777 -0.884144
0.707641 0.360759 0.001898 0.037170 0.242916 0.293191 0.261047 -0.887066
0.709669 0.360759 0.001898 0.037170 0.233156 0.296041 0.257811 -0.889681
0.711696 0.360759 0.001898 0.037281 0.220071 0.301291 0.244726 -0.894931
0.713724 0.360759 0.002009 0.037281 0.216748 0.303691 0.234879 -0.897566
0.715751 0.360759 0.002009 0.037281 0.203497 0.308507 0.221628 -0.902382
0.717779 0.360759 0.002009 0.037170 0.200095 0.310724 0.211701 -0.904762
0.719807 0.360759 0.002009 0.037170 0.191360 0.323161 0.209060 -0.902908
0.721834 0.360759 0.002121 0.037170 0.187798 0.325244 0.199128 -0.905150
0.723862 0.360759 0.002121 0.037170 0.177843 0.327412 0.195543 -0.907158
0.725890 0.360759 0.002121 0.037281 0.177843 0.327412 0.195543 -0.907158
0.727917 0.360759 0.002121 0.037281 0.178971 0.337523 0.196237 -0.903072
0.729945 0.360759 0.002121 0.037281 0.178971 0.337523 0.196237 -0.903072
0.731972 0.360759 0.002121 0.037281 0.178971 0.337523 0.196237 -0.903072
0.734000 0.360759 0.002121 0.037281 0.178971 0.337523 0.196237 -0.903072
0.736028 0.360759 0.002121 0.037281 0.178971 0.337523 0.196237 -0.903072
0.738055 0.360648 0.002121 0.037281 0.182668 0.335537 0.206147 -0.900861
0.740083 0.360648 0.002009 0.037281 0.182668 0.335537 0.206147 -0.900861
0.742111 0.360648 0.002009 0.037281 0.183885 0.345595 0.206771 -0.896658
0.744138 0.360648 0.002009 0.037281 0.187671 0.343554 0.216610 -0.894333
0.746166 0.360648 0.002009 0.037281 0.187671 0.343554 0.216610 -0.894333
0.748193 0.360648 0.002009 0.037281 0.191434 0.341471 0.226422 -0.891899
0.750221 0.360648 0.002009 0.037281 0.201220 0.338963 0.230160 -0.889742
0.752249 0.360648 0.002009 0.037281 0.201220 0.338963 0.230160 -0.889742
0.754276 0.360648 0.002009 0.037281 0.204932 0.336732 0.239920 -0.887160
0.756304 0.360648 0.002009 0.037281 0.204932 0.336732 0.239920 -0.887160
0.758332 0.360648 0.002009 0.037281 0.208619 0.334460 0.249652 -0.884470
0.760359 0.360648 0.002009 0.037170 0.208619 0.334460 0.249652 -0.884470
0.762387 0.360648 0.002009 0.037170 0.218324 0.331697 0.253312 -0.882125
0.764414 0.360648 0.002009 0.037170 0.221954 0.329279 0.262988 -0.879289
0.766442 0.360648 0.002009 0.037170 0.220281 0.319314 0.262376 -0.883558
0.768470 0.360648 0.002009 0.037170 0.223775 0.316875 0.272067 -0.880622
0.770497 0.360648 0.002009 0.037170 0.233436 0.313866 0.275532 -0.878110
0.772525 0.360536 0.002121 0.037170 0.236871 0.311283 0.285162 -0.875030
0.774553 0.360536 0.002121 0.037170 0.238293 0.298726 0.294143 -0.876048
0.776580 0.360536 0.002121 0.037058 0.254335 0.289958 0.316524 -0.866632
0.778608 0.360536 0.002121 0.037058 0.264723 0.273661 0.328428 -0.864388
0.780635 0.360425 0.002232 0.037058 0.268174 0.257912 0.346657 -0.861042
0.782663 0.360425 0.002232 0.036947 0.277798 0.241161 0.358085 -0.858164
0.784691 0.360313 0.002232 0.036947 0.287104 0.224191 0.369187 -0.854992
0.786718 0.360313 0.002344 0.036947 0.289016 0.208012 0.387025 -0.850537
0.788746 0.360201 0.002344 0.036835 0.294435 0.180837 0.396582 -0.850487
0.790774 0.360201 0.002456 0.036835 0.299274 0.153509 0.405509 -0.849960
0.792801 0.360090 0.002456 0.036723 0.306885 0.135860 0.415145 -0.845588
0.794829 0.360090 0.002456 0.036723 0.307162 0.098523 0.421418 -0.847556
0.796856 0.360090 0.002567 0.036612 0.310190 0.070934 0.428375 -0.845722
0.798884 0.359978 0.002567 0.036500 0.302764 0.051428 0.424819 -0.851597
0.800912 0.359978 0.002679 0.036500 0.307938 0.040402 0.414022 -0.855645
0.802939 0.359978 0.002679 0.036388 0.310007 0.016320 0.410091 -0.857587
0.804967 0.359978 0.002679 0.036388 0.306294 0.006551 0.407841 -0.860120
0.806995 0.359978 0.002791 0.036388 0.308031 -0.020803 0.412469 -0.857061
0.809022 0.359866 0.002791 0.036277 0.304126 -0.030501 0.409991 -0.859351
0.811050 0.359866 0.002791 0.036277 0.309632 -0.044671 0.406997 -0.858188
0.813077 0.359866 0.002791 0.036165 0.305677 -0.054332 0.404313 -0.860314
0.815105 0.359755 0.002791 0.036165 0.305677 -0.054332 0.404313 -0.860314
0.817133 0.359755 0.002791 0.036165 0.305677 -0.054332 0.404313 -0.860314
0.819160 0.359755 0.002791 0.036165 0.300185 -0.040197 0.407463 -0.861538
0.821188 0.359755 0.002791 0.036165 0.300185 -0.040197 0.407463 -0.861538
0.823216 0.359643 0.002791 0.036165 0.304126 -0.030501 0.409991 -0.859351
0.825243 0.359643 0.002791 0.036165 0.304126 -0.030501 0.409991 -0.859351
0.827271 0.359532 0.002791 0.036165 0.298597 -0.016270 0.412673 -0.860393
0.829298 0.359532 0.002791 0.036165 0.298597 -0.016270 0.412673 -0.860393
0.831326 0.359532 0.002791 0.036165 0.293045 -0.001983 0.415041 -0.861314
0.833354 0.359532 0.002791 0.036165 0.296997 0.004507 0.426617 -0.854266
0.835381 0.359420 0.002791 0.036277 0.296997 0.004507 0.426617 -0.854266
0.837409 0.359420 0.002791 0.036277 0.291576 0.018924 0.428521 -0.854982
0.839437 0.359420 0.002791 0.036277 0.291576 0.018924 0.428521 -0.854982
0.841464 0.359420 0.002791 0.036277 0.295523 0.028653 0.430449 -0.852384
0.843492 0.359420 0.002791 0.036277 0.285757 0.036522 0.420683 -0.860253
0.845519 0.359420 0.002791 0.036277 0.285757 0.036522 0.420683 -0.860253
0.847547 0.359420 0.002902 0.036277 0.285757 0.036522 0.420683 -0.860253
0.849575 0.359420 0.002902 0.036277 0.289591 0.046310 0.422482 -0.857614
0.851602 0.359420 0.002902 0.036277 0.289591 0.046310 0.422482 -0.857614
0.853630 0.359420 0.002902 0.036277 0.289065 0.049488 0.413034 -0.862204
0.855658 0.359420 0.002902 0.036277 0.289065 0.049488 0.413034 -0.862204
0.857685 0.359420 0.002902 0.036277 0.289065 0.049488 0.413034 -0.862204
0.859713 0.359420 0.002902 0.036277 0.289065 0.049488 0.413034 -0.862204
0.861740 0.359420 0.003014 0.036277 0.288503 0.052661 0.403537 -0.866689
0.863768 0.359420 0.003014 0.036277 0.288503 0.052661 0.403537 -0.866689
0.865796 0.359420 0.003014 0.036277 0.288503 0.052661 0.403537 -0.866689
0.867823 0.359420 0.003014 0.036277 0.291382 0.065730 0.395828 -0.868387
0.869851 0.359532 0.003014 0.036277 0.291382 0.065730 0.395828 -0.868387
0.871879 0.359532 0.003014 0.036277 0.290642 0.068927 0.386264 -0.872684
0.873906 0.359532 0.003125 0.036277 0.290642 0.068927 0.386264 -0.872684
0.875934 0.359532 0.003125 0.036277 0.289867 0.072116 0.376653 -0.876874
0.877961 0.359532 0.003125 0.036277 0.293088 0.082083 0.378503 -0.874127
0.879989 0.359532 0.003125 0.036277 0.292169 0.085298 0.368877 -0.878232
0.882017 0.359532 0.003125 0.036277 0.301800 0.081241 0.369792 -0.874969
0.884044 0.359420 0.003237 0.036277 0.303824 0.094555 0.362133 -0.876134
0.886072 0.359420 0.003237 0.036277 0.302767 0.097888 0.352486 -0.880059
0.888100 0.359420 0.003237 0.036277 0.314011 0.107467 0.345995 -0.877574
0.890127 0.359420 0.003349 0.036277 0.312812 0.110910 0.336333 -0.881322
0.892155 0.359420 0.003349 0.036277 0.324939 0.117232 0.339740 -0.874784
0.894182 0.359420 0.003460 0.036277 0.324490 0.134402 0.322675 -0.878933
0.896210 0.359420 0.003460 0.036388 0.334689 0.144553 0.316840 -0.875614
0.898238 0.359420 0.003460 0.036388 0.334950 0.158266 0.309543 -0.875753
0.900265 0.359420 0.003572 0.036388 0.342637 0.172426 0.294517 -0.875288
0.902293 0.359308 0.003572 0.036388 0.350352 0.173039 0.286802 -0.874675
0.904321 0.359308 0.003684 0.036388 0.359287 0.183811 0.281850 -0.870452
0.906348 0.359308 0.003684 0.036388 0.356133 0.201652 0.265450 -0.872950
0.908376 0.359308 0.003795 0.036388 0.364277 0.212674 0.260995 -0.868305
0.910403 0.359308 0.003795 0.036388 0.362545 0.226590 0.254357 -0.867479
0.912431 0.359197 0.003795 0.036277 0.370006 0.237728 0.250366 -0.862495
0.914459 0.359085 0.003795 0.036277 0.367653 0.251626 0.243923 -0.861404
0.916486 0.359085 0.003795 0.036388 0.364995 0.265469 0.237506 -0.860172
0.918514 0.358973 0.003795 0.036388 0.362034 0.279250 0.231118 -0.858799
0.920542 0.358862 0.003795 0.036388 0.352555 0.291559 0.230976 -0.858690
0.922569 0.358750 0.003795 0.036277 0.349158 0.305164 0.224486 -0.857070
0.924597 0.358639 0.003795 0.036277 0.345464 0.318692 0.218034 -0.855308
0.926624 0.358527 0.003795 0.036277 0.335731 0.330772 0.217364 -0.854768
0.928652 0.358415 0.003795 0.036277 0.322226 0.346395 0.207033 -0.856340
0.930680 0.358304 0.003684 0.036388 0.321281 0.365648 0.212477 -0.847310
0.932707 0.358192 0.003684 0.036388 0.311473 0.377550 0.211025 -0.846114
0.934735 0.358080 0.003684 0.036388 0.306685 0.390488 0.204322 -0.843633
0.936763 0.357969 0.003684 0.036277 0.297398 0.392709 0.200020 -0.846951
0.938790 0.357969 0.003684 0.036277 0.283063 0.407563 0.188767 -0.847429
0.940818 0.357857 0.003684 0.036277 0.278568 0.410648 0.179445 -0.849451
0.942845 0.357857 0.003684 0.036277 0.264670 0.415527 0.165547 -0.854331
0.944873 0.357746 0.003684 0.036165 0.263824 0.425026 0.167953 -0.849436
0.946901 0.357746 0.003684 0.036165 0.259139 0.427899 0.158611 -0.851230
0.948928 0.357746 0.003684 0.036165 0.259139 0.427899 0.158611 -0.851230
0.950956 0.357746 0.003684 0.036165 0.259139 0.427899 0.158611 -0.851230
0.952984 0.357746 0.003684 0.036054 0.255477 0.421242 0.146737 -0.857762
0.955011 0.357746 0.003684 0.036054 0.250833 0.424023 0.137304 -0.859322
0.957039 0.357857 0.003684 0.036054 0.251961 0.414506 0.134722 -0.864031
0.959066 0.357857 0.003684 0.035942 0.251961 0.414506 0.134722 -0.864031
0.961094 0.357857 0.003684 0.035942 0.261439 0.413001 0.139268 -0.861211
0.963122 0.357857 0.003684 0.035942 0.261439 0.413001 0.139268 -0.861211
0.965149 0.357857 0.003684 0.035942 0.261439 0.413001 0.139268 -0.861211
0.967177 0.357857 0.003684 0.035942 0.270884 0.411446 0.143797 -0.858287
0.969205 0.357857 0.003684 0.035942 0.270884 0.411446 0.143797 -0.858287
0.971232 0.357969 0.003684 0.035942 0.279014 0.419268 0.151203 -0.850590
0.973260 0.357969 0.003684 0.036054 0.279014 0.419268 0.151203 -0.850590
0.975287 0.357969 0.003684 0.036054 0.292912 0.414389 0.165101 -0.845710
0.977315 0.357969 0.003684 0.036054 0.291646 0.423748 0.168027 -0.840920
0.979343 0.357969 0.003684 0.036054 0.291646 0.423748 0.168027 -0.840920
0.981370 0.357969 0.003684 0.036054 0.299512 0.431151 0.175681 -0.832789
0.983398 0.357857 0.003684 0.036165 0.299512 0.431151 0.175681 -0.832789
0.985426 0.357857 0.003684 0.036165 0.311995 0.434983 0.192542 -0.822421
0.987453 0.357857 0.003684 0.036165 0.311995 0.434983 0.192542 -0.822421
0.989481 0.357857 0.003684 0.036165 0.311995 0.434983 0.192542 -0.822421
0.991508 0.357857 0.003684 0.036165 0.310613 0.444136 0.195553 -0.817326
0.993536 0.357857 0.003684 0.036165 0.319574 0.441961 0.200420 -0.813864
0.995564 0.357857 0.003684 0.036277 0.324410 0.438423 0.209349 -0.811613
0.997591 0.357857 0.003684 0.036277 0.323033 0.447505 0.212379 -0.806402
0.999619 0.357857 0.003684 0.036277 0.331873 0.445144 0.217282 -0.802805
1.001647 0.357857 0.003684 0.036277 0.336743 0.441472 0.226089 -0.800369
1.003674 0.357857 0.003572 0.036277 0.335368 0.450481 0.229134 -0.795043
1.005702 0.357857 0.003572 0.036277 0.340296 0.446769 0.237854 -0.792478
1.007729 0.357857 0.003572 0.036277 0.353840 0.440268 0.251398 -0.785977
1.009757 0.357857 0.003572 0.036277 0.358656 0.436355 0.260018 -0.783168
1.011785 0.357746 0.003572 0.036277 0.371978 0.429411 0.273340 -0.776224
1.013812 0.357746 0.003460 0.036277 0.375629 0.434256 0.284763 -0.767616
1.015840 0.357634 0.003460 0.036277 0.388752 0.426856 0.297887 -0.760216
1.017868 0.357634 0.003460 0.036277 0.398037 0.418212 0.314518 -0.753488
1.019895 0.357522 0.003349 0.036388 0.409998 0.419127 0.330126 -0.739764
1.021923 0.357411 0.003349 0.036388 0.427128 0.406189 0.350783 -0.727684
1.023950 0.357411 0.003237 0.036388 0.439490 0.397506 0.363145 -0.719001
1.025978 0.357299 0.003237 0.036277 0.456430 0.374740 0.380297 -0.711770
1.028006 0.357187 0.003125 0.036277 0.464553 0.364621 0.395843 -0.703243
1.030033 0.357076 0.003125 0.036277 0.480052 0.349788 0.415066 -0.689144
1.032061 0.356964 0.003125 0.036277 0.491357 0.339829 0.426372 -0.679185
1.034089 0.356853 0.003125 0.036277 0.502526 0.320824 0.434711 -0.674956
1.036116 0.356741 0.003125 0.036277 0.509284 0.300868 0.446769 -0.671197
1.038144 0.356629 0.003014 0.036165 0.519258 0.272532 0.451772 -0.672309
1.040171 0.356629 0.003014 0.036165 0.521734 0.257907 0.456332 -0.673081
1.042199 0.356518 0.003014 0.036054 0.523178 0.234275 0.458061 -0.679397
1.044227 0.356518 0.003125 0.036054 0.532285 0.214441 0.465040 -0.674111
1.046254 0.356518 0.003125 0.036054 0.531410 0.205470 0.462044 -0.679633
1.048282 0.356518 0.003125 0.035942 0.532597 0.190635 0.466492 -0.679988
1.050310 0.356518 0.003125 0.035942 0.530327 0.172599 0.460341 -0.690687
1.052337 0.356518 0.003237 0.035942 0.529097 0.163549 0.457181 -0.695912
1.054365 0.356518 0.003237 0.035830 0.535472 0.149482 0.455637 -0.695212
1.056392 0.356518 0.003237 0.035830 0.535680 0.134553 0.459934 -0.695272
1.058420 0.356406 0.003237 0.035830 0.534213 0.125500 0.456566 -0.700295
1.060448 0.356406 0.003237 0.035830 0.534213 0.125500 0.456566 -0.700295
1.062475 0.356406 0.003349 0.035830 0.534213 0.125500 0.456566 -0.700295
1.064503 0.356406 0.003349 0.035830 0.534213 0.125500 0.456566 -0.700295
1.066531 0.356406 0.003349 0.035830 0.535680 0.134553 0.459934 -0.695272
1.068558 0.356406 0.003349 0.035942 0.535680 0.134553 0.459934 -0.695272
1.070586 0.356406 0.003349 0.035942 0.537126 0.128660 0.467545 -0.690177
1.072613 0.356406 0.003349 0.035942 0.538627 0.137681 0.470801 -0.685034
1.074641 0.356295 0.003349 0.035942 0.538627 0.137681 0.470801 -0.685034
1.076669 0.356295 0.003349 0.036054 0.541642 0.140744 0.481441 -0.674559
1.078696 0.356295 0.003349 0.036054 0.543112 0.149715 0.484525 -0.669216
1.080724 0.356295 0.003349 0.036165 0.544724 0.143739 0.491848 -0.663853
1.082752 0.356183 0.003349 0.036165 0.538960 0.158104 0.493106 -0.664358
1.084779 0.356183 0.003349 0.036277 0.540665 0.152173 0.500375 -0.658901
1.086807 0.356183 0.003349 0.036277 0.542260 0.161106 0.503122 -0.653350
1.088834 0.356183 0.003460 0.036277 0.543997 0.155139 0.510270 -0.647784
1.090862 0.356071 0.003460 0.036388 0.538538 0.169660 0.511061 -0.648081
1.092890 0.356071 0.003460 0.036388 0.540369 0.163734 0.518150 -0.642427
1.094917 0.356071 0.003460 0.036388 0.540369 0.163734 0.518150 -0.642427
1.096945 0.356071 0.003460 0.036388 0.542135 0.157787 0.525176 -0.636696
1.098973 0.356071 0.003460 0.036500 0.542135 0.157787 0.525176 -0.636696
1.101000 0.356071 0.003460 0.036500 0.543836 0.151822 0.532140 -0.630888
1.103028 0.356071 0.003460 0.036500 0.541853 0.142958 0.529800 -0.636608
1.105055 0.356071 0.003460 0.036500 0.543391 0.136996 0.536762 -0.630749
1.107083 0.355960 0.003460 0.036500 0.550288 0.131091 0.538235 -0.624742
1.109111 0.355960 0.003460 0.036500 0.549514 0.116229 0.542690 -0.624510
1.111138 0.355960 0.003572 0.036500 0.556342 0.110260 0.543935 -0.618435
1.113166 0.355960 0.003572 0.036500 0.554157 0.101464 0.541397 -0.624103
1.115194 0.355848 0.003572 0.036500 0.561996 0.089341 0.549235 -0.611980
1.117221 0.355848 0.003572 0.036500 0.564214 0.098085 0.551807 -0.606260
1.119249 0.355848 0.003572 0.036500 0.570840 0.092017 0.552851 -0.600025
1.121276 0.355736 0.003572 0.036500 0.578307 0.079589 0.560318 -0.587597
1.123304 0.355736 0.003684 0.036500 0.578307 0.079589 0.560318 -0.587597
1.125332 0.355625 0.003684 0.036612 0.587647 0.075599 0.570172 -0.569087
1.127359 0.355625 0.003684 0.036612 0.587647 0.075599 0.570172 -0.569087
1.129387 0.355513 0.003684 0.036612 0.596694 0.071340 0.579735 -0.550249
1.131415 0.355513 0.003684 0.036723 0.596694 0.071340 0.579735 -0.550249
1.133442 0.355402 0.003684 0.036723 0.605439 0.066821 0.588999 -0.531092
1.135470 0.355402 0.003684 0.036723 0.606137 0.060165 0.594798 -0.524589
1.137497 0.355402 0.003684 0.036835 0.611863 0.053627 0.595423 -0.517899
1.139525 0.355290 0.003684 0.036835 0.612416 0.046902 0.601077 -0.511326
1.141553 0.355290 0.003684 0.036835 0.612416 0.046902 0.601077 -0.511326
1.143580 0.355290 0.003684 0.036835 0.618402 0.033504 0.607063 -0.497928
1.145608 0.355290 0.003684 0.036835 0.618732 0.026708 0.612496 -0.491229
1.147636 0.355290 0.003684 0.036835 0.618732 0.026708 0.612496 -0.491229
1.149663 0.355290 0.003684 0.036835 0.621961 0.004845 0.615528 -0.484011
1.151691 0.355290 0.003684 0.036835 0.621977 -0.001989 0.620808 -0.477219
1.153718 0.355290 0.003684 0.036835 0.619498 -0.010237 0.618294 -0.483559
1.155746 0.355178 0.003684 0.036835 0.621974 -0.032083 0.620735 -0.476242
1.157774 0.355178 0.003684 0.036723 0.621584 -0.038914 0.625930 -0.469394
1.159801 0.355178 0.003684 0.036723 0.623404 -0.060769 0.627873 -0.462006
1.161829 0.355178 0.003684 0.036723 0.622699 -0.067614 0.632911 -0.455081
1.163857 0.355178 0.003684 0.036723 0.622699 -0.067614 0.632911 -0.455081
1.165884 0.355067 0.003684 0.036723 0.626804 -0.081454 0.637016 -0.441240
1.167912 0.355067 0.003684 0.036723 0.625871 -0.088335 0.641825 -0.434215
1.169939 0.355067 0.003684 0.036723 0.625871 -0.088335 0.641825 -0.434215
1.171967 0.354955 0.003572 0.036723 0.624863 -0.095206 0.646556 -0.427138
1.173995 0.354955 0.003684 0.036723 0.627903 -0.087263 0.648997 -0.420626
1.176022 0.354843 0.003684 0.036723 0.630868 -0.079310 0.651358 -0.414063
1.178050 0.354732 0.003684 0.036835 0.629242 -0.064161 0.654386 -0.414388
1.180078 0.354732 0.003684 0.036835 0.632127 -0.056166 0.656502 -0.407757
1.182105 0.354620 0.003684 0.036835 0.635426 -0.041185 0.654094 -0.408288
1.184133 0.354509 0.003684 0.036947 0.633620 -0.025937 0.656450 -0.408567
1.186160 0.354509 0.003795 0.036947 0.631808 -0.010641 0.658470 -0.408806
1.188188 0.354397 0.003795 0.036947 0.634446 -0.002557 0.660166 -0.402060
1.190216 0.354397 0.003795 0.036947 0.632449 0.019746 0.657223 -0.409484
1.192243 0.354285 0.003795 0.036947 0.630457 0.035109 0.658399 -0.409637
1.194271 0.354285 0.003795 0.036947 0.632927 0.043248 0.659752 -0.402816
1.196299 0.354174 0.003907 0.036947 0.630931 0.058642 0.660421 -0.402903
1.198326 0.354174 0.003907 0.036947 0.633323 0.066782 0.661526 -0.396012
1.200354 0.354062 0.003907 0.036947 0.633323 0.066782 0.661526 -0.396012
1.202381 0.354062 0.003907 0.036835 0.633323 0.066782 0.661526 -0.396012
1.204409 0.353950 0.003907 0.036835 0.633323 0.066782 0.661526 -0.396012
1.206437 0.353950 0.003907 0.036835 0.633323 0.066782 0.661526 -0.396012
1.208464 0.353839 0.003907 0.036723 0.633323 0.066782 0.661526 -0.396012
1.210492 0.353839 0.003907 0.036612 0.631537 0.051707 0.664808 -0.395623
1.212520 0.353727 0.003907 0.036612 0.635846 0.044400 0.665336 -0.388661
1.214547 0.353616 0.003907 0.036500 0.633363 0.036292 0.664137 -0.395544
1.216575 0.353616 0.003907 0.036388 0.637671 0.028994 0.664496 -0.388562
1.218602 0.353504 0.003907 0.036277 0.635187 0.020897 0.663129 -0.395424
1.220630 0.353392 0.004018 0.036277 0.637008 0.005527 0.661782 -0.395265
1.222658 0.353281 0.004018 0.036165 0.637008 0.005527 0.661782 -0.395265
1.224685 0.353169 0.004018 0.036165 0.634446 -0.002557 0.660166 -0.402060
1.226713 0.353169 0.004018 0.036054 0.631808 -0.010641 0.658470 -0.408806
1.228741 0.353058 0.004130 0.036054 0.631887 -0.003700 0.653939 -0.416015
1.230768 0.352946 0.004130 0.035942 0.629261 -0.011811 0.652091 -0.422693
1.232796 0.352946 0.004242 0.035942 0.626740 -0.013037 0.645407 -0.436435
1.234823 0.352834 0.004242 0.035830 0.626846 -0.006151 0.640574 -0.443500
1.236851 0.352834 0.004242 0.035830 0.624247 -0.014318 0.638424 -0.450028
1.238879 0.352834 0.004242 0.035830 0.624247 -0.014318 0.638424 -0.450028
1.240906 0.352723 0.004353 0.035830 0.621573 -0.022483 0.636197 -0.456502
1.242934 0.352723 0.004353 0.035719 0.616521 -0.015493 0.636406 -0.463304
1.244962 0.352723 0.004353 0.035719 0.616521 -0.015493 0.636406 -0.463304
1.246989 0.352723 0.004353 0.035719 0.616521 -0.015493 0.636406 -0.463304
1.249017 0.352723 0.004353 0.035719 0.616521 -0.015493 0.636406 -0.463304
1.251044 0.352723 0.004353 0.035719 0.616313 -0.022265 0.641457 -0.456284
1.253072 0.352723 0.004353 0.035719 0.620929 -0.036135 0.646073 -0.442414
1.255100 0.352611 0.004353 0.035719 0.623782 -0.028030 0.648157 -0.435893
1.257127 0.352611 0.004353 0.035719 0.623436 -0.034881 0.652907 -0.428746
1.259155 0.352611 0.004242 0.035719 0.625970 -0.033683 0.659439 -0.414930
1.261183 0.352611 0.004242 0.035719 0.630003 -0.047850 0.663472 -0.400763
1.263210 0.352611 0.004242 0.035719 0.632421 -0.046803 0.669557 -0.386713
1.265238 0.352499 0.004130 0.035719 0.631869 -0.053748 0.673765 -0.379334
1.267265 0.352499 0.004130 0.035719 0.638916 -0.053226 0.674787 -0.365535
1.269293 0.352499 0.004130 0.035719 0.638292 -0.060242 0.678762 -0.358099
1.271321 0.352388 0.004130 0.035607 0.640606 -0.059387 0.684076 -0.343710
1.273348 0.352388 0.004130 0.035607 0.644344 -0.066899 0.683383 -0.336651
1.275376 0.352276 0.004130 0.035607 0.643570 -0.073974 0.687040 -0.329123
1.277404 0.352276 0.004130 0.035607 0.643570 -0.073974 0.687040 -0.329123
1.279431 0.352276 0.004130 0.035607 0.643570 -0.073974 0.687040 -0.329123
1.281459 0.352276 0.004130 0.035607 0.650016 -0.073709 0.687619 -0.315001
1.283486 0.352276 0.004130 0.035607 0.647147 -0.081517 0.686186 -0.322033
1.285514 0.352165 0.004130 0.035496 0.647147 -0.081517 0.686186 -0.322033
1.287542 0.352165 0.004130 0.035496 0.647147 -0.081517 0.686186 -0.322033
1.289569 0.352165 0.004130 0.035496 0.647147 -0.081517 0.686186 -0.322033
1.291597 0.352165 0.004130 0.035496 0.650646 -0.089051 0.685249 -0.314904
1.293625 0.352165 0.004130 0.035496 0.650646 -0.089051 0.685249 -0.314904
1.295652 0.352276 0.004130 0.035496 0.650646 -0.089051 0.685249 -0.314904
1.297680 0.352276 0.004130 0.035496 0.650646 -0.089051 0.685249 -0.314904
1.299707 0.352276 0.004130 0.035384 0.654066 -0.096574 0.684229 -0.307737
1.301735 0.352276 0.004130 0.035384 0.655087 -0.089382 0.680807 -0.315235
1.303763 0.352276 0.004242 0.035384 0.655087 -0.089382 0.680807 -0.315235
1.305790 0.352276 0.004242 0.035384 0.655087 -0.089382 0.680807 -0.315235
1.307818 0.352276 0.004242 0.035384 0.655087 -0.089382 0.680807 -0.315235
1.309846 0.352276 0.004242 0.035496 0.661062 -0.089071 0.681552 -0.300916
1.311873 0.352276 0.004242 0.035496 0.661062 -0.089071 0.681552 -0.300916
1.313901 0.352276 0.004242 0.035496 0.663532 -0.081275 0.683238 -0.293776
1.315928 0.352276 0.004242 0.035496 0.665923 -0.073470 0.684842 -0.286601
1.317956 0.352276 0.004242 0.035496 0.668914 -0.058310 0.683252 -0.286914
1.319984 0.352165 0.004242 0.035496 0.674090 -0.057984 0.684174 -0.272298
1.322011 0.352165 0.004242 0.035607 0.676073 -0.050148 0.685695 -0.265014
1.324039 0.352165 0.004242 0.035607 0.677974 -0.042305 0.687134 -0.257699
1.326066 0.352165 0.004242 0.035607 0.681782 -0.019117 0.687050 -0.250539
1.328094 0.352165 0.004242 0.035607 0.684837 -0.003371 0.689508 -0.235725
1.330122 0.352165 0.004353 0.035719 0.687383 0.019929 0.689165 -0.228382
1.332149 0.352053 0.004353 0.035719 0.689602 0.035697 0.691121 -0.213368
1.334177 0.352053 0.004353 0.035719 0.691613 0.066915 0.691293 -0.198262
1.336205 0.352053 0.004353 0.035830 0.692825 0.082639 0.692581 -0.183018
1.338232 0.352053 0.004465 0.035830 0.692809 0.113766 0.692086 -0.167601
1.340260 0.352053 0.004465 0.035942 0.692989 0.137163 0.692892 -0.144404
1.342287 0.352053 0.004465 0.035942 0.690613 0.168009 0.691574 -0.128656
1.344315 0.352053 0.004465 0.036054 0.688092 0.191033 0.692076 -0.105198
1.346343 0.352053 0.004576 0.036054 0.683976 0.213807 0.690680 -0.097078
1.348370 0.352053 0.004576 0.036054 0.680050 0.228818 0.691769 -0.081425
1.350398 0.352053 0.004576 0.036054 0.677077 0.243807 0.691242 -0.065645
1.352426 0.352053 0.004576 0.036165 0.671485 0.258470 0.692674 -0.050041
1.354453 0.352053 0.004576 0.036165 0.665672 0.272883 0.694302 -0.019014
1.356481 0.352053 0.004576 0.036277 0.661050 0.279780 0.696218 0.004026
1.358508 0.352053 0.004576 0.036277 0.652497 0.293721 0.698286 0.019284
1.360536 0.352053 0.004465 0.036277 0.649321 0.293167 0.700901 0.034257
1.362564 0.352053 0.004465 0.036277 0.642981 0.307348 0.700665 0.034362
1.364591 0.352053 0.004465 0.036277 0.636001 0.313667 0.702761 0.056954
1.366619 0.352053 0.004465 0.036388 0.631854 0.312896 0.705494 0.071655
1.368647 0.351941 0.004465 0.036388 0.627386 0.312065 0.708210 0.086262
1.370674 0.351941 0.004353 0.036388 0.618720 0.318046 0.710133 0.108373
1.372702 0.351941 0.004353 0.036388 0.616902 0.310308 0.711408 0.130535
1.374729 0.351941 0.004353 0.036388 0.616902 0.310308 0.711408 0.130535
1.376757 0.351941 0.004353 0.036388 0.607878 0.316030 0.715443 0.136932
1.378785 0.351941 0.004353 0.036388 0.606337 0.308151 0.718872 0.143602
1.380812 0.351941 0.004353 0.036277 0.601990 0.314935 0.718064 0.151026
1.382840 0.351941 0.004353 0.036277 0.595793 0.313783 0.720659 0.164988
1.384868 0.351941 0.004465 0.036277 0.595793 0.313783 0.720659 0.164988
1.386895 0.351941 0.004465 0.036277 0.589291 0.312574 0.723229 0.178810
1.388923 0.352053 0.004465 0.036277 0.583909 0.311043 0.728611 0.177279
1.390950 0.352053 0.004465 0.036277 0.581926 0.303020 0.731985 0.183683
1.392978 0.352053 0.004576 0.036165 0.578562 0.309395 0.733958 0.175631
1.395006 0.352053 0.004576 0.036165 0.571490 0.307918 0.736769 0.189095
1.397033 0.352165 0.004688 0.036165 0.568072 0.314178 0.738802 0.180989
1.399061 0.352165 0.004688 0.036165 0.557256 0.318701 0.743815 0.186103
1.401089 0.352165 0.004800 0.036165 0.555178 0.310510 0.747272 0.192214
1.403116 0.352165 0.004800 0.036165 0.551733 0.316590 0.749338 0.183993
1.405144 0.352165 0.004800 0.036165 0.543990 0.314706 0.752493 0.196952
1.407171 0.352053 0.004911 0.036165 0.540500 0.320663 0.754611 0.188673
1.409199 0.352053 0.004911 0.036165 0.528963 0.324452 0.760031 0.193086
1.411227 0.352053 0.005023 0.036165 0.522932 0.330616 0.759789 0.199889
1.413254 0.352053 0.005023 0.036165 0.513108 0.342397 0.761680 0.198311
1.415282 0.351941 0.005023 0.036165 0.507198 0.339601 0.767590 0.195515
1.417310 0.351941 0.005135 0.036277 0.497009 0.351032 0.769554 0.193765
1.419337 0.351830 0.005135 0.036277 0.490522 0.356868 0.769324 0.200435
1.421365 0.351830 0.005246 0.036277 0.477751 0.359462 0.775225 0.203882
1.423392 0.351718 0.005246 0.036277 0.466971 0.370294 0.777209 0.201907
1.425420 0.351606 0.005246 0.036277 0.453732 0.372305 0.783287 0.204887
1.427448 0.351606 0.005358 0.036277 0.435352 0.387950 0.785006 0.209114
1.429475 0.351495 0.005358 0.036277 0.417195 0.393840 0.793542 0.202803
1.431503 0.351495 0.005469 0.036277 0.395500 0.399560 0.799635 0.210985
1.433531 0.351383 0.005469 0.036277 0.376641 0.404018 0.808348 0.203678
1.435558 0.351272 0.005581 0.036277 0.349465 0.412197 0.816848 0.201810
1.437586 0.351272 0.005581 0.036277 0.323933 0.406501 0.827623 0.211814
1.439613 0.351160 0.005581 0.036165 0.304234 0.408390 0.836421 0.202630
1.441641 0.351160 0.005693 0.036165 0.273463 0.403954 0.849397 0.201405
1.443669 0.351160 0.005693 0.036165 0.242318 0.397980 0.862205 0.198738
1.445696 0.351048 0.005804 0.036054 0.218122 0.377654 0.879136 0.192146
1.447724 0.351048 0.005804 0.036054 0.186821 0.368741 0.891266 0.186474
1.449752 0.350937 0.005916 0.035942 0.163288 0.345721 0.906938 0.176855
1.451779 0.350937 0.005916 0.035942 0.135899 0.332434 0.916100 0.178270
1.453807 0.350937 0.005916 0.035830 0.116511 0.305807 0.928391 0.176063
1.455834 0.350825 0.005916 0.035830 0.099245 0.288742 0.936649 0.171657
1.457862 0.350825 0.006028 0.035830 0.068815 0.273953 0.945966 0.159254
1.459890 0.350713 0.006028 0.035830 0.041591 0.257288 0.952761 0.155949
1.461917 0.350602 0.006139 0.035830 0.023372 0.227733 0.961950 0.149145
1.463945 0.350490 0.006139 0.035830 -0.005777 0.209601 0.968710 0.132799
1.465973 0.350490 0.006251 0.035830 -0.032201 0.190523 0.973046 0.125876
1.468000 0.350379 0.006251 0.035942 -0.056463 0.171410 0.975145 0.128540
1.470028 0.350267 0.006251 0.035942 -0.082486 0.151327 0.977773 0.119401
1.472055 0.350155 0.006362 0.035942 -0.106676 0.131837 0.978191 0.119920
1.474083 0.350155 0.006362 0.036054 -0.121298 0.110011 0.980604 0.107703
1.476111 0.350044 0.006362 0.036054 -0.145240 0.090282 0.979510 0.106374
1.478138 0.350044 0.006362 0.036054 -0.169867 0.068759 0.978633 0.093249
1.480166 0.349932 0.006362 0.036165 -0.193385 0.048942 0.975773 0.089856
1.482194 0.349932 0.006251 0.036165 -0.206033 0.028383 0.974388 0.085514
1.484221 0.349821 0.006251 0.036277 -0.229221 0.008845 0.970014 0.080323
1.486249 0.349821 0.006251 0.036277 -0.241670 -0.008822 0.966560 0.085322
1.488276 0.349821 0.006139 0.036277 -0.264598 -0.027715 0.960775 0.078301
1.490304 0.349821 0.006139 0.036277 -0.277510 -0.058091 0.956527 0.068334
1.492332 0.349821 0.006139 0.036388 -0.290193 -0.074570 0.951395 0.071234
1.494359 0.349821 0.006028 0.036388 -0.292383 -0.105881 0.948421 0.061633
1.496387 0.349709 0.006028 0.036388 -0.305287 -0.121721 0.942312 0.063501
1.498415 0.349709 0.005916 0.036388 -0.316770 -0.140576 0.936445 0.054465
1.500442 0.349709 0.005916 0.036277 -0.320256 -0.167850 0.930764 0.054226
1.502470 0.349709 0.005916 0.036277 -0.331328 -0.186148 0.923911 0.044272
1.504497 0.349597 0.005804 0.036277 -0.334965 -0.212826 0.916853 0.043405
1.506525 0.349597 0.005804 0.036277 -0.345555 -0.230513 0.909063 0.032553
1.508553 0.349486 0.005804 0.036277 -0.349279 -0.256523 0.900687 0.031045
1.510580 0.349374 0.005804 0.036165 -0.349877 -0.276250 0.894833 0.023364
1.512608 0.349374 0.005804 0.036165 -0.350306 -0.295843 0.888548 0.015671
1.514636 0.349262 0.005804 0.036054 -0.354008 -0.311424 0.881693 0.017658
1.516663 0.349151 0.005693 0.036054 -0.363432 -0.327742 0.872052 0.005191
1.518691 0.349039 0.005693 0.036054 -0.363458 -0.346823 0.864641 -0.002795
1.520718 0.348928 0.005693 0.035942 -0.372172 -0.362603 0.854257 -0.015859
1.522746 0.348928 0.005804 0.035942 -0.371734 -0.381284 0.846084 -0.024032
1.524774 0.348816 0.005804 0.035830 -0.379703 -0.396491 0.834987 -0.037654
1.526801 0.348704 0.005804 0.035830 -0.378784 -0.414740 0.826074 -0.045987
1.528829 0.348593 0.005804 0.035830 -0.391207 -0.416095 0.819527 -0.046879
1.530857 0.348481 0.005693 0.035719 -0.398225 -0.430381 0.807725 -0.061399
1.532884 0.348369 0.005693 0.035719 -0.405555 -0.435529 0.800429 -0.071787
1.534912 0.348369 0.005693 0.035719 -0.411726 -0.449202 0.788134 -0.086863
1.536939 0.348258 0.005693 0.035719 -0.429997 -0.453818 0.774041 -0.100061
1.538967 0.348146 0.005693 0.035719 -0.443703 -0.453954 0.763688 -0.117621
1.540995 0.348035 0.005581 0.035719 -0.455345 -0.461941 0.748029 -0.140445
1.543022 0.348035 0.005581 0.035719 -0.472781 -0.455995 0.738843 -0.150521
1.545050 0.347923 0.005581 0.035719 -0.482709 -0.462647 0.722878 -0.174349
1.547078 0.347923 0.005469 0.035719 -0.494572 -0.470921 0.703644 -0.196259
1.549105 0.347811 0.005358 0.035719 -0.513209 -0.464991 0.686835 -0.220585
1.551133 0.347811 0.005358 0.035719 -0.524973 -0.463403 0.667543 -0.253075
1.553160 0.347700 0.005246 0.035719 -0.540015 -0.454776 0.651044 -0.278755
1.555188 0.347700 0.005246 0.035830 -0.543229 -0.456814 0.628096 -0.318935
1.557216 0.347588 0.005135 0.035830 -0.549688 -0.451794 0.608065 -0.352110
1.559243 0.347476 0.005135 0.035830 -0.554357 -0.445619 0.587914 -0.385317
1.561271 0.347476 0.005135 0.035830 -0.560924 -0.431468 0.564141 -0.425375
1.563299 0.347476 0.005135 0.035830 -0.558320 -0.429804 0.547500 -0.451432
1.565326 0.347476 0.005135 0.035830 -0.552976 -0.426275 0.522013 -0.489907
1.567354 0.347476 0.005135 0.035830 -0.546037 -0.421508 0.495886 -0.527515
1.569381 0.347365 0.005135 0.035830 -0.539186 -0.416230 0.467580 -0.563383
1.571409 0.347365 0.005135 0.035719 -0.533667 -0.411911 0.448574 -0.586780
1.573437 0.347365 0.005246 0.035719 -0.529933 -0.408193 0.426969 -0.608480
1.575464 0.347476 0.005246 0.035607 -0.519421 -0.408733 0.399965 -0.634954
1.577492 0.347476 0.005358 0.035607 -0.504069 -0.414121 0.364842 -0.664311
1.579520 0.347588 0.005358 0.035607 -0.497704 -0.417259 0.345333 -0.677444
1.581547 0.347588 0.005469 0.035496 -0.483774 -0.423819 0.320749 -0.695313
1.583575 0.347700 0.005469 0.035384 -0.477372 -0.426482 0.300353 -0.707119
1.585602 0.347811 0.005581 0.035272 -0.463109 -0.432064 0.274831 -0.723408
1.587630 0.347811 0.005581 0.035272 -0.456713 -0.434246 0.253640 -0.733833
1.589658 0.347923 0.005693 0.035161 -0.446986 -0.433945 0.235499 -0.745946
1.591685 0.347923 0.005693 0.035161 -0.440657 -0.435715 0.213706 -0.755184
1.593713 0.348035 0.005693 0.035049 -0.430798 -0.434740 0.195215 -0.766359
1.595741 0.348035 0.005693 0.035049 -0.420822 -0.433376 0.176636 -0.777106
1.597768 0.348146 0.005804 0.034937 -0.419369 -0.429861 0.162715 -0.782862
1.599796 0.348146 0.005693 0.034937 -0.409307 -0.427923 0.143979 -0.792855
1.601823 0.348146 0.005693 0.034937 -0.399162 -0.425593 0.125190 -0.802413
1.603851 0.348146 0.005693 0.034826 -0.393568 -0.418573 0.115273 -0.810317
1.605879 0.348146 0.005693 0.034826 -0.392236 -0.414487 0.101078 -0.814945
1.607906 0.348146 0.005693 0.034826 -0.389624 -0.398539 0.086097 -0.825801
1.609934 0.348035 0.005693 0.034826 -0.379290 -0.395005 0.067423 -0.834005
1.611962 0.348035 0.005693 0.034826 -0.376246 -0.378243 0.052915 -0.844140
1.613989 0.347923 0.005581 0.034826 -0.372847 -0.361029 0.038760 -0.853898
1.616017 0.347923 0.005581 0.034826 -0.378565 -0.343082 0.028745 -0.859161
1.618044 0.347811 0.005581 0.034826 -0.373763 -0.320111 0.000664 -0.870534
1.620072 0.347700 0.005581 0.034826 -0.369542 -0.301596 -0.012535 -0.878818
1.622100 0.347700 0.005581 0.034826 -0.364493 -0.277279 -0.039808 -0.888075
1.624127 0.347588 0.005581 0.034826 -0.359479 -0.252238 -0.066606 -0.895943
1.626155 0.347588 0.005581 0.034937 -0.354547 -0.226507 -0.092860 -0.902424
1.628183 0.347476 0.005581 0.034937 -0.351915 -0.196271 -0.108527 -0.908766
1.630210 0.347476 0.005581 0.034937 -0.346975 -0.169332 -0.133455 -0.912757
1.632238 0.347365 0.005581 0.034937 -0.342235 -0.141824 -0.157661 -0.915371
1.634265 0.347365 0.005581 0.035049 -0.337736 -0.113792 -0.181084 -0.916621
1.636293 0.347476 0.005581 0.035049 -0.322496 -0.086590 -0.214684 -0.917829
1.638321 0.347476 0.005581 0.035049 -0.318930 -0.057378 -0.236026 -0.916124
1.640348 0.347476 0.005693 0.035049 -0.303204 -0.035148 -0.253605 -0.917887
1.642376 0.347476 0.005693 0.035049 -0.300368 -0.008372 -0.282866 -0.910876
1.644404 0.347365 0.005693 0.035161 -0.285728 0.015113 -0.298195 -0.910610
1.646431 0.347365 0.005693 0.035161 -0.268718 0.028935 -0.310122 -0.911470
1.648459 0.347365 0.005693 0.035161 -0.261974 0.039679 -0.321919 -0.908935
1.650486 0.347365 0.005693 0.035049 -0.245510 0.054270 -0.332819 -0.908852
1.652514 0.347365 0.005804 0.035049 -0.238576 0.068123 -0.333872 -0.909379
1.654542 0.347365 0.005804 0.035049 -0.229346 0.069271 -0.343103 -0.908231
1.656569 0.347253 0.005804 0.035049 -0.223451 0.080777 -0.353663 -0.904692
1.658597 0.347253 0.005804 0.034937 -0.213499 0.084658 -0.352754 -0.907092
1.660625 0.347142 0.005804 0.034937 -0.200165 0.078346 -0.350668 -0.911497
1.662652 0.347142 0.005693 0.034937 -0.190139 0.082193 -0.349787 -0.913641
1.664680 0.347030 0.005804 0.034826 -0.181024 0.084048 -0.358901 -0.911787
1.666707 0.347030 0.005804 0.034826 -0.181024 0.084048 -0.358901 -0.911787
1.668735 0.347030 0.005804 0.034714 -0.167441 0.077799 -0.357137 -0.915622
1.670763 0.347030 0.005804 0.034714 -0.157371 0.081718 -0.356261 -0.917407
1.672790 0.346918 0.005804 0.034714 -0.153776 0.071513 -0.355511 -0.919158
1.674818 0.346918 0.005804 0.034603 -0.144488 0.073831 -0.364798 -0.916839
1.676846 0.346918 0.005804 0.034603 -0.130646 0.067647 -0.363414 -0.919938
1.678873 0.346918 0.005804 0.034603 -0.120531 0.071635 -0.362648 -0.921318
1.680901 0.346918 0.005804 0.034603 -0.116738 0.061433 -0.362165 -0.922732
1.682928 0.346918 0.005804 0.034491 -0.106594 0.065408 -0.361469 -0.923959
1.684956 0.346918 0.005804 0.034491 -0.092602 0.059157 -0.360426 -0.926293
1.686984 0.346918 0.005804 0.034491 -0.082420 0.063113 -0.359754 -0.927254
1.689011 0.346918 0.005804 0.034491 -0.068358 0.056831 -0.358918 -0.929126
1.691039 0.346918 0.005693 0.034491 -0.058147 0.060771 -0.358272 -0.929821
1.693067 0.346918 0.005693 0.034491 -0.044031 0.054464 -0.357643 -0.931228
1.695094 0.346918 0.005693 0.034491 -0.033155 0.058758 -0.346766 -0.935522
1.697122 0.346807 0.005693 0.034379 -0.008782 0.056081 -0.345740 -0.936612
1.699149 0.346807 0.005693 0.034379 0.005325 0.049592 -0.345523 -0.937084
1.701177 0.346807 0.005581 0.034379 0.026539 0.056883 -0.334038 -0.940467
1.703205 0.346695 0.005581 0.034379 0.050909 0.053903 -0.333536 -0.939817
1.705232 0.346584 0.005581 0.034379 0.075808 0.050097 -0.322955 -0.942042
1.707260 0.346584 0.005581 0.034379 0.086152 0.053642 -0.322385 -0.941152
1.709288 0.346472 0.005469 0.034379 0.121280 0.052622 -0.311552 -0.940987
1.711315 0.346360 0.005469 0.034379 0.141925 0.059454 -0.310321 -0.938096
1.713343 0.346249 0.005358 0.034379 0.163220 0.064468 -0.298652 -0.938088
1.715370 0.346249 0.005358 0.034379 0.197339 0.064045 -0.298556 -0.931568
1.717398 0.346137 0.005358 0.034379 0.217759 0.070590 -0.297077 -0.927008
1.719426 0.346137 0.005358 0.034379 0.238074 0.077100 -0.295454 -0.922000
1.721453 0.346025 0.005358 0.034379 0.261489 0.073499 -0.296514 -0.915588
1.723481 0.346025 0.005358 0.034379 0.280646 0.083085 -0.304803 -0.906328
1.725509 0.346025 0.005358 0.034379 0.300491 0.089761 -0.302904 -0.899943
1.727536 0.346025 0.005469 0.034379 0.322435 0.090101 -0.314070 -0.888413
1.729564 0.346025 0.005469 0.034491 0.351536 0.100401 -0.310930 -0.877305
1.731591 0.346025 0.005469 0.034491 0.372830 0.101695 -0.322077 -0.864247
1.733619 0.346025 0.005469 0.034491 0.391728 0.108746 -0.319765 -0.855846
1.735647 0.346025 0.005581 0.034491 0.412422 0.110869 -0.330838 -0.841524
1.737674 0.346137 0.005581 0.034491 0.438565 0.126537 -0.336076 -0.823834
1.739702 0.346137 0.005693 0.034491 0.458373 0.129822 -0.346809 -0.807938
1.741730 0.346137 0.005693 0.034491 0.484748 0.141180 -0.342343 -0.792394
1.743757 0.346137 0.005804 0.034491 0.505159 0.139844 -0.344281 -0.778928
1.745785 0.346137 0.005804 0.034491 0.528860 0.156933 -0.347835 -0.758083
1.747812 0.346137 0.005804 0.034603 0.556518 0.159855 -0.348094 -0.737268
1.749840 0.346137 0.005804 0.034603 0.580511 0.171239 -0.342637 -0.718529
1.751868 0.346137 0.005916 0.034603 0.596158 0.178726 -0.338792 -0.705601
1.753895 0.346137 0.005916 0.034603 0.619085 0.189793 -0.332719 -0.685573
1.755923 0.346025 0.005916 0.034603 0.633999 0.197057 -0.328469 -0.671805
1.757951 0.346025 0.005916 0.034603 0.648606 0.204227 -0.324060 -0.657714
1.759978 0.346025 0.005916 0.034603 0.667491 0.222213 -0.310223 -0.639405
1.762006 0.345914 0.005916 0.034714 0.681379 0.228975 -0.305266 -0.624585
1.764033 0.345914 0.005916 0.034714 0.697483 0.227978 -0.293448 -0.612724
1.766061 0.345914 0.005916 0.034714 0.708563 0.241311 -0.280891 -0.600673
1.768089 0.345802 0.005916 0.034714 0.721589 0.247424 -0.275521 -0.584960
1.770116 0.345802 0.005804 0.034714 0.730679 0.242423 -0.266431 -0.579960
1.772144 0.345802 0.005804 0.034714 0.741204 0.254730 -0.253123 -0.567149
1.774172 0.345691 0.005804 0.034714 0.747390 0.257496 -0.250309 -0.558972
1.776199 0.345691 0.005804 0.034714 0.759491 0.262933 -0.244592 -0.542416
1.778227 0.345691 0.005693 0.034714 0.774125 0.259755 -0.232967 -0.528190
1.780254 0.345691 0.005693 0.034714 0.778039 0.268263 -0.221704 -0.523009
1.782282 0.345579 0.005581 0.034714 0.789342 0.273069 -0.215757 -0.505788
1.784310 0.345579 0.005581 0.034714 0.803267 0.268935 -0.204328 -0.490598
1.786337 0.345579 0.005469 0.034714 0.813852 0.273359 -0.198370 -0.472831
1.788365 0.345579 0.005469 0.034714 0.824044 0.277651 -0.192316 -0.454836
1.790393 0.345467 0.005358 0.034714 0.833838 0.281810 -0.186169 -0.436621
1.792420 0.345467 0.005358 0.034714 0.843230 0.285832 -0.179933 -0.418195
1.794448 0.345467 0.005358 0.034714 0.853470 0.285095 -0.182858 -0.396071
1.796475 0.345467 0.005246 0.034714 0.866059 0.290966 -0.173364 -0.367732
1.798503 0.345356 0.005246 0.034603 0.875357 0.302117 -0.176868 -0.333457
1.800531 0.345356 0.005246 0.034603 0.885870 0.307781 -0.166817 -0.304430
1.802558 0.345244 0.005246 0.034603 0.892570 0.319504 -0.169252 -0.269424
1.804586 0.345244 0.005246 0.034603 0.900964 0.324907 -0.158632 -0.239865
1.806614 0.345132 0.005246 0.034491 0.905005 0.337099 -0.159937 -0.204329
1.808641 0.345132 0.005246 0.034491 0.909252 0.348914 -0.166451 -0.154318
1.810669 0.345132 0.005246 0.034379 0.909604 0.362037 -0.166060 -0.118208
1.812696 0.345021 0.005246 0.034379 0.913325 0.367182 -0.159905 -0.073787
1.814724 0.345021 0.005246 0.034379 0.910643 0.382471 -0.153894 -0.027582
1.816752 0.344909 0.005358 0.034379 0.905477 0.397806 -0.146700 0.018449
1.818779 0.344909 0.005358 0.034268 0.896253 0.412382 -0.148163 0.068698
1.820807 0.344798 0.005358 0.034268 0.887038 0.426366 -0.143215 0.104241
1.822835 0.344798 0.005358 0.034156 0.872426 0.441632 -0.142260 0.153609
1.824862 0.344798 0.005358 0.034156 0.864397 0.446185 -0.137353 0.186738
1.826890 0.344798 0.005469 0.034156 0.847549 0.461604 -0.124793 0.230239
1.828917 0.344798 0.005469 0.034156 0.831288 0.475334 -0.116238 0.263640
1.830945 0.344686 0.005469 0.034156 0.806784 0.490888 -0.110869 0.309574
1.832973 0.344686 0.005469 0.034156 0.786970 0.504143 -0.100298 0.341260
1.835000 0.344574 0.005469 0.034044 0.765736 0.517015 -0.088858 0.372086
1.837028 0.344574 0.005469 0.034044 0.747489 0.528582 -0.082379 0.393796
1.839056 0.344574 0.005469 0.034044 0.723845 0.540681 -0.069391 0.422962
1.841083 0.344463 0.005469 0.034044 0.704915 0.544546 -0.060544 0.450444
1.843111 0.344351 0.005469 0.034156 0.688810 0.553345 -0.043445 0.466328
1.845138 0.344351 0.005469 0.034156 0.667375 0.563678 -0.034818 0.485454
1.847166 0.344239 0.005469 0.034156 0.650309 0.571486 -0.016931 0.500216
1.849194 0.344128 0.005469 0.034156 0.639162 0.571720 -0.004371 0.514383
1.851221 0.344128 0.005469 0.034156 0.628272 0.574183 -0.006754 0.524922
1.853249 0.344016 0.005469 0.034268 0.616588 0.574192 0.005863 0.538599
1.855277 0.344016 0.005469 0.034268 0.615947 0.571360 0.020750 0.541965
1.857304 0.343905 0.005358 0.034268 0.609956 0.571098 0.027025 0.548700
1.859332 0.343905 0.005358 0.034379 0.610125 0.564097 0.027195 0.555700
1.861359 0.343793 0.005358 0.034379 0.603983 0.563764 0.033390 0.562369
1.863387 0.343793 0.005358 0.034379 0.597768 0.563364 0.039582 0.568971
1.865415 0.343681 0.005358 0.034379 0.597630 0.556363 0.039443 0.575972
1.867442 0.343681 0.005358 0.034379 0.591266 0.555896 0.045553 0.582502
1.869470 0.343570 0.005246 0.034379 0.590897 0.548903 0.045184 0.589495
1.871498 0.343570 0.005246 0.034379 0.578327 0.545208 0.042228 0.605395
1.873525 0.343570 0.005135 0.034379 0.577591 0.538398 0.041492 0.612205
1.875553 0.343458 0.005135 0.034379 0.564001 0.537356 0.053311 0.624748
1.877580 0.343458 0.005135 0.034379 0.555994 0.529979 0.058102 0.637665
1.879608 0.343346 0.005023 0.034268 0.529061 0.532367 0.067468 0.657364
1.881636 0.343346 0.005023 0.034268 0.512902 0.524252 0.077559 0.675334
1.883663 0.343235 0.004911 0.034268 0.490403 0.521167 0.079400 0.693964
1.885691 0.343123 0.004911 0.034156 0.472934 0.513103 0.088728 0.710765
1.887719 0.343123 0.004800 0.034156 0.441156 0.509653 0.095757 0.732439
1.889746 0.343012 0.004688 0.034156 0.408553 0.504954 0.118054 0.751112
1.891774 0.342900 0.004688 0.034156 0.374976 0.501578 0.124808 0.769568
1.893801 0.342788 0.004576 0.034044 0.340806 0.495611 0.146722 0.785298
1.895829 0.342788 0.004576 0.034044 0.297176 0.486808 0.173712 0.802825
1.897857 0.342677 0.004576 0.034044 0.261620 0.478706 0.194930 0.815106
1.899884 0.342565 0.004465 0.034044 0.231060 0.462068 0.221321 0.827116
1.901912 0.342454 0.004465 0.034156 0.189524 0.454009 0.250582 0.833766
1.903940 0.342342 0.004465 0.034156 0.167399 0.437495 0.270340 0.841126
1.905967 0.342342 0.004353 0.034156 0.149618 0.424950 0.293890 0.843007
1.907995 0.342230 0.004353 0.034268 0.131984 0.411603 0.316973 0.844210
1.910022 0.342230 0.004465 0.034268 0.105237 0.393719 0.343907 0.845954
1.912050 0.342119 0.004465 0.034379 0.093572 0.370128 0.369798 0.847053
1.914078 0.342119 0.004465 0.034379 0.087692 0.350922 0.400100 0.842071
1.916105 0.342119 0.004576 0.034491 0.080437 0.338863 0.416873 0.839595
1.918133 0.342007 0.004576 0.034491 0.073418 0.326525 0.433350 0.836779
1.920161 0.342007 0.004576 0.034603 0.072594 0.305367 0.452905 0.834481
1.922188 0.342007 0.004688 0.034603 0.066148 0.292494 0.468622 0.830942
1.924216 0.342007 0.004688 0.034714 0.059962 0.279376 0.484013 0.827094
1.926243 0.342007 0.004688 0.034714 0.051121 0.266601 0.508081 0.817413
1.928271 0.342007 0.004800 0.034714 0.045631 0.252965 0.522745 0.812813
1.930299 0.342007 0.004800 0.034714 0.033980 0.247595 0.534395 0.807443
1.932326 0.342007 0.004800 0.034826 0.028983 0.233537 0.548497 0.802354
1.934354 0.342007 0.004800 0.034826 0.020167 0.227497 0.551030 0.802624
1.936382 0.342007 0.004911 0.034826 0.015526 0.213099 0.564608 0.797224
1.938409 0.342007 0.004911 0.034826 0.006767 0.206883 0.566915 0.797346
1.940437 0.341895 0.004911 0.034826 -0.012888 0.194248 0.580048 0.790978
1.942464 0.341895 0.004911 0.034826 -0.023640 0.187615 0.590800 0.784345
1.944492 0.341895 0.004911 0.034714 -0.040867 0.174590 0.594779 0.783637
1.946520 0.341895 0.004911 0.034714 -0.059845 0.160832 0.607032 0.775927
1.948547 0.341895 0.004911 0.034714 -0.085377 0.154955 0.617450 0.766457
1.950575 0.341895 0.004911 0.034714 -0.102197 0.141351 0.620705 0.764396
1.952603 0.341895 0.004911 0.034714 -0.135533 0.127743 0.632270 0.752028
1.954630 0.341784 0.004911 0.034603 -0.152023 0.113820 0.634924 0.748869
1.956658 0.341784 0.005023 0.034603 -0.177628 0.090890 0.646459 0.736395
1.958685 0.341672 0.005023 0.034603 -0.209418 0.075550 0.656618 0.720618
1.960713 0.341672 0.005023 0.034603 -0.240477 0.059471 0.666243 0.703388
1.962741 0.341672 0.005023 0.034491 -0.270252 0.045648 0.667724 0.692116
1.964768 0.341561 0.005023 0.034491 -0.300128 0.025192 0.683707 0.664706
1.966796 0.341561 0.005023 0.034491 -0.321878 -0.000888 0.691314 0.646899
1.968824 0.341449 0.005023 0.034491 -0.342740 -0.027436 0.697854 0.628312
1.970851 0.341449 0.005023 0.034491 -0.375934 -0.054369 0.703326 0.600875
1.972879 0.341449 0.005023 0.034379 -0.394655 -0.081857 0.707571 0.580422
1.974906 0.341449 0.005023 0.034379 -0.417657 -0.106690 0.717715 0.546869
1.976934 0.341449 0.005135 0.034379 -0.433993 -0.135059 0.719620 0.524934
1.978962 0.341449 0.005135 0.034379 -0.455574 -0.156340 0.721572 0.497338
1.980989 0.341449 0.005135 0.034379 -0.469709 -0.185205 0.721281 0.474160
1.983017 0.341449 0.005135 0.034491 -0.482755 -0.214189 0.719779 0.450543
1.985045 0.341449 0.005023 0.034491 -0.491432 -0.244811 0.710511 0.440154
1.987072 0.341561 0.005023 0.034491 -0.498093 -0.265851 0.709634 0.421480
1.989100 0.341561 0.005023 0.034491 -0.507233 -0.281378 0.703622 0.410435
1.991127 0.341561 0.005023 0.034491 -0.516129 -0.296769 0.697270 0.399191
1.993155 0.341561 0.004911 0.034603 -0.524775 -0.312017 0.690581 0.387755
1.995183 0.341561 0.004911 0.034603 -0.529003 -0.319585 0.687112 0.381967
1.997210 0.341561 0.004911 0.034603 -0.533167 -0.327115 0.683559 0.376132
1.999238 0.341561 0.004800 0.034603 -0.538481 -0.320395 0.686067 0.369727
2.001265 0.341561 0.004800 0.034603 -0.538875 -0.333853 0.686461 0.356269
2.003293 0.341561 0.004800 0.034603 -0.538875 -0.333853 0.686461 0.356269
2.005321 0.341561 0.004800 0.034603 -0.538875 -0.333853 0.686461 0.356269
2.007348 0.341561 0.004688 0.034603 -0.538875 -0.333853 0.686461 0.356269
2.009376 0.341449 0.004688 0.034603 -0.535175 -0.339753 0.690333 0.348706
2.011404 0.341449 0.004688 0.034603 -0.527631 -0.337965 0.697878 0.346918
2.013431 0.341337 0.004688 0.034603 -0.529426 -0.337220 0.703785 0.332681
2.015459 0.341337 0.004800 0.034603 -0.529426 -0.337220 0.703785 0.332681
2.017486 0.341226 0.004800 0.034603 -0.522088 -0.335224 0.711123 0.330685
2.019514 0.341226 0.004800 0.034603 -0.524066 -0.334479 0.716551 0.316281
2.021542 0.341114 0.004800 0.034491 -0.516940 -0.332286 0.723677 0.314088
2.023569 0.341114 0.004800 0.034491 -0.509515 -0.343563 0.730403 0.298112
2.025597 0.341002 0.004800 0.034491 -0.508547 -0.334781 0.738746 0.289060
2.027625 0.341002 0.004800 0.034491 -0.510900 -0.334095 0.743037 0.274330
2.029652 0.340891 0.004800 0.034379 -0.509574 -0.339080 0.749809 0.251287
2.031680 0.340891 0.004800 0.034379 -0.511961 -0.338525 0.753285 0.236344
2.033707 0.340779 0.004800 0.034379 -0.511898 -0.329692 0.760099 0.226965
2.035735 0.340668 0.004800 0.034268 -0.514473 -0.329211 0.762910 0.211911
2.037763 0.340668 0.004800 0.034268 -0.520639 -0.323087 0.763181 0.205196
2.039790 0.340556 0.004800 0.034156 -0.523229 -0.322691 0.765494 0.190057
2.041818 0.340556 0.004688 0.034156 -0.525826 -0.322352 0.767474 0.174871
2.043846 0.340444 0.004688 0.034156 -0.531937 -0.316246 0.767319 0.168086
2.045873 0.340444 0.004688 0.034044 -0.534544 -0.315993 0.768798 0.152843
2.047901 0.340333 0.004576 0.034044 -0.540594 -0.309877 0.768383 0.146022
2.049928 0.340333 0.004576 0.034044 -0.546578 -0.303724 0.767875 0.139183
2.051956 0.340221 0.004465 0.034044 -0.545016 -0.295270 0.771166 0.145179
2.053984 0.340221 0.004465 0.034044 -0.551009 -0.289087 0.770498 0.138389
2.056011 0.340221 0.004465 0.034044 -0.552408 -0.280481 0.774264 0.129195
2.058039 0.340221 0.004353 0.034044 -0.557031 -0.265793 0.776234 0.128574
2.060067 0.340221 0.004353 0.033933 -0.552725 -0.263337 0.780540 0.126119
2.062094 0.340109 0.004353 0.033933 -0.557528 -0.248643 0.782020 0.125635
2.064122 0.340109 0.004353 0.033933 -0.559737 -0.240085 0.784505 0.116645
2.066149 0.340109 0.004353 0.033933 -0.558421 -0.231452 0.787095 0.122788
2.068177 0.340109 0.004353 0.033933 -0.560990 -0.222930 0.789062 0.113899
2.070205 0.340109 0.004353 0.033933 -0.562628 -0.205784 0.792917 0.111287
2.072232 0.340109 0.004353 0.033933 -0.565804 -0.197412 0.793954 0.102621
2.074260 0.340109 0.004353 0.033933 -0.566145 -0.186633 0.797662 0.091560
2.076288 0.339998 0.004353 0.033933 -0.569996 -0.178518 0.797696 0.083174
2.078315 0.339998 0.004353 0.033821 -0.574082 -0.170535 0.797328 0.074932
2.080343 0.339998 0.004465 0.033821 -0.575903 -0.160272 0.799061 0.064421
2.082370 0.339886 0.004465 0.033821 -0.578903 -0.159021 0.798311 0.047797
2.084398 0.339775 0.004465 0.033821 -0.583909 -0.151626 0.796523 0.040142
2.086426 0.339775 0.004576 0.033821 -0.579799 -0.146863 0.800632 0.035379
2.088453 0.339663 0.004576 0.033821 -0.582116 -0.152647 0.798579 0.010548
2.090481 0.339551 0.004576 0.033821 -0.586366 -0.143640 0.797208 0.001244
2.092509 0.339440 0.004688 0.033821 -0.583285 -0.138938 0.800289 -0.003458
2.094536 0.339328 0.004688 0.033821 -0.578683 -0.149288 0.801429 -0.023472
2.096564 0.339216 0.004688 0.033933 -0.576027 -0.144335 0.804085 -0.028425
2.098591 0.338993 0.004688 0.033933 -0.571526 -0.154410 0.804457 -0.048631
2.100619 0.338882 0.004688 0.033933 -0.569315 -0.149242 0.806668 -0.053798
2.102647 0.338770 0.004688 0.033933 -0.575896 -0.141643 0.802784 -0.061796
2.104674 0.338770 0.004688 0.034044 -0.572716 -0.142921 0.803646 -0.075651
2.106702 0.338658 0.004688 0.034044 -0.570429 -0.146652 0.803449 -0.087028
2.108730 0.338547 0.004688 0.034044 -0.567642 -0.147750 0.803585 -0.101010
2.110757 0.338547 0.004688 0.034044 -0.566730 -0.142544 0.804498 -0.106215
2.112785 0.338547 0.004688 0.034156 -0.564788 -0.146142 0.803624 -0.117667
2.114812 0.338435 0.004688 0.034156 -0.571781 -0.149308 0.796157 -0.130031
2.116840 0.338435 0.004688 0.034156 -0.571596 -0.146840 0.796342 -0.132498
2.118868 0.338435 0.004576 0.034156 -0.578686 -0.150655 0.788437 -0.144199
2.120895 0.338324 0.004576 0.034156 -0.587414 -0.148516 0.781880 -0.146806
2.122923 0.338324 0.004576 0.034156 -0.585747 -0.154961 0.780220 -0.155387
2.124951 0.338324 0.004576 0.034156 -0.594474 -0.153238 0.773494 -0.157564
2.126978 0.338324 0.004465 0.034156 -0.601376 -0.160249 0.764925 -0.166000
2.129006 0.338212 0.004465 0.034156 -0.608123 -0.167410 0.756173 -0.174246
2.131033 0.338100 0.004465 0.034156 -0.616594 -0.167954 0.749200 -0.174077
2.133061 0.338100 0.004465 0.034156 -0.621064 -0.183455 0.738210 -0.188864
2.135089 0.337989 0.004353 0.034156 -0.629381 -0.183971 0.731054 -0.188665
2.137116 0.337877 0.004353 0.034156 -0.645786 -0.184937 0.716477 -0.188201
2.139144 0.337877 0.004353 0.034156 -0.653872 -0.185386 0.709058 -0.187934
2.141172 0.337765 0.004353 0.034156 -0.661880 -0.185813 0.701554 -0.187645
2.143199 0.337765 0.004353 0.034156 -0.677654 -0.186600 0.686292 -0.186999
2.145227 0.337654 0.004242 0.034156 -0.685419 -0.186959 0.678537 -0.186642
2.147254 0.337654 0.004242 0.034156 -0.700699 -0.187611 0.662781 -0.185860
2.149282 0.337542 0.004242 0.034156 -0.708213 -0.187903 0.654782 -0.185436
2.151310 0.337542 0.004242 0.034156 -0.722984 -0.188418 0.638550 -0.184520
2.153337 0.337542 0.004242 0.034156 -0.730239 -0.188642 0.630317 -0.184028
2.155365 0.337542 0.004242 0.034156 -0.739377 -0.181997 0.624045 -0.175402
2.157393 0.337542 0.004242 0.034156 -0.753429 -0.182516 0.607209 -0.174154
2.159420 0.337431 0.004242 0.034156 -0.762180 -0.176154 0.600651 -0.165135
2.161448 0.337431 0.004242 0.034156 -0.768971 -0.176452 0.592053 -0.164384
2.163475 0.337431 0.004242 0.034156 -0.773680 -0.185240 0.581550 -0.170012
2.165503 0.337431 0.004242 0.034156 -0.782092 -0.179264 0.574824 -0.160543
2.167531 0.337431 0.004353 0.034156 -0.782092 -0.179264 0.574824 -0.160543
2.169558 0.337431 0.004353 0.034156 -0.790294 -0.173438 0.567967 -0.150891
2.171586 0.337431 0.004353 0.034156 -0.796684 -0.173916 0.559107 -0.149823
2.173614 0.337431 0.004353 0.034156 -0.798282 -0.167763 0.560984 -0.141062
2.175641 0.337319 0.004353 0.034156 -0.804563 -0.168319 0.552062 -0.139906
2.177669 0.337319 0.004465 0.034156 -0.808844 -0.177751 0.541517 -0.144692
2.179696 0.337319 0.004465 0.034156 -0.808844 -0.177751 0.541517 -0.144692
2.181724 0.337207 0.004465 0.034044 -0.814924 -0.178332 0.532477 -0.143404
2.183752 0.337207 0.004465 0.034044 -0.820466 -0.182156 0.523812 -0.138834
2.185779 0.337207 0.004576 0.034044 -0.820466 -0.182156 0.523812 -0.138834
2.187807 0.337207 0.004576 0.034044 -0.826327 -0.182860 0.514667 -0.137346
2.189835 0.337096 0.004576 0.034044 -0.832088 -0.183541 0.505459 -0.135842
2.191862 0.337096 0.004576 0.033933 -0.832088 -0.183541 0.505459 -0.135842
2.193890 0.337096 0.004576 0.033933 -0.835675 -0.193393 0.494685 -0.139764
2.195917 0.336984 0.004688 0.033933 -0.837160 -0.187947 0.496780 -0.130575
2.197945 0.336984 0.004688 0.033933 -0.835044 -0.197133 0.495315 -0.136024
2.199973 0.336984 0.004688 0.033933 -0.840569 -0.197994 0.486032 -0.134222
2.202000 0.336984 0.004688 0.033933 -0.840569 -0.197994 0.486032 -0.134222
2.204028 0.336984 0.004688 0.033933 -0.838343 -0.207217 0.484528 -0.139553
2.206056 0.336984 0.004800 0.033933 -0.839826 -0.201881 0.486775 -0.130335
2.208083 0.336984 0.004800 0.033933 -0.839826 -0.201881 0.486775 -0.130335
2.210111 0.336984 0.004800 0.033933 -0.837557 -0.211095 0.485314 -0.135675
2.212138 0.336984 0.004800 0.033933 -0.837557 -0.211095 0.485314 -0.135675
2.214166 0.336984 0.004800 0.033933 -0.833538 -0.204566 0.496821 -0.128592
2.216194 0.336984 0.004800 0.033933 -0.833538 -0.204566 0.496821 -0.128592
2.218221 0.336984 0.004800 0.033933 -0.831240 -0.213711 0.495379 -0.134042
2.220249 0.336984 0.004911 0.033933 -0.831240 -0.213711 0.495379 -0.134042
2.222277 0.336984 0.004911 0.033933 -0.831240 -0.213711 0.495379 -0.134042
2.224304 0.336984 0.004911 0.033933 -0.832663 -0.208255 0.497697 -0.124902
2.226332 0.336984 0.004911 0.033933 -0.830325 -0.217391 0.496294 -0.130362
2.228359 0.336984 0.004911 0.033933 -0.830325 -0.217391 0.496294 -0.130362
2.230387 0.336984 0.004911 0.033933 -0.830325 -0.217391 0.496294 -0.130362
2.232415 0.336984 0.004911 0.033933 -0.830325 -0.217391 0.496294 -0.130362
2.234442 0.336984 0.004911 0.033933 -0.827886 -0.226499 0.494832 -0.135806
2.236470 0.336984 0.004911 0.033933 -0.822396 -0.225007 0.503900 -0.138279
2.238498 0.336984 0.005023 0.033933 -0.822396 -0.225007 0.503900 -0.138279
2.240525 0.336984 0.005023 0.033933 -0.822396 -0.225007 0.503900 -0.138279
2.242553 0.336984 0.005023 0.033933 -0.822396 -0.225007 0.503900 -0.138279
2.244580 0.336984 0.005023 0.033933 -0.822396 -0.225007 0.503900 -0.138279
2.246608 0.336984 0.005023 0.033933 -0.819875 -0.234029 0.502350 -0.143806
2.248636 0.336984 0.005023 0.033933 -0.819875 -0.234029 0.502350 -0.143806
2.250663 0.336872 0.005023 0.033933 -0.819875 -0.234029 0.502350 -0.143806
2.252691 0.336872 0.005023 0.033933 -0.819875 -0.234029 0.502350 -0.143806
2.254719 0.336872 0.005023 0.033933 -0.819875 -0.234029 0.502350 -0.143806
2.256746 0.336872 0.005023 0.033933 -0.819875 -0.234029 0.502350 -0.143806
2.258774 0.336872 0.005023 0.033933 -0.819875 -0.234029 0.502350 -0.143806
2.260801 0.336872 0.005023 0.033933 -0.819875 -0.234029 0.502350 -0.143806
2.262829 0.336872 0.005023 0.033933 -0.819875 -0.234029 0.502350 -0.143806
2.264857 0.336872 0.005023 0.033933 -0.821405 -0.228496 0.504891 -0.134790
2.266884 0.336872 0.005023 0.033933 -0.821405 -0.228496 0.504891 -0.134790
2.268912 0.336872 0.005023 0.033933 -0.821405 -0.228496 0.504891 -0.134790
2.270940 0.336872 0.005023 0.033933 -0.822836 -0.222935 0.507371 -0.125758
2.272967 0.336872 0.005023 0.033933 -0.822836 -0.222935 0.507371 -0.125758
2.274995 0.336872 0.005023 0.033933 -0.824168 -0.217348 0.509789 -0.116711
2.277022 0.336872 0.005023 0.033933 -0.824168 -0.217348 0.509789 -0.116711
2.279050 0.336872 0.005023 0.033933 -0.825401 -0.211734 0.512147 -0.107649
2.281078 0.336872 0.005023 0.033933 -0.825401 -0.211734 0.512147 -0.107649
2.283105 0.336872 0.005023 0.033933 -0.826534 -0.206095 0.514442 -0.098575
2.285133 0.336872 0.005023 0.033933 -0.831857 -0.208141 0.505501 -0.095707
2.287161 0.336872 0.005023 0.033933 -0.832859 -0.202575 0.507757 -0.086562
2.289188 0.336872 0.004911 0.033933 -0.833759 -0.196984 0.509952 -0.077407
2.291216 0.336872 0.004911 0.033933 -0.835873 -0.187813 0.510771 -0.071800
2.293243 0.336872 0.004911 0.033933 -0.836611 -0.182190 0.512804 -0.062612
2.295271 0.336872 0.004911 0.033933 -0.837249 -0.176545 0.514774 -0.053418
2.297299 0.336872 0.004911 0.033933 -0.837785 -0.170879 0.516683 -0.044216
2.299326 0.336872 0.004911 0.033933 -0.838220 -0.165193 0.518529 -0.035010
2.301354 0.336872 0.004911 0.033933 -0.839985 -0.155974 0.518882 -0.029311
2.303382 0.336872 0.004911 0.033933 -0.840256 -0.150264 0.520565 -0.020081
2.305409 0.336872 0.004911 0.033933 -0.840426 -0.144536 0.522184 -0.010849
2.307437 0.336872 0.004911 0.033933 -0.840494 -0.138790 0.523740 -0.001615
2.309464 0.336872 0.004911 0.033933 -0.840494 -0.138790 0.523740 -0.001615
2.311492 0.336872 0.004911 0.034044 -0.840461 -0.133028 0.525234 0.007619
2.313520 0.336872 0.004911 0.034044 -0.840327 -0.127250 0.526663 0.016852
2.315547 0.336872 0.004911 0.034044 -0.840327 -0.127250 0.526663 0.016852
2.317575 0.336872 0.004911 0.034044 -0.835321 -0.124250 0.535367 0.013553
2.319603 0.336872 0.004911 0.034044 -0.835121 -0.118361 0.536700 0.022729
2.321630 0.336872 0.004911 0.034044 -0.835121 -0.118361 0.536700 0.022729
2.323658 0.336872 0.005023 0.034044 -0.835121 -0.118361 0.536700 0.022729
2.325685 0.336872 0.005023 0.034044 -0.834821 -0.112457 0.537968 0.031903
2.327713 0.336872 0.005023 0.034044 -0.834821 -0.112457 0.537968 0.031903
2.329741 0.336872 0.005023 0.034044 -0.834821 -0.112457 0.537968 0.031903
2.331768 0.336872 0.004911 0.034044 -0.834821 -0.112457 0.537968 0.031903
2.333796 0.336984 0.004911 0.034044 -0.834420 -0.106541 0.539171 0.041072
2.335824 0.336984 0.004911 0.034044 -0.840471 -0.100598 0.530049 0.050360
2.337851 0.336984 0.004911 0.034044 -0.840471 -0.100598 0.530049 0.050360
2.339879 0.336984 0.004911 0.034044 -0.840471 -0.100598 0.530049 0.050360
2.341906 0.336984 0.004911 0.033933 -0.839867 -0.094769 0.531123 0.059591
2.343934 0.336984 0.004911 0.033933 -0.839867 -0.094769 0.531123 0.059591
2.345962 0.336984 0.004911 0.033933 -0.844659 -0.098083 0.522457 0.063005
2.347989 0.336984 0.004911 0.033933 -0.844659 -0.098083 0.522457 0.063005
2.350017 0.337096 0.004911 0.033933 -0.843916 -0.092338 0.523503 0.072280
2.352045 0.337096 0.004911 0.033933 -0.843916 -0.092338 0.523503 0.072280
2.354072 0.337096 0.004911 0.033933 -0.843071 -0.086581 0.524486 0.081547
2.356100 0.337096 0.004911 0.033933 -0.843071 -0.086581 0.524486 0.081547
2.358127 0.337096 0.004911 0.033933 -0.847576 -0.075095 0.515722 0.100035
2.360155 0.337096 0.004911 0.033933 -0.847576 -0.075095 0.515722 0.100035
2.362183 0.337096 0.004911 0.033933 -0.846425 -0.069425 0.516516 0.109341
2.364210 0.337096 0.004911 0.034044 -0.841245 -0.050780 0.524526 0.120838
2.366238 0.337207 0.004911 0.034044 -0.841245 -0.050780 0.524526 0.120838
2.368266 0.337207 0.004800 0.034044 -0.839866 -0.045014 0.525052 0.130073
2.370293 0.337096 0.004800 0.034044 -0.838767 -0.030030 0.523953 0.145057
2.372321 0.337096 0.004800 0.034044 -0.837123 -0.024272 0.524251 0.154263
2.374348 0.337096 0.004800 0.034044 -0.837123 -0.024272 0.524251 0.154263
2.376376 0.337096 0.004800 0.034044 -0.835531 -0.009333 0.522659 0.169202
2.378404 0.337096 0.004800 0.034044 -0.833621 -0.003590 0.522730 0.178371
2.380431 0.337096 0.004688 0.034044 -0.831611 0.002153 0.522738 0.187519
2.382459 0.337096 0.004688 0.034044 -0.829501 0.007895 0.522682 0.196644
2.384487 0.337096 0.004688 0.034044 -0.827291 0.013637 0.522564 0.205745
2.386514 0.337096 0.004688 0.034044 -0.824980 0.019377 0.522383 0.214821
2.388542 0.337096 0.004688 0.034044 -0.824980 0.019377 0.522383 0.214821
2.390569 0.337096 0.004688 0.034044 -0.822571 0.025115 0.522138 0.223872
2.392597 0.337096 0.004688 0.034044 -0.820061 0.030850 0.521831 0.232895
2.394625 0.337096 0.004688 0.034044 -0.817453 0.036581 0.521460 0.241890
2.396652 0.337096 0.004800 0.034044 -0.818890 0.037532 0.512938 0.254766
2.398680 0.337096 0.004800 0.034044 -0.816042 0.043165 0.512494 0.263747
2.400708 0.337096 0.004800 0.034044 -0.813582 0.039857 0.514954 0.267055
2.402735 0.337096 0.004800 0.034044 -0.810599 0.045512 0.514485 0.275977
2.404763 0.337096 0.004800 0.034044 -0.803607 0.056331 0.521781 0.280691
2.406790 0.337096 0.004800 0.034044 -0.800475 0.062060 0.521130 0.289503
2.408818 0.337096 0.004800 0.034044 -0.797246 0.067781 0.520417 0.298280
2.410846 0.337096 0.004800 0.034044 -0.790054 0.078911 0.527230 0.302682
2.412873 0.337096 0.004800 0.034044 -0.790054 0.078911 0.527230 0.302682
2.414901 0.337096 0.004800 0.034156 -0.786681 0.084698 0.526331 0.311344
2.416929 0.337096 0.004800 0.034156 -0.784160 0.081865 0.528853 0.314176
2.418956 0.337096 0.004800 0.034156 -0.784160 0.081865 0.528853 0.314176
2.420984 0.336984 0.004800 0.034156 -0.776907 0.093364 0.535214 0.318189
2.423011 0.336984 0.004800 0.034156 -0.775834 0.101893 0.531687 0.324050
2.425039 0.336984 0.004800 0.034156 -0.772227 0.107728 0.530535 0.332554
2.427067 0.336984 0.004800 0.034156 -0.772227 0.107728 0.530535 0.332554
2.429094 0.336984 0.004800 0.034156 -0.768527 0.113550 0.529319 0.341018
2.431122 0.336984 0.004800 0.034156 -0.768527 0.113550 0.529319 0.341018
2.433150 0.336984 0.004800 0.034156 -0.768400 0.113468 0.520887 0.354066
2.435177 0.336984 0.004800 0.034156 -0.768400 0.113468 0.520887 0.354066
2.437205 0.336984 0.004800 0.034156 -0.764464 0.119184 0.519609 0.362486
2.439232 0.336984 0.004800 0.034156 -0.764464 0.119184 0.519609 0.362486
2.441260 0.336984 0.004800 0.034156 -0.764464 0.119184 0.519609 0.362486
2.443288 0.336984 0.004800 0.034156 -0.760436 0.124885 0.518268 0.370863
2.445315 0.336984 0.004800 0.034156 -0.759735 0.124432 0.509848 0.383893
2.447343 0.336984 0.004800 0.034156 -0.759735 0.124432 0.509848 0.383893
2.449371 0.336984 0.004800 0.034156 -0.755472 0.130026 0.508450 0.392217
2.451398 0.337096 0.004800 0.034156 -0.751117 0.135604 0.506991 0.400493
2.453426 0.337096 0.004800 0.034156 -0.749845 0.134782 0.498598 0.413480
2.455453 0.337096 0.004800 0.034156 -0.749845 0.134782 0.498598 0.413480
2.457481 0.337096 0.004800 0.034156 -0.745258 0.140252 0.497087 0.421692
2.459509 0.337207 0.004800 0.034156 -0.738934 0.153832 0.490764 0.435272
2.461536 0.337207 0.004800 0.034156 -0.734108 0.159214 0.489045 0.443364
2.463564 0.337207 0.004800 0.034156 -0.729193 0.164577 0.487266 0.451402
2.465592 0.337207 0.004800 0.034044 -0.727083 0.163181 0.478805 0.464185
2.467619 0.337319 0.004800 0.034044 -0.721940 0.168431 0.476983 0.472145
2.469647 0.337319 0.004800 0.034044 -0.716709 0.173661 0.475104 0.480048
2.471674 0.337319 0.004800 0.034044 -0.711392 0.178870 0.473168 0.487893
2.473702 0.337319 0.004800 0.034044 -0.708584 0.177011 0.464796 0.500540
2.475730 0.337319 0.004800 0.034044 -0.703042 0.182107 0.462823 0.508295
2.477757 0.337319 0.004800 0.034044 -0.699819 0.179973 0.454517 0.520843
2.479785 0.337207 0.004800 0.033933 -0.694055 0.184956 0.452513 0.528500
2.481813 0.337207 0.004800 0.033933 -0.692383 0.174954 0.450197 0.536021
2.483840 0.337207 0.004911 0.033933 -0.686453 0.179889 0.448248 0.543596
2.485868 0.337207 0.004911 0.033821 -0.682381 0.177258 0.440237 0.555993
2.487895 0.337096 0.004911 0.033821 -0.678191 0.174643 0.444426 0.558607
2.489923 0.337096 0.004911 0.033821 -0.673681 0.171798 0.436641 0.570950
2.491951 0.337096 0.004911 0.033821 -0.669267 0.169243 0.441054 0.573506
2.493978 0.336984 0.005023 0.033710 -0.666105 0.158889 0.439911 0.580979
2.496006 0.336984 0.005023 0.033710 -0.659682 0.163712 0.438138 0.588262
2.498034 0.336984 0.005023 0.033710 -0.654992 0.161330 0.442829 0.590645
2.500061 0.336872 0.005135 0.033710 -0.651134 0.150932 0.442280 0.598024
2.502089 0.336872 0.005135 0.033710 -0.643697 0.163958 0.445796 0.600031
2.504116 0.336872 0.005135 0.033710 -0.637066 0.168846 0.443968 0.607067
2.506144 0.336872 0.005135 0.033710 -0.632229 0.166777 0.448806 0.609135
2.508172 0.336872 0.005135 0.033821 -0.625498 0.171698 0.446946 0.616044
2.510199 0.336761 0.005135 0.033821 -0.618107 0.184979 0.449760 0.617610
2.512227 0.336761 0.005135 0.033821 -0.618107 0.184979 0.449760 0.617610
2.514255 0.336761 0.005135 0.033821 -0.610684 0.198320 0.452281 0.619013
2.516282 0.336761 0.005135 0.033821 -0.610684 0.198320 0.452281 0.619013
2.518310 0.336761 0.005135 0.033933 -0.603231 0.211712 0.454508 0.620252
2.520337 0.336761 0.005135 0.033933 -0.603231 0.211712 0.454508 0.620252
2.522365 0.336761 0.005135 0.033933 -0.602544 0.220122 0.458886 0.614745
2.524393 0.336761 0.005135 0.033933 -0.595753 0.225150 0.456440 0.621327
2.526420 0.336761 0.005135 0.033933 -0.595753 0.225150 0.456440 0.621327
2.528448 0.336761 0.005135 0.033933 -0.595054 0.233580 0.460671 0.615738
2.530476 0.336761 0.005135 0.033933 -0.595054 0.233580 0.460671 0.615738
2.532503 0.336761 0.005246 0.033933 -0.595054 0.233580 0.460671 0.615738
2.534531 0.336761 0.005246 0.033933 -0.588254 0.238627 0.458077 0.622238
2.536558 0.336761 0.005246 0.034044 -0.588254 0.238627 0.458077 0.622238
2.538586 0.336761 0.005246 0.034044 -0.590840 0.232150 0.464885 0.617168
2.540614 0.336761 0.005246 0.034044 -0.590840 0.232150 0.464885 0.617168
2.542641 0.336761 0.005246 0.034044 -0.590840 0.232150 0.464885 0.617168
2.544669 0.336761 0.005246 0.034044 -0.583471 0.245742 0.466233 0.617899
2.546697 0.336761 0.005246 0.034044 -0.583471 0.245742 0.466233 0.617899
2.548724 0.336761 0.005246 0.034044 -0.583471 0.245742 0.466233 0.617899
2.550752 0.336761 0.005246 0.034044 -0.583471 0.245742 0.466233 0.617899
2.552779 0.336761 0.005246 0.034044 -0.583471 0.245742 0.466233 0.617899
2.554807 0.336761 0.005246 0.034044 -0.576647 0.250849 0.463506 0.624272
2.556835 0.336761 0.005246 0.034044 -0.576647 0.250849 0.463506 0.624272
2.558862 0.336761 0.005246 0.034044 -0.576647 0.250849 0.463506 0.624272
2.560890 0.336761 0.005246 0.034044 -0.576647 0.250849 0.463506 0.624272
2.562918 0.336761 0.005246 0.034044 -0.569754 0.255926 0.460722 0.630569
2.564945 0.336761 0.005246 0.034044 -0.569754 0.255926 0.460722 0.630569
2.566973 0.336761 0.005135 0.034044 -0.569754 0.255926 0.460722 0.630569
2.569000 0.336761 0.005135 0.034044 -0.566908 0.262170 0.453766 0.635593
2.571028 0.336761 0.005135 0.034044 -0.566908 0.262170 0.453766 0.635593
2.573056 0.336761 0.005135 0.034044 -0.559891 0.267139 0.450859 0.641783
2.575083 0.336761 0.005135 0.034044 -0.560350 0.258520 0.447151 0.647480
2.577111 0.336761 0.005135 0.034044 -0.560350 0.258520 0.447151 0.647480
2.579139 0.336761 0.005135 0.034044 -0.560350 0.258520 0.447151 0.647480
2.581166 0.336761 0.005135 0.034044 -0.553203 0.263417 0.444284 0.653597
2.583194 0.336761 0.005135 0.033933 -0.556298 0.248630 0.447834 0.654340
2.585221 0.336761 0.005246 0.033933 -0.556298 0.248630 0.447834 0.654340
2.587249 0.336761 0.005246 0.033933 -0.549075 0.253535 0.445075 0.660412
2.589277 0.336872 0.005246 0.033933 -0.549075 0.253535 0.445075 0.660412
2.591304 0.336872 0.005246 0.033933 -0.541831 0.249607 0.438797 0.671991
2.593332 0.336872 0.005246 0.033933 -0.541831 0.249607 0.438797 0.671991
2.595360 0.336872 0.005246 0.033933 -0.541831 0.249607 0.438797 0.671991
2.597387 0.336872 0.005246 0.033933 -0.534416 0.254413 0.436029 0.677903
2.599415 0.336872 0.005246 0.033933 -0.526936 0.259188 0.433207 0.683733
2.601442 0.336872 0.005246 0.033933 -0.526936 0.259188 0.433207 0.683733
2.603470 0.336872 0.005358 0.033933 -0.519393 0.263932 0.430334 0.689481
2.605498 0.336984 0.005358 0.033933 -0.519393 0.263932 0.430334 0.689481
2.607525 0.336984 0.005358 0.033933 -0.511787 0.268643 0.427408 0.695145
2.609553 0.336984 0.005358 0.034044 -0.508805 0.274250 0.419746 0.699799
2.611581 0.336984 0.005358 0.034044 -0.501086 0.278844 0.416707 0.705347
2.613608 0.336984 0.005358 0.034044 -0.497992 0.284333 0.408933 0.709882
2.615636 0.336984 0.005246 0.034044 -0.486961 0.294176 0.397902 0.719725
2.617663 0.336984 0.005246 0.034044 -0.483700 0.299508 0.389971 0.724053
2.619691 0.336984 0.005246 0.034044 -0.480493 0.295751 0.378766 0.733617
2.621719 0.336984 0.005246 0.034156 -0.469082 0.305066 0.367355 0.742932
2.623746 0.336984 0.005246 0.034156 -0.465702 0.310201 0.359171 0.746923
2.625774 0.336984 0.005246 0.034156 -0.459173 0.311244 0.339274 0.759724
2.627802 0.336984 0.005135 0.034268 -0.444260 0.315600 0.315504 0.776844
2.629829 0.336984 0.005135 0.034268 -0.437219 0.325285 0.298360 0.783589
2.631857 0.336984 0.005135 0.034268 -0.422052 0.328649 0.273782 0.799316
2.633884 0.336872 0.005135 0.034379 -0.412036 0.333137 0.243517 0.812370
2.635912 0.336872 0.005135 0.034379 -0.396762 0.335268 0.218039 0.826217
2.637940 0.336872 0.005135 0.034491 -0.390608 0.334591 0.195917 0.834920
2.639967 0.336872 0.005135 0.034603 -0.375345 0.335654 0.169822 0.847121
2.641995 0.336761 0.005135 0.034603 -0.365767 0.338483 0.137745 0.855962
2.644023 0.336761 0.005246 0.034603 -0.355954 0.324980 0.116504 0.868396
2.646050 0.336761 0.005246 0.034714 -0.350557 0.323256 0.093273 0.874022
2.648078 0.336649 0.005358 0.034714 -0.339208 0.318457 0.076001 0.881900
2.650105 0.336649 0.005358 0.034714 -0.337610 0.312616 0.062201 0.885676
2.652133 0.336649 0.005469 0.034714 -0.339489 0.303030 0.058086 0.888564
2.654161 0.336649 0.005469 0.034714 -0.338085 0.297139 0.044168 0.891884
2.656188 0.336538 0.005581 0.034603 -0.351685 0.277419 0.038899 0.893221
2.658216 0.336538 0.005581 0.034603 -0.350570 0.271627 0.024784 0.895938
2.660243 0.336538 0.005693 0.034491 -0.364220 0.252059 0.018948 0.896354
2.662271 0.336538 0.005693 0.034491 -0.379520 0.222840 0.008153 0.897909
2.664299 0.336538 0.005804 0.034379 -0.391113 0.213066 0.005970 0.895320
2.666326 0.336426 0.005804 0.034379 -0.407939 0.179510 0.003932 0.895180
2.668354 0.336426 0.005804 0.034268 -0.420661 0.160077 -0.003757 0.892976
2.670382 0.336426 0.005804 0.034156 -0.442929 0.140882 -0.010323 0.885359
2.672409 0.336426 0.005916 0.034044 -0.455180 0.121792 -0.019065 0.881825
2.674437 0.336426 0.005916 0.034044 -0.468269 0.093265 -0.033459 0.878013
2.676464 0.336314 0.005916 0.033933 -0.479893 0.074532 -0.043113 0.873092
2.678492 0.336314 0.005916 0.033933 -0.491814 0.050589 -0.043626 0.868134
2.680520 0.336314 0.005916 0.033933 -0.502644 0.032130 -0.054125 0.862199
2.682547 0.336203 0.005916 0.033821 -0.513154 0.013895 -0.065008 0.855718
2.684575 0.336203 0.005916 0.033821 -0.523331 -0.004102 -0.076265 0.848700
2.686603 0.336203 0.005916 0.033821 -0.532923 -0.012556 -0.082102 0.842078
2.688630 0.336091 0.005916 0.033821 -0.542367 -0.020880 -0.088122 0.835246
2.690658 0.336091 0.005916 0.033821 -0.542825 -0.024141 -0.103159 0.833137
2.692685 0.336091 0.005916 0.033933 -0.542825 -0.024141 -0.103159 0.833137
2.694713 0.336091 0.005804 0.033933 -0.542825 -0.024141 -0.103159 0.833137
2.696741 0.335979 0.005804 0.034044 -0.543057 -0.018176 -0.112305 0.831953
2.698768 0.335979 0.005804 0.034044 -0.543224 -0.012209 -0.121439 0.830669
2.700796 0.335979 0.005804 0.034156 -0.542761 -0.002996 -0.115599 0.831889
2.702824 0.335979 0.005693 0.034268 -0.542761 0.002967 -0.124731 0.830569
2.704851 0.335979 0.005693 0.034268 -0.532808 0.016723 -0.128211 0.836300
2.706879 0.335979 0.005693 0.034379 -0.531999 0.025984 -0.122469 0.837438
2.708906 0.335979 0.005693 0.034379 -0.531682 0.031827 -0.131662 0.836042
2.710934 0.335979 0.005693 0.034491 -0.530223 0.046903 -0.135106 0.835709
2.712962 0.335979 0.005581 0.034491 -0.521010 0.045416 -0.135613 0.841484
2.714989 0.335979 0.005581 0.034491 -0.520480 0.051137 -0.144850 0.839943
2.717017 0.335979 0.005581 0.034491 -0.519225 0.060418 -0.139214 0.841055
2.719045 0.335979 0.005581 0.034603 -0.509954 0.058885 -0.139870 0.846709
2.721072 0.335979 0.005581 0.034603 -0.509276 0.064484 -0.149163 0.845121
2.723100 0.335979 0.005581 0.034603 -0.509276 0.064484 -0.149163 0.845121
2.725127 0.335979 0.005581 0.034603 -0.510009 0.060763 -0.163946 0.842212
2.727155 0.335979 0.005581 0.034603 -0.500725 0.058958 -0.164604 0.847764
2.729183 0.335979 0.005581 0.034603 -0.501574 0.055093 -0.179278 0.844540
2.731210 0.335979 0.005581 0.034603 -0.501574 0.055093 -0.179278 0.844540
2.733238 0.335979 0.005581 0.034603 -0.493749 0.043692 -0.185118 0.848548
2.735266 0.335979 0.005581 0.034491 -0.495172 0.034259 -0.190342 0.846995
2.737293 0.335868 0.005581 0.034491 -0.486940 0.028024 -0.205137 0.848542
2.739321 0.335868 0.005581 0.034491 -0.488367 0.018543 -0.210190 0.846743
2.741348 0.335868 0.005581 0.034491 -0.478828 0.021494 -0.219730 0.849695
2.743376 0.335868 0.005581 0.034491 -0.470979 0.009503 -0.224750 0.852981
2.745404 0.335868 0.005581 0.034491 -0.472436 -0.000073 -0.229520 0.850955
2.747431 0.335868 0.005581 0.034491 -0.464483 -0.012223 -0.234142 0.853981
2.749459 0.335868 0.005581 0.034379 -0.456466 -0.024471 -0.238497 0.856831
2.751487 0.335868 0.005581 0.034379 -0.456466 -0.024471 -0.238497 0.856831
2.753514 0.335756 0.005581 0.034379 -0.448388 -0.036813 -0.242581 0.859504
2.755542 0.335756 0.005581 0.034379 -0.439325 -0.034651 -0.251643 0.861666
2.757569 0.335756 0.005581 0.034379 -0.440767 -0.044401 -0.255848 0.859241
2.759597 0.335645 0.005581 0.034379 -0.442155 -0.054145 -0.260022 0.856712
2.761625 0.335645 0.005693 0.034379 -0.432717 -0.056999 -0.259412 0.861518
2.763652 0.335533 0.005693 0.034379 -0.434081 -0.066781 -0.263447 0.858900
2.765680 0.335533 0.005693 0.034491 -0.434081 -0.066781 -0.263447 0.858900
2.767708 0.335533 0.005693 0.034491 -0.425960 -0.079490 -0.266593 0.860911
2.769735 0.335421 0.005693 0.034491 -0.425960 -0.079490 -0.266593 0.860911
2.771763 0.335421 0.005693 0.034491 -0.427250 -0.089298 -0.270457 0.858100
2.773790 0.335421 0.005804 0.034491 -0.428489 -0.099096 -0.274288 0.855186
2.775818 0.335310 0.005804 0.034491 -0.420287 -0.111930 -0.276873 0.856838
2.777846 0.335310 0.005804 0.034491 -0.421457 -0.121744 -0.280529 0.853731
2.779873 0.335310 0.005804 0.034491 -0.422575 -0.131542 -0.284152 0.850520
2.781901 0.335310 0.005916 0.034491 -0.412697 -0.149021 -0.276795 0.854903
2.783929 0.335310 0.005916 0.034491 -0.412697 -0.149021 -0.276795 0.854903
2.785956 0.335310 0.005916 0.034491 -0.404263 -0.161906 -0.278517 0.856030
2.787984 0.335310 0.005916 0.034491 -0.405196 -0.171739 -0.281859 0.852571
2.790011 0.335310 0.006028 0.034491 -0.395806 -0.174825 -0.279955 0.856971
2.792039 0.335421 0.006028 0.034603 -0.396730 -0.184674 -0.283155 0.853419
2.794067 0.335421 0.006028 0.034603 -0.395806 -0.174825 -0.279955 0.856971
2.796094 0.335421 0.006028 0.034603 -0.395806 -0.174825 -0.279955 0.856971
2.798122 0.335310 0.006028 0.034714 -0.386367 -0.177890 -0.278018 0.861268
2.800150 0.335310 0.006028 0.034714 -0.388298 -0.173635 -0.287463 0.858161
2.802177 0.335310 0.005916 0.034714 -0.388298 -0.173635 -0.287463 0.858161
2.804205 0.335310 0.005916 0.034714 -0.388298 -0.173635 -0.287463 0.858161
2.806232 0.335310 0.005916 0.034826 -0.390182 -0.169359 -0.296873 0.854951
2.808260 0.335198 0.005916 0.034826 -0.399551 -0.166087 -0.298716 0.850613
2.810288 0.335198 0.005804 0.034826 -0.401352 -0.161687 -0.308043 0.847280
2.812315 0.335087 0.005804 0.034826 -0.403104 -0.157268 -0.317333 0.843845
2.814343 0.335087 0.005804 0.034826 -0.404460 -0.167067 -0.320373 0.840156
2.816371 0.334975 0.005693 0.034826 -0.415437 -0.158982 -0.331351 0.832072
2.818398 0.334863 0.005693 0.034826 -0.416809 -0.168712 -0.334418 0.828234
2.820426 0.334752 0.005693 0.034826 -0.420066 -0.173818 -0.346480 0.820538
2.822453 0.334752 0.005693 0.034826 -0.430388 -0.179641 -0.351417 0.811789
2.824481 0.334640 0.005581 0.034826 -0.430388 -0.179641 -0.351417 0.811789
2.826509 0.334528 0.005581 0.034826 -0.440516 -0.185355 -0.356480 0.802814
2.828536 0.334417 0.005581 0.034826 -0.441698 -0.194918 -0.359548 0.798521
2.830564 0.334417 0.005581 0.034714 -0.441698 -0.194918 -0.359548 0.798521
2.832592 0.334305 0.005581 0.034714 -0.442826 -0.204458 -0.362572 0.794130
2.834619 0.334305 0.005581 0.034714 -0.443902 -0.213973 -0.365553 0.789644
2.836647 0.334194 0.005581 0.034714 -0.443902 -0.213973 -0.365553 0.789644
2.838674 0.334194 0.005581 0.034714 -0.450216 -0.214903 -0.359239 0.788714
2.840702 0.334082 0.005581 0.034714 -0.450216 -0.214903 -0.359239 0.788714
2.842730 0.334082 0.005581 0.034714 -0.450216 -0.214903 -0.359239 0.788714
2.844757 0.334082 0.005693 0.034826 -0.447828 -0.219836 -0.350552 0.792613
2.846785 0.333970 0.005693 0.034826 -0.447828 -0.219836 -0.350552 0.792613
2.848813 0.333970 0.005693 0.034826 -0.456509 -0.215972 -0.352946 0.787645
2.850840 0.333970 0.005693 0.034826 -0.455740 -0.206505 -0.349659 0.792083
2.852868 0.333970 0.005693 0.034826 -0.464415 -0.202652 -0.351906 0.787028
2.854895 0.333859 0.005804 0.034826 -0.473033 -0.198773 -0.354111 0.781879
2.856923 0.333859 0.005804 0.034826 -0.473033 -0.198773 -0.354111 0.781879
2.858951 0.333859 0.005804 0.034937 -0.481594 -0.194871 -0.356274 0.776635
2.860978 0.333747 0.005804 0.034937 -0.492165 -0.185549 -0.366845 0.767313
2.863006 0.333747 0.005804 0.034937 -0.500566 -0.181508 -0.368861 0.761860
2.865034 0.333747 0.005916 0.034937 -0.500566 -0.181508 -0.368861 0.761860
2.867061 0.333635 0.005916 0.034937 -0.511501 -0.181060 -0.382924 0.747632
2.869089 0.333635 0.005916 0.034826 -0.520248 -0.185995 -0.388749 0.737307
2.871116 0.333635 0.005916 0.034826 -0.530831 -0.184980 -0.402642 0.722413
2.873144 0.333524 0.005916 0.034826 -0.533415 -0.188191 -0.414311 0.713021
2.875172 0.333524 0.005916 0.034826 -0.533936 -0.197223 -0.418018 0.708009
2.877199 0.333412 0.005916 0.034826 -0.544696 -0.204556 -0.435194 0.687073
2.879227 0.333412 0.006028 0.034714 -0.545063 -0.213470 -0.438789 0.681764
2.881255 0.333301 0.006028 0.034714 -0.545364 -0.222358 -0.442330 0.676372
2.883282 0.333301 0.006028 0.034714 -0.553045 -0.235102 -0.451863 0.659309
2.885310 0.333301 0.006028 0.034714 -0.555732 -0.237778 -0.462493 0.648632
2.887337 0.333189 0.006028 0.034603 -0.555803 -0.246515 -0.465852 0.642881
2.889365 0.333189 0.006139 0.034603 -0.555807 -0.255222 -0.469155 0.637052
2.891393 0.333077 0.006139 0.034603 -0.558609 -0.257777 -0.479306 0.625918
2.893420 0.333077 0.006139 0.034603 -0.565350 -0.261106 -0.485327 0.613727
2.895448 0.332966 0.006139 0.034603 -0.565180 -0.269685 -0.488486 0.607637
2.897476 0.332966 0.006139 0.034491 -0.574478 -0.266519 -0.501123 0.589761
2.899503 0.332966 0.006139 0.034491 -0.577372 -0.260192 -0.507571 0.584220
2.901531 0.332854 0.006251 0.034491 -0.583498 -0.263052 -0.513489 0.571545
2.903558 0.332854 0.006251 0.034491 -0.592228 -0.259290 -0.525575 0.552997
2.905586 0.332742 0.006251 0.034491 -0.601016 -0.246913 -0.534363 0.540619
2.907614 0.332631 0.006251 0.034491 -0.606492 -0.249324 -0.540142 0.527497
2.909641 0.332631 0.006362 0.034491 -0.614404 -0.244872 -0.551589 0.508228
2.911669 0.332519 0.006362 0.034491 -0.621997 -0.240154 -0.562723 0.488660
2.913697 0.332408 0.006362 0.034491 -0.634373 -0.228863 -0.576085 0.461864
2.915724 0.332408 0.006474 0.034491 -0.643468 -0.224151 -0.584120 0.441033
2.917752 0.332296 0.006474 0.034491 -0.649662 -0.218534 -0.594366 0.420608
2.919779 0.332184 0.006474 0.034491 -0.654389 -0.220567 -0.607217 0.392953
2.921807 0.332073 0.006586 0.034379 -0.661520 -0.214957 -0.614968 0.371482
2.923835 0.331961 0.006586 0.034379 -0.664894 -0.216319 -0.627152 0.343223
2.925862 0.331961 0.006697 0.034491 -0.672808 -0.202734 -0.638249 0.314431
2.927890 0.331850 0.006697 0.034491 -0.676605 -0.195876 -0.646624 0.292774
2.929918 0.331850 0.006697 0.034491 -0.682042 -0.181371 -0.657547 0.263734
2.931945 0.331738 0.006697 0.034491 -0.686770 -0.166601 -0.662275 0.248964
2.933973 0.331626 0.006697 0.034491 -0.689374 -0.159283 -0.669301 0.226776
2.936000 0.331626 0.006697 0.034603 -0.689284 -0.159253 -0.674215 0.212037
2.938028 0.331515 0.006697 0.034603 -0.692617 -0.144071 -0.678711 0.197173
2.940056 0.331515 0.006697 0.034603 -0.694486 -0.136533 -0.684513 0.174613
2.942083 0.331403 0.006697 0.034603 -0.697318 -0.121241 -0.688185 0.159532
2.944111 0.331403 0.006586 0.034714 -0.701357 -0.098288 -0.692645 0.136676
2.946139 0.331291 0.006586 0.034714 -0.704639 -0.075209 -0.696349 0.113691
2.948166 0.331180 0.006474 0.034714 -0.706121 -0.059709 -0.698679 0.098364
2.950194 0.331180 0.006474 0.034714 -0.706920 -0.044136 -0.702672 0.067586
2.952221 0.331068 0.006474 0.034714 -0.708249 -0.020858 -0.704259 0.044353
2.954249 0.330957 0.006362 0.034714 -0.708795 -0.005333 -0.704805 0.028829
2.956277 0.330845 0.006362 0.034714 -0.707697 0.002556 -0.706488 0.005652
2.958304 0.330733 0.006251 0.034714 -0.707083 0.033621 -0.705874 -0.025413
2.960332 0.330622 0.006251 0.034603 -0.705134 0.041450 -0.706190 -0.048614
2.962360 0.330510 0.006251 0.034603 -0.702177 0.056969 -0.705249 -0.079538
2.964387 0.330398 0.006251 0.034603 -0.699294 0.064698 -0.704460 -0.102658
2.966415 0.330398 0.006139 0.034491 -0.695988 0.072370 -0.703249 -0.125717
2.968442 0.330287 0.006139 0.034491 -0.694565 0.080091 -0.702411 -0.133356
2.970470 0.330175 0.006139 0.034491 -0.692263 0.079972 -0.701616 -0.148700
2.972498 0.330175 0.006139 0.034379 -0.688120 0.087493 -0.699566 -0.171593
2.974525 0.330064 0.006139 0.034379 -0.686193 0.095173 -0.698562 -0.179142
2.976553 0.330064 0.006139 0.034379 -0.686193 0.095173 -0.698562 -0.179142
2.978581 0.330064 0.006251 0.034379 -0.684564 0.087405 -0.699193 -0.186712
2.980608 0.330064 0.006251 0.034379 -0.684564 0.087405 -0.699193 -0.186712
2.982636 0.330064 0.006251 0.034379 -0.684564 0.087405 -0.699193 -0.186712
2.984663 0.330064 0.006251 0.034379 -0.684184 0.102842 -0.697475 -0.186670
2.986691 0.330064 0.006251 0.034379 -0.684184 0.102842 -0.697475 -0.186670
2.988719 0.330064 0.006251 0.034379 -0.684184 0.102842 -0.697475 -0.186670
2.990746 0.330064 0.006362 0.034491 -0.685813 0.110590 -0.696674 -0.179096
2.992774 0.330064 0.006362 0.034491 -0.685813 0.110590 -0.696674 -0.179096
2.994802 0.330175 0.006362 0.034491 -0.687359 0.118325 -0.695790 -0.171500
2.996829 0.330175 0.006362 0.034491 -0.687359 0.118325 -0.695790 -0.171500
2.998857 0.330175 0.006362 0.034491 -0.687359 0.118325 -0.695790 -0.171500
3.000884 0.330175 0.006362 0.034603 -0.688823 0.126045 -0.694822 -0.163883
3.002912 0.330175 0.006362 0.034603 -0.688823 0.126045 -0.694822 -0.163883
3.004940 0.330175 0.006474 0.034603 -0.690203 0.133750 -0.693770 -0.156247
3.006967 0.330287 0.006474 0.034603 -0.690203 0.133750 -0.693770 -0.156247
3.008995 0.330287 0.006474 0.034603 -0.690203 0.133750 -0.693770 -0.156247
3.011023 0.330287 0.006474 0.034603 -0.688692 0.141325 -0.692012 -0.163859
3.013050 0.330287 0.006474 0.034603 -0.688692 0.141325 -0.692012 -0.163859
3.015078 0.330287 0.006474 0.034714 -0.688692 0.141325 -0.692012 -0.163859
3.017105 0.330287 0.006474 0.034714 -0.688692 0.141325 -0.692012 -0.163859
3.019133 0.330287 0.006474 0.034714 -0.688692 0.141325 -0.692012 -0.163859
3.021161 0.330287 0.006586 0.034714 -0.690203 0.133750 -0.693770 -0.156247
3.023188 0.330287 0.006586 0.034714 -0.690203 0.133750 -0.693770 -0.156247
3.025216 0.330287 0.006586 0.034714 -0.690203 0.133750 -0.693770 -0.156247
3.027244 0.330287 0.006586 0.034714 -0.690203 0.133750 -0.693770 -0.156247
3.029271 0.330287 0.006586 0.034714 -0.690203 0.133750 -0.693770 -0.156247
3.031299 0.330398 0.006586 0.034714 -0.690203 0.133750 -0.693770 -0.156247
3.033326 0.330398 0.006586 0.034714 -0.690203 0.133750 -0.693770 -0.156247
3.035354 0.330398 0.006697 0.034714 -0.691501 0.141440 -0.692634 -0.148591
3.037382 0.330398 0.006697 0.034714 -0.691501 0.141440 -0.692634 -0.148591
3.039409 0.330398 0.006697 0.034714 -0.691501 0.141440 -0.692634 -0.148591
3.041437 0.330398 0.006697 0.034714 -0.689826 0.149040 -0.691039 -0.156179
3.043465 0.330287 0.006697 0.034714 -0.688147 0.156610 -0.689281 -0.163762
3.045492 0.330287 0.006697 0.034714 -0.688147 0.156610 -0.689281 -0.163762
3.047520 0.330287 0.006697 0.034826 -0.687605 0.171831 -0.686216 -0.163652
3.049547 0.330287 0.006697 0.034826 -0.687605 0.171831 -0.686216 -0.163652
3.051575 0.330287 0.006697 0.034826 -0.685675 0.179375 -0.684376 -0.171181
3.053603 0.330287 0.006697 0.034826 -0.684969 0.194518 -0.680979 -0.171023
3.055630 0.330287 0.006697 0.034826 -0.684969 0.194518 -0.680979 -0.171023
3.057658 0.330287 0.006697 0.034826 -0.680788 0.209479 -0.676798 -0.185984
3.059686 0.330287 0.006697 0.034937 -0.680788 0.209479 -0.676798 -0.185984
3.061713 0.330287 0.006697 0.034937 -0.676280 0.224345 -0.672290 -0.200850
3.063741 0.330287 0.006697 0.034937 -0.676280 0.224345 -0.672290 -0.200850
3.065768 0.330287 0.006697 0.034937 -0.676280 0.224345 -0.672290 -0.200850
3.067796 0.330287 0.006697 0.034937 -0.673775 0.231762 -0.670043 -0.208224
3.069824 0.330287 0.006697 0.034937 -0.670229 0.231479 -0.668840 -0.223300
3.071851 0.330287 0.006697 0.034937 -0.670229 0.231479 -0.668840 -0.223300
3.073879 0.330287 0.006697 0.034937 -0.668931 0.223821 -0.670144 -0.230960
3.075907 0.330287 0.006697 0.034826 -0.668931 0.223821 -0.670144 -0.230960
3.077934 0.330287 0.006697 0.034826 -0.667553 0.216136 -0.671366 -0.238592
3.079962 0.330287 0.006697 0.034826 -0.666509 0.208359 -0.672092 -0.246261
3.081989 0.330287 0.006697 0.034826 -0.666509 0.208359 -0.672092 -0.246261
3.084017 0.330287 0.006697 0.034826 -0.665138 0.200596 -0.672984 -0.253861
3.086045 0.330287 0.006697 0.034826 -0.665138 0.200596 -0.672984 -0.253861
3.088072 0.330287 0.006809 0.034826 -0.668515 0.178062 -0.678623 -0.246683
3.090100 0.330287 0.006809 0.034826 -0.668515 0.178062 -0.678623 -0.246683
3.092128 0.330287 0.006809 0.034826 -0.668515 0.178062 -0.678623 -0.246683
3.094155 0.330287 0.006809 0.034714 -0.666981 0.170260 -0.679350 -0.254229
3.096183 0.330287 0.006809 0.034714 -0.666981 0.170260 -0.679350 -0.254229
3.098210 0.330287 0.006809 0.034714 -0.666981 0.170260 -0.679350 -0.254229
3.100238 0.330175 0.006809 0.034714 -0.669733 0.162786 -0.681179 -0.246886
3.102266 0.330175 0.006809 0.034714 -0.668201 0.154958 -0.681738 -0.254420
3.104293 0.330175 0.006809 0.034714 -0.668201 0.154958 -0.681738 -0.254420
3.106321 0.330175 0.006921 0.034714 -0.665366 0.162438 -0.679994 -0.261745
3.108349 0.330175 0.006921 0.034714 -0.665366 0.162438 -0.679994 -0.261745
3.110376 0.330064 0.006921 0.034714 -0.663670 0.154597 -0.680556 -0.269230
3.112404 0.330064 0.006921 0.034714 -0.665329 0.147296 -0.683473 -0.261737
3.114431 0.330064 0.006921 0.034714 -0.660470 0.146962 -0.682462 -0.276456
3.116459 0.329952 0.006921 0.034603 -0.659935 0.131869 -0.686105 -0.276327
3.118487 0.329952 0.007032 0.034603 -0.656860 0.139398 -0.684615 -0.283560
3.120514 0.329840 0.007032 0.034603 -0.655996 0.124361 -0.688419 -0.283342
3.122542 0.329840 0.007032 0.034603 -0.654802 0.109346 -0.692218 -0.283040
3.124570 0.329840 0.007032 0.034603 -0.651653 0.116944 -0.690975 -0.290216
3.126597 0.329729 0.007032 0.034603 -0.650134 0.102002 -0.694931 -0.289814
3.128625 0.329729 0.007144 0.034603 -0.651215 0.094854 -0.698073 -0.282162
3.130652 0.329617 0.007144 0.034603 -0.649205 0.079970 -0.702013 -0.281630
3.132680 0.329617 0.007144 0.034603 -0.650044 0.072832 -0.705065 -0.273900
3.134708 0.329617 0.007144 0.034603 -0.650805 0.065687 -0.708032 -0.266138
3.136735 0.329505 0.007144 0.034603 -0.653988 0.073343 -0.706992 -0.259005
3.138763 0.329505 0.007144 0.034714 -0.654754 0.066153 -0.709795 -0.251222
3.140791 0.329394 0.007032 0.034714 -0.658712 0.066533 -0.711230 -0.236272
3.142818 0.329394 0.007032 0.034714 -0.661268 0.058716 -0.711918 -0.229021
3.144846 0.329282 0.007032 0.034826 -0.665068 0.058996 -0.713027 -0.214000
3.146873 0.329171 0.007032 0.034826 -0.668874 0.059193 -0.713806 -0.198958
3.148901 0.329171 0.006921 0.034826 -0.672683 0.059307 -0.714255 -0.183902
3.150929 0.329059 0.006921 0.034826 -0.675188 0.044041 -0.716759 -0.168637
3.152956 0.328947 0.006921 0.034826 -0.675992 0.029196 -0.720291 -0.152848
3.154984 0.328836 0.006921 0.034826 -0.676471 0.014337 -0.723475 -0.136986
3.157012 0.328724 0.006809 0.034826 -0.672811 -0.015143 -0.729838 -0.120138
3.159039 0.328501 0.006809 0.034714 -0.668957 -0.052435 -0.735253 -0.095656
3.161067 0.328389 0.006809 0.034714 -0.657180 -0.080134 -0.743737 -0.092458
3.163094 0.328278 0.006697 0.034603 -0.643251 -0.122267 -0.752278 -0.073196
3.165122 0.328166 0.006697 0.034491 -0.626599 -0.163233 -0.760188 -0.053318
3.167150 0.328054 0.006697 0.034379 -0.599418 -0.223991 -0.768073 -0.024287
3.169177 0.327943 0.006697 0.034268 -0.570212 -0.267299 -0.776734 -0.009711
3.171205 0.327831 0.006586 0.034268 -0.534371 -0.314012 -0.784629 0.014211
3.173233 0.327831 0.006586 0.034156 -0.498515 -0.351720 -0.791745 0.030268
3.175260 0.327720 0.006474 0.034044 -0.467514 -0.382107 -0.795373 0.052976
3.177288 0.327720 0.006474 0.034044 -0.434618 -0.410237 -0.798142 0.076041
3.179315 0.327608 0.006474 0.034044 -0.408104 -0.432490 -0.797076 0.105233
3.181343 0.327496 0.006362 0.034044 -0.383993 -0.457658 -0.791334 0.129958
3.183371 0.327496 0.006251 0.034156 -0.368704 -0.470063 -0.786622 0.155964
3.185398 0.327385 0.006251 0.034156 -0.353013 -0.481958 -0.781055 0.181801
3.187426 0.327273 0.006251 0.034268 -0.344504 -0.481033 -0.782204 0.195144
3.189454 0.327161 0.006139 0.034268 -0.337028 -0.489907 -0.771544 0.226105
3.191481 0.327050 0.006139 0.034379 -0.337459 -0.486699 -0.767771 0.244486
3.193509 0.326938 0.006139 0.034491 -0.335313 -0.492082 -0.757976 0.266256
3.195536 0.326827 0.006139 0.034603 -0.327509 -0.491039 -0.757384 0.279264
3.197564 0.326715 0.006139 0.034603 -0.328642 -0.488340 -0.751917 0.296882
3.199592 0.326603 0.006139 0.034603 -0.317833 -0.495443 -0.745213 0.313331
3.201619 0.326492 0.006139 0.034714 -0.319359 -0.482488 -0.752508 0.314558
3.203647 0.326380 0.006139 0.034714 -0.312299 -0.481170 -0.750747 0.327604
3.205675 0.326380 0.006139 0.034714 -0.301639 -0.477033 -0.757281 0.328602
3.207702 0.326268 0.006139 0.034714 -0.300063 -0.472010 -0.758856 0.333625
3.209730 0.326157 0.006251 0.034714 -0.275100 -0.470616 -0.766343 0.339940
3.211757 0.326157 0.006251 0.034603 -0.269553 -0.462237 -0.776224 0.333399
3.213785 0.326157 0.006251 0.034603 -0.255162 -0.465080 -0.777216 0.338421
3.215813 0.326045 0.006251 0.034603 -0.235078 -0.458675 -0.787736 0.337382
3.217840 0.326045 0.006251 0.034491 -0.224360 -0.452026 -0.793488 0.340165
3.219868 0.326045 0.006251 0.034491 -0.214880 -0.451408 -0.797877 0.336822
3.221896 0.325934 0.006251 0.034491 -0.200410 -0.452965 -0.798459 0.342230
3.223923 0.325934 0.006362 0.034379 -0.181343 -0.451248 -0.806830 0.335432
3.225951 0.325934 0.006362 0.034379 -0.166819 -0.452167 -0.807174 0.340861
3.227978 0.325822 0.006362 0.034379 -0.166819 -0.452167 -0.807174 0.340861
3.230006 0.325822 0.006362 0.034379 -0.148464 -0.461610 -0.802376 0.347948
3.232034 0.325710 0.006362 0.034379 -0.133855 -0.461892 -0.802477 0.353226
3.234061 0.325710 0.006362 0.034379 -0.128772 -0.463335 -0.798548 0.362021
3.236089 0.325599 0.006362 0.034379 -0.110119 -0.471879 -0.793340 0.368531
3.238117 0.325599 0.006362 0.034379 -0.104928 -0.473061 -0.789243 0.377225
3.240144 0.325487 0.006362 0.034379 -0.099725 -0.474185 -0.785052 0.385873
3.242172 0.325487 0.006362 0.034379 -0.089283 -0.476261 -0.776384 0.403028
3.244199 0.325375 0.006251 0.034379 -0.059529 -0.485016 -0.761540 0.425760
3.246227 0.325264 0.006251 0.034491 -0.048859 -0.486207 -0.752002 0.442389
3.248255 0.325152 0.006251 0.034491 -0.037938 -0.479427 -0.742328 0.466541
3.250282 0.325041 0.006251 0.034491 -0.007776 -0.477338 -0.725476 0.495754
3.252310 0.325041 0.006139 0.034491 0.013201 -0.477219 -0.702997 0.527146
3.254338 0.324929 0.006139 0.034603 0.048072 -0.471546 -0.677544 0.562377
3.256365 0.324817 0.006028 0.034603 0.088871 -0.470555 -0.645120 0.595398
3.258393 0.324706 0.006028 0.034603 0.127740 -0.458375 -0.609239 0.634353
3.260420 0.324594 0.005916 0.034714 0.177788 -0.435228 -0.568293 0.675286
3.262448 0.324483 0.005916 0.034714 0.217784 -0.413650 -0.519574 0.715197
3.264476 0.324371 0.005804 0.034714 0.265900 -0.389356 -0.476810 0.741857
3.266503 0.324259 0.005804 0.034714 0.292994 -0.366649 -0.440304 0.765412
3.268531 0.324259 0.005693 0.034826 0.322081 -0.338604 -0.393915 0.791481
3.270559 0.324259 0.005693 0.034826 0.350665 -0.319880 -0.360265 0.803069
3.272586 0.324259 0.005693 0.034826 0.378088 -0.299345 -0.326460 0.812936
3.274614 0.324148 0.005693 0.034937 0.387747 -0.286724 -0.299494 0.823252
3.276641 0.324148 0.005693 0.034937 0.401119 -0.265094 -0.277418 0.831786
3.278669 0.324148 0.005693 0.034937 0.410739 -0.247401 -0.264278 0.836805
3.280697 0.324148 0.005693 0.034937 0.407939 -0.231113 -0.262804 0.843272
3.282724 0.324148 0.005581 0.034937 0.407939 -0.231113 -0.262804 0.843272
3.284752 0.324148 0.005581 0.034937 0.402367 -0.219185 -0.270279 0.846764
3.286780 0.324148 0.005581 0.034937 0.404750 -0.214752 -0.260960 0.849682
3.288807 0.324148 0.005581 0.034937 0.395391 -0.211872 -0.263303 0.854077
3.290835 0.324148 0.005581 0.034937 0.385984 -0.208966 -0.265615 0.858369
3.292862 0.324148 0.005581 0.034937 0.376531 -0.206036 -0.267895 0.862558
3.294890 0.324148 0.005469 0.034937 0.368489 -0.197840 -0.284163 0.862744
3.296918 0.324148 0.005469 0.034937 0.358989 -0.194706 -0.286320 0.866740
3.298945 0.324148 0.005469 0.034937 0.349445 -0.191548 -0.288441 0.870631
3.300973 0.324148 0.005469 0.034937 0.339859 -0.188368 -0.290528 0.874418
3.303001 0.324148 0.005469 0.034937 0.343556 -0.178941 -0.294702 0.873556
3.305028 0.324148 0.005469 0.034937 0.333938 -0.175693 -0.296651 0.877278
3.307056 0.324259 0.005469 0.034937 0.322366 -0.175975 -0.308222 0.877560
3.309083 0.324259 0.005469 0.034937 0.322366 -0.175975 -0.308222 0.877560
3.311111 0.324148 0.005469 0.034937 0.312706 -0.172578 -0.310137 0.881049
3.313139 0.324259 0.005469 0.034937 0.316495 -0.163039 -0.313952 0.880161
3.315166 0.324259 0.005469 0.034937 0.306807 -0.159580 -0.315725 0.883585
3.317194 0.324259 0.005469 0.034937 0.306807 -0.159580 -0.315725 0.883585
3.319221 0.324259 0.005469 0.034937 0.306807 -0.159580 -0.315725 0.883585
3.321249 0.324259 0.005469 0.034937 0.299227 -0.149759 -0.330739 0.882410
3.323277 0.324259 0.005469 0.034826 0.299227 -0.149759 -0.330739 0.882410
3.325304 0.324259 0.005469 0.034826 0.299227 -0.149759 -0.330739 0.882410
3.327332 0.324259 0.005469 0.034826 0.299227 -0.149759 -0.330739 0.882410
3.329360 0.324148 0.005469 0.034826 0.299227 -0.149759 -0.330739 0.882410
3.331387 0.324148 0.005469 0.034826 0.299227 -0.149759 -0.330739 0.882410
3.333415 0.324148 0.005469 0.034826 0.297563 -0.153038 -0.340414 0.878723
3.335442 0.324148 0.005469 0.034826 0.307199 -0.156768 -0.338712 0.875401
3.337470 0.324148 0.005469 0.034826 0.307199 -0.156768 -0.338712 0.875401
3.339498 0.324148 0.005469 0.034826 0.309498 -0.150644 -0.351905 0.870448
3.341525 0.324148 0.005469 0.034714 0.309498 -0.150644 -0.351905 0.870448
3.343553 0.324148 0.005469 0.034714 0.309498 -0.150644 -0.351905 0.870448
3.345581 0.324036 0.005469 0.034714 0.307824 -0.154035 -0.361447 0.866530
3.347608 0.324036 0.005469 0.034714 0.307824 -0.154035 -0.361447 0.866530
3.349636 0.324036 0.005469 0.034714 0.306113 -0.157408 -0.370945 0.862506
3.351663 0.323924 0.005469 0.034714 0.304366 -0.160761 -0.380398 0.858379
3.353691 0.323924 0.005469 0.034603 0.304366 -0.160761 -0.380398 0.858379
3.355719 0.323813 0.005469 0.034603 0.302581 -0.164095 -0.389805 0.854148
3.357746 0.323813 0.005469 0.034603 0.305279 -0.158136 -0.402644 0.848337
3.359774 0.323701 0.005469 0.034603 0.294234 -0.156945 -0.413689 0.847146
3.361802 0.323701 0.005469 0.034491 0.289527 -0.143075 -0.418596 0.848811
3.363829 0.323590 0.005469 0.034491 0.278646 -0.141537 -0.429477 0.847274
3.365857 0.323478 0.005469 0.034491 0.272625 -0.130465 -0.443239 0.843916
3.367884 0.323478 0.005469 0.034379 0.263337 -0.125587 -0.444646 0.846860
3.369912 0.323366 0.005469 0.034379 0.257604 -0.114159 -0.457948 0.843144
3.371940 0.323366 0.005469 0.034379 0.252130 -0.102536 -0.470906 0.839145
3.373967 0.323255 0.005469 0.034379 0.232606 -0.094726 -0.482294 0.839234
3.375995 0.323255 0.005469 0.034379 0.228519 -0.080085 -0.485388 0.840098
3.378023 0.323143 0.005469 0.034268 0.209231 -0.071704 -0.496283 0.839514
3.380050 0.323143 0.005469 0.034268 0.199255 -0.068441 -0.506259 0.836251
3.382078 0.323143 0.005358 0.034268 0.185709 -0.050018 -0.518301 0.833291
3.384105 0.323031 0.005358 0.034379 0.176046 -0.046257 -0.527965 0.829531
3.386133 0.323031 0.005358 0.034379 0.160717 -0.051458 -0.536319 0.826973
3.388161 0.323031 0.005358 0.034379 0.151113 -0.047226 -0.545924 0.822740
3.390188 0.323031 0.005358 0.034379 0.141603 -0.042784 -0.555433 0.818298
3.392216 0.322920 0.005246 0.034379 0.132194 -0.038134 -0.564843 0.813648
3.394244 0.322920 0.005246 0.034491 0.116668 -0.042228 -0.573310 0.809889
3.396271 0.322920 0.005246 0.034491 0.107362 -0.037109 -0.582616 0.804770
3.398299 0.322920 0.005135 0.034491 0.098171 -0.031786 -0.591807 0.799448
3.400326 0.322920 0.005135 0.034603 0.089099 -0.026263 -0.600879 0.793924
3.402354 0.322808 0.005135 0.034603 0.082542 -0.035021 -0.600294 0.794737
3.404382 0.322808 0.005135 0.034603 0.073490 -0.029233 -0.609347 0.788949
3.406409 0.322808 0.005135 0.034603 0.073164 -0.030039 -0.617978 0.782207
3.408437 0.322808 0.005135 0.034714 0.064566 -0.023248 -0.618270 0.782964
3.410465 0.322697 0.005023 0.034714 0.064566 -0.023248 -0.618270 0.782964
3.412492 0.322697 0.005023 0.034714 0.064307 -0.023956 -0.626835 0.776124
3.414520 0.322697 0.005023 0.034714 0.055776 -0.017068 -0.627060 0.776784
3.416547 0.322697 0.005135 0.034714 0.049183 -0.025078 -0.618131 0.784134
3.418575 0.322585 0.005135 0.034826 0.049183 -0.025078 -0.618131 0.784134
3.420603 0.322585 0.005135 0.034826 0.049183 -0.025078 -0.618131 0.784134
3.422630 0.322585 0.005135 0.034826 0.049455 -0.024536 -0.609479 0.790877
3.424658 0.322473 0.005246 0.034826 0.049455 -0.024536 -0.609479 0.790877
3.426686 0.322473 0.005246 0.034826 0.043129 -0.032759 -0.600313 0.797929
3.428713 0.322473 0.005246 0.034937 0.043129 -0.032759 -0.600313 0.797929
3.430741 0.322362 0.005358 0.034937 0.043486 -0.032283 -0.591511 0.804476
3.432768 0.322362 0.005358 0.034937 0.037435 -0.040711 -0.582117 0.811222
3.434796 0.322250 0.005469 0.034937 0.037435 -0.040711 -0.582117 0.811222
3.436824 0.322250 0.005469 0.034937 0.037880 -0.040297 -0.573170 0.817568
3.438851 0.322138 0.005469 0.034937 0.037880 -0.040297 -0.573170 0.817568
3.440879 0.322138 0.005581 0.034937 0.032109 -0.048919 -0.563559 0.824001
3.442907 0.322027 0.005581 0.034937 0.032109 -0.048919 -0.563559 0.824001
3.444934 0.321915 0.005581 0.034937 0.032109 -0.048919 -0.563559 0.824001
3.446962 0.321915 0.005581 0.034937 0.023522 -0.042469 -0.554972 0.830451
3.448989 0.321804 0.005693 0.034937 0.023522 -0.042469 -0.554972 0.830451
3.451017 0.321692 0.005693 0.034937 0.020211 -0.027474 -0.564893 0.824459
3.453045 0.321580 0.005693 0.034826 0.020211 -0.027474 -0.564893 0.824459
3.455072 0.321580 0.005693 0.034826 0.019908 -0.027694 -0.573917 0.818203
3.457100 0.321469 0.005693 0.034826 0.017229 -0.012398 -0.574413 0.818290
3.459128 0.321357 0.005693 0.034826 0.017092 -0.012587 -0.583369 0.811930
3.461155 0.321246 0.005693 0.034826 0.014581 0.002745 -0.583529 0.811956
3.463183 0.321246 0.005693 0.034714 0.012267 0.017942 -0.592238 0.805470
3.465210 0.321134 0.005693 0.034714 0.019067 0.026582 -0.600865 0.798681
3.467238 0.321022 0.005693 0.034714 0.016895 0.041951 -0.600182 0.798584
3.469266 0.321022 0.005693 0.034714 0.024052 0.050454 -0.608487 0.791593
3.471293 0.320911 0.005693 0.034714 0.024605 0.050186 -0.617147 0.784860
3.473321 0.320911 0.005804 0.034714 0.022775 0.065568 -0.615954 0.784718
3.475349 0.320799 0.005804 0.034714 0.023494 0.065314 -0.624538 0.777904
3.477376 0.320687 0.005804 0.034826 0.031189 0.073497 -0.632358 0.770551
3.479404 0.320576 0.005804 0.034826 0.022721 0.080440 -0.631512 0.770847
3.481431 0.320576 0.005804 0.034826 0.022287 0.095552 -0.638069 0.763702
3.483459 0.320464 0.005804 0.034826 0.030501 0.103552 -0.645384 0.756192
3.485487 0.320353 0.005804 0.034826 0.031637 0.103211 -0.653653 0.749056
3.487514 0.320241 0.005804 0.034937 0.030663 0.118532 -0.651269 0.748905
3.489542 0.320129 0.005804 0.034937 0.031963 0.118188 -0.659458 0.741704
3.491570 0.320018 0.005804 0.034937 0.032625 0.133112 -0.664844 0.734302
3.493597 0.319906 0.005804 0.034937 0.041604 0.140603 -0.671398 0.726447
3.495625 0.319794 0.005804 0.034937 0.050449 0.163054 -0.674384 0.718383
3.497652 0.319683 0.005804 0.034937 0.059915 0.170108 -0.680419 0.710284
3.499680 0.319571 0.005804 0.034937 0.069570 0.191950 -0.682218 0.702064
3.501708 0.319460 0.005804 0.034937 0.087318 0.205870 -0.685483 0.692897
3.503735 0.319348 0.005804 0.034826 0.105335 0.219323 -0.688294 0.683413
3.505763 0.319236 0.005804 0.034826 0.118825 0.238580 -0.695424 0.667343
3.507791 0.319125 0.005804 0.034826 0.137575 0.250882 -0.697059 0.657449
3.509818 0.319125 0.005804 0.034714 0.164621 0.269292 -0.695087 0.645938
3.511846 0.319013 0.005916 0.034714 0.176822 0.288045 -0.692465 0.637382
3.513873 0.319013 0.005916 0.034714 0.189406 0.306235 -0.689040 0.628943
3.515901 0.318901 0.005916 0.034714 0.209161 0.316292 -0.688343 0.618381
3.517929 0.318790 0.005916 0.034714 0.222366 0.333329 -0.683541 0.610096
3.519956 0.318678 0.005916 0.034714 0.227655 0.344100 -0.682290 0.603530
3.521984 0.318567 0.005916 0.034714 0.241477 0.360065 -0.676213 0.595632
3.524012 0.318455 0.006028 0.034714 0.243201 0.372826 -0.667599 0.596796
3.526039 0.318343 0.006028 0.034714 0.242614 0.389967 -0.660992 0.593425
3.528067 0.318232 0.006028 0.034714 0.240429 0.394588 -0.663177 0.588805
3.530094 0.318120 0.006028 0.034826 0.227434 0.409063 -0.654347 0.593945
3.532122 0.318009 0.006028 0.034826 0.227445 0.425565 -0.646544 0.590884
3.534150 0.317897 0.006028 0.034826 0.219225 0.437285 -0.643544 0.588704
3.536177 0.317785 0.006139 0.034826 0.217613 0.441965 -0.645156 0.584025
3.538205 0.317785 0.006139 0.034937 0.204729 0.456033 -0.635290 0.588665
3.540233 0.317674 0.006139 0.034937 0.200326 0.473827 -0.619505 0.592935
3.542260 0.317562 0.006139 0.034937 0.192593 0.485237 -0.615469 0.590467
3.544288 0.317562 0.006139 0.035049 0.191488 0.489896 -0.616574 0.585809
3.546315 0.317450 0.006139 0.035049 0.192754 0.504619 -0.606226 0.583691
3.548343 0.317450 0.006139 0.035049 0.191935 0.509171 -0.607045 0.579139
3.550371 0.317450 0.006139 0.035049 0.208583 0.519487 -0.595677 0.576017
3.552398 0.317339 0.006251 0.034937 0.210881 0.528711 -0.583753 0.578987
3.554426 0.317339 0.006251 0.034937 0.219007 0.535298 -0.577988 0.575692
3.556454 0.317227 0.006251 0.034937 0.229839 0.546250 -0.559269 0.579658
3.558481 0.317227 0.006251 0.034937 0.244394 0.545817 -0.559107 0.574243
3.560509 0.317227 0.006362 0.034937 0.261192 0.552996 -0.546162 0.572434
3.562536 0.317116 0.006362 0.034937 0.275760 0.551759 -0.545717 0.567196
3.564564 0.317116 0.006362 0.034826 0.284235 0.553358 -0.538951 0.567924
3.566592 0.317116 0.006474 0.034826 0.294810 0.562093 -0.519079 0.572447
3.568619 0.317004 0.006474 0.034826 0.309344 0.560050 -0.518370 0.567400
3.570647 0.316892 0.006586 0.034826 0.317683 0.561212 -0.511341 0.568022
3.572675 0.316892 0.006586 0.034826 0.317683 0.561212 -0.511341 0.568022
3.574702 0.316781 0.006586 0.034826 0.317632 0.563341 -0.511392 0.565894
3.576730 0.316669 0.006697 0.034937 0.323802 0.559817 -0.517578 0.560241
3.578757 0.316669 0.006697 0.034937 0.323802 0.559817 -0.517578 0.560241
3.580785 0.316557 0.006697 0.035049 0.321569 0.555416 -0.530716 0.553576
3.582813 0.316446 0.006809 0.035049 0.321614 0.557713 -0.530671 0.551279
3.584840 0.316446 0.006809 0.035049 0.319316 0.553531 -0.543629 0.544159
3.586868 0.316334 0.006809 0.035161 0.316926 0.549399 -0.556428 0.536756
3.588896 0.316223 0.006809 0.035272 0.317094 0.552029 -0.556260 0.534126
3.590923 0.316111 0.006921 0.035272 0.314656 0.548116 -0.568851 0.526278
3.592951 0.316111 0.006921 0.035384 0.312132 0.544259 -0.581267 0.518155
3.594978 0.315999 0.006921 0.035384 0.312451 0.547212 -0.580948 0.515202
3.597006 0.315999 0.006921 0.035384 0.318444 0.543746 -0.586573 0.508788
3.599034 0.315888 0.006921 0.035496 0.338824 0.536539 -0.591029 0.498004
3.601061 0.315888 0.006921 0.035496 0.344698 0.532785 -0.596465 0.491481
3.603089 0.315776 0.007032 0.035496 0.345182 0.535545 -0.595980 0.488720
3.605117 0.315776 0.007032 0.035496 0.359479 0.531225 -0.594742 0.484621
3.607144 0.315776 0.007032 0.035496 0.360019 0.533804 -0.594201 0.482042
3.609172 0.315664 0.007032 0.035496 0.368375 0.533080 -0.587592 0.484625
3.611199 0.315664 0.007144 0.035496 0.377206 0.534529 -0.580391 0.484912
3.613227 0.315664 0.007144 0.035496 0.383056 0.530353 -0.585684 0.478507
3.615255 0.315664 0.007144 0.035496 0.391822 0.531302 -0.578450 0.479154
3.617282 0.315664 0.007255 0.035496 0.397635 0.526965 -0.583680 0.472771
3.619310 0.315664 0.007255 0.035496 0.392417 0.533346 -0.577855 0.477111
3.621338 0.315664 0.007255 0.035496 0.393058 0.535376 -0.577215 0.475080
3.623365 0.315664 0.007255 0.035496 0.393742 0.537392 -0.576530 0.473064
3.625393 0.315664 0.007367 0.035496 0.399622 0.533034 -0.581693 0.466702
3.627420 0.315664 0.007367 0.035496 0.405454 0.528611 -0.586785 0.460283
3.629448 0.315664 0.007367 0.035496 0.392433 0.537026 -0.587332 0.461130
3.631476 0.315664 0.007367 0.035496 0.398309 0.532682 -0.592362 0.454650
3.633503 0.315664 0.007367 0.035496 0.399189 0.534805 -0.591482 0.452527
3.635531 0.315664 0.007479 0.035496 0.397164 0.532653 -0.602589 0.442073
3.637559 0.315664 0.007479 0.035496 0.402992 0.528257 -0.607409 0.435426
3.639586 0.315664 0.007479 0.035496 0.398184 0.534898 -0.601569 0.439827
3.641614 0.315664 0.007479 0.035496 0.404036 0.530492 -0.606365 0.433192
3.643641 0.315664 0.007479 0.035496 0.409840 0.526021 -0.611087 0.426504
3.645669 0.315664 0.007479 0.035607 0.415594 0.521487 -0.615736 0.419765
3.647697 0.315664 0.007590 0.035607 0.420180 0.514691 -0.621428 0.415174
3.649724 0.315664 0.007590 0.035607 0.425809 0.510043 -0.625952 0.408322
3.651752 0.315664 0.007590 0.035496 0.425809 0.510043 -0.625952 0.408322
3.653780 0.315664 0.007590 0.035496 0.431387 0.505335 -0.630400 0.401420
3.655807 0.315664 0.007590 0.035496 0.439098 0.502555 -0.624501 0.405747
3.657835 0.315664 0.007590 0.035496 0.444592 0.497701 -0.628920 0.398862
3.659862 0.315664 0.007590 0.035496 0.448947 0.490761 -0.634350 0.393953
3.661890 0.315664 0.007590 0.035496 0.454312 0.485799 -0.638640 0.386961
3.663918 0.315664 0.007702 0.035496 0.461953 0.482856 -0.632728 0.391285
3.665945 0.315664 0.007702 0.035384 0.467230 0.477752 -0.636989 0.384310
3.667973 0.315664 0.007702 0.035384 0.471424 0.470725 -0.642199 0.379154
3.670001 0.315664 0.007702 0.035384 0.476567 0.465518 -0.646326 0.372076
3.672028 0.315664 0.007590 0.035384 0.476567 0.465518 -0.646326 0.372076
3.674056 0.315664 0.007590 0.035384 0.481652 0.460254 -0.650374 0.364953
3.676083 0.315664 0.007590 0.035384 0.486680 0.454935 -0.654345 0.357785
3.678111 0.315664 0.007590 0.035384 0.482978 0.450868 -0.665090 0.348003
3.680139 0.315664 0.007590 0.035384 0.487902 0.445535 -0.668873 0.340676
3.682166 0.315664 0.007590 0.035384 0.492767 0.440148 -0.672575 0.333307
3.684194 0.315664 0.007590 0.035272 0.490017 0.438054 -0.681753 0.321256
3.686222 0.315664 0.007479 0.035272 0.490017 0.438054 -0.681753 0.321256
3.688249 0.315664 0.007479 0.035272 0.487222 0.436020 -0.690663 0.309007
3.690277 0.315664 0.007479 0.035272 0.491983 0.430641 -0.694016 0.301401
3.692304 0.315664 0.007479 0.035272 0.489122 0.428701 -0.702518 0.288864
3.694332 0.315664 0.007479 0.035272 0.489122 0.428701 -0.702518 0.288864
3.696360 0.315664 0.007479 0.035161 0.486220 0.426824 -0.710743 0.276145
3.698387 0.315664 0.007367 0.035161 0.490879 0.421457 -0.713734 0.268320
3.700415 0.315664 0.007367 0.035161 0.493797 0.413590 -0.718321 0.262911
3.702443 0.315664 0.007367 0.035049 0.490692 0.411725 -0.726102 0.249960
3.704470 0.315664 0.007367 0.035049 0.490692 0.411725 -0.726102 0.249960
3.706498 0.315664 0.007367 0.034937 0.490692 0.411725 -0.726102 0.249960
3.708525 0.315664 0.007367 0.034937 0.493409 0.403723 -0.730581 0.244554
3.710553 0.315664 0.007479 0.034826 0.493409 0.403723 -0.730581 0.244554
3.712581 0.315776 0.007479 0.034826 0.493409 0.403723 -0.730581 0.244554
3.714608 0.315776 0.007479 0.034826 0.500383 0.390199 -0.737555 0.231030
3.716636 0.315776 0.007479 0.034714 0.500383 0.390199 -0.737555 0.231030
3.718664 0.315888 0.007479 0.034714 0.502890 0.382072 -0.741797 0.225518
3.720691 0.315888 0.007479 0.034714 0.502890 0.382072 -0.741797 0.225518
3.722719 0.315999 0.007479 0.034603 0.505338 0.373900 -0.745950 0.219980
3.724746 0.315999 0.007479 0.034603 0.505338 0.373900 -0.745950 0.219980
3.726774 0.315999 0.007479 0.034603 0.497481 0.377304 -0.750897 0.215194
3.728802 0.316111 0.007479 0.034603 0.499815 0.369032 -0.754997 0.209716
3.730829 0.316111 0.007479 0.034603 0.503839 0.363519 -0.757255 0.201409
3.732857 0.316111 0.007479 0.034603 0.503839 0.363519 -0.757255 0.201409
3.734885 0.316111 0.007479 0.034491 0.503839 0.363519 -0.757255 0.201409
3.736912 0.316111 0.007479 0.034491 0.503839 0.363519 -0.757255 0.201409
3.738940 0.316111 0.007479 0.034491 0.495906 0.366912 -0.762095 0.196630
3.740967 0.316111 0.007479 0.034491 0.499907 0.361441 -0.764210 0.188246
3.742995 0.316111 0.007479 0.034491 0.499907 0.361441 -0.764210 0.188246
3.745023 0.316111 0.007479 0.034491 0.499907 0.361441 -0.764210 0.188246
3.747050 0.316111 0.007479 0.034491 0.499907 0.361441 -0.764210 0.188246
3.749078 0.316111 0.007479 0.034491 0.499907 0.361441 -0.764210 0.188246
3.751106 0.316111 0.007479 0.034491 0.499907 0.361441 -0.764210 0.188246
3.753133 0.315999 0.007479 0.034491 0.491952 0.364878 -0.768905 0.183392
3.755161 0.315999 0.007479 0.034491 0.491952 0.364878 -0.768905 0.183392
3.757188 0.315999 0.007479 0.034491 0.491952 0.364878 -0.768905 0.183392
3.759216 0.315999 0.007479 0.034491 0.491952 0.364878 -0.768905 0.183392
3.761244 0.315999 0.007479 0.034491 0.491952 0.364878 -0.768905 0.183392
3.763271 0.315999 0.007590 0.034491 0.489907 0.373303 -0.764850 0.188786
3.765299 0.315999 0.007590 0.034491 0.485777 0.378662 -0.762730 0.197177
3.767327 0.315888 0.007590 0.034491 0.477779 0.382017 -0.767349 0.192264
3.769354 0.315888 0.007590 0.034491 0.477779 0.382017 -0.767349 0.192264
3.771382 0.315888 0.007590 0.034491 0.477779 0.382017 -0.767349 0.192264
3.773409 0.315888 0.007590 0.034603 0.477779 0.382017 -0.767349 0.192264
3.775437 0.315888 0.007590 0.034603 0.477779 0.382017 -0.767349 0.192264
3.777465 0.315888 0.007590 0.034603 0.477779 0.382017 -0.767349 0.192264
3.779492 0.315888 0.007590 0.034603 0.469723 0.385326 -0.771876 0.187328
3.781520 0.315888 0.007590 0.034603 0.469723 0.385326 -0.771876 0.187328
3.783548 0.315888 0.007590 0.034603 0.469723 0.385326 -0.771876 0.187328
3.785575 0.315888 0.007590 0.034603 0.469723 0.385326 -0.771876 0.187328
3.787603 0.315776 0.007590 0.034603 0.461611 0.388588 -0.776309 0.182369
3.789630 0.315776 0.007590 0.034603 0.459580 0.397093 -0.771993 0.187429
3.791658 0.315776 0.007590 0.034714 0.455189 0.402118 -0.769888 0.195899
3.793686 0.315776 0.007590 0.034714 0.455189 0.402118 -0.769888 0.195899
3.795713 0.315776 0.007590 0.034714 0.455189 0.402118 -0.769888 0.195899
3.797741 0.315776 0.007590 0.034714 0.447041 0.405292 -0.774247 0.190876
3.799769 0.315776 0.007590 0.034714 0.440345 0.418636 -0.767551 0.204221
3.801796 0.315776 0.007590 0.034714 0.440345 0.418636 -0.767551 0.204221
3.803824 0.315776 0.007590 0.034714 0.440345 0.418636 -0.767551 0.204221
3.805851 0.315776 0.007590 0.034714 0.435719 0.423449 -0.765261 0.212641
3.807879 0.315776 0.007590 0.034714 0.433356 0.431830 -0.760563 0.217415
3.809907 0.315776 0.007590 0.034714 0.428586 0.436565 -0.758128 0.225757
3.811934 0.315776 0.007590 0.034714 0.436725 0.433563 -0.753670 0.230814
3.813962 0.315776 0.007590 0.034714 0.434163 0.441817 -0.748862 0.235598
3.815990 0.315776 0.007590 0.034714 0.429283 0.446560 -0.746228 0.243811
3.818017 0.315776 0.007590 0.034714 0.426579 0.454731 -0.741277 0.248512
3.820045 0.315776 0.007590 0.034714 0.421557 0.459390 -0.738502 0.256641
3.822072 0.315664 0.007590 0.034714 0.418712 0.467476 -0.733411 0.261257
3.824100 0.315664 0.007702 0.034714 0.413551 0.472048 -0.730496 0.269298
3.826128 0.315664 0.007702 0.034714 0.405269 0.484526 -0.722214 0.281777
3.828155 0.315664 0.007702 0.034714 0.405269 0.484526 -0.722214 0.281777
3.830183 0.315664 0.007590 0.034714 0.396715 0.496819 -0.713660 0.294070
3.832211 0.315664 0.007590 0.034714 0.396715 0.496819 -0.713660 0.294070
3.834238 0.315664 0.007590 0.034714 0.387893 0.508922 -0.704838 0.306173
3.836266 0.315664 0.007590 0.034714 0.387893 0.508922 -0.704838 0.306173
3.838293 0.315664 0.007590 0.034603 0.378807 0.520828 -0.695752 0.318078
3.840321 0.315553 0.007590 0.034603 0.378807 0.520828 -0.695752 0.318078
3.842349 0.315553 0.007479 0.034603 0.377348 0.529771 -0.681657 0.335104
3.844376 0.315553 0.007479 0.034603 0.377348 0.529771 -0.681657 0.335104
3.846404 0.315553 0.007479 0.034603 0.371505 0.533884 -0.677935 0.342573
3.848432 0.315553 0.007479 0.034603 0.369594 0.542602 -0.663263 0.359257
3.850459 0.315553 0.007479 0.034603 0.369594 0.542602 -0.663263 0.359257
3.852487 0.315553 0.007367 0.034603 0.363610 0.546630 -0.659276 0.366522
3.854514 0.315553 0.007367 0.034603 0.365441 0.547993 -0.650100 0.378850
3.856542 0.315553 0.007367 0.034603 0.355137 0.559037 -0.639796 0.389894
3.858570 0.315553 0.007367 0.034603 0.348974 0.562905 -0.635474 0.396899
3.860597 0.315664 0.007479 0.034603 0.342769 0.566705 -0.631075 0.403857
3.862625 0.315664 0.007479 0.034603 0.330235 0.574099 -0.622049 0.417624
3.864653 0.315664 0.007479 0.034603 0.323908 0.577692 -0.617424 0.424433
3.866680 0.315553 0.007479 0.034603 0.304856 0.590019 -0.611744 0.429778
3.868708 0.315553 0.007479 0.034714 0.298356 0.593333 -0.606985 0.436473
3.870735 0.315553 0.007479 0.034714 0.277219 0.601518 -0.602777 0.444957
3.872763 0.315553 0.007479 0.034714 0.265616 0.611058 -0.591175 0.454498
3.874791 0.315553 0.007479 0.034714 0.244064 0.618242 -0.586640 0.462670
3.876818 0.315441 0.007590 0.034826 0.225184 0.629749 -0.569449 0.477950
3.878846 0.315441 0.007590 0.034826 0.210168 0.633400 -0.569829 0.479509
3.880874 0.315330 0.007590 0.034826 0.190785 0.643969 -0.552115 0.494039
3.882901 0.315330 0.007590 0.034937 0.162969 0.654820 -0.539754 0.503307
3.884929 0.315218 0.007590 0.034937 0.140456 0.658894 -0.534382 0.510457
3.886956 0.315218 0.007590 0.034937 0.120202 0.667527 -0.515736 0.523427
3.888984 0.315218 0.007590 0.034937 0.084173 0.676817 -0.496798 0.536680
3.891012 0.315106 0.007702 0.035049 0.063264 0.683789 -0.477403 0.548194
3.893039 0.315106 0.007702 0.035049 0.034502 0.690504 -0.451521 0.564041
3.895067 0.315106 0.007702 0.035049 0.013018 0.695877 -0.431400 0.574003
3.897095 0.314995 0.007702 0.035049 -0.016379 0.700415 -0.404581 0.587762
3.899122 0.314995 0.007813 0.035049 -0.046049 0.703683 -0.377284 0.600306
3.901150 0.314995 0.007813 0.035049 -0.060464 0.707079 -0.349557 0.611714
3.903177 0.314995 0.007813 0.035049 -0.082783 0.709229 -0.328261 0.618374
3.905205 0.314995 0.007813 0.035049 -0.105211 0.710652 -0.306807 0.624319
3.907233 0.314995 0.007813 0.035049 -0.127987 0.710795 -0.271222 0.636261
3.909260 0.314995 0.007813 0.035049 -0.143117 0.711491 -0.242204 0.643922
3.911288 0.314995 0.007702 0.035049 -0.151216 0.709150 -0.220714 0.652322
3.913316 0.314883 0.007702 0.035049 -0.158708 0.710642 -0.198395 0.656079
3.915343 0.314883 0.007590 0.035049 -0.173727 0.710913 -0.183376 0.656350
3.917371 0.314771 0.007479 0.035049 -0.181342 0.711660 -0.160890 0.659370
3.919398 0.314771 0.007479 0.035049 -0.181729 0.710428 -0.146121 0.664015
3.921426 0.314660 0.007367 0.035049 -0.182090 0.709187 -0.131252 0.668334
3.923454 0.314548 0.007367 0.035049 -0.189798 0.709173 -0.108508 0.670281
3.925481 0.314437 0.007255 0.035049 -0.190144 0.707752 -0.093479 0.673939
3.927509 0.314325 0.007144 0.034937 -0.190440 0.707677 -0.062897 0.677473
3.929537 0.314325 0.007032 0.034937 -0.182970 0.708125 -0.055178 0.679733
3.931564 0.314213 0.007032 0.034937 -0.190737 0.706913 -0.032193 0.680336
3.933592 0.314102 0.006921 0.034937 -0.183249 0.707188 -0.024435 0.682428
3.935619 0.313990 0.006809 0.034937 -0.183502 0.705563 0.006381 0.684447
3.937647 0.313990 0.006809 0.034826 -0.183880 0.701639 0.037060 0.687399
3.939675 0.313879 0.006809 0.034826 -0.191643 0.696915 0.075500 0.686937
3.941702 0.313767 0.006809 0.034714 -0.184056 0.694699 0.098718 0.688311
3.943730 0.313655 0.006809 0.034714 -0.191492 0.688955 0.137061 0.685482
3.945758 0.313544 0.006809 0.034603 -0.191174 0.684348 0.167715 0.683368
3.947785 0.313432 0.006809 0.034603 -0.198419 0.679999 0.190481 0.679668
3.949813 0.313432 0.006809 0.034603 -0.197753 0.675089 0.220877 0.675546
3.951840 0.313320 0.006809 0.034491 -0.197339 0.672645 0.235999 0.672986
3.953868 0.313209 0.006809 0.034491 -0.204223 0.668009 0.258409 0.667295
3.955896 0.313097 0.006809 0.034379 -0.195777 0.665379 0.280979 0.663320
3.957923 0.312986 0.006809 0.034379 -0.202423 0.660797 0.303045 0.656152
3.959951 0.312986 0.006809 0.034379 -0.201718 0.658422 0.317749 0.651787
3.961979 0.312874 0.006809 0.034379 -0.216135 0.653831 0.331992 0.644648
3.964006 0.312874 0.006809 0.034379 -0.223305 0.651417 0.339054 0.640962
3.966034 0.312762 0.006809 0.034379 -0.222470 0.649084 0.353496 0.635797
3.968061 0.312762 0.006809 0.034379 -0.229588 0.646601 0.360460 0.631875
3.970089 0.312651 0.006809 0.034379 -0.236678 0.644040 0.367380 0.627876
3.972117 0.312651 0.006809 0.034379 -0.243739 0.641401 0.374256 0.623802
3.974144 0.312539 0.006809 0.034379 -0.250995 0.640113 0.380861 0.618224
3.976172 0.312539 0.006809 0.034379 -0.258013 0.637317 0.387630 0.614002
3.978199 0.312539 0.006809 0.034379 -0.271953 0.631495 0.401027 0.605338
3.980227 0.312427 0.006809 0.034379 -0.285459 0.623952 0.414533 0.597795
3.982255 0.312427 0.006809 0.034491 -0.292296 0.620779 0.421075 0.593205
3.984282 0.312316 0.006809 0.034491 -0.299099 0.617530 0.427567 0.588543
3.986310 0.312316 0.006809 0.034491 -0.305865 0.614207 0.434007 0.583811
3.988338 0.312316 0.006809 0.034491 -0.312594 0.610809 0.440394 0.579007
3.990365 0.312204 0.006809 0.034491 -0.324261 0.600097 0.466666 0.562994
3.992393 0.312204 0.006921 0.034491 -0.330834 0.596498 0.472823 0.557833
3.994420 0.312204 0.006921 0.034491 -0.343418 0.587530 0.485406 0.548866
3.996448 0.312093 0.006921 0.034491 -0.355801 0.578288 0.497790 0.539623
3.998476 0.312093 0.006921 0.034491 -0.355801 0.578288 0.497790 0.539623
4.000503 0.312093 0.006921 0.034491 -0.367979 0.568776 0.509968 0.530111
4.002531 0.312093 0.006921 0.034491 -0.367979 0.568776 0.509968 0.530111
4.004559 0.312093 0.006921 0.034491 -0.374206 0.564699 0.515761 0.524477
4.006586 0.312093 0.006921 0.034491 -0.379945 0.558999 0.521934 0.520334
4.008614 0.312093 0.006921 0.034603 -0.393997 0.553260 0.520680 0.517264
4.010641 0.311981 0.006921 0.034603 -0.399656 0.547507 0.526727 0.512904
4.012669 0.311981 0.006921 0.034603 -0.399656 0.547507 0.526727 0.512904
4.014697 0.311981 0.006809 0.034603 -0.407571 0.545986 0.519708 0.515450
4.016724 0.311981 0.006809 0.034603 -0.407571 0.545986 0.519708 0.515450
4.018752 0.311981 0.006809 0.034714 -0.407571 0.545986 0.519708 0.515450
4.020780 0.311981 0.006809 0.034714 -0.409430 0.548931 0.506906 0.523535
4.022807 0.311981 0.006809 0.034714 -0.409430 0.548931 0.506906 0.523535
4.024835 0.311981 0.006809 0.034714 -0.409430 0.548931 0.506906 0.523535
4.026862 0.311869 0.006809 0.034714 -0.417263 0.547365 0.499736 0.525877
4.028890 0.311869 0.006809 0.034826 -0.417263 0.547365 0.499736 0.525877
4.030918 0.311869 0.006809 0.034826 -0.417263 0.547365 0.499736 0.525877
4.032945 0.311869 0.006809 0.034826 -0.417263 0.547365 0.499736 0.525877
4.034973 0.311869 0.006809 0.034826 -0.417263 0.547365 0.499736 0.525877
4.037001 0.311869 0.006809 0.034826 -0.417263 0.547365 0.499736 0.525877
4.039028 0.311869 0.006809 0.034826 -0.417263 0.547365 0.499736 0.525877
4.041056 0.311869 0.006809 0.034826 -0.417263 0.547365 0.499736 0.525877
4.043083 0.311869 0.006809 0.034826 -0.415436 0.544400 0.512627 0.517934
4.045111 0.311758 0.006809 0.034826 -0.415436 0.544400 0.512627 0.517934
4.047139 0.311758 0.006809 0.034826 -0.415436 0.544400 0.512627 0.517934
4.049166 0.311758 0.006809 0.034714 -0.421392 0.539803 0.518286 0.512271
4.051194 0.311758 0.006809 0.034714 -0.413544 0.541476 0.525339 0.509710
4.053222 0.311758 0.006809 0.034714 -0.413544 0.541476 0.525339 0.509710
4.055249 0.311758 0.006809 0.034714 -0.419468 0.536900 0.530907 0.503907
4.057277 0.311758 0.006809 0.034714 -0.419468 0.536900 0.530907 0.503907
4.059304 0.311758 0.006809 0.034714 -0.425341 0.532259 0.536411 0.498044
4.061332 0.311758 0.006809 0.034714 -0.425341 0.532259 0.536411 0.498044
4.063360 0.311646 0.006809 0.034714 -0.431163 0.527554 0.541851 0.492121
4.065387 0.311646 0.006809 0.034714 -0.431163 0.527554 0.541851 0.492121
4.067415 0.311646 0.006809 0.034714 -0.431163 0.527554 0.541851 0.492121
4.069443 0.311646 0.006809 0.034714 -0.436933 0.522785 0.547224 0.486139
4.071470 0.311646 0.006921 0.034826 -0.442247 0.516742 0.552935 0.481309
4.073498 0.311646 0.006921 0.034826 -0.447897 0.511852 0.558189 0.475206
4.075525 0.311534 0.006921 0.034826 -0.455673 0.509827 0.551264 0.478065
4.077553 0.311534 0.006921 0.034826 -0.461247 0.504790 0.556483 0.471980
4.079581 0.311534 0.006921 0.034826 -0.461247 0.504790 0.556483 0.471980
4.081608 0.311534 0.006921 0.034826 -0.471854 0.493492 0.567090 0.460682
4.083636 0.311423 0.006921 0.034826 -0.471854 0.493492 0.567090 0.460682
4.085664 0.311423 0.006921 0.034826 -0.477247 0.488279 0.572117 0.454424
4.087691 0.311423 0.006921 0.034826 -0.487477 0.476637 0.582346 0.442783
4.089719 0.311423 0.007032 0.034826 -0.492684 0.471253 0.587176 0.436358
4.091746 0.311423 0.007032 0.034826 -0.492684 0.471253 0.587176 0.436358
4.093774 0.311423 0.007032 0.034826 -0.494793 0.461590 0.603817 0.421329
4.095802 0.311311 0.007032 0.034826 -0.499834 0.456127 0.608410 0.414670
4.097829 0.311311 0.007032 0.034826 -0.499834 0.456127 0.608410 0.414670
4.099857 0.311311 0.007144 0.034826 -0.501493 0.446199 0.624527 0.399221
4.101885 0.311311 0.007144 0.034826 -0.506364 0.440662 0.628875 0.392336
4.103912 0.311311 0.007144 0.034826 -0.502800 0.436038 0.640278 0.383546
4.105940 0.311311 0.007144 0.034826 -0.507560 0.430488 0.644453 0.376488
4.107967 0.311311 0.007144 0.034826 -0.499680 0.432833 0.650939 0.373167
4.109995 0.311311 0.007255 0.034826 -0.508395 0.420096 0.659655 0.360429
4.112023 0.311311 0.007255 0.034826 -0.512980 0.414485 0.663575 0.353161
4.114050 0.311311 0.007255 0.034826 -0.508866 0.409497 0.674473 0.344171
4.116078 0.311311 0.007255 0.034826 -0.505335 0.406248 0.684479 0.333298
4.118106 0.311311 0.007255 0.034826 -0.505335 0.406248 0.684479 0.333298
4.120133 0.311311 0.007255 0.034826 -0.509767 0.400672 0.688100 0.325758
4.122161 0.311311 0.007255 0.034826 -0.501733 0.403077 0.694245 0.322207
4.124188 0.311311 0.007255 0.034826 -0.505243 0.395426 0.698631 0.316675
4.126216 0.311311 0.007255 0.034826 -0.501448 0.392230 0.708115 0.305413
4.128244 0.311200 0.007255 0.034714 -0.501448 0.392230 0.708115 0.305413
4.130271 0.311200 0.007255 0.034714 -0.493280 0.394562 0.714078 0.301809
4.132299 0.311200 0.007255 0.034714 -0.497585 0.389119 0.717350 0.293946
4.134327 0.311200 0.007255 0.034714 -0.489383 0.391493 0.723186 0.290241
4.136354 0.311088 0.007255 0.034714 -0.489383 0.391493 0.723186 0.290241
4.138382 0.311088 0.007255 0.034714 -0.481121 0.393821 0.728934 0.286501
4.140409 0.311088 0.007255 0.034714 -0.485419 0.388511 0.732038 0.278476
4.142437 0.311088 0.007255 0.034603 -0.485419 0.388511 0.732038 0.278476
4.144465 0.311088 0.007255 0.034603 -0.480113 0.382754 0.741906 0.269381
4.146492 0.310976 0.007255 0.034603 -0.480113 0.382754 0.741906 0.269381
4.148520 0.310976 0.007255 0.034603 -0.471720 0.385017 0.747461 0.265603
4.150548 0.310976 0.007255 0.034603 -0.471720 0.385017 0.747461 0.265603
4.152575 0.310976 0.007255 0.034603 -0.466117 0.378938 0.757134 0.256688
4.154603 0.310976 0.007255 0.034603 -0.466117 0.378938 0.757134 0.256688
4.156630 0.310976 0.007255 0.034603 -0.468909 0.370598 0.761251 0.251552
4.158658 0.310976 0.007255 0.034603 -0.468909 0.370598 0.761251 0.251552
4.160686 0.310865 0.007255 0.034603 -0.463016 0.364203 0.770719 0.242826
4.162713 0.310865 0.007255 0.034603 -0.465656 0.355714 0.774674 0.237724
4.164741 0.310865 0.007255 0.034714 -0.468239 0.347182 0.778535 0.232594
4.166769 0.310753 0.007255 0.034714 -0.470766 0.338608 0.782302 0.227436
4.168796 0.310753 0.007255 0.034714 -0.469583 0.335172 0.783486 0.230872
4.170824 0.310641 0.007255 0.034714 -0.472091 0.326545 0.787121 0.225699
4.172851 0.310641 0.007255 0.034826 -0.474542 0.317878 0.790661 0.220499
4.174879 0.310530 0.007255 0.034826 -0.488195 0.299021 0.791827 0.212746
4.176907 0.310530 0.007255 0.034826 -0.490503 0.290304 0.795065 0.207370
4.178934 0.310418 0.007255 0.034937 -0.494941 0.272766 0.801251 0.196543
4.180962 0.310418 0.007255 0.034937 -0.499940 0.258470 0.806250 0.182247
4.182990 0.310307 0.007255 0.034937 -0.503823 0.240693 0.811734 0.171219
4.185017 0.310307 0.007255 0.034937 -0.505674 0.231761 0.814330 0.165674
4.187045 0.310195 0.007255 0.034937 -0.500774 0.218321 0.824221 0.149067
4.189072 0.310195 0.007367 0.035049 -0.502382 0.209253 0.826569 0.143556
4.191100 0.310195 0.007367 0.035049 -0.507483 0.185478 0.832373 0.123347
4.193128 0.310195 0.007367 0.035049 -0.499568 0.177260 0.839968 0.116031
4.195155 0.310195 0.007367 0.035049 -0.500813 0.168022 0.841865 0.110536
4.197183 0.310195 0.007367 0.035049 -0.501997 0.158763 0.843660 0.105027
4.199211 0.310195 0.007367 0.035049 -0.494385 0.154136 0.850272 0.094150
4.201238 0.310195 0.007367 0.035049 -0.495389 0.144785 0.851914 0.088713
4.203266 0.310195 0.007479 0.035049 -0.486915 0.136178 0.858877 0.081857
4.205293 0.310195 0.007479 0.035049 -0.486915 0.136178 0.858877 0.081857
4.207321 0.310195 0.007367 0.035049 -0.487784 0.126734 0.860321 0.076503
4.209349 0.310195 0.007367 0.035049 -0.487784 0.126734 0.860321 0.076503
4.211376 0.310195 0.007367 0.035049 -0.479089 0.117901 0.866997 0.069931
4.213404 0.310195 0.007367 0.035049 -0.479089 0.117901 0.866997 0.069931
4.215432 0.310083 0.007367 0.035049 -0.477764 0.123157 0.866176 0.079452
4.217459 0.310083 0.007367 0.035049 -0.477764 0.123157 0.866176 0.079452
4.219487 0.310083 0.007367 0.035049 -0.469026 0.114084 0.872726 0.073144
4.221514 0.310083 0.007367 0.035161 -0.469026 0.114084 0.872726 0.073144
4.223542 0.310083 0.007255 0.035161 -0.469026 0.114084 0.872726 0.073144
4.225570 0.309972 0.007255 0.035161 -0.467744 0.119229 0.871869 0.082727
4.227597 0.309972 0.007255 0.035161 -0.467744 0.119229 0.871869 0.082727
4.229625 0.309972 0.007255 0.035161 -0.467744 0.119229 0.871869 0.082727
4.231653 0.309972 0.007255 0.035161 -0.458100 0.119559 0.877024 0.081720
4.233680 0.309860 0.007144 0.035161 -0.458970 0.109917 0.878285 0.076683
4.235708 0.309860 0.007144 0.035161 -0.457735 0.114953 0.877389 0.086327
4.237735 0.309860 0.007144 0.035161 -0.457735 0.114953 0.877389 0.086327
4.239763 0.309860 0.007144 0.035161 -0.457735 0.114953 0.877389 0.086327
4.241791 0.309749 0.007144 0.035161 -0.457735 0.114953 0.877389 0.086327
4.243818 0.309749 0.007032 0.035161 -0.457735 0.114953 0.877389 0.086327
4.245846 0.309749 0.007032 0.035272 -0.457735 0.114953 0.877389 0.086327
4.247874 0.309749 0.007032 0.035272 -0.456444 0.119975 0.876388 0.095961
4.249901 0.309637 0.007032 0.035272 -0.456444 0.119975 0.876388 0.095961
4.251929 0.309637 0.007032 0.035272 -0.456444 0.119975 0.876388 0.095961
4.253956 0.309637 0.007032 0.035272 -0.456444 0.119975 0.876388 0.095961
4.255984 0.309525 0.007032 0.035272 -0.457735 0.114953 0.877389 0.086327
4.258012 0.309525 0.007032 0.035272 -0.458656 0.105307 0.878599 0.081293
4.260039 0.309414 0.007032 0.035272 -0.448935 0.105405 0.883663 0.080545
4.262067 0.309414 0.007032 0.035272 -0.450066 0.100466 0.884494 0.070833
4.264095 0.309414 0.007032 0.035272 -0.450817 0.090743 0.885545 0.065884
4.266122 0.309302 0.007032 0.035272 -0.451787 0.085785 0.886215 0.056151
4.268150 0.309190 0.007032 0.035272 -0.442925 0.081169 0.891711 0.045599
4.270177 0.309190 0.007032 0.035272 -0.444157 0.066492 0.892943 0.030922
4.272205 0.309079 0.007032 0.035161 -0.435228 0.052245 0.898669 0.015513
4.274233 0.308967 0.007032 0.035161 -0.435811 0.037583 0.899253 0.000852
4.276260 0.308967 0.007032 0.035161 -0.426179 0.023473 0.904219 -0.014415
4.278288 0.308856 0.007144 0.035161 -0.426118 0.008857 0.904158 -0.029032
4.280316 0.308744 0.007144 0.035161 -0.415792 -0.005078 0.908375 -0.044120
4.282343 0.308744 0.007144 0.035161 -0.404428 -0.028902 0.911904 -0.063519
4.284371 0.308632 0.007144 0.035161 -0.403254 -0.043352 0.910729 -0.077968
4.286398 0.308521 0.007144 0.035161 -0.391731 -0.056957 0.913639 -0.092558
4.288426 0.308521 0.007032 0.035161 -0.380610 -0.066216 0.917257 -0.096904
4.290454 0.308409 0.007032 0.035161 -0.377417 -0.090505 0.914370 -0.115295
4.292481 0.308409 0.007032 0.035272 -0.376128 -0.100545 0.913320 -0.119434
4.294509 0.308409 0.007032 0.035272 -0.373556 -0.114684 0.910748 -0.133573
4.296537 0.308409 0.007032 0.035272 -0.372066 -0.124682 0.909433 -0.137669
4.298564 0.308297 0.007032 0.035272 -0.361967 -0.123909 0.913669 -0.137242
4.300592 0.308297 0.006921 0.035272 -0.358945 -0.137891 0.910646 -0.151224
4.302619 0.308297 0.006921 0.035272 -0.357262 -0.147887 0.909076 -0.155158
4.304647 0.308186 0.006921 0.035384 -0.367340 -0.148678 0.904818 -0.155760
4.306675 0.308186 0.006809 0.035384 -0.368951 -0.144633 0.906474 -0.145810
4.308702 0.308186 0.006809 0.035384 -0.367327 -0.154583 0.904831 -0.149855
4.310730 0.308074 0.006809 0.035384 -0.367327 -0.154583 0.904831 -0.149855
4.312758 0.308074 0.006697 0.035384 -0.367327 -0.154583 0.904831 -0.149855
4.314785 0.307963 0.006697 0.035384 -0.367327 -0.154583 0.904831 -0.149855
4.316813 0.307963 0.006697 0.035384 -0.357248 -0.153950 0.909089 -0.149095
4.318840 0.307851 0.006586 0.035384 -0.355536 -0.157865 0.907397 -0.159074
4.320868 0.307739 0.006586 0.035384 -0.355536 -0.157865 0.907397 -0.159074
4.322896 0.307739 0.006586 0.035384 -0.345421 -0.157102 0.911554 -0.158342
4.324923 0.307628 0.006586 0.035384 -0.333528 -0.159994 0.913815 -0.167640
4.326951 0.307628 0.006586 0.035384 -0.321574 -0.162624 0.915871 -0.176986
4.328979 0.307516 0.006697 0.035272 -0.309565 -0.164991 0.917721 -0.186375
4.331006 0.307516 0.006697 0.035272 -0.287244 -0.165784 0.923000 -0.195135
4.333034 0.307404 0.006697 0.035161 -0.275123 -0.167487 0.924332 -0.204611
4.335061 0.307404 0.006809 0.035161 -0.261096 -0.171803 0.923047 -0.224268
4.337089 0.307293 0.006921 0.035161 -0.238577 -0.170995 0.927074 -0.233183
4.339117 0.307293 0.006921 0.035049 -0.224455 -0.174105 0.924847 -0.252915
4.341144 0.307293 0.007032 0.035049 -0.199977 -0.174296 0.924996 -0.272052
4.343172 0.307293 0.007032 0.035049 -0.187741 -0.173988 0.924755 -0.281619
4.345200 0.307293 0.007144 0.034937 -0.173599 -0.175329 0.921050 -0.301315
4.347227 0.307293 0.007255 0.034937 -0.161398 -0.174350 0.920284 -0.310853
4.349255 0.307293 0.007255 0.034937 -0.149222 -0.173103 0.919309 -0.320373
4.351282 0.307293 0.007367 0.034937 -0.147311 -0.174732 0.915734 -0.330453
4.353310 0.307293 0.007367 0.034937 -0.135183 -0.173084 0.914446 -0.339935
4.355338 0.307181 0.007367 0.034937 -0.135183 -0.173084 0.914446 -0.339935
4.357365 0.307181 0.007367 0.034937 -0.124966 -0.169808 0.916733 -0.339336
4.359393 0.307181 0.007367 0.034937 -0.124966 -0.169808 0.916733 -0.339336
4.361421 0.307181 0.007367 0.034937 -0.124966 -0.169808 0.916733 -0.339336
4.363448 0.307070 0.007367 0.034937 -0.114735 -0.166511 0.918910 -0.338696
4.365476 0.307070 0.007367 0.034937 -0.116557 -0.165240 0.922575 -0.328580
4.367503 0.306958 0.007367 0.034937 -0.106276 -0.162036 0.924633 -0.327877
4.369531 0.306958 0.007255 0.034937 -0.108050 -0.160859 0.928179 -0.317699
4.371559 0.306846 0.007255 0.034937 -0.099448 -0.156665 0.933543 -0.306697
4.373586 0.306735 0.007255 0.034937 -0.085708 -0.163916 0.933616 -0.306834
4.375614 0.306623 0.007144 0.034937 -0.077096 -0.160064 0.938657 -0.295566
4.377642 0.306512 0.007144 0.034826 -0.066680 -0.157143 0.940270 -0.294538
4.379669 0.306288 0.007144 0.034826 -0.044381 -0.161120 0.944598 -0.282499
4.381697 0.306177 0.007032 0.034826 -0.033925 -0.158273 0.945889 -0.281236
4.383724 0.306065 0.007032 0.034714 -0.011730 -0.162809 0.949400 -0.268319
4.385752 0.305842 0.007032 0.034714 0.012144 -0.167674 0.949428 -0.265188
4.387780 0.305730 0.007032 0.034603 0.030428 -0.185379 0.943395 -0.273339
4.389807 0.305619 0.007032 0.034603 0.054155 -0.189870 0.942719 -0.268881
4.391835 0.305507 0.007032 0.034603 0.069598 -0.196504 0.938167 -0.276378
4.393863 0.305284 0.007032 0.034603 0.082893 -0.203708 0.936467 -0.273241
4.395890 0.305172 0.007032 0.034603 0.088236 -0.213027 0.931125 -0.282560
4.397918 0.305060 0.007144 0.034603 0.107080 -0.229059 0.923646 -0.287999
4.399945 0.305060 0.007144 0.034603 0.112858 -0.237967 0.917868 -0.296907
4.401973 0.304949 0.007144 0.034603 0.116113 -0.248036 0.915198 -0.295649
4.404001 0.304949 0.007144 0.034714 0.125519 -0.266721 0.906253 -0.303001
4.406028 0.304837 0.007255 0.034714 0.131872 -0.275229 0.899901 -0.311509
4.408056 0.304837 0.007255 0.034714 0.138410 -0.283595 0.893362 -0.319875
4.410084 0.304726 0.007255 0.034826 0.131815 -0.285875 0.888828 -0.332995
4.412111 0.304726 0.007255 0.034826 0.135465 -0.295622 0.885633 -0.331527
4.414139 0.304726 0.007255 0.034826 0.129455 -0.309092 0.881176 -0.333516
4.416166 0.304614 0.007255 0.034937 0.136605 -0.317273 0.874026 -0.341696
4.418194 0.304614 0.007255 0.034937 0.130811 -0.330653 0.869103 -0.343828
4.420222 0.304614 0.007255 0.034937 0.138309 -0.338682 0.861604 -0.351857
4.422249 0.304614 0.007367 0.035049 0.142166 -0.348127 0.857831 -0.350317
4.424277 0.304614 0.007367 0.035049 0.145982 -0.346545 0.853931 -0.359720
4.426305 0.304502 0.007367 0.035049 0.149926 -0.355905 0.850072 -0.358094
4.428332 0.304502 0.007255 0.035049 0.153851 -0.365222 0.846111 -0.356425
4.430360 0.304502 0.007255 0.035049 0.152644 -0.376716 0.836271 -0.368016
4.432387 0.304391 0.007255 0.035049 0.152644 -0.376716 0.836271 -0.368016
4.434415 0.304391 0.007255 0.035049 0.156678 -0.385881 0.832082 -0.366317
4.436443 0.304391 0.007255 0.035049 0.160908 -0.384136 0.828007 -0.375436
4.438470 0.304279 0.007255 0.035049 0.165023 -0.393209 0.823737 -0.373646
4.440498 0.304279 0.007255 0.035049 0.169333 -0.391373 0.819582 -0.382673
4.442526 0.304167 0.007255 0.035049 0.173527 -0.400353 0.815233 -0.380790
4.444553 0.304167 0.007255 0.035049 0.173527 -0.400353 0.815233 -0.380790
4.446581 0.304056 0.007255 0.035049 0.173527 -0.400353 0.815233 -0.380790
4.448608 0.304056 0.007255 0.035049 0.173527 -0.400353 0.815233 -0.380790
4.450636 0.303944 0.007255 0.035049 0.164516 -0.404417 0.813080 -0.385074
4.452664 0.303944 0.007255 0.035161 0.168949 -0.402585 0.808801 -0.393983
4.454691 0.303833 0.007255 0.035161 0.168949 -0.402585 0.808801 -0.393983
4.456719 0.303833 0.007255 0.035161 0.159963 -0.406699 0.806503 -0.398196
4.458747 0.303721 0.007255 0.035161 0.159963 -0.406699 0.806503 -0.398196
4.460774 0.303721 0.007255 0.035161 0.150958 -0.410763 0.804109 -0.402361
4.462802 0.303609 0.007255 0.035161 0.155461 -0.409080 0.799640 -0.411171
4.464829 0.303609 0.007255 0.035272 0.239347 0.367287 -0.813957 -0.381165
4.466857 0.303498 0.007255 0.035272 0.235297 0.369894 -0.818096 -0.372200
4.468885 0.303498 0.007255 0.035272 0.244040 0.365310 -0.819656 -0.367638
4.470912 0.303498 0.007367 0.035272 0.244040 0.365310 -0.819656 -0.367638
4.472940 0.303386 0.007367 0.035384 0.240012 0.367969 -0.823645 -0.358611
4.474968 0.303386 0.007367 0.035384 0.240012 0.367969 -0.823645 -0.358611
4.476995 0.303386 0.007367 0.035384 0.235955 0.370583 -0.827535 -0.349541
4.479023 0.303386 0.007367 0.035384 0.235955 0.370583 -0.827535 -0.349541
4.481050 0.303386 0.007367 0.035384 0.231870 0.373153 -0.831325 -0.340429
4.483078 0.303275 0.007367 0.035384 0.228116 0.363998 -0.835375 -0.342955
4.485106 0.303275 0.007367 0.035384 0.219176 0.368307 -0.834013 -0.347468
4.487133 0.303275 0.007367 0.035384 0.219176 0.368307 -0.834013 -0.347468
4.489161 0.303275 0.007367 0.035384 0.215346 0.359122 -0.838009 -0.349855
4.491189 0.303275 0.007367 0.035384 0.206332 0.363402 -0.836594 -0.354227
4.493216 0.303275 0.007367 0.035384 0.198524 0.356392 -0.844401 -0.347217
4.495244 0.303275 0.007367 0.035384 0.189392 0.360545 -0.842978 -0.351463
4.497271 0.303163 0.007367 0.035272 0.185519 0.351262 -0.846888 -0.353522
4.499299 0.303163 0.007367 0.035272 0.181624 0.341937 -0.850696 -0.355539
4.501327 0.303163 0.007255 0.035272 0.181624 0.341937 -0.850696 -0.355539
4.503354 0.303051 0.007255 0.035272 0.177707 0.332570 -0.854401 -0.357513
4.505382 0.303051 0.007255 0.035272 0.174043 0.334502 -0.858278 -0.348105
4.507410 0.302940 0.007255 0.035272 0.170208 0.325053 -0.861901 -0.349996
4.509437 0.302940 0.007255 0.035272 0.170208 0.325053 -0.861901 -0.349996
4.511465 0.302828 0.007255 0.035272 0.170208 0.325053 -0.861901 -0.349996
4.513492 0.302716 0.007255 0.035272 0.162876 0.317373 -0.869233 -0.342316
4.515520 0.302716 0.007255 0.035272 0.162876 0.317373 -0.869233 -0.342316
4.517548 0.302605 0.007255 0.035272 0.172318 0.313355 -0.870343 -0.338552
4.519575 0.302493 0.007255 0.035384 0.168588 0.303774 -0.873733 -0.340425
4.521603 0.302493 0.007255 0.035384 0.168588 0.303774 -0.873733 -0.340425
4.523631 0.302382 0.007255 0.035384 0.165241 0.305608 -0.877421 -0.330806
4.525658 0.302270 0.007255 0.035384 0.165241 0.305608 -0.877421 -0.330806
4.527686 0.302270 0.007367 0.035384 0.161873 0.307405 -0.881002 -0.321146
4.529713 0.302270 0.007367 0.035272 0.158335 0.297708 -0.884326 -0.322905
4.531741 0.302158 0.007367 0.035272 0.158335 0.297708 -0.884326 -0.322905
4.533769 0.302158 0.007367 0.035272 0.155055 0.299429 -0.887820 -0.313170
4.535796 0.302158 0.007367 0.035272 0.155055 0.299429 -0.887820 -0.313170
4.537824 0.302158 0.007367 0.035272 0.138684 0.294934 -0.893636 -0.308536
4.539852 0.302047 0.007367 0.035272 0.138684 0.294934 -0.893636 -0.308536
4.541879 0.302047 0.007367 0.035272 0.138684 0.294934 -0.893636 -0.308536
4.543907 0.302047 0.007367 0.035272 0.135435 0.296440 -0.896972 -0.298700
4.545934 0.302158 0.007479 0.035272 0.135435 0.296440 -0.896972 -0.298700
4.547962 0.302158 0.007479 0.035272 0.135435 0.296440 -0.896972 -0.298700
4.549990 0.302158 0.007479 0.035272 0.132171 0.297910 -0.900199 -0.288828
4.552017 0.302158 0.007479 0.035272 0.132171 0.297910 -0.900199 -0.288828
4.554045 0.302158 0.007479 0.035272 0.135336 0.307782 -0.896872 -0.287358
4.556073 0.302158 0.007479 0.035272 0.135336 0.307782 -0.896872 -0.287358
4.558100 0.302158 0.007479 0.035272 0.135336 0.307782 -0.896872 -0.287358
4.560128 0.302158 0.007479 0.035272 0.135336 0.307782 -0.896872 -0.287358
4.562155 0.302158 0.007479 0.035272 0.135336 0.307782 -0.896872 -0.287358
4.564183 0.302158 0.007479 0.035272 0.138484 0.317616 -0.893437 -0.285854
4.566211 0.302158 0.007479 0.035272 0.134987 0.319119 -0.896523 -0.276022
4.568238 0.302158 0.007479 0.035272 0.134987 0.319119 -0.896523 -0.276022
4.570266 0.302158 0.007479 0.035384 0.134987 0.319119 -0.896523 -0.276022
4.572294 0.302158 0.007479 0.035384 0.134987 0.319119 -0.896523 -0.276022
4.574321 0.302158 0.007479 0.035384 0.138011 0.328949 -0.892963 -0.274522
4.576349 0.302158 0.007479 0.035384 0.138011 0.328949 -0.892963 -0.274522
4.578376 0.302158 0.007479 0.035384 0.138011 0.328949 -0.892963 -0.274522
4.580404 0.302158 0.007479 0.035384 0.134389 0.330445 -0.895925 -0.264695
4.582432 0.302158 0.007479 0.035384 0.137289 0.340268 -0.892241 -0.263203
4.584459 0.302158 0.007479 0.035384 0.137289 0.340268 -0.892241 -0.263203
4.586487 0.302270 0.007479 0.035384 0.137289 0.340268 -0.892241 -0.263203
4.588515 0.302270 0.007479 0.035384 0.127556 0.343392 -0.891323 -0.267124
4.590542 0.302270 0.007479 0.035384 0.123776 0.344772 -0.894204 -0.257316
4.592570 0.302270 0.007479 0.035384 0.126596 0.354575 -0.890362 -0.255941
4.594597 0.302270 0.007479 0.035384 0.126596 0.354575 -0.890362 -0.255941
4.596625 0.302270 0.007479 0.035384 0.126596 0.354575 -0.890362 -0.255941
4.598653 0.302270 0.007479 0.035384 0.126596 0.354575 -0.890362 -0.255941
4.600680 0.302270 0.007479 0.035384 0.116858 0.357540 -0.889346 -0.259948
4.602708 0.302270 0.007367 0.035384 0.116858 0.357540 -0.889346 -0.259948
4.604736 0.302270 0.007367 0.035384 0.119707 0.367289 -0.885364 -0.258648
4.606763 0.302270 0.007367 0.035384 0.119707 0.367289 -0.885364 -0.258648
4.608791 0.302270 0.007367 0.035384 0.115664 0.368582 -0.888153 -0.248906
4.610818 0.302270 0.007367 0.035384 0.115664 0.368582 -0.888153 -0.248906
4.612846 0.302270 0.007367 0.035384 0.118392 0.378317 -0.884050 -0.247620
4.614874 0.302270 0.007367 0.035384 0.118392 0.378317 -0.884050 -0.247620
4.616901 0.302270 0.007367 0.035384 0.108699 0.381106 -0.882909 -0.251822
4.618929 0.302270 0.007367 0.035384 0.111459 0.390783 -0.878669 -0.250613
4.620957 0.302158 0.007367 0.035384 0.111459 0.390783 -0.878669 -0.250613
4.622984 0.302158 0.007367 0.035384 0.107159 0.391984 -0.881369 -0.240945
4.625012 0.302158 0.007367 0.035384 0.109799 0.401643 -0.877009 -0.239753
4.627039 0.302158 0.007367 0.035384 0.109799 0.401643 -0.877009 -0.239753
4.629067 0.302158 0.007367 0.035384 0.098281 0.414954 -0.873874 -0.233450
4.631095 0.302047 0.007367 0.035384 0.098281 0.414954 -0.873874 -0.233450
4.633122 0.302047 0.007367 0.035272 0.091258 0.426955 -0.867892 -0.236951
4.635150 0.302047 0.007367 0.035272 0.086561 0.427932 -0.870442 -0.227402
4.637177 0.302047 0.007367 0.035272 0.089055 0.437469 -0.865689 -0.226437
4.639205 0.302047 0.007479 0.035272 0.079486 0.439721 -0.864239 -0.231125
4.641233 0.302047 0.007479 0.035272 0.079486 0.439721 -0.864239 -0.231125
4.643260 0.302047 0.007479 0.035272 0.067532 0.452140 -0.860308 -0.225564
4.645288 0.301935 0.007367 0.035272 0.057974 0.454163 -0.858678 -0.230319
4.647316 0.301935 0.007367 0.035272 0.060501 0.463569 -0.853637 -0.229668
4.649343 0.301935 0.007367 0.035272 0.056100 0.464930 -0.849255 -0.243844
4.651371 0.301935 0.007367 0.035272 0.058776 0.474231 -0.844096 -0.243213
4.653398 0.301823 0.007367 0.035272 0.049332 0.476207 -0.842164 -0.248100
4.655426 0.301823 0.007367 0.035272 0.039882 0.478126 -0.840130 -0.252956
4.657454 0.301823 0.007367 0.035272 0.033258 0.489164 -0.832671 -0.257433
4.659481 0.301712 0.007367 0.035161 0.026734 0.500035 -0.824972 -0.262053
4.661509 0.301600 0.007255 0.035161 0.029611 0.509068 -0.819428 -0.261744
4.663537 0.301600 0.007255 0.035161 0.017532 0.519904 -0.814254 -0.257647
4.665564 0.301489 0.007255 0.035161 0.008270 0.521380 -0.811802 -0.262817
4.667592 0.301377 0.007255 0.035161 -0.003890 0.531641 -0.806354 -0.259106
4.669619 0.301377 0.007255 0.035161 -0.010205 0.541659 -0.797846 -0.264470
4.671647 0.301265 0.007255 0.035161 -0.019587 0.559941 -0.785933 -0.261516
4.673675 0.301154 0.007255 0.035161 -0.031956 0.569093 -0.779841 -0.258766
4.675702 0.301042 0.007255 0.035161 -0.050741 0.577320 -0.776351 -0.247804
4.677730 0.301042 0.007255 0.035161 -0.054448 0.585251 -0.772643 -0.239872
4.679758 0.300930 0.007367 0.035161 -0.067145 0.593248 -0.766094 -0.238010
4.681785 0.300930 0.007367 0.035161 -0.071132 0.600883 -0.762107 -0.230374
4.683813 0.300819 0.007367 0.035161 -0.077729 0.600065 -0.764592 -0.221988
4.685840 0.300819 0.007367 0.035161 -0.090637 0.607295 -0.757798 -0.220724
4.687868 0.300707 0.007367 0.035161 -0.101710 0.613497 -0.755771 -0.205151
4.689896 0.300707 0.007367 0.035272 -0.106275 0.620633 -0.751206 -0.198015
4.691923 0.300707 0.007255 0.035272 -0.110995 0.627667 -0.746485 -0.190982
4.693951 0.300596 0.007255 0.035272 -0.110995 0.627667 -0.746485 -0.190982
4.695979 0.300596 0.007255 0.035384 -0.107514 0.635437 -0.743788 -0.177312
4.698006 0.300484 0.007255 0.035384 -0.112624 0.642372 -0.738678 -0.170378
4.700034 0.300484 0.007255 0.035496 -0.117884 0.649192 -0.733418 -0.163557
4.702061 0.300372 0.007255 0.035496 -0.123293 0.655896 -0.728008 -0.156854
4.704089 0.300372 0.007255 0.035607 -0.128849 0.662479 -0.722453 -0.150271
4.706117 0.300261 0.007144 0.035607 -0.136119 0.661023 -0.724061 -0.142325
4.708144 0.300261 0.007144 0.035719 -0.148197 0.673769 -0.709283 -0.144880
4.710172 0.300149 0.007144 0.035719 -0.154075 0.679869 -0.703406 -0.138780
4.712200 0.300149 0.007144 0.035719 -0.160085 0.685838 -0.697395 -0.132810
4.714227 0.300038 0.007144 0.035719 -0.173713 0.689788 -0.689843 -0.134661
4.716255 0.300038 0.007144 0.035830 -0.187234 0.693324 -0.682293 -0.136825
4.718282 0.299926 0.007144 0.035719 -0.207837 0.694119 -0.673316 -0.147130
4.720310 0.299926 0.007144 0.035719 -0.228607 0.694189 -0.667448 -0.142665
4.722338 0.299814 0.007144 0.035719 -0.248473 0.693338 -0.658683 -0.153883
4.724365 0.299814 0.007032 0.035719 -0.267842 0.691659 -0.649978 -0.165520
4.726393 0.299814 0.007032 0.035607 -0.280192 0.692521 -0.642793 -0.169484
4.728421 0.299814 0.007032 0.035607 -0.298674 0.689472 -0.634307 -0.181868
4.730448 0.299703 0.007032 0.035607 -0.316579 0.685628 -0.625949 -0.194627
4.732476 0.299703 0.007032 0.035496 -0.322666 0.681769 -0.624464 -0.202785
4.734503 0.299703 0.007032 0.035496 -0.339753 0.676897 -0.616239 -0.215933
4.736531 0.299703 0.007032 0.035384 -0.350547 0.675612 -0.609703 -0.221196
4.738559 0.299703 0.007032 0.035384 -0.369117 0.662818 -0.609179 -0.230924
4.740586 0.299703 0.007032 0.035384 -0.374635 0.658247 -0.607610 -0.239103
4.742614 0.299591 0.006921 0.035384 -0.384599 0.656028 -0.601476 -0.244821
4.744642 0.299591 0.006921 0.035272 -0.391783 0.651763 -0.604130 -0.238198
4.746669 0.299591 0.006921 0.035272 -0.404098 0.642498 -0.605317 -0.239776
4.748697 0.299591 0.006921 0.035272 -0.416206 0.632965 -0.606539 -0.241328
4.750724 0.299479 0.006921 0.035272 -0.428101 0.623168 -0.607794 -0.242853
4.752752 0.299479 0.006921 0.035272 -0.434922 0.618427 -0.610426 -0.236161
4.754780 0.299368 0.006921 0.035272 -0.446488 0.608243 -0.611731 -0.237643
4.756807 0.299256 0.006921 0.035272 -0.453143 0.603301 -0.614305 -0.230908
4.758835 0.299256 0.006921 0.035272 -0.470852 0.587605 -0.618173 -0.225569
4.760863 0.299145 0.006921 0.035272 -0.474847 0.589179 -0.614178 -0.223994
4.762890 0.299033 0.006921 0.035272 -0.491903 0.572784 -0.618155 -0.218712
4.764918 0.299033 0.006921 0.035384 -0.508405 0.555858 -0.622121 -0.213334
4.766945 0.298921 0.006921 0.035384 -0.520495 0.544554 -0.626658 -0.199614
4.768973 0.298810 0.006921 0.035384 -0.533875 0.533666 -0.624664 -0.199932
4.771001 0.298698 0.006921 0.035384 -0.546713 0.522322 -0.622977 -0.200457
4.773028 0.298586 0.006921 0.035384 -0.566669 0.497493 -0.629285 -0.188115
4.775056 0.298475 0.006921 0.035272 -0.580915 0.478490 -0.628263 -0.197159
4.777084 0.298475 0.007032 0.035272 -0.591594 0.465711 -0.627613 -0.198071
4.779111 0.298363 0.007032 0.035272 -0.601665 0.452595 -0.627308 -0.199103
4.781139 0.298363 0.007032 0.035272 -0.613279 0.432251 -0.632142 -0.193507
4.783166 0.298252 0.007032 0.035384 -0.626673 0.411681 -0.634495 -0.187656
4.785194 0.298252 0.007032 0.035384 -0.633621 0.404804 -0.634056 -0.180642
4.787222 0.298140 0.007032 0.035384 -0.637009 0.397605 -0.632827 -0.188839
4.789249 0.298140 0.007032 0.035384 -0.643631 0.390486 -0.632571 -0.181971
4.791277 0.298028 0.007032 0.035496 -0.650170 0.383220 -0.632245 -0.175183
4.793305 0.298028 0.007032 0.035496 -0.652453 0.382998 -0.629961 -0.175405
4.795332 0.298028 0.007032 0.035496 -0.652189 0.390155 -0.628044 -0.167298
4.797360 0.297917 0.007032 0.035607 -0.654635 0.389863 -0.625599 -0.167590
4.799387 0.297917 0.007032 0.035607 -0.654460 0.396953 -0.623439 -0.159483
4.801415 0.297917 0.007032 0.035719 -0.656977 0.403603 -0.618432 -0.151749
4.803443 0.297805 0.007032 0.035719 -0.661372 0.396361 -0.620062 -0.144946
4.805470 0.297805 0.006921 0.035830 -0.659738 0.410092 -0.613028 -0.144109
4.807498 0.297805 0.006921 0.035830 -0.664203 0.402819 -0.614574 -0.137366
4.809526 0.297805 0.006921 0.035942 -0.662738 0.416409 -0.607231 -0.136574
4.811553 0.297805 0.006921 0.035942 -0.662738 0.416409 -0.607231 -0.136574
4.813581 0.297805 0.006921 0.035942 -0.665805 0.415766 -0.604164 -0.137217
4.815608 0.297805 0.006921 0.035942 -0.665805 0.415766 -0.604164 -0.137217
4.817636 0.297805 0.006921 0.035942 -0.668858 0.415055 -0.601111 -0.137928
4.819664 0.297805 0.006809 0.035942 -0.668447 0.408265 -0.604318 -0.145936
4.821691 0.297805 0.006809 0.035942 -0.671321 0.407529 -0.601444 -0.146672
4.823719 0.297805 0.006809 0.035942 -0.675030 0.393338 -0.606403 -0.147968
4.825747 0.297805 0.006809 0.035942 -0.673364 0.399977 -0.602045 -0.155375
4.827774 0.297805 0.006809 0.035942 -0.676746 0.385764 -0.607188 -0.156599
4.829802 0.297805 0.006809 0.035942 -0.679255 0.384972 -0.604679 -0.157391
4.831829 0.297805 0.006809 0.035942 -0.678042 0.378185 -0.608239 -0.165169
4.833857 0.297805 0.006809 0.035942 -0.680786 0.363896 -0.613588 -0.166196
4.835885 0.297805 0.006809 0.035830 -0.683215 0.349549 -0.618958 -0.167105
4.837912 0.297805 0.006809 0.035830 -0.683442 0.341992 -0.620627 -0.175415
4.839940 0.297805 0.006809 0.035830 -0.687158 0.334463 -0.622517 -0.168587
4.841968 0.297805 0.006809 0.035830 -0.685231 0.327612 -0.626190 -0.176108
4.843995 0.297693 0.006809 0.035830 -0.686704 0.313197 -0.631767 -0.176677
4.846023 0.297693 0.006921 0.035830 -0.687860 0.298754 -0.637356 -0.177125
4.848050 0.297693 0.006921 0.035830 -0.691100 0.291179 -0.639263 -0.170112
4.850078 0.297693 0.006921 0.035830 -0.691779 0.276705 -0.644863 -0.170375
4.852106 0.297582 0.006921 0.035719 -0.689218 0.269807 -0.648555 -0.177650
4.854133 0.297582 0.006921 0.035719 -0.692140 0.262219 -0.650467 -0.170514
4.856161 0.297470 0.006921 0.035719 -0.692183 0.247729 -0.656074 -0.170531
4.858189 0.297470 0.006921 0.035719 -0.691907 0.233242 -0.661679 -0.170424
4.860216 0.297470 0.006921 0.035719 -0.691313 0.218764 -0.667280 -0.170194
4.862244 0.297470 0.006921 0.035719 -0.693675 0.211156 -0.669110 -0.162853
4.864271 0.297359 0.006921 0.035719 -0.690777 0.204106 -0.672499 -0.170038
4.866299 0.297359 0.006921 0.035719 -0.689395 0.189745 -0.678237 -0.169486
4.868327 0.297359 0.006921 0.035607 -0.687698 0.175417 -0.683962 -0.168807
4.870354 0.297359 0.006921 0.035607 -0.683799 0.168698 -0.687859 -0.175526
4.872382 0.297359 0.006921 0.035607 -0.681485 0.154522 -0.693705 -0.174572
4.874410 0.297359 0.006921 0.035607 -0.681485 0.154522 -0.693705 -0.174572
4.876437 0.297359 0.006921 0.035607 -0.678859 0.140401 -0.699528 -0.173489
4.878465 0.297247 0.006921 0.035607 -0.678498 0.140632 -0.699889 -0.173258
4.880492 0.297247 0.006921 0.035496 -0.675423 0.126669 -0.705827 -0.171950
4.882520 0.297247 0.006921 0.035496 -0.675423 0.126669 -0.705827 -0.171950
4.884548 0.297247 0.006921 0.035496 -0.672041 0.112778 -0.711735 -0.170512
4.886575 0.297247 0.006921 0.035496 -0.672041 0.112778 -0.711735 -0.170512
4.888603 0.297247 0.006921 0.035496 -0.673240 0.105388 -0.713566 -0.162683
4.890631 0.297247 0.006921 0.035496 -0.668355 0.098963 -0.717611 -0.168945
4.892658 0.297247 0.006921 0.035496 -0.670171 0.091074 -0.718654 -0.161592
4.894686 0.297247 0.006809 0.035496 -0.670171 0.091074 -0.718654 -0.161592
4.896713 0.297247 0.006809 0.035496 -0.670171 0.091074 -0.718654 -0.161592
4.898741 0.297247 0.006809 0.035607 -0.670171 0.091074 -0.718654 -0.161592
4.900769 0.297247 0.006809 0.035607 -0.670171 0.091074 -0.718654 -0.161592
4.902796 0.297247 0.006697 0.035607 -0.670171 0.091074 -0.718654 -0.161592
4.904824 0.297135 0.006697 0.035607 -0.670171 0.091074 -0.718654 -0.161592
4.906852 0.297135 0.006697 0.035607 -0.670171 0.091074 -0.718654 -0.161592
4.908879 0.297135 0.006697 0.035607 -0.670171 0.091074 -0.718654 -0.161592
4.910907 0.297135 0.006697 0.035607 -0.671906 0.083173 -0.719612 -0.154219
4.912934 0.297135 0.006697 0.035607 -0.672779 0.075786 -0.721262 -0.146304
4.914962 0.297135 0.006697 0.035607 -0.672779 0.075786 -0.721262 -0.146304
4.916990 0.297135 0.006697 0.035719 -0.673571 0.068391 -0.722826 -0.138372
4.919017 0.297135 0.006697 0.035719 -0.674282 0.060986 -0.724303 -0.130422
4.921045 0.297135 0.006697 0.035719 -0.674282 0.060986 -0.724303 -0.130422
4.923073 0.297135 0.006697 0.035719 -0.674911 0.053575 -0.725692 -0.122457
4.925100 0.297135 0.006697 0.035719 -0.675459 0.046157 -0.726993 -0.114477
4.927128 0.297135 0.006697 0.035719 -0.675925 0.038734 -0.728207 -0.106484
4.929155 0.297247 0.006697 0.035830 -0.676310 0.031306 -0.729333 -0.098477
4.931183 0.297247 0.006697 0.035830 -0.676613 0.023874 -0.730371 -0.090458
4.933211 0.297247 0.006697 0.035830 -0.676835 0.016439 -0.731321 -0.082429
4.935238 0.297247 0.006697 0.035830 -0.671462 0.003049 -0.736671 -0.080282
4.937266 0.297359 0.006697 0.035830 -0.671455 -0.004328 -0.737509 -0.072184
4.939294 0.297359 0.006697 0.035830 -0.672207 -0.012430 -0.737417 -0.064803
4.941321 0.297359 0.006697 0.035942 -0.672030 -0.019814 -0.738084 -0.056698
4.943349 0.297359 0.006586 0.035942 -0.671772 -0.027196 -0.738662 -0.048586
4.945376 0.297359 0.006586 0.035942 -0.671772 -0.027196 -0.738662 -0.048586
4.947404 0.297359 0.006586 0.035942 -0.665646 -0.040327 -0.743743 -0.046216
4.949432 0.297359 0.006586 0.035942 -0.665163 -0.047638 -0.744206 -0.038042
4.951459 0.297247 0.006586 0.035942 -0.665163 -0.047638 -0.744206 -0.038042
4.953487 0.297247 0.006586 0.035942 -0.658607 -0.060560 -0.749205 -0.035506
4.955515 0.297247 0.006586 0.035942 -0.658607 -0.060560 -0.749205 -0.035506
4.957542 0.297247 0.006474 0.035942 -0.657902 -0.067792 -0.749550 -0.027273
4.959570 0.297247 0.006474 0.035942 -0.651769 -0.073335 -0.754148 -0.032860
4.961597 0.297247 0.006474 0.035942 -0.650924 -0.080491 -0.754463 -0.024573
4.963625 0.297135 0.006474 0.035942 -0.643669 -0.093034 -0.759316 -0.021766
4.965653 0.297135 0.006474 0.035942 -0.636140 -0.105414 -0.764106 -0.018853
4.967680 0.297135 0.006474 0.035942 -0.628341 -0.117626 -0.768831 -0.015836
4.969708 0.297135 0.006474 0.035942 -0.627011 -0.124522 -0.768959 -0.007388
4.971736 0.297135 0.006474 0.035942 -0.618730 -0.127964 -0.775034 -0.011015
4.973763 0.297135 0.006474 0.035942 -0.610308 -0.139678 -0.779715 -0.007650
4.975791 0.297135 0.006474 0.035942 -0.599934 -0.157806 -0.784319 0.004434
4.977818 0.297247 0.006474 0.035942 -0.590935 -0.160364 -0.790618 0.001559
4.979846 0.297247 0.006474 0.035830 -0.581680 -0.171348 -0.795148 0.005376
4.981874 0.297247 0.006474 0.035942 -0.577775 -0.184087 -0.794838 0.022845
4.983901 0.297247 0.006474 0.035942 -0.565873 -0.200882 -0.798852 0.035635
4.985929 0.297247 0.006474 0.035942 -0.555801 -0.211123 -0.803075 0.039789
4.987957 0.297247 0.006474 0.035942 -0.543045 -0.227119 -0.806673 0.052899
4.989984 0.297359 0.006474 0.035942 -0.540517 -0.233071 -0.806043 0.061758
4.992012 0.297359 0.006474 0.035942 -0.529792 -0.242626 -0.809983 0.066181
4.994039 0.297359 0.006474 0.035942 -0.527095 -0.248432 -0.809207 0.075075
4.996067 0.297359 0.006474 0.035942 -0.516061 -0.257628 -0.813000 0.079625
4.998095 0.297359 0.006586 0.035942 -0.511317 -0.259977 -0.813959 0.091857
5.000122 0.297359 0.006586 0.035942 -0.499942 -0.268640 -0.817643 0.096694
5.002150 0.297359 0.006586 0.035830 -0.496961 -0.274116 -0.816532 0.105671
5.004178 0.297359 0.006586 0.035830 -0.493919 -0.279559 -0.815322 0.114635
5.006205 0.297359 0.006586 0.035830 -0.482175 -0.287714 -0.818790 0.119630
5.008233 0.297359 0.006586 0.035830 -0.478985 -0.292994 -0.817426 0.128618
5.010260 0.297359 0.006586 0.035830 -0.475738 -0.298238 -0.815964 0.137590
5.012288 0.297359 0.006697 0.035830 -0.463647 -0.305869 -0.819209 0.142732
5.014316 0.297359 0.006697 0.035830 -0.460259 -0.310944 -0.817591 0.151724
5.016343 0.297359 0.006697 0.035830 -0.456815 -0.315982 -0.815875 0.160697
5.018371 0.297359 0.006697 0.035830 -0.453316 -0.320981 -0.814061 0.169650
5.020399 0.297359 0.006697 0.035830 -0.453316 -0.320981 -0.814061 0.169650
5.022426 0.297359 0.006697 0.035830 -0.447773 -0.334845 -0.808518 0.183514
5.024454 0.297359 0.006697 0.035830 -0.444067 -0.339744 -0.806453 0.192385
5.026481 0.297359 0.006697 0.035830 -0.435148 -0.341694 -0.811342 0.188720
5.028509 0.297359 0.006697 0.035830 -0.440308 -0.344602 -0.804291 0.201233
5.030537 0.297359 0.006697 0.035830 -0.436496 -0.349418 -0.802031 0.210057
5.032564 0.297359 0.006697 0.035830 -0.434162 -0.358209 -0.798144 0.214840
5.034592 0.297359 0.006697 0.035830 -0.434162 -0.358209 -0.798144 0.214840
5.036620 0.297359 0.006697 0.035830 -0.430200 -0.362957 -0.795736 0.223595
5.038647 0.297359 0.006586 0.035942 -0.430200 -0.362957 -0.795736 0.223595
5.040675 0.297359 0.006586 0.035942 -0.430200 -0.362957 -0.795736 0.223595
5.042702 0.297359 0.006586 0.035942 -0.439088 -0.361203 -0.790651 0.227169
5.044730 0.297359 0.006586 0.035942 -0.435093 -0.366005 -0.788107 0.235841
5.046758 0.297359 0.006586 0.035942 -0.435093 -0.366005 -0.788107 0.235841
5.048785 0.297359 0.006474 0.036054 -0.435093 -0.366005 -0.788107 0.235841
5.050813 0.297359 0.006474 0.036054 -0.435093 -0.366005 -0.788107 0.235841
5.052841 0.297359 0.006474 0.036054 -0.431046 -0.370763 -0.785469 0.244485
5.054868 0.297359 0.006362 0.036054 -0.422122 -0.372321 -0.790631 0.241024
5.056896 0.297359 0.006362 0.036054 -0.422122 -0.372321 -0.790631 0.241024
5.058923 0.297359 0.006362 0.036054 -0.409015 -0.378350 -0.793040 0.246262
5.060951 0.297359 0.006362 0.036054 -0.404833 -0.382821 -0.790287 0.254959
5.062979 0.297359 0.006362 0.036054 -0.391535 -0.388415 -0.792522 0.260273
5.065006 0.297359 0.006362 0.036054 -0.387244 -0.392693 -0.789615 0.268964
5.067034 0.297470 0.006251 0.036054 -0.376759 -0.389125 -0.795997 0.270226
5.069062 0.297470 0.006362 0.036054 -0.358884 -0.397926 -0.794913 0.284554
5.071089 0.297470 0.006362 0.036054 -0.345207 -0.402312 -0.796721 0.290194
5.073117 0.297359 0.006362 0.036054 -0.326951 -0.410013 -0.795107 0.304627
5.075144 0.297359 0.006362 0.036054 -0.308491 -0.417055 -0.793145 0.319090
5.077172 0.297359 0.006362 0.036054 -0.289847 -0.423433 -0.790835 0.333576
5.079200 0.297359 0.006362 0.036054 -0.271042 -0.429142 -0.788174 0.348073
5.081227 0.297359 0.006362 0.036054 -0.252100 -0.434176 -0.785161 0.362572
5.083255 0.297359 0.006362 0.036054 -0.233042 -0.438533 -0.781796 0.377061
5.085283 0.297247 0.006362 0.036054 -0.213892 -0.442209 -0.778077 0.391532
5.087310 0.297247 0.006362 0.036054 -0.199122 -0.436671 -0.778849 0.403810
5.089338 0.297247 0.006362 0.036054 -0.184829 -0.437024 -0.778999 0.409889
5.091365 0.297135 0.006362 0.036054 -0.170532 -0.437062 -0.779016 0.415969
5.093393 0.297135 0.006362 0.035942 -0.151429 -0.438477 -0.774215 0.430580
5.095421 0.297135 0.006362 0.035942 -0.132445 -0.426717 -0.782999 0.432764
5.097448 0.297135 0.006362 0.035942 -0.118267 -0.425506 -0.782468 0.438978
5.099476 0.297135 0.006251 0.035942 -0.109004 -0.415369 -0.786411 0.444009
5.101504 0.297135 0.006251 0.035830 -0.090412 -0.414564 -0.780593 0.458952
5.103531 0.297024 0.006251 0.035830 -0.076437 -0.412278 -0.779561 0.465262
5.105559 0.297024 0.006251 0.035830 -0.067693 -0.401110 -0.782845 0.470832
5.107586 0.297024 0.006139 0.035830 -0.053902 -0.398228 -0.781505 0.477242
5.109614 0.297024 0.006139 0.035830 -0.035835 -0.395460 -0.774664 0.492161
5.111642 0.297024 0.006139 0.035830 -0.036986 -0.387355 -0.773513 0.500266
5.113669 0.297135 0.006139 0.035830 -0.019269 -0.383825 -0.766099 0.515170
5.115697 0.297135 0.006139 0.035830 -0.010832 -0.384156 -0.754595 0.531877
5.117725 0.297135 0.006139 0.035830 -0.002389 -0.384301 -0.742727 0.548328
5.119752 0.297135 0.006139 0.035942 0.001833 -0.384304 -0.736658 0.556454
5.121780 0.297135 0.006139 0.035942 0.010276 -0.384171 -0.724255 0.572505
5.123807 0.297135 0.006139 0.035942 0.018714 -0.383853 -0.711501 0.588279
5.125835 0.297247 0.006139 0.035942 0.027143 -0.383349 -0.698405 0.603770
5.127863 0.297247 0.006139 0.035942 0.027060 -0.388175 -0.680965 0.620383
5.129890 0.297247 0.006139 0.036054 0.028602 -0.380134 -0.671387 0.635547
5.131918 0.297247 0.006139 0.036054 0.024446 -0.385588 -0.660297 0.643997
5.133946 0.297247 0.006139 0.036165 0.032912 -0.384957 -0.645989 0.658349
5.135973 0.297247 0.006139 0.036165 0.041362 -0.384141 -0.631368 0.672383
5.138001 0.297247 0.006139 0.036165 0.049792 -0.383140 -0.616443 0.686092
5.140028 0.297247 0.006139 0.036165 0.050510 -0.375325 -0.605380 0.700068
5.142056 0.297135 0.006139 0.036165 0.062355 -0.368118 -0.601737 0.706055
5.144084 0.297135 0.006139 0.036165 0.062524 -0.360198 -0.590071 0.719836
5.146111 0.297135 0.006139 0.036165 0.070422 -0.358737 -0.574114 0.732627
5.148139 0.297024 0.006139 0.036165 0.085553 -0.349891 -0.561849 0.744703
5.150167 0.297024 0.006139 0.036165 0.100313 -0.340515 -0.549263 0.756503
5.152194 0.296912 0.006139 0.036054 0.106243 -0.324709 -0.539963 0.769231
5.154222 0.296912 0.006139 0.036054 0.120088 -0.314458 -0.526645 0.780602
5.156249 0.296912 0.006139 0.036054 0.140047 -0.295663 -0.516620 0.791248
5.158277 0.296800 0.006139 0.035942 0.152844 -0.284280 -0.502654 0.801974
5.160305 0.296800 0.006139 0.035942 0.165186 -0.272446 -0.488406 0.812371
5.162332 0.296800 0.006139 0.035942 0.177059 -0.260180 -0.473886 0.822429
5.164360 0.296689 0.006251 0.035830 0.188447 -0.247496 -0.459102 0.832141
5.166388 0.296689 0.006251 0.035830 0.199338 -0.234412 -0.444066 0.841499
5.168415 0.296689 0.006251 0.035830 0.219048 -0.225643 -0.426334 0.848141
5.170443 0.296689 0.006251 0.035719 0.226658 -0.214146 -0.420362 0.852093
5.172470 0.296689 0.006251 0.035719 0.234014 -0.202484 -0.414306 0.855914
5.174498 0.296689 0.006251 0.035719 0.243192 -0.188003 -0.398698 0.864033
5.176526 0.296689 0.006251 0.035719 0.247949 -0.178690 -0.401947 0.863151
5.178553 0.296689 0.006251 0.035719 0.249897 -0.175955 -0.392441 0.867515
5.180581 0.296689 0.006362 0.035719 0.251815 -0.173199 -0.382886 0.871774
5.182609 0.296689 0.006362 0.035719 0.244064 -0.166311 -0.375136 0.878662
5.184636 0.296689 0.006362 0.035607 0.248490 -0.156790 -0.378263 0.877831
5.186664 0.296689 0.006362 0.035607 0.248490 -0.156790 -0.378263 0.877831
5.188691 0.296689 0.006362 0.035719 0.250197 -0.154051 -0.368596 0.881933
5.190719 0.296800 0.006362 0.035719 0.236164 -0.159595 -0.367235 0.885378
5.192747 0.296800 0.006251 0.035719 0.236164 -0.159595 -0.367235 0.885378
5.194774 0.296800 0.006251 0.035719 0.236164 -0.159595 -0.367235 0.885378
5.196802 0.296800 0.006251 0.035719 0.237903 -0.156991 -0.357486 0.889359
5.198830 0.296800 0.006251 0.035719 0.237903 -0.156991 -0.357486 0.889359
5.200857 0.296800 0.006251 0.035719 0.233650 -0.166621 -0.354404 0.889968
5.202885 0.296800 0.006251 0.035719 0.223859 -0.162718 -0.356213 0.892481
5.204912 0.296800 0.006251 0.035719 0.223859 -0.162718 -0.356213 0.892481
5.206940 0.296800 0.006251 0.035830 0.225633 -0.160248 -0.346387 0.896340
5.208968 0.296912 0.006251 0.035830 0.221454 -0.169939 -0.343363 0.896761
5.210995 0.296912 0.006251 0.035830 0.221454 -0.169939 -0.343363 0.896761
5.213023 0.296912 0.006251 0.035830 0.223307 -0.167496 -0.333490 0.900479
5.215051 0.296912 0.006251 0.035830 0.229090 -0.180831 -0.328455 0.898296
5.217078 0.296912 0.006251 0.035830 0.229090 -0.180831 -0.328455 0.898296
5.219106 0.296912 0.006251 0.035942 0.231063 -0.178303 -0.318566 0.901850
5.221133 0.296912 0.006139 0.035942 0.227045 -0.188007 -0.315349 0.902030
5.223161 0.296912 0.006139 0.035942 0.229097 -0.185502 -0.305420 0.905440
5.225189 0.296912 0.006139 0.035942 0.229097 -0.185502 -0.305420 0.905440
5.227216 0.296912 0.006139 0.035942 0.241090 -0.186209 -0.293427 0.906147
5.229244 0.296912 0.006139 0.036054 0.237259 -0.195940 -0.290064 0.906189
5.231272 0.296912 0.006139 0.036054 0.239398 -0.193322 -0.280091 0.909321
5.233299 0.296912 0.006139 0.036054 0.241507 -0.190680 -0.270084 0.912343
5.235327 0.296800 0.006139 0.036054 0.237861 -0.200471 -0.266688 0.912201
5.237354 0.296800 0.006139 0.036054 0.240049 -0.197846 -0.256651 0.915076
5.239382 0.296800 0.006139 0.036054 0.242208 -0.195197 -0.246582 0.917840
5.241410 0.296800 0.006139 0.036054 0.242208 -0.195197 -0.246582 0.917840
5.243437 0.296800 0.006139 0.036054 0.244338 -0.192524 -0.236484 0.920494
5.245465 0.296800 0.006139 0.036054 0.246439 -0.189828 -0.226357 0.923036
5.247493 0.296800 0.006139 0.036054 0.248509 -0.187109 -0.216202 0.925467
5.249520 0.296689 0.006139 0.036054 0.250550 -0.184368 -0.206022 0.927787
5.251548 0.296689 0.006139 0.036054 0.240342 -0.182093 -0.208035 0.930483
5.253575 0.296689 0.006139 0.036054 0.245206 -0.169363 -0.201064 0.933147
5.255603 0.296689 0.006139 0.036054 0.247052 -0.166659 -0.190801 0.935300
5.257631 0.296689 0.006139 0.035942 0.251494 -0.153776 -0.183746 0.937732
5.259658 0.296689 0.006139 0.035942 0.253168 -0.151004 -0.173433 0.939694
5.261686 0.296689 0.006139 0.035942 0.246820 -0.136146 -0.167808 0.944661
5.263714 0.296800 0.006251 0.035942 0.248301 -0.133427 -0.157419 0.946448
5.265741 0.296800 0.006251 0.035942 0.251862 -0.120359 -0.150076 0.948449
5.267769 0.296800 0.006251 0.035942 0.255136 -0.107216 -0.142690 0.950289
5.269796 0.296800 0.006251 0.035830 0.256299 -0.104406 -0.132241 0.951800
5.271824 0.296800 0.006251 0.035830 0.259138 -0.091163 -0.124799 0.953395
5.273852 0.296800 0.006251 0.035830 0.260124 -0.088310 -0.114317 0.954709
5.275879 0.296800 0.006251 0.035830 0.262525 -0.074980 -0.106826 0.956058
5.277907 0.296912 0.006251 0.035830 0.273833 -0.073146 -0.095519 0.954223
5.279935 0.296912 0.006251 0.035830 0.275805 -0.059662 -0.088135 0.955303
5.281962 0.296912 0.006251 0.035830 0.276444 -0.056628 -0.077635 0.956214
5.283990 0.296912 0.006251 0.035830 0.277481 -0.046138 -0.080729 0.956221
5.286017 0.296800 0.006251 0.035719 0.277971 -0.043087 -0.070219 0.957050
5.288045 0.296800 0.006251 0.035719 0.289705 -0.030203 -0.062459 0.954598
5.290073 0.296800 0.006251 0.035719 0.290020 -0.027018 -0.051968 0.955227
5.292100 0.296800 0.006251 0.035719 0.290299 -0.023831 -0.041471 0.955740
5.294128 0.296689 0.006251 0.035719 0.290935 -0.010137 -0.034167 0.956079
5.296156 0.296689 0.006251 0.035719 0.290935 -0.010137 -0.034167 0.956079
5.298183 0.296689 0.006251 0.035719 0.291028 -0.006940 -0.023661 0.956397
5.300211 0.296689 0.006251 0.035719 0.280560 -0.003598 -0.013193 0.959739
5.302238 0.296577 0.006251 0.035719 0.280593 0.010030 -0.005731 0.959757
5.304266 0.296577 0.006251 0.035719 0.280466 0.013112 0.004814 0.959762
5.306294 0.296577 0.006251 0.035719 0.280305 0.016192 0.015358 0.959651
5.308321 0.296466 0.006251 0.035607 0.269553 0.018985 0.026110 0.962444
5.310349 0.296466 0.006251 0.035607 0.268843 0.032511 0.033711 0.962045
5.312376 0.296466 0.006251 0.035607 0.257889 0.034974 0.044665 0.964508
5.314404 0.296466 0.006251 0.035719 0.257489 0.037805 0.055258 0.963959
5.316432 0.296354 0.006139 0.035719 0.246006 0.042611 0.076897 0.965273
5.318459 0.296354 0.006139 0.035607 0.234914 0.044347 0.087989 0.967009
5.320487 0.296354 0.006139 0.035607 0.232553 0.060081 0.106582 0.964857
5.322515 0.296354 0.006139 0.035607 0.220591 0.063768 0.128463 0.964764
5.324542 0.296354 0.006139 0.035607 0.208559 0.066951 0.150374 0.964058
5.326570 0.296354 0.006139 0.035719 0.207037 0.071517 0.171519 0.960522
5.328597 0.296354 0.006139 0.035719 0.197155 0.063422 0.195680 0.958549
5.330625 0.296242 0.006139 0.035719 0.185221 0.065354 0.217424 0.956111
5.332653 0.296242 0.006139 0.035719 0.183741 0.069408 0.238378 0.951103
5.334680 0.296242 0.006139 0.035719 0.182171 0.073428 0.259217 0.945636
5.336708 0.296242 0.006139 0.035719 0.170180 0.074332 0.280765 0.941639
5.338736 0.296131 0.006139 0.035719 0.169353 0.076198 0.291093 0.938498
5.340763 0.296131 0.006139 0.035719 0.157390 0.076471 0.312501 0.933661
5.342791 0.296131 0.006028 0.035830 0.160156 0.068000 0.324599 0.929710
5.344818 0.296019 0.006028 0.035830 0.148481 0.067709 0.345712 0.924041
5.346846 0.296019 0.006028 0.035830 0.147728 0.069336 0.355843 0.920187
5.348874 0.296019 0.006028 0.035830 0.136883 0.066930 0.366688 0.917782
5.350901 0.295908 0.006028 0.035830 0.136883 0.066930 0.366688 0.917782
5.352929 0.295908 0.005916 0.035830 0.126093 0.064287 0.377478 0.915138
5.354957 0.295908 0.005916 0.035942 0.115364 0.061407 0.388207 0.912259
5.356984 0.295796 0.005916 0.035942 0.119652 0.051394 0.389547 0.911754
5.359012 0.295796 0.005804 0.035942 0.109104 0.048313 0.400095 0.908673
5.361039 0.295684 0.005804 0.035942 0.109104 0.048313 0.400095 0.908673
5.363067 0.295684 0.005804 0.035942 0.094707 0.053907 0.399487 0.910239
5.365095 0.295684 0.005693 0.035942 0.094109 0.054944 0.409462 0.905795
5.367122 0.295573 0.005693 0.035942 0.094109 0.054944 0.409462 0.905795
5.369150 0.295573 0.005693 0.035942 0.083593 0.051364 0.419978 0.902215
5.371178 0.295461 0.005693 0.035942 0.083023 0.052279 0.429865 0.897547
5.373205 0.295349 0.005693 0.035942 0.082444 0.053188 0.439700 0.892770
5.375233 0.295349 0.005581 0.035942 0.082444 0.053188 0.439700 0.892770
5.377260 0.295238 0.005581 0.035942 0.071551 0.049938 0.459785 0.883733
5.379288 0.295126 0.005581 0.035942 0.070998 0.050721 0.469466 0.878629
5.381316 0.295126 0.005581 0.036054 0.069867 0.052269 0.488657 0.868102
5.383343 0.295015 0.005581 0.036054 0.068701 0.053791 0.507612 0.857156
5.385371 0.294903 0.005581 0.036054 0.067503 0.055288 0.526322 0.845797
5.387399 0.294791 0.005581 0.036054 0.066272 0.056758 0.544778 0.834029
5.389426 0.294680 0.005581 0.036054 0.064366 0.058911 0.571965 0.815624
5.391454 0.294568 0.005469 0.036054 0.063056 0.060310 0.589747 0.802860
5.393481 0.294456 0.005469 0.036054 0.061034 0.062356 0.615884 0.782990
5.395509 0.294345 0.005469 0.036054 0.058236 0.064977 0.649687 0.755178
5.397537 0.294233 0.005469 0.036165 0.048003 0.059449 0.674913 0.733930
5.399564 0.294122 0.005469 0.036165 0.045345 0.061501 0.706504 0.703572
5.401592 0.294010 0.005358 0.036165 0.042599 0.063433 0.736731 0.671855
5.403620 0.293898 0.005358 0.036165 0.032139 0.071895 0.757792 0.647726
5.405647 0.293787 0.005358 0.036165 0.013545 0.071321 0.785597 0.614464
5.407675 0.293675 0.005358 0.036165 -0.004917 0.069254 0.811886 0.579673
5.409702 0.293675 0.005358 0.036165 -0.017173 0.074894 0.835791 0.543645
5.411730 0.293563 0.005358 0.036165 -0.020446 0.074067 0.858867 0.506403
5.413758 0.293452 0.005246 0.036165 -0.043076 0.083251 0.878452 0.468546
5.415785 0.293340 0.005246 0.036165 -0.055648 0.086526 0.892344 0.439476
5.417813 0.293229 0.005246 0.036165 -0.078453 0.093440 0.903880 0.410018
5.419841 0.293117 0.005246 0.036165 -0.088573 0.103939 0.918542 0.370989
5.421868 0.293117 0.005246 0.036165 -0.102222 0.104537 0.928728 0.340716
5.423896 0.293005 0.005246 0.036165 -0.115983 0.104332 0.937804 0.310138
5.425923 0.292894 0.005135 0.036165 -0.125482 0.115088 0.941429 0.291067
5.427951 0.292782 0.005135 0.036054 -0.135469 0.125403 0.944381 0.272151
5.429979 0.292671 0.005135 0.036054 -0.148697 0.124847 0.948104 0.251796
5.432006 0.292559 0.005135 0.036054 -0.159391 0.134198 0.949857 0.233147
5.434034 0.292447 0.005023 0.036054 -0.170510 0.143053 0.950977 0.214722
5.436062 0.292336 0.005023 0.036054 -0.173612 0.139272 0.955465 0.193776
5.438089 0.292336 0.005023 0.036054 -0.185316 0.147358 0.955569 0.175592
5.440117 0.292224 0.005023 0.036054 -0.188508 0.143251 0.959196 0.154555
5.442144 0.292112 0.005023 0.036054 -0.202232 0.139991 0.959909 0.134456
5.444172 0.292001 0.004911 0.036054 -0.204002 0.146082 0.961085 0.115582
5.446200 0.291889 0.004911 0.036054 -0.217776 0.141970 0.960868 0.095663
5.448227 0.291778 0.004911 0.036054 -0.220843 0.137151 0.962738 0.074529
5.450255 0.291666 0.004911 0.036054 -0.235336 0.140169 0.960619 0.046708
5.452283 0.291666 0.004911 0.036054 -0.250363 0.131752 0.959002 0.016582
5.454310 0.291554 0.004911 0.036054 -0.254569 0.123430 0.959028 -0.015029
5.456338 0.291554 0.004911 0.036054 -0.257219 0.117807 0.958466 -0.036096
5.458365 0.291443 0.004911 0.036054 -0.272541 0.104758 0.953372 -0.076351
5.460393 0.291443 0.004911 0.036054 -0.275845 0.095720 0.950338 -0.107726
5.462421 0.291331 0.004911 0.036165 -0.278850 0.086578 0.946272 -0.138984
5.464448 0.291331 0.004911 0.036165 -0.281551 0.077342 0.941178 -0.170091
5.466476 0.291331 0.004911 0.036165 -0.283947 0.068022 0.935062 -0.201014
5.468504 0.291219 0.004911 0.036277 -0.285373 0.061767 0.930420 -0.221509
5.470531 0.291219 0.004800 0.036277 -0.284467 0.042190 0.923134 -0.255190
5.472559 0.291108 0.004800 0.036277 -0.285703 0.032793 0.914224 -0.285471
5.474586 0.290996 0.004800 0.036388 -0.276947 0.027521 0.906413 -0.317741
5.476614 0.290996 0.004800 0.036388 -0.273759 0.011549 0.899394 -0.340607
5.478642 0.290885 0.004688 0.036388 -0.273947 0.005531 0.891693 -0.360285
5.480669 0.290773 0.004688 0.036388 -0.269813 -0.010196 0.883504 -0.382777
5.482697 0.290661 0.004688 0.036500 -0.269524 -0.016121 0.874880 -0.402096
5.484725 0.290550 0.004688 0.036388 -0.269105 -0.022039 0.865835 -0.421221
5.486752 0.290438 0.004576 0.036388 -0.268232 -0.030895 0.851484 -0.449524
5.488780 0.290326 0.004576 0.036388 -0.271279 -0.051655 0.839073 -0.468717
5.490807 0.290215 0.004576 0.036388 -0.270079 -0.057603 0.828573 -0.487039
5.492835 0.290103 0.004688 0.036388 -0.268034 -0.066471 0.812073 -0.514078
5.494863 0.289992 0.004688 0.036388 -0.269135 -0.087410 0.797883 -0.532267
5.496890 0.289880 0.004688 0.036388 -0.274350 -0.102771 0.778041 -0.555718
5.498918 0.289880 0.004688 0.036277 -0.280089 -0.115480 0.763739 -0.570016
5.500946 0.289768 0.004688 0.036277 -0.283936 -0.131600 0.742634 -0.592079
5.502973 0.289657 0.004688 0.036277 -0.286982 -0.148075 0.720819 -0.613298
5.505001 0.289657 0.004800 0.036277 -0.289209 -0.164866 0.698331 -0.633649
5.507028 0.289545 0.004800 0.036165 -0.290599 -0.181936 0.675204 -0.653109
5.509056 0.289545 0.004800 0.036165 -0.293307 -0.196035 0.658816 -0.664457
5.511084 0.289545 0.004800 0.036165 -0.295498 -0.210312 0.642179 -0.675320
5.513111 0.289434 0.004800 0.036165 -0.278234 -0.229799 0.609403 -0.705979
5.515139 0.289434 0.004800 0.036165 -0.276461 -0.247158 0.584037 -0.722069
5.517167 0.289434 0.004800 0.036165 -0.270883 -0.267602 0.550074 -0.743257
5.519194 0.289434 0.004800 0.036165 -0.253542 -0.282137 0.522214 -0.763811
5.521222 0.289322 0.004688 0.036165 -0.245791 -0.301890 0.486615 -0.782084
5.523249 0.289322 0.004688 0.036165 -0.223458 -0.317341 0.448328 -0.805210
5.525277 0.289322 0.004576 0.036165 -0.200634 -0.342802 0.398405 -0.826745
5.527305 0.289210 0.004576 0.036277 -0.176104 -0.355237 0.357819 -0.845434
5.529332 0.289210 0.004465 0.036277 -0.141700 -0.380513 0.286608 -0.867748
5.531360 0.289099 0.004465 0.036277 -0.102294 -0.392658 0.214792 -0.888380
5.533388 0.288987 0.004465 0.036277 -0.067979 -0.410108 0.150658 -0.896935
5.535415 0.288875 0.004353 0.036277 -0.021755 -0.415251 0.066787 -0.906991
5.537443 0.288875 0.004242 0.036388 0.030011 -0.425487 -0.012576 -0.904379
5.539470 0.288764 0.004130 0.036388 0.067874 -0.421769 -0.076759 -0.900895
5.541498 0.288652 0.004018 0.036388 0.115646 -0.422275 -0.159918 -0.884724
5.543526 0.288541 0.004018 0.036388 0.173249 -0.414831 -0.245525 -0.858847
5.545553 0.288429 0.004018 0.036388 0.220868 -0.403876 -0.323560 -0.826687
5.547581 0.288317 0.004018 0.036388 0.271882 -0.384689 -0.406546 -0.782825
5.549609 0.288206 0.003907 0.036388 0.316998 -0.362787 -0.476024 -0.735731
5.551636 0.288094 0.003795 0.036388 0.356369 -0.339807 -0.532877 -0.688167
5.553664 0.288094 0.003684 0.036388 0.393811 -0.312885 -0.585258 -0.635994
5.555691 0.287982 0.003684 0.036388 0.428943 -0.282201 -0.632777 -0.579624
5.557719 0.287871 0.003572 0.036388 0.452058 -0.243460 -0.681212 -0.521843
5.559747 0.287759 0.003572 0.036388 0.490489 -0.207535 -0.719474 -0.445766
5.561774 0.287759 0.003572 0.036388 0.525466 -0.166784 -0.749470 -0.366557
5.563802 0.287648 0.003572 0.036277 0.553263 -0.130059 -0.769532 -0.291212
5.565830 0.287648 0.003460 0.036277 0.568435 -0.097827 -0.782032 -0.236088
5.567857 0.287648 0.003349 0.036388 0.582330 -0.057740 -0.792474 -0.171880
5.569885 0.287536 0.003237 0.036388 0.584868 -0.019256 -0.802075 -0.119306
5.571912 0.287536 0.003237 0.036388 0.593294 0.016527 -0.802306 -0.063516
5.573940 0.287424 0.003125 0.036388 0.599438 0.053343 -0.798599 -0.008224
5.575968 0.287313 0.003125 0.036388 0.610687 0.096068 -0.783969 0.056789
5.577995 0.287201 0.003014 0.036388 0.613016 0.128315 -0.772986 0.101188
5.580023 0.287089 0.002902 0.036388 0.603233 0.168416 -0.764642 0.151885
5.582051 0.287089 0.002902 0.036500 0.601604 0.201157 -0.748251 0.194240
5.584078 0.286978 0.002791 0.036500 0.587035 0.241960 -0.733844 0.241493
5.586106 0.286978 0.002679 0.036612 0.564373 0.273091 -0.726409 0.281484
5.588133 0.286866 0.002679 0.036612 0.548528 0.303666 -0.709859 0.320942
5.590161 0.286755 0.002567 0.036612 0.535416 0.342483 -0.680563 0.364512
5.592189 0.286643 0.002567 0.036723 0.511365 0.378586 -0.655404 0.406971
5.594216 0.286531 0.002567 0.036723 0.497908 0.408461 -0.625189 0.440893
5.596244 0.286531 0.002456 0.036723 0.474731 0.435182 -0.600039 0.474553
5.598272 0.286420 0.002456 0.036723 0.457859 0.463778 -0.566328 0.504527
5.600299 0.286420 0.002456 0.036723 0.425803 0.494095 -0.532377 0.539570
5.602327 0.286308 0.002344 0.036723 0.399127 0.526023 -0.489633 0.569436
5.604354 0.286308 0.002344 0.036723 0.369645 0.547143 -0.457630 0.595460
5.606382 0.286196 0.002232 0.036835 0.338474 0.567555 -0.424819 0.618745
5.608410 0.286196 0.002232 0.036723 0.313495 0.590038 -0.384017 0.637265
5.610437 0.286085 0.002232 0.036723 0.293366 0.616372 -0.336389 0.648740
5.612465 0.285973 0.002121 0.036723 0.265122 0.636783 -0.294424 0.661462
5.614493 0.285973 0.002121 0.036723 0.228083 0.658588 -0.244844 0.674011
5.616520 0.285862 0.002121 0.036723 0.198931 0.667972 -0.214997 0.684117
5.618548 0.285862 0.002009 0.036723 0.161956 0.677887 -0.177112 0.694889
5.620575 0.285750 0.002009 0.036723 0.129290 0.691961 -0.133927 0.697522
5.622603 0.285750 0.001898 0.036723 0.088073 0.705198 -0.083045 0.698600
5.624631 0.285638 0.001898 0.036723 0.045933 0.715708 -0.032336 0.696136
5.626658 0.285527 0.001898 0.036723 0.014447 0.717035 -0.001723 0.696885
5.628686 0.285415 0.001898 0.036723 -0.032587 0.716302 0.044414 0.695612
5.630714 0.285304 0.001898 0.036723 -0.083787 0.718339 0.101416 0.683143
5.632741 0.285304 0.001898 0.036723 -0.130132 0.710907 0.146984 0.675332
5.634769 0.285192 0.001898 0.036723 -0.173197 0.707534 0.194495 0.656940
5.636796 0.285192 0.001898 0.036723 -0.225909 0.691730 0.245527 0.640462
5.638824 0.285080 0.001898 0.036723 -0.260309 0.685110 0.283294 0.618553
5.640852 0.285080 0.001898 0.036723 -0.300827 0.673037 0.327085 0.591219
5.642879 0.285080 0.001898 0.036723 -0.349820 0.647458 0.373368 0.564819
5.644907 0.285080 0.001898 0.036835 -0.389872 0.622572 0.411598 0.539436
5.646935 0.285080 0.001898 0.036835 -0.421624 0.599810 0.442436 0.516441
5.648962 0.285080 0.001898 0.036835 -0.452995 0.575569 0.471048 0.491559
5.650990 0.285080 0.001898 0.036835 -0.480152 0.556719 0.500372 0.457324
5.653017 0.285080 0.001786 0.036835 -0.507797 0.529145 0.526923 0.429534
5.655045 0.285192 0.001786 0.036835 -0.532043 0.507358 0.552828 0.392299
5.657073 0.285192 0.001786 0.036835 -0.553136 0.475835 0.571167 0.376019
5.659100 0.285192 0.001786 0.036947 -0.573106 0.443392 0.588381 0.358833
5.661128 0.285080 0.001674 0.036947 -0.591097 0.417650 0.604511 0.332775
5.663156 0.285080 0.001674 0.036947 -0.608588 0.383576 0.619580 0.314024
5.665183 0.285080 0.001674 0.036947 -0.616103 0.369999 0.627095 0.300448
5.667211 0.285080 0.001563 0.036947 -0.630230 0.342368 0.641222 0.272817
5.669238 0.285080 0.001563 0.036947 -0.638359 0.320804 0.646928 0.266584
5.671266 0.284969 0.001563 0.036947 -0.650641 0.292288 0.659210 0.238068
5.673294 0.284969 0.001451 0.036947 -0.657763 0.270258 0.663908 0.231376
5.675321 0.284969 0.001451 0.036947 -0.665456 0.248310 0.672028 0.209498
5.677349 0.284857 0.001339 0.036947 -0.671786 0.225957 0.675764 0.202460
5.679377 0.284857 0.001339 0.036947 -0.676329 0.211102 0.680308 0.187605
5.681404 0.284745 0.001339 0.036947 -0.680546 0.196151 0.684524 0.172653
5.683432 0.284745 0.001228 0.036835 -0.686123 0.173536 0.690359 0.150084
5.685459 0.284634 0.001228 0.036835 -0.689512 0.158376 0.693748 0.134924
5.687487 0.284634 0.001116 0.036835 -0.693840 0.135481 0.698334 0.112077
5.689515 0.284634 0.001116 0.036835 -0.696391 0.120158 0.700885 0.096753
5.691542 0.284522 0.001116 0.036835 -0.702034 0.081742 0.703598 0.073595
5.693570 0.284522 0.001116 0.036723 -0.703571 0.066282 0.705135 0.058135
5.695598 0.284522 0.001005 0.036723 -0.705193 0.043029 0.706847 0.034899
5.697625 0.284411 0.001005 0.036723 -0.706224 0.011975 0.707877 0.003845
5.699653 0.284411 0.001005 0.036723 -0.706056 -0.011338 0.707798 -0.019449
5.701680 0.284299 0.001005 0.036723 -0.704697 -0.042380 0.706440 -0.050490
5.703708 0.284299 0.001005 0.036723 -0.701976 -0.073331 0.703719 -0.081442
5.705736 0.284299 0.001005 0.036723 -0.697897 -0.104134 0.699640 -0.112244
5.707763 0.284299 0.001005 0.036723 -0.692470 -0.134727 0.694213 -0.142837
5.709791 0.284299 0.001005 0.036723 -0.687339 -0.172648 0.685817 -0.165568
5.711819 0.284299 0.001005 0.036723 -0.679247 -0.202647 0.677725 -0.195567
5.713846 0.284299 0.001005 0.036723 -0.669845 -0.232261 0.668323 -0.225182
5.715874 0.284187 0.001005 0.036723 -0.660706 -0.268999 0.655921 -0.246730
5.717901 0.284187 0.001005 0.036723 -0.651729 -0.290578 0.647188 -0.268258
5.719929 0.284187 0.001116 0.036723 -0.638826 -0.318839 0.634286 -0.296519
5.721957 0.284187 0.001116 0.036723 -0.626096 -0.354038 0.618459 -0.316497
5.723984 0.284187 0.001116 0.036723 -0.610766 -0.381052 0.603129 -0.343510
5.726012 0.284187 0.001116 0.036723 -0.594265 -0.407366 0.586628 -0.369824
5.728040 0.284187 0.001116 0.036723 -0.580932 -0.426653 0.573708 -0.389030
5.730067 0.284187 0.001228 0.036723 -0.562458 -0.451621 0.555234 -0.413998
5.732095 0.284187 0.001228 0.036612 -0.542905 -0.475754 0.535681 -0.438131
5.734122 0.284187 0.001228 0.036612 -0.526337 -0.485738 0.521796 -0.463418
5.736150 0.284187 0.001228 0.036612 -0.510536 -0.502725 0.505750 -0.480456
5.738178 0.284187 0.001228 0.036500 -0.492447 -0.511675 0.491003 -0.504579
5.740205 0.284187 0.001228 0.036500 -0.475474 -0.527595 0.473953 -0.520515
5.742233 0.284187 0.001228 0.036388 -0.450360 -0.540346 0.452103 -0.548457
5.744261 0.284076 0.001228 0.036388 -0.430361 -0.547284 0.435624 -0.570527
5.746288 0.284076 0.001228 0.036388 -0.411836 -0.561221 0.416843 -0.584521
5.748316 0.284076 0.001228 0.036277 -0.390793 -0.566873 0.399486 -0.605266
5.750343 0.284076 0.001228 0.036277 -0.369120 -0.571852 0.381829 -0.625254
5.752371 0.284076 0.001116 0.036165 -0.342462 -0.587769 0.355172 -0.641171
5.754399 0.284076 0.001116 0.036165 -0.326918 -0.587432 0.343221 -0.655933
5.756426 0.284076 0.001116 0.036165 -0.299283 -0.601552 0.315586 -0.670053
5.758454 0.284076 0.001116 0.036165 -0.266134 -0.625271 0.278256 -0.678809
5.760482 0.284076 0.001005 0.036165 -0.244794 -0.633822 0.256327 -0.687490
5.762509 0.284076 0.001005 0.036165 -0.208439 -0.646520 0.219381 -0.700312
5.764537 0.283964 0.001005 0.036165 -0.172967 -0.665066 0.180390 -0.703725
5.766564 0.283964 0.000893 0.036277 -0.129257 -0.682969 0.133235 -0.706466
5.768592 0.283964 0.000893 0.036277 -0.084608 -0.697838 0.085813 -0.706045
5.770620 0.283964 0.000893 0.036388 -0.046950 -0.709162 0.046135 -0.701967
5.772647 0.283964 0.000893 0.036388 0.006272 -0.725898 -0.009327 -0.687710
5.774675 0.283852 0.000781 0.036500 0.068508 -0.737461 -0.070997 -0.668144
5.776703 0.283852 0.000781 0.036500 0.123343 -0.737387 -0.123592 -0.652512
5.778730 0.283741 0.000670 0.036612 0.185917 -0.731085 -0.181802 -0.630791
5.780758 0.283629 0.000670 0.036612 0.247632 -0.719340 -0.237800 -0.603887
5.782785 0.283629 0.000670 0.036612 0.301704 -0.705425 -0.283390 -0.575361
5.784813 0.283518 0.000558 0.036612 0.353597 -0.680456 -0.328169 -0.551593
5.786841 0.283518 0.000558 0.036723 0.404926 -0.658503 -0.368641 -0.516248
5.788868 0.283406 0.000558 0.036723 0.447607 -0.637599 -0.400636 -0.482293
5.790896 0.283406 0.000446 0.036723 0.491527 -0.595330 -0.441375 -0.457353
5.792924 0.283294 0.000446 0.036612 0.519639 -0.561431 -0.470726 -0.439530
5.794951 0.283294 0.000446 0.036612 0.551498 -0.519994 -0.503667 -0.414458
5.796979 0.283294 0.000335 0.036612 0.573810 -0.495264 -0.521388 -0.391931
5.799006 0.283294 0.000335 0.036612 0.599028 -0.463638 -0.543229 -0.362088
5.801034 0.283294 0.000223 0.036612 0.618818 -0.436875 -0.558611 -0.337874
5.803062 0.283183 0.000223 0.036612 0.632878 -0.416245 -0.569442 -0.319282
5.805089 0.283183 0.000223 0.036500 0.646251 -0.395164 -0.579654 -0.300344
5.807117 0.283183 0.000112 0.036500 0.657909 -0.361189 -0.598425 -0.280333
5.809145 0.283183 0.000112 0.036500 0.661414 -0.340726 -0.609628 -0.273481
5.811172 0.283183 0.000000 0.036500 0.668740 -0.326112 -0.615489 -0.260020
5.813200 0.283183 0.000000 0.036500 0.675744 -0.311341 -0.621053 -0.246435
5.815227 0.283183 0.000000 0.036500 0.684937 -0.289520 -0.629537 -0.225219
5.817255 0.283183 -0.000112 0.036500 0.688076 -0.281978 -0.631973 -0.218289
5.819283 0.283071 -0.000112 0.036500 0.696994 -0.259150 -0.638823 -0.197345
5.821310 0.283071 -0.000112 0.036500 0.694824 -0.246020 -0.646733 -0.196038
5.823338 0.282959 -0.000112 0.036500 0.700061 -0.230695 -0.650884 -0.181781
5.825366 0.282959 -0.000112 0.036500 0.699252 -0.210423 -0.661080 -0.172455
5.827393 0.282959 -0.000112 0.036388 0.703707 -0.195009 -0.664710 -0.157889
5.829421 0.282848 -0.000223 0.036388 0.703917 -0.166915 -0.675879 -0.140808
5.831448 0.282848 -0.000223 0.036388 0.705708 -0.159172 -0.677386 -0.133374
5.833476 0.282736 -0.000223 0.036388 0.710294 -0.136147 -0.681689 -0.110663
5.835504 0.282736 -0.000223 0.036388 0.707368 -0.115497 -0.690033 -0.100722
5.837531 0.282625 -0.000223 0.036388 0.710632 -0.092318 -0.693135 -0.077735
5.839559 0.282625 -0.000112 0.036388 0.706496 -0.071849 -0.700833 -0.067337
5.841587 0.282513 -0.000112 0.036388 0.707904 -0.056310 -0.702143 -0.051922
5.843614 0.282401 -0.000112 0.036388 0.709328 -0.033016 -0.703520 -0.028692
5.845642 0.282401 -0.000112 0.036388 0.703647 -0.005193 -0.710461 -0.009924
5.847669 0.282290 -0.000112 0.036388 0.703591 0.010268 -0.710508 0.005688
5.849697 0.282290 -0.000112 0.036388 0.702871 0.033448 -0.709935 0.029098
5.851725 0.282290 -0.000112 0.036388 0.694554 0.060438 -0.715247 0.048617
5.853752 0.282178 -0.000112 0.036388 0.692185 0.083293 -0.713257 0.072160
5.855780 0.282178 -0.000112 0.036388 0.690188 0.098481 -0.711499 0.087813
5.857808 0.282066 -0.000112 0.036388 0.680486 0.116525 -0.716427 0.100467
5.859835 0.282066 -0.000112 0.036388 0.677761 0.131448 -0.714046 0.116184
5.861863 0.282066 -0.000112 0.036388 0.665556 0.156430 -0.716829 0.136824
5.863890 0.282066 -0.000112 0.036277 0.663595 0.163164 -0.715485 0.145258
5.865918 0.281955 -0.000112 0.036277 0.652125 0.179992 -0.719177 0.158491
5.867946 0.281955 -0.000223 0.036277 0.648013 0.194276 -0.715521 0.174254
5.869973 0.281955 -0.000223 0.036277 0.643589 0.208467 -0.711520 0.189932
5.872001 0.281955 -0.000223 0.036388 0.641072 0.214774 -0.709578 0.198488
5.874029 0.281843 -0.000335 0.036388 0.646572 0.220197 -0.700113 0.208088
5.876056 0.281843 -0.000335 0.036388 0.646572 0.220197 -0.700113 0.208088
5.878084 0.281843 -0.000446 0.036388 0.641704 0.234939 -0.695245 0.222830
5.880111 0.281843 -0.000446 0.036388 0.639085 0.241974 -0.692755 0.230455
5.882139 0.281843 -0.000558 0.036388 0.646920 0.240432 -0.685408 0.232171
5.884167 0.281843 -0.000558 0.036388 0.644239 0.247524 -0.682816 0.239687
5.886194 0.281843 -0.000558 0.036500 0.649271 0.253186 -0.672676 0.248698
5.888222 0.281843 -0.000670 0.036500 0.649271 0.253186 -0.672676 0.248698
5.890250 0.281843 -0.000670 0.036500 0.651309 0.266218 -0.659456 0.264656
5.892277 0.281843 -0.000670 0.036500 0.648345 0.273357 -0.656509 0.271884
5.894305 0.281843 -0.000670 0.036500 0.655993 0.271979 -0.648866 0.273265
5.896332 0.281955 -0.000670 0.036612 0.652965 0.279170 -0.645825 0.280377
5.898360 0.281955 -0.000670 0.036612 0.646661 0.293370 -0.639521 0.294577
5.900388 0.281955 -0.000670 0.036612 0.650998 0.299211 -0.628499 0.302761
5.902415 0.281955 -0.000670 0.036612 0.650998 0.299211 -0.628499 0.302761
5.904443 0.281955 -0.000670 0.036612 0.647671 0.306344 -0.625135 0.309647
5.906471 0.281955 -0.000670 0.036612 0.644267 0.313441 -0.621695 0.316496
5.908498 0.281955 -0.000670 0.036723 0.637194 0.327273 -0.614622 0.330327
5.910526 0.281955 -0.000670 0.036723 0.633560 0.334253 -0.610956 0.337060
5.912553 0.281955 -0.000670 0.036723 0.641120 0.333216 -0.603101 0.337937
5.914581 0.281955 -0.000670 0.036723 0.637420 0.340240 -0.599352 0.344542
5.916609 0.281955 -0.000670 0.036723 0.633644 0.347222 -0.595531 0.351106
5.918636 0.281955 -0.000670 0.036723 0.633644 0.347222 -0.595531 0.351106
5.920664 0.281955 -0.000670 0.036723 0.625824 0.360641 -0.587711 0.364525
5.922692 0.281955 -0.000670 0.036835 0.621824 0.367494 -0.583671 0.370960
5.924719 0.281955 -0.000558 0.036835 0.621824 0.367494 -0.583671 0.370960
5.926747 0.281843 -0.000558 0.036835 0.617749 0.374303 -0.579560 0.377349
5.928774 0.281843 -0.000558 0.036835 0.617749 0.374303 -0.579560 0.377349
5.930802 0.281843 -0.000558 0.036835 0.613600 0.381068 -0.575380 0.383694
5.932830 0.281843 -0.000558 0.036835 0.613600 0.381068 -0.575380 0.383694
5.934857 0.281843 -0.000558 0.036835 0.605055 0.394037 -0.566835 0.396663
5.936885 0.281843 -0.000558 0.036835 0.605055 0.394037 -0.566835 0.396663
5.938913 0.281843 -0.000558 0.036835 0.600690 0.400660 -0.562443 0.402866
5.940940 0.281843 -0.000558 0.036835 0.600690 0.400660 -0.562443 0.402866
5.942968 0.281843 -0.000558 0.036835 0.591722 0.413341 -0.553475 0.415547
5.944995 0.281843 -0.000670 0.036835 0.584104 0.413886 -0.561365 0.415198
5.947023 0.281843 -0.000670 0.036723 0.579508 0.420029 -0.556784 0.421590
5.949051 0.281843 -0.000670 0.036723 0.574858 0.426370 -0.552119 0.427681
5.951078 0.281843 -0.000670 0.036723 0.567169 0.426867 -0.559940 0.427284
5.953106 0.281843 -0.000670 0.036723 0.562440 0.432993 -0.555216 0.433489
5.955134 0.281843 -0.000670 0.036723 0.549892 0.439591 -0.558174 0.439113
5.957161 0.281843 -0.000670 0.036723 0.549892 0.439591 -0.558174 0.439113
5.959189 0.281843 -0.000781 0.036612 0.545029 0.445606 -0.553316 0.445219
5.961216 0.281843 -0.000781 0.036612 0.537201 0.445912 -0.561007 0.444801
5.963244 0.281843 -0.000781 0.036612 0.532282 0.452049 -0.556074 0.450676
5.965272 0.281843 -0.000781 0.036612 0.527284 0.457869 -0.551090 0.456758
5.967299 0.281843 -0.000781 0.036612 0.519393 0.458119 -0.558715 0.456284
5.969327 0.281843 -0.000893 0.036612 0.514329 0.463797 -0.553669 0.462394
5.971354 0.281843 -0.000893 0.036612 0.514329 0.463797 -0.553669 0.462394
5.973382 0.281843 -0.000893 0.036612 0.509203 0.469420 -0.548555 0.468449
5.975410 0.281843 -0.000893 0.036612 0.509197 0.468987 -0.548561 0.468882
5.977437 0.281732 -0.000893 0.036612 0.511908 0.474734 -0.535739 0.474932
5.979465 0.281732 -0.000893 0.036612 0.506662 0.480329 -0.530489 0.480789
5.981493 0.281732 -0.000893 0.036612 0.495987 0.491345 -0.519798 0.492328
5.983520 0.281732 -0.000893 0.036612 0.498379 0.497232 -0.506663 0.497666
5.985548 0.281620 -0.000893 0.036612 0.487328 0.508153 -0.495613 0.508586
5.987575 0.281620 -0.000893 0.036612 0.483795 0.519316 -0.476574 0.518779
5.989603 0.281620 -0.000893 0.036612 0.478060 0.524599 -0.470846 0.523983
5.991631 0.281508 -0.000893 0.036723 0.468201 0.540672 -0.445529 0.538484
5.993658 0.281508 -0.000893 0.036723 0.463816 0.551613 -0.425773 0.547097
5.995686 0.281397 -0.000893 0.036723 0.452992 0.566979 -0.399602 0.560045
5.997714 0.281397 -0.000893 0.036723 0.434152 0.581014 -0.380840 0.573494
5.999741 0.281397 -0.000893 0.036723 0.428752 0.591385 -0.360300 0.580190
6.001769 0.281285 -0.000893 0.036723 0.409910 0.609960 -0.326469 0.594424
6.003796 0.281285 -0.000893 0.036723 0.383568 0.630779 -0.285093 0.611323
6.005824 0.281174 -0.001005 0.036835 0.370129 0.643052 -0.256710 0.619345
6.007852 0.281062 -0.001005 0.036835 0.349086 0.658583 -0.221138 0.628892
6.009879 0.281062 -0.001005 0.036835 0.319987 0.676647 -0.178149 0.638765
6.011907 0.280950 -0.001116 0.036835 0.290419 0.688507 -0.149448 0.647518
6.013935 0.280950 -0.001116 0.036835 0.267529 0.700569 -0.112761 0.651856
6.015962 0.280950 -0.001228 0.036835 0.236344 0.714171 -0.068713 0.655271
6.017990 0.280839 -0.001339 0.036835 0.204515 0.726045 -0.024560 0.656071
6.020017 0.280727 -0.001339 0.036947 0.164052 0.738009 0.026731 0.653999
6.022045 0.280727 -0.001451 0.036947 0.122716 0.748531 0.092852 0.644997
6.024073 0.280615 -0.001563 0.036947 0.089502 0.754006 0.136102 0.636350
6.026100 0.280615 -0.001674 0.036947 0.063009 0.759598 0.170422 0.624497
6.028128 0.280504 -0.001674 0.036947 0.021097 0.762214 0.219012 0.608785
6.030156 0.280504 -0.001786 0.036947 -0.033870 0.756500 0.268792 0.595241
6.032183 0.280392 -0.001786 0.036947 -0.089952 0.749203 0.315667 0.575290
6.034211 0.280281 -0.001786 0.036947 -0.139107 0.741651 0.352876 0.553247
6.036238 0.280281 -0.001786 0.036947 -0.171554 0.734823 0.376840 0.537211
6.038266 0.280169 -0.001786 0.036947 -0.211323 0.723870 0.418206 0.506417
6.040294 0.280057 -0.001898 0.036947 -0.248705 0.709554 0.435852 0.494684
6.042321 0.279946 -0.001898 0.036947 -0.292792 0.690099 0.458499 0.477300
6.044349 0.279946 -0.001898 0.036947 -0.328079 0.671522 0.475435 0.464095
6.046377 0.279834 -0.001898 0.036947 -0.364467 0.652509 0.489821 0.448855
6.048404 0.279834 -0.001898 0.036947 -0.397330 0.630141 0.506163 0.434569
6.050432 0.279722 -0.002009 0.036947 -0.420079 0.617805 0.518010 0.416553
6.052459 0.279722 -0.002009 0.036947 -0.446266 0.598380 0.527050 0.406209
6.054487 0.279611 -0.002009 0.036947 -0.461445 0.589248 0.533708 0.393714
6.056515 0.279611 -0.002121 0.036947 -0.485868 0.567821 0.542756 0.383311
6.058542 0.279499 -0.002232 0.036947 -0.496170 0.563565 0.542841 0.376210
6.060570 0.279499 -0.002232 0.036947 -0.518776 0.540424 0.552193 0.365917
6.062598 0.279499 -0.002344 0.037058 -0.532453 0.529199 0.558172 0.353393
6.064625 0.279388 -0.002344 0.037058 -0.552985 0.504446 0.567621 0.342854
6.066653 0.279388 -0.002456 0.037058 -0.572055 0.478804 0.577250 0.332087
6.068680 0.279276 -0.002456 0.037058 -0.592537 0.453211 0.591282 0.306407
6.070708 0.279164 -0.002567 0.037058 -0.608926 0.426030 0.600594 0.294947
6.072736 0.279164 -0.002567 0.037058 -0.626823 0.391496 0.614399 0.276293
6.074763 0.279053 -0.002567 0.037058 -0.642783 0.356182 0.627647 0.256951
6.076791 0.279053 -0.002679 0.037058 -0.655657 0.312754 0.642196 0.244711
6.078819 0.279053 -0.002679 0.037058 -0.667241 0.276228 0.654482 0.223922
6.080846 0.278941 -0.002679 0.036947 -0.677298 0.224440 0.670694 0.202642
6.082874 0.278941 -0.002679 0.036947 -0.684007 0.187162 0.681605 0.180331
6.084901 0.278829 -0.002791 0.036947 -0.687454 0.134857 0.696096 0.157067
6.086929 0.278829 -0.002791 0.036835 -0.691779 0.082042 0.707652 0.118064
6.088957 0.278829 -0.002791 0.036835 -0.690486 0.052175 0.714264 0.101651
6.090984 0.278829 -0.002791 0.036835 -0.692841 0.013901 0.718236 0.062566
6.093012 0.278718 -0.002902 0.036835 -0.688550 -0.023269 0.723837 0.037666
6.095040 0.278718 -0.002902 0.036835 -0.687519 -0.053905 0.724136 0.006240
6.097067 0.278718 -0.003014 0.036835 -0.685369 -0.076532 0.723948 -0.017626
6.099095 0.278606 -0.003014 0.036835 -0.680761 -0.114498 0.721261 -0.056895
6.101122 0.278606 -0.003014 0.036947 -0.681629 -0.130724 0.714664 -0.086883
6.103150 0.278606 -0.003125 0.036947 -0.680759 -0.154875 0.705134 -0.123965
6.105178 0.278495 -0.003125 0.037058 -0.680462 -0.171327 0.695827 -0.153110
6.107205 0.278495 -0.003237 0.037058 -0.681757 -0.180432 0.687243 -0.174210
6.109233 0.278383 -0.003237 0.037058 -0.675441 -0.202800 0.681129 -0.196762
6.111261 0.278383 -0.003349 0.037170 -0.673847 -0.219417 0.668824 -0.224633
6.113288 0.278271 -0.003349 0.037170 -0.666251 -0.241503 0.661059 -0.246550
6.115316 0.278160 -0.003349 0.037170 -0.666395 -0.250762 0.649718 -0.266275
6.117343 0.278160 -0.003460 0.037281 -0.666372 -0.260114 0.637754 -0.285585
6.119371 0.278048 -0.003460 0.037281 -0.657438 -0.281932 0.627997 -0.306446
6.121399 0.277937 -0.003460 0.037281 -0.651085 -0.296309 0.621113 -0.320169
6.123426 0.277937 -0.003460 0.037281 -0.640967 -0.317603 0.610225 -0.340463
6.125454 0.277825 -0.003460 0.037281 -0.627649 -0.336187 0.609077 -0.349373
6.127482 0.277825 -0.003460 0.037281 -0.620111 -0.349895 0.601254 -0.362671
6.129509 0.277713 -0.003460 0.037281 -0.616365 -0.356897 0.597097 -0.369044
6.131537 0.277713 -0.003460 0.037281 -0.604270 -0.377014 0.584612 -0.388520
6.133564 0.277713 -0.003460 0.037281 -0.589120 -0.394021 0.582792 -0.397541
6.135592 0.277602 -0.003460 0.037170 -0.580321 -0.406870 0.573917 -0.410249
6.137620 0.277602 -0.003349 0.037170 -0.571241 -0.419522 0.564765 -0.422760
6.139647 0.277602 -0.003460 0.037170 -0.561886 -0.431971 0.555340 -0.435066
6.141675 0.277602 -0.003460 0.037170 -0.557107 -0.438118 0.550527 -0.441141
6.143703 0.277602 -0.003460 0.037170 -0.547346 -0.450252 0.540701 -0.453130
6.145730 0.277602 -0.003460 0.037170 -0.542367 -0.456238 0.535691 -0.459043
6.147758 0.277490 -0.003460 0.037170 -0.534142 -0.470804 0.513047 -0.479394
6.149785 0.277490 -0.003460 0.037170 -0.536039 -0.473680 0.500401 -0.487738
6.151813 0.277490 -0.003572 0.037170 -0.530803 -0.479540 0.495013 -0.493206
6.153841 0.277490 -0.003572 0.037170 -0.532604 -0.482477 0.482099 -0.501128
6.155868 0.277490 -0.003684 0.037170 -0.528719 -0.490576 0.463653 -0.514604
6.157896 0.277490 -0.003795 0.037170 -0.523298 -0.496355 0.457971 -0.519667
6.159924 0.277378 -0.003907 0.037170 -0.524856 -0.499239 0.444610 -0.526885
6.161951 0.277378 -0.003907 0.037281 -0.526351 -0.502157 0.431093 -0.533809
6.163979 0.277267 -0.004018 0.037281 -0.509193 -0.518175 0.413593 -0.548778
6.166006 0.277267 -0.004130 0.037281 -0.503469 -0.523738 0.407539 -0.553289
6.168034 0.277267 -0.004242 0.037281 -0.497685 -0.529238 0.401436 -0.557733
6.170062 0.277155 -0.004353 0.037170 -0.479685 -0.544287 0.383129 -0.571723
6.172089 0.277044 -0.004465 0.037170 -0.460412 -0.557058 0.378279 -0.578457
6.174117 0.277044 -0.004576 0.037170 -0.434303 -0.573242 0.366994 -0.589991
6.176145 0.276932 -0.004688 0.037170 -0.407770 -0.589152 0.355125 -0.600424
6.178172 0.276932 -0.004800 0.037058 -0.373891 -0.607592 0.336262 -0.614788
6.180200 0.276820 -0.004911 0.037058 -0.346073 -0.620938 0.323572 -0.624476
6.182227 0.276709 -0.005023 0.037058 -0.303757 -0.639781 0.296570 -0.640670
6.184255 0.276709 -0.005135 0.037058 -0.275357 -0.652508 0.268139 -0.653080
6.186283 0.276597 -0.005246 0.037058 -0.224016 -0.669510 0.232298 -0.669037
6.188310 0.276597 -0.005358 0.036947 -0.171639 -0.682921 0.195468 -0.682607
6.190338 0.276485 -0.005358 0.037058 -0.126076 -0.691252 0.165433 -0.692031
6.192366 0.276374 -0.005469 0.037058 -0.080269 -0.698056 0.119489 -0.701425
6.194393 0.276374 -0.005581 0.037058 -0.026336 -0.702587 0.065312 -0.708105
6.196421 0.276262 -0.005693 0.037170 0.020001 -0.702796 0.018527 -0.710869
6.198448 0.276151 -0.005693 0.037170 0.081734 -0.698743 -0.043822 -0.709336
6.200476 0.276039 -0.005804 0.037281 0.135176 -0.690398 -0.098189 -0.703873
6.202504 0.276039 -0.005916 0.037393 0.180895 -0.681591 -0.158984 -0.690966
6.204531 0.275927 -0.006028 0.037393 0.254662 -0.657878 -0.233659 -0.669140
6.206559 0.275816 -0.006028 0.037393 0.325404 -0.626207 -0.305470 -0.639269
6.208587 0.275704 -0.006028 0.037505 0.379114 -0.595227 -0.360405 -0.609988
6.210614 0.275592 -0.006139 0.037505 0.459206 -0.534253 -0.419677 -0.572342
6.212642 0.275481 -0.006139 0.037505 0.509186 -0.485778 -0.462965 -0.538899
6.214669 0.275369 -0.006139 0.037505 0.569593 -0.415246 -0.518336 -0.484212
6.216697 0.275258 -0.006251 0.037393 0.619868 -0.337102 -0.567695 -0.424086
6.218725 0.275146 -0.006251 0.037393 0.659716 -0.253085 -0.601844 -0.372165
6.220752 0.275146 -0.006251 0.037393 0.683433 -0.179200 -0.632247 -0.317916
6.222780 0.275034 -0.006251 0.037393 0.701732 -0.095932 -0.658865 -0.253507
6.224808 0.275034 -0.006251 0.037281 0.710831 0.004458 -0.673794 -0.201745
6.226835 0.274923 -0.006251 0.037170 0.707697 0.097434 -0.681984 -0.156746
6.228863 0.274923 -0.006362 0.037170 0.696779 0.174217 -0.686801 -0.111586
6.230890 0.274923 -0.006362 0.037058 0.681952 0.227152 -0.691293 -0.073878
6.232918 0.274811 -0.006362 0.037058 0.660274 0.293702 -0.690891 -0.021150
6.234946 0.274811 -0.006474 0.037058 0.640287 0.336538 -0.690432 0.008892
6.236973 0.274811 -0.006474 0.037058 0.613331 0.384761 -0.688208 0.046403
6.239001 0.274811 -0.006586 0.037058 0.582747 0.430815 -0.683960 0.083682
6.241029 0.274811 -0.006586 0.037058 0.564473 0.448505 -0.684592 0.107454
6.243056 0.274811 -0.006697 0.037058 0.539611 0.478922 -0.680196 0.129563
6.245084 0.274811 -0.006809 0.037170 0.518050 0.502166 -0.673848 0.159319
6.247111 0.274811 -0.006921 0.037170 0.501221 0.518964 -0.668232 0.181438
6.249139 0.274700 -0.006921 0.037281 0.489097 0.529690 -0.660048 0.211067
6.251167 0.274700 -0.007032 0.037281 0.479359 0.532940 -0.656456 0.235064
6.253194 0.274588 -0.007032 0.037393 0.467110 0.543188 -0.645795 0.264014
6.255222 0.274588 -0.007144 0.037393 0.454646 0.553146 -0.633865 0.292475
6.257250 0.274476 -0.007144 0.037505 0.441974 0.562809 -0.620689 0.320390
6.259277 0.274476 -0.007255 0.037505 0.435362 0.567426 -0.610075 0.341023
6.261305 0.274365 -0.007255 0.037505 0.424711 0.578500 -0.592462 0.365987
6.263332 0.274253 -0.007255 0.037616 0.407035 0.593661 -0.569695 0.396657
6.265360 0.274141 -0.007255 0.037616 0.393235 0.602018 -0.552176 0.421949
6.267388 0.274030 -0.007255 0.037616 0.381092 0.611716 -0.531734 0.444782
6.269415 0.273918 -0.007255 0.037616 0.350488 0.635146 -0.502955 0.469877
6.271443 0.273807 -0.007255 0.037505 0.330021 0.647113 -0.475427 0.496286
6.273471 0.273807 -0.007255 0.037505 0.302877 0.662638 -0.451562 0.515042
6.275498 0.273695 -0.007255 0.037505 0.282658 0.674183 -0.420429 0.537421
6.277526 0.273583 -0.007255 0.037505 0.254219 0.687512 -0.394962 0.553810
6.279553 0.273583 -0.007255 0.037393 0.226640 0.701172 -0.367382 0.567470
6.281581 0.273472 -0.007367 0.037393 0.198486 0.713608 -0.339229 0.579906
6.283609 0.273472 -0.007367 0.037393 0.169814 0.724795 -0.310556 0.591093
6.285636 0.273360 -0.007367 0.037393 0.147272 0.731575 -0.289475 0.599428
6.287664 0.273360 -0.007367 0.037393 0.123742 0.736270 -0.254663 0.614607
6.289692 0.273360 -0.007479 0.037393 0.100717 0.741415 -0.232967 0.621197
6.291719 0.273360 -0.007479 0.037281 0.085708 0.744916 -0.217958 0.624699
6.293747 0.273248 -0.007479 0.037281 0.055477 0.750925 -0.187727 0.630708
6.295774 0.273248 -0.007479 0.037281 0.046119 0.749172 -0.166956 0.639328
6.297802 0.273248 -0.007590 0.037393 0.030840 0.751345 -0.151677 0.641501
6.299830 0.273248 -0.007590 0.037393 0.015517 0.753182 -0.136354 0.643338
6.301857 0.273248 -0.007590 0.037393 0.013094 0.749027 -0.123591 0.650779
6.303885 0.273248 -0.007590 0.037393 -0.002300 0.750359 -0.108197 0.652111
6.305913 0.273248 -0.007590 0.037393 -0.011901 0.746985 -0.087041 0.659011
6.307940 0.273248 -0.007590 0.037393 -0.011901 0.746985 -0.087041 0.659011
6.309968 0.273248 -0.007702 0.037393 -0.027356 0.747641 -0.071587 0.659666
6.311995 0.273248 -0.007702 0.037393 -0.042821 0.747957 -0.056122 0.659982
6.314023 0.273248 -0.007702 0.037393 -0.051035 0.747442 -0.048867 0.660559
6.316051 0.273248 -0.007702 0.037393 -0.066503 0.747248 -0.033400 0.660365
6.318078 0.273248 -0.007702 0.037393 -0.081962 0.746714 -0.017941 0.659832
6.320106 0.273248 -0.007702 0.037393 -0.090160 0.745769 -0.010691 0.659989
6.322134 0.273248 -0.007702 0.037393 -0.105594 0.744726 0.004742 0.658946
6.324161 0.273248 -0.007702 0.037393 -0.121000 0.743345 0.020149 0.657565
6.326189 0.273248 -0.007702 0.037393 -0.136373 0.741625 0.035522 0.655845
6.328216 0.273248 -0.007702 0.037393 -0.151704 0.739568 0.050853 0.653788
6.330244 0.273137 -0.007702 0.037393 -0.166986 0.737175 0.066135 0.651395
6.332272 0.273137 -0.007702 0.037281 -0.182212 0.734446 0.081361 0.648666
6.334299 0.273137 -0.007702 0.037281 -0.204455 0.730279 0.104552 0.643397
6.336327 0.273137 -0.007702 0.037281 -0.219508 0.726719 0.119605 0.639836
6.338355 0.273137 -0.007702 0.037281 -0.242407 0.720209 0.141555 0.634429
6.340382 0.273137 -0.007702 0.037281 -0.251548 0.711468 0.162486 0.635716
6.342410 0.273137 -0.007702 0.037281 -0.266298 0.706757 0.177235 0.631005
6.344437 0.273137 -0.007702 0.037281 -0.280940 0.701724 0.191878 0.625971
6.346465 0.273137 -0.007702 0.037281 -0.289782 0.691912 0.212519 0.626195
6.348493 0.273137 -0.007702 0.037281 -0.296644 0.689535 0.220108 0.622974
6.350520 0.273137 -0.007702 0.037281 -0.305350 0.679088 0.240512 0.622700
6.352548 0.273137 -0.007702 0.037281 -0.305350 0.679088 0.240512 0.622700
6.354576 0.273137 -0.007702 0.037281 -0.312173 0.676405 0.247958 0.619308
6.356603 0.273137 -0.007702 0.037281 -0.313907 0.668236 0.260774 0.622028
6.358631 0.273137 -0.007702 0.037281 -0.313907 0.668236 0.260774 0.622028
6.360658 0.273025 -0.007702 0.037281 -0.320722 0.665331 0.268100 0.618542
6.362686 0.273025 -0.007813 0.037281 -0.315065 0.660487 0.274043 0.624012
6.364714 0.273025 -0.007813 0.037281 -0.315065 0.660487 0.274043 0.624012
6.366741 0.273025 -0.007813 0.037281 -0.315065 0.660487 0.274043 0.624012
6.368769 0.273025 -0.007813 0.037281 -0.321902 0.657437 0.281283 0.620513
6.370797 0.273025 -0.007813 0.037281 -0.321902 0.657437 0.281283 0.620513
6.372824 0.273025 -0.007925 0.037281 -0.314660 0.660933 0.274449 0.623566
6.374852 0.273025 -0.007925 0.037281 -0.314660 0.660933 0.274449 0.623566
6.376879 0.273025 -0.007925 0.037393 -0.314660 0.660933 0.274449 0.623566
6.378907 0.273025 -0.007925 0.037393 -0.314660 0.660933 0.274449 0.623566
6.380935 0.273025 -0.007925 0.037393 -0.314660 0.660933 0.274449 0.623566
6.382962 0.273025 -0.007925 0.037393 -0.314660 0.660933 0.274449 0.623566
6.384990 0.273025 -0.008037 0.037393 -0.314660 0.660933 0.274449 0.623566
6.387018 0.273137 -0.008037 0.037393 -0.301856 0.659239 0.273316 0.632127
6.389045 0.273137 -0.008037 0.037393 -0.301856 0.659239 0.273316 0.632127
6.391073 0.273137 -0.008037 0.037393 -0.301856 0.659239 0.273316 0.632127
6.393100 0.273137 -0.008037 0.037393 -0.301856 0.659239 0.273316 0.632127
6.395128 0.273137 -0.008037 0.037393 -0.301856 0.659239 0.273316 0.632127
6.397156 0.273137 -0.008037 0.037393 -0.294893 0.662202 0.266057 0.635405
6.399183 0.273137 -0.008037 0.037393 -0.294893 0.662202 0.266057 0.635405
6.401211 0.273137 -0.008037 0.037393 -0.294893 0.662202 0.266057 0.635405
6.403239 0.273137 -0.008148 0.037393 -0.294893 0.662202 0.266057 0.635405
6.405266 0.273137 -0.008148 0.037393 -0.294893 0.662202 0.266057 0.635405
6.407294 0.273137 -0.008148 0.037393 -0.294893 0.662202 0.266057 0.635405
6.409321 0.273137 -0.008148 0.037393 -0.301856 0.659239 0.273316 0.632127
6.411349 0.273137 -0.008148 0.037393 -0.301856 0.659239 0.273316 0.632127
6.413377 0.273137 -0.008148 0.037393 -0.301856 0.659239 0.273316 0.632127
6.415404 0.273137 -0.008148 0.037393 -0.301856 0.659239 0.273316 0.632127
6.417432 0.273137 -0.008148 0.037393 -0.308782 0.656197 0.280542 0.628773
6.419460 0.273137 -0.008148 0.037393 -0.315973 0.652765 0.287433 0.625653
6.421487 0.273137 -0.008148 0.037393 -0.328284 0.654744 0.288904 0.616502
6.423515 0.273137 -0.008148 0.037281 -0.342175 0.647810 0.302794 0.609568
6.425542 0.273137 -0.008148 0.037281 -0.355910 0.640573 0.316530 0.602331
6.427570 0.273025 -0.008148 0.037281 -0.369482 0.633036 0.330102 0.594794
6.429598 0.273025 -0.008148 0.037281 -0.389732 0.620959 0.349934 0.583152
6.431625 0.273025 -0.008148 0.037170 -0.421257 0.609190 0.370206 0.560693
6.433653 0.273025 -0.008148 0.037170 -0.440583 0.595550 0.389002 0.547617
6.435681 0.272914 -0.008148 0.037170 -0.465293 0.576776 0.413712 0.528842
6.437708 0.272914 -0.008148 0.037170 -0.495243 0.551527 0.443139 0.504163
6.439736 0.272914 -0.008148 0.037058 -0.523775 0.524683 0.471153 0.477894
6.441763 0.272914 -0.008037 0.037058 -0.540279 0.507727 0.487146 0.461519
6.443791 0.272914 -0.008037 0.037170 -0.556222 0.490242 0.502585 0.444621
6.445819 0.272802 -0.008148 0.037170 -0.565886 0.467503 0.523684 0.432400
6.447846 0.272802 -0.008148 0.037170 -0.576021 0.454957 0.533058 0.420790
6.449874 0.272802 -0.008148 0.037170 -0.585507 0.442668 0.542544 0.408500
6.451902 0.272802 -0.008148 0.037170 -0.590335 0.436209 0.546999 0.402515
6.453929 0.272802 -0.008148 0.037170 -0.595092 0.429697 0.551388 0.396481
6.455957 0.272802 -0.008148 0.037170 -0.599776 0.423133 0.555711 0.390400
6.457984 0.272690 -0.008260 0.037281 -0.604389 0.416519 0.559966 0.384271
6.460012 0.272690 -0.008260 0.037281 -0.608928 0.409854 0.564154 0.378096
6.462040 0.272690 -0.008260 0.037281 -0.607229 0.398859 0.574872 0.376439
6.464067 0.272690 -0.008372 0.037281 -0.611574 0.392164 0.578973 0.370101
6.466095 0.272579 -0.008372 0.037281 -0.615845 0.385421 0.583004 0.363718
6.468123 0.272579 -0.008372 0.037281 -0.626346 0.382707 0.580220 0.352947
6.470150 0.272579 -0.008372 0.037281 -0.630512 0.375803 0.584062 0.346552
6.472178 0.272467 -0.008372 0.037281 -0.634603 0.368853 0.587834 0.340114
6.474205 0.272467 -0.008372 0.037281 -0.638617 0.361859 0.591535 0.333635
6.476233 0.272467 -0.008372 0.037281 -0.649896 0.341142 0.602507 0.313437
6.478261 0.272467 -0.008483 0.037281 -0.657234 0.326781 0.609248 0.300124
6.480288 0.272355 -0.008483 0.037281 -0.664255 0.312262 0.615695 0.286666
6.482316 0.272355 -0.008483 0.037281 -0.670955 0.297592 0.621845 0.273070
6.484344 0.272355 -0.008483 0.037281 -0.680140 0.275866 0.630763 0.251884
6.486371 0.272355 -0.008483 0.037281 -0.686037 0.260856 0.636145 0.237965
6.488399 0.272355 -0.008483 0.037281 -0.694021 0.238661 0.643880 0.216319
6.490426 0.272355 -0.008483 0.037281 -0.701509 0.215661 0.650659 0.194984
6.492454 0.272355 -0.008483 0.037281 -0.701046 0.190213 0.664420 0.175786
6.494482 0.272467 -0.008483 0.037393 -0.706783 0.167413 0.670001 0.153390
6.496509 0.272467 -0.008483 0.037393 -0.703145 0.149273 0.680695 0.141275
6.498537 0.272467 -0.008483 0.037393 -0.700341 0.123759 0.692496 0.121061
6.500565 0.272467 -0.008483 0.037393 -0.702862 0.108428 0.695017 0.105730
6.502592 0.272467 -0.008595 0.037281 -0.705075 0.092960 0.697173 0.090434
6.504620 0.272467 -0.008595 0.037281 -0.699523 0.075169 0.706421 0.077373
6.506647 0.272467 -0.008595 0.037281 -0.694136 0.049711 0.715907 0.056406
6.508675 0.272355 -0.008595 0.037281 -0.695131 0.034208 0.716902 0.040903
6.510703 0.272355 -0.008706 0.037170 -0.688195 0.016399 0.724813 0.027659
6.512730 0.272355 -0.008706 0.037170 -0.680808 0.006067 0.732092 0.022456
6.514758 0.272244 -0.008818 0.037058 -0.680951 -0.009458 0.732235 0.006931
6.516786 0.272244 -0.008818 0.037058 -0.673022 -0.027337 0.739091 -0.006223
6.518813 0.272244 -0.008818 0.036947 -0.664670 -0.045187 0.745518 -0.019351
6.520841 0.272132 -0.008818 0.036947 -0.663791 -0.060671 0.744639 -0.034835
6.522868 0.272132 -0.008818 0.036835 -0.654681 -0.078446 0.750297 -0.047890
6.524896 0.272021 -0.008930 0.036835 -0.645156 -0.096156 0.755527 -0.060885
6.526924 0.271909 -0.008930 0.036723 -0.635217 -0.113790 0.760331 -0.073807
6.528951 0.271909 -0.008930 0.036723 -0.617562 -0.125071 0.772649 -0.077382
6.530979 0.271797 -0.008930 0.036723 -0.606878 -0.142430 0.776708 -0.090208
6.533007 0.271797 -0.008930 0.036723 -0.596889 -0.151092 0.782053 -0.096373
6.535034 0.271686 -0.008930 0.036612 -0.577022 -0.170111 0.791661 -0.106682
6.537062 0.271686 -0.008930 0.036612 -0.566502 -0.178265 0.796570 -0.113016
6.539089 0.271574 -0.009041 0.036612 -0.545714 -0.196730 0.805189 -0.123141
6.541117 0.271462 -0.009041 0.036612 -0.525797 -0.205950 0.815435 -0.127234
6.543145 0.271462 -0.009041 0.036612 -0.505492 -0.214653 0.825294 -0.131501
6.545172 0.271351 -0.009041 0.036612 -0.484818 -0.222828 0.834758 -0.135933
6.547200 0.271239 -0.009041 0.036612 -0.474637 -0.220091 0.841037 -0.137611
6.549228 0.271239 -0.009153 0.036612 -0.455929 -0.222244 0.851465 -0.133206
6.551255 0.271128 -0.009153 0.036612 -0.444012 -0.228173 0.855034 -0.140381
6.553283 0.271016 -0.009153 0.036612 -0.431967 -0.233838 0.858445 -0.147633
6.555310 0.271016 -0.009153 0.036612 -0.419801 -0.239237 0.861696 -0.154958
6.557338 0.270904 -0.009153 0.036612 -0.407520 -0.244368 0.864785 -0.162353
6.559366 0.270793 -0.009153 0.036500 -0.395128 -0.249227 0.867711 -0.169813
6.561393 0.270793 -0.009153 0.036500 -0.384558 -0.244235 0.873208 -0.173122
6.563421 0.270681 -0.009153 0.036500 -0.372049 -0.248517 0.875851 -0.180842
6.565449 0.270681 -0.009153 0.036500 -0.369296 -0.252589 0.873811 -0.190454
6.567476 0.270570 -0.009153 0.036500 -0.366499 -0.256631 0.871666 -0.200042
6.569504 0.270570 -0.009153 0.036388 -0.363658 -0.260642 0.869416 -0.209606
6.571531 0.270458 -0.009153 0.036388 -0.360772 -0.264621 0.867061 -0.219145
6.573559 0.270458 -0.009153 0.036388 -0.355310 -0.278051 0.861598 -0.232575
6.575587 0.270458 -0.009153 0.036388 -0.365083 -0.278466 0.856901 -0.234290
6.577614 0.270458 -0.009153 0.036277 -0.362002 -0.282460 0.854275 -0.243690
6.579642 0.270458 -0.009153 0.036277 -0.362002 -0.282460 0.854275 -0.243690
6.581670 0.270458 -0.009153 0.036277 -0.362002 -0.282460 0.854275 -0.243690
6.583697 0.270458 -0.009153 0.036277 -0.356075 -0.295758 0.848348 -0.256988
6.585725 0.270458 -0.009153 0.036277 -0.365776 -0.296300 0.843505 -0.258675
6.587752 0.270458 -0.009153 0.036165 -0.365776 -0.296300 0.843505 -0.258675
6.589780 0.270458 -0.009153 0.036165 -0.362912 -0.305549 0.840199 -0.262678
6.591808 0.270458 -0.009153 0.036165 -0.369165 -0.310075 0.832294 -0.273600
6.593835 0.270458 -0.009153 0.036165 -0.369165 -0.310075 0.832294 -0.273600
6.595863 0.270458 -0.009265 0.036165 -0.369165 -0.310075 0.832294 -0.273600
6.597891 0.270346 -0.009265 0.036165 -0.366137 -0.319200 0.828837 -0.277639
6.599918 0.270346 -0.009265 0.036165 -0.362608 -0.323204 0.825737 -0.286728
6.601946 0.270346 -0.009265 0.036054 -0.372171 -0.323773 0.820643 -0.288452
6.603973 0.270346 -0.009265 0.036054 -0.372171 -0.323773 0.820643 -0.288452
6.606001 0.270235 -0.009265 0.036054 -0.368980 -0.332769 0.817036 -0.292524
6.608029 0.270235 -0.009265 0.036054 -0.365302 -0.336803 0.813773 -0.301482
6.610056 0.270123 -0.009265 0.036054 -0.374795 -0.337381 0.808555 -0.303218
6.612084 0.270123 -0.009265 0.036054 -0.374795 -0.337381 0.808555 -0.303218
6.614112 0.270123 -0.009265 0.036054 -0.374795 -0.337381 0.808555 -0.303218
6.616139 0.270011 -0.009265 0.036054 -0.371066 -0.341478 0.805175 -0.312083
6.618167 0.270011 -0.009265 0.036054 -0.371066 -0.341478 0.805175 -0.312083
6.620194 0.269900 -0.009265 0.036054 -0.371066 -0.341478 0.805175 -0.312083
6.622222 0.269900 -0.009265 0.036054 -0.371066 -0.341478 0.805175 -0.312083
6.624250 0.269788 -0.009265 0.036054 -0.357814 -0.344748 0.806953 -0.319289
6.626277 0.269788 -0.009265 0.036054 -0.357814 -0.344748 0.806953 -0.319289
6.628305 0.269788 -0.009265 0.036054 -0.348292 -0.343920 0.812111 -0.317629
6.630332 0.269677 -0.009265 0.036165 -0.348292 -0.343920 0.812111 -0.317629
6.632360 0.269677 -0.009265 0.036165 -0.342179 -0.334052 0.820890 -0.312190
6.634388 0.269677 -0.009265 0.036165 -0.342179 -0.334052 0.820890 -0.312190
6.636415 0.269677 -0.009265 0.036165 -0.341997 -0.328791 0.821072 -0.317451
6.638443 0.269677 -0.009265 0.036277 -0.332369 -0.327665 0.826028 -0.315981
6.640471 0.269565 -0.009265 0.036277 -0.326136 -0.317352 0.834422 -0.310908
6.642498 0.269565 -0.009265 0.036277 -0.326136 -0.317352 0.834422 -0.310908
6.644526 0.269565 -0.009265 0.036277 -0.329532 -0.308166 0.837858 -0.307306
6.646553 0.269565 -0.009265 0.036388 -0.326126 -0.311768 0.834431 -0.316492
6.648581 0.269565 -0.009265 0.036388 -0.326126 -0.311768 0.834431 -0.316492
6.650609 0.269453 -0.009265 0.036388 -0.339281 -0.304013 0.832977 -0.314027
6.652636 0.269453 -0.009265 0.036388 -0.339281 -0.304013 0.832977 -0.314027
6.654664 0.269453 -0.009265 0.036388 -0.342711 -0.294843 0.836267 -0.310280
6.656692 0.269453 -0.009265 0.036388 -0.352379 -0.296292 0.831354 -0.311273
6.658719 0.269453 -0.009265 0.036388 -0.355777 -0.287141 0.834559 -0.307383
6.660747 0.269453 -0.009376 0.036388 -0.365413 -0.288608 0.829561 -0.308232
6.662774 0.269453 -0.009376 0.036388 -0.378169 -0.285904 0.827809 -0.299967
6.664802 0.269342 -0.009376 0.036388 -0.378169 -0.285904 0.827809 -0.299967
6.666830 0.269342 -0.009376 0.036388 -0.387730 -0.287196 0.822620 -0.300798
6.668857 0.269342 -0.009376 0.036388 -0.400533 -0.279458 0.820452 -0.297211
6.670885 0.269342 -0.009376 0.036388 -0.400533 -0.279458 0.820452 -0.297211
6.672913 0.269342 -0.009488 0.036388 -0.410008 -0.280740 0.815080 -0.297866
6.674940 0.269342 -0.009488 0.036388 -0.410008 -0.280740 0.815080 -0.297866
6.676968 0.269342 -0.009488 0.036388 -0.413255 -0.271769 0.818115 -0.293344
6.678995 0.269342 -0.009488 0.036388 -0.419661 -0.277704 0.809380 -0.302769
6.681023 0.269342 -0.009488 0.036388 -0.419661 -0.277704 0.809380 -0.302769
6.683051 0.269342 -0.009488 0.036388 -0.419661 -0.277704 0.809380 -0.302769
6.685078 0.269342 -0.009488 0.036388 -0.419661 -0.277704 0.809380 -0.302769
6.687106 0.269342 -0.009488 0.036388 -0.416584 -0.282298 0.806005 -0.311643
6.689134 0.269342 -0.009488 0.036388 -0.407184 -0.280783 0.811472 -0.311248
6.691161 0.269342 -0.009488 0.036388 -0.404075 -0.285239 0.808004 -0.320144
6.693189 0.269342 -0.009599 0.036388 -0.407568 -0.276345 0.811089 -0.315685
6.695216 0.269342 -0.009599 0.036388 -0.404507 -0.280806 0.807571 -0.324577
6.697244 0.269230 -0.009599 0.036388 -0.395092 -0.278990 0.812929 -0.324366
6.699272 0.269230 -0.009599 0.036388 -0.392003 -0.283314 0.809317 -0.333277
6.701299 0.269230 -0.009599 0.036388 -0.388867 -0.287604 0.805606 -0.342148
6.703327 0.269230 -0.009599 0.036388 -0.383181 -0.276621 0.813958 -0.337824
6.705355 0.269118 -0.009711 0.036388 -0.380119 -0.280814 0.810198 -0.346746
6.707382 0.269118 -0.009711 0.036388 -0.380119 -0.280814 0.810198 -0.346746
6.709410 0.269118 -0.009711 0.036388 -0.371478 -0.273686 0.814538 -0.351607
6.711437 0.269118 -0.009711 0.036388 -0.368449 -0.277751 0.810626 -0.360534
6.713465 0.269007 -0.009711 0.036388 -0.365375 -0.281782 0.806617 -0.369418
6.715493 0.269007 -0.009711 0.036388 -0.362257 -0.285779 0.802509 -0.378257
6.717520 0.269007 -0.009711 0.036388 -0.372624 -0.283832 0.796366 -0.382611
6.719548 0.269007 -0.009599 0.036388 -0.369483 -0.287909 0.792115 -0.391337
6.721576 0.269007 -0.009599 0.036388 -0.366298 -0.291951 0.787768 -0.400016
6.723603 0.268895 -0.009599 0.036388 -0.376681 -0.290538 0.781414 -0.403845
6.725631 0.268895 -0.009599 0.036388 -0.373467 -0.294659 0.776930 -0.412405
6.727658 0.268895 -0.009488 0.036388 -0.379235 -0.302113 0.767162 -0.419965
6.729686 0.268895 -0.009488 0.036388 -0.384839 -0.309691 0.757231 -0.427308
6.731714 0.268895 -0.009488 0.036388 -0.390274 -0.317391 0.747140 -0.434431
6.733741 0.268895 -0.009488 0.036388 -0.395539 -0.325209 0.736896 -0.441331
6.735769 0.268895 -0.009488 0.036277 -0.409076 -0.320663 0.734947 -0.435527
6.737797 0.268895 -0.009488 0.036277 -0.414153 -0.328765 0.724569 -0.442030
6.739824 0.268895 -0.009488 0.036277 -0.422727 -0.332351 0.718933 -0.440432
6.741852 0.269007 -0.009488 0.036277 -0.436044 -0.328042 0.716857 -0.434016
6.743879 0.269007 -0.009488 0.036277 -0.452893 -0.335142 0.705231 -0.430369
6.745907 0.269007 -0.009488 0.036277 -0.461236 -0.338631 0.699289 -0.428468
6.747935 0.269007 -0.009488 0.036277 -0.474181 -0.334442 0.696980 -0.421330
6.749962 0.269007 -0.009599 0.036165 -0.490540 -0.341349 0.684754 -0.417090
6.751990 0.269007 -0.009599 0.036165 -0.498631 -0.344741 0.678516 -0.414894
6.754018 0.269007 -0.009599 0.036165 -0.514876 -0.335049 0.680411 -0.399606
6.756045 0.269007 -0.009711 0.036165 -0.530774 -0.341591 0.667551 -0.394931
6.758073 0.269007 -0.009711 0.036165 -0.542907 -0.337517 0.664747 -0.386581
6.760100 0.269007 -0.009711 0.036165 -0.558363 -0.343956 0.651475 -0.381452
6.762128 0.269007 -0.009823 0.036165 -0.565990 -0.347113 0.644721 -0.378818
6.764156 0.269007 -0.009823 0.036165 -0.588875 -0.339899 0.638817 -0.360011
6.766183 0.269007 -0.009823 0.036165 -0.596297 -0.342925 0.631834 -0.357236
6.768211 0.269007 -0.009823 0.036165 -0.603647 -0.345909 0.624776 -0.354418
6.770239 0.269007 -0.009934 0.036165 -0.610925 -0.348852 0.617642 -0.351557
6.772266 0.269007 -0.009934 0.036165 -0.618093 -0.351836 0.610468 -0.348569
6.774294 0.269007 -0.009934 0.036165 -0.625157 -0.354852 0.603251 -0.345466
6.776321 0.269007 -0.009934 0.036165 -0.625157 -0.354852 0.603251 -0.345466
6.778349 0.269007 -0.009934 0.036165 -0.628176 -0.364748 0.592165 -0.348848
6.780377 0.269118 -0.009823 0.036277 -0.628176 -0.364748 0.592165 -0.348848
6.782404 0.269118 -0.009823 0.036277 -0.635055 -0.367753 0.584839 -0.345581
6.784432 0.269118 -0.009823 0.036277 -0.634805 -0.368302 0.585088 -0.345032
6.786460 0.269118 -0.009823 0.036277 -0.634805 -0.368302 0.585088 -0.345032
6.788487 0.269118 -0.009823 0.036277 -0.630721 -0.375254 0.581262 -0.351439
6.790515 0.269118 -0.009823 0.036388 -0.637418 -0.378444 0.573975 -0.347896
6.792542 0.269118 -0.009823 0.036388 -0.633222 -0.385424 0.570118 -0.354180
6.794570 0.269118 -0.009823 0.036388 -0.633222 -0.385424 0.570118 -0.354180
6.796598 0.269118 -0.009823 0.036388 -0.639807 -0.388641 0.562801 -0.350514
6.798625 0.269118 -0.009823 0.036277 -0.639807 -0.388641 0.562801 -0.350514
6.800653 0.269118 -0.009711 0.036277 -0.635499 -0.395646 0.558916 -0.356676
6.802681 0.269118 -0.009711 0.036277 -0.631542 -0.401763 0.554536 -0.363636
6.804708 0.269118 -0.009711 0.036277 -0.638056 -0.404923 0.547157 -0.359917
6.806736 0.269118 -0.009711 0.036277 -0.638056 -0.404923 0.547157 -0.359917
6.808763 0.269118 -0.009711 0.036277 -0.638056 -0.404923 0.547157 -0.359917
6.810791 0.269118 -0.009711 0.036277 -0.638056 -0.404923 0.547157 -0.359917
6.812819 0.269118 -0.009711 0.036277 -0.634064 -0.410910 0.542676 -0.366905
6.814846 0.269118 -0.009711 0.036277 -0.629511 -0.417851 0.538612 -0.372845
6.816874 0.269118 -0.009711 0.036277 -0.635956 -0.420951 0.531174 -0.369072
6.818902 0.269118 -0.009711 0.036165 -0.635956 -0.420951 0.531174 -0.369072
6.820929 0.269118 -0.009711 0.036165 -0.635956 -0.420951 0.531174 -0.369072
6.822957 0.269118 -0.009711 0.036165 -0.635956 -0.420951 0.531174 -0.369072
6.824984 0.269118 -0.009711 0.036165 -0.635956 -0.420951 0.531174 -0.369072
6.827012 0.269118 -0.009711 0.036165 -0.629511 -0.417851 0.538612 -0.372845
6.829040 0.269118 -0.009711 0.036165 -0.625377 -0.423743 0.533989 -0.379739
6.831067 0.269118 -0.009711 0.036165 -0.625377 -0.423743 0.533989 -0.379739
6.833095 0.269118 -0.009711 0.036165 -0.625377 -0.423743 0.533989 -0.379739
6.835123 0.269118 -0.009711 0.036165 -0.625377 -0.423743 0.533989 -0.379739
6.837150 0.269118 -0.009711 0.036165 -0.625377 -0.423743 0.533989 -0.379739
6.839178 0.269118 -0.009711 0.036165 -0.625377 -0.423743 0.533989 -0.379739
6.841205 0.269118 -0.009711 0.036277 -0.625377 -0.423743 0.533989 -0.379739
6.843233 0.269118 -0.009711 0.036277 -0.625377 -0.423743 0.533989 -0.379739
6.845261 0.269118 -0.009711 0.036277 -0.625377 -0.423743 0.533989 -0.379739
6.847288 0.269118 -0.009711 0.036277 -0.618816 -0.420673 0.541396 -0.383394
6.849316 0.269118 -0.009711 0.036277 -0.618816 -0.420673 0.541396 -0.383394
6.851344 0.269118 -0.009711 0.036277 -0.618816 -0.420673 0.541396 -0.383394
6.853371 0.269118 -0.009711 0.036277 -0.618816 -0.420673 0.541396 -0.383394
6.855399 0.269118 -0.009711 0.036277 -0.618816 -0.420673 0.541396 -0.383394
6.857426 0.269118 -0.009711 0.036277 -0.618816 -0.420673 0.541396 -0.383394
6.859454 0.269118 -0.009711 0.036277 -0.618816 -0.420673 0.541396 -0.383394
6.861482 0.269118 -0.009711 0.036277 -0.612180 -0.417553 0.548737 -0.387004
6.863509 0.269118 -0.009711 0.036277 -0.612180 -0.417553 0.548737 -0.387004
6.865537 0.269118 -0.009711 0.036277 -0.612180 -0.417553 0.548737 -0.387004
6.867565 0.269118 -0.009711 0.036277 -0.612180 -0.417553 0.548737 -0.387004
6.869592 0.269118 -0.009711 0.036277 -0.612180 -0.417553 0.548737 -0.387004
6.871620 0.269118 -0.009711 0.036277 -0.607556 -0.424253 0.544453 -0.393009
6.873647 0.269007 -0.009711 0.036277 -0.607556 -0.424253 0.544453 -0.393009
6.875675 0.269007 -0.009711 0.036388 -0.607556 -0.424253 0.544453 -0.393009
6.877703 0.269007 -0.009711 0.036388 -0.607556 -0.424253 0.544453 -0.393009
6.879730 0.269007 -0.009711 0.036388 -0.602859 -0.430902 0.540102 -0.398967
6.881758 0.269007 -0.009711 0.036388 -0.596220 -0.427585 0.547297 -0.402689
6.883786 0.269007 -0.009711 0.036388 -0.596220 -0.427585 0.547297 -0.402689
6.885813 0.269007 -0.009711 0.036388 -0.586961 -0.440046 0.538038 -0.415151
6.887841 0.269007 -0.009711 0.036388 -0.582092 -0.446468 0.533445 -0.421037
6.889868 0.269007 -0.009711 0.036388 -0.570513 -0.449325 0.535831 -0.430705
6.891896 0.269118 -0.009823 0.036388 -0.555610 -0.467505 0.521134 -0.448505
6.893924 0.269118 -0.009823 0.036388 -0.533487 -0.481479 0.512743 -0.469748
6.895951 0.269118 -0.009823 0.036388 -0.517331 -0.498798 0.496985 -0.486390
6.897979 0.269118 -0.009934 0.036500 -0.482876 -0.522036 0.475939 -0.517486
6.900007 0.269118 -0.009934 0.036500 -0.453539 -0.547686 0.446756 -0.542910
6.902034 0.269118 -0.010046 0.036500 -0.422893 -0.562337 0.428625 -0.566762
6.904062 0.269118 -0.010046 0.036500 -0.384882 -0.589032 0.390413 -0.593705
6.906089 0.269230 -0.010158 0.036500 -0.351961 -0.609275 0.357228 -0.614244
6.908117 0.269230 -0.010158 0.036500 -0.317921 -0.627735 0.323021 -0.632876
6.910145 0.269230 -0.010158 0.036500 -0.295260 -0.646843 0.289681 -0.640703
6.912172 0.269230 -0.010158 0.036500 -0.266558 -0.659190 0.261255 -0.652811
6.914200 0.269342 -0.010158 0.036500 -0.234775 -0.678825 0.220151 -0.660008
6.916228 0.269342 -0.010158 0.036500 -0.212278 -0.686193 0.198283 -0.666904
6.918255 0.269453 -0.010158 0.036500 -0.197150 -0.690692 0.183582 -0.671099
6.920283 0.269453 -0.010269 0.036500 -0.170094 -0.690371 0.165598 -0.683399
6.922310 0.269453 -0.010269 0.036500 -0.154885 -0.693941 0.150544 -0.686872
6.924338 0.269453 -0.010269 0.036500 -0.143503 -0.703797 0.131480 -0.683220
6.926366 0.269565 -0.010269 0.036612 -0.120462 -0.708016 0.108666 -0.687309
6.928393 0.269565 -0.010269 0.036612 -0.104877 -0.710492 0.093539 -0.689530
6.930421 0.269565 -0.010381 0.036612 -0.093456 -0.704816 0.089589 -0.697477
6.932449 0.269565 -0.010381 0.036723 -0.077948 -0.706700 0.074244 -0.699277
6.934476 0.269565 -0.010381 0.036723 -0.062402 -0.708242 0.058862 -0.700739
6.936504 0.269565 -0.010492 0.036723 -0.054618 -0.708884 0.051160 -0.701343
6.938531 0.269565 -0.010492 0.036835 -0.046827 -0.709442 0.043452 -0.701863
6.940559 0.269565 -0.010604 0.036835 -0.039030 -0.709913 0.035739 -0.702298
6.942587 0.269453 -0.010604 0.036835 -0.031228 -0.710299 0.028021 -0.702648
6.944614 0.269453 -0.010716 0.036947 -0.015699 -0.710779 0.012492 -0.703129
6.946642 0.269342 -0.010716 0.036947 -0.010813 -0.718017 0.001841 -0.695939
6.948670 0.269342 -0.010716 0.036947 -0.002924 -0.718093 -0.005804 -0.695917
6.950697 0.269342 -0.010827 0.036947 0.004965 -0.718082 -0.013449 -0.695811
6.952725 0.269230 -0.010827 0.036947 0.017724 -0.724793 -0.031738 -0.688007
6.954752 0.269230 -0.010939 0.037058 0.025686 -0.724554 -0.039295 -0.687617
6.956780 0.269230 -0.010939 0.036947 0.038489 -0.730697 -0.057467 -0.679189
6.958808 0.269118 -0.010939 0.036947 0.051252 -0.736412 -0.075596 -0.670340
6.960835 0.269118 -0.010939 0.036947 0.067419 -0.735109 -0.090306 -0.668517
6.962863 0.269118 -0.010939 0.037058 0.080241 -0.740116 -0.108170 -0.658854
6.964891 0.269118 -0.010939 0.037058 0.085855 -0.746039 -0.117766 -0.649759
6.966918 0.269007 -0.010939 0.037058 0.109327 -0.742477 -0.140179 -0.645852
6.968946 0.269007 -0.010939 0.036947 0.115090 -0.748046 -0.149428 -0.636280
6.970973 0.269007 -0.010939 0.036947 0.127850 -0.751700 -0.166732 -0.625141
6.973001 0.269007 -0.010939 0.036947 0.142939 -0.748298 -0.181822 -0.621739
6.975029 0.269007 -0.010939 0.036947 0.148777 -0.753350 -0.190645 -0.611543
6.977056 0.269007 -0.010939 0.036947 0.163045 -0.756526 -0.205834 -0.598930
6.979084 0.269007 -0.010939 0.036947 0.171347 -0.754689 -0.212401 -0.596633
6.981112 0.269007 -0.010939 0.036947 0.175604 -0.758851 -0.222433 -0.586372
6.983139 0.269007 -0.010939 0.036835 0.183930 -0.756876 -0.228862 -0.583892
6.985167 0.269007 -0.010939 0.036835 0.190068 -0.761309 -0.236805 -0.572893
6.987194 0.269007 -0.010939 0.036835 0.190068 -0.761309 -0.236805 -0.572893
6.989222 0.269007 -0.010939 0.036835 0.196302 -0.765605 -0.244504 -0.561722
6.991250 0.269007 -0.010939 0.036835 0.196302 -0.765605 -0.244504 -0.561722
6.993277 0.269007 -0.010939 0.036835 0.198548 -0.766110 -0.242258 -0.561218
6.995305 0.269007 -0.010939 0.036835 0.205045 -0.770279 -0.249540 -0.549870
6.997333 0.268895 -0.010939 0.036835 0.205045 -0.770279 -0.249540 -0.549870
6.999360 0.268895 -0.010939 0.036835 0.213495 -0.767980 -0.255566 -0.547095
7.001388 0.268895 -0.010939 0.036835 0.205705 -0.777076 -0.248048 -0.540657
7.003415 0.268895 -0.010939 0.036723 0.214229 -0.774770 -0.253973 -0.537899
7.005443 0.268895 -0.010939 0.036723 0.222728 -0.772369 -0.259867 -0.535077
7.007471 0.268895 -0.010827 0.036723 0.221074 -0.778648 -0.260578 -0.526243
7.009498 0.268784 -0.010827 0.036723 0.229615 -0.776173 -0.266344 -0.523349
7.011526 0.268784 -0.010827 0.036723 0.232397 -0.776546 -0.263562 -0.522976
7.013554 0.268784 -0.010827 0.036723 0.232397 -0.776546 -0.263562 -0.522976
7.015581 0.268784 -0.010827 0.036723 0.239536 -0.780187 -0.269609 -0.511119
7.017609 0.268784 -0.010827 0.036723 0.248093 -0.777508 -0.275208 -0.508126
7.019636 0.268784 -0.010716 0.036723 0.256620 -0.774735 -0.280774 -0.505072
7.021664 0.268784 -0.010716 0.036723 0.265115 -0.771869 -0.286306 -0.501957
7.023692 0.268784 -0.010716 0.036723 0.265115 -0.771869 -0.286306 -0.501957
7.025719 0.268784 -0.010716 0.036723 0.273579 -0.768910 -0.291803 -0.498781
7.027747 0.268784 -0.010716 0.036723 0.273579 -0.768910 -0.291803 -0.498781
7.029775 0.268672 -0.010716 0.036723 0.273579 -0.768910 -0.291803 -0.498781
7.031802 0.268672 -0.010716 0.036723 0.282010 -0.765858 -0.297265 -0.495545
7.033830 0.268672 -0.010716 0.036723 0.282010 -0.765858 -0.297265 -0.495545
7.035857 0.268672 -0.010716 0.036723 0.282010 -0.765858 -0.297265 -0.495545
7.037885 0.268672 -0.010716 0.036723 0.282010 -0.765858 -0.297265 -0.495545
7.039913 0.268672 -0.010716 0.036723 0.282010 -0.765858 -0.297265 -0.495545
7.041940 0.268672 -0.010716 0.036723 0.282010 -0.765858 -0.297265 -0.495545
7.043968 0.268672 -0.010716 0.036723 0.282010 -0.765858 -0.297265 -0.495545
7.045996 0.268672 -0.010716 0.036723 0.282010 -0.765858 -0.297265 -0.495545
7.048023 0.268672 -0.010827 0.036723 0.282010 -0.765858 -0.297265 -0.495545
7.050051 0.268560 -0.010827 0.036723 0.274682 -0.762615 -0.291878 -0.507716
7.052078 0.268560 -0.010827 0.036723 0.274682 -0.762615 -0.291878 -0.507716
7.054106 0.268560 -0.010827 0.036723 0.274682 -0.762615 -0.291878 -0.507716
7.056134 0.268560 -0.010827 0.036723 0.274682 -0.762615 -0.291878 -0.507716
7.058161 0.268560 -0.010939 0.036723 0.266287 -0.765586 -0.286283 -0.510892
7.060189 0.268560 -0.010939 0.036835 0.266287 -0.765586 -0.286283 -0.510892
7.062217 0.268449 -0.010939 0.036835 0.267426 -0.759211 -0.286225 -0.519767
7.064244 0.268449 -0.011050 0.036835 0.259070 -0.762103 -0.280497 -0.522880
7.066272 0.268449 -0.011050 0.036835 0.259070 -0.762103 -0.280497 -0.522880
7.068299 0.268449 -0.011050 0.036835 0.264798 -0.758976 -0.288853 -0.520002
7.070327 0.268449 -0.011162 0.036835 0.266073 -0.752523 -0.288593 -0.528798
7.072355 0.268337 -0.011162 0.036835 0.271867 -0.749308 -0.296843 -0.525843
7.074382 0.268337 -0.011162 0.036835 0.271867 -0.749308 -0.296843 -0.525843
7.076410 0.268337 -0.011162 0.036835 0.279061 -0.739466 -0.304618 -0.531528
7.078438 0.268337 -0.011162 0.036835 0.279061 -0.739466 -0.304618 -0.531528
7.080465 0.268225 -0.011162 0.036835 0.294376 -0.726266 -0.318057 -0.533591
7.082493 0.268225 -0.011274 0.036835 0.308142 -0.719387 -0.331823 -0.526711
7.084520 0.268225 -0.011274 0.036835 0.308142 -0.719387 -0.331823 -0.526711
7.086548 0.268114 -0.011274 0.036835 0.329559 -0.708628 -0.351122 -0.515704
7.088576 0.268114 -0.011274 0.036835 0.342927 -0.701003 -0.364489 -0.508079
7.090603 0.268002 -0.011274 0.036835 0.359469 -0.686501 -0.375414 -0.508490
7.092631 0.268002 -0.011274 0.036835 0.379937 -0.674151 -0.393925 -0.495975
7.094659 0.267891 -0.011274 0.036835 0.401048 -0.654226 -0.412040 -0.491296
7.096686 0.267891 -0.011274 0.036835 0.415325 -0.645257 -0.422735 -0.482124
7.098714 0.267779 -0.011274 0.036835 0.441477 -0.626366 -0.445301 -0.463110
7.100741 0.267779 -0.011274 0.036723 0.467353 -0.599301 -0.467567 -0.451443
7.102769 0.267667 -0.011385 0.036723 0.491607 -0.578242 -0.488571 -0.430415
7.104797 0.267667 -0.011385 0.036723 0.514913 -0.556174 -0.508630 -0.408449
7.106824 0.267556 -0.011385 0.036723 0.538765 -0.525817 -0.527333 -0.393914
7.108852 0.267556 -0.011385 0.036723 0.565379 -0.495633 -0.549608 -0.364178
7.110880 0.267556 -0.011385 0.036723 0.594676 -0.450314 -0.575662 -0.334949
7.112907 0.267444 -0.011385 0.036723 0.616251 -0.409958 -0.596467 -0.310476
7.114935 0.267444 -0.011385 0.036723 0.639753 -0.369006 -0.617787 -0.269982
7.116962 0.267444 -0.011497 0.036723 0.656515 -0.326313 -0.635153 -0.243082
7.118990 0.267444 -0.011497 0.036612 0.672537 -0.290050 -0.648444 -0.207569
7.121018 0.267444 -0.011497 0.036612 0.688395 -0.245728 -0.662496 -0.163796
7.123045 0.267444 -0.011497 0.036612 0.697798 -0.200673 -0.674374 -0.134268
7.125073 0.267444 -0.011497 0.036612 0.702816 -0.162911 -0.683421 -0.111559
7.127101 0.267444 -0.011497 0.036612 0.707421 -0.117183 -0.692307 -0.080835
7.129128 0.267333 -0.011497 0.036612 0.711492 -0.086171 -0.695584 -0.050164
7.131156 0.267333 -0.011497 0.036612 0.714202 -0.055019 -0.697505 -0.019370
7.133183 0.267333 -0.011609 0.036500 0.712042 -0.024653 -0.701697 -0.003183
7.135211 0.267333 -0.011609 0.036500 0.715508 -0.008256 -0.698033 0.027017
7.137239 0.267333 -0.011609 0.036388 0.714799 0.022981 -0.696553 0.057861
7.139266 0.267333 -0.011720 0.036388 0.712342 0.053943 -0.694096 0.088823
7.141294 0.267221 -0.011720 0.036388 0.706296 0.084043 -0.695018 0.105038
7.143322 0.267221 -0.011720 0.036388 0.702915 0.107143 -0.691407 0.128013
7.145349 0.267221 -0.011720 0.036277 0.698776 0.130117 -0.687040 0.150859
7.147377 0.267221 -0.011720 0.036277 0.699551 0.138726 -0.679418 0.172553
7.149404 0.267109 -0.011832 0.036277 0.692417 0.169091 -0.671545 0.202467
7.151432 0.267109 -0.011832 0.036277 0.686108 0.191579 -0.664870 0.224724
7.153460 0.267109 -0.011832 0.036165 0.683079 0.207268 -0.652958 0.253159
7.155487 0.267109 -0.011832 0.036165 0.675381 0.229323 -0.644758 0.274880
7.157515 0.267109 -0.011832 0.036165 0.667457 0.251454 -0.635349 0.295978
7.159543 0.267109 -0.011832 0.036165 0.658327 0.272949 -0.625732 0.317117
7.161570 0.266998 -0.011832 0.036165 0.645228 0.301233 -0.611670 0.344674
7.163598 0.266998 -0.011832 0.036165 0.634951 0.322331 -0.599980 0.364643
7.165625 0.266998 -0.011832 0.036165 0.623528 0.342686 -0.588094 0.384611
7.167653 0.266998 -0.011832 0.036165 0.611897 0.363047 -0.575101 0.403781
7.169681 0.266998 -0.011832 0.036165 0.594107 0.388451 -0.567401 0.417371
7.171708 0.266998 -0.011943 0.036165 0.580984 0.407818 -0.553339 0.435842
7.173736 0.266998 -0.011943 0.036165 0.561550 0.432008 -0.544628 0.448789
7.175764 0.266886 -0.011943 0.036277 0.541851 0.456068 -0.524565 0.472474
7.177791 0.266886 -0.011943 0.036277 0.520785 0.478895 -0.514582 0.484404
7.179819 0.266886 -0.012055 0.036277 0.498800 0.500824 -0.504266 0.496075
7.181846 0.266774 -0.012055 0.036277 0.475554 0.521410 -0.505019 0.496926
7.183874 0.266774 -0.012167 0.036388 0.446200 0.546771 -0.488355 0.513280
7.185902 0.266774 -0.012167 0.036388 0.427680 0.560877 -0.482923 0.518934
7.187929 0.266663 -0.012278 0.036388 0.408708 0.574362 -0.477419 0.524535
7.189957 0.266551 -0.012278 0.036500 0.376928 0.596537 -0.459464 0.539409
7.191985 0.266551 -0.012278 0.036500 0.350076 0.612164 -0.459693 0.539801
7.194012 0.266440 -0.012278 0.036500 0.322706 0.626772 -0.447825 0.549973
7.196040 0.266440 -0.012390 0.036500 0.308857 0.633711 -0.435634 0.559679
7.198067 0.266328 -0.012390 0.036612 0.287674 0.643360 -0.429551 0.564639
7.200095 0.266328 -0.012502 0.036612 0.272427 0.647614 -0.430547 0.566576
7.202123 0.266328 -0.012502 0.036612 0.250713 0.655912 -0.424434 0.571645
7.204150 0.266216 -0.012502 0.036612 0.236241 0.661262 -0.411772 0.580832
7.206178 0.266216 -0.012502 0.036723 0.214322 0.668688 -0.392408 0.594086
7.208206 0.266216 -0.012502 0.036723 0.199579 0.673236 -0.379261 0.602564
7.210233 0.266105 -0.012613 0.036723 0.191152 0.672906 -0.386776 0.600885
7.212261 0.266105 -0.012613 0.036723 0.176322 0.676943 -0.373481 0.609238
7.214288 0.266105 -0.012613 0.036723 0.168874 0.678839 -0.366765 0.613304
7.216316 0.266105 -0.012725 0.036723 0.168178 0.676657 -0.367461 0.615486
7.218344 0.266105 -0.012725 0.036723 0.153271 0.680189 -0.353850 0.623411
7.220371 0.266105 -0.012725 0.036835 0.145789 0.681832 -0.346979 0.627261
7.222399 0.266105 -0.012725 0.036835 0.138289 0.683392 -0.340067 0.631035
7.224427 0.266216 -0.012725 0.036835 0.130773 0.684870 -0.333114 0.634733
7.226454 0.266216 -0.012725 0.036835 0.123241 0.686266 -0.326121 0.638354
7.228482 0.266216 -0.012725 0.036835 0.123241 0.686266 -0.326121 0.638354
7.230509 0.266216 -0.012836 0.036835 0.115695 0.687578 -0.319088 0.641899
7.232537 0.266216 -0.012836 0.036835 0.108134 0.688808 -0.312017 0.645365
7.234565 0.266216 -0.012836 0.036835 0.093427 0.693262 -0.297310 0.649820
7.236592 0.266216 -0.012836 0.036835 0.093427 0.693262 -0.297310 0.649820
7.238620 0.266105 -0.012836 0.036835 0.085805 0.694247 -0.290153 0.653047
7.240648 0.266105 -0.012725 0.036835 0.086011 0.694776 -0.275691 0.658698
7.242675 0.266105 -0.012725 0.036835 0.071099 0.698586 -0.260779 0.662508
7.244703 0.266105 -0.012725 0.036723 0.063420 0.699325 -0.253485 0.665333
7.246730 0.266105 -0.012725 0.036723 0.055734 0.699980 -0.246160 0.668077
7.248758 0.266105 -0.012725 0.036723 0.040668 0.703131 -0.231095 0.671229
7.250786 0.266105 -0.012725 0.036723 0.040737 0.703348 -0.216284 0.675917
7.252813 0.265993 -0.012725 0.036612 0.017796 0.706243 -0.193634 0.680742
7.254841 0.265993 -0.012725 0.036612 0.010036 0.706396 -0.186144 0.682829
7.256869 0.265993 -0.012725 0.036612 -0.013031 0.708283 -0.163325 0.686652
7.258896 0.265993 -0.012725 0.036500 -0.036169 0.709411 -0.140414 0.689719
7.260924 0.265993 -0.012725 0.036500 -0.051746 0.708445 -0.125227 0.692637
7.262951 0.265993 -0.012725 0.036388 -0.082710 0.707437 -0.094568 0.695521
7.264979 0.265993 -0.012725 0.036388 -0.113642 0.705071 -0.063855 0.697053
7.267007 0.265993 -0.012836 0.036388 -0.144483 0.701350 -0.033147 0.697234
7.269034 0.265993 -0.012836 0.036277 -0.190377 0.693226 -0.002694 0.695117
7.271062 0.265993 -0.012836 0.036277 -0.228228 0.684983 0.019873 0.691603
7.273090 0.265993 -0.012948 0.036277 -0.258248 0.676581 0.050089 0.687777
7.275117 0.265993 -0.012948 0.036165 -0.295229 0.663661 0.087552 0.681711
7.277145 0.265993 -0.013060 0.036054 -0.338755 0.646682 0.116541 0.673399
7.279172 0.265993 -0.013060 0.036054 -0.367211 0.633606 0.145638 0.665199
7.281200 0.265881 -0.013060 0.036054 -0.394692 0.616862 0.174720 0.658158
7.283228 0.265881 -0.013171 0.036054 -0.421730 0.600716 0.188275 0.652561
7.285255 0.265881 -0.013171 0.036054 -0.447713 0.581609 0.216761 0.643660
7.287283 0.265881 -0.013283 0.035942 -0.466635 0.566540 0.237854 0.636168
7.289310 0.265881 -0.013283 0.035942 -0.485051 0.550855 0.258689 0.627984
7.291338 0.265770 -0.013395 0.035942 -0.503238 0.535147 0.293021 0.611970
7.293366 0.265770 -0.013395 0.035942 -0.508193 0.527296 0.300621 0.611004
7.295393 0.265770 -0.013395 0.035942 -0.525293 0.510263 0.320593 0.600766
7.297421 0.265770 -0.013506 0.035942 -0.540730 0.490473 0.341308 0.592078
7.299449 0.265770 -0.013506 0.035942 -0.556599 0.472388 0.360633 0.580510
7.301476 0.265770 -0.013618 0.036054 -0.571863 0.453790 0.379567 0.568310
7.303504 0.265658 -0.013618 0.036054 -0.591247 0.428229 0.404167 0.551087
7.305531 0.265658 -0.013729 0.036054 -0.599096 0.413126 0.417594 0.544084
7.307559 0.265658 -0.013729 0.036165 -0.616666 0.386408 0.441093 0.525213
7.309587 0.265658 -0.013841 0.036165 -0.632208 0.358143 0.453037 0.516530
7.311614 0.265658 -0.013841 0.036277 -0.645486 0.328154 0.477137 0.497999
7.313642 0.265658 -0.013841 0.036277 -0.659279 0.299480 0.498554 0.476557
7.315670 0.265658 -0.013953 0.036388 -0.678384 0.256202 0.517979 0.453711
7.317697 0.265658 -0.013953 0.036388 -0.693787 0.210960 0.546740 0.418607
7.319725 0.265547 -0.014064 0.036500 -0.704323 0.172550 0.568898 0.387957
7.321752 0.265547 -0.014064 0.036500 -0.712734 0.133620 0.589341 0.356137
7.323780 0.265547 -0.014176 0.036612 -0.714575 0.100456 0.615011 0.317887
7.325808 0.265435 -0.014287 0.036612 -0.719013 0.061072 0.631537 0.283640
7.327835 0.265435 -0.014399 0.036612 -0.718778 0.020705 0.648661 0.249337
7.329863 0.265323 -0.014399 0.036612 -0.720223 -0.026387 0.666447 0.190871
7.331891 0.265212 -0.014511 0.036612 -0.719967 -0.088640 0.675788 0.130771
7.333918 0.265100 -0.014622 0.036612 -0.713553 -0.128265 0.685889 0.062824
7.335946 0.264988 -0.014734 0.036612 -0.703704 -0.182542 0.686574 0.009777
7.337973 0.264988 -0.014846 0.036612 -0.692620 -0.220903 0.686075 -0.027933
7.340001 0.264877 -0.014957 0.036612 -0.678686 -0.266090 0.680624 -0.073020
7.342029 0.264765 -0.015069 0.036500 -0.663186 -0.302976 0.672774 -0.125558
7.344056 0.264765 -0.015069 0.036500 -0.639522 -0.353174 0.655387 -0.191698
7.346084 0.264654 -0.015180 0.036388 -0.611413 -0.401280 0.632172 -0.255946
7.348112 0.264654 -0.015180 0.036388 -0.585234 -0.440998 0.612358 -0.296716
7.350139 0.264542 -0.015292 0.036388 -0.556481 -0.478974 0.589917 -0.336023
7.352167 0.264542 -0.015404 0.036388 -0.533502 -0.502251 0.567615 -0.375410
7.354194 0.264430 -0.015515 0.036388 -0.506497 -0.531221 0.544771 -0.405573
7.356222 0.264430 -0.015515 0.036388 -0.482671 -0.552959 0.526428 -0.429114
7.358250 0.264430 -0.015515 0.036388 -0.451583 -0.578625 0.502074 -0.457370
7.360277 0.264430 -0.015627 0.036277 -0.427041 -0.598503 0.480183 -0.478386
7.362305 0.264319 -0.015627 0.036277 -0.398600 -0.615261 0.448947 -0.510900
7.364333 0.264319 -0.015627 0.036277 -0.371186 -0.632178 0.426069 -0.530130
7.366360 0.264319 -0.015739 0.036277 -0.357207 -0.640180 0.414319 -0.539363
7.368388 0.264207 -0.015739 0.036388 -0.343056 -0.647874 0.402368 -0.548336
7.370415 0.264207 -0.015739 0.036388 -0.327667 -0.654568 0.391295 -0.557731
7.372443 0.264207 -0.015850 0.036388 -0.320456 -0.658128 0.385144 -0.561996
7.374471 0.264207 -0.015850 0.036388 -0.303409 -0.662574 0.362162 -0.581186
7.376498 0.264207 -0.015850 0.036388 -0.288778 -0.669080 0.349306 -0.589003
7.378526 0.264096 -0.015850 0.036388 -0.279037 -0.669642 0.331692 -0.603074
7.380554 0.264096 -0.015850 0.036388 -0.276134 -0.666535 0.320934 -0.613582
7.382581 0.263984 -0.015962 0.036388 -0.261423 -0.672441 0.307375 -0.620485
7.384609 0.263984 -0.015962 0.036388 -0.246586 -0.678022 0.293668 -0.627089
7.386636 0.263984 -0.015962 0.036388 -0.237144 -0.678010 0.274550 -0.639287
7.388664 0.263984 -0.015962 0.036388 -0.220332 -0.680291 0.247843 -0.653629
7.390692 0.263984 -0.015962 0.036388 -0.218365 -0.677303 0.235235 -0.661999
7.392719 0.263984 -0.016073 0.036388 -0.194451 -0.681420 0.199920 -0.676674
7.394747 0.263984 -0.016073 0.036388 -0.171891 -0.687458 0.177513 -0.682894
7.396775 0.263984 -0.016073 0.036388 -0.147764 -0.689716 0.141100 -0.694657
7.398802 0.263984 -0.016073 0.036388 -0.123745 -0.691108 0.103995 -0.704445
7.400830 0.263984 -0.016185 0.036388 -0.093125 -0.695655 0.073087 -0.708555
7.402857 0.263984 -0.016185 0.036388 -0.061531 -0.695706 0.027312 -0.715165
7.404885 0.263984 -0.016297 0.036388 -0.023044 -0.697650 -0.011798 -0.715971
7.406913 0.263984 -0.016297 0.036388 0.015295 -0.697863 -0.051090 -0.714243
7.408940 0.263984 -0.016297 0.036277 0.061388 -0.694937 -0.097868 -0.709729
7.410968 0.263984 -0.016408 0.036277 0.107171 -0.688975 -0.144265 -0.702150
7.412996 0.263984 -0.016408 0.036277 0.144957 -0.677479 -0.197442 -0.693561
7.415023 0.263872 -0.016408 0.036277 0.189657 -0.670191 -0.227654 -0.680477
7.417051 0.263872 -0.016520 0.036277 0.226167 -0.658767 -0.264671 -0.666951
7.419078 0.263872 -0.016520 0.036277 0.262617 -0.649635 -0.286123 -0.653561
7.421106 0.263761 -0.016632 0.036277 0.290937 -0.637211 -0.314524 -0.640619
7.423134 0.263649 -0.016632 0.036277 0.326420 -0.624665 -0.334675 -0.625489
7.425161 0.263649 -0.016743 0.036277 0.361300 -0.610235 -0.354080 -0.609674
7.427189 0.263537 -0.016743 0.036277 0.381213 -0.597998 -0.373979 -0.597675
7.429217 0.263426 -0.016743 0.036277 0.408433 -0.585134 -0.385657 -0.584868
7.431244 0.263426 -0.016855 0.036277 0.427495 -0.571607 -0.404718 -0.571591
7.433272 0.263314 -0.016855 0.036277 0.447614 -0.561778 -0.409312 -0.562593
7.435299 0.263314 -0.016966 0.036388 0.453759 -0.556826 -0.415468 -0.558062
7.437327 0.263203 -0.016966 0.036388 0.473476 -0.546106 -0.419716 -0.549024
7.439355 0.263203 -0.016966 0.036388 0.473476 -0.546106 -0.419716 -0.549024
7.441382 0.263203 -0.016966 0.036388 0.479447 -0.540871 -0.425722 -0.544380
7.443410 0.263203 -0.016966 0.036277 0.497062 -0.525367 -0.443379 -0.529466
7.445438 0.263203 -0.016966 0.036277 0.502803 -0.519875 -0.449169 -0.524563
7.447465 0.263091 -0.016966 0.036388 0.508484 -0.514319 -0.454905 -0.519597
7.449493 0.263203 -0.016966 0.036277 0.514104 -0.508702 -0.460585 -0.514568
7.451520 0.263203 -0.016966 0.036277 0.506561 -0.509731 -0.468478 -0.513905
7.453548 0.263203 -0.016966 0.036277 0.517688 -0.498897 -0.479606 -0.503070
7.455576 0.263203 -0.016966 0.036277 0.517688 -0.498897 -0.479606 -0.503070
7.457603 0.263203 -0.016966 0.036277 0.517688 -0.498897 -0.479606 -0.503070
7.459631 0.263203 -0.016966 0.036277 0.523138 -0.493179 -0.485103 -0.497771
7.461659 0.263203 -0.016966 0.036277 0.523138 -0.493179 -0.485103 -0.497771
7.463686 0.263203 -0.016966 0.036277 0.528524 -0.487402 -0.490543 -0.492412
7.465714 0.263203 -0.016966 0.036277 0.520945 -0.488534 -0.498364 -0.491512
7.467741 0.263203 -0.016966 0.036277 0.520945 -0.488534 -0.498364 -0.491512
7.469769 0.263203 -0.017078 0.036388 0.515514 -0.493980 -0.492966 -0.497206
7.471797 0.263314 -0.017078 0.036388 0.523083 -0.492762 -0.485158 -0.498188
7.473824 0.263314 -0.017078 0.036388 0.523083 -0.492762 -0.485158 -0.498188
7.475852 0.263314 -0.017078 0.036388 0.517578 -0.498062 -0.479716 -0.503905
7.477880 0.263314 -0.017190 0.036388 0.517578 -0.498062 -0.479716 -0.503905
7.479907 0.263314 -0.017190 0.036500 0.517578 -0.498062 -0.479716 -0.503905
7.481935 0.263314 -0.017190 0.036500 0.517578 -0.498062 -0.479716 -0.503905
7.483962 0.263203 -0.017301 0.036500 0.512011 -0.503302 -0.474215 -0.509561
7.485990 0.263203 -0.017301 0.036500 0.512011 -0.503302 -0.474215 -0.509561
7.488018 0.263203 -0.017413 0.036500 0.517509 -0.497647 -0.479784 -0.504320
7.490045 0.263203 -0.017413 0.036612 0.511937 -0.502888 -0.474288 -0.509975
7.492073 0.263203 -0.017413 0.036612 0.517431 -0.497233 -0.479862 -0.504734
7.494101 0.263203 -0.017525 0.036612 0.528231 -0.485745 -0.490836 -0.494069
7.496128 0.263203 -0.017525 0.036612 0.533536 -0.479912 -0.496234 -0.488647
7.498156 0.263203 -0.017525 0.036612 0.531357 -0.475989 -0.509238 -0.481425
7.500183 0.263203 -0.017636 0.036612 0.541687 -0.464200 -0.519693 -0.470121
7.502211 0.263091 -0.017636 0.036612 0.551755 -0.452186 -0.529896 -0.458589
7.504239 0.263091 -0.017636 0.036612 0.561557 -0.439955 -0.539844 -0.446836
7.506266 0.263091 -0.017636 0.036612 0.571087 -0.427511 -0.549531 -0.434868
7.508294 0.263091 -0.017636 0.036612 0.573114 -0.417579 -0.566314 -0.420068
7.510322 0.263091 -0.017636 0.036612 0.582150 -0.404886 -0.575406 -0.407524
7.512349 0.263091 -0.017636 0.036500 0.590905 -0.391998 -0.584221 -0.394783
7.514377 0.262979 -0.017636 0.036500 0.595176 -0.385483 -0.588523 -0.388341
7.516404 0.262979 -0.017636 0.036500 0.592269 -0.382064 -0.599855 -0.378706
7.518432 0.262979 -0.017636 0.036500 0.596431 -0.375534 -0.603979 -0.372093
7.520460 0.262979 -0.017636 0.036500 0.596470 -0.375617 -0.603941 -0.372010
7.522487 0.262979 -0.017636 0.036500 0.593527 -0.372449 -0.614874 -0.361854
7.524515 0.262979 -0.017636 0.036500 0.593527 -0.372449 -0.614874 -0.361854
7.526543 0.262868 -0.017636 0.036500 0.590515 -0.369347 -0.625581 -0.351459
7.528570 0.262868 -0.017636 0.036388 0.590515 -0.369347 -0.625581 -0.351459
7.530598 0.262868 -0.017525 0.036388 0.587436 -0.366311 -0.636057 -0.340832
7.532625 0.262868 -0.017525 0.036388 0.591145 -0.359302 -0.640043 -0.334357
7.534653 0.262868 -0.017525 0.036388 0.583932 -0.362659 -0.646657 -0.330662
7.536681 0.262868 -0.017525 0.036388 0.583932 -0.362659 -0.646657 -0.330662
7.538708 0.262868 -0.017525 0.036388 0.580264 -0.369742 -0.642633 -0.337057
7.540736 0.262868 -0.017525 0.036277 0.577086 -0.366809 -0.652754 -0.326090
7.542764 0.262868 -0.017525 0.036277 0.577086 -0.366809 -0.652754 -0.326090
7.544791 0.262868 -0.017525 0.036277 0.580634 -0.359616 -0.656744 -0.319731
7.546819 0.262868 -0.017525 0.036277 0.580634 -0.359616 -0.656744 -0.319731
7.548846 0.262868 -0.017525 0.036277 0.580634 -0.359616 -0.656744 -0.319731
7.550874 0.262868 -0.017525 0.036277 0.580634 -0.359616 -0.656744 -0.319731
7.552902 0.262868 -0.017525 0.036277 0.587881 -0.356222 -0.650250 -0.323538
7.554929 0.262868 -0.017525 0.036388 0.587881 -0.356222 -0.650250 -0.323538
7.556957 0.262868 -0.017525 0.036388 0.584291 -0.363344 -0.646298 -0.329977
7.558985 0.262868 -0.017525 0.036388 0.584291 -0.363344 -0.646298 -0.329977
7.561012 0.262868 -0.017525 0.036388 0.588247 -0.356903 -0.649884 -0.322856
7.563040 0.262868 -0.017525 0.036388 0.598896 -0.346227 -0.647235 -0.320214
7.565067 0.262868 -0.017525 0.036388 0.598896 -0.346227 -0.647235 -0.320214
7.567095 0.262868 -0.017525 0.036388 0.598896 -0.346227 -0.647235 -0.320214
7.569123 0.262868 -0.017525 0.036388 0.598896 -0.346227 -0.647235 -0.320214
7.571150 0.262868 -0.017525 0.036388 0.598896 -0.346227 -0.647235 -0.320214
7.573178 0.262868 -0.017525 0.036388 0.605962 -0.342670 -0.640626 -0.324016
7.575206 0.262868 -0.017525 0.036388 0.605962 -0.342670 -0.640626 -0.324016
7.577233 0.262868 -0.017525 0.036388 0.605962 -0.342670 -0.640626 -0.324016
7.579261 0.262868 -0.017525 0.036388 0.605962 -0.342670 -0.640626 -0.324016
7.581288 0.262868 -0.017636 0.036388 0.605962 -0.342670 -0.640626 -0.324016
7.583316 0.262868 -0.017636 0.036388 0.612954 -0.339071 -0.633940 -0.327778
7.585344 0.262868 -0.017636 0.036388 0.612954 -0.339071 -0.633940 -0.327778
7.587371 0.262868 -0.017636 0.036388 0.612954 -0.339071 -0.633940 -0.327778
7.589399 0.262868 -0.017636 0.036388 0.612954 -0.339071 -0.633940 -0.327778
7.591427 0.262868 -0.017636 0.036388 0.612954 -0.339071 -0.633940 -0.327778
7.593454 0.262868 -0.017636 0.036388 0.616518 -0.332086 -0.637627 -0.321024
7.595482 0.262868 -0.017636 0.036388 0.616518 -0.332086 -0.637627 -0.321024
7.597509 0.262868 -0.017636 0.036388 0.620008 -0.325061 -0.641237 -0.314232
7.599537 0.262979 -0.017748 0.036388 0.620008 -0.325061 -0.641237 -0.314232
7.601565 0.262979 -0.017748 0.036388 0.626878 -0.311129 -0.648107 -0.300299
7.603592 0.262979 -0.017748 0.036388 0.630140 -0.303990 -0.651486 -0.293394
7.605620 0.262979 -0.017748 0.036388 0.633441 -0.297049 -0.654670 -0.286219
7.607648 0.262979 -0.017748 0.036388 0.639693 -0.282828 -0.660922 -0.271998
7.609675 0.262979 -0.017859 0.036277 0.645631 -0.268473 -0.666860 -0.257643
7.611703 0.263091 -0.017859 0.036277 0.654003 -0.246821 -0.675112 -0.235759
7.613730 0.263091 -0.017859 0.036277 0.659144 -0.232162 -0.680253 -0.221100
7.615758 0.263091 -0.017859 0.036388 0.664086 -0.217624 -0.684947 -0.206101
7.617786 0.263091 -0.017859 0.036388 0.677608 -0.191589 -0.684825 -0.187498
7.619813 0.263091 -0.017859 0.036388 0.681654 -0.176655 -0.688779 -0.172407
7.621841 0.263091 -0.017859 0.036500 0.691957 -0.157513 -0.685820 -0.161356
7.623869 0.263091 -0.017859 0.036500 0.693646 -0.149901 -0.687552 -0.153812
7.625896 0.263091 -0.017859 0.036500 0.696772 -0.134625 -0.690765 -0.138669
7.627924 0.263091 -0.017859 0.036500 0.702992 -0.130065 -0.684382 -0.143197
7.629951 0.263091 -0.017859 0.036612 0.705680 -0.114588 -0.687363 -0.128126
7.631979 0.263091 -0.017859 0.036612 0.706897 -0.106828 -0.688730 -0.120567
7.634007 0.263091 -0.017859 0.036612 0.708028 -0.099056 -0.690013 -0.112993
7.636034 0.262979 -0.017859 0.036612 0.710033 -0.083476 -0.692329 -0.097806
7.638062 0.262979 -0.017859 0.036612 0.711065 -0.075865 -0.693204 -0.090000
7.640090 0.262979 -0.017971 0.036612 0.711855 -0.068048 -0.694151 -0.082379
7.642117 0.262979 -0.017971 0.036612 0.713178 -0.052392 -0.695793 -0.067108
7.644145 0.262979 -0.017971 0.036500 0.714321 -0.036899 -0.696936 -0.051615
7.646172 0.262979 -0.018083 0.036500 0.715123 -0.021385 -0.697738 -0.036101
7.648200 0.262979 -0.018083 0.036500 0.715315 -0.013528 -0.698092 -0.028433
7.650228 0.262979 -0.018194 0.036500 0.715540 0.009866 -0.698482 -0.005228
7.652255 0.262868 -0.018306 0.036500 0.715389 0.017726 -0.698498 0.002446
7.654283 0.262868 -0.018306 0.036388 0.714996 0.033256 -0.698105 0.017976
7.656311 0.262868 -0.018417 0.036388 0.719219 0.061879 -0.691093 0.035867
7.658338 0.262756 -0.018529 0.036388 0.717685 0.077666 -0.690138 0.051043
7.660366 0.262756 -0.018641 0.036388 0.715035 0.100978 -0.687782 0.074053
7.662393 0.262756 -0.018752 0.036277 0.711320 0.124486 -0.684968 0.096677
7.664421 0.262644 -0.018864 0.036277 0.710446 0.161037 -0.674281 0.121152
7.666449 0.262644 -0.018864 0.036277 0.706737 0.176607 -0.671457 0.135938
7.668476 0.262533 -0.019087 0.036277 0.702686 0.192092 -0.668308 0.150657
7.670504 0.262533 -0.019199 0.036277 0.700405 0.221183 -0.657899 0.166372
7.672532 0.262421 -0.019199 0.036277 0.692736 0.244144 -0.652059 0.187962
7.674559 0.262421 -0.019310 0.036277 0.677388 0.267978 -0.647760 0.223024
7.676587 0.262310 -0.019310 0.036277 0.664962 0.297478 -0.637337 0.251265
7.678614 0.262310 -0.019310 0.036165 0.651768 0.326116 -0.625166 0.279308
7.680642 0.262310 -0.019422 0.036165 0.640613 0.333834 -0.623165 0.299727
7.682670 0.262310 -0.019534 0.036277 0.632743 0.348007 -0.616810 0.313167
7.684697 0.262310 -0.019534 0.036277 0.624555 0.361988 -0.610169 0.326481
7.686725 0.262198 -0.019534 0.036388 0.608050 0.389075 -0.595237 0.352971
7.688753 0.262198 -0.019534 0.036388 0.594898 0.408901 -0.583282 0.372394
7.690780 0.262198 -0.019534 0.036388 0.578886 0.420971 -0.573182 0.398920
7.692808 0.262198 -0.019534 0.036388 0.563069 0.432288 -0.561487 0.425221
7.694835 0.262198 -0.019645 0.036388 0.548518 0.450608 -0.547170 0.443493
7.696863 0.262310 -0.019645 0.036500 0.538406 0.462563 -0.537372 0.455396
7.698891 0.262310 -0.019645 0.036500 0.528034 0.474289 -0.527316 0.467084
7.700918 0.262310 -0.019645 0.036612 0.517407 0.485781 -0.517006 0.478551
7.702946 0.262310 -0.019645 0.036612 0.506529 0.497034 -0.506447 0.489793
7.704974 0.262310 -0.019645 0.036612 0.489876 0.513455 -0.490031 0.506216
7.707001 0.262310 -0.019645 0.036612 0.472690 0.529319 -0.473084 0.522089
7.709029 0.262310 -0.019757 0.036612 0.461537 0.531829 -0.460904 0.540101
7.711056 0.262310 -0.019757 0.036612 0.443761 0.546749 -0.442856 0.554995
7.713084 0.262310 -0.019757 0.036612 0.437818 0.551603 -0.436641 0.559815
7.715112 0.262310 -0.019757 0.036612 0.419404 0.565731 -0.417956 0.573900
7.717139 0.262310 -0.019757 0.036612 0.406962 0.574828 -0.405157 0.582925
7.719167 0.262198 -0.019757 0.036612 0.387799 0.587927 -0.385728 0.595960
7.721195 0.262198 -0.019757 0.036612 0.376844 0.588752 -0.370391 0.611694
7.723222 0.262198 -0.019757 0.036500 0.363818 0.596890 -0.356862 0.619684
7.725250 0.262198 -0.019869 0.036500 0.357487 0.600933 -0.349784 0.623485
7.727277 0.262198 -0.019869 0.036612 0.351110 0.604914 -0.342668 0.627200
7.729305 0.262198 -0.019869 0.036612 0.337976 0.612583 -0.328563 0.634477
7.731333 0.262198 -0.019757 0.036612 0.334685 0.609184 -0.317953 0.644816
7.733360 0.262198 -0.019869 0.036612 0.314429 0.619882 -0.296532 0.654943
7.735388 0.262198 -0.019869 0.036612 0.304308 0.619568 -0.278283 0.667900
7.737416 0.262086 -0.019869 0.036612 0.297483 0.622874 -0.270929 0.670917
7.739443 0.262086 -0.019980 0.036612 0.283726 0.629260 -0.256123 0.676708
7.741471 0.262086 -0.019980 0.036612 0.280292 0.636432 -0.259754 0.670014
7.743498 0.262086 -0.019980 0.036612 0.266241 0.642436 -0.244971 0.675560
7.745526 0.262086 -0.020092 0.036612 0.259167 0.645322 -0.237534 0.678210
7.747554 0.262086 -0.020092 0.036612 0.249249 0.644225 -0.218082 0.689412
7.749581 0.262086 -0.020092 0.036612 0.242157 0.646924 -0.210495 0.691766
7.751609 0.261975 -0.020203 0.036612 0.235035 0.649546 -0.202883 0.694037
7.753637 0.261975 -0.020203 0.036612 0.227885 0.652089 -0.195246 0.696224
7.755664 0.261975 -0.020203 0.036612 0.208477 0.663065 -0.185071 0.694716
7.757692 0.261975 -0.020315 0.036612 0.208822 0.663326 -0.184726 0.694455
7.759719 0.261975 -0.020315 0.036612 0.196747 0.671837 -0.181954 0.690521
7.761747 0.261975 -0.020315 0.036612 0.189355 0.673958 -0.174356 0.692478
7.763775 0.261975 -0.020427 0.036612 0.181939 0.675997 -0.166738 0.694352
7.765802 0.261863 -0.020427 0.036612 0.166843 0.679662 -0.151642 0.698017
7.767830 0.261863 -0.020427 0.036612 0.159366 0.681454 -0.143965 0.699641
7.769858 0.261863 -0.020427 0.036612 0.159366 0.681454 -0.143965 0.699641
7.771885 0.261863 -0.020538 0.036612 0.151870 0.683164 -0.136270 0.701180
7.773913 0.261863 -0.020538 0.036612 0.151870 0.683164 -0.136270 0.701180
7.775940 0.261863 -0.020538 0.036612 0.144356 0.684791 -0.128558 0.702635
7.777968 0.261863 -0.020538 0.036612 0.144356 0.684791 -0.128558 0.702635
7.779996 0.261863 -0.020538 0.036612 0.136824 0.686336 -0.120831 0.704005
7.782023 0.261751 -0.020650 0.036500 0.136824 0.686336 -0.120831 0.704005
7.784051 0.261751 -0.020650 0.036500 0.136824 0.686336 -0.120831 0.704005
7.786079 0.261751 -0.020650 0.036500 0.136824 0.686336 -0.120831 0.704005
7.788106 0.261751 -0.020650 0.036500 0.136824 0.686336 -0.120831 0.704005
7.790134 0.261751 -0.020762 0.036612 0.144550 0.684967 -0.128364 0.702459
7.792161 0.261751 -0.020762 0.036612 0.144550 0.684967 -0.128364 0.702459
7.794189 0.261751 -0.020762 0.036612 0.144550 0.684967 -0.128364 0.702459
7.796217 0.261751 -0.020762 0.036612 0.144550 0.684967 -0.128364 0.702459
7.798244 0.261751 -0.020762 0.036612 0.144550 0.684967 -0.128364 0.702459
7.800272 0.261751 -0.020762 0.036612 0.144550 0.684967 -0.128364 0.702459
7.802300 0.261640 -0.020762 0.036612 0.144550 0.684967 -0.128364 0.702459
7.804327 0.261640 -0.020762 0.036612 0.144550 0.684967 -0.128364 0.702459
7.806355 0.261640 -0.020762 0.036612 0.144550 0.684967 -0.128364 0.702459
7.808382 0.261640 -0.020762 0.036612 0.144550 0.684967 -0.128364 0.702459
7.810410 0.261640 -0.020762 0.036612 0.144550 0.684967 -0.128364 0.702459
7.812438 0.261640 -0.020762 0.036612 0.144550 0.684967 -0.128364 0.702459
7.814465 0.261640 -0.020762 0.036612 0.144550 0.684967 -0.128364 0.702459
7.816493 0.261640 -0.020762 0.036612 0.144550 0.684967 -0.128364 0.702459
7.818521 0.261640 -0.020650 0.036612 0.144550 0.684967 -0.128364 0.702459
7.820548 0.261640 -0.020650 0.036612 0.152066 0.683337 -0.136074 0.701006
7.822576 0.261640 -0.020650 0.036612 0.152066 0.683337 -0.136074 0.701006
7.824603 0.261640 -0.020650 0.036612 0.156919 0.677123 -0.131150 0.706881
7.826631 0.261640 -0.020650 0.036612 0.164348 0.675358 -0.138908 0.705398
7.828659 0.261640 -0.020427 0.036612 0.208477 0.663065 -0.185071 0.694716
7.830686 0.261528 -0.020315 0.036612 0.256312 0.641448 -0.225643 0.686975
7.832714 0.261528 -0.020315 0.036612 0.290622 0.626105 -0.263542 0.673853
7.834742 0.261417 -0.020203 0.036612 0.382035 0.563252 -0.350715 0.643269
7.836769 0.261417 -0.020203 0.036500 0.443191 0.510077 -0.416800 0.608014
7.838797 0.261417 -0.020203 0.036500 0.474733 0.479570 -0.457040 0.579445
7.840824 0.261305 -0.020203 0.036500 0.511282 0.441801 -0.499099 0.542497
7.842852 0.261305 -0.020203 0.036500 0.539273 0.407163 -0.533749 0.508443
7.844880 0.261305 -0.020315 0.036500 0.560814 0.376941 -0.560860 0.478371
7.846907 0.261305 -0.020315 0.036500 0.576832 0.351940 -0.581334 0.453270
7.848935 0.261305 -0.020427 0.036500 0.591737 0.326259 -0.600685 0.427294
7.850963 0.261305 -0.020427 0.036500 0.606033 0.308022 -0.619235 0.392930
7.852990 0.261305 -0.020538 0.036500 0.615854 0.287884 -0.631847 0.372311
7.855018 0.261305 -0.020538 0.036500 0.627086 0.275191 -0.642465 0.343906
7.857045 0.261305 -0.020538 0.036500 0.644257 0.247792 -0.658004 0.300936
7.859073 0.261305 -0.020538 0.036500 0.649207 0.248292 -0.659484 0.286291
7.861101 0.261305 -0.020538 0.036500 0.659902 0.219405 -0.671011 0.257170
7.863128 0.261305 -0.020650 0.036500 0.664563 0.204853 -0.676499 0.242365
7.865156 0.261305 -0.020650 0.036500 0.666364 0.197680 -0.679530 0.234778
7.867184 0.261305 -0.020650 0.036500 0.670546 0.182992 -0.684524 0.219792
7.869211 0.261305 -0.020650 0.036388 0.674405 0.168215 -0.689188 0.204699
7.871239 0.261305 -0.020650 0.036388 0.676212 0.160796 -0.691395 0.197115
7.873266 0.261305 -0.020650 0.036388 0.679582 0.145900 -0.695559 0.181877
7.875294 0.261305 -0.020650 0.036388 0.682623 0.130934 -0.699387 0.166551
7.877322 0.261305 -0.020650 0.036388 0.685335 0.115905 -0.702877 0.151145
7.879349 0.261305 -0.020650 0.036388 0.686567 0.108368 -0.704496 0.143414
7.881377 0.261417 -0.020650 0.036277 0.683319 0.094189 -0.709916 0.142209
7.883405 0.261417 -0.020650 0.036277 0.684312 0.086677 -0.711435 0.134401
7.885432 0.261417 -0.020650 0.036277 0.686051 0.071621 -0.714217 0.118737
7.887460 0.261417 -0.020762 0.036277 0.687974 0.056215 -0.716139 0.103332
7.889487 0.261417 -0.020762 0.036277 0.693430 0.047685 -0.714365 0.081021
7.891515 0.261417 -0.020762 0.036277 0.693912 0.040064 -0.715212 0.073168
7.893543 0.261528 -0.020762 0.036388 0.699661 0.023427 -0.712775 0.043325
7.895570 0.261528 -0.020762 0.036388 0.699876 0.015739 -0.713208 0.035492
7.897598 0.261528 -0.020762 0.036388 0.704511 0.014442 -0.709227 0.021266
7.899626 0.261528 -0.020762 0.036388 0.709217 0.005252 -0.704970 -0.000613
7.901653 0.261528 -0.020762 0.036500 0.713570 -0.003991 -0.700213 -0.022440
7.903681 0.261528 -0.020873 0.036500 0.717939 -0.005584 -0.695133 -0.036367
7.905708 0.261528 -0.020873 0.036500 0.721471 -0.022778 -0.688946 -0.065683
7.907736 0.261528 -0.020873 0.036612 0.725596 -0.024545 -0.683089 -0.079356
7.909764 0.261417 -0.020873 0.036612 0.728616 -0.033838 -0.676603 -0.100908
7.911791 0.261417 -0.020873 0.036612 0.732075 -0.043758 -0.668833 -0.121709
7.913819 0.261417 -0.020873 0.036612 0.731551 -0.051798 -0.667456 -0.129050
7.915847 0.261417 -0.020873 0.036723 0.735360 -0.053843 -0.660398 -0.142198
7.917874 0.261305 -0.020873 0.036723 0.736636 -0.071239 -0.650566 -0.170457
7.919902 0.261305 -0.020873 0.036723 0.739337 -0.081532 -0.640721 -0.190289
7.921929 0.261305 -0.020873 0.036723 0.738396 -0.089650 -0.638592 -0.197316
7.923957 0.261305 -0.020873 0.036723 0.740794 -0.100113 -0.627903 -0.216654
7.925985 0.261193 -0.020873 0.036723 0.738416 -0.116365 -0.622991 -0.230397
7.928012 0.261193 -0.020985 0.036723 0.741736 -0.118871 -0.613975 -0.242347
7.930040 0.261193 -0.020985 0.036723 0.738945 -0.135138 -0.608502 -0.255778
7.932068 0.261193 -0.020985 0.036723 0.740594 -0.145932 -0.595997 -0.273884
7.934095 0.261193 -0.020985 0.036723 0.740316 -0.155679 -0.591581 -0.278796
7.936123 0.261082 -0.020985 0.036723 0.736717 -0.171907 -0.585313 -0.291726
7.938150 0.261082 -0.021096 0.036723 0.739830 -0.174908 -0.574954 -0.302468
7.940178 0.261082 -0.021096 0.036723 0.735808 -0.191121 -0.568170 -0.315027
7.942206 0.261082 -0.021096 0.036723 0.736607 -0.202360 -0.553742 -0.331407
7.944233 0.261082 -0.021096 0.036723 0.738003 -0.204385 -0.552346 -0.329383
7.946261 0.261082 -0.021096 0.036723 0.738619 -0.215899 -0.537362 -0.345067
7.948288 0.261082 -0.021208 0.036723 0.733698 -0.232075 -0.529651 -0.356790
7.950316 0.261082 -0.021208 0.036612 0.735043 -0.234332 -0.528306 -0.354533
7.952344 0.261082 -0.021208 0.036612 0.737857 -0.238035 -0.516502 -0.363501
7.954371 0.261082 -0.021208 0.036612 0.732449 -0.254188 -0.508391 -0.374762
7.956399 0.260970 -0.021208 0.036612 0.735097 -0.258011 -0.496204 -0.383203
7.958427 0.260970 -0.021208 0.036612 0.736443 -0.260651 -0.494858 -0.380563
7.960454 0.260970 -0.021208 0.036500 0.730539 -0.276768 -0.486377 -0.391344
7.962482 0.260970 -0.021096 0.036500 0.731768 -0.279464 -0.485148 -0.388648
7.964509 0.260970 -0.021096 0.036388 0.728653 -0.287487 -0.480849 -0.393954
7.966537 0.260970 -0.021096 0.036388 0.729793 -0.290222 -0.479709 -0.391219
7.968565 0.260859 -0.021096 0.036277 0.726561 -0.298222 -0.475382 -0.396466
7.970592 0.260859 -0.021096 0.036277 0.723241 -0.306186 -0.470998 -0.401664
7.972620 0.260859 -0.021096 0.036277 0.725685 -0.310704 -0.458101 -0.408642
7.974648 0.260859 -0.021096 0.036277 0.723239 -0.321620 -0.452573 -0.410687
7.976675 0.260859 -0.021096 0.036165 0.719662 -0.329546 -0.448034 -0.415634
7.978703 0.260859 -0.021096 0.036165 0.724184 -0.324604 -0.451627 -0.407703
7.980730 0.260859 -0.021096 0.036165 0.720575 -0.332541 -0.447121 -0.412640
7.982758 0.260747 -0.021096 0.036165 0.716878 -0.340437 -0.442561 -0.417527
7.984786 0.260747 -0.021096 0.036165 0.715260 -0.353301 -0.424595 -0.428136
7.986813 0.260747 -0.021096 0.036165 0.717315 -0.358357 -0.411119 -0.433614
7.988841 0.260747 -0.021096 0.036165 0.719258 -0.363457 -0.397526 -0.438794
7.990869 0.260747 -0.021096 0.036165 0.721089 -0.368598 -0.383822 -0.443674
7.992896 0.260747 -0.021096 0.036165 0.721089 -0.368598 -0.383822 -0.443674
7.994924 0.260747 -0.021096 0.036165 0.727688 -0.369691 -0.374098 -0.440284
7.996951 0.260747 -0.021096 0.036277 0.729338 -0.375060 -0.360252 -0.444539
7.998979 0.260747 -0.021096 0.036277 0.736477 -0.377832 -0.337242 -0.448455
8.001007 0.260747 -0.021096 0.036277 0.737830 -0.383284 -0.323183 -0.451944
8.003034 0.260747 -0.021208 0.036277 0.739063 -0.388764 -0.309050 -0.455123
8.005062 0.260747 -0.021208 0.036388 0.744462 -0.386114 -0.299864 -0.454724
8.007090 0.260747 -0.021208 0.036388 0.745513 -0.391632 -0.285635 -0.457435
8.009117 0.260747 -0.021208 0.036388 0.746443 -0.397171 -0.271349 -0.459834
8.011145 0.260747 -0.021208 0.036388 0.751631 -0.394496 -0.262073 -0.459066
8.013172 0.260635 -0.021320 0.036388 0.756727 -0.391773 -0.252765 -0.458243
8.015200 0.260635 -0.021320 0.036388 0.757413 -0.397348 -0.238388 -0.460012
8.017228 0.260635 -0.021320 0.036388 0.762357 -0.394585 -0.229031 -0.458976
8.019255 0.260635 -0.021320 0.036500 0.762357 -0.394585 -0.229031 -0.458976
8.021283 0.260635 -0.021320 0.036500 0.767209 -0.391775 -0.219647 -0.457884
8.023311 0.260635 -0.021320 0.036500 0.767209 -0.391775 -0.219647 -0.457884
8.025338 0.260635 -0.021431 0.036500 0.776195 -0.380413 -0.215241 -0.454400
8.027366 0.260635 -0.021431 0.036500 0.776195 -0.380413 -0.215241 -0.454400
8.029393 0.260524 -0.021431 0.036500 0.784928 -0.368856 -0.210760 -0.451013
8.031421 0.260524 -0.021431 0.036500 0.784928 -0.368856 -0.210760 -0.451013
8.033449 0.260524 -0.021431 0.036500 0.788933 -0.360210 -0.215702 -0.448671
8.035476 0.260524 -0.021431 0.036500 0.797282 -0.348372 -0.211112 -0.445434
8.037504 0.260524 -0.021431 0.036500 0.801061 -0.339592 -0.215992 -0.443087
8.039532 0.260524 -0.021431 0.036388 0.809014 -0.327485 -0.211298 -0.440003
8.041559 0.260524 -0.021543 0.036388 0.831317 -0.285679 -0.223978 -0.420872
8.043587 0.260412 -0.021543 0.036388 0.844084 -0.254567 -0.228054 -0.413171
8.045614 0.260412 -0.021543 0.036388 0.853095 -0.232288 -0.227377 -0.408131
8.047642 0.260300 -0.021654 0.036388 0.867873 -0.181210 -0.239731 -0.395587
8.049670 0.260300 -0.021766 0.036277 0.880952 -0.134797 -0.237431 -0.386497
8.051697 0.260300 -0.021766 0.036277 0.887598 -0.101522 -0.240305 -0.379627
8.053725 0.260189 -0.021766 0.036277 0.892898 -0.067952 -0.242964 -0.372941
8.055753 0.260189 -0.021878 0.036277 0.896409 -0.043993 -0.241382 -0.369120
8.057780 0.260189 -0.021989 0.036277 0.898917 -0.029790 -0.235694 -0.368116
8.059808 0.260077 -0.021989 0.036277 0.901112 -0.015534 -0.229985 -0.367237
8.061835 0.260077 -0.022101 0.036277 0.898817 -0.013573 -0.220083 -0.378823
8.063863 0.259966 -0.022213 0.036277 0.896340 -0.001548 -0.214503 -0.388022
8.065891 0.259966 -0.022213 0.036388 0.893512 0.000815 -0.204823 -0.399603
8.067918 0.259966 -0.022324 0.036388 0.889068 -0.001435 -0.204820 -0.409395
8.069946 0.259854 -0.022324 0.036388 0.889068 -0.001435 -0.204820 -0.409395
8.071974 0.259854 -0.022436 0.036388 0.889031 0.008333 -0.209305 -0.407120
8.074001 0.259854 -0.022547 0.036388 0.884504 0.006033 -0.209384 -0.416862
8.076029 0.259742 -0.022547 0.036388 0.884504 0.006033 -0.209384 -0.416862
8.078056 0.259742 -0.022659 0.036388 0.879777 0.013398 -0.214111 -0.424228
8.080084 0.259742 -0.022771 0.036388 0.879577 0.023063 -0.218759 -0.421850
8.082112 0.259742 -0.022882 0.036388 0.879270 0.032724 -0.223380 -0.419421
8.084139 0.259742 -0.022882 0.036277 0.878339 0.052035 -0.232541 -0.414412
8.086167 0.259631 -0.022994 0.036277 0.876984 0.071320 -0.241590 -0.409203
8.088195 0.259631 -0.022994 0.036277 0.875205 0.090571 -0.250522 -0.403796
8.090222 0.259631 -0.023106 0.036165 0.873004 0.109778 -0.259333 -0.398195
8.092250 0.259631 -0.023217 0.036165 0.868912 0.138487 -0.272314 -0.389433
8.094277 0.259631 -0.023217 0.036165 0.861990 0.176525 -0.289160 -0.377094
8.096305 0.259631 -0.023217 0.036165 0.853402 0.214223 -0.305447 -0.364026
8.098333 0.259631 -0.023329 0.036165 0.845732 0.247434 -0.308642 -0.358126
8.100360 0.259631 -0.023329 0.036165 0.834045 0.284349 -0.324077 -0.344221
8.102388 0.259631 -0.023329 0.036054 0.823575 0.316820 -0.326931 -0.338328
8.104416 0.259519 -0.023329 0.036054 0.812368 0.356425 -0.337583 -0.314733
8.106443 0.259519 -0.023440 0.036054 0.791395 0.392905 -0.347478 -0.313972
8.108471 0.259519 -0.023440 0.036054 0.776568 0.423696 -0.349895 -0.308218
8.110498 0.259407 -0.023552 0.036165 0.757110 0.449978 -0.357240 -0.310940
8.112526 0.259407 -0.023552 0.036165 0.741632 0.467365 -0.361699 -0.317374
8.114554 0.259296 -0.023664 0.036165 0.728953 0.488331 -0.361288 -0.315643
8.116581 0.259296 -0.023775 0.036165 0.712133 0.504905 -0.366505 -0.321887
8.118609 0.259184 -0.023775 0.036165 0.692377 0.532701 -0.369933 -0.316217
8.120637 0.259184 -0.023887 0.036277 0.677081 0.543613 -0.382786 -0.315471
8.122664 0.259184 -0.023999 0.036277 0.658400 0.558601 -0.389104 -0.321050
8.124692 0.259073 -0.023999 0.036388 0.639082 0.573035 -0.395854 -0.326349
8.126719 0.259073 -0.024110 0.036388 0.619148 0.586889 -0.403024 -0.331345
8.128747 0.258961 -0.024222 0.036500 0.598616 0.600134 -0.410599 -0.336016
8.130775 0.258961 -0.024333 0.036500 0.581659 0.608513 -0.424594 -0.333324
8.132802 0.258961 -0.024333 0.036500 0.563905 0.625286 -0.425943 -0.331062
8.134830 0.258849 -0.024445 0.036500 0.539480 0.638693 -0.443664 -0.322792
8.136858 0.258849 -0.024445 0.036500 0.513488 0.659954 -0.448660 -0.315427
8.138885 0.258849 -0.024557 0.036612 0.483213 0.675087 -0.461047 -0.313367
8.140913 0.258738 -0.024557 0.036612 0.455614 0.694047 -0.466148 -0.305649
8.142940 0.258738 -0.024668 0.036612 0.440255 0.703890 -0.472751 -0.295333
8.144968 0.258626 -0.024780 0.036612 0.408317 0.715757 -0.485513 -0.291971
8.146996 0.258626 -0.024780 0.036612 0.378957 0.731638 -0.490499 -0.283740
8.149023 0.258514 -0.024891 0.036612 0.357558 0.749172 -0.491382 -0.263510
8.151051 0.258514 -0.024891 0.036612 0.310161 0.769857 -0.501363 -0.244449
8.153079 0.258403 -0.025003 0.036612 0.278796 0.781559 -0.505615 -0.236201
8.155106 0.258403 -0.025115 0.036500 0.252890 0.790322 -0.513124 -0.219411
8.157134 0.258291 -0.025226 0.036500 0.217926 0.800669 -0.522268 -0.196657
8.159161 0.258291 -0.025338 0.036500 0.178497 0.816305 -0.518911 -0.180323
8.161189 0.258291 -0.025450 0.036388 0.151501 0.821744 -0.524571 -0.163125
8.163217 0.258180 -0.025450 0.036388 0.106155 0.828822 -0.532736 -0.134078
8.165244 0.258180 -0.025561 0.036388 0.077501 0.825922 -0.545971 -0.117308
8.167272 0.258068 -0.025673 0.036388 0.050242 0.828028 -0.549541 -0.099253
8.169300 0.258068 -0.025896 0.036277 0.020673 0.835595 -0.545010 -0.065711
8.171327 0.258068 -0.025896 0.036277 -0.006874 0.835822 -0.546880 -0.047716
8.173355 0.258068 -0.026008 0.036165 -0.037416 0.841181 -0.539253 -0.014872
8.175382 0.257956 -0.026231 0.036165 -0.055918 0.834178 -0.548647 -0.002407
8.177410 0.257956 -0.026231 0.036165 -0.083199 0.825807 -0.557535 0.016589
8.179438 0.257956 -0.026343 0.036165 -0.104311 0.823544 -0.555837 0.044032
8.181465 0.257956 -0.026454 0.036054 -0.122380 0.821054 -0.554736 0.056234
8.183493 0.257956 -0.026566 0.036054 -0.134363 0.819261 -0.552053 0.077434
8.185521 0.257845 -0.026677 0.035942 -0.152330 0.816111 -0.550219 0.089544
8.187548 0.257845 -0.026789 0.035942 -0.169098 0.806496 -0.557012 0.103475
8.189576 0.257845 -0.026789 0.036054 -0.192815 0.801077 -0.556493 0.106835
8.191603 0.257845 -0.026789 0.036054 -0.209049 0.790513 -0.562730 0.121340
8.193631 0.257845 -0.026901 0.036054 -0.226366 0.785729 -0.559928 0.133674
8.195659 0.257845 -0.026901 0.036054 -0.233435 0.777013 -0.566996 0.142391
8.197686 0.257733 -0.027012 0.036054 -0.250450 0.771696 -0.563731 0.154814
8.199714 0.257733 -0.027124 0.036054 -0.263263 0.760466 -0.572930 0.155357
8.201742 0.257733 -0.027124 0.036054 -0.271601 0.757528 -0.571189 0.161642
8.203769 0.257733 -0.027124 0.036165 -0.292364 0.742564 -0.578422 0.168967
8.205797 0.257733 -0.027236 0.036165 -0.304702 0.730210 -0.587313 0.170336
8.207824 0.257733 -0.027236 0.036277 -0.312706 0.726818 -0.585406 0.176778
8.209852 0.257621 -0.027236 0.036277 -0.332595 0.710303 -0.592115 0.185067
8.211880 0.257621 -0.027347 0.036277 -0.340378 0.706606 -0.590046 0.191561
8.213907 0.257621 -0.027347 0.036388 -0.352001 0.693034 -0.598525 0.193823
8.215935 0.257621 -0.027459 0.036388 -0.359594 0.689125 -0.596360 0.200387
8.217963 0.257510 -0.027459 0.036388 -0.372280 0.674515 -0.599259 0.217544
8.219990 0.257510 -0.027459 0.036500 -0.390465 0.655832 -0.604834 0.227150
8.222018 0.257398 -0.027459 0.036500 -0.402114 0.640468 -0.606770 0.244816
8.224045 0.257398 -0.027459 0.036500 -0.421962 0.627332 -0.604681 0.250526
8.226073 0.257398 -0.027459 0.036500 -0.435644 0.617910 -0.599031 0.263750
8.228101 0.257287 -0.027459 0.036500 -0.449114 0.608189 -0.593091 0.276848
8.230128 0.257287 -0.027459 0.036500 -0.459157 0.591691 -0.593402 0.294874
8.232156 0.257175 -0.027459 0.036500 -0.478405 0.576239 -0.583363 0.314268
8.234184 0.257175 -0.027459 0.036500 -0.487328 0.559224 -0.582496 0.332383
8.236211 0.257175 -0.027459 0.036500 -0.505492 0.542861 -0.571227 0.351398
8.238239 0.257175 -0.027459 0.036500 -0.523106 0.525909 -0.559337 0.370031
8.240266 0.257063 -0.027459 0.036500 -0.539484 0.519744 -0.536278 0.388883
8.242294 0.257063 -0.027459 0.036388 -0.556318 0.501684 -0.523172 0.406344
8.244322 0.257063 -0.027459 0.036388 -0.567206 0.489340 -0.514118 0.417740
8.246349 0.257063 -0.027459 0.036388 -0.583023 0.470383 -0.500073 0.434455
8.248377 0.257063 -0.027459 0.036388 -0.593217 0.457460 -0.490407 0.445337
8.250405 0.257063 -0.027570 0.036388 -0.603125 0.444316 -0.480504 0.456004
8.252432 0.257063 -0.027570 0.036388 -0.612741 0.430957 -0.470369 0.466451
8.254460 0.257063 -0.027570 0.036388 -0.622583 0.429285 -0.460528 0.464779
8.256487 0.257063 -0.027570 0.036388 -0.623363 0.428458 -0.449254 0.475409
8.258515 0.257063 -0.027682 0.036277 -0.628032 0.421583 -0.444004 0.480316
8.260543 0.257063 -0.027682 0.036277 -0.628785 0.420730 -0.432386 0.490569
8.262570 0.257063 -0.027682 0.036277 -0.628785 0.420730 -0.432386 0.490569
8.264598 0.257063 -0.027794 0.036277 -0.627890 0.409081 -0.431491 0.502218
8.266626 0.257063 -0.027794 0.036388 -0.627890 0.409081 -0.431491 0.502218
8.268653 0.257063 -0.027794 0.036388 -0.618369 0.410520 -0.429669 0.514274
8.270681 0.257063 -0.027905 0.036388 -0.618369 0.410520 -0.429669 0.514274
8.272708 0.257063 -0.027905 0.036388 -0.618369 0.410520 -0.429669 0.514274
8.274736 0.257063 -0.027905 0.036388 -0.608187 0.412482 -0.439851 0.516235
8.276764 0.257063 -0.028017 0.036388 -0.608187 0.412482 -0.439851 0.516235
8.278791 0.257063 -0.028017 0.036500 -0.602479 0.407624 -0.444356 0.522886
8.280819 0.257063 -0.028017 0.036500 -0.602479 0.407624 -0.444356 0.522886
8.282847 0.257063 -0.028017 0.036500 -0.592238 0.409249 -0.454597 0.524510
8.284874 0.257063 -0.028129 0.036500 -0.596512 0.402934 -0.460567 0.519323
8.286902 0.257063 -0.028129 0.036612 -0.590770 0.397850 -0.464966 0.525845
8.288929 0.257063 -0.028129 0.036612 -0.586364 0.404316 -0.470715 0.520705
8.290957 0.257063 -0.028129 0.036612 -0.586364 0.404316 -0.470715 0.520705
8.292985 0.257063 -0.028129 0.036612 -0.584996 0.392676 -0.480844 0.521896
8.295012 0.257063 -0.028129 0.036612 -0.584996 0.392676 -0.480844 0.521896
8.297040 0.257063 -0.028129 0.036612 -0.580646 0.399079 -0.486548 0.516582
8.299068 0.257063 -0.028129 0.036612 -0.580646 0.399079 -0.486548 0.516582
8.301095 0.257063 -0.028129 0.036723 -0.580646 0.399079 -0.486548 0.516582
8.303123 0.257063 -0.028240 0.036723 -0.580646 0.399079 -0.486548 0.516582
8.305150 0.257063 -0.028240 0.036723 -0.575094 0.393546 -0.502089 0.512149
8.307178 0.257063 -0.028240 0.036723 -0.575094 0.393546 -0.502089 0.512149
8.309206 0.257063 -0.028240 0.036723 -0.575094 0.393546 -0.502089 0.512149
8.311233 0.257063 -0.028240 0.036723 -0.575094 0.393546 -0.502089 0.512149
8.313261 0.257063 -0.028240 0.036723 -0.570735 0.399840 -0.507685 0.506602
8.315289 0.257063 -0.028240 0.036723 -0.566308 0.406086 -0.513220 0.500994
8.317316 0.257063 -0.028240 0.036723 -0.566473 0.405930 -0.523920 0.489732
8.319344 0.256952 -0.028240 0.036723 -0.557417 0.418278 -0.534554 0.478102
8.321371 0.256952 -0.028240 0.036723 -0.538682 0.442221 -0.564712 0.441999
8.323399 0.256840 -0.028240 0.036723 -0.518921 0.465329 -0.592433 0.403996
8.325427 0.256840 -0.028240 0.036835 -0.503694 0.481943 -0.621401 0.357608
8.327454 0.256729 -0.028240 0.036835 -0.462837 0.531365 -0.656930 0.268100
8.329482 0.256729 -0.028352 0.036835 -0.426938 0.560665 -0.682298 0.194547
8.331510 0.256617 -0.028352 0.036835 -0.397098 0.590850 -0.688747 0.137245
8.333537 0.256617 -0.028352 0.036835 -0.364845 0.619400 -0.690551 0.079822
8.335565 0.256617 -0.028463 0.036835 -0.344387 0.638696 -0.687052 0.037756
8.337592 0.256505 -0.028463 0.036835 -0.329874 0.653646 -0.681115 0.003507
8.339620 0.256505 -0.028463 0.036835 -0.314492 0.668170 -0.673585 -0.030439
8.341648 0.256505 -0.028352 0.036835 -0.306336 0.671552 -0.672556 -0.053340
8.343675 0.256505 -0.028352 0.036835 -0.291508 0.678120 -0.671222 -0.068103
8.345703 0.256505 -0.028352 0.036835 -0.297290 0.682145 -0.663311 -0.079468
8.347731 0.256505 -0.028240 0.036835 -0.288808 0.692606 -0.654828 -0.089929
8.349758 0.256394 -0.028240 0.036723 -0.280097 0.702878 -0.646118 -0.100201
8.351786 0.256394 -0.028240 0.036723 -0.277513 0.709758 -0.636520 -0.118629
8.353813 0.256394 -0.028240 0.036612 -0.262010 0.722835 -0.628031 -0.120158
8.355841 0.256394 -0.028240 0.036500 -0.252642 0.732511 -0.618663 -0.129834
8.357869 0.256394 -0.028129 0.036500 -0.243064 0.741978 -0.609084 -0.139302
8.359896 0.256394 -0.028129 0.036500 -0.233280 0.751233 -0.599300 -0.148556
8.361924 0.256282 -0.028129 0.036388 -0.223295 0.760271 -0.589315 -0.157594
8.363952 0.256282 -0.028129 0.036388 -0.215569 0.769518 -0.581789 -0.151306
8.365979 0.256282 -0.028129 0.036277 -0.203587 0.784399 -0.562993 -0.162201
8.368007 0.256394 -0.028240 0.036165 -0.187322 0.795331 -0.553399 -0.161583
8.370034 0.256394 -0.028240 0.036165 -0.176720 0.803352 -0.542798 -0.169604
8.372062 0.256394 -0.028240 0.036054 -0.157024 0.812913 -0.530042 -0.183225
8.374090 0.256394 -0.028240 0.036054 -0.145998 0.820341 -0.519016 -0.190653
8.376117 0.256394 -0.028240 0.036054 -0.129280 0.829787 -0.509051 -0.188699
8.378145 0.256394 -0.028352 0.035942 -0.127199 0.835329 -0.499904 -0.190108
8.380173 0.256394 -0.028352 0.035942 -0.123470 0.834460 -0.496487 -0.204772
8.382200 0.256394 -0.028352 0.035942 -0.114295 0.835766 -0.494208 -0.210214
8.384228 0.256394 -0.028352 0.035942 -0.114295 0.835766 -0.494208 -0.210214
8.386255 0.256394 -0.028352 0.035942 -0.105106 0.836971 -0.491869 -0.215631
8.388283 0.256394 -0.028352 0.035942 -0.105106 0.836971 -0.491869 -0.215631
8.390311 0.256394 -0.028352 0.036054 -0.110596 0.834775 -0.490310 -0.224758
8.392338 0.256394 -0.028352 0.036054 -0.101418 0.835939 -0.487811 -0.230131
8.394366 0.256394 -0.028352 0.036054 -0.106919 0.833702 -0.486093 -0.239213
8.396394 0.256394 -0.028352 0.036054 -0.109541 0.828312 -0.495222 -0.238024
8.398421 0.256394 -0.028352 0.036054 -0.106047 0.827209 -0.490676 -0.252422
8.400449 0.256394 -0.028352 0.036054 -0.106047 0.827209 -0.490676 -0.252422
8.402476 0.256394 -0.028352 0.036165 -0.111647 0.824852 -0.488716 -0.261363
8.404504 0.256394 -0.028352 0.036165 -0.105502 0.820642 -0.494861 -0.265573
8.406532 0.256394 -0.028352 0.036165 -0.105502 0.820642 -0.494861 -0.265573
8.408559 0.256394 -0.028352 0.036165 -0.102216 0.819443 -0.489673 -0.279795
8.410587 0.256394 -0.028352 0.036165 -0.093207 0.820517 -0.486570 -0.285157
8.412615 0.256394 -0.028352 0.036165 -0.093207 0.820517 -0.486570 -0.285157
8.414642 0.256394 -0.028352 0.036277 -0.084187 0.821491 -0.483408 -0.290486
8.416670 0.256394 -0.028352 0.036277 -0.089962 0.819210 -0.480917 -0.299200
8.418697 0.256394 -0.028352 0.036277 -0.080957 0.820149 -0.477601 -0.304465
8.420725 0.256394 -0.028352 0.036277 -0.084297 0.814853 -0.486582 -0.303557
8.422753 0.256394 -0.028352 0.036277 -0.081249 0.813507 -0.480454 -0.317440
8.424780 0.256394 -0.028352 0.036277 -0.081249 0.813507 -0.480454 -0.317440
8.426808 0.256394 -0.028240 0.036277 -0.087149 0.811187 -0.477632 -0.325958
8.428836 0.256394 -0.028240 0.036277 -0.087149 0.811187 -0.477632 -0.325958
8.430863 0.256282 -0.028240 0.036277 -0.078232 0.812095 -0.474022 -0.331185
8.432891 0.256282 -0.028240 0.036277 -0.084147 0.809742 -0.471050 -0.339631
8.434918 0.256282 -0.028129 0.036388 -0.087873 0.804518 -0.479917 -0.338686
8.436946 0.256282 -0.028129 0.036388 -0.093871 0.802100 -0.476861 -0.347026
8.438974 0.256282 -0.028129 0.036388 -0.099856 0.799586 -0.473747 -0.355323
8.441001 0.256282 -0.028129 0.036388 -0.099856 0.799586 -0.473747 -0.355323
8.443029 0.256282 -0.028129 0.036388 -0.099856 0.799586 -0.473747 -0.355323
8.445057 0.256282 -0.028129 0.036388 -0.101830 0.802096 -0.461793 -0.364719
8.447084 0.256170 -0.028129 0.036388 -0.101830 0.802096 -0.461793 -0.364719
8.449112 0.256170 -0.028129 0.036388 -0.101830 0.802096 -0.461793 -0.364719
8.451139 0.256170 -0.028129 0.036388 -0.098912 0.800489 -0.454469 -0.378010
8.453167 0.256170 -0.028129 0.036388 -0.094753 0.805433 -0.445648 -0.379074
8.455195 0.256170 -0.028129 0.036277 -0.094753 0.805433 -0.445648 -0.379074
8.457222 0.256170 -0.028129 0.036277 -0.094753 0.805433 -0.445648 -0.379074
8.459250 0.256170 -0.028129 0.036277 -0.081675 0.811227 -0.432570 -0.384868
8.461278 0.256170 -0.028129 0.036277 -0.081675 0.811227 -0.432570 -0.384868
8.463305 0.256170 -0.028129 0.036277 -0.081675 0.811227 -0.432570 -0.384868
8.465333 0.256170 -0.028129 0.036277 -0.077442 0.815930 -0.423632 -0.385742
8.467360 0.256170 -0.028129 0.036165 -0.077442 0.815930 -0.423632 -0.385742
8.469388 0.256170 -0.028129 0.036165 -0.077442 0.815930 -0.423632 -0.385742
8.471416 0.256170 -0.028240 0.036165 -0.077442 0.815930 -0.423632 -0.385742
8.473443 0.256170 -0.028240 0.036165 -0.068474 0.816732 -0.419368 -0.390372
8.475471 0.256170 -0.028240 0.036165 -0.058588 0.823987 -0.413724 -0.382681
8.477499 0.256170 -0.028240 0.036165 -0.058588 0.823987 -0.413724 -0.382681
8.479526 0.256059 -0.028240 0.036165 -0.058588 0.823987 -0.413724 -0.382681
8.481554 0.256059 -0.028240 0.036165 -0.064181 0.821290 -0.410370 -0.391101
8.483581 0.256059 -0.028240 0.036165 -0.064181 0.821290 -0.410370 -0.391101
8.485609 0.256059 -0.028352 0.036054 -0.064181 0.821290 -0.410370 -0.391101
8.487637 0.256059 -0.028352 0.036054 -0.064181 0.821290 -0.410370 -0.391101
8.489664 0.256059 -0.028352 0.036054 -0.059880 0.825749 -0.401323 -0.391783
8.491692 0.256059 -0.028463 0.036054 -0.050805 0.826357 -0.396995 -0.396168
8.493720 0.256059 -0.028463 0.036054 -0.056329 0.823583 -0.393530 -0.404564
8.495747 0.256059 -0.028575 0.036054 -0.056329 0.823583 -0.393530 -0.404564
8.497775 0.256059 -0.028575 0.036054 -0.061846 0.820710 -0.390018 -0.412911
8.499802 0.256059 -0.028687 0.036165 -0.058368 0.818429 -0.381808 -0.425428
8.501830 0.255947 -0.028798 0.036165 -0.063903 0.815419 -0.378112 -0.433635
8.503858 0.255947 -0.028910 0.036165 -0.060502 0.813025 -0.369495 -0.445875
8.505885 0.255947 -0.028910 0.036165 -0.066055 0.809879 -0.365619 -0.453933
8.507913 0.255947 -0.029021 0.036277 -0.062735 0.807374 -0.356602 -0.465883
8.509941 0.255836 -0.029133 0.036277 -0.059019 0.804104 -0.360318 -0.469152
8.511968 0.255836 -0.029133 0.036388 -0.061190 0.797691 -0.359670 -0.480190
8.513996 0.255836 -0.029245 0.036388 -0.066997 0.794532 -0.355335 -0.487819
8.516023 0.255836 -0.029356 0.036500 -0.069579 0.788185 -0.354174 -0.498481
8.518051 0.255724 -0.029356 0.036500 -0.069579 0.788185 -0.354174 -0.498481
8.520079 0.255724 -0.029468 0.036500 -0.072455 0.781903 -0.352669 -0.508923
8.522106 0.255724 -0.029468 0.036500 -0.069490 0.778792 -0.355634 -0.512034
8.524134 0.255724 -0.029580 0.036612 -0.075619 0.775695 -0.350824 -0.519135
8.526162 0.255612 -0.029580 0.036612 -0.081317 0.771794 -0.359325 -0.518273
8.528189 0.255612 -0.029691 0.036612 -0.081317 0.771794 -0.359325 -0.518273
8.530217 0.255612 -0.029691 0.036612 -0.087006 0.767800 -0.367782 -0.517348
8.532244 0.255501 -0.029691 0.036612 -0.099032 0.760685 -0.371240 -0.523194
8.534272 0.255501 -0.029803 0.036612 -0.099032 0.760685 -0.371240 -0.523194
8.536300 0.255501 -0.029803 0.036612 -0.104774 0.756561 -0.379575 -0.522074
8.538327 0.255389 -0.029914 0.036612 -0.110504 0.752345 -0.387864 -0.520891
8.540355 0.255389 -0.029914 0.036612 -0.125212 0.748005 -0.388569 -0.523283
8.542383 0.255389 -0.030026 0.036612 -0.139116 0.742207 -0.402473 -0.517485
8.544410 0.255277 -0.030026 0.036612 -0.144792 0.737741 -0.410603 -0.515926
8.546438 0.255277 -0.030138 0.036612 -0.165079 0.728340 -0.419308 -0.516189
8.548465 0.255166 -0.030138 0.036612 -0.178680 0.721770 -0.432909 -0.509619
8.550493 0.255166 -0.030249 0.036612 -0.192134 0.714902 -0.446362 -0.502752
8.552521 0.255054 -0.030361 0.036612 -0.212099 0.704452 -0.454715 -0.501992
8.554548 0.255054 -0.030361 0.036612 -0.238278 0.689222 -0.480893 -0.486763
8.556576 0.254943 -0.030473 0.036612 -0.251110 0.681180 -0.493725 -0.478720
8.558604 0.254943 -0.030473 0.036612 -0.270529 0.669405 -0.501503 -0.476661
8.560631 0.254831 -0.030584 0.036612 -0.290268 0.657637 -0.519111 -0.462366
8.562659 0.254831 -0.030584 0.036723 -0.309227 0.644962 -0.526508 -0.459557
8.564686 0.254719 -0.030696 0.036723 -0.321260 0.635647 -0.538541 -0.450243
8.566714 0.254719 -0.030696 0.036723 -0.333085 0.626071 -0.550366 -0.440666
8.568742 0.254719 -0.030696 0.036612 -0.346760 0.618602 -0.559915 -0.428468
8.570769 0.254608 -0.030696 0.036612 -0.353535 0.614755 -0.564588 -0.422291
8.572797 0.254608 -0.030696 0.036612 -0.364817 0.604544 -0.575870 -0.412080
8.574825 0.254608 -0.030807 0.036612 -0.371437 0.600499 -0.580362 -0.405728
8.576852 0.254608 -0.030807 0.036612 -0.378011 0.596382 -0.584785 -0.399328
8.578880 0.254608 -0.030807 0.036612 -0.384540 0.592193 -0.589136 -0.392879
8.580907 0.254496 -0.030807 0.036500 -0.391023 0.587933 -0.593417 -0.386383
8.582935 0.254496 -0.030919 0.036500 -0.391023 0.587933 -0.593417 -0.386383
8.584963 0.254496 -0.030919 0.036500 -0.391023 0.587933 -0.593417 -0.386383
8.586990 0.254384 -0.030919 0.036500 -0.391023 0.587933 -0.593417 -0.386383
8.589018 0.254384 -0.031031 0.036388 -0.391023 0.587933 -0.593417 -0.386383
8.591046 0.254384 -0.031031 0.036388 -0.391023 0.587933 -0.593417 -0.386383
8.593073 0.254384 -0.031142 0.036388 -0.384540 0.592193 -0.589136 -0.392879
8.595101 0.254384 -0.031142 0.036388 -0.384540 0.592193 -0.589136 -0.392879
8.597128 0.254273 -0.031254 0.036388 -0.384587 0.592225 -0.580332 -0.405680
8.599156 0.254273 -0.031254 0.036388 -0.384587 0.592225 -0.580332 -0.405680
8.601184 0.254273 -0.031366 0.036388 -0.378057 0.596415 -0.575840 -0.412032
8.603211 0.254273 -0.031477 0.036388 -0.376056 0.594220 -0.577842 -0.414227
8.605239 0.254161 -0.031477 0.036388 -0.369505 0.598315 -0.573256 -0.420550
8.607267 0.254161 -0.031589 0.036388 -0.362909 0.602339 -0.568602 -0.426822
8.609294 0.254161 -0.031589 0.036388 -0.361006 0.600058 -0.570505 -0.429103
8.611322 0.254161 -0.031700 0.036388 -0.354392 0.603988 -0.565756 -0.435345
8.613349 0.254161 -0.031700 0.036388 -0.347735 0.607845 -0.560939 -0.441534
8.615377 0.254161 -0.031812 0.036388 -0.341036 0.611628 -0.556055 -0.447670
8.617405 0.254161 -0.031812 0.036388 -0.345934 0.605482 -0.562741 -0.443896
8.619432 0.254161 -0.031812 0.036388 -0.339261 0.609246 -0.557830 -0.450052
8.621460 0.254161 -0.031924 0.036388 -0.325368 0.616177 -0.558084 -0.450560
8.623487 0.254161 -0.031924 0.036388 -0.318579 0.619714 -0.553100 -0.456664
8.625515 0.254050 -0.031924 0.036388 -0.318579 0.619714 -0.553100 -0.456664
8.627543 0.254050 -0.032035 0.036388 -0.311751 0.623177 -0.548050 -0.462713
8.629570 0.254050 -0.032035 0.036388 -0.311751 0.623177 -0.548050 -0.462713
8.631598 0.254050 -0.032035 0.036388 -0.304886 0.626564 -0.542933 -0.468706
8.633626 0.254050 -0.032035 0.036388 -0.312169 0.623562 -0.537520 -0.474123
8.635653 0.254050 -0.032035 0.036388 -0.312169 0.623562 -0.537520 -0.474123
8.637681 0.254050 -0.032035 0.036388 -0.305299 0.626954 -0.532279 -0.480000
8.639708 0.254050 -0.032147 0.036388 -0.305299 0.626954 -0.532279 -0.480000
8.641736 0.254050 -0.032147 0.036388 -0.305299 0.626954 -0.532279 -0.480000
8.643764 0.254050 -0.032147 0.036388 -0.298393 0.630270 -0.526973 -0.485819
8.645791 0.254050 -0.032147 0.036388 -0.303712 0.624443 -0.533866 -0.482511
8.647819 0.254050 -0.032147 0.036388 -0.311080 0.621587 -0.528240 -0.487669
8.649847 0.254050 -0.032147 0.036388 -0.311080 0.621587 -0.528240 -0.487669
8.651874 0.254050 -0.032147 0.036388 -0.304233 0.624967 -0.522850 -0.493443
8.653902 0.254050 -0.032147 0.036388 -0.304233 0.624967 -0.522850 -0.493443
8.655929 0.253938 -0.032147 0.036388 -0.302814 0.622550 -0.524269 -0.495860
8.657957 0.253938 -0.032147 0.036388 -0.310262 0.619845 -0.518438 -0.500751
8.659985 0.253938 -0.032147 0.036388 -0.310262 0.619845 -0.518438 -0.500751
8.662012 0.253938 -0.032259 0.036388 -0.308978 0.617544 -0.519721 -0.503053
8.664040 0.253938 -0.032259 0.036500 -0.302175 0.620901 -0.514163 -0.508732
8.666068 0.253938 -0.032259 0.036500 -0.309696 0.618351 -0.508137 -0.513350
8.668095 0.253826 -0.032259 0.036500 -0.308566 0.616158 -0.509267 -0.515542
8.670123 0.253826 -0.032259 0.036500 -0.301778 0.619511 -0.503572 -0.521106
8.672150 0.253826 -0.032370 0.036500 -0.294954 0.622789 -0.497817 -0.526607
8.674178 0.253826 -0.032370 0.036500 -0.288094 0.625992 -0.492001 -0.532044
8.676206 0.253826 -0.032370 0.036500 -0.281200 0.629119 -0.486126 -0.537417
8.678233 0.253826 -0.032370 0.036500 -0.281956 0.630114 -0.473796 -0.546786
8.680261 0.253826 -0.032482 0.036500 -0.275016 0.633174 -0.467760 -0.551958
8.682289 0.253826 -0.032482 0.036500 -0.261039 0.639063 -0.455520 -0.562102
8.684316 0.253826 -0.032482 0.036500 -0.247757 0.646790 -0.442238 -0.569829
8.686344 0.253826 -0.032482 0.036500 -0.240636 0.649473 -0.435951 -0.574653
8.688371 0.253826 -0.032593 0.036388 -0.227107 0.656758 -0.422422 -0.581938
8.690399 0.253826 -0.032593 0.036388 -0.219878 0.659213 -0.416003 -0.586543
8.692427 0.253826 -0.032593 0.036388 -0.206116 0.666048 -0.402241 -0.593379
8.694454 0.253826 -0.032593 0.036388 -0.198786 0.668272 -0.395698 -0.597762
8.696482 0.253826 -0.032593 0.036388 -0.184807 0.674650 -0.381718 -0.604140
8.698510 0.253826 -0.032593 0.036388 -0.184807 0.674650 -0.381718 -0.604140
8.700537 0.253826 -0.032593 0.036388 -0.170690 0.680719 -0.367602 -0.610209
8.702565 0.253826 -0.032593 0.036388 -0.163201 0.682553 -0.360876 -0.614211
8.704592 0.253826 -0.032593 0.036388 -0.170883 0.681067 -0.354024 -0.617749
8.706620 0.253826 -0.032593 0.036388 -0.163391 0.682903 -0.347216 -0.621601
8.708648 0.253715 -0.032593 0.036388 -0.148999 0.688355 -0.332823 -0.627053
8.710675 0.253715 -0.032593 0.036388 -0.148999 0.688355 -0.332823 -0.627053
8.712703 0.253715 -0.032593 0.036277 -0.148999 0.688355 -0.332823 -0.627053
8.714731 0.253715 -0.032593 0.036277 -0.141427 0.689950 -0.325914 -0.630672
8.716758 0.253715 -0.032593 0.036277 -0.141427 0.689950 -0.325914 -0.630672
8.718786 0.253715 -0.032593 0.036277 -0.126863 0.694925 -0.311350 -0.635646
8.720813 0.253603 -0.032593 0.036165 -0.111540 0.697494 -0.311360 -0.635702
8.722841 0.253603 -0.032593 0.036165 -0.103871 0.698677 -0.304357 -0.639084
8.724869 0.253603 -0.032593 0.036165 -0.103871 0.698677 -0.304357 -0.639084
8.726896 0.253603 -0.032593 0.036165 -0.089126 0.703000 -0.289612 -0.643407
8.728924 0.253603 -0.032705 0.036054 -0.081397 0.703937 -0.282526 -0.646550
8.730952 0.253603 -0.032705 0.036054 -0.065957 0.705660 -0.282513 -0.646436
8.732979 0.253603 -0.032705 0.036054 -0.051061 0.709325 -0.267618 -0.650101
8.735007 0.253491 -0.032705 0.036054 -0.043265 0.709843 -0.260459 -0.653002
8.737034 0.253491 -0.032817 0.035942 -0.035464 0.710276 -0.253270 -0.655824
8.739062 0.253491 -0.032817 0.035942 -0.019955 0.711148 -0.253254 -0.655540
8.741090 0.253491 -0.032817 0.035942 -0.012141 0.711325 -0.246037 -0.658282
8.743117 0.253491 -0.032928 0.035942 0.003490 0.711420 -0.231514 -0.663529
8.745145 0.253491 -0.032928 0.035942 0.011306 0.711339 -0.224211 -0.666032
8.747173 0.253491 -0.032928 0.035942 0.011775 0.708746 -0.224680 -0.668625
8.749200 0.253491 -0.032928 0.035942 0.019561 0.708574 -0.217321 -0.671053
8.751228 0.253380 -0.033040 0.035942 0.027699 0.705705 -0.210290 -0.676011
8.753255 0.253380 -0.033040 0.035942 0.027997 0.703087 -0.210588 -0.678629
8.755283 0.253380 -0.033040 0.035942 0.028236 0.700463 -0.210828 -0.681253
8.757311 0.253380 -0.033040 0.035942 0.028419 0.697835 -0.211010 -0.683881
8.759338 0.253380 -0.033040 0.036054 0.036179 0.694847 -0.203579 -0.688792
8.761366 0.253268 -0.033151 0.036054 0.036216 0.692213 -0.203617 -0.691426
8.763394 0.253268 -0.033151 0.036054 0.035971 0.690634 -0.188439 -0.697296
8.765421 0.253268 -0.033151 0.036054 0.028181 0.686059 -0.195888 -0.700112
8.767449 0.253157 -0.033151 0.036054 0.035508 0.683250 -0.187976 -0.704680
8.769476 0.253157 -0.033151 0.036165 0.043012 0.682819 -0.180223 -0.706702
8.771504 0.253045 -0.033151 0.036165 0.034992 0.682539 -0.172437 -0.709353
8.773532 0.253045 -0.033151 0.036165 0.049980 0.681605 -0.156811 -0.712970
8.775559 0.253045 -0.033151 0.036165 0.049610 0.679337 -0.156441 -0.715238
8.777587 0.252933 -0.033151 0.036054 0.064524 0.678083 -0.140689 -0.718503
8.779615 0.252933 -0.033151 0.036054 0.079875 0.678752 -0.125338 -0.719171
8.781642 0.252933 -0.033151 0.036054 0.094769 0.676833 -0.109506 -0.721751
8.783670 0.252822 -0.033151 0.036054 0.110134 0.676826 -0.094141 -0.721744
8.785697 0.252822 -0.033151 0.036054 0.124978 0.674243 -0.078261 -0.723638
8.787725 0.252822 -0.033151 0.035942 0.140329 0.673561 -0.062910 -0.722956
8.789753 0.252822 -0.033151 0.035942 0.163029 0.669541 -0.055129 -0.722563
8.791780 0.252822 -0.033151 0.035942 0.185638 0.666189 -0.031924 -0.721604
8.793808 0.252822 -0.033151 0.035942 0.200865 0.664333 -0.016697 -0.719748
8.795836 0.252822 -0.033151 0.035830 0.215413 0.659759 -0.000879 -0.719941
8.797863 0.252822 -0.033263 0.035830 0.244872 0.651275 0.014535 -0.718100
8.799891 0.252822 -0.033263 0.035830 0.252013 0.648546 0.022423 -0.717897
8.801918 0.252933 -0.033263 0.035830 0.266990 0.645366 0.037401 -0.714717
8.803946 0.252933 -0.033263 0.035830 0.274064 0.642394 0.045251 -0.714263
8.805974 0.252933 -0.033263 0.035830 0.295929 0.635509 0.067919 -0.709888
8.808001 0.252933 -0.033263 0.035830 0.309768 0.628460 0.068099 -0.710242
8.810029 0.253045 -0.033375 0.035830 0.316654 0.625019 0.075898 -0.709451
8.812057 0.253045 -0.033375 0.035830 0.323502 0.621502 0.083688 -0.708575
8.814084 0.253045 -0.033375 0.035830 0.322516 0.618878 0.084673 -0.711199
8.816112 0.253045 -0.033486 0.035830 0.322608 0.619439 0.099993 -0.708675
8.818139 0.253045 -0.033486 0.035830 0.329394 0.615857 0.107773 -0.707534
8.820167 0.253045 -0.033486 0.035830 0.328360 0.613434 0.108806 -0.709957
8.822195 0.253045 -0.033486 0.035830 0.335080 0.609789 0.116600 -0.708719
8.824222 0.253157 -0.033598 0.035830 0.341759 0.606071 0.124379 -0.707395
8.826250 0.253045 -0.033598 0.035830 0.340619 0.603696 0.125518 -0.709771
8.828278 0.253045 -0.033598 0.035830 0.347231 0.599917 0.133308 -0.708349
8.830305 0.253045 -0.033710 0.035830 0.346014 0.597580 0.134525 -0.710686
8.832333 0.253045 -0.033710 0.035830 0.352558 0.593743 0.142324 -0.709166
8.834360 0.253045 -0.033710 0.035830 0.351265 0.591447 0.143618 -0.711461
8.836388 0.253045 -0.033710 0.035830 0.351615 0.592647 0.158483 -0.707120
8.838416 0.253045 -0.033821 0.035830 0.351615 0.592647 0.158483 -0.707120
8.840443 0.253045 -0.033821 0.035830 0.350334 0.590539 0.159764 -0.709228
8.842471 0.252933 -0.033821 0.035830 0.356801 0.586655 0.167546 -0.707430
8.844499 0.252933 -0.033821 0.035830 0.363225 0.582699 0.175308 -0.705547
8.846526 0.252933 -0.033821 0.035830 0.363225 0.582699 0.175308 -0.705547
8.848554 0.252933 -0.033821 0.035830 0.361852 0.580650 0.176680 -0.707596
8.850581 0.252933 -0.033933 0.035830 0.368210 0.576640 0.184443 -0.705613
8.852609 0.252822 -0.033933 0.035830 0.368210 0.576640 0.184443 -0.705613
8.854637 0.252822 -0.033933 0.035830 0.366771 0.574636 0.185882 -0.707616
8.856664 0.252822 -0.033933 0.035830 0.373062 0.570572 0.193645 -0.705531
8.858692 0.252822 -0.033933 0.035830 0.371557 0.568618 0.195149 -0.707486
8.860720 0.252822 -0.033933 0.035830 0.377782 0.564501 0.202910 -0.705299
8.862747 0.252710 -0.033933 0.035830 0.376214 0.562597 0.204478 -0.707203
8.864775 0.252710 -0.033933 0.035830 0.369338 0.566884 0.212345 -0.705083
8.866802 0.252710 -0.034044 0.035942 0.367801 0.565176 0.213882 -0.706791
8.868830 0.252710 -0.034044 0.035942 0.361144 0.569838 0.221459 -0.704142
8.870858 0.252599 -0.034044 0.035942 0.373577 0.561765 0.236876 -0.699106
8.872885 0.252599 -0.034044 0.035942 0.367185 0.566776 0.244158 -0.695935
8.874913 0.252599 -0.034044 0.036054 0.371942 0.561388 0.253238 -0.694531
8.876941 0.252599 -0.034156 0.036054 0.372083 0.562753 0.267710 -0.687891
8.878968 0.252599 -0.034156 0.036054 0.378243 0.558632 0.275251 -0.684909
8.880996 0.252599 -0.034156 0.036165 0.372492 0.564360 0.281795 -0.680690
8.883023 0.252487 -0.034156 0.036165 0.384802 0.556040 0.296682 -0.674335
8.885051 0.252487 -0.034268 0.036165 0.383492 0.555086 0.297992 -0.675288
8.887079 0.252487 -0.034268 0.036165 0.395595 0.546526 0.312757 -0.668578
8.889106 0.252487 -0.034268 0.036165 0.401575 0.542147 0.320083 -0.665102
8.891134 0.252375 -0.034268 0.036165 0.407507 0.537703 0.327371 -0.661545
8.893162 0.252375 -0.034268 0.036165 0.413390 0.533193 0.334619 -0.657909
8.895189 0.252375 -0.034268 0.036165 0.419223 0.528620 0.341827 -0.654193
8.897217 0.252375 -0.034268 0.036165 0.419223 0.528620 0.341827 -0.654193
8.899244 0.252375 -0.034268 0.036165 0.425005 0.523982 0.348993 -0.650398
8.901272 0.252375 -0.034268 0.036054 0.430736 0.519281 0.356117 -0.646525
8.903300 0.252264 -0.034268 0.036054 0.436415 0.514518 0.363199 -0.642573
8.905327 0.252264 -0.034268 0.036054 0.442041 0.509692 0.370236 -0.638544
8.907355 0.252264 -0.034268 0.036054 0.442041 0.509692 0.370236 -0.638544
8.909383 0.252264 -0.034268 0.036054 0.447614 0.504805 0.377229 -0.634438
8.911410 0.252264 -0.034268 0.036165 0.446181 0.504048 0.378661 -0.635196
8.913438 0.252264 -0.034379 0.036165 0.451692 0.499115 0.385617 -0.630998
8.915465 0.252264 -0.034379 0.036165 0.450235 0.498405 0.387074 -0.631708
8.917493 0.252264 -0.034379 0.036165 0.448763 0.497728 0.388546 -0.632385
8.919521 0.252264 -0.034379 0.036165 0.454204 0.492767 0.395470 -0.628079
8.921548 0.252264 -0.034491 0.036165 0.452710 0.492139 0.396963 -0.628708
8.923576 0.252264 -0.034491 0.036165 0.458090 0.487135 0.403846 -0.624308
8.925604 0.252264 -0.034491 0.036165 0.459767 0.489391 0.415282 -0.613720
8.927631 0.252152 -0.034603 0.036165 0.465116 0.484310 0.421999 -0.609120
8.929659 0.252152 -0.034603 0.036165 0.463739 0.483852 0.423376 -0.609579
8.931686 0.252152 -0.034603 0.036277 0.462353 0.483423 0.424762 -0.610007
8.933714 0.252152 -0.034714 0.036165 0.467636 0.478315 0.431438 -0.605304
8.935742 0.252152 -0.034714 0.036165 0.478032 0.467925 0.444632 -0.595679
8.937769 0.252152 -0.034714 0.036165 0.477912 0.459473 0.443746 -0.602970
8.939797 0.252152 -0.034714 0.036165 0.482931 0.454195 0.450344 -0.598059
8.941825 0.252152 -0.034714 0.036165 0.487892 0.448862 0.456887 -0.593075
8.943852 0.252152 -0.034826 0.036165 0.492794 0.443475 0.463375 -0.588020
8.945880 0.252152 -0.034826 0.036165 0.498506 0.429833 0.467764 -0.589858
8.947907 0.252152 -0.034826 0.036054 0.503199 0.424330 0.474216 -0.584683
8.949935 0.252152 -0.034826 0.036054 0.507830 0.418776 0.480611 -0.579438
8.951963 0.252152 -0.034826 0.036054 0.512938 0.404896 0.485076 -0.581082
8.953990 0.252152 -0.034826 0.036054 0.512938 0.404896 0.485076 -0.581082
8.956018 0.252152 -0.034826 0.035942 0.517355 0.399236 0.491430 -0.575717
8.958046 0.252152 -0.034826 0.035942 0.522002 0.385195 0.495947 -0.577212
8.960073 0.252152 -0.034826 0.035942 0.532452 0.373896 0.506397 -0.565914
8.962101 0.252152 -0.034826 0.035830 0.536528 0.368024 0.512584 -0.560316
8.964128 0.252152 -0.034826 0.035830 0.540538 0.362108 0.518708 -0.554651
8.966156 0.252152 -0.034826 0.035830 0.544484 0.356147 0.524771 -0.548919
8.968184 0.252152 -0.034826 0.035830 0.548364 0.350144 0.530769 -0.543121
8.970211 0.252152 -0.034937 0.035830 0.552177 0.344099 0.536704 -0.537257
8.972239 0.252040 -0.034937 0.035830 0.555924 0.338012 0.542574 -0.531328
8.974267 0.252040 -0.034937 0.035830 0.559604 0.331884 0.548379 -0.525335
8.976294 0.252040 -0.034937 0.035830 0.557478 0.331784 0.550505 -0.525435
8.978322 0.252040 -0.034937 0.035830 0.559752 0.333927 0.559212 -0.512301
8.980349 0.252040 -0.034937 0.035942 0.563387 0.327757 0.564806 -0.506127
8.982377 0.252040 -0.034937 0.035942 0.561428 0.327794 0.566765 -0.506090
8.984405 0.252040 -0.034937 0.035942 0.564995 0.321607 0.572291 -0.499832
8.986432 0.252040 -0.034937 0.035942 0.568494 0.315380 0.577748 -0.493515
8.988460 0.251929 -0.034937 0.036054 0.571396 0.317476 0.585207 -0.479842
8.990488 0.251929 -0.034937 0.036054 0.574849 0.311180 0.590444 -0.473384
8.992515 0.251929 -0.034937 0.036054 0.576455 0.305056 0.597386 -0.466658
8.994543 0.251929 -0.034937 0.036054 0.579772 0.298705 0.602477 -0.460067
8.996570 0.251929 -0.034937 0.036054 0.586195 0.285894 0.612440 -0.446719
8.998598 0.251929 -0.034937 0.036054 0.587170 0.271360 0.617831 -0.447080
9.000626 0.251929 -0.034937 0.036054 0.592990 0.258394 0.627504 -0.433398
9.002653 0.251929 -0.034937 0.036054 0.595793 0.251864 0.632228 -0.426478
9.004681 0.251929 -0.034937 0.036054 0.591246 0.244289 0.634985 -0.433065
9.006709 0.251929 -0.034937 0.036054 0.596471 0.231239 0.644347 -0.419009
9.008736 0.251929 -0.034937 0.036054 0.598975 0.224673 0.648911 -0.411905
9.010764 0.251929 -0.034937 0.036054 0.599363 0.218672 0.655442 -0.404157
9.012791 0.251929 -0.034937 0.036054 0.601729 0.212074 0.659842 -0.396932
9.014819 0.251929 -0.035049 0.036054 0.604022 0.205451 0.664163 -0.389659
9.016847 0.251929 -0.035049 0.036054 0.610407 0.191448 0.670548 -0.375656
9.018874 0.251929 -0.035049 0.036054 0.608391 0.192131 0.672564 -0.374973
9.020902 0.251929 -0.035049 0.036054 0.610465 0.185435 0.676643 -0.367561
9.022930 0.251817 -0.035049 0.036054 0.616118 0.186319 0.678874 -0.353290
9.024957 0.251817 -0.035049 0.036054 0.618128 0.179539 0.682715 -0.345810
9.026985 0.251817 -0.035161 0.036054 0.618128 0.179539 0.682715 -0.345810
9.029012 0.251817 -0.035161 0.036054 0.620063 0.172737 0.686472 -0.338289
9.031040 0.251706 -0.035161 0.036054 0.629270 0.165802 0.689938 -0.317040
9.033068 0.251706 -0.035161 0.036054 0.629270 0.165802 0.689938 -0.317040
9.035095 0.251706 -0.035272 0.036054 0.631054 0.158879 0.693379 -0.309441
9.037123 0.251706 -0.035272 0.036054 0.632761 0.151937 0.696737 -0.301805
9.039151 0.251706 -0.035272 0.036054 0.634392 0.144976 0.700011 -0.294132
9.041178 0.251594 -0.035384 0.036054 0.635947 0.137998 0.703200 -0.286424
9.043206 0.251594 -0.035384 0.036054 0.637424 0.131003 0.706304 -0.278681
9.045233 0.251594 -0.035384 0.036054 0.641763 0.116192 0.710642 -0.263870
9.047261 0.251594 -0.035496 0.036054 0.643001 0.109134 0.713498 -0.256047
9.049289 0.251594 -0.035496 0.036054 0.644161 0.102064 0.716268 -0.248193
9.051316 0.251594 -0.035496 0.036054 0.645243 0.094981 0.718952 -0.240309
9.053344 0.251594 -0.035607 0.036054 0.646248 0.087886 0.721548 -0.232396
9.055372 0.251482 -0.035607 0.036054 0.650229 0.088555 0.722667 -0.217052
9.057399 0.251482 -0.035719 0.036054 0.651163 0.081406 0.725008 -0.209100
9.059427 0.251482 -0.035830 0.036054 0.652794 0.067080 0.729428 -0.193120
9.061454 0.251482 -0.035830 0.036054 0.654111 0.052721 0.733494 -0.177047
9.063482 0.251482 -0.035942 0.036054 0.655111 0.038337 0.737207 -0.160889
9.065510 0.251482 -0.035942 0.036054 0.655795 0.023934 0.740564 -0.144653
9.067537 0.251371 -0.036054 0.036054 0.661507 0.015823 0.739747 -0.122195
9.069565 0.251371 -0.036054 0.036054 0.661695 0.001285 0.742254 -0.105913
9.071593 0.251371 -0.036165 0.036054 0.667100 -0.007190 0.740229 -0.083590
9.073620 0.251371 -0.036165 0.036054 0.666781 -0.021845 0.741887 -0.067306
9.075648 0.251259 -0.036277 0.036054 0.665699 -0.043806 0.743702 -0.042822
9.077675 0.251259 -0.036277 0.036054 0.664055 -0.073896 0.743942 -0.010997
9.079703 0.251259 -0.036388 0.036054 0.662271 -0.088468 0.744004 0.005351
9.081731 0.251147 -0.036388 0.036054 0.658996 -0.110244 0.743424 0.029865
9.083758 0.251147 -0.036500 0.036054 0.656415 -0.124696 0.742588 0.046191
9.085786 0.251036 -0.036500 0.036054 0.653517 -0.139088 0.741394 0.062495
9.087814 0.251036 -0.036500 0.036054 0.647585 -0.168656 0.737123 0.094013
9.089841 0.251036 -0.036612 0.036054 0.643723 -0.182843 0.734880 0.110185
9.091869 0.251036 -0.036612 0.036054 0.638785 -0.195915 0.733046 0.127332
9.093896 0.251036 -0.036723 0.036054 0.631983 -0.216859 0.728452 0.151419
9.095924 0.250924 -0.036723 0.036054 0.619912 -0.234701 0.730793 0.162992
9.097952 0.250924 -0.036835 0.036054 0.611842 -0.255002 0.725025 0.186985
9.099979 0.250924 -0.036835 0.036054 0.608283 -0.260448 0.723646 0.196199
9.102007 0.250924 -0.036835 0.036054 0.599371 -0.280352 0.716788 0.219938
9.104035 0.250924 -0.036947 0.036054 0.587918 -0.288643 0.721236 0.225515
9.106062 0.250924 -0.036947 0.036165 0.578087 -0.307860 0.713413 0.249159
9.108090 0.250813 -0.037058 0.036165 0.570588 -0.318979 0.708362 0.266281
9.110117 0.250813 -0.037058 0.036165 0.566503 -0.323703 0.705939 0.275573
9.112145 0.250813 -0.037058 0.036165 0.555529 -0.342195 0.696475 0.298686
9.114173 0.250813 -0.037170 0.036165 0.551292 -0.346719 0.693595 0.307878
9.116200 0.250813 -0.037170 0.036165 0.543541 -0.358748 0.686663 0.323043
9.118228 0.250701 -0.037281 0.036165 0.531424 -0.376464 0.675645 0.345495
9.120256 0.250701 -0.037281 0.036165 0.526951 -0.380688 0.672114 0.354488
9.122283 0.250701 -0.037393 0.036165 0.522484 -0.384854 0.668432 0.363451
9.124311 0.250589 -0.037393 0.036165 0.513902 -0.396240 0.660285 0.378050
9.126338 0.250589 -0.037393 0.036165 0.522052 -0.394268 0.653418 0.380867
9.128366 0.250589 -0.037393 0.036165 0.513263 -0.405643 0.644892 0.395131
9.130394 0.250589 -0.037505 0.036165 0.508776 -0.411257 0.640512 0.402192
9.132421 0.250478 -0.037505 0.036165 0.491279 -0.422240 0.638626 0.415350
9.134449 0.250478 -0.037505 0.036165 0.494947 -0.427799 0.626911 0.423081
9.136477 0.250478 -0.037616 0.036165 0.490218 -0.433211 0.622225 0.429943
9.138504 0.250478 -0.037616 0.036165 0.490198 -0.431761 0.622245 0.431393
9.140532 0.250366 -0.037616 0.036165 0.485425 -0.437120 0.617468 0.438203
9.142559 0.250366 -0.037616 0.036054 0.480593 -0.442426 0.612617 0.444960
9.144587 0.250366 -0.037616 0.036054 0.472268 -0.441794 0.619750 0.444625
9.146615 0.250366 -0.037616 0.036054 0.462399 -0.453684 0.609880 0.456514
9.148642 0.250366 -0.037728 0.036054 0.462399 -0.453684 0.609880 0.456514
9.150670 0.250366 -0.037728 0.035942 0.449025 -0.457944 0.611902 0.462861
9.152698 0.250366 -0.037728 0.035942 0.449025 -0.457944 0.611902 0.462861
9.154725 0.250366 -0.037728 0.035942 0.443966 -0.462850 0.606780 0.469555
9.156753 0.250366 -0.037728 0.035942 0.443966 -0.462850 0.606780 0.469555
9.158780 0.250366 -0.037728 0.035942 0.443966 -0.462850 0.606780 0.469555
9.160808 0.250366 -0.037728 0.035942 0.430378 -0.468625 0.608672 0.474007
9.162836 0.250366 -0.037728 0.035942 0.430378 -0.468625 0.608672 0.474007
9.164863 0.250254 -0.037728 0.035830 0.430378 -0.468625 0.608672 0.474007
9.166891 0.250254 -0.037728 0.035830 0.425204 -0.473325 0.603428 0.480665
9.168919 0.250254 -0.037728 0.035830 0.425204 -0.473325 0.603428 0.480665
9.170946 0.250254 -0.037728 0.035830 0.425204 -0.473325 0.603428 0.480665
9.172974 0.250254 -0.037728 0.035830 0.425204 -0.473325 0.603428 0.480665
9.175001 0.250254 -0.037728 0.035830 0.425204 -0.473325 0.603428 0.480665
9.177029 0.250254 -0.037728 0.035830 0.416760 -0.472313 0.610373 0.480287
9.179057 0.250254 -0.037728 0.035830 0.416760 -0.472313 0.610373 0.480287
9.181084 0.250254 -0.037728 0.035830 0.411546 -0.476863 0.605060 0.486964
9.183112 0.250254 -0.037728 0.035830 0.411546 -0.476863 0.605060 0.486964
9.185140 0.250254 -0.037728 0.035830 0.411546 -0.476863 0.605060 0.486964
9.187167 0.250254 -0.037728 0.035830 0.411546 -0.476863 0.605060 0.486964
9.189195 0.250254 -0.037728 0.035830 0.411546 -0.476863 0.605060 0.486964
9.191222 0.250254 -0.037728 0.035830 0.406283 -0.481356 0.599673 0.493582
9.193250 0.250254 -0.037728 0.035830 0.406283 -0.481356 0.599673 0.493582
9.195278 0.250254 -0.037728 0.035830 0.406283 -0.481356 0.599673 0.493582
9.197305 0.250254 -0.037728 0.035830 0.406283 -0.481356 0.599673 0.493582
9.199333 0.250254 -0.037728 0.035830 0.406283 -0.481356 0.599673 0.493582
9.201361 0.250254 -0.037728 0.035830 0.400970 -0.485790 0.594215 0.500140
9.203388 0.250254 -0.037728 0.035830 0.400970 -0.485790 0.594215 0.500140
9.205416 0.250254 -0.037840 0.035830 0.406440 -0.479233 0.599516 0.495705
9.207443 0.250254 -0.037840 0.035830 0.397984 -0.477809 0.606382 0.495588
9.209471 0.250254 -0.037840 0.035830 0.397984 -0.477809 0.606382 0.495588
9.211499 0.250254 -0.037840 0.035830 0.392711 -0.482152 0.600901 0.502220
9.213526 0.250254 -0.037840 0.035830 0.392711 -0.482152 0.600901 0.502220
9.215554 0.250143 -0.037840 0.035830 0.392711 -0.482152 0.600901 0.502220
9.217582 0.250143 -0.037840 0.035830 0.387390 -0.486438 0.595348 0.508791
9.219609 0.250143 -0.037840 0.035830 0.387390 -0.486438 0.595348 0.508791
9.221637 0.250143 -0.037840 0.035830 0.387661 -0.484156 0.595077 0.511073
9.223664 0.250143 -0.037840 0.035719 0.387661 -0.484156 0.595077 0.511073
9.225692 0.250143 -0.037840 0.035719 0.373889 -0.486457 0.596200 0.517795
9.227720 0.250143 -0.037951 0.035719 0.373889 -0.486457 0.596200 0.517795
9.229747 0.250031 -0.037951 0.035719 0.374261 -0.484019 0.595829 0.520233
9.231775 0.250031 -0.037951 0.035719 0.368920 -0.488101 0.590078 0.526748
9.233803 0.250031 -0.037951 0.035719 0.369372 -0.485676 0.589627 0.529172
9.235830 0.250031 -0.037951 0.035719 0.364014 -0.489705 0.583777 0.535618
9.237858 0.250031 -0.037951 0.035719 0.350273 -0.491079 0.584486 0.542703
9.239885 0.250031 -0.038063 0.035719 0.350868 -0.488513 0.583891 0.545269
9.241913 0.250031 -0.038063 0.035719 0.351520 -0.485960 0.583239 0.547822
9.243941 0.250031 -0.038063 0.035719 0.346160 -0.489792 0.577185 0.554197
9.245968 0.249920 -0.038063 0.035830 0.341521 -0.491044 0.570299 0.563026
9.247996 0.249920 -0.038063 0.035830 0.336952 -0.492270 0.563233 0.571753
9.250024 0.249920 -0.038063 0.035830 0.337852 -0.489794 0.562333 0.574229
9.252051 0.249920 -0.038174 0.035830 0.333433 -0.491031 0.555009 0.582818
9.254079 0.249920 -0.038174 0.035942 0.329080 -0.492253 0.547511 0.591291
9.256106 0.249920 -0.038174 0.035942 0.312680 -0.502830 0.527728 0.609012
9.258134 0.249920 -0.038174 0.035942 0.308355 -0.503898 0.519788 0.617110
9.260162 0.249808 -0.038174 0.035942 0.304095 -0.504961 0.511682 0.625078
9.262189 0.249808 -0.038174 0.035942 0.299898 -0.506020 0.503415 0.632913
9.264217 0.249808 -0.038174 0.036054 0.295764 -0.507080 0.494988 0.640610
9.266245 0.249808 -0.038174 0.036054 0.278893 -0.516550 0.473609 0.656573
9.268272 0.249808 -0.038174 0.036054 0.267477 -0.522553 0.459070 0.666820
9.270300 0.249808 -0.038174 0.036054 0.255931 -0.528304 0.444308 0.676745
9.272327 0.249808 -0.038286 0.036054 0.251788 -0.529050 0.435171 0.683619
9.274355 0.249808 -0.038286 0.035942 0.233721 -0.528201 0.425141 0.696874
9.276383 0.249696 -0.038286 0.035942 0.220183 -0.535291 0.411603 0.703964
9.278410 0.249696 -0.038286 0.035942 0.208369 -0.539999 0.396037 0.712838
9.280438 0.249696 -0.038286 0.035942 0.188518 -0.548592 0.374275 0.723482
9.282465 0.249696 -0.038286 0.035830 0.176410 -0.544010 0.371235 0.731517
9.284493 0.249808 -0.038286 0.035830 0.164415 -0.547755 0.355073 0.739497
9.286521 0.249808 -0.038286 0.035830 0.150212 -0.553306 0.340869 0.745048
9.288548 0.249808 -0.038398 0.035830 0.138019 -0.556473 0.324418 0.752357
9.290576 0.249808 -0.038398 0.035719 0.125759 -0.559371 0.307810 0.759304
9.292604 0.249808 -0.038398 0.035719 0.111221 -0.563975 0.293271 0.763907
9.294631 0.249808 -0.038398 0.035719 0.093387 -0.559069 0.281007 0.774439
9.296659 0.249808 -0.038398 0.035607 0.087239 -0.560061 0.272482 0.777480
9.298686 0.249808 -0.038398 0.035607 0.080089 -0.569231 0.250887 0.778857
9.300714 0.249808 -0.038398 0.035719 0.067563 -0.570853 0.233714 0.784181
9.302742 0.249696 -0.038509 0.035719 0.063670 -0.569787 0.222702 0.788475
9.304769 0.249696 -0.038509 0.035719 0.064413 -0.576492 0.207585 0.787665
9.306797 0.249696 -0.038509 0.035719 0.051731 -0.577768 0.190229 0.792036
9.308825 0.249696 -0.038509 0.035719 0.047768 -0.576832 0.179129 0.795547
9.310852 0.249696 -0.038509 0.035830 0.045500 -0.585265 0.166720 0.792211
9.312880 0.249696 -0.038509 0.035830 0.041370 -0.584448 0.155704 0.795277
9.314907 0.249696 -0.038621 0.035830 0.040886 -0.591780 0.141352 0.792556
9.316935 0.249696 -0.038621 0.035942 0.036611 -0.591139 0.130407 0.795116
9.318963 0.249696 -0.038621 0.035942 0.032378 -0.590524 0.119400 0.797481
9.320990 0.249585 -0.038621 0.035942 0.031040 -0.598295 0.105714 0.793665
9.323018 0.249585 -0.038733 0.036054 0.026629 -0.597826 0.094824 0.795552
9.325046 0.249585 -0.038733 0.036054 0.013487 -0.598267 0.077322 0.797443
9.327073 0.249585 -0.038844 0.036054 0.009117 -0.597726 0.066354 0.798898
9.329101 0.249585 -0.038844 0.036054 0.004773 -0.597210 0.055350 0.800158
9.331128 0.249585 -0.038844 0.036054 -0.008349 -0.597171 0.037756 0.801181
9.333156 0.249585 -0.038956 0.036054 -0.012657 -0.596586 0.026700 0.802005
9.335184 0.249585 -0.038956 0.036054 -0.027026 -0.587403 0.010365 0.808776
9.337211 0.249585 -0.039067 0.036054 -0.024590 -0.587019 0.007929 0.809160
9.339239 0.249585 -0.039067 0.036054 -0.037481 -0.586337 -0.009851 0.809139
9.341267 0.249585 -0.039179 0.036054 -0.041467 -0.585641 -0.021193 0.809232
9.343294 0.249585 -0.039179 0.036054 -0.047898 -0.585150 -0.030082 0.808950
9.345322 0.249585 -0.039179 0.036054 -0.051861 -0.584447 -0.041430 0.808713
9.347349 0.249473 -0.039179 0.036054 -0.058279 -0.583841 -0.050312 0.808209
9.349377 0.249473 -0.039179 0.036054 -0.062223 -0.583133 -0.061655 0.807641
9.351405 0.249473 -0.039179 0.036054 -0.068626 -0.582414 -0.070524 0.806914
9.353432 0.249473 -0.039179 0.036054 -0.066160 -0.582462 -0.072990 0.806867
9.355460 0.249473 -0.039179 0.036054 -0.072555 -0.581700 -0.081850 0.806016
9.357488 0.249362 -0.039179 0.036054 -0.076480 -0.581024 -0.093161 0.804912
9.359515 0.249362 -0.039179 0.036054 -0.082036 -0.571249 -0.102483 0.810211
9.361543 0.249362 -0.039179 0.036054 -0.088307 -0.570314 -0.111378 0.809036
9.363570 0.249250 -0.039179 0.036054 -0.094567 -0.569309 -0.120259 0.807764
9.365598 0.249250 -0.039179 0.036054 -0.091951 -0.569620 -0.122876 0.807453
9.367626 0.249250 -0.039067 0.036054 -0.098203 -0.568575 -0.131739 0.806054
9.369653 0.249250 -0.039067 0.036054 -0.107053 -0.567094 -0.137977 0.804926
9.371681 0.249250 -0.039067 0.036054 -0.113276 -0.565883 -0.146812 0.803362
9.373709 0.249138 -0.039067 0.036054 -0.118065 -0.555711 -0.156513 0.807929
9.375736 0.249138 -0.039067 0.036054 -0.124163 -0.554380 -0.165380 0.806161
9.377764 0.249138 -0.039067 0.036054 -0.130246 -0.552983 -0.174226 0.804295
9.379791 0.249138 -0.039067 0.036054 -0.136314 -0.551518 -0.183052 0.802333
9.381819 0.249138 -0.039067 0.036054 -0.142364 -0.549988 -0.191855 0.800273
9.383847 0.249138 -0.039067 0.036054 -0.142364 -0.549988 -0.191855 0.800273
9.385874 0.249138 -0.039067 0.036054 -0.148398 -0.548390 -0.200636 0.798117
9.387902 0.249138 -0.039067 0.036054 -0.154414 -0.546727 -0.209392 0.795865
9.389930 0.249138 -0.039067 0.036054 -0.151684 -0.547361 -0.212122 0.795231
9.391957 0.249138 -0.039067 0.036054 -0.153851 -0.556104 -0.210666 0.789112
9.393985 0.249138 -0.039179 0.036054 -0.159951 -0.554380 -0.219322 0.786750
9.396012 0.249138 -0.039179 0.036054 -0.166032 -0.552590 -0.227952 0.784293
9.398040 0.249138 -0.039179 0.036054 -0.157406 -0.555061 -0.221868 0.786070
9.400068 0.249138 -0.039179 0.036165 -0.163494 -0.553298 -0.230490 0.783585
9.402095 0.249138 -0.039179 0.036165 -0.172158 -0.560022 -0.237238 0.774891
9.404123 0.249138 -0.039179 0.036165 -0.172158 -0.560022 -0.237238 0.774891
9.406151 0.249138 -0.039179 0.036165 -0.178300 -0.558096 -0.245736 0.772238
9.408178 0.249138 -0.039179 0.036165 -0.184421 -0.556104 -0.254205 0.769491
9.410206 0.249027 -0.039179 0.036165 -0.193372 -0.562441 -0.260564 0.760509
9.412233 0.249027 -0.039291 0.036054 -0.193372 -0.562441 -0.260564 0.760509
9.414261 0.249027 -0.039291 0.036054 -0.199539 -0.560282 -0.268903 0.757601
9.416289 0.249027 -0.039291 0.036054 -0.205682 -0.558056 -0.277210 0.754601
9.418316 0.249027 -0.039291 0.036054 -0.211801 -0.555763 -0.285484 0.751510
9.420344 0.248915 -0.039291 0.036054 -0.223960 -0.550975 -0.301926 0.745056
9.422372 0.248915 -0.039291 0.036054 -0.230000 -0.548482 -0.310093 0.741694
9.424399 0.248915 -0.039291 0.036054 -0.241995 -0.543296 -0.326314 0.734702
9.426427 0.248915 -0.039402 0.036054 -0.253873 -0.537848 -0.342377 0.727355
9.428454 0.248803 -0.039402 0.036054 -0.265629 -0.532140 -0.358275 0.719657
9.430482 0.248803 -0.039402 0.036054 -0.273558 -0.538016 -0.365070 0.708822
9.432510 0.248803 -0.039402 0.036054 -0.285312 -0.531875 -0.380556 0.700630
9.434537 0.248803 -0.039402 0.036054 -0.295111 -0.526585 -0.397676 0.690993
9.436565 0.248692 -0.039514 0.036054 -0.306609 -0.519974 -0.412761 0.682089
9.438593 0.248692 -0.039514 0.036054 -0.328559 -0.516748 -0.431139 0.662676
9.440620 0.248692 -0.039514 0.036054 -0.332639 -0.514269 -0.439971 0.656738
9.442648 0.248692 -0.039514 0.036054 -0.343857 -0.506836 -0.454294 0.646913
9.444675 0.248692 -0.039625 0.036165 -0.353412 -0.500423 -0.469896 0.635512
9.446703 0.248692 -0.039625 0.036165 -0.357433 -0.497822 -0.478305 0.628999
9.448731 0.248580 -0.039625 0.036165 -0.374208 -0.496144 -0.487235 0.613524
9.450758 0.248580 -0.039737 0.036165 -0.378374 -0.493273 -0.495208 0.606864
9.452786 0.248580 -0.039737 0.036165 -0.389120 -0.484840 -0.508422 0.595838
9.454814 0.248580 -0.039737 0.036054 -0.393233 -0.481873 -0.516127 0.588879
9.456841 0.248580 -0.039737 0.036054 -0.398503 -0.477524 -0.522566 0.583173
9.458869 0.248469 -0.039849 0.036054 -0.403725 -0.473117 -0.528941 0.577397
9.460896 0.248469 -0.039849 0.036054 -0.407783 -0.470054 -0.536367 0.570151
9.462924 0.248469 -0.039849 0.036054 -0.412923 -0.465546 -0.542599 0.564224
9.464952 0.248469 -0.039849 0.036054 -0.411854 -0.466982 -0.543667 0.562787
9.466979 0.248357 -0.039960 0.036054 -0.416960 -0.462429 -0.549817 0.556781
9.469007 0.248357 -0.039960 0.036054 -0.422015 -0.457821 -0.555901 0.550707
9.471035 0.248357 -0.039960 0.035942 -0.427019 -0.453157 -0.561917 0.544566
9.473062 0.248357 -0.039960 0.035942 -0.426031 -0.454650 -0.562905 0.543073
9.475090 0.248357 -0.039960 0.035942 -0.423810 -0.445170 -0.574694 0.540311
9.477117 0.248357 -0.040072 0.035942 -0.428675 -0.440487 -0.580595 0.533965
9.479145 0.248357 -0.040072 0.035942 -0.422783 -0.446839 -0.575720 0.538642
9.481173 0.248357 -0.040072 0.035942 -0.427667 -0.442167 -0.581603 0.532285
9.483200 0.248357 -0.040072 0.035942 -0.432498 -0.437442 -0.587416 0.525863
9.485228 0.248357 -0.040072 0.035942 -0.432498 -0.437442 -0.587416 0.525863
9.487256 0.248357 -0.040072 0.036054 -0.431546 -0.439155 -0.588369 0.524151
9.489283 0.248357 -0.040072 0.036054 -0.431546 -0.439155 -0.588369 0.524151
9.491311 0.248357 -0.040072 0.036054 -0.436344 -0.434387 -0.594091 0.517655
9.493338 0.248357 -0.040072 0.036054 -0.438172 -0.445056 -0.583106 0.519536
9.495366 0.248357 -0.040072 0.036054 -0.438172 -0.445056 -0.583106 0.519536
9.497394 0.248357 -0.040072 0.036054 -0.443035 -0.440216 -0.588778 0.513099
9.499421 0.248357 -0.040072 0.036054 -0.437371 -0.446657 -0.583907 0.517935
9.501449 0.248357 -0.040072 0.036054 -0.442252 -0.441825 -0.589561 0.511489
9.503477 0.248357 -0.040072 0.036054 -0.436606 -0.448276 -0.584672 0.516317
9.505504 0.248357 -0.040072 0.036054 -0.441504 -0.443452 -0.590309 0.509862
9.507532 0.248357 -0.040072 0.036054 -0.441504 -0.443452 -0.590309 0.509862
9.509559 0.248357 -0.040072 0.036054 -0.440792 -0.445095 -0.591021 0.508220
9.511587 0.248357 -0.040072 0.036165 -0.440792 -0.445095 -0.591021 0.508220
9.513615 0.248357 -0.040072 0.036165 -0.448537 -0.448665 -0.584528 0.505807
9.515642 0.248357 -0.040072 0.036165 -0.447926 -0.450165 -0.585140 0.504306
9.517670 0.248357 -0.040072 0.036165 -0.447926 -0.450165 -0.585140 0.504306
9.519698 0.248357 -0.040184 0.036165 -0.452845 -0.445217 -0.590645 0.497848
9.521725 0.248357 -0.040184 0.036165 -0.452845 -0.445217 -0.590645 0.497848
9.523753 0.248357 -0.040184 0.036165 -0.457708 -0.440215 -0.596078 0.491329
9.525780 0.248245 -0.040184 0.036165 -0.449826 -0.436975 -0.602683 0.493439
9.527808 0.248245 -0.040184 0.036054 -0.449826 -0.436975 -0.602683 0.493439
9.529836 0.248245 -0.040184 0.036054 -0.454600 -0.432007 -0.608067 0.486789
9.531863 0.248245 -0.040184 0.036054 -0.454600 -0.432007 -0.608067 0.486789
9.533891 0.248245 -0.040184 0.036054 -0.459319 -0.426987 -0.613378 0.480079
9.535919 0.248245 -0.040184 0.036054 -0.459319 -0.426987 -0.613378 0.480079
9.537946 0.248245 -0.040184 0.036054 -0.455941 -0.418885 -0.625211 0.475146
9.539974 0.248134 -0.040184 0.036054 -0.460516 -0.413851 -0.630394 0.468249
9.542001 0.248134 -0.040295 0.036054 -0.460516 -0.413851 -0.630394 0.468249
9.544029 0.248134 -0.040295 0.036054 -0.465034 -0.408766 -0.635500 0.461295
9.546057 0.248134 -0.040295 0.035942 -0.469497 -0.403633 -0.640529 0.454286
9.548084 0.248134 -0.040295 0.035942 -0.460722 -0.402869 -0.647686 0.453800
9.550112 0.248022 -0.040295 0.035942 -0.465121 -0.397783 -0.652633 0.446657
9.552140 0.248022 -0.040407 0.035942 -0.469463 -0.392649 -0.657500 0.439460
9.554167 0.248022 -0.040407 0.035942 -0.468971 -0.394720 -0.657992 0.437388
9.556195 0.247910 -0.040407 0.035942 -0.473279 -0.389544 -0.662757 0.430133
9.558222 0.247910 -0.040407 0.035942 -0.481249 -0.393676 -0.656446 0.427198
9.560250 0.247910 -0.040518 0.036054 -0.485545 -0.388365 -0.661099 0.419960
9.562278 0.247910 -0.040518 0.036054 -0.485219 -0.390297 -0.661425 0.418028
9.564305 0.247799 -0.040518 0.036054 -0.489477 -0.384943 -0.665978 0.410736
9.566333 0.247799 -0.040518 0.036054 -0.493677 -0.379543 -0.670450 0.403395
9.568361 0.247799 -0.040630 0.036054 -0.493436 -0.381487 -0.670691 0.401450
9.570388 0.247799 -0.040630 0.036054 -0.497597 -0.376043 -0.675061 0.394057
9.572416 0.247687 -0.040630 0.035942 -0.501699 -0.370554 -0.679349 0.386617
9.574443 0.247687 -0.040742 0.035942 -0.505739 -0.365020 -0.683555 0.379131
9.576471 0.247687 -0.040742 0.035942 -0.505739 -0.365020 -0.683555 0.379131
9.578499 0.247687 -0.040742 0.035942 -0.501164 -0.358384 -0.694490 0.371590
9.580526 0.247687 -0.040742 0.035942 -0.505071 -0.352857 -0.698530 0.363938
9.582554 0.247687 -0.040853 0.035830 -0.512800 -0.339548 -0.706259 0.350630
9.584582 0.247687 -0.040853 0.035830 -0.507849 -0.333004 -0.716781 0.342670
9.586609 0.247687 -0.040853 0.035830 -0.511477 -0.327405 -0.720502 0.334775
9.588637 0.247687 -0.040965 0.035830 -0.511477 -0.327405 -0.720502 0.334775
9.590664 0.247687 -0.040965 0.035830 -0.515043 -0.321766 -0.724137 0.326839
9.592692 0.247576 -0.040965 0.035830 -0.509809 -0.315446 -0.734298 0.318425
9.594720 0.247576 -0.041077 0.035719 -0.513244 -0.309826 -0.737752 0.310339
9.596747 0.247576 -0.041077 0.035719 -0.519927 -0.298474 -0.744393 0.294055
9.598775 0.247576 -0.041077 0.035719 -0.523175 -0.292744 -0.747578 0.285859
9.600803 0.247576 -0.041188 0.035719 -0.523278 -0.295209 -0.747475 0.283395
9.602830 0.247576 -0.041188 0.035719 -0.529638 -0.283641 -0.753521 0.266904
9.604858 0.247576 -0.041300 0.035719 -0.532722 -0.277805 -0.756408 0.258609
9.606885 0.247464 -0.041300 0.035830 -0.544734 -0.273925 -0.752421 0.249185
9.608913 0.247464 -0.041411 0.035830 -0.548032 -0.270199 -0.754791 0.238629
9.610941 0.247464 -0.041411 0.035830 -0.550967 -0.264162 -0.757367 0.230322
9.612968 0.247464 -0.041523 0.035830 -0.562840 -0.259239 -0.752927 0.221602
9.614996 0.247352 -0.041523 0.035942 -0.571756 -0.260012 -0.745931 0.221531
9.617024 0.247352 -0.041635 0.035942 -0.577331 -0.247387 -0.750618 0.205088
9.619051 0.247352 -0.041635 0.035942 -0.577816 -0.249286 -0.750133 0.203190
9.621079 0.247241 -0.041635 0.035942 -0.586635 -0.249319 -0.743089 0.203761
9.623106 0.247241 -0.041746 0.036054 -0.595326 -0.248986 -0.736012 0.204644
9.625134 0.247241 -0.041746 0.036054 -0.598025 -0.242431 -0.738216 0.196546
9.627162 0.247241 -0.041746 0.036054 -0.606568 -0.241640 -0.731132 0.197816
9.629189 0.247129 -0.041746 0.036054 -0.607065 -0.243003 -0.730636 0.196453
9.631217 0.247129 -0.041858 0.036165 -0.612727 -0.248428 -0.721357 0.206138
9.633245 0.247129 -0.041858 0.036165 -0.615420 -0.241681 -0.723578 0.198201
9.635272 0.247017 -0.041858 0.036165 -0.623600 -0.240005 -0.716534 0.200251
9.637300 0.247017 -0.041858 0.036165 -0.621362 -0.247862 -0.713854 0.207090
9.639327 0.247017 -0.041858 0.036277 -0.624048 -0.241021 -0.716086 0.199235
9.641355 0.247017 -0.041858 0.036277 -0.629329 -0.245757 -0.706858 0.209526
9.643383 0.246906 -0.041858 0.036277 -0.631991 -0.238828 -0.709117 0.201747
9.645410 0.246906 -0.041858 0.036277 -0.629736 -0.246604 -0.706450 0.208678
9.647438 0.246906 -0.041858 0.036277 -0.629736 -0.246604 -0.706450 0.208678
9.649466 0.246794 -0.041858 0.036277 -0.632407 -0.239671 -0.708700 0.200904
9.651493 0.246794 -0.041858 0.036165 -0.632407 -0.239671 -0.708700 0.200904
9.653521 0.246794 -0.041970 0.036165 -0.635002 -0.232709 -0.710865 0.193107
9.655548 0.246794 -0.041970 0.036165 -0.635002 -0.232709 -0.710865 0.193107
9.657576 0.246683 -0.041970 0.036165 -0.635002 -0.232709 -0.710865 0.193107
9.659604 0.246683 -0.041858 0.036165 -0.635002 -0.232709 -0.710865 0.193107
9.661631 0.246683 -0.041858 0.036054 -0.637521 -0.225718 -0.712943 0.185285
9.663659 0.246571 -0.041858 0.036054 -0.632154 -0.221316 -0.721760 0.174539
9.665687 0.246571 -0.041858 0.036054 -0.632154 -0.221316 -0.721760 0.174539
9.667714 0.246571 -0.041858 0.036054 -0.634033 -0.213373 -0.724147 0.167584
9.669742 0.246571 -0.041858 0.035942 -0.634033 -0.213373 -0.724147 0.167584
9.671769 0.246571 -0.041858 0.035942 -0.628316 -0.208682 -0.732814 0.157020
9.673797 0.246571 -0.041858 0.035942 -0.628316 -0.208682 -0.732814 0.157020
9.675825 0.246459 -0.041858 0.035942 -0.630003 -0.200619 -0.735062 0.150108
9.677852 0.246459 -0.041858 0.035830 -0.632169 -0.193685 -0.736667 0.142024
9.679880 0.246459 -0.041858 0.035830 -0.632169 -0.193685 -0.736667 0.142024
9.681908 0.246459 -0.041858 0.035830 -0.633691 -0.185580 -0.738750 0.135070
9.683935 0.246459 -0.041858 0.035830 -0.633691 -0.185580 -0.738750 0.135070
9.685963 0.246459 -0.041858 0.035830 -0.633691 -0.185580 -0.738750 0.135070
9.687990 0.246459 -0.041858 0.035830 -0.635691 -0.178607 -0.740190 0.126946
9.690018 0.246459 -0.041970 0.035830 -0.635691 -0.178607 -0.740190 0.126946
9.692046 0.246459 -0.041970 0.035830 -0.637615 -0.171613 -0.741540 0.118806
9.694073 0.246459 -0.041970 0.035830 -0.639462 -0.164598 -0.742800 0.110653
9.696101 0.246459 -0.041970 0.035830 -0.639462 -0.164598 -0.742800 0.110653
9.698129 0.246459 -0.041970 0.035830 -0.640067 -0.165726 -0.742195 0.109524
9.700156 0.246459 -0.042081 0.035830 -0.641849 -0.158684 -0.743353 0.101363
9.702184 0.246459 -0.042081 0.035942 -0.645181 -0.144544 -0.745401 0.085007
9.704211 0.246348 -0.042081 0.035942 -0.645847 -0.145638 -0.744735 0.083913
9.706239 0.246348 -0.042193 0.035942 -0.654524 -0.134452 -0.739678 0.079990
9.708267 0.246348 -0.042193 0.035942 -0.657320 -0.120039 -0.741256 0.063720
9.710294 0.246348 -0.042304 0.035942 -0.659238 -0.113718 -0.741273 0.054664
9.712322 0.246348 -0.042304 0.035942 -0.661577 -0.099207 -0.742295 0.038364
9.714350 0.246348 -0.042304 0.035942 -0.663315 -0.092805 -0.741984 0.029335
9.716377 0.246236 -0.042416 0.035942 -0.665194 -0.078208 -0.742449 0.013026
9.718405 0.246236 -0.042416 0.035942 -0.666747 -0.071729 -0.741813 0.004036
9.720432 0.246236 -0.042416 0.035942 -0.674316 -0.051762 -0.736594 -0.006931
9.722460 0.246236 -0.042528 0.035942 -0.675504 -0.045021 -0.735814 -0.015693
9.724488 0.246125 -0.042528 0.035942 -0.676330 -0.030169 -0.735291 -0.031855
9.726515 0.246125 -0.042528 0.035942 -0.676829 -0.015302 -0.734414 -0.048003
9.728543 0.246125 -0.042528 0.035942 -0.677666 -0.008482 -0.733133 -0.056685
9.730571 0.246125 -0.042528 0.035942 -0.683107 0.004944 -0.727931 -0.058794
9.732598 0.246125 -0.042528 0.035942 -0.682834 0.019951 -0.726463 -0.074773
9.734626 0.246125 -0.042528 0.035942 -0.683186 0.026986 -0.724985 -0.083215
9.736653 0.246125 -0.042528 0.035942 -0.687751 0.040799 -0.719807 -0.084926
9.738681 0.246125 -0.042528 0.035942 -0.688239 0.040452 -0.719318 -0.085273
9.740709 0.246013 -0.042528 0.035942 -0.687184 0.055564 -0.717271 -0.101057
9.742736 0.246013 -0.042528 0.035942 -0.690999 0.069664 -0.712161 -0.102439
9.744764 0.246013 -0.042528 0.035942 -0.690557 0.077027 -0.710628 -0.110481
9.746792 0.246013 -0.042528 0.035942 -0.688698 0.092180 -0.708029 -0.126068
9.748819 0.246013 -0.042528 0.035942 -0.691587 0.106557 -0.702996 -0.127079
9.750847 0.245901 -0.042528 0.035942 -0.690603 0.114028 -0.701330 -0.134915
9.752874 0.245901 -0.042639 0.035942 -0.692866 0.128573 -0.696417 -0.135679
9.754902 0.245901 -0.042639 0.035942 -0.689874 0.143765 -0.693268 -0.150947
9.756930 0.245901 -0.042639 0.035942 -0.686549 0.158887 -0.689784 -0.166143
9.758957 0.245901 -0.042639 0.035942 -0.689637 0.166016 -0.686698 -0.159015
9.760985 0.245790 -0.042751 0.035942 -0.685823 0.181127 -0.683038 -0.174064
9.763013 0.245790 -0.042751 0.035942 -0.681678 0.196152 -0.679049 -0.189029
9.765040 0.245790 -0.042862 0.036054 -0.679482 0.203629 -0.676931 -0.196478
9.767068 0.245790 -0.042862 0.036054 -0.674844 0.218509 -0.672451 -0.211303
9.769095 0.245790 -0.042974 0.036054 -0.674690 0.233281 -0.667642 -0.211253
9.771123 0.245790 -0.042974 0.036054 -0.672086 0.240680 -0.665281 -0.218575
9.773151 0.245790 -0.042974 0.036054 -0.666636 0.255388 -0.660318 -0.233139
9.775178 0.245790 -0.043086 0.036054 -0.663790 0.262696 -0.657717 -0.240379
9.777206 0.245790 -0.043086 0.036054 -0.660864 0.269973 -0.655036 -0.247590
9.779234 0.245790 -0.043086 0.036054 -0.657858 0.277217 -0.652277 -0.254772
9.781261 0.245790 -0.043086 0.036054 -0.659575 0.284690 -0.650245 -0.247171
9.783289 0.245790 -0.043086 0.036054 -0.656408 0.291919 -0.647490 -0.254299
9.785316 0.245790 -0.043086 0.036054 -0.659162 0.284788 -0.650658 -0.247073
9.787344 0.245790 -0.043086 0.036054 -0.655994 0.292012 -0.647905 -0.254206
9.789372 0.245790 -0.043086 0.036054 -0.655994 0.292012 -0.647905 -0.254206
9.791399 0.245678 -0.043086 0.036054 -0.657383 0.299506 -0.646045 -0.246515
9.793427 0.245678 -0.043086 0.036054 -0.654053 0.306710 -0.643298 -0.253598
9.795455 0.245678 -0.043086 0.036054 -0.654053 0.306710 -0.643298 -0.253598
9.797482 0.245678 -0.043086 0.036054 -0.654053 0.306710 -0.643298 -0.253598
9.799510 0.245678 -0.043086 0.036054 -0.654053 0.306710 -0.643298 -0.253598
9.801537 0.245678 -0.043086 0.036054 -0.650644 0.313877 -0.640473 -0.260650
9.803565 0.245678 -0.043086 0.036054 -0.650644 0.313877 -0.640473 -0.260650
9.805593 0.245566 -0.043086 0.036054 -0.650644 0.313877 -0.640473 -0.260650
9.807620 0.245566 -0.043086 0.036054 -0.647156 0.321006 -0.637571 -0.267670
9.809648 0.245566 -0.043086 0.036054 -0.647156 0.321006 -0.637571 -0.267670
9.811676 0.245566 -0.043086 0.036054 -0.639390 0.327518 -0.632552 -0.289466
9.813703 0.245566 -0.043086 0.036054 -0.639390 0.327518 -0.632552 -0.289466
9.815731 0.245566 -0.043086 0.036165 -0.635754 0.334523 -0.629333 -0.296398
9.817758 0.245566 -0.043197 0.036165 -0.635754 0.334523 -0.629333 -0.296398
9.819786 0.245566 -0.043197 0.036165 -0.632040 0.341487 -0.626039 -0.303294
9.821814 0.245566 -0.043197 0.036165 -0.628670 0.348344 -0.622250 -0.310219
9.823841 0.245566 -0.043197 0.036165 -0.625786 0.362779 -0.617375 -0.309245
9.825869 0.245455 -0.043197 0.036165 -0.625786 0.362779 -0.617375 -0.309245
9.827897 0.245455 -0.043197 0.036165 -0.621763 0.369632 -0.613940 -0.316009
9.829924 0.245455 -0.043309 0.036165 -0.621763 0.369632 -0.613940 -0.316009
9.831952 0.245455 -0.043309 0.036165 -0.614081 0.383124 -0.606259 -0.329501
9.833979 0.245455 -0.043309 0.036165 -0.614081 0.383124 -0.606259 -0.329501
9.836007 0.245455 -0.043309 0.036165 -0.609835 0.389847 -0.602602 -0.336141
9.838035 0.245455 -0.043421 0.036165 -0.610579 0.397364 -0.601274 -0.328275
9.840062 0.245455 -0.043421 0.036165 -0.606177 0.404048 -0.597632 -0.334861
9.842090 0.245455 -0.043421 0.036165 -0.601701 0.410683 -0.593917 -0.341406
9.844118 0.245455 -0.043421 0.036165 -0.601701 0.410683 -0.593917 -0.341406
9.846145 0.245455 -0.043421 0.036165 -0.597153 0.417268 -0.590130 -0.347910
9.848173 0.245343 -0.043532 0.036165 -0.592533 0.423803 -0.586272 -0.354373
9.850200 0.245343 -0.043532 0.036165 -0.592533 0.423803 -0.586272 -0.354373
9.852228 0.245343 -0.043532 0.036165 -0.583842 0.436659 -0.577581 -0.367228
9.854256 0.245343 -0.043532 0.036165 -0.579010 0.443047 -0.573512 -0.373552
9.856283 0.245343 -0.043532 0.036165 -0.579010 0.443047 -0.573512 -0.373552
9.858311 0.245343 -0.043644 0.036165 -0.574107 0.449381 -0.569374 -0.379830
9.860339 0.245232 -0.043644 0.036165 -0.573343 0.449425 -0.570138 -0.379786
9.862366 0.245232 -0.043644 0.036165 -0.573343 0.449425 -0.570138 -0.379786
9.864394 0.245232 -0.043644 0.036165 -0.568371 0.455697 -0.565932 -0.386027
9.866421 0.245232 -0.043644 0.036165 -0.568300 0.463195 -0.565318 -0.378021
9.868449 0.245232 -0.043644 0.036165 -0.563177 0.469411 -0.561131 -0.384209
9.870477 0.245120 -0.043755 0.036165 -0.563177 0.469411 -0.561131 -0.384209
9.872504 0.245120 -0.043755 0.036165 -0.563177 0.469411 -0.561131 -0.384209
9.874532 0.245120 -0.043755 0.036165 -0.557986 0.475569 -0.556877 -0.390350
9.876560 0.245120 -0.043755 0.036165 -0.557986 0.475569 -0.556877 -0.390350
9.878587 0.245120 -0.043755 0.036277 -0.557684 0.483007 -0.556372 -0.382286
9.880615 0.245120 -0.043755 0.036277 -0.557684 0.483007 -0.556372 -0.382286
9.882642 0.245120 -0.043755 0.036277 -0.557684 0.483007 -0.556372 -0.382286
9.884670 0.245008 -0.043755 0.036277 -0.557684 0.483007 -0.556372 -0.382286
9.886698 0.245008 -0.043755 0.036277 -0.557684 0.483007 -0.556372 -0.382286
9.888725 0.245008 -0.043755 0.036277 -0.561850 0.476866 -0.561645 -0.376136
9.890753 0.245008 -0.043755 0.036277 -0.561850 0.476866 -0.561645 -0.376136
9.892781 0.245008 -0.043755 0.036277 -0.556037 0.490389 -0.557078 -0.374173
9.894808 0.245008 -0.043755 0.036277 -0.556037 0.490389 -0.557078 -0.374173
9.896836 0.245008 -0.043755 0.036277 -0.556037 0.490389 -0.557078 -0.374173
9.898863 0.245008 -0.043755 0.036277 -0.556037 0.490389 -0.557078 -0.374173
9.900891 0.245008 -0.043755 0.036277 -0.556037 0.490389 -0.557078 -0.374173
9.902919 0.245008 -0.043644 0.036277 -0.556037 0.490389 -0.557078 -0.374173
9.904946 0.245008 -0.043644 0.036277 -0.556037 0.490389 -0.557078 -0.374173
9.906974 0.245008 -0.043644 0.036277 -0.556037 0.490389 -0.557078 -0.374173
9.909002 0.245008 -0.043644 0.036277 -0.556037 0.490389 -0.557078 -0.374173
9.911029 0.245008 -0.043644 0.036277 -0.556037 0.490389 -0.557078 -0.374173
9.913057 0.245008 -0.043644 0.036277 -0.556037 0.490389 -0.557078 -0.374173
9.915084 0.245008 -0.043644 0.036277 -0.556037 0.490389 -0.557078 -0.374173
9.917112 0.245008 -0.043644 0.036277 -0.556577 0.483009 -0.557479 -0.382284
9.919140 0.245008 -0.043644 0.036277 -0.556577 0.483009 -0.557479 -0.382284
9.921167 0.245008 -0.043644 0.036277 -0.556577 0.483009 -0.557479 -0.382284
9.923195 0.245008 -0.043644 0.036277 -0.556577 0.483009 -0.557479 -0.382284
9.925223 0.245008 -0.043755 0.036277 -0.556577 0.483009 -0.557479 -0.382284
9.927250 0.245008 -0.043755 0.036277 -0.556577 0.483009 -0.557479 -0.382284
9.929278 0.245008 -0.043755 0.036277 -0.556577 0.483009 -0.557479 -0.382284
9.931305 0.245008 -0.043755 0.036277 -0.552344 0.489105 -0.552139 -0.388375
9.933333 0.245008 -0.043755 0.036277 -0.552344 0.489105 -0.552139 -0.388375
