9.740553855895996, 20.989059448242188, 37.682777404785156, -0.044461574958476295, 0.0027455312231650596, -0.9990073225009486, 0.06162116129987962, 0.9980996104997548, 5.402986353035739e-07, 0.9971088209580066, -0.06155996733706355, -0.04454626347061736
9.701898192486224, 21.002104137771475, 37.29841635314905, -0.05098960044625758, -0.018339003098863903, -0.9985307915190552, 0.060533807517874474, 0.9979363081473777, -0.021419221007570193, 0.9968629388204379, -0.06153702825553142, -0.04977424393959184
9.627175258134091, 20.92495245433869, 36.89786567464578, -0.0626797025066448, -0.0620635695781511, -0.996102087250547, 0.05789591871691632, 0.9961577387947436, -0.06571013647275187, 0.9963530084711959, -0.06178893728299149, -0.0588456433377682
9.548348396526588, 20.839441630500097, 36.50244314093965, -0.07452234538647667, -0.12170393641785993, -0.9897649073888688, 0.05367772343143829, 0.990596311574398, -0.12584772346934325, 0.9957736299206346, -0.06250679447544705, -0.06728877023016193
9.537740825555797, 20.70732718896281, 36.10952858891609, -0.080889126799061, -0.18471161045699816, -0.9794583044357057, 0.04873178024057838, 0.9807703198234725, -0.188983579572267, 0.9955310958278849, -0.06301746357753187, -0.07033232915228273
9.502595984176418, 20.58235458421831, 35.71618919454204, -0.07968398715530654, -0.2402933841570239, -0.9674241839655436, 0.044245325862915845, 0.9687011328612604, -0.24425492079504824, 0.9958377444796505, -0.06226720423847396, -0.06655810954351722
9.481384224052546, 20.458847008959548, 35.32092973474269, -0.07327854586212443, -0.2838786156933938, -0.9560560581201999, 0.04086172750273668, 0.9569737632543578, -0.2872830236339846, 0.9964740708828428, -0.060117784347020906, -0.05852587516116669
9.46786455286037, 20.31017596806921, 34.933375369078426, -0.06635255403671424, -0.31650610091957665, -0.9462669954370656, 0.03850327706907905, 0.9468384205806073, -0.31939709292252916, 0.9970530759331455, -0.05762719317394986, -0.05063862536785156
9.451383830997095, 20.174413713447315, 34.54280516590422, -0.06314795295966502, -0.34107079558022246, -0.9379142010009647, 0.03681153942648101, 0.9383543209167918, -0.3437092942907411, 0.9973250456105356, -0.05623060393647483, -0.046699813478029394
9.412738617689627, 20.019192804462378, 34.16006522146224, -0.06607075590404603, -0.3589551387664872, -0.9310133530553683, 0.03554446010686379, 0.9316132583112625, -0.3617088999380367, 0.9971816517415367, -0.05699074742276105, -0.04879352557681724
9.410822346916614, 19.82997854459139, 33.79148125253692, -0.07558639029323043, -0.36931850878193634, -0.9262238048514658, 0.03471122412332928, 0.927343571491877, -0.3725976802565339, 0.9965349108397052, -0.06031367576078467, -0.05727505559947968
9.364037326851813, 19.637483328909514, 33.42793756158908, -0.09042555893802359, -0.3709963402899829, -0.9242212580233075, 0.03450752751770924, 0.9262987270652412, -0.37520647486674363, 0.9953052038622929, -0.06582084570068193, -0.0709589137169282
9.29904503613392, 19.514978248471074, 33.03740472945016, -0.10772877013854212, -0.365114747145433, -0.9247084586513544, 0.035049200932800895, 0.9281484861752124, -0.3705562590547268, 0.9935623108785928, -0.07232986262663667, -0.08719131478537624
9.232495219187266, 19.397653042643256, 32.64447952233764, -0.12356756956039364, -0.3561589018696697, -0.9262191384180788, 0.03602909671053358, 0.9311467388672919, -0.36286037932933707, 0.9916818844484154, -0.07820861407670072, -0.10222745590613802
9.157460264177791, 19.275899803559962, 32.24881870725832, -0.13413026352868335, -0.3504345711559766, -0.9269329445782217, 0.036688320174486, 0.9329879890156929, -0.35803265146523655, 0.9902843225904874, -0.08203062654387032, -0.11228506908899208
9.092237954622277, 19.1456907689104, 31.861986774695477, -0.13708055260788504, -0.35290012618624306, -0.925564921026316, 0.03629067760864546, 0.9319691085462292, -0.3607167412725009, 0.9898948978631126, -0.08303662838338734, -0.11494785570551981
9.03950727005716, 18.97528102217299, 31.495407848481186, -0.13232387191564662, -0.3646599018090286, -0.9216905928422406, 0.034680299969824635, 0.9275947641833387, -0.3719747709908015, 0.9905996515824416, -0.08118564819157323, -0.11009641598371667
8.995505988407308, 18.81204115121924, 31.127145212421194, -0.12189540935878593, -0.38266501378261586, -0.9158105679691649, 0.032373480302419724, 0.9206673480514828, -0.3890033316116439, 0.9920148521823466, -0.07706569573163048, -0.09983692498788667
8.959966645586157, 18.645333720614005, 30.751127255681716, -0.10914216766547158, -0.4012820927800442, -0.9094287598549707, 0.030179547729883575, 0.9131347328614051, -0.4065392410837484, 0.9935679051459451, -0.07181672267792795, -0.08755099204292216
8.92756554129791, 18.452239722200133, 30.389060095517962, -0.09745942608865207, -0.4144639111670639, -0.9048322090899343, 0.02876659976033783, 0.9076072840261737, -0.41883349999834185, 0.9948236743286216, -0.06684821854569233, -0.076532167567424
8.930909152421663, 18.227321782182553, 30.041730502816556, -0.0889169727638139, -0.41769155810750824, -0.9042275898468489, 0.028462275668235573, 0.9063872110864691, -0.42148798611903254, 0.9956322969943797, -0.06321381071106606, -0.0687047546904941
8.860783768141085, 18.07632595222006, 29.660209596047867, -0.0833683662519722, -0.409395489564442, -0.9085400644070507, 0.029254294297285526, 0.9103155248051477, -0.41287992390511835, 0.9960893041156726, -0.06099982313924694, -0.06391494194111239
8.829425019381556, 17.928707052021046, 29.273863099336772, -0.07870136328910043, -0.39147191258227565, -0.9168183228293445, 0.03084068605677981, 0.9182746168100352, -0.39474115595657144, 0.9964210693777928, -0.05934197318558079, -0.06019620186072896
8.775489033531555, 17.8108670147445, 28.878657766081787, -0.072278072698904, -0.36839245413282445, -0.9268564505601323, 0.03272179500275736, 0.9279108850175609, -0.37136326366204353, 0.996847613398723, -0.0571698277408794, -0.05501314804070665
8.765584790607189, 17.66779095318439, 28.490206864580667, -0.06261627399245964, -0.34507723787446687, -0.9364832631351346, 0.034406827833934346, 0.9370204296815188, -0.34757572492604827, 0.9974444207221309, -0.05398531522914884, -0.046799714848513856
8.772683076039625, 17.52875193988144, 28.10117832603078, -0.05005890759020734, -0.32479824373782495, -0.9444576256432574, 0.035630523969517186, 0.9444604733327988, -0.32668774092953545, 0.998110500662393, -0.05000515150272059, -0.035705927948412416
8.752139834554404, 17.42379101820991, 27.69896638300542, -0.036089545202512716, -0.30845455281890777, -0.950554224425079, 0.036386962723771656, 0.9501375569256119, -0.30970084252899344, 0.9986859034104841, -0.04576474368678542, -0.02306630799387262
8.721637882448235, 17.309116529610698, 27.301430284429554, -0.02213428876353776, -0.29530893395060853, -0.9551453851586613, 0.03679636862917228, 0.9544914959741536, -0.2959594758894, 0.9990776248703793, -0.041696734188392114, -0.010260694001098573
8.752736639181038, 17.180082843206723, 26.909057189815687, -0.008884601063905912, -0.2841916992640727, -0.9587263123192845, 0.036975033304119234, 0.9580151222813889, -0.2843235347141259, 0.9992766938021194, -0.03797503850655558, 0.001996415370384145
8.7560832313576, 17.075539008739344, 26.507284724271432, 0.003614998055939904, -0.27427598146575954, -0.9616442261980518, 0.03699320678633704, 0.9610289472863791, -0.27396143000301565, 0.9993089784649786, -0.03458393367776819, 0.013620465875030624
8.754009806808652, 16.974121061950147, 26.104888417370102, 0.015581886180671325, -0.265232538960092, -0.9640585589578239, 0.036889356748142546, 0.9636716891362682, -0.26452986771999815, 0.9991978683833151, -0.03144162581729432, 0.024800080326571064
8.767848471286474, 16.873974011597646, 25.70258259628994, 0.0272579246248809, -0.257021302095118, -0.9660212501878385, 0.0366905965171551, 0.9659863915072886, -0.25597674025181005, 0.9989548566738938, -0.028466501226133173, 0.035761049139852175
8.797156198721675, 16.763960517300507, 25.30353800530827, 0.038861951365553975, -0.24962406055097422, -0.9675626993275964, 0.03641899548474317, 0.9680046597691928, -0.24827532183648768, 0.9985806955393959, -0.025589198095540805, 0.046709607543669186
8.827660678603928, 16.663592473111215, 24.902562684511338, 0.0505544236442139, -0.24289872269078905, -0.9687334312209858, 0.03608777287864182, 0.9697845714508203, -0.2412790036961533, 0.9980690972566284, -0.022761711076541142, 0.0577925740057246
8.832978308507071, 16.582744427185723, 24.495448449418845, 0.062298526426092175, -0.2365873356773656, -0.9696109148530782, 0.03569829024420356, 0.9714045661214404, -0.23473133789943076, 0.9974189318830771, -0.01999003540521327, 0.06896283641005657
8.875589742675615, 16.478615567713682, 24.09601240299867, 0.07370222979766682, -0.2304270979932216, -0.9702944572825686, 0.035244971255775755, 0.9729346178879055, -0.22837692816152666, 0.9966572998398353, -0.017366111416716578, 0.07982884723100248
8.935013260605182, 16.382897694247216, 23.696666961898018, 0.08410141190463247, -0.22433070016631315, -0.9708772782790516, 0.034731500529907866, 0.9743970401043142, -0.22213538913665354, 0.9958517336363824, -0.015038124844646866, 0.08973950866016853
8.977830444807463, 16.29532738454579, 23.2934356147308, 0.09305659575171533, -0.21860418932392198, -0.9713663976055239, 0.03419691049045552, 0.975725829087825, -0.21630921793530739, 0.9950733848817431, -0.013088730301576736, 0.09827331193708178
8.999165022235552, 16.224047416626604, 22.88505776478692, 0.10102683956625354, -0.21407921111078687, -0.97157792742396, 0.03373788360943805, 0.9767498898659384, -0.2117106701525297, 0.9943114868575192, -0.011390523124964977, 0.10590053392749803
9.060787600090068, 16.131937607998555, 22.48530551267194, 0.10967391516756307, -0.21200612524124024, -0.9710947611803977, 0.03351105175684265, 0.9772215836956039, -0.20955902693419387, 0.9934025577488556, -0.009559247860137217, 0.11428026530587015
9.1006539222122, 16.04941276220381, 22.081101500304996, 0.1214664408121161, -0.21370975607436718, -0.9693162765140546, 0.033722408195909034, 0.9768718327316078, -0.21114976107269967, 0.99202253146887, -0.007040069191716052, 0.12586395228130517
9.144398270830713, 15.965845128544036, 21.677346514730782, 0.13878306353492756, -0.22017131194239853, -0.965538116634151, 0.034622526280433656, 0.9754558063550616, -0.21745631865309695, 0.98971740509593, -0.0032501147302221034, 0.14299963218281175
9.214133501204572, 15.871631980822354, 21.279272721478797, 0.16298961548346264, -0.23165390746613812, -0.9590468457798206, 0.03648892821496153, 0.972795563687356, -0.22877357668210446, 0.985952809906375, 0.002293125785747502, 0.1670083776696677
9.309300016783569, 15.764918917272311, 20.890072371090778, 0.19385631513284837, -0.24736926639193338, -0.9493303824948565, 0.03953159700963572, 0.9688712341362336, -0.2443885932305338, 0.980233126312808, 0.009847726034381853, 0.19760070943944055
9.408470994839, 15.65072872105135, 20.50458959908843, 0.22951043885922295, -0.2652647487779285, -0.9364611959448343, 0.043684537449451014, 0.9639823458937558, -0.2623541461326633, 0.9723253671701024, 0.019304141031234467, 0.2328319791106278
9.547658476031435, 15.511127942766386, 20.139993831283775, 0.26701986270862443, -0.2821988566542358, -0.9214467961972137, 0.04837751062745514, 0.9588838227397015, -0.2796451876102771, 0.9624759786013145, 0.030093517427158527, 0.2696931048883221
9.68044760952926, 15.377265335974439, 19.77078831970222, 0.30347375438006285, -0.29467947469696343, -0.9061278538897207, 0.05251037523508546, 0.9547031164268521, -0.2928901158754371, 0.9513917914797982, 0.04130334946681862, 0.30520106885081855
9.842782924820186, 15.238370782498105, 19.41514663875757, 0.3370719161878953, -0.2999079210160818, -0.8924336178278092, 0.054769490271751584, 0.9525471873889719, -0.2994230430890905, 0.9398844749504021, 0.05204896453504621, 0.3375027096751025
10.000634288432062, 15.111462071722594, 19.053065587637875, 0.36764020644191114, -0.29656140971594475, -0.8814147768642414, 0.05412590880243742, 0.9530071580313589, -0.2980733848187433, 0.9283916547468849, 0.06187638489992735, 0.3664154041358753
10.161052478114817, 14.996072842020967, 18.68844602539234, 0.3963554627755552, -0.28490901119452805, -0.872770990849336, 0.05016577295528533, 0.955930963320925, -0.28927389890573835, 0.9167255545427837, 0.0708720587007659, 0.3931811401170471
10.350400505372589, 14.890989630365498, 18.33448223964813, 0.42496148678724455, -0.2663135270690688, -0.8651501835216859, 0.04306261918660834, 0.9606093100434251, -0.2745457417019682, 0.9041865656911541, 0.07941573369255656, 0.419690118618141
10.543986485493422, 14.793818981150679, 17.980522512459153, 0.45496719021043985, -0.2425325411318387, -0.8568446897332972, 0.033316949957301376, 0.9661597136610912, -0.2557838707656543, 0.889884732242081, 0.08782581733437633, 0.44765141475481646
10.749786824901246, 14.711750054045966, 17.629768153286776, 0.4871494203055383, -0.21525445874678642, -0.8463751888409808, 0.021521887771376494, 0.9718128984894786, -0.23476903261766607, 0.8730534065237558, 0.09615200631867488, 0.4780507724480312
10.973044024811166, 14.645363325269443, 17.286376980869655, 0.5213563255787913, -0.18599280590043538, -0.8328230652018856, 0.008280960788097664, 0.9770147324952668, -0.2130108874579614, 0.8532988969097566, 0.10415799844700008, 0.5109130101026078
11.21426122190048, 14.595010018487718, 16.95250207333797, 0.5564496246472728, -0.1561087349199766, -0.816084479763948, -0.005809689461030013, 0.9814363295311277, -0.1917002310505503, 0.8308610369600176, 0.11141271901426895, 0.5452129339107538
11.473924207808595, 14.557931756839015, 16.63126444616085, 0.5903588231211583, -0.1267056188276296, -0.7971337065514845, -0.020259118069567407, 0.9849643827935058, -0.1715655348933797, 0.8068866265455414, 0.11743445314606607, 0.5789154697503257
11.75160508827247, 14.524155833919085, 16.32477029999992, 0.6203970274397382, -0.09845374797735121, -0.7780837923084819, -0.03483031260480947, 0.9876520131322927, -0.15274275851764893, 0.7835141209115429, 0.12186205506613522, 0.6093071982729814
12.037106892832233, 14.500009276627045, 16.02464212624441, 0.6438966857711856, -0.07165266689271209, -0.7617499283754774, -0.049512399481756945, 0.9896161295167064, -0.13493864716207946, 0.7635087297146261, 0.12460261444903677, 0.6336628505143905
12.32945684659457, 14.48272855666659, 15.730648282880477, 0.6589354969348388, -0.04666898329318849, -0.7507503026157346, -0.06417907668452942, 0.9909457407213851, -0.11793042466669336, 0.7494565077408817, 0.12589100422399307, 0.6499741518401454
12.608440772404304, 14.495678700719933, 15.423764858729669, 0.6647947082711282, -0.02445011608816786, -0.7466258686102303, -0.07816717926723209, 0.9917007876425392, -0.1020756576004871, 0.7429252236531683, 0.12622099513330814, 0.6573662392057014
12.885986892538796, 14.509890134551426, 15.115629279259505, 0.6619592678211004, -0.006631444610314966, -0.7495104747020772, -0.09020727978375714, 0.9919878010860896, -0.08844687202156838, 0.7440917782234714, 0.12615952773677086, 0.656057313915078
13.156981195063379, 14.522981528338617, 14.801675166470142, 0.6517345820176125, 0.004908642394310996, -0.7584312360604438, -0.09883777551990033, 0.9920014227540211, -0.07851287400341199, 0.7519794736112189, 0.1261312113786379, 0.6470067919145454
13.417904133009353, 14.533519863237943, 14.479219072960305, 0.6357478506380978, 0.00871118650767024, -0.7718476440585068, -0.10297801856716894, 0.9919551153893089, -0.07362456617843406, 0.7649968614974958, 0.12629000072298438, 0.6315303932641485
13.667454406603285, 14.540357458022756, 14.147784033736698, 0.6156614882168701, 0.00425689618173417, -0.7879992454066734, -0.10230230033303614, 0.9919544271474284, -0.07456979153240494, 0.7813419042091356, 0.12652388429666153, 0.6111436291325689
13.905524674082594, 14.54134542798799, 13.807946628649256, 0.5932775058399633, -0.007620534273693286, -0.8049619422815564, -0.09739960774050388, 0.9919292743673005, -0.08117654257947127, 0.7990839239255838, 0.12656319413851802, 0.5877470888172459
14.13152050002049, 14.53202610062949, 13.460103867950435, 0.5708818233065406, -0.024361073947510102, -0.8206707512116681, -0.08980654894927578, 0.9917092795663398, -0.09191022025777515, 0.8161058311175219, 0.12617148211119403, 0.5639610177289238
14.343596678948789, 14.504073143028183, 13.104628550634715, 0.5513341078690002, -0.04202011079153641, -0.8332256667850317, -0.0816411972389172, 0.991219904028374, -0.10400873411102259, 0.8302803239952697, 0.12536910363820977, 0.5430627693363466
14.541635188553794, 14.444496248662228, 12.74505932294259, 0.537352619429261, -0.057469858771448265, -0.841397276989474, -0.07439405072115113, 0.9905562097207665, -0.11516909568511674, 0.8400700492279263, 0.12448136694469006, 0.5280025583969938
14.737591839266388, 14.350571775217254, 12.39163480782379, 0.53011227965204, -0.0722321554757382, -0.8448452442178072, -0.06709315192434495, 0.9896678051121546, -0.1267128426377813, 0.8452688802546644, 0.12385536419477011, 0.5197887732850784
14.95383108665209, 14.391653147162877, 12.063727311356695, 0.5283409055337202, -0.09502024069069555, -0.8436984303641265, -0.055152081667715236, 0.9877779013698953, -0.14578431140902323, 0.8472391252931644, 0.12355553983681865, 0.5166429068013091
15.203001910030315, 14.476635544236222, 11.753502046179255, 0.5289251365806135, -0.1392022693876793, -0.8371743713770146, -0.03156669472656479, 0.9825467145064644, -0.18331802310900094, 0.8480812129019363, 0.12338833822477839, 0.5152994996241589
15.40645920355837, 14.377255148008958, 11.407931206030476, 0.5285158424524039, -0.21470882320123888, -0.821322790087043, 0.00924243769253865, 0.9688854459208189, -0.247336956454784, 0.8488731245729983, 0.12313047519747218, 0.5140557406111903
15.573192032173884, 14.17968612367244, 11.084346908631927, 0.525374344823622, -0.3193377586938165, -0.7886730587978517, 0.06722897892938143, 0.9395821446499943, -0.33565705392115613, 0.8482110953019082, 0.12332392033716302, 0.515101105104047
15.743126280340869, 13.920999109601409, 10.808646202461476, 0.5212591433762446, -0.4369449041550774, -0.733053924469117, 0.13566141499077805, 0.8904853373953606, -0.43431767678344707, 0.842546666914874, 0.12694492749527694, 0.5234501881304995
15.932098256040993, 13.63044201001009, 10.580975850848258, 0.5216303752493916, -0.5455914324184891, -0.655920529095347, 0.20447133999732608, 0.8263420151429605, -0.5247383587362079, 0.8283074445741005, 0.13960251745943725, 0.54260290672103
16.1423525202085, 13.325783970857048, 10.393831244205712, 0.53244842590273, -0.6289793781855472, -0.5664658997424535, 0.26513726002940685, 0.759466902807919, -0.5940641858279674, 0.8038662246280806, 0.16611732407148133, 0.5711428258724142
16.37400425967895, 13.017500746885975, 10.24093793137664, 0.5560669384322335, -0.6815254331201727, -0.4757232851069659, 0.31320203701695004, 0.7020063473965461, -0.63960266746113, 0.7698662507156913, 0.2066643951563036, 0.6038176742888897
16.626919398450138, 12.712659195249776, 10.117638123849678, 0.5902008014875947, -0.7059154086082751, -0.39159475202409544, 0.3478234730657869, 0.6601309716067213, -0.6657671754525151, 0.7284791318272986, 0.25673047387285, 0.6351437776418559
16.900403283652174, 12.416350725557072, 10.020075139663488, 0.6300957175886601, -0.7084334547244983, -0.317964505729089, 0.37020825565782745, 0.6340057177620948, -0.6789569922224526, 0.6825871622871472, 0.3100948081991753, 0.6617522012118257
17.192921068115425, 12.132080798143917, 9.944240352227741, 0.6711588779828223, -0.6956924077300533, -0.2560426416275234, 0.3822890893246028, 0.6207326430252375, -0.6845042279389288, 0.635138420100851, 0.361528781301938, 0.6825658412212925
17.502087612229246, 11.861754236286943, 9.88524908057552, 0.7102400883627827, -0.6732216341081511, -0.20574656315763132, 0.3859884067376104, 0.616846241542876, -0.6859399858286356, 0.588703632353825, 0.4077662880415429, 0.6979646750303585
17.825090614851185, 11.605701829394718, 9.83764211291376, 0.7456802606500185, -0.6451929975147478, -0.16639394470609573, 0.38298652026706037, 0.6193826809832486, -0.6853367200082977, 0.5452359802605191, 0.44731542613231895, 0.7089616600165435
18.15928060537555, 11.363224481094413, 9.796566987733486, 0.776908685542608, -0.614561051715984, -0.13684885108104083, 0.3747672582001908, 0.6260420033058572, -0.6838281306570392, 0.505927264050445, 0.47998554541833116, 0.7166948302310395
18.502625653225557, 11.13332891848328, 9.758696954522051, 0.8040446995649616, -0.5832478296499226, -0.11547333159715101, 0.36272290986324685, 0.6350621158611365, -0.6820030789214336, 0.47110955388511244, 0.5064761378452408, 0.7221756780946996
18.85378175099165, 10.915283852442133, 9.7223967111433, 0.8275811302138464, -0.552338027376885, -0.1001607529293989, 0.3482167135818505, 0.6450810072109173, -0.6801585216094878, 0.44028921551206335, 0.5280087098231998, 0.7261902017065585
19.212008871865375, 10.708820036525184, 9.687456433188167, 0.8481068705783477, -0.522370654721029, -0.08856429960274893, 0.3326059490426318, 0.6550371416663417, -0.6784538493508893, 0.41241728714889253, 0.5459443580841481, 0.7292850876967356
19.576977701086655, 10.514136035962924, 9.654797102393426, 0.8660504598486352, -0.4937558121951941, -0.0784971268227807, 0.3172566925285927, 0.6640983649459629, -0.6769944997722779, 0.3863997826627048, 0.5614076590139851, 0.7317900302399942
19.94855357400339, 10.33168554420687, 9.626300003916526, 0.8814830276266523, -0.46723492097103914, -0.06840468281731361, 0.30354727144245236, 0.6716188471691832, -0.6758603244213848, 0.36172741948322445, 0.5749953502006118, 0.7338485001972024
20.326384065176825, 10.161560488986272, 9.60457478433446, 0.8940562288049728, -0.44421468785422386, -0.05776478883891603, 0.29281585629407836, 0.677128991327552, -0.6750964400783769, 0.33900196760165824, 0.5866597311886222, 0.7354644966032676
20.709155464581162, 10.001882621864132, 9.5919105840221, 0.9031177039581451, -0.42678600342171286, -0.04724531808221919, 0.28621447081105544, 0.6803445017137636, -0.6746944758082715, 0.32009325124987537, 0.595806232152008, 0.7365834944071933
21.093808561175365, 9.846310244031269, 9.587335621042634, 0.9079357901895256, -0.4173372983533068, -0.03849909474370351, 0.28449536162148753, 0.6811632597856564, -0.6745954363424329, 0.30775800575903905, 0.6015365266726049, 0.7371830281347218
21.47613126980927, 9.68507466718161, 9.584512994634101, 0.9078833071905508, -0.4178707052149447, -0.033644824979673776, 0.28781220656140644, 0.6796383417390526, -0.6747265062174785, 0.30481475403759967, 0.6028895405970779, 0.737300595116837
21.85303510095867, 9.51173545557676, 9.57676189053623, 0.9025027889332592, -0.4292861104929932, -0.0346720536669916, 0.29559737526291874, 0.6759660034618763, -0.67504974179793, 0.3132266075948247, 0.5989853065823705, 0.7369570508469686
22.223110233360817, 9.324673353654228, 9.562096286674377, 0.8915517106465161, -0.4508714441715212, -0.04301729970555742, 0.30651261996987583, 0.6705535869377922, -0.675579677642884, 0.33344498952971746, 0.5891288720437554, 0.7360309851371607
22.58448052600603, 9.121905392262835, 9.540880120756874, 0.8752029365524292, -0.48010283338858206, -0.05933876660548426, 0.318488149925153, 0.6641800023593333, -0.6763358801832189, 0.3641223945423544, 0.5730324544371039, 0.7341993516440413
22.93173471870205, 8.89703866549717, 9.510280027879165, 0.8544358874832774, -0.5128343352784636, -0.08330821532214534, 0.3289775439840013, 0.6581254040919855, -0.6772331415716565, 0.4021356608595151, 0.5512457682814966, 0.7310369438112029
23.257504247711402, 8.645629459069381, 9.45824012908618, 0.8313773124767254, -0.5440307574521289, -0.11332386882312158, 0.3355605822479164, 0.6540227247588074, -0.6779774119692371, 0.4429569504369658, 0.5256280152780368, 0.7262949329400937
23.569475183929402, 8.38414381222234, 9.378018390927881, 0.8091735320518502, -0.5690490974548454, -0.14636023952070853, 0.3367650363884016, 0.6532790030707405, -0.6780972307960105, 0.4814846885343831, 0.49940931992977994, 0.7202519183412307
23.88093237244187, 8.128116164299612, 9.279976384178553, 0.7911846650821782, -0.5850105044961822, -0.17829620121562864, 0.33267410089727145, 0.6563082230656351, -0.6771908585684102, 0.5131810288104907, 0.47646849420035214, 0.7138788452555906
24.19546715916355, 7.879455636168959, 9.173128897050395, 0.7798631629435301, -0.5915106308830977, -0.20476479344846557, 0.3249282358976476, 0.6621509080558965, -0.675261294964545, 0.5350094285151953, 0.46007754619523805, 0.7085856073099516
24.51350358237644, 7.636584198979225, 9.063340786990766, 0.776051637412977, -0.5902522590554126, -0.22213988104034638, 0.3161145671778992, 0.6688440869804761, -0.6728440887227758, 0.545724689277081, 0.4519401044289335, 0.7056448862722652
24.835460830669554, 7.397908991655256, 8.955826408761611, 0.779110695989362, -0.5838858465859909, -0.22817502394331565, 0.30888414641096945, 0.6742875612482006, -0.6707658822882397, 0.5455062854733562, 0.45212122589247544, 0.7056977324652153
25.162154302155606, 7.162582361564935, 8.855488386964742, 0.7875776047636404, -0.5747856011705486, -0.22213290877710593, 0.3052054535186132, 0.6770116037873762, -0.6697050988903566, 0.5353234046978188, 0.45964856251733865, 0.7086268773892785
25.494772447920948, 6.930827646199394, 8.767053871476861, 0.7997159946827029, -0.5644104015713236, -0.20468323440563546, 0.30598803406102604, 0.6764870528920983, -0.6698780413484472, 0.5165516923407797, 0.4730815636520416, 0.7137003455739782
25.83478631996327, 6.703983325682419, 8.695766098816184, 0.8136203435630122, -0.5534777584499346, -0.17800086359802259, 0.3110462605171992, 0.6730440620985438, -0.671015584239411, 0.4911946257428645, 0.49058542719400794, 0.7197595280829564
26.1832971361505, 6.484166123044889, 8.647315647660571, 0.8270957813265383, -0.5427183589908366, -0.14618259583868592, 0.3192184418896674, 0.6676435230102641, -0.6725709721211405, 0.4626144775829829, 0.5096164332090718, 0.7254508502537491
26.539718799031476, 6.273014601590889, 8.624967195755659, 0.8377721282746589, -0.5336586614734687, -0.1155261620607826, 0.3285275001464421, 0.6616525862478608, -0.6740070747099368, 0.4361278972201595, 0.5267108202285793, 0.7296356413446778
26.90123275311001, 6.0693782938132985, 8.62509761723082, 0.8435624801923955, -0.5287584449417112, -0.0938980772672029, 0.3364533820131112, 0.656634467676477, -0.6750039241302002, 0.41857073923483196, 0.5378156587177925, 0.7318147672016146
27.262490700726808, 5.865343129847863, 8.631038398823584, 0.8430273192547958, -0.5304849669549606, -0.0888292678393053, 0.34044092705936735, 0.6541192369296382, -0.6754465182836806, 0.41641915682762637, 0.5391787493154587, 0.7320391807229902
27.61369064030008, 5.645845249746204, 8.60953461871227, 0.8352887457897773, -0.5396996157233759, -0.10496206907726853, 0.33859209088148734, 0.6553478184306047, -0.6751848879164505, 0.4331836875384893, 0.5284350117718238, 0.7301426786486795
27.94603842449603, 5.407304056866037, 8.54150787578495, 0.8198901098366043, -0.554581148744914, -0.14219689605927605, 0.33025434603508586, 0.6610099261372062, -0.6737936957801126, 0.46766684158389804, 0.5054756443240928, 0.725108335545858
28.26047696486932, 5.158708407043967, 8.434667495065494, 0.7971436039374205, -0.5711839214490452, -0.1957319661673889, 0.31616900900064093, 0.6710507734069315, -0.6706176386418059, 0.514392099909411, 0.4726941795580415, 0.7155144863402393
28.561580548296792, 4.907332552801347, 8.29946813197451, 0.7685422856114801, -0.5853924635478929, -0.25818291742175953, 0.29808011651677435, 0.6846785971895624, -0.6651040991362774, 0.5661192448278264, 0.43420143041204023, 0.7006983077357257
28.852182277093043, 4.656897881161448, 8.141419451210298, 0.7363238532861093, -0.5947825648315314, -0.3225846922194565, 0.27806043601940267, 0.7006249211502734, -0.657120319107447, 0.6168545833521836, 0.39415532526606617, 0.68127234096344
29.13263097277334, 4.409036455412843, 7.962374366621413, 0.7023008232332432, -0.5991488178964683, -0.3844401744084164, 0.2579536587468607, 0.7175174074261464, -0.6470152084607977, 0.6635009145623065, 0.3552315639885144, 0.6584656956298156
29.400934909861416, 4.164033381799191, 7.762058318771699, 0.6670828149676946, -0.5997688979638105, -0.4419024632314837, 0.2391267767399439, 0.734167791162349, -0.6354652146780045, 0.7055628268416226, 0.3182372125554674, 0.6331715201461486
29.653163951398398, 3.921100237859408, 7.539601175042552, 0.6303513990375803, -0.5982690491190112, -0.4947032025342058, 0.22243218685990646, 0.7497210407042597, -0.6232513805632857, 0.7437614106553828, 0.2828294645038879, 0.6056619998219792
29.8851240091917, 3.6785283239622126, 7.295729959653335, 0.5917248883187286, -0.5957806623884634, -0.5430534585730507, 0.20820590714145062, 0.7637386793075234, -0.6110266196828136, 0.7787887754555749, 0.2484927203230789, 0.5759682379878619
30.095792865382343, 3.43440111220293, 7.03465719786202, 0.5513336784410087, -0.5926242504523626, -0.5872202932396683, 0.19628368759216486, 0.7762433150420694, -0.5990985143010454, 0.8108661350691173, 0.2150414230521041, 0.5442915554827192
30.289464109431595, 3.1885441575128457, 6.762242672575027, 0.5096913544757589, -0.5884932487314544, -0.6276068987592194, 0.18615953922366246, 0.787627061997898, -0.5873569929477243, 0.8399758027042803, 0.18253577020972628, 0.5110003360715549
30.47125017351487, 2.944526783999321, 6.480152217525103, 0.46718096158146155, -0.5829964193925564, -0.6647233440396685, 0.17734246803900675, 0.7983210470308436, -0.5755285873850329, 0.866193741703122, 0.15099232047702332, 0.4763504182755685
30.63913170049146, 2.708516997368773, 6.183102022894995, 0.42386210528809104, -0.5763205973883464, -0.6987098716396433, 0.16974442767221334, 0.8083131662760726, -0.5637522988857634, 0.8896784503262851, 0.12035112899632393, 0.4404405303492519
30.785309148482565, 2.4836570857028577, 5.866598000144244, 0.3800363862857597, -0.5696837242497413, -0.7287199732570842, 0.16380421150406996, 0.8168278165112451, -0.5531369617617338, 0.9103518690003282, 0.09084477144237012, 0.40374088486205206
30.906030611173264, 2.2646411812670584, 5.5355747738960535, 0.33726682024019955, -0.5652668033170775, -0.7528110872142875, 0.1602035871207601, 0.8224623816821297, -0.5457934054121577, 0.9276776932958484, 0.0634749697554203, 0.36794704180879423
30.999725815407814, 2.0425934794445286, 5.197869558018448, 0.29895042613508144, -0.5655334887897963, -0.7686354895338197, 0.15938397726220938, 0.8237475146170773, -0.5440926207496913, 0.940864172187321, 0.040148539443288014, 0.3363966472407804
31.07610481625474, 1.8098646155598923, 4.862962424368069, 0.2696946307640122, -0.5722040745442022, -0.7744980976168221, 0.161272727189852, 0.8197804462578127, -0.5495007983598288, 0.9493449918769312, 0.02329199451216683, 0.3133712963719467
31.154982203190144, 1.5637371213079823, 4.538390367059297, 0.25363048211626354, -0.5854260596132751, -0.7700311079866488, 0.16540441821542812, 0.8105848487435923, -0.5617771634929133, 0.9530545403995974, 0.015117265394301471, 0.3024210827814602
31.248797221873083, 1.3057209285201126, 4.227320682739661, 0.25265888382597845, -0.6036440622798889, -0.756159595917452, 0.17122290589046857, 0.7970760275839537, -0.5790962983385475, 0.9522847289136976, 0.016841981036024634, 0.30474602992089617
31.3606930218145, 1.0381490490349436, 3.9306205094472206, 0.26570766197963813, -0.6242751693502514, -0.7346291249998391, 0.17826867499183513, 0.7806960034389792, -0.5989440956642456, 0.9474279486493787, 0.02818267459132287, 0.3187256170609915
31.489488597874896, 0.7630192947869422, 3.648014474275952, 0.2893642464009733, -0.6447827829551998, -0.7074768517127219, 0.1862067173292101, 0.7628937116426627, -0.6191286160060455, 0.9389331133399634, 0.047416743252036625, 0.34081704935800083
31.633103111570765, 0.48179966200585295, 3.378844695369536, 0.319362621201201, -0.6635054902532466, -0.6765855308704859, 0.19482014186054555, 0.7446941811006504, -0.6383382245802524, 0.9273902245036525, 0.07204887950988971, 0.3670917194059739
31.790051576909903, 0.19542618280574522, 3.12288573378586, 0.3519865564833071, -0.6798473380637667, -0.6433607549288611, 0.20402402941878048, 0.7265466623255721, -0.6561281451692921, 0.9134985820868845, 0.09968723283942378, 0.3944398510978198
31.959866781065436, -0.09566115832774534, 2.8808351330394935, 0.38472235986218595, -0.6939326650830764, -0.6086428855681874, 0.21384893024908638, 0.708463803330963, -0.6725679700975566, 0.8979183375192825, 0.12859430664117816, 0.4209586243873412
32.14274282493707, -0.39129379260029373, 2.6543159731726704, 0.41612842557107743, -0.706116946024363, -0.5729188354112326, 0.2243543657686056, 0.6903121031564664, -0.6878475985247479, 0.8811936518111686, 0.1576960962513747, 0.4456789082229203
32.338539844073665, -0.6912425526687402, 2.4449220996135566, 0.4453492255668968, -0.7166678344765344, -0.536704091947956, 0.23550332430523022, 0.6720846191957762, -0.702025960261908, 0.863829989944868, 0.1862511199085342, 0.46809002211611606
32.54581874881878, -0.994971089584768, 2.2527217992630306, 0.471734806648132, -0.7256944967462048, -0.50083307557401, 0.24707045747670442, 0.654040971064645, -0.7149731443984929, 0.8464174273010342, 0.2135366609298945, 0.48783156232454844
32.76202256721215, -1.3017466280209913, 2.0757619520335413, 0.494766403978777, -0.7332336344313312, -0.4664489713061125, 0.2586482675433759, 0.6366715625766, -0.7264643109630925, 0.8296428624358314, 0.23878391642841348, 0.5046533087817702
32.984483545478206, -1.6108350792546644, 1.9109815540512005, 0.5142040147967007, -0.7393609294467243, -0.43467188449982624, 0.26976959645819587, 0.6205105526945695, -0.736336213167234, 0.8141367182443846, 0.26136577817754936, 0.5185261169930668
33.21113436448846, -1.921575966780567, 1.755262103866155, 0.5302342174996988, -0.7442516379725884, -0.40612950393636904, 0.28010073666827756, 0.6058821805210007, -0.7446142361283498, 0.8002469943151116, 0.2810627735973524, 0.5297248959482583
33.44078957637363, -2.23339881105726, 1.60624522881082, 0.5434071051688167, -0.7481966867904529, -0.38067103373889055, 0.28960232170223604, 0.5927110462939832, -0.7515478100997742, 0.7879335081824616, 0.298153204706709, 0.5387628914526299
33.673260706782756, -2.545866912486666, 1.4630521893213193, 0.5542218197896803, -0.7516250286707842, -0.3576282857166895, 0.29852263457744227, 0.5805545251125064, -0.7575227257424921, 0.7769957600360237, 0.31307548554148246, 0.546133069168135
33.909307285163635, -2.858755029332172, 1.3267979884257175, 0.5623381635694733, -0.7551666748531509, -0.3368962495851619, 0.3070971755613436, 0.5690017529413096, -0.7628422706641015, 0.7677676175481469, 0.32551543487360524, 0.5518809537422813
34.150418941010294, -3.1721169612678914, 1.200926279631819, 0.5656582960475285, -0.759722215532742, -0.3207067934089149, 0.31494249106628025, 0.5584521593207402, -0.7674258355508815, 0.7621298573298205, 0.33309659406247993, 0.5551619039437081
34.39810439395761, -3.4863955803767515, 1.0912396537712439, 0.559874381720175, -0.7663190031090531, -0.31511245955594763, 0.3204475375153729, 0.5509711189736641, -0.7705479879652156, 0.7641034304292748, 0.33043306664263405, 0.5540396520785847
34.65092926427539, -3.803216450030189, 1.0025780523561354, 0.5390780140161293, -0.7752057722531613, -0.32931885076594963, 0.320878498421829, 0.5505351991755155, -0.7706802084647872, 0.7787373652618567, 0.30978541788495373, 0.5455282859860399
34.89434758829617, -4.128574760098328, 0.9190793860588872, 0.4975923711777909, -0.783871368031513, -0.37141285724388706, 0.31383298270010646, 0.561870129677077, -0.7653827907303765, 0.8086474455009539, 0.2642870328961851, 0.5255869796025322
35.07757987796934, -4.465949627425024, 0.7685911742766754, 0.43312462375542926, -0.7856674052907578, -0.44173497547783774, 0.299479105585909, 0.5876897971670539, -0.7516202283222632, 0.8501266526901635, 0.19325483323693377, 0.4898338941073628
35.127385202554144, -4.7616897725247, 0.4862272581403955, 0.35094449518220794, -0.7727392329786906, -0.528878094759851, 0.2814524560079395, 0.6257327151550537, -0.7274909512782844, 0.893097125909833, 0.10645490594702195, 0.4370868068146265
35.129403369541556, -5.013595805089902, 0.15654531028214405, 0.2658474354672458, -0.7434145374588971, -0.6137262961208871, 0.2648070387855314, 0.6684608318731886, -0.6950088837281454, 0.9269316982740027, 0.02224728626549638, 0.37457000011839503
35.14496724997655, -5.2626030354306375, -0.17499133992032867, 0.19738536143005764, -0.7063441305076362, -0.6797918713772156, 0.25271994961711386, 0.7066599322940004, -0.6608815076515322, 0.9471914516921323, -0.04134863223433441, 0.31799157921822524
35.17730706471402, -5.516183590727067, -0.5018153463381881, 0.1606142415896636, -0.675059221830124, -0.7200681304020368, 0.24540684979541869, 0.7339426479833332, -0.6333274568062732, 0.9560222505109732, -0.0749882423671906, 0.28354579883083
35.22611446648158, -5.7756456055194265, -0.8218956246672615, 0.16032003583638257, -0.6585093252864401, -0.735297867955714, 0.2417330505331511, 0.7484424429472558, -0.6175751305509967, 0.9570071151195053, -0.07873612960986245, 0.27917378728079206
35.29737432954477, -6.042910308152481, -1.1310686278273827, 0.191651544509958, -0.6569135660871659, -0.7292011054418324, 0.2409090122394979, 0.7517303520984403, -0.6138927638893819, 0.9514370884660409, -0.058017621673054784, 0.3023266813674659
35.4103176331368, -6.320680522726322, -1.4173154976740712, 0.24380826387338578, -0.6643804203255073, -0.7065098637352121, 0.2426342366869123, 0.7471120836651605, -0.618831286885902, 0.938981446917033, -0.0205472998129827, 0.3433535361926399
35.57906809195212, -6.604942649597513, -1.6675985306712338, 0.30368473363886056, -0.6738986774772596, -0.6735251703159242, 0.2463751387495725, 0.7384110154700252, -0.6277327960515168, 0.9203667060258228, 0.024693009677366793, 0.39027603271562844
35.77705008869864, -6.889642625255077, -1.8954164467903882, 0.3588023359357245, -0.6808812202870247, -0.6384838663486491, 0.2509386785023991, 0.7292116642627975, -0.6366161546289496, 0.8990498670032365, 0.06819906570865314, 0.432502282164996
35.98170938581727, -7.1750392264134035, -2.116434035426332, 0.3995582707156015, -0.683994817723486, -0.6103312851478068, 0.2546850470685871, 0.7224025573112434, -0.6428608496322102, 0.8806183708635823, 0.10141811730450787, 0.46284516890638433
36.18325697587289, -7.4610939123680105, -2.3394322131378504, 0.4203786682613672, -0.6838483619148541, -0.5963498915713578, 0.2561026981825704, 0.7199471560434139, -0.645048448171614, 0.8704557330814742, 0.11843779131413659, 0.4777858373102141
36.37288755692396, -7.746203555571903, -2.573744273828815, 0.419500583082078, -0.6810864237172101, -0.6001171087561974, 0.2543602607150129, 0.722811672276038, -0.6425294889656878, 0.871389762714015, 0.11689555102576954, 0.4764612382844951
36.541940826632526, -8.027407331302175, -2.827613846412185, 0.39793224452530895, -0.675345708510504, -0.6209332514558188, 0.2495708865136178, 0.7309927801731704, -0.6351093826574332, 0.8828161197961084, 0.09776364012834388, 0.45943222492223923
36.684456234494284, -8.301138819039185, -3.104807575524197, 0.3584621911974844, -0.6654569531435578, -0.6547304032919129, 0.24267827999732983, 0.7436510272991802, -0.6229690217132883, 0.9014500041041854, 0.06442199243865905, 0.4280627255330668
36.79599505051356, -8.564383646624027, -3.4053342923231, 0.30511602226603907, -0.6502620015435366, -0.6957467515591744, 0.23504001072321568, 0.7594034731633788, -0.6066815954902771, 0.9228544881593093, 0.02157995125089665, 0.3845437548423174
36.872716023135986, -8.815585043549007, -3.726366998906134, 0.24289461585739894, -0.6292408074090357, -0.7382805780180809, 0.2279108342809062, 0.7767865529976467, -0.5870769137850812, 0.9428991765851045, -0.025664321016915875, 0.33208806877374075
36.91475016962408, -9.0545214487614, -4.062858362650507, 0.17742264044110273, -0.6025392653309994, -0.7781180118679214, 0.22207603747963364, 0.7947809930589911, -0.5648056361700974, 0.9587509792622126, -0.07259205746184304, 0.27482167483152586
36.92808032024579, -9.281004232698562, -4.410202892952896, 0.11431371904275614, -0.5704156894334321, -0.8133623515302365, 0.2178016631739932, 0.8132007749651364, -0.539691518475827, 0.9692754041846189, -0.1154575283135915, 0.21719749077385767
36.921058886306284, -9.494116907858803, -4.766122218172984, 0.058442858082605145, -0.5324462767036784, -0.8444438375425132, 0.21507278684240277, 0.8327410219382942, -0.5101824053620505, 0.974847746419398, -0.15180037155934512, 0.16318246993922456
36.90069228923406, -9.692106493628645, -5.130180350727086, 0.01354275288044009, -0.4871291449635323, -0.8732249366409076, 0.2138913402588633, 0.8545020910122189, -0.47336737426444264, 0.9767635785627383, -0.1803645546742586, 0.11576501634980185
36.87165220898392, -9.871609559128363, -5.503102385639908, -0.017705993627547392, -0.4326710966568685, -0.9013779561911884, 0.21432135831982504, 0.8789218102463505, -0.4261018737828119, 0.9766027099888708, -0.20072910499232777, 0.07716847316989409
36.836725058461994, -10.02497661336217, -5.886965893677918, -0.03350956641814668, -0.36932168024902584, -0.9286972625438842, 0.21613851671439874, 0.9045520069056532, -0.3675184463335885, 0.975787502764289, -0.21304263259026712, 0.04951349460542103
36.79875438716267, -10.131848675426719, -6.285676951758882, -0.03345730781876031, -0.3023246373553147, -0.9526176684281571, 0.21844556494202635, 0.9278937023918206, -0.3021503139478072, 0.9752754194127317, -0.21820424081483158, 0.03499665097896265
36.77373984373683, -10.143063981855478, -6.698130787522245, -0.019837434112664386, -0.2429345779223837, -0.9698398151537702, 0.22000708172384772, 0.945193123795298, -0.24126094321593483, 0.9752965498755657, -0.21815762553658224, 0.03469712122148567
36.80518787486818, -10.106554762899654, -7.10947257228456, 0.0012772675496989057, -0.20504448862088542, -0.9787518205724094, 0.2203659687827923, 0.9547498756152859, -0.1997286028965745, 0.9754164281936346, -0.21542848627513422, 0.04640429841271613
36.86234491557726, -10.165006848943538, -7.5154400216191, 0.020566218994692787, -0.1983460264609169, -0.9799162639855651, 0.2203729265284846, 0.9569169150864041, -0.18906557294968, 0.975198853511187, -0.21205865086971784, 0.06339025715188133
36.90663038489212, -10.286660680945984, -7.9094576265149295, 0.027772626727124678, -0.22266093172755277, -0.9745002774175561, 0.2210260105081901, 0.9521146000286302, -0.21124699072686265, 0.9748723936410905, -0.20952302473604134, 0.07565658082381824
36.929566152621106, -10.438956552068097, -8.2946536786741, 0.014606671237386097, -0.26757896438555084, -0.9634252140014392, 0.22188750357083475, 0.9403716696854167, -0.2578120606413988, 0.9749628613000937, -0.21000623960115464, 0.0731081282356259
36.92529592025423, -10.60882618819281, -8.673100292157304, -0.023186580965109907, -0.317427586331913, -0.9479990031105752, 0.22120916164175297, 0.9231204752578521, -0.3145077025534828, 0.9749507111997515, -0.21699842302471492, 0.048813882614330714
36.88822364878414, -10.787709772558369, -9.045542525683155, -0.08521769408739412, -0.3577722934281582, -0.9299123241841584, 0.21768149564316452, 0.9040754382245234, -0.3677803263548647, 0.9722925028349145, -0.2337660968880897, 0.0008371838065823894
36.812517566436895, -10.968213555425695, -9.41122190371956, -0.16650173722081166, -0.37937393361614424, -0.9101387751299607, 0.21185655603370956, 0.8877028546009137, -0.4087792088633236, 0.9630129652128198, -0.26088131482726473, -0.06743121240204823
36.684745895192385, -11.141859396885891, -9.765273013446526, -0.25722493114611894, -0.3789478226567698, -0.8889510011809243, 0.20615142836811318, 0.8772100793633141, -0.43359435564268445, 0.9441064152830766, -0.2947897969182472, -0.1475196673472305
36.48011114663205, -11.290553879545152, -10.092944217473748, -0.34322600497831257, -0.3586886763720281, -0.8680658632552659, 0.2038274552515771, 0.8737400951027015, -0.44162497064317885, 0.9168698260889023, -0.32851283027060724, -0.22677972209900413
36.21201702391668, -11.394182105702107, -10.391874932571561, -0.40906373164853055, -0.32540551184412686, -0.8525128247195116, 0.20754001295019678, 0.8765921804995298, -0.4341811742944552, 0.8885910231790614, -0.3545382940509272, -0.29104740434686444
35.96080136706827, -11.474985394863463, -10.711621043437836, -0.44296486302655724, -0.2882753265329848, -0.8489284223279159, 0.21792936779347924, 0.8838724169440845, -0.4138554593315848, 0.8696487341317746, -0.36832986123544686, -0.3287007644427963
35.76403792091308, -11.55516689737122, -11.067601601641204, -0.44047042528536895, -0.25528725046232387, -0.8607056547974534, 0.233083287807477, 0.8933246810461782, -0.3842436664131247, 0.866982113652746, -0.36986407501287627, -0.3339799105052374
35.61844297247146, -11.637739115785225, -11.44705272540377, -0.4051747874894834, -0.23054149780947292, -0.8846943027795628, 0.24950664948149837, 0.9030654817603486, -0.3495985805426936, 0.8795338671406399, -0.36238564187990985, -0.30837772797644936
35.51370367133512, -11.721206394428119, -11.839660625955503, -0.3472020466628963, -0.21403856562658666, -0.9130379133516906, 0.26398910254633234, 0.9119264299147323, -0.3141654662112832, 0.8998669304568748, -0.3501109521958493, -0.2601188740223165
35.439518197774895, -11.80363452060373, -12.239449046046696, -0.27977802189476747, -0.20338927027790224, -0.9382734479886305, 0.27491540471908965, 0.9194053155656706, -0.28127457396239824, 0.9198618258808169, -0.33664026860346336, -0.20131455695452805
35.38656798274056, -11.883558877904129, -12.64314714856274, -0.21468024028225002, -0.19582757893245162, -0.9568510614310932, 0.282271579630102, 0.9254457284206151, -0.2527310014247642, 0.9350054276663223, -0.32434821269353653, -0.14339835130511797
35.34768394402484, -11.960278663799082, -13.049067726080267, -0.1589727249040883, -0.18943602120128847, -0.9689384225057824, 0.28686305819749536, 0.9302152211896362, -0.22893061854783994, 0.9446889745192063, -0.31434636332959415, -0.09353665208520849
35.318613877547, -12.033707379793865, -13.456428440509924, -0.11470607702554195, -0.18346680266855794, -0.976310631004286, 0.28959118920783156, 0.9339352982392577, -0.2095275682003267, 0.9502523133497779, -0.3067650420457408, -0.05399768469175853
35.29770248426302, -12.104092891822159, -13.864823736402892, -0.08085768065040617, -0.1781745266021187, -0.980671134249371, 0.29113172958951133, 0.9367646872269013, -0.19420153653075278, 0.9532598551843335, -0.30120716929514907, -0.0238723618259032
35.2850100897091, -12.17191569754227, -14.273994339336507, -0.05578546574308586, -0.1745673005913666, -0.983063700568824, 0.29191248565844846, 0.93872430713427, -0.1832587676265199, 0.9548167795595829, -0.29719174409718746, -0.0014087980475294692
35.28108071043654, -12.238081580017182, -14.683615955117435, -0.03906586415109454, -0.17424488074610342, -0.9839271211791574, 0.2921942061613143, 0.93964722836395, -0.1780045845300234, 0.9555607799318093, -0.2944517070110531, 0.014205213634061999
35.28501389507695, -12.304550641832149, -15.093187001436704, -0.03233964693451941, -0.1792660182000683, -0.9832689570788062, 0.2921094156064326, 0.9391345312900051, -0.18082704845451278, 0.9558379760975283, -0.29307000333946676, 0.021994012648579923
35.291512792747646, -12.37537203822629, -15.502000620372861, -0.039122634922617916, -0.19187013275958384, -0.980640235556104, 0.29154775406468275, 0.9364975757353707, -0.19486456255977588, 0.9557558927553368, -0.2935270733622254, 0.01930105351673755
35.28788323157769, -12.457181114009902, -15.908739078083473, -0.06372718849197186, -0.21389616269884737, -0.9747755008357653, 0.28983833592575364, 0.9306923362506604, -0.22317149072423606, 0.9549516136824414, -0.29674940071884903, 0.002684901917258696
35.25515656021197, -12.557560794686482, -16.309835176160643, -0.10971834054748314, -0.24586336434977338, -0.963074811122229, 0.28536922987786995, 0.9203407773419047, -0.26746449521499066, 0.9521167409443119, -0.30417767773508464, -0.030816423888457473
35.17736326418459, -12.681904580394821, -16.697653111121006, -0.17855241972104824, -0.2858548675891072, -0.9414913850308843, 0.2755404748425024, 0.9040550837308724, -0.3267443225274673, 0.9445615279775728, -0.317759972708929, -0.0826566368097189
35.049613812148635, -12.832292939220855, -17.062279441894812, -0.2689369414559549, -0.3285563815702889, -0.9053858987469128, 0.2575186840600095, 0.8812674291184525, -0.3962976731384558, 0.9280932328598874, -0.33973286933176206, -0.15239595997037003
34.87500598975592, -13.007919112194886, -17.394777436926066, -0.3769157634813638, -0.36502308953795615, -0.8512888178188562, 0.2299500773956662, 0.8534236935711124, -0.4677509606159749, 0.8972499479771441, -0.3720566399832227, -0.23773175534498314
34.65512761705164, -13.203418717460156, -17.686772450050732, -0.49605586224020254, -0.38384004905148805, -0.7788423449461902, 0.19513849631721875, 0.8247552202507221, -0.5307539862537421, 0.8460789258645933, -0.41526575034950086, -0.33422269192034526
34.38211155859173, -13.400185232361581, -17.928361532965038, -0.6171789351738853, -0.3740704213986713, -0.6922149101343091, 0.16044661400971724, 0.8014411561848184, -0.5761501169191571, 0.7702902349312537, -0.4666512541585655, -0.43461426686406884
34.04508829055808, -13.55809656138879, -18.108999206412292, -0.728283351035447, -0.3295683905165406, -0.6008227996480467, 0.13738266466094096, 0.7887426730523527, -0.5991752658086688, 0.671363809015082, -0.5189120076453874, -0.5291511733580435
33.65608136401067, -13.632294040547817, -18.22871982656567, -0.8163883332074402, -0.2528941366218678, -0.5191865224223928, 0.13785006399107677, 0.7876952269146428, -0.600444493149488, 0.5608096372749257, -0.5617657742851282, -0.6082037204600089
33.25481180538121, -13.627373463124783, -18.333023554657547, -0.8714931901031333, -0.1560235718284542, -0.46492608513370726, 0.16922866517333593, 0.7941276015657529, -0.5837148373264773, 0.4602839107415281, -0.5873823264836253, -0.6656731360413826
32.8603125101736, -13.583205288328884, -18.453454791943308, -0.8892058170763896, -0.056461054421432795, -0.45401009263135383, 0.23105984430611914, 0.8010761644093051, -0.5521669377683783, 0.3948725911312945, -0.5958935543777062, -0.6992757028700207
32.47863571513026, -13.515689871914283, -18.600936539467842, -0.8688460795665132, 0.028556292626123674, -0.49425805827861985, 0.3145516763280556, 0.8027774172098817, -0.5065625937009577, 0.3823136578009089, -0.5955946243623113, -0.7064724414225985
32.13757595566797, -13.428267884812257, -18.817672131490625, -0.8103091191795058, 0.08559406617810561, -0.5797178513808522, 0.4043925568477222, 0.7976416906441375, -0.44747557845375635, 0.4241058727967529, -0.5970271260013736, -0.6809499390394601
31.904396161362975, -13.337220512467088, -19.144674213444258, -0.7164281212171671, 0.10604819792478552, -0.6895538607289105, 0.4829315425765221, 0.788687662439421, -0.380458797112779, 0.5034956527259207, -0.6055786908674607, -0.6162520400399107
31.788142367483992, -13.285187781726098, -19.538618755367622, -0.5999893512913094, 0.08704221925614836, -0.7952587191625115, 0.5366230171276601, 0.7810485504341373, -0.31937266531990477, 0.5933367642627927, -0.6183743315595316, -0.5153296714167171
31.704359513362753, -13.285580599685757, -19.944781200547666, -0.4850619166102179, 0.031415538823488305, -0.8739153282640441, 0.5610615673949525, 0.7777290223838618, -0.28345631997569204, 0.6707643808721072, -0.6278141696889873, -0.3948727816537703
31.617780080544563, -13.329372663680951, -20.34807230320678, -0.39712542903255527, -0.055665199992252536, -0.9160746580522418, 0.5598718191975561, 0.7762188280071758, -0.2898756235277216, 0.7272103819969349, -0.6280013666840136, -0.2770908583098387
31.523722257630922, -13.409431399202788, -20.744078818885807, -0.3501906051693081, -0.17099915616997485, -0.9209374727093639, 0.5386776465160008, 0.7675736702745452, -0.34735724239642185, 0.7662851513602077, -0.6177296733122188, -0.17668366510360578
31.413346657634754, -13.524880026317932, -21.12678268270337, -0.34085936561231445, -0.31262765839559015, -0.8866108729766744, 0.5005534837206723, 0.7379424938193552, -0.4526445468033052, 0.7957770434044131, -0.5980842942443492, -0.09504774678428572
31.253291050884297, -13.699232445876522, -21.464905599621993, -0.3509621941507241, -0.47280791291173824, -0.8082562809931981, 0.4472697539282375, 0.6736848265296134, -0.5883013868118436, 0.8226635433139622, -0.5679801334481788, -0.024965226021526375
31.047775504918565, -14.000217974919398, -21.652701024019557, -0.3570674930225477, -0.6318016964887749, -0.6879894052530889, 0.38458906832807294, 0.5717759807154856, -0.7246816379620705, 0.8512309051891489, -0.5233534600924605, 0.038821409816126806
30.90149382183189, -14.383115635304847, -21.704736534088987, -0.34415753959533296, -0.762978506794994, -0.5471922752639771, 0.32473809504921086, 0.4500979876888869, -0.8318395104238704, 0.880965809531503, -0.46397801634053293, 0.09286357084027996
30.843071350959995, -14.793196726698678, -21.705606199807406, -0.31455899820946337, -0.8487351391974791, -0.4250897553892527, 0.2812060898564398, 0.3444004982571703, -0.8957183886846718, 0.9066287948621039, -0.40129410697348733, 0.13033521410286875
30.840499829266413, -15.206111204160985, -21.74171734523343, -0.2820735011042887, -0.8892897229493127, -0.35999767864738175, 0.26132506755151086, 0.2898279222745965, -0.9207111298008669, 0.9231163247630102, -0.3537846295795299, 0.1506409201688165
30.790556065957247, -15.607174132686175, -21.82288377820797, -0.2556413133491359, -0.89314363741963, -0.3700567008526686, 0.2647184702548447, 0.3034788022193614, -0.9153276725355989, 0.9298234512073053, -0.3319564121090815, 0.15884989784259193
30.559606717898987, -15.889166504383864, -22.00911407969297, -0.2286827315446072, -0.8646818892652991, -0.4472465077224084, 0.28557011838787927, 0.3796254555627885, -0.8799626247589597, 0.9306739041024142, -0.32895249484589484, 0.16011352334338222
30.414508656709266, -16.13233628093011, -22.309641788427832, -0.1834172228490632, -0.8056456479671413, -0.5632878591572359, 0.31361267091799255, 0.4951114156672932, -0.8102541445223292, 0.9316679746572918, -0.32526877499620793, 0.1618487226098689
30.393758953228478, -16.36144624094591, -22.65341300251323, -0.10542016897208943, -0.7228566988475438, -0.6829090575655937, 0.33595644303570266, 0.6204695176232586, -0.7086260269586204, 0.9359593240930372, -0.304131173396599, 0.17743836397947618
30.462953777373322, -16.567472360855163, -23.006240265106847, 0.004164998478566367, -0.6280752516394185, -0.778141459546884, 0.3426370327131923, 0.7319407216370956, -0.5889504595658845, 0.9394586295314831, -0.264167102962214, 0.21825037253434118
30.592605744826205, -16.744350329276518, -23.358085407715762, 0.12742950142990994, -0.5327544437015781, -0.8366208369874292, 0.331806743836724, 0.8177958568580131, -0.4702278397227654, 0.9347010254138997, -0.21767553657241798, 0.28098283554002856
30.768063756492918, -16.887842257046287, -23.70534844176284, 0.23864339895037526, -0.44626406702059257, -0.8624950496226933, 0.3095291101586375, 0.8767874488357461, -0.36801562402771143, 0.9204569832978693, -0.17914282584112567, 0.3473712565078493
30.97603144190931, -16.998198798894098, -24.04683770319088, 0.31606062438231186, -0.3770253268830565, -0.8706075950758686, 0.28552659049192347, 0.9129040080288651, -0.2916861982454626, 0.9047542472059033, -0.15639109633722215, 0.39618376689274015
31.20411246998865, -17.076948600567977, -24.384299564531624, 0.3487033739309726, -0.3325790778248288, -0.8762403289065979, 0.2687947488209958, 0.9311355393256762, -0.24644672935736, 0.8978615372179688, -0.149591993094111, 0.4140856138369424
31.409226793190783, -17.13811406717525, -24.73864761724899, 0.33646420529815524, -0.31782678341201026, -0.8864411849068475, 0.2643088850462257, 0.9353586138791632, -0.23504271256023146, 0.9038432672973239, -0.15521082174908304, 0.3987191354490933
31.421869771260162, -17.257329582814553, -25.128524785127272, 0.2875625696659851, -0.33292459349275866, -0.8980361816623966, 0.27127975398504534, 0.9275548210219293, -0.2570006791368265, 0.9185396363820718, -0.16971525873255525, 0.35704574965742564
31.46433355434518, -17.442824757056723, -25.49726874416964, 0.21594199967527417, -0.37279396452680313, -0.9024376503607506, 0.28431639410099624, 0.9082006457406431, -0.30714129504461957, 0.9340948778478828, -0.19025311321675575, 0.3021100992844852
31.49093930022077, -17.637315711001477, -25.862756357852493, 0.13766659857692418, -0.42932711139636553, -0.8925951708676855, 0.29712730380445396, 0.8775720607502709, -0.37627469158105575, 0.9448615099421479, -0.2134139395882461, 0.2483771676689882
31.486028320658605, -17.849996728679752, -26.21880261237111, 0.06636304835502359, -0.49493321461178763, -0.8663931318328135, 0.30577632619472184, 0.836617406210675, -0.45450209456523016, 0.9497877574236719, -0.23476036441308512, 0.20685934145874968
31.453469325717503, -18.09077579428799, -26.554920731133386, 0.010428204160555463, -0.5645496638471136, -0.8253332233759264, 0.3093349691757549, 0.7867127108527027, -0.534223724134212, 0.9508959613979968, -0.24973343315003485, 0.1828389536288057
31.404304788936507, -18.3670029768833, -26.86024011443571, -0.026700780214761348, -0.6348088262272784, -0.7722077586244961, 0.3087630024624408, 0.7294740222958026, -0.6103548632606786, 0.9507641540604599, -0.25472613713462533, 0.1765279536338942
31.355701926565867, -18.683542881886527, -27.123590121224286, -0.04511537931420049, -0.7017051613400466, -0.7110376003405693, 0.3057806172371139, 0.6678989974217036, -0.6785345557635019, 0.9510325003234251, -0.24803386017199852, 0.1844353207407737
31.331622165464786, -19.028998678269254, -27.351849067524444, -0.047648077142193254, -0.7591931118727493, -0.6491190026717928, 0.30224246633917307, 0.6084349181260332, -0.7337959130072754, 0.9520394699201633, -0.2311552925847437, 0.2004696446452582
31.336456973763543, -19.39032592638205, -27.555532632110406, -0.03905427786261013, -0.800173169755893, -0.5984961668911813, 0.2996463970029072, 0.5620100524937672, -0.7709453532249411, 0.953250649170409, -0.20944593407072812, 0.2178201105440773
31.35931995157742, -19.768306184939426, -27.724460585448792, -0.023733135546835718, -0.8188313138499811, -0.5735433878407363, 0.29863517081003665, 0.5417034186555736, -0.785731786917218, 0.9540722053557454, -0.1899281065971492, 0.23167550861505884
31.364745129231505, -20.170692694884895, -27.821030314302657, -0.002802976214569516, -0.8119330187541887, -0.5837438790951481, 0.2986221852841973, 0.5564308255546833, -0.7753770223759692, 0.9543672950077613, -0.17649223617271098, 0.2409015499956879
31.302374564476487, -20.450430158378122, -28.09767406257765, 0.02643040515189905, -0.7794870825534882, -0.625860465132411, 0.2976771270444941, 0.6038136543946654, -0.7394575030392858, 0.9543006663091265, -0.16676018379340699, 0.2479945148247166
31.30931127099915, -20.635810628844357, -28.467524134358737, 0.06695531360477128, -0.7275045412126256, -0.6828280372795875, 0.29334480930178725, 0.6684708944672978, -0.6834438426862803, 0.9536591680657115, -0.1545438635633844, 0.2581673592829218
31.39644118919628, -20.825472966208956, -28.824456657340367, 0.11707420549902253, -0.6704010365075611, -0.7327046339804059, 0.28501039688178387, 0.7294242424423243, -0.6218595888194773, 0.9513478354818814, -0.1360247212348885, 0.2764680291406408
31.540169480317864, -21.03267725788477, -29.152885122257956, 0.16871828912402465, -0.6265153440156004, -0.7609288157430206, 0.2757824101598538, 0.7711681659172511, -0.5737976316805825, 0.946297099837828, -0.11304062804512838, 0.30289208515522276
31.682134673563734, -21.27136539111214, -29.45976470683462, 0.21071027379554047, -0.6082345703954313, -0.7652789608325148, 0.27070192347092886, 0.7885456648524788, -0.5521921794733258, 0.9393197800249646, -0.09080992136461467, 0.3308049410689097
31.800493369187688, -21.531184418204102, -29.75970591391901, 0.23430438264352088, -0.6158919352423933, -0.7521825445843702, 0.27250021564907595, 0.7843108256352038, -0.5573151364018674, 0.9331908104697805, -0.07438852663418241, 0.35159814897116554
31.901920901331916, -21.80719977735131, -30.051013084257708, 0.23746815885189876, -0.6396356992273361, -0.7310780025451772, 0.27953283435631193, 0.7657682999388564, -0.5791893518750846, 0.9303065452033625, -0.06682127717060354, 0.3606447682541275
31.982433082802977, -22.10661633379316, -30.32624846361566, 0.22567447142703956, -0.6658275531347616, -0.711157297953626, 0.2875662256386938, 0.7429901542094084, -0.6043767836538688, 0.9307935855054237, -0.06811240881407513, 0.3591434267079131
32.04031584250518, -22.42982296209122, -30.579609718177487, 0.20873985519195803, -0.6833101277140362, -0.6996534443693305, 0.292945212246536, 0.7262507195791393, -0.6218866415453981, 0.9330652578872887, -0.07514759925779402, 0.35176990043140083
32.09112025539865, -22.745178435502144, -30.840791768749142, 0.19538303726566697, -0.6874096147493037, -0.6994951681742031, 0.2944023741581955, 0.7214568342662079, -0.6267593464644937, 0.9354959705091523, -0.08347489347579437, 0.3433354501363702
32.132461524038106, -23.03958234928478, -31.126296091990945, 0.18889092551741588, -0.6816205163917788, -0.7069043003766344, 0.2931063174159825, 0.7261833144986386, -0.6218894439002906, 0.9372347117707578, -0.08972884362107986, 0.3369567178057271
32.17383286818017, -23.164543876441304, -31.285525281186683, 0.18766764479995598, -0.6780737693938721, -0.7106312815766159, 0.2922534371930675, 0.7292662205289533, -0.61867496154625, 0.9377466521102997, -0.09157916168759253, 0.33502906381465253
32.11775588171873, -22.89669566266298, -30.978964296165522, 0.1913184941081214, -0.685221218765163, -0.7027582195650119, 0.29394978322036247, 0.7231212335376412, -0.6250513631308245, 0.936477847445898, -0.08699174076304525, 0.339767094172041
32.05952162101196, -22.596393617568484, -30.698539387901523, 0.201254461153143, -0.6870130499176572, -0.6982189564232676, 0.2941417604223438, 0.7222933319523227, -0.6259177001753955, 0.9343325246621796, -0.07940662352757795, 0.3474439832524761
32.01303062952666, -22.269028763099993, -30.45126681032863, 0.21721326744229957, -0.6761320012521768, -0.7040340285311261, 0.2907297047021889, 0.7333331052760724, -0.6145720425710325, 0.9318232854199439, -0.07119040376960474, 0.35586133698436895
31.943184589305673, -21.95277922238036, -30.192910605118357, 0.23286955344212085, -0.6532404777488464, -0.7204503100909362, 0.2836980130984521, 0.7542251360370161, -0.5921654173741785, 0.9302081532881002, -0.06649302520117026, 0.36095909623659417
31.85849877328846, -21.66366726829795, -29.907728354335504, 0.23825445455538435, -0.6265990733984386, -0.7420299293834005, 0.27560522688735684, 0.7762440429726741, -0.5669981875295597, 0.9312768513159151, -0.06941748314117471, 0.35763758085170505
31.73793444726469, -21.404451810552626, -29.60831888249283, 0.22512102495228808, -0.6092643154974239, -0.7603403961291856, 0.27074687990480456, 0.788755240150453, -0.5518707259467698, 0.9359576118319914, -0.08162208645126003, 0.3425218005574221
31.612493785508704, -21.15004247859652, -29.306943010511507, 0.1915878374335543, -0.6138573841300815, -0.7658153906108884, 0.2724541522203079, 0.7828668292321118, -0.5593641592254305, 0.9429012861829426, -0.10148221340231502, 0.3172357559883812
31.466894965539176, -20.924521769212102, -28.992132895475436, 0.1433947808802804, -0.6457813303248341, -0.749936270772513, 0.28018926740956257, 0.7532547243202081, -0.595064109754386, 0.9491743313242247, -0.12479500668366048, 0.2889537939914203
31.34242022342663, -20.728161095396423, -28.650029771281144, 0.0911880006928606, -0.6984281122946892, -0.7098471106415212, 0.28957168070581735, 0.7006123306445424, -0.652143085436034, 0.952802702694974, -0.14608399674604827, 0.26613244002160574
31.2956763841283, -20.544071767745315, -28.28253308203031, 0.04523203241228201, -0.7552255034573656, -0.6539025173306973, 0.2960501251849289, 0.6353019056753487, -0.7132641951081367, 0.954100826234755, -0.16132553292284163, 0.252320601230496
31.329277376136943, -20.344562475890992, -27.92162880464076, 0.010532578118885106, -0.7987161870686248, -0.6016157555389712, 0.2984284336776522, 0.5767408951440371, -0.7604672312737465, 0.9543738967359033, -0.17152956708104947, 0.24443418919233664
31.370055531357036, -19.967192756597512, -27.78203398073316, -0.014071115610857813, -0.818670827453894, -0.5740906548459246, 0.2985952260626431, 0.5445091067404524, -0.783805284269833, 0.9542761102941144, -0.18244974363553174, 0.23678935020237668
31.346626372630116, -19.576610415242033, -27.646269032830578, -0.03206200033919657, -0.8125582935362299, -0.5819974636884078, 0.2989472649795406, 0.5478438647787311, -0.7813434792621973, 0.9537308639734282, -0.1990379848918126, 0.2253471093107362
31.330929553274437, -19.207980286059023, -27.456747774221014, -0.044421124512754685, -0.782164612822489, -0.6214863491222219, 0.30076124636701157, 0.582768012785502, -0.7549331864196981, 0.9526643881140852, -0.2204539900348432, 0.20935759335866744
31.339750251811015, -18.85374244888476, -27.241127773787802, -0.04809677166659142, -0.7320713777354767, -0.6795279232347502, 0.3039728999967239, 0.6373189236400901, -0.7081137377835701, 0.9514658042319932, -0.24061605821457122, 0.19187687694573474
31.37824609392973, -18.520552219194723, -26.99725392127424, -0.03812972208662018, -0.6690066873898353, -0.7422776950180278, 0.3074548428492713, 0.6989297422901197, -0.645731163063079, 0.9507984244318703, -0.2528384218625523, 0.17903934910495806
31.430243794521186, -18.22391213249011, -26.712304383030176, -0.010550667927900501, -0.5998076864007873, -0.8000746357314484, 0.30946656039305215, 0.7588784578988792, -0.5730043055121945, 0.9508517925548485, -0.25364192372625194, 0.17761374700083785
31.47248771924721, -17.966458053296453, -26.389940219763407, 0.03616137071800084, -0.5294644036460089, -0.8475610895620278, 0.308160119531296, 0.8126941948294539, -0.49453562704921766, 0.950646988107706, -0.24330144052652422, 0.19254794997471555
31.492591082975295, -17.740629016992877, -26.042645788236108, 0.100486521144068, -0.46137488224093576, -0.8814962717479441, 0.3020910012574488, 0.858302606401459, -0.4147983399240336, 0.947968082810616, -0.224610449181744, 0.22562504313737075
31.481065549647475, -17.538538785979615, -25.680580241493203, 0.1766787121717768, -0.39950153271712785, -0.8995460844348043, 0.29107242979444886, 0.89425343307792, -0.33998182016382816, 0.9402454324690326, -0.20176551436015916, 0.27427942674597805
31.443158009371135, -17.349170455438866, -25.313338328065424, 0.25358378359301664, -0.35024060689149533, -0.9016799775879062, 0.27746078529566076, 0.9193157460456348, -0.2790592619779411, 0.9266664865644842, -0.17941593116787308, 0.3303015990294321
31.414058943124118, -17.173757096199456, -24.939168331759124, 0.31582530619018045, -0.3218520769600117, -0.8925612676597643, 0.26662799649168717, 0.9329083376757044, -0.24205690442948088, 0.9105843659193297, -0.16153412658531546, 0.3804508358403379
31.316658384979156, -17.107566599741617, -24.555863392271764, 0.347845548442663, -0.32135199048358476, -0.8807589753393722, 0.26493197750301883, 0.9348280711266662, -0.23644772092354072, 0.8993411598080914, -0.15109392987752573, 0.41031220141399943
31.088483317732496, -17.04141999347001, -24.215746543287715, 0.3382120788955732, -0.35130714936753554, -0.8730383018472847, 0.2758154482922955, 0.9239728003625274, -0.26495301974793445, 0.8997435346655484, -0.15118713898174443, 0.40939470054467003
30.868805385324983, -16.947013530352255, -23.876776898307952, 0.282541423816823, -0.4089820634022664, -0.8677004181414153, 0.2971205852663433, 0.8973834892519292, -0.3262242036223222, 0.9120798767863197, -0.165639805099068, 0.37506499880446686
30.67540844482945, -16.820374576909376, -23.53244208180242, 0.1861126342183275, -0.487868590705748, -0.852846015167511, 0.32152002442112737, 0.8504617410435156, -0.41634084704418545, 0.9284325292020701, -0.19672077984803615, 0.3151411961255268
30.521283952428714, -16.65989161736064, -23.182555127692336, 0.06565917908780007, -0.5798590873681145, -0.8120666912256242, 0.3391756825615686, 0.778335785821179, -0.5283495631388577, 0.9384288617473412, -0.24074227569487053, 0.24777899049928492
30.419487997339516, -16.467762105788232, -22.82962762262367, -0.0537810463023263, -0.676195511003232, -0.7347565787100548, 0.3415883439801204, 0.678970671577413, -0.649858623390223, 0.9383096516158971, -0.28593435966458225, 0.1944647516843589
30.39017538775519, -16.24929147663404, -22.479031880036384, -0.1488786368741279, -0.7665359909502014, -0.6247061117521536, 0.3262684454578194, 0.5582907778935857, -0.7627976853776582, 0.9334795407404703, -0.3173861715591396, 0.1669789361625978
30.471379363295814, -16.01193953644301, -22.150848994009653, -0.20950460044216765, -0.8387283265804137, -0.5026356698297353, 0.29948615369994014, 0.4342979752707259, -0.849525345365142, 0.9308146250116526, -0.328511891515919, 0.1602000967448195
30.674222572267922, -15.762101740197181, -21.892369873344585, -0.24322543504080002, -0.8828887557287892, -0.4016825024280793, 0.2735033390752673, 0.3348894739486438, -0.9016900596951705, 0.9306112567898011, -0.3291754627035116, 0.16001938473208832
30.834019307062622, -15.409781768029218, -21.7803475377068, -0.2681234764001432, -0.8953754845298459, -0.3555454163760876, 0.26036911549370223, 0.2879756610222901, -0.9215627717935454, 0.9275331396236628, -0.33966565967391926, 0.15591508758985542
30.83918694347022, -15.0003272830963, -21.71559490489833, -0.2978134598013236, -0.8741312106980613, -0.38366882808576824, 0.2681784309219536, 0.3091116924142703, -0.9124309786504536, 0.9161809168223296, -0.3746259308915054, 0.14236551392197733
30.861855898493204, -14.586644726467835, -21.706066678844916, -0.3306732053278882, -0.8119033332435212, -0.48111143069588386, 0.3002754558218947, 0.3927833243940571, -0.8692271916529684, 0.8947010014016603, -0.431896095775376, 0.1139117225962874
30.963891171402143, -14.185967555499277, -21.690102965734486, -0.35326505287528964, -0.702372151660436, -0.6179621048162325, 0.3533931572648635, 0.5114224094927555, -0.7833009609766834, 0.8662084499792128, -0.4950964346877422, 0.0675458477191307
31.148354827325416, -13.833854899245258, -21.58154664195168, -0.35581029072894543, -0.5541201125586034, -0.7525622485013608, 0.416466884827089, 0.6268691773082047, -0.6584757917975077, 0.8366327574592114, -0.5477097181892752, 0.007726172870270304
31.342915557075404, -13.600521323438924, -21.30654538265016, -0.34497549890213375, -0.39133582333912176, -0.8531401869146216, 0.4756029480514205, 0.7107310381647199, -0.518327335951035, 0.8091932655194443, -0.5845662193120562, -0.059064323217889514
31.47181551621497, -13.46236080929817, -20.937834241561703, -0.34169474536097366, -0.23877038664331113, -0.9089738189050899, 0.5216460295229228, 0.7563354222328528, -0.3947684751329849, 0.781748118562283, -0.6090528971592336, -0.13388221534720274
31.571922021007047, -13.365117287682816, -20.547214336230635, -0.3683311437341584, -0.10989180516002368, -0.9231771009476774, 0.5515069577611434, 0.7735748267363418, -0.31212507586044264, 0.7484465539345714, -0.6241039805981934, -0.22432560554906525
31.661855305059316, -13.302605694399587, -20.147124054773055, -0.43645949703850884, -0.00846720506949949, -0.8996840633706941, 0.5632887693668366, 0.7771619974738964, -0.28057974265363217, 0.7015759900039958, -0.6292436222328317, -0.3344302530113246
31.745780939234823, -13.279355270381403, -19.741603885602007, -0.5406086941480707, 0.06347709694085968, -0.8388759729396704, 0.5523999625605333, 0.7788531274743388, -0.29705569711177543, 0.6345049418047423, -0.6239859485496466, -0.45611951815062535
31.837210273882896, -13.30434561013811, -19.33800303935878, -0.6597197320177797, 0.10141251429467037, -0.7446377489295195, 0.5133957163468151, 0.7844156785148728, -0.3480185077503669, 0.5488120931822927, -0.6118885072008503, -0.5695592516432207
32.00317856855801, -13.38082164542027, -18.96792527253999, -0.7672928676263162, 0.10072072319912051, -0.6333379754980989, 0.4460981684707338, 0.793323741662001, -0.4142871769708297, 0.4607147483821646, -0.6004105069314234, -0.6536429788420511
32.299535499885195, -13.474034585146295, -18.696762269884132, -0.8443209814692634, 0.06123123502730902, -0.5323277337391039, 0.35979536662108014, 0.8009679302029119, -0.4785370089600865, 0.3970760310177163, -0.5955678891977756, -0.6983047436096391
32.667051128743665, -13.55216565155848, -18.52222283074469, -0.883794256345395, -0.011187708969567639, -0.4677419669207614, 0.2709377703655822, 0.802799457125154, -0.5311362878102804, 0.38144519532983695, -0.5961441661272635, -0.7064783762806987
33.05645873100163, -13.608612866138975, -18.390822462453734, -0.8851039388255091, -0.10543621450498636, -0.45329264514927653, 0.19670332025569232, 0.7979706096152285, -0.5696935228617991, 0.4217805368624257, -0.5934021493567067, -0.6855472761691093
33.455040258167145, -13.636888808065038, -18.279588698694496, -0.8484722483431569, -0.20594827505072796, -0.4875245140453329, 0.14950145905192308, 0.7903924023139087, -0.5940784157885173, 0.5076850968197258, -0.5769446753095812, -0.6398364510553205
33.85469114002835, -13.607240121648863, -18.174637692646584, -0.7759552513718704, -0.29470006480998173, -0.5577143710443635, 0.1340552109572147, 0.786914905779504, -0.6023239423078341, 0.6163786565769731, -0.5421409437249939, -0.5711046741651997
34.221765047395074, -13.487137257821765, -18.026969451266627, -0.6748126363982513, -0.35623592237339907, -0.6463156143619115, 0.14666743294159892, 0.7935723319652355, -0.5905350269489351, 0.72326797929368, -0.4932939504494573, -0.48326442925007973
34.5261028126465, -13.30368021627054, -17.814519176155876, -0.5570615490150151, -0.38307919403679624, -0.7368397123561613, 0.17712383667268985, 0.8120350837008286, -0.5560810816071113, 0.8113627900583921, -0.440283265563327, -0.38450106498364184
34.77096602135168, -13.103872717177426, -17.5464167498006, -0.4355942218988333, -0.37737908571823164, -0.8172164337009025, 0.2131119417331965, 0.8388269033172002, -0.5009518205995295, 0.8745518704679881, -0.39237029950513336, -0.2849641625313529
34.96790787061474, -12.917124198336216, -17.23304383592957, -0.3210703748727124, -0.34825028540434316, -0.8807017390098021, 0.24489361318237093, 0.867779160843171, -0.4324192944686964, 0.9148447587441156, -0.35451525597936606, -0.1933339097941832
35.11962907696209, -12.75382455328384, -16.883463523211418, -0.22123946488451057, -0.3073461114740147, -0.9255222671224166, 0.26769853409058697, 0.8934448035386716, -0.3606852892418755, 0.9377582812342241, -0.327558774560455, -0.1153891467387065
35.22247301246436, -12.61653541092634, -16.506017094276274, -0.1412948250914916, -0.26510064699854463, -0.9538120461408095, 0.2813121992400584, 0.9130077704948845, -0.29543232317179163, 0.9491571097353096, -0.3100620227904626, -0.054427227212124445
35.27636669117789, -12.50463319561176, -16.11037601087058, -0.08389719607484894, -0.2286866211943963, -0.9698781829577717, 0.28809207785013274, 0.9261783735677678, -0.24330346281004206, 0.953920444885616, -0.29982669931487954, -0.011820964731079867
35.2920753030466, -12.414413766094341, -15.705770390295365, -0.048938366213776154, -0.20162928991256077, -0.9782385525840223, 0.290911774865872, 0.9340709626232756, -0.20707915401704588, 0.9554974492675082, -0.2947152290489647, 0.012944427754896237
35.288539968344146, -12.33905748830396, -15.297743965149342, -0.033774354857560654, -0.18448662485512643, -0.9822545383980262, 0.29191211426050895, 0.9381379189072049, -0.1862379194912207, 0.9558486336768576, -0.29302206462657837, 0.022168877735739917
35.28225077835097, -12.27108713975907, -14.88845301544928, -0.03426879876880206, -0.17594669878446167, -0.983803033446123, 0.2921960395479325, 0.9396057551550023, -0.17822036738852448, 0.9557442774630913, -0.29357074797473864, 0.01921176801093766
35.28194061830647, -12.20511916081165, -14.47877773259799, -0.046330144893188964, -0.17387549688700663, -0.9836771976906208, 0.29210408326782517, 0.9393342803920897, -0.1797952007661448, 0.9552636925019393, -0.29566606376547755, 0.007270249307211756
35.290288175157194, -12.1382835077243, -14.069331453877309, -0.0672946207256874, -0.17607284210376112, -0.9820742274873575, 0.29159782199725043, 0.9378587530245057, -0.18812673808307828, 0.9541709198187953, -0.2990306232626072, -0.011770391808727722
35.307163324898326, -12.069256989363204, -13.660516478414433, -0.096593733652302, -0.1806883233877938, -0.9787856662264809, 0.29047821313156025, 0.9354561271215627, -0.2013560079228391, 0.9519937280859596, -0.3037656399628415, -0.03787317867517036
35.33207645301635, -11.997393481720906, -13.252597426458703, -0.1354312056021404, -0.18640298741320838, -0.9730941962793643, 0.28841131869184083, 0.9321939996508258, -0.2187081577477841, 0.9478804248424927, -0.310271289839114, -0.07248742581985057
35.3657026722851, -11.922334952517883, -12.84589176557387, -0.18542319304643157, -0.1925589027969884, -0.9636074451944037, 0.2848530800365519, 0.9279751528453768, -0.2402516149691597, 0.9404663536108857, -0.31903477029192223, -0.11721711935815898
35.41089974824628, -11.843971706901355, -12.440944669414813, -0.24636784209976725, -0.19936958424728032, -0.9484485517181049, 0.27899833831618825, 0.922597837557195, -0.26640787779567093, 0.9281502106857004, -0.3302499038786446, -0.17167465564909726
35.47341212505251, -11.762659850291797, -12.038913893948681, -0.3138501817203738, -0.20816567015476573, -0.9263720187932629, 0.269927469640966, 0.9158497891446911, -0.2972512823468562, 0.9102951304754485, -0.3433456239602339, -0.23124999014063552
35.56162332223193, -11.679485295765469, -11.642161975187692, -0.37821654691732876, -0.22137887111303572, -0.8988568512631196, 0.2571350614138108, 0.907650628849185, -0.3317407061869175, 0.8892883693322701, -0.35659743601769894, -0.28636421703131026
35.685471575478964, -11.596219566936528, -11.255156324904771, -0.4264122484992862, -0.24180252017747308, -0.8716100822991929, 0.24136504290192165, 0.8982496614625545, -0.36727436848677586, 0.8717313292492913, -0.3669864941904936, -0.3246619822015419
35.85544813554741, -11.514754457160912, -10.885824537488693, -0.4462224616088605, -0.270900685368179, -0.8529351284961711, 0.22511305861262165, 0.8884598199152272, -0.39995407141104644, 0.8661464227241255, -0.3704753258494457, -0.33546744601965134
36.080349101619056, -11.435364813784497, -10.546795065160548, -0.4304785762122192, -0.30675200628061894, -0.8488765529010186, 0.21196365361769848, 0.8798213033928688, -0.4254243571319228, 0.8773594502638796, -0.3630670471674462, -0.3137239459999419
36.349176829600225, -11.347586633585594, -10.243358772700649, -0.3795437888661094, -0.3431177681644043, -0.8591953849404897, 0.2048288892748837, 0.8744755948427149, -0.439701671753585, 0.9022148516021977, -0.34287407483558463, -0.26162134919395685
36.5933554219381, -11.22109842569255, -9.933722753522554, -0.30180673404758945, -0.3709630781346764, -0.8782363519829804, 0.20436835499497805, 0.8746041695931147, -0.43966023473471505, 0.9312068893431654, -0.3121761380874332, -0.1881483139670447
36.75653279846312, -11.056655325324884, -9.590320464391326, -0.21148739018165194, -0.3818990330852072, -0.8996811725954575, 0.20878913237508348, 0.8816011466345318, -0.42330428352987237, 0.9548194499465402, -0.2773671696168501, -0.10671115791014528
36.855747680475076, -10.878197669003033, -9.229377572244877, -0.12394989687566334, -0.3712563649458268, -0.9202201554800479, 0.21494000730760415, 0.8953087987197349, -0.3901575940483951, 0.9687296920829461, -0.2461521204910416, -0.031175587478734598
36.91116045390244, -10.697626129057173, -8.860067500318063, -0.05137509061096408, -0.33950758912494183, -0.9391992317880615, 0.21981756860161158, 0.9135330050652886, -0.3422538315204945, 0.9741872697786556, -0.22403581317046814, 0.027696891851904146
36.93122045350677, -10.522263699987468, -8.484656833895727, -0.0011279617427574294, -0.29288315994839315, -0.956147573505759, 0.22185597390835324, 0.9322471164117423, -0.2858237932418634, 0.9750787940179415, -0.21244944942417557, 0.06392633960959838
36.921105379635506, -10.360000358344871, -8.102982374119804, 0.024110483284396425, -0.24348171853065292, -0.9696057638737265, 0.2215261236791103, 0.9470773263248494, -0.23231597984013563, 0.974856328452301, -0.20919175581923558, 0.07677205333820988
36.88683111857767, -10.220703281480393, -7.7137665381488345, 0.02627521029488043, -0.20707629029187205, -0.9779718929104845, 0.22060239690742062, 0.9553921043767709, -0.1963683003267739, 0.9750098439516705, -0.21058332529780596, 0.07078465443765183
36.83422090326862, -10.124479190581305, -7.3139892724925994, 0.011804002906703895, -0.19754074149012535, -0.9802236076359874, 0.2203317173014225, 0.9567116679599146, -0.19014920126144091, 0.9753535768460505, -0.21372982908543542, 0.054817518118992055
36.78192618046713, -10.116897091328001, -6.90372132458012, -0.009690083741751884, -0.2205122275189018, -0.9753360753051893, 0.2203087137914883, 0.9509438550700415, -0.21718622224272882, 0.9753820650927606, -0.21697958894601124, 0.039366039630652216
36.78200938023607, -10.152877592904186, -6.491248587666975, -0.028056382742701415, -0.2708001031273723, -0.9622266591264241, 0.21938003954502475, 0.9374692306454306, -0.27022923572827523, 0.9752359907410199, -0.21867497739629216, 0.03310614178838568
36.81778172876578, -10.08650313171613, -6.084178853803583, -0.03540351839897348, -0.3357014157312566, -0.9413029004316323, 0.2173113878844664, 0.9167697340461985, -0.33512537270787085, 0.9754600717511203, -0.2164204570110977, 0.040494866420413014
36.85479375568041, -9.95236130575927, -5.693471562495455, -0.0276092136228903, -0.40192633037679903, -0.9152556780883503, 0.2150955569799852, 0.8917679065284417, -0.3981003670600551, 0.976202659641222, -0.20785866793501978, 0.0618315572639377
36.88704947221248, -9.784492976028186, -5.315442620924216, -0.003921941956892402, -0.46111133325557885, -0.8873336219903702, 0.21390606719378083, 0.8664151075840122, -0.4511862761297978, 0.9768463608925287, -0.19157557175550058, 0.09523648207266254
36.91219797984029, -9.595154399835982, -4.947110956483144, 0.03443267062571309, -0.5108316324345419, -0.858990939706492, 0.21428372377728025, 0.843285255904197, -0.49290208246540734, 0.976164369825965, -0.1670958421949929, 0.13849946788136994
36.92662250064816, -9.389319781411427, -4.587150764284456, 0.08521246043186483, -0.5522319771175075, -0.8293242309471227, 0.2162467916276319, 0.8227617192121663, -0.525642919204469, 0.9726130585684647, -0.1345473777073678, 0.18952794372906467
36.924478146474115, -9.169358951923284, -4.2353724483560145, 0.1452435231754313, -0.5871572018804613, -0.7963358206532564, 0.21974211173432984, 0.8039123146900155, -0.5526648121784842, 0.9646852975484417, -0.09471753042414606, 0.24578622037092665
36.89780708939913, -8.936582338849284, -3.89301212078174, 0.2102047765433564, -0.6165771867158306, -0.7587137304279851, 0.22480460720882248, 0.7857412035254632, -0.576258318517003, 0.9514603725305877, -0.0494300910776867, 0.30377594638155103
36.83884623706889, -8.691521972791755, -3.5635741781817165, 0.2747717131237197, -0.6404820161203361, -0.7171354772241336, 0.2313493990966092, 0.7679710500972304, -0.5972419289954405, 0.9332620003003949, -0.0018036737472712507, 0.3591918506262625
36.744376042759214, -8.434208688699277, -3.252261569854086, 0.3332310822716542, -0.6585737970226232, -0.6747129757780465, 0.2388659170204863, 0.7512363434393373, -0.6152942629196668, 0.912085587811815, 0.043869239463416115, 0.407646133717563
36.61679425501609, -8.165421724289596, -2.9632278130303664, 0.38020879574814836, -0.6710022859864955, -0.6365510221786154, 0.24630615262188635, 0.7368406732682311, -0.6296023359218292, 0.8915012904176566, 0.08259391272071608, 0.4454252965033934
36.46043267573218, -7.887517792777069, -2.6978891942683365, 0.4111615454527543, -0.6786514183267996, -0.6085872459589717, 0.2523031319730021, 0.7262730404974617, -0.6394299025250433, 0.8759505197997868, 0.1093605186966285, 0.4698414241133787
36.28014807603549, -7.603925967428452, -2.4545742456862905, 0.42264030830892724, -0.6827905554429672, -0.5959632767129357, 0.2556420460554968, 0.7206928408336506, -0.6443981482435232, 0.8694954364923915, 0.11999536061451133, 0.47914381906678005
36.08339215478513, -7.318051738222568, -2.227135642122978, 0.41264940469557493, -0.6842708383530762, -0.6012436183311769, 0.2557577788876671, 0.7205467861556468, -0.6445155448080486, 0.8742473490625149, 0.11218622348731935, 0.472340792137222
35.87925690639589, -7.032213659527344, -2.006193290276873, 0.3814219929194145, -0.6829053181507686, -0.6230229448092419, 0.2530188909702268, 0.7253625088110263, -0.6401801868408381, 0.8890999404620263, 0.0865422281477164, 0.4494571599359053
35.67631703673237, -6.747264239089915, -1.78304657184191, 0.332526279481195, -0.6778583961411785, -0.6556937305139522, 0.2486520795835379, 0.7336731379262031, -0.632373204685572, 0.9097243630755285, 0.04724109933551138, 0.41251649877355967
35.48878388288981, -6.462588888397131, -1.5466656872638376, 0.2736063559552556, -0.6692496829939312, -0.6908287948496419, 0.24431155664330367, 0.743035653112205, -0.6230649095356317, 0.930296417961185, 0.0016970611779016653, 0.3668047092281487
35.346910256668004, -6.1804492257826436, -1.2782461008008479, 0.21592924135478142, -0.6599803026896337, -0.7195836037526482, 0.24147257964028565, 0.7501720963490995, -0.6155751937343343, 0.9460790432145798, -0.04083902448512769, 0.32135123785242947
35.25812332423458, -5.90811086325361, -0.978325867141363, 0.17261463499173627, -0.6561262496902026, -0.7346444937887573, 0.24098733140004425, 0.7513048436105799, -0.6143827293080164, 0.9550546025706358, -0.07098856552115906, 0.28780432532172484
35.19949589149387, -5.645096218679013, -0.6628552702648457, 0.15602378840362913, -0.6647304895250243, -0.7306093030806555, 0.24318181569420275, 0.7427512883306409, -0.6238454361449188, 0.9573500832860727, -0.08033616856058534, 0.27753723723701446
35.159143331757605, -5.388723625122631, -0.3391157128513632, 0.17447992230288986, -0.6892232412467184, -0.7032269053716198, 0.24853236172196871, 0.7218839501121564, -0.6458445848246852, 0.9527793143693234, -0.062087730638486854, 0.29724853542798946
35.134980933307425, -5.137675250169097, -0.009647620012288773, 0.2283889411384367, -0.7249969582901362, -0.6497829653320515, 0.2581217288764814, 0.6886300613071463, -0.6776147959910057, 0.9387287492388204, -0.012963376649872294, 0.3444129588420761
35.12786086861755, -4.889319329333764, 0.3226659303670026, 0.307544235119218, -0.7598102988879407, -0.5728043759860371, 0.2726847363433482, 0.6471080058128956, -0.7119650717403319, 0.9116246914220204, 0.06276574317791096, 0.4062030077104683
35.117412667002625, -4.623177561161432, 0.6401553639445462, 0.39352976500997167, -0.7813836899031592, -0.48432824943886976, 0.290600433927115, 0.6055569819145493, -0.7408455503382029, 0.8721729827577607, 0.1507987758831806, 0.4653751361424086
34.99913396878704, -4.297067996032197, 0.859002973000698, 0.4681266153594137, -0.786167026746044, -0.40348342970861195, 0.3074141419512395, 0.5729703116343559, -0.7597378280130669, 0.8284648558149723, 0.23161698565285316, 0.5099015146443119
34.77574959676858, -3.9641761413845047, 0.963122381930322, 0.521191219026312, -0.7798893716715282, -0.34660104033839223, 0.3183634833910825, 0.5544745104915441, -0.7688970735139122, 0.7918360977203318, 0.29039728850137614, 0.5372755430671359
34.524282365120726, -3.6442789007950998, 1.0443477281281628, 0.5517427311669996, -0.770540919223602, -0.31913422004922376, 0.3214815538869702, 0.549568964358464, -0.7711183851552136, 0.769564532131516, 0.3228631989186932, 0.5509353734052564
34.27339336109204, -3.329088966653395, 1.1436346160259816, 0.5642517398465035, -0.7627128321928522, -0.316052384405737, 0.3181419997990408, 0.5541192094858486, -0.7692448047550567, 0.7618435810873916, 0.33349818183482827, 0.5553137137409834
34.0291229617238, -3.0153640661581913, 1.262249802345986, 0.5648162570481337, -0.7572513210123287, -0.3279527901988631, 0.311178489498757, 0.5635194761757661, -0.7652540412463447, 0.764297418187062, 0.3301760693867336, 0.553925283550876
33.79076043289537, -2.7022647846746612, 1.3938996604005252, 0.5586978302380563, -0.7533320701602031, -0.3469114102410455, 0.3028541016547428, 0.5747076589412625, -0.7602568643985743, 0.772098521950526, 0.3196903170607399, 0.5492376294277522
33.55664856046819, -2.389571628699949, 1.5339021748765986, 0.549099568381904, -0.7499417991128063, -0.368886109722573, 0.29411423074648546, 0.5865399568009144, -0.7546308358054186, 0.7822956495310517, 0.3058728118343126, 0.542637392468821
33.325620927363566, -2.077385575196288, 1.6800122756976672, 0.5371378209922237, -0.7463193151216406, -0.393052720555514, 0.28494460028686674, 0.5991361355222129, -0.7482262130391225, 0.7939077629215396, 0.2899023473307412, 0.5344783372458072
33.097384018452004, -1.7660400736896888, 1.8321618923922365, 0.5226162713391819, -0.7419454867882495, -0.419987056426836, 0.27504438867206926, 0.6129990230861718, -0.7406637441885532, 0.8069837775268709, 0.27156784111883836, 0.5244312066215311
32.872621394312816, -1.4560469644287444, 1.9920519192993407, 0.5049335126481309, -0.7364654373219677, -0.4501786394699139, 0.26429233092080395, 0.6284119195523599, -0.7316064674269676, 0.8217004999519399, 0.25043386151772934, 0.5119484050019598
32.652980902733624, -1.148025019029706, 2.1625166690166777, 0.4836936982102847, -0.729647213269671, -0.4833790960307048, 0.2528879459360534, 0.645236701208772, -0.7209142017004974, 0.8379069716334278, 0.2264609096091975, 0.49661591125040805
32.44089019831705, -0.8426814408387888, 2.3467523763162, 0.4589330539373206, -0.7213691613303101, -0.5186588330351363, 0.24125672680991614, 0.6630129729169687, -0.7086670512396978, 0.8550880912354761, 0.20010080166108238, 0.47831373114501147
32.23907934735125, -0.5407541602174024, 2.54742432502599, 0.43105501731677415, -0.7115866124906736, -0.5548297621523953, 0.2298575597812806, 0.6811983040906736, -0.6950786809530165, 0.8725577770310862, 0.17208533763234515, 0.45719750908609647
32.04965778417129, -0.24291793037713327, 2.7655156551562947, 0.4006529999129383, -0.7002417234502174, -0.5908796005957834, 0.21901520161272225, 0.6994024273694821, -0.6803444613225089, 0.8896682050760845, 0.14317043454968492, 0.4335812629110634
31.87334422102799, 0.05045980193949478, 3.0000373151631123, 0.36845043036506353, -0.6871502561294413, -0.6261539793573483, 0.2088543701700663, 0.7175057097847296, -0.6645038814688566, 0.90588306774366, 0.11406174611829573, 0.40787962151568824
31.709960773596393, 0.33922272279304544, 3.2491982468119636, 0.33553320426902034, -0.6719770964710103, -0.6602001595359959, 0.19934840004452187, 0.7356060080098502, -0.6474133273106922, 0.920694131746615, 0.08561882268638576, 0.38077779999514694
31.55955833550379, 0.623100294730509, 3.5117826735230535, 0.3038279542660683, -0.6544271733094521, -0.6923970313632897, 0.19043753133274058, 0.7538024794838997, -0.6289001260802993, 0.9334999308336276, 0.05921905738970673, 0.3536537605843988
31.423110425596775, 0.9014271673376711, 3.7876013779338895, 0.27647570105926417, -0.6346743757488511, -0.7216298382769345, 0.18214261814731855, 0.7718952514149937, -0.6090991606441629, 0.9436022749963189, 0.03696156937671738, 0.3290115332491881
31.30250935398858, 1.1729911998585167, 4.077170604087074, 0.25760464195858823, -0.6138299840428401, -0.7462255685322999, 0.17461603543296458, 0.7891484227146368, -0.5888582232563917, 0.9503415641815638, 0.021389661450512992, 0.31047285512902933
31.1996693738619, 1.4360636516648921, 4.381075409199443, 0.2512565978081597, -0.5940601227204884, -0.7641745171432943, 0.16813462378055813, 0.8042859127792104, -0.5699604537080469, 0.9532055761188344, 0.014722129541301504, 0.30196421734657614
31.11418260802625, 1.6884284303318071, 4.699107597517529, 0.25982695388908145, -0.5780579219169486, -0.7735237507289482, 0.1630940294963928, 0.8157969171728592, -0.5548655039501814, 0.9517826913615056, 0.018011908291958256, 0.30624382374887366
31.03882188117806, 1.9278807098447293, 5.029477851630344, 0.2828972983158625, -0.5680164388844902, -0.77286896933605, 0.1600132445443355, 0.8224422376684553, -0.5458795904494862, 0.9457086655920949, 0.030758589952831265, 0.32355684039768506
30.956091630526206, 2.1545452676569146, 5.367009003161895, 0.31727599350200086, -0.564677589896587, -0.7618892067852782, 0.1594383140233296, 0.8237244398234456, -0.5441116349233389, 0.9348344067099352, 0.05115922894388364, 0.3513792329167318
30.848995698181707, 2.3739721043244555, 5.702415609072384, 0.35834963604628706, -0.5670389258289881, -0.7416551725297956, 0.16167307791173705, 0.8201034897660024, -0.5489007942717606, 0.9194821119652297, 0.07679272536075091, 0.3855587155124746
30.7152918305287, 2.5948388407461, 6.027153954950006, 0.40195586353916135, -0.5728783204355556, -0.714312196270947, 0.16652449234788974, 0.812833296242499, -0.5581860137694526, 0.9003894030999947, 0.10541566531825694, 0.42212138099217933
30.557413191365658, 2.8251559867076375, 6.33396773017282, 0.4456210044260349, -0.5797562450404848, -0.6821324041202625, 0.1733745499345285, 0.8034344140062695, -0.5695914393891487, 0.8782728424865087, 0.13555751077295497, 0.45854222861554284
30.381738129818107, 3.0659365818868136, 6.622602001129891, 0.4885361300809451, -0.5859246462144133, -0.6465483420163172, 0.18160598577967516, 0.7930451577428358, -0.5814625041304324, 0.8534352439022697, 0.16664839254896918, 0.49383863531149363
30.19435007431116, 3.311560510753858, 6.899593663730436, 0.5306363610717904, -0.5907109533480895, -0.6078532897855203, 0.19103300029903986, 0.7820437669585902, -0.5932233469427558, 0.8257914053229396, 0.19866584043516244, 0.5278261444253732
29.99296262773341, 3.5567404732145387, 7.16695547805025, 0.5717209750268043, -0.5942954933604351, -0.5656394552061209, 0.20198377044131666, 0.7701616463792512, -0.6050236317076472, 0.7951966317790272, 0.2316547107612497, 0.5603556119014176
29.77186220810191, 3.799898856246644, 7.4201647518865546, 0.6112807511562841, -0.5971093526544833, -0.5194191604459284, 0.21500987020569423, 0.7569311540527608, -0.6171109979075776, 0.7616472930300086, 0.26554782807791844, 0.5910818488358112
29.5293462306343, 4.04239765871454, 7.653620850167279, 0.6489386378999541, -0.5991952833310462, -0.46887488381697245, 0.23047970084203892, 0.7421195614480478, -0.6293946806384062, 0.7250915471444392, 0.3003723838004824, 0.6196924070131078
29.2685096944422, 4.28620351496764, 7.864938115203502, 0.6848488799964597, -0.5998213647414087, -0.41375879684587835, 0.24831497215276732, 0.7259352038896978, -0.6413717754613102, 0.6850705702132922, 0.3365002379692723, 0.6461005368162589
28.9937475371435, 4.532600018618491, 8.054504169278882, 0.719469800477785, -0.597535013060784, -0.3539987491035879, 0.267920366444591, 0.7090337712905523, -0.6522957829188327, 0.6407666372749541, 0.37446364220835304, 0.6702201856251438
28.708117490108044, 4.781857177800543, 8.223118309966939, 0.752748044642833, -0.5907503137534791, -0.29049001374669925, 0.2881866108750307, 0.6924494153645719, -0.6614093168935755, 0.5918774016625024, 0.41415923744548844, 0.6914862742237305
28.41246034339387, 5.033071693837596, 8.370160613761177, 0.7834398760703013, -0.5787926054869095, -0.2263207467657918, 0.3074952213146386, 0.6774888000402906, -0.6681733417973429, 0.5400635605663581, 0.4538810919763479, 0.7087477018620559
28.105196529381736, 5.283706389750959, 8.492171927507057, 0.8093701416664089, -0.5629471288845596, -0.16736338864736344, 0.32383708001122763, 0.6655171817406751, -0.6724703907368346, 0.4899484864643416, 0.4900789843367907, 0.7209528900855593
27.782362029150395, 5.528454534550908, 8.581163476896853, 0.8285525621203397, -0.5466478397046401, -0.12114780703781156, 0.33521843998656387, 0.6576094429765281, -0.6746691174205879, 0.44847435745736364, 0.5183878469392879, 0.7281104249005464
27.4400947793903, 5.75825228398486, 8.62575658902301, 0.8400982666303237, -0.5342045218348058, -0.09412986378388195, 0.34032055090586205, 0.6542066246686471, -0.6754225454267768, 0.42239415838273164, 0.5353869825564518, 0.7313986285694289
27.082385953875697, 5.968318472244072, 8.629179411131002, 0.8441503107551711, -0.5286830477094138, -0.08890718709212259, 0.3390818058512768, 0.6549765193576431, -0.6752994062123734, 0.4152514681401922, 0.5399073940546032, 0.7321654348933596
26.720095683024155, 6.17052405142319, 8.622842059921096, 0.8413842909913084, -0.5305166803942367, -0.1030753447558269, 0.3328299243830233, 0.6589226284242236, -0.6745703900896508, 0.42578952113484936, 0.5332663701884752, 0.7309789751543911
26.360646836900102, 6.37748227124966, 8.632896126507358, 0.8329271458263311, -0.5378387207464924, -0.13023778334791514, 0.323880279076712, 0.6646262089818806, -0.673330206629381, 0.44870250118624594, 0.5186535575894088, 0.7277805662622882
26.00796238185718, 6.593059716988182, 8.668370733315584, 0.8205600227875377, -0.5480059953974261, -0.16239051084158793, 0.31484983258535515, 0.6705101233826124, -0.6717780566246621, 0.47702288406730503, 0.5001055923001763, 0.7227333980287617
25.663764324422615, 6.816668061964073, 8.728904220311124, 0.8065770774545082, -0.5589790799413479, -0.19229094183780066, 0.3080341126236348, 0.6750823037236742, -0.6703572694163216, 0.5045279016913873, 0.48146263758163116, 0.7166905364436068
25.327634695126207, 7.046199708972257, 8.809476595692082, 0.7933015064399579, -0.5697022574404003, -0.21473718296421118, 0.3050261263911086, 0.6771523967406641, -0.6696444532789096, 0.5269077548289917, 0.465729502453609, 0.7109600892071124
24.998152806773437, 7.279837578189988, 8.904467023541178, 0.7827736863823602, -0.5795630208771891, -0.2266540552010429, 0.30651748556719455, 0.6760449918480853, -0.6700822337882769, 0.5415832225511932, 0.4550493092279443, 0.7068364303162619
24.673948377762695, 7.516798553050759, 9.008984800397492, 0.7768028693164915, -0.5875412547427504, -0.22665519230094966, 0.31215600522257225, 0.6718347599683282, -0.6717117564117695, 0.5469332049027115, 0.4510358403426642, 0.7052877002339083
24.354029855828994, 7.757408321260841, 9.118270770013343, 0.7770305829784641, -0.591691859251556, -0.21476549259968455, 0.32048042183061554, 0.6655300843434119, -0.6740637996934131, 0.5417709592986866, 0.4549400515774446, 0.7067628860737476
24.037776273428523, 8.00294784406308, 9.22725690311934, 0.7845975497363202, -0.5893748819295224, -0.19246800642788484, 0.3291084273729464, 0.6589862042153054, -0.6763318901885448, 0.5254467889138431, 0.4673055009353789, 0.7110072016623079
23.724890972702916, 8.255160021429035, 9.330539176863017, 0.7994656666602077, -0.5782461881508351, -0.16274518032979882, 0.3353107030379216, 0.6543503808145313, -0.6777848563933047, 0.498418880320323, 0.4872955212362483, 0.7170227993051049
23.414131071977728, 8.514726963805089, 9.421138767640086, 0.8199502482571056, -0.5575467465903697, -0.12970433974854034, 0.33686987449461087, 0.6531740256960809, -0.678146282017354, 0.4628177589949374, 0.5123527276422655, 0.7233909070733711
23.097358220083937, 8.774133974318142, 9.487898524216428, 0.843013966125828, -0.5289412676794795, -0.09771687808370993, 0.3328810118440688, 0.6557275076390593, -0.6776515828057486, 0.4225135321743793, 0.5387416552217702, 0.7288619513038372
22.760417008457598, 9.012803062065004, 9.527266301550325, 0.8652674599108465, -0.49633780712913206, -0.0704343952460454, 0.3240822426160339, 0.6610143023411791, -0.676779722008104, 0.3824695057653535, 0.5627689342124784, 0.732808435981026
22.4051037750811, 9.225526428291165, 9.552328801612623, 0.8840149425913886, -0.4647580297345673, -0.05017524362060569, 0.3125211014669982, 0.6674189541754678, -0.6759308402086555, 0.3476321941549693, 0.5818521405001169, 0.7352550198281096
22.03900017837099, 9.419970655563448, 9.570269271019983, 0.8977264273939561, -0.43892281191164306, -0.037868545549841384, 0.3007774305668507, 0.6734395330374706, -0.6752867040034749, 0.32190091459964404, 0.5948327164218945, 0.7365825416435438
21.665370492692134, 9.600080248348291, 9.581487105240251, 0.9058804895783567, -0.42222091453719984, -0.03331723170744439, 0.2912116757393391, 0.6780516397318932, -0.6748642335833015, 0.30753259748254813, 0.6016439754408429, 0.7371894114143092
21.285504688505224, 9.766953658179782, 9.586212167089394, 0.9085511085834873, -0.41626679600449873, -0.03545190595532807, 0.28554198346129206, 0.6806851170800025, -0.6746358625708944, 0.30496009373802924, 0.6028181532849957, 0.7372988642995186
20.901507857397174, 9.924182352304367, 9.58890236154763, 0.9061001080344828, -0.4209210123390871, -0.04252170729564701, 0.28471913947276895, 0.681053417603972, -0.6746119284357753, 0.3129178899292665, 0.5991591973268773, 0.7369468436874044
20.51729897659382, 10.080683261643282, 9.597047706453369, 0.8990725203260538, -0.43465197522798854, -0.05240480536139473, 0.2889399011935121, 0.6790339908017681, -0.674853000907685, 0.3289108339547986, 0.5915999490924864, 0.736089100273144
20.136734457712468, 10.245124406543328, 9.614416691088064, 0.888163139929952, -0.45516999944733016, -0.06313880322658902, 0.29773060260461065, 0.6746474211992071, -0.675431229172856, 0.35003246298374097, 0.5810947673765247, 0.7347150101809266
19.761949775958573, 10.421354302124694, 9.639877049395281, 0.8740930719605133, -0.4801634548961091, -0.07351433964108696, 0.3101111955539468, 0.6680847632311847, -0.6763828764320057, 0.3738881489733724, 0.5684239665254838, 0.7328723260819043
19.393659792993866, 10.609979480161114, 9.670745229609537, 0.8573870339018438, -0.5078606171157243, -0.08345698101317883, 0.3248125694902155, 0.6597240732019917, -0.677687938463521, 0.39922959409112246, 0.5539329750255069, 0.7305983783045435
19.03204037762386, 10.810601165240938, 9.704723328114879, 0.8381870260864775, -0.5372134106945057, -0.09404392947066245, 0.3404644038848474, 0.650123642804859, -0.6792814135198133, 0.4260592669895141, 0.5373462574877734, 0.7278272463821628
18.677285374145217, 11.022853523965209, 9.74039326044233, 0.816225168470392, -0.5677003793229672, -0.10720426144533346, 0.3556927379531282, 0.6400191503374605, -0.6810713350073709, 0.45525723555248143, 0.5177757878830125, 0.7243266410668865
18.329908629492216, 11.246759832943567, 9.77737065776941, 0.7909628559605066, -0.5989049426592421, -0.12526224550569426, 0.3691377101836288, 0.6303501301354872, -0.6829319617345212, 0.48797040013835485, 0.49393479640181676, 0.7196619383379321
17.990931655055164, 11.48282865657343, 9.816537250266181, 0.7618256398824803, -0.6300601393071417, -0.150485598227587, 0.3794409043668211, 0.6223179089560917, -0.6846495602027409, 0.5250202800949106, 0.46448319781105407, 0.7131683282649889
17.662035542036794, 11.731972357076456, 9.860355024538064, 0.7284713477521303, -0.6596911497463082, -0.1847622322082866, 0.38522910434387614, 0.6174698137814356, -0.6858057787997518, 0.5665051038345638, 0.4284140707482811, 0.7039412982019716
17.345597187561996, 11.995120237482478, 9.912979080341549, 0.6910816980450634, -0.6853816455037237, -0.22947349876131612, 0.3850755499324566, 0.6178175753200172, -0.6855787806444356, 0.611655873405437, 0.38542631414098194, 0.6908861330901999
17.04441437821065, 12.272553268410284, 9.97972408356155, 0.65071655343949, -0.7035926308615051, -0.2855264906750633, 0.37741156989952346, 0.6259848074677716, -0.6824247414371156, 0.6588842644849007, 0.33630407463621775, 0.6728826758040877
16.761163989428415, 12.563184706904442, 10.06587469565693, 0.6097418366863867, -0.709478626523709, -0.35334822923051884, 0.36043014583746724, 0.645245312816859, -0.6736086373106092, 0.7059072195167676, 0.28337001392861827, 0.6491505469767401
16.49782896675523, 12.864294866686222, 10.17583797743276, 0.5720941495272465, -0.6968829600396051, -0.4325071376094673, 0.33214753140491055, 0.6790001573006125, -0.6547035999346325, 0.7499241971414982, 0.23089592112504168, 0.6199199723750624
16.25550300717764, 13.171599026139312, 10.31342284088272, 0.5427075201068058, -0.6590764965673022, -0.5206598883072249, 0.2908645124587728, 0.729008328087617, -0.6196327081191064, 0.7879507491027858, 0.18483784583106444, 0.5873402657207237
16.034552595660713, 13.47911228544513, 10.482776646518532, 0.5254691925902927, -0.5910393757613623, -0.6120086469471857, 0.2362014380098256, 0.7923862976457037, -0.5624347393124156, 0.8173683431113518, 0.15098480586785387, 0.5559789385187627
15.834980466990746, 13.778355306217009, 10.689274125901884, 0.5204673681177633, -0.49364445672314916, -0.6967272558692357, 0.17063509011772207, 0.8596235425520853, -0.4815921833986927, 0.8366584636188685, 0.13176689810688458, 0.5316390691232206
15.656209641901302, 14.055888664427327, 10.940103551527642, 0.5231622990400477, -0.37790077944471984, -0.7638666177797042, 0.10075184434969801, 0.9174515528381781, -0.3848788303543724, 0.8462566246259262, 0.124393123161567, 0.5180502641509273
15.491512671824218, 14.288273631010677, 11.241039952155683, 0.5272765209383148, -0.26411770307226234, -0.8076021974902119, 0.03637318143541668, 0.9566074744558651, -0.28910055601371254, 0.8489148733173741, 0.12306087411929006, 0.5140034621688293
15.311954407587024, 14.44215633286907, 11.580665039609956, 0.5290145382097573, -0.1728217023531122, -0.8308286691962968, -0.013479256457110528, 0.9772085768078146, -0.21185303174278358, 0.8485057029908996, 0.12327228645976245, 0.5146280359472282
15.0789670007662, 14.46786021608384, 11.918828666180419, 0.5285630449223344, -0.11361825500893041, -0.8412562033478005, -0.04525341667027256, 0.9858221824423294, -0.16157584251461993, 0.8476869916555857, 0.12347273680196866, 0.5159275602684305
14.843538260555759, 14.316908920266401, 12.216921667757656, 0.5287112987448993, -0.08182226194382303, -0.8448487912223572, -0.06211861691397498, 0.9889439613597678, -0.134651842626623, 0.8465256286800634, 0.12367278900569209, 0.5177831604517252
14.638390408595125, 14.400170678717343, 12.566974191564372, 0.532911296290475, -0.06456292267614365, -0.8437044383559447, -0.07095155608485054, 0.9901640983999478, -0.1205857990351966, 0.8431912161396987, 0.12412367725511847, 0.5230887933893473
14.444058689473435, 14.479096037983995, 12.92484155998247, 0.5435211222085897, -0.05008150866738528, -0.8379001325949972, -0.07788459591619283, 0.9909033092779993, -0.1097479903272993, 0.8357743591616619, 0.12490986410811691, 0.5346763005935508
14.239431507579688, 14.521103109563326, 13.28324215449196, 0.5605637425811856, -0.033331660357549926, -0.8274402038342005, -0.08566698523644031, 0.9914946838063237, -0.09797683207931167, 0.823668293759007, 0.12580656740252896, 0.5529405478480659
14.020122560296869, 14.538381350254141, 13.635020171584655, 0.5819123117228137, -0.015611568741502574, -0.8131016789964465, -0.09381121859064452, 0.9918529188565673, -0.08618145172974322, 0.8078227012977224, 0.12642810714843866, 0.5757068846130934
13.787931073429368, 14.541791177673298, 13.978879935935648, 0.6046290356967867, -0.0008709791849796575, -0.7965067297817597, -0.10030444326717679, 0.9919552301501423, -0.07722590264049926, 0.7901662786105438, 0.12658618713365805, 0.5996775711778181
13.544115648346395, 14.53749858757729, 14.314594636382067, 0.6261115275553003, 0.007500879840691282, -0.779697436101969, -0.10322793050254353, 0.9919493954204693, -0.07335115056444162, 0.7728702021856778, 0.1264125536747868, 0.6218452515271695
13.288829021099863, 14.52863429965663, 14.641581143086578, 0.6443576705696732, 0.007836357172328924, -0.7646841072523296, -0.10150973274620372, 0.9919752857332953, -0.07537112611697891, 0.7579571007226061, 0.12618884261540295, 0.6399823509000591
13.02257367362928, 14.516687078613385, 14.959603827701784, 0.6576713065829157, 3.160276174444202e-05, -0.7533050188992411, -0.09503099016335845, 0.9920143941910465, -0.08292498191945928, 0.7472868013059593, 0.12612470304835777, 0.6524224060184257
12.74773685577012, 14.502791495332627, 15.27017033583937, 0.6643953505179973, -0.014871145626456896, -0.7472333418938318, -0.08452467592215782, 0.991892434597907, -0.09489455910478266, 0.7425862895114087, 0.12620715992047998, 0.6577517429961586
12.468912021517324, 14.488647887231798, 15.57716831146388, 0.663007332892637, -0.035124905548527985, -0.7477884176294783, -0.07132600251693216, 0.9913904858594234, -0.10980667517219019, 0.745207271767759, 0.12613938939769487, 0.6547938427832306
12.182777291112766, 14.491372709735092, 15.877138505958069, 0.6525491452765192, -0.058892246897616844, -0.7554543773479866, -0.056873107129284485, 0.99035654744379, -0.12633035510389834, 0.7556090673650926, 0.12540180297972697, 0.6429069334865574
11.893621394367075, 14.510265794481036, 16.174136166630376, 0.6331092238741731, -0.08485743935824706, -0.769397118288731, -0.042157031145023255, 0.9887177294764358, -0.14373599460120975, 0.7729136403056164, 0.12343608226334342, 0.6223889766255484
11.611790173709512, 14.540442713890187, 16.477165802192346, 0.6060379593243191, -0.11241192975225951, -0.7874525699414462, -0.027532878603324644, 0.9864060661419823, -0.16200312735905373, 0.7949590759616683, 0.11986088072291251, 0.5947044953743819
11.33918693525555, 14.575959003548965, 16.788023801686847, 0.5737118600263941, -0.14129381486428544, -0.8067780113179538, -0.01301150759617996, 0.9833116110112446, -0.1814634297056716, 0.8189538462789768, 0.11460512000590417, 0.5622990877934113
11.09284051575783, 14.617887041140644, 17.11925797226857, 0.5389017347203688, -0.17105118642609854, -0.824819017686669, 0.0013067718445690423, 0.9793349232332176, -0.20224094660363465, 0.8423676232279605, 0.10791014668701014, 0.5279888138770219
10.859755441080885, 14.676288577893585, 17.457439023689176, 0.504047624596298, -0.2007826106972666, -0.8400132947640884, 0.015044180035625056, 0.9744960324373101, -0.2238998780950914, 0.863544825000929, 0.10021889046248203, 0.49421302007189577
10.643887671628853, 14.750409314401685, 17.803969624951865, 0.47077293942971676, -0.22923242177935688, -0.8519538346095258, 0.02763802309509405, 0.9690134088841066, -0.24545702899326083, 0.8818213986857539, 0.0920082072859506, 0.4625208218144631
10.448129782782813, 14.842232774822193, 18.15805957977462, 0.4397202965583364, -0.254961378908672, -0.861185668749566, 0.03848351471167378, 0.9633281896797135, -0.26555191218261365, 0.8973099129565465, 0.08362711422376562, 0.43340676722510946
10.25385806852528, 14.941606143160536, 18.510978630033712, 0.4105646796504977, -0.27637121384475966, -0.8689393511525751, 0.046980024776150604, 0.9581062501459641, -0.2825336983498986, 0.9106204045020716, 0.07517556510737627, 0.40634851213615897
10.075189260563313, 15.052949184401726, 18.868490880724384, 0.38212332418970624, -0.2917054411165093, -0.8768635587896394, 0.052560761914789, 0.9541967396064975, -0.2945266514787191, 0.9226153756669925, 0.06645688638021438, 0.3799530903091877
9.925190676216086, 15.173306667365338, 19.23621356749953, 0.3526850011544674, -0.29932341609778784, -0.8865770031622882, 0.05485223985734595, 0.9524426519590112, -0.2997402650828178, 0.934133032144408, 0.057083161307309185, 0.35233079762044395
9.760689967215841, 15.306989572958033, 19.592908641636722, 0.3206791929893842, -0.2983224918613119, -0.8989819497817155, 0.05395063670167539, 0.9533182578869569, -0.2971087813896811, 0.9456501382557723, 0.04677595567206518, 0.32180401797958313
9.607183520110686, 15.448730472991505, 19.951321498287335, 0.2855272529891987, -0.28919888734953053, -0.9136948020845012, 0.05059683671056025, 0.956602839961899, -0.28696858136687065, 0.9570340369680312, 0.035707284027532746, 0.287768729976087
9.472018566633365, 15.585278803777696, 20.318401510420067, 0.24822997778153613, -0.2740740425150536, -0.9291207119368476, 0.046021924039958445, 0.9613943102275719, -0.2712986597270828, 0.9676072863709938, 0.024584537447504586, 0.2512603030330376
9.349403630017253, 15.715115340921306, 20.69240492104221, 0.21125445396229647, -0.2562213066928597, -0.943250866778131, 0.041491222083979755, 0.9665114315470134, -0.2532471740788449, 0.9765500674164485, 0.014362962283123192, 0.21481077985842276
9.254815506608505, 15.819818421961541, 21.082610625043532, 0.17767269427629523, -0.23908053485984856, -0.9546061552073352, 0.03785783654160413, 0.9709823258701125, -0.23613578098258609, 0.9833611736900086, 0.005815556636764752, 0.18156811774101003
9.18084869290419, 15.918230186754666, 21.478708701474066, 0.14999854333906484, -0.22530600797357517, -0.9626721351359298, 0.035418305476863934, 0.9742877826495234, -0.22250586557891552, 0.9880516082843579, -0.0007206600350741013, 0.15412170520665677
9.127851591441436, 16.004811662464643, 21.880563295921664, 0.12931605508548094, -0.21630845112314326, -0.9677231070248532, 0.03406910547987123, 0.9763104842819077, -0.21367530117687555, 0.9910179887110679, -0.005337813591142864, 0.1336220558034337
9.075219334002497, 16.093437986686087, 22.281856980548955, 0.11501440101932749, -0.21231181228106644, -0.9704099040735799, 0.03354732471725177, 0.9771656700034034, -0.20981379928668925, 0.9927971920601311, -0.008423047710245556, 0.11951061753999243
9.0257751584954, 16.179818267616533, 22.68425576255428, 0.10512120717844853, -0.2126501304902752, -0.9714573865094724, 0.03358362312107847, 0.9770717325881325, -0.21024502285496832, 0.9938921833173894, -0.010523848140947208, 0.10985252186863631
8.9880387852225, 16.259545479639375, 23.089233731102453, 0.0970880038080409, -0.2161199813604711, -0.9715277006721524, 0.033949447369558766, 0.9762902547219388, -0.2137867478546634, 0.9946966143201009, -0.012226699952215443, 0.10212322590090417
8.960366490697574, 16.336952690079332, 23.495870188838524, 0.08875858928581751, -0.22138170747383784, -0.9711395638238407, 0.034462295677659065, 0.9750864775699171, -0.21913172165826894, 0.995456811220164, -0.014017876310609688, 0.09417662204137123
8.904946215253977, 16.429583325640166, 23.896609235518884, 0.07906839140617819, -0.227363424189077, -0.9705946954426741, 0.03499447574407788, 0.9736759419434785, -0.22523442620495884, 0.9962547747177108, -0.01615652875767967, 0.08494345431324134
8.851115259080391, 16.53107958780654, 24.295261485227112, 0.06808190158557419, -0.23350043878817783, -0.9699703087013647, 0.03547987186072183, 0.9721778123948305, -0.23154152927703664, 0.9970486614851048, -0.018650634652216665, 0.07447227979477053
8.827544591668547, 16.62550504528749, 24.698383848283818, 0.05643526453439634, -0.23970939136578287, -0.9692030069123696, 0.03590062905681137, 0.9706095675633887, -0.2379668300157331, 0.9977605954086672, -0.02136527662955754, 0.06338232564591287
8.81769410325169, 16.708749692557298, 25.104495243375595, 0.04469252868766895, -0.24619174436585012, -0.9681901687610766, 0.03626048264495902, 0.96891971069515, -0.24470343607064726, 0.9983425039924207, -0.02417062747482239, 0.05223050344020099
8.782770092743105, 16.819768181036398, 25.50284390434527, 0.03305646135501769, -0.253226350109439, -0.9668421204999997, 0.03656280480619536, 0.9670296624423154, -0.252025382176886, 0.9987844770857166, -0.02701939242383571, 0.041225244276516915
8.756773281929167, 16.925281810048062, 25.90324440802311, 0.021442027889286078, -0.2610220185022731, -0.9650946820374642, 0.03680031984510658, 0.9648685062314308, -0.26014323389630034, 0.999092576240707, -0.029937794503376573, 0.030294431187607114
8.755231273711784, 17.023401182342965, 26.306515443125747, 0.009649386363652007, -0.2696510568573953, -0.9629097553138064, 0.036954723434807116, 0.9623929348159683, -0.26913600173920277, 0.99927035268673, -0.032987066435149426, 0.019251381491756737
8.755461620156076, 17.128613047044574, 26.707853003084104, -0.002552513403920063, -0.27911438445263986, -0.9602544689127704, 0.03700132643046436, 0.9595736627120686, -0.2790148520629889, 0.9993119565569648, -0.036242878210337164, 0.00787827781444903
8.73794475246871, 17.240205076355146, 27.10695932481246, -0.015407852042835108, -0.2895609129438679, -0.9570355666277717, 0.03690911400793416, 0.956332147351596, -0.28994230675262755, 0.99919983756933, -0.03979072300171508, -0.004047587482113456
8.730508558020729, 17.36986887455068, 27.498864336198636, -0.029047769425658735, -0.3015573445243704, -0.9530054538431582, 0.036626767774942, 0.952446400047764, -0.3024968345593306, 0.9989067558955412, -0.043692367748437634, -0.01662137259016388
8.771016031420755, 17.473745156613862, 27.90087760697521, -0.043148078479972984, -0.31615692687636177, -0.9477251927175836, 0.03606067474288063, 0.9474976777958023, -0.3177228010525059, 0.9984176836677996, -0.04788473827491301, -0.029481872053328254
8.754492733103701, 17.60604268882661, 28.292788981356516, -0.0566189724238098, -0.3344497843054533, -0.9407112382339798, 0.035081639626725364, 0.9409743953079923, -0.33665481718796003, 0.997779319550557, -0.05206274246324292, -0.04154395653321439
8.775643491158775, 17.734157641168874, 28.68651008117898, -0.06787080340782857, -0.3565040736066695, -0.9318253052727352, 0.03361224500536028, 0.9326317083067234, -0.3592607877943018, 0.9971277606357551, -0.0557040587635505, -0.05131556105891658
8.803156612740413, 17.86799652852239, 29.076703007128955, -0.07584410087607459, -0.38025082908569785, -0.9217683978863342, 0.03177834769473773, 0.923039670244522, -0.38339001522297966, 0.9966131691785396, -0.05837014763150472, -0.05792337080474655
8.845206423842356, 18.000088613351405, 29.46787726763025, -0.0810991765667632, -0.40139702460676235, -0.9123066108480369, 0.029976631290209603, 0.9139252881581393, -0.4047739730288409, 0.996255150619902, -0.06017471480530854, -0.06208605770554276
8.897512704071326, 18.147300429448496, 29.853333274650538, -0.08586677543467675, -0.41494397370441116, -0.9057860650080921, 0.028733947768084644, 0.9077343002150889, -0.4185603904560055, 0.9958921915157845, -0.06196724053413788, -0.06602123884381844
8.928406878101397, 18.33614148902729, 30.21731190192528, -0.09274905199793981, -0.4175010970966546, -0.9039305544545849, 0.0284692522729214, 0.9063606533274984, -0.42154462133298687, 0.9952824297798613, -0.06483209099543434, -0.07217814730689273
8.929898568910874, 18.572310530845435, 30.556226762129278, -0.10299192877720444, -0.4088904228852876, -0.9067531553181616, 0.029346446591714433, 0.9099549381280853, -0.4136674952770065, 0.9942491884226967, -0.06921439625542697, -0.0817185332210866
8.983936275673527, 18.71139250553193, 30.947904181612813, -0.11558162745889913, -0.392290130196458, -0.9125510074206253, 0.031213642541420693, 0.916820049651515, -0.39807876742711384, 0.9928074314353458, -0.07449463274249918, -0.0937227495291912
9.006962891977516, 18.934095089301742, 31.28840668180474, -0.1276269239886241, -0.3731986953127617, -0.9189309561060909, 0.03356433018958358, 0.9243518819283921, -0.38006188195393203, 0.9912541571222422, -0.0793494309512825, -0.10544602313781724
9.073358552243102, 19.022070429307977, 31.70025384286061, -0.13558149784094722, -0.3577237687773185, -0.923932553109239, 0.0356175413295583, 0.930180860871898, -0.36536961671333884, 0.9901257739261424, -0.0824455657956599, -0.11337407326100218
9.120174418237163, 19.229632526449087, 32.044888294823586, -0.1366182145173807, -0.35046888215849625, -0.9265565423117237, 0.03664905369351218, 0.9328979159571317, -0.35827130120372547, 0.9899456097813925, -0.08290380595252902, -0.11460649472491691
9.196899142606076, 19.322634491893716, 32.45369906750498, -0.12970230980392955, -0.3525129913152298, -0.9267750006261035, 0.03645316165985562, 0.9323431087844929, -0.35973253189983745, 0.9908826761209049, -0.08044201921916085, -0.10807684167951176
9.265955375818663, 19.465245789769266, 32.83723014506943, -0.11608937989489453, -0.3606353313117662, -0.9254541661720863, 0.035524724514723355, 0.9296502130894888, -0.3667267037601994, 0.9926032690978667, -0.07544957993468661, -0.09511104596158883
9.33174998579797, 19.56592842763592, 33.23701640787806, -0.09900067101072724, -0.36879345786155016, -0.9242241354660388, 0.03469153383478869, 0.9269431699840313, -0.3735945089266507, 0.994482460689788, -0.06904885993610996, -0.07897398509577701
9.397192630606153, 19.73054207419041, 33.61033425328061, -0.0824847797532794, -0.37125108072560736, -0.9248615551362925, 0.03451714623994778, 0.9264029218294759, -0.3749482538181235, 0.9959943914121722, -0.06285110568540957, -0.0635996131247544
9.405956692430479, 19.91993652472043, 33.97835165011623, -0.07004453965316254, -0.3651753373064605, -0.9282999167768407, 0.035063652725267125, 0.9291092047164637, -0.36813941105062636, 0.9969274310211043, -0.058335741481985025, -0.052274645320734656
9.433950400281336, 20.09229806438914, 34.35353760736599, -0.0637718406683402, -0.35086126815611, -0.9342534574972994, 0.03613037851056005, 0.9347335547680771, -0.3535078179323872, 0.9973102566836739, -0.056298775284373666, -0.04693292889884569
9.458289219922957, 20.2474935690634, 34.735519149342956, -0.0640865599880089, -0.32965069438050154, -0.941925332775033, 0.03759461534863149, 0.9423980929877528, -0.33237400504527315, 0.9972359589012482, -0.05671202718559775, -0.04800196086420057
9.477779439468627, 20.386611878385125, 35.12615811154925, -0.06958041928744174, -0.3013754346884808, -0.9509634128703969, 0.039576202033201904, 0.9516894033219709, -0.3045012378255597, 0.9967909958885117, -0.05882284395538949, -0.05429165262348263
9.487030105920788, 20.52467929694495, 35.51765201724965, -0.07685678098076311, -0.2636146092781751, -0.9615614244510801, 0.042407601871943285, 0.9626769642095064, -0.26731004074639525, 0.9961398649390285, -0.061322103319144644, -0.06280898919557923
9.524576622438982, 20.64081532476998, 35.91407908218333, -0.08117412765279552, -0.21387861403441885, -0.9734817406908688, 0.04637143548160624, 0.9748368694899124, -0.2180430412888302, 0.9956206360713818, -0.06284119939835162, -0.06921367413303331
9.542765107512249, 20.774856564103764, 36.304965865707636, -0.0786334723309426, -0.15357712957241382, -0.985002965630803, 0.051217599924655445, 0.9861351514508037, -0.1578423914259357, 0.9955870300918634, -0.06286118313711875, -0.0696773791661598
9.574351093929899, 20.890921409291252, 36.70151788279712, -0.06897510717096503, -0.09062647808475803, -0.9934934705677269, 0.05595058652578839, 0.9939463774105238, -0.09455226438280888, 0.9960481747677541, -0.06210829495686708, -0.06348695330047462
9.65634409214116, 20.96790941829095, 37.10030020986352, -0.056423573016679496, -0.03754868316769475, -0.9977005947679913, 0.05943144765719853, 0.9973942244486421, -0.04089821592516174, 0.9966364851024676, -0.06160241414801501, -0.0540449732513148
9.736173113609713, 21.05556058941623, 37.497626636270454, -0.04700558917601803, -0.005201016941900851, -0.9988810860202457, 0.061229874346565044, 0.9980909998523132, -0.008078273411677085, 0.9970162371163868, -0.061541087385420905, -0.046597397885511954
9.775261878967285, 20.98241466946072, 37.66835021972656, -0.06590036653899017, -0.008726618405928498, -0.9977880475437778, -0.020614995748920558, 0.9997602329095658, -0.007382319613973133, 0.9976132334929698, 0.020082898789969918, -0.06606446500118729
9.914093971252441, 20.955835554334854, 37.61064147949219, -0.13975553209245256, -0.0706973724179911, -0.9876589860790754, -0.343580996989178, 0.9389389824566201, -0.01859262572229267, 0.9286659731881415, 0.3367424368215546, -0.1555121907954597
10.052926063537598, 20.929256439208984, 37.55293273925781, -0.18850969048223265, -0.15263388057128408, -0.9701376165761455, -0.6292751110163111, 0.7771826263211283, 5.796897306620252e-08, 0.7539740918955391, 0.6104834672997663, -0.24255515847730957
9.968899401204986, 20.87752711401017, 37.11564119109169, -0.18478543827698746, -0.15772229650179467, -0.9700402151390332, -0.6304511927085696, 0.7762048477859087, -0.006109655145449323, 0.7539135463785777, 0.6104340353059079, -0.24286756293713258
9.888743973641276, 20.764826864384247, 36.68113453497383, -0.17617757064836634, -0.16845758051172322, -0.9698368456439341, -0.6329336326570358, 0.773961502545017, -0.019457883487876595, 0.7538942102523458, 0.6104143151552033, -0.24297712567564062
9.799922069936862, 20.695043247652364, 36.23251545425895, -0.16237996746546907, -0.18360746600535785, -0.9694952524860575, -0.6363909011271898, 0.7703645971293571, -0.03930659553111535, 0.7540818040030117, 0.6105953536646137, -0.24193789896324377
9.744348735728614, 20.57999893775016, 35.79784108707522, -0.1446148873479084, -0.20052613884265508, -0.9689560371854896, -0.6401175120067027, 0.7656957772846149, -0.06292493520742135, 0.7545436403414322, 0.6111458453506541, -0.23909130166305476
9.710419109028862, 20.472753107170533, 35.35335297689211, -0.12551227109538846, -0.21653098785027503, -0.9681740551703819, -0.6434200323966675, 0.7605885815061607, -0.08669297314729563, 0.7551538463883695, 0.6120615499956115, -0.23478357545156459
9.67153873568322, 20.344976443030525, 34.91611385275064, -0.10848157823181623, -0.2297447944094422, -0.9671861644099845, -0.6458857677703428, 0.7558832042712461, -0.10710815324870596, 0.7556873177287344, 0.613072516870881, -0.2303882958866493
9.640823291555735, 20.25606602697393, 34.47072770498171, -0.0967021071234903, -0.23929032354213917, -0.9661205119119329, -0.6474230801958951, 0.7523760120726843, -0.12154707601280888, 0.7559709370786265, 0.613734859297321, -0.22767842404532124
9.61133291542241, 20.113658130324104, 34.03474413685509, -0.09217539520649719, -0.24516875102665034, -0.9650885866274445, -0.6481325995361418, 0.7505617670678548, -0.12876788122238625, 0.7559284555677537, 0.6136361440919298, -0.22808518743429843
9.58028841097522, 20.00171614468732, 33.59380238000155, -0.09514779585278518, -0.2481473476966959, -0.9640382724640406, -0.6481693590380085, 0.7504561025109994, -0.12919798840638982, 0.7555285427755949, 0.6125671653256446, -0.23224575134174263
9.525372358164757, 19.90045349403951, 33.151743161509735, -0.10396367568935251, -0.24965256683475412, -0.9627383601010078, -0.6477195613067452, 0.751563586254143, -0.12494617127951071, 0.7547522269180507, 0.6105946050282709, -0.23984016401056232
9.45775737330115, 19.786227511947356, 32.71437173164147, -0.11532976464528023, -0.25154080439827065, -0.9609507110718714, -0.6470875458804883, 0.753000859367905, -0.11944627979792233, 0.7536423245500687, 0.6080435260027588, -0.24961233369547514
9.386970313382424, 19.66931163861001, 32.27853004303563, -0.1250062678335103, -0.25578349894829533, -0.9586178772942344, -0.6467609106298651, 0.7537013513467182, -0.11676727906120951, 0.7523787327427354, 0.6053999295043717, -0.2596481616968192
9.308879897445228, 19.55760400139695, 31.840554399106743, -0.12887391894127587, -0.2642131341445969, -0.955815323565283, -0.6473100241341142, 0.7525998093121957, -0.12076116792553433, 0.7512531169134741, 0.6031458751983104, -0.26801829706020863
9.233603392718809, 19.434002904792642, 31.40654062427612, -0.1241546328755433, -0.2782882624778151, -0.9524396411860532, -0.6491058165835547, 0.7487730343587774, -0.13416624722539497, 0.7504980119979905, 0.6015767498700626, -0.27360217104920137
9.188788557043631, 19.29618978772295, 30.972815923264378, -0.11044018969578673, -0.29857746940726904, -0.9479738705588409, -0.6520122949177279, 0.7416419102884195, -0.15763008653128796, 0.7501219446037267, 0.6006819222068324, -0.27658325429756
9.160221440336223, 19.150343315799184, 30.549328996963798, -0.09012191026354903, -0.32385334375980496, -0.9418052097042372, -0.6553239027727816, 0.7313757628016818, -0.1887857940654109, 0.7499524143204678, 0.600173729283323, -0.27814181802283855
9.12719167656281, 19.00247363019644, 30.115833715036068, -0.06778522988911559, -0.3504183657100274, -0.9341371053448168, -0.6581318992381173, 0.7193963045297301, -0.22210664158056226, 0.7498450278651638, 0.5997298775299438, -0.27938594843658543
9.183511634389532, 18.761461378742474, 29.753309728165885, -0.04841341519493016, -0.3727043068270186, -0.9266863767757433, -0.6598985046509446, 0.7083908087100819, -0.25043247731578944, 0.7497933747297388, 0.5993946628121307, -0.28024263309447
9.141970585933755, 18.568744534263473, 29.35103122499074, -0.03508691605803161, -0.38538073020568847, -0.9220903432460764, -0.6606846344194225, 0.70122003642807, -0.26792960708717917, 0.7498431317039655, 0.5998100976958846, -0.27921877540459694
9.120213037519498, 18.399644952466414, 28.92710902282118, -0.02764753071647897, -0.38576133494438003, -0.9221842584360304, -0.6608564059307214, 0.699223654657534, -0.2726813002530452, 0.750002949851273, 0.6018924100113671, -0.27426465682821305
9.103091136775895, 18.23986343654734, 28.504824028011818, -0.023383359856749525, -0.3748142396386935, -0.9268049979612097, -0.6607328556353791, 0.7015162943366371, -0.26703367252859705, 0.7502568306691564, 0.6061263684614463, -0.26405589084512426
9.130355570775942, 18.07066575238358, 28.09362108030186, -0.01923339908514471, -0.35604200248527573, -0.934271999380216, -0.660511097276152, 0.7060207224648879, -0.2554600356713578, 0.7505698946365257, 0.6121836586486384, -0.2487488720554973
9.056868853837173, 17.974573074131108, 27.631948653575154, -0.013812116631739818, -0.33304848989781355, -0.9428085324237033, -0.6603092571758431, 0.7110967508169997, -0.2415224541639802, 0.750866772684767, 0.6192092653976454, -0.2297367522266972
9.110329816043203, 17.802336970129574, 27.225400974883982, -0.007897205572186476, -0.30755979818500684, -0.9514959824847126, -0.6601809378639083, 0.7162835725839968, -0.22605081934697013, 0.7510650860113797, 0.6263743403003543, -0.2087017546356882
9.101373191720736, 17.690294991197646, 26.781208327246443, -0.003474268092544541, -0.2790809014930276, -0.9602613081255852, -0.6601377353993765, 0.7219361401701079, -0.20742801117030732, 0.7511365386951989, 0.6331840648169579, -0.18674003400147154
9.096794109733734, 17.587629975685925, 26.33584108492905, -0.002487027821839436, -0.24585618364056952, -0.9693031268175647, -0.6601586419748162, 0.7284731433405455, -0.18307770715603686, 0.7511220820336596, 0.6394385165105709, -0.16411581728822017
9.108946845275016, 17.492046745592834, 25.88937961491978, -0.006242758136021145, -0.2060466505539591, -0.9785222561425724, -0.660142675495844, 0.7358598683097562, -0.15073785921372565, 0.7511142895459013, 0.6450232802051744, -0.14061398235351
9.087862460945074, 17.431234168604465, 25.43698893666879, -0.015455448741916337, -0.15855297978387975, -0.9872294979921532, -0.6598413628452141, 0.7434467141757004, -0.10907043164820131, 0.7512459683637288, 0.6497291249305415, -0.11611011684705355
9.088800932296689, 17.394069359212235, 24.983432966849143, -0.03023872664563197, -0.10366604490464748, -0.9941523879892249, -0.6588402517556308, 0.7500304871795029, -0.05817036159294917, 0.7516748912112389, 0.6532286119231957, -0.09097933000119963
9.084614981446656, 17.378696728391255, 24.52994771209262, -0.049610690572296307, -0.04370761486268559, -0.9978118178213541, -0.6566823505753703, 0.7541671844114225, -0.0003852268862547705, 0.7525337665671531, 0.6552262985869559, -0.06611677409168637
9.015019324186346, 17.439979428809128, 24.08306441661179, -0.07094456562799259, 0.01679485501093677, -0.9973388598931745, -0.6531975238150594, 0.7548716223820178, 0.05917625033926569, 0.7538566597767312, 0.6556575070625685, -0.04258368164881345
8.946959371867042, 17.516535673538012, 23.64112939760586, -0.09026302090131656, 0.07199237035061071, -0.9933124813819009, -0.6488523857101833, 0.7524026714617448, 0.11349361891944947, 0.755541639233717, 0.6547574501970407, -0.021201716805433056
8.891014449668088, 17.57808527699487, 23.197415669607487, -0.10359291599298093, 0.11633130483635301, -0.9877932654514014, -0.6447135872642771, 0.7483891458501398, 0.1557500458122746, 0.7573723642653585, 0.6529783410564012, -0.002527441063932989
8.83103320675164, 17.677492332410115, 22.7564207137135, -0.1084308739863211, 0.14566192245027046, -0.983374470847527, -0.6419390596726362, 0.745051259797685, 0.1811432138957848, 0.7590500571327126, 0.6509080001213489, 0.012719518263362498
8.778220531211359, 17.79719196396553, 22.320085734327364, -0.10415665018173878, 0.15712854587986536, -0.982070268510659, -0.6412466084695829, 0.7441808994821391, 0.18707639073975027, 0.7602329770203186, 0.6492344791488152, 0.023246757519928052
8.739118860703663, 17.87673491926246, 21.875815600349874, -0.09126134757728778, 0.14860295087767708, -0.9846768654887877, -0.6427076544954589, 0.7465019395724662, 0.17222579675383098, 0.7606564515543949, 0.648576916953566, 0.027381481035253414
8.690629255796564, 17.970933787313463, 21.431404875476243, -0.07034611242869405, 0.11897123990375355, -0.9904025790262933, -0.645723324221426, 0.7513409016868231, 0.13611847049119713, 0.7603241499667105, 0.6491014508751273, 0.023968592975058878
8.684487698323066, 17.979251051888188, 20.976852879460207, -0.041890452884832736, 0.06956204119407916, -0.9966977036102856, -0.6490280774339412, 0.7565381225289328, 0.08007886027410464, 0.7596102583953864, 0.6502393340803914, 0.013455993281195747
8.693144792866756, 17.94643349938601, 20.521450434323167, -0.006849672635564423, 0.005506703123448157, -0.9999613783569322, -0.6509374573733637, 0.7590822042717318, 0.008639082490011633, 0.7591004601323108, 0.6509714919861539, -0.0016149452730567014
8.720671271116, 17.87361646873571, 20.071467147649386, 0.03276436423691566, -0.06464590698735932, -0.9973702437640358, -0.6500301982238784, 0.7566406345937517, -0.0703966723545213, 0.759201710899795, 0.6506272794706247, -0.017230942385074905
8.772683528782895, 17.766875982107855, 19.63037014596861, 0.07409053099660484, -0.13147910098960333, -0.9885463262890652, -0.645889080188883, 0.7489441458228983, -0.1480201423130236, 0.7598275391885976, 0.6494581683531088, -0.02943124615141897
8.845463431560159, 17.646435333107352, 19.195628342065948, 0.11428488203428151, -0.18786087360603815, -0.9755240939650781, -0.6392499786382791, 0.7377578252018375, -0.21696279903341625, 0.7604593549620979, 0.6483993241216642, -0.03577549341656827
8.93788815119518, 17.51832055525458, 18.766891491505362, 0.1513227140849887, -0.2306150258635291, -0.9612066094487265, -0.6314504126319491, 0.7255838524497407, -0.27349305192478657, 0.7605076019270905, 0.6483400210616007, -0.03582463539171634
9.02722676434691, 17.382607089303573, 18.33974276210652, 0.18432689912196545, -0.2600918384896479, -0.9478268986535229, -0.6237048469405632, 0.7143536578696452, -0.31731863385421677, 0.7596155989465524, 0.6496545905628104, -0.03054594568413041
9.141371826263233, 17.24541700835338, 17.919486824216772, 0.21358257026258695, -0.2785874197222057, -0.9363607933123592, -0.6166901023690141, 0.7049227710504167, -0.35039578264399335, 0.7576779020930478, 0.6522828653484049, -0.0212428871096334
9.269204503755432, 17.109861597312793, 17.502285738276523, 0.24048432094958813, -0.2888461384899238, -0.9266796639922963, -0.6104826401605302, 0.6972239330753688, -0.3757522231598134, 0.7546378187183863, 0.6560843660889759, -0.008664129130071724
9.382944898847008, 16.968693939115465, 17.082850285101472, 0.2673426255331168, -0.2932972059721777, -0.9178805311923626, -0.6046526487853522, 0.6906178163394023, -0.39678987647299313, 0.7502820102400946, 0.6610777418152192, 0.007288647787703412
9.515030699841608, 16.83234909435049, 16.667226486264013, 0.29676439521026626, -0.29402581389803695, -0.9085591419919133, -0.5983874868435003, 0.6842126907221598, -0.4168757721958209, 0.7442199334367529, 0.6673843080387335, 0.027108597511789678
9.665691129734187, 16.6967891545941, 16.257738940504545, 0.3305700613093203, -0.2930748695380341, -0.8971234894991974, -0.5906578726089629, 0.6771470544666385, -0.4388566327996074, 0.7361023788108597, 0.6749659157856933, 0.05073756435397782
9.846315739469519, 16.585110013217474, 15.853232124111248, 0.36878007400648627, -0.2925821596849447, -0.8822680640541536, -0.5804848575906809, 0.6688305696475938, -0.46443836966039126, 0.7259742330990113, 0.683418867854092, 0.07681187367415102
10.060633691772297, 16.456644926298523, 15.470610796645197, 0.40949464820366893, -0.2944753204527595, -0.863480410163889, -0.5672770791587972, 0.6590677493368785, -0.49378782614103117, 0.7145004188617508, 0.6920361171414872, 0.10283561648629673
10.289778068088458, 16.317014514127454, 15.100874751928684, 0.45001399648624557, -0.29980094945694513, -0.841193671915803, -0.5510533116304974, 0.6480175090869665, -0.5257504690038661, 0.7027287177193909, 0.7001376283427692, 0.1264106430290708
10.526487048584073, 16.17558896631314, 14.736736746466502, 0.48860522452140037, -0.3079992422992312, -0.8163341235753233, -0.5323529137618689, 0.6360466758913188, -0.5586098829208554, 0.6912780263972232, 0.7075175565529828, 0.1468114348055246
10.773082369442514, 16.028227976583555, 14.38215625867275, 0.5257876651785489, -0.31645873418654885, -0.7895575980909418, -0.5118990659487511, 0.6236017128095971, -0.5908301363858592, 0.6793428276112778, 0.7148249949029373, 0.16588715813808363
11.027102222152925, 15.85950721032826, 14.041968256872075, 0.5642902612817966, -0.32061127666091954, -0.7607791468622002, -0.49034931204404875, 0.6112017951315649, -0.6212808686945709, 0.6641792327380087, 0.7236302750063791, 0.1876837017264478
11.301233186630608, 15.690023923553877, 13.7181323063128, 0.6075417205712689, -0.3147508134547698, -0.7292633154045683, -0.4683861080879878, 0.599542588228211, -0.6489708303543431, 0.641488512379988, 0.7358536609477312, 0.2168222270763112
11.598973922024834, 15.532833456941626, 13.409359836381613, 0.6572821020672084, -0.2936170374140009, -0.6940960118328998, -0.4470635257179732, 0.5895390181078883, -0.6727391397124163, 0.6067243544433725, 0.7524844061298627, 0.2562279771154216
11.93371499121039, 15.409371355525831, 13.12491282935783, 0.71157119713989, -0.25447801193571423, -0.6549102021209855, -0.4280825153393773, 0.5821012040091759, -0.6913056837259329, 0.5571461132069535, 0.7722688196038439, 0.30526886314537605
12.31588883947978, 15.3447645448586, 12.883379306917357, 0.7647340463400437, -0.1989454457794939, -0.6128642165863352, -0.41366065779135835, 0.577673354553645, -0.7036891043879815, 0.49403107044395966, 0.7916528311339114, 0.35947057792489523
12.71511050566335, 15.327931967419929, 12.662089063267246, 0.8097918017163434, -0.13331114480882789, -0.57137148733793, -0.4059047502788577, 0.5758873548279342, -0.709644339264637, 0.42364911374161596, 0.8065865689552764, 0.41223723170875604
13.120739843911165, 15.344533585225498, 12.452527758429925, 0.8418356882922223, -0.06662368837656656, -0.5356061594722958, -0.40600925145755573, 0.5756819246614698, -0.7097512306075567, 0.3556250295584319, 0.8149549716181673, 0.4575797554376685
13.526443128606036, 15.382183085266567, 12.245766610044358, 0.8597793349092143, -0.007356352705626256, -0.5106127488987514, -0.4138251130501967, 0.5758292771666896, -0.7051024176434794, 0.29921275218823973, 0.8175368662222874, 0.4920418694535872
13.928460166040482, 15.431742697184983, 12.034348224976569, 0.8655595765829079, 0.039216139451198846, -0.49926817822905695, -0.42804017523424365, 0.5754544213670424, -0.6968743195975587, 0.2599773601124822, 0.8168930795004121, 0.5148761685039211
14.323786129827294, 15.483734003395607, 11.811242169681595, 0.8622157797369242, 0.07141152036033634, -0.5014821471722329, -0.44662733511184594, 0.5742384364741558, -0.6861299014083322, 0.2389727446876289, 0.8155676629413051, 0.5270117782942989
14.710796233227036, 15.53299984199432, 11.573427262662177, 0.8526531551512662, 0.0892875569684038, -0.5147915395392633, -0.466913137484577, 0.5723745079522798, -0.6740768091921677, 0.23446688263995685, 0.8151166510487929, 0.5297264634961152
15.088946897757024, 15.583486976341316, 11.32199661435375, 0.8396104502772278, 0.09145076006101477, -0.5354353838415364, -0.48487625296225245, 0.5705024481992514, -0.6628891128325659, 0.2448454841293925, 0.8161885291297122, 0.5233421192857692
15.45699801681932, 15.64134649346719, 11.057526129238346, 0.8261402650774592, 0.07190628785611464, -0.5588575383624158, -0.4939933201381918, 0.5695208029476229, -0.6569753836094171, 0.27104033293329494, 0.818825708424356, 0.5060252929911312
15.813202070806026, 15.703412363021675, 10.778213204607088, 0.8151510430240085, 0.018896733525708337, -0.578940144159074, -0.48472323540375195, 0.5694488532394604, -0.663906159486401, 0.3171311434037816, 0.8218095381573045, 0.4733465124801156
16.15832916354783, 15.74545384493622, 10.482024876731918, 0.8062960009181055, -0.08196228567759689, -0.5858062330071051, -0.44605054041222136, 0.5661921287670824, -0.6931561070351794, 0.3884915369753065, 0.8201881839240941, 0.4199591273562945
16.495909150860832, 15.704404244681491, 10.179110310596808, 0.7906761630948117, -0.23845539384945685, -0.5638884909782846, -0.3702382512563611, 0.547306528068705, -0.7505859055697832, 0.48760110994572015, 0.8022434726923494, 0.3444569176286368
16.8037387692659, 15.482167405420238, 9.936545702875684, 0.7497908575421026, -0.43813361327064926, -0.49583526182461396, -0.26049725309570076, 0.4933853048273304, -0.8298868128305429, 0.6082391397105852, 0.7514052687483949, 0.2558031880592576
17.000409487883115, 15.08043656889205, 9.878842091473595, 0.6676383809081655, -0.6420610923891774, -0.3768508272225756, -0.13623855955888206, 0.39227461065291963, -0.9097030750340581, 0.7319139616291277, 0.6586943019922948, 0.17442410755179247
17.097502743524284, 14.641325505446009, 9.954552522465933, 0.5502709792966203, -0.8031006972828427, -0.22854128591514997, -0.02601571233577716, 0.2570836790850528, -0.9660389043199843, 0.8345807522676284, 0.537528838270009, 0.12057245113413756
17.15767435206316, 14.202494367491264, 10.06668584574468, 0.42813479236298563, -0.8991544206271841, -0.09067484455402232, 0.050379087617896716, 0.12392629227710023, -0.9910117161836377, 0.9023095627882326, 0.4197184793990416, 0.09835573675116706
17.22955188326505, 13.760511035011536, 10.156614122629536, 0.33410405962851186, -0.942524780812746, 0.0046384149914486285, 0.09158236699702231, 0.027565204717614103, -0.9954159078214989, 0.9380763014781743, 0.3329972928459947, 0.09552829718082681
17.33060883004061, 13.317616084310867, 10.2037967754235, 0.28342943219631966, -0.957804280827804, 0.047735904650537106, 0.10739108812954215, -0.017764035907674846, -0.994058143781652, 0.9529611278301046, 0.28687174600543036, 0.09782479332240412
17.454498935228, 12.878042045825634, 10.214258955028182, 0.2727875367420717, -0.9609117040169121, 0.04728273343946104, 0.1078499743725354, -0.018293932494935262, -0.9939988506340006, 0.9560101164872872, 0.2762499395786088, 0.09864394586987417
17.594661390713828, 12.443564162987586, 10.196944222100239, 0.29011939371979384, -0.9567791905768052, 0.020107656921005385, 0.09956427748446045, 0.009279730768590145, -0.9949878598484806, 0.9517970855369629, 0.2906672789910417, 0.09795325868641279
17.750343811619263, 12.015832411330797, 10.157750003041162, 0.32384365786329544, -0.9459583114900193, -0.01697522266930344, 0.08689127466623237, 0.0476034608807219, -0.9950798042865984, 0.9421120908090492, 0.32077528495058527, 0.09761160236504993
17.922605197572977, 11.59605510540056, 10.104232218410242, 0.36715638257175115, -0.9286981250388215, -0.052115096528773185, 0.07299656789977227, 0.08462360147362184, -0.9937355519193662, 0.9272905110113442, 0.36105212729329134, 0.09886187114003604
18.11321384581584, 11.18434864238667, 10.05040175072353, 0.4177221549381912, -0.9050501641445899, -0.07995249624398687, 0.05973782943361967, 0.11516553576853657, -0.9915484310439434, 0.9066088423396023, 0.40941555875784313, 0.10217292811038343
18.33518694700514, 10.787576389014037, 10.006806080874924, 0.47514162978693575, -0.8741627144828474, -0.1003991048336308, 0.04740727636582432, 0.139368156188695, -0.9891051850981967, 0.8786313116381574, 0.4652054015685366, 0.10766128626608429
18.601527338761095, 10.419603326368641, 9.959757381298687, 0.5386391946663301, -0.8344874805804785, -0.11618288481378217, 0.034959076918749055, 0.1599138543446351, -0.9865117445472364, 0.8418109531897268, 0.5273122452049528, 0.11530878174152914
18.901790366659213, 10.080858548070283, 9.898451935110675, 0.606101612339155, -0.7846120288882279, -0.13047911573801924, 0.02069431962822251, 0.17954510998761095, -0.9835320526625767, 0.7951179665024566, 0.5934201863801362, 0.12505959276106307
19.22622779703117, 9.767398144104948, 9.826544663481199, 0.6742348216838795, -0.7240658961539197, -0.14538219717602374, 0.003116101388326752, 0.1996443809626496, -0.9798634655206705, 0.7385104570289069, 0.6602050432834193, 0.13686345634278588
19.577426454559113, 9.485856886972385, 9.749351223670477, 0.7391038883011118, -0.6539533630951525, -0.16146343609225305, -0.018395762762618614, 0.22001945747175064, -0.9753220156677578, 0.6733402098572155, 0.7238345371909082, 0.15058726559395702
19.965324395371947, 9.259989756981778, 9.666711313725095, 0.7967338912481345, -0.5774644770809202, -0.17818497199894615, -0.04332622969140786, 0.2395073753619981, -0.9699273452006261, 0.6027752021751834, 0.7804940709940509, 0.16580428458215565
20.378971281644137, 9.090659491354947, 9.572605298048895, 0.8439316393976631, -0.4998958157183231, -0.19463699918279947, -0.07019517847193192, 0.25679957771240974, -0.9639121400864404, 0.5318383447466593, 0.8271385315133375, 0.18163101261374187
20.800233360361233, 8.947230331062032, 9.469027296997128, 0.8792248184170529, -0.42757555975059053, -0.21010202136930897, -0.09703314426607211, 0.2710467425764908, -0.9576629011570371, 0.4664207195154821, 0.8623878501246657, 0.19682202205042326
21.224083405805658, 8.816113329519723, 9.359786078092794, 0.9032581869725516, -0.3658413691567024, -0.22424259247656, -0.12199697027547014, 0.2820766476716013, -0.9516036486279135, 0.4113895804595265, 0.8869007032649714, 0.2101565027245983
21.64960613509342, 8.694419828070455, 9.246233494987498, 0.918224794053525, -0.31731243902998746, -0.23701485949661918, -0.1438918952675258, 0.2902700217993248, -0.9460647107470709, 0.3689964092802002, 0.9028045915265718, 0.22087444274261114
22.076454362102318, 8.581598072754804, 9.128557869556015, 0.926768180556688, -0.2816732149504476, -0.24851748326249626, -0.16234500977347188, 0.29626600188663565, -0.9412069665741746, 0.33874007337381495, 0.9126262411883558, 0.22884166269522596
22.504192662519788, 8.477009855557505, 9.006583348615887, 0.9311059345937082, -0.2569564285817128, -0.2588728111928875, -0.17754654729602393, 0.3006838286107597, -0.9370520042960454, 0.31862040441195544, 0.9184566560390895, 0.23434677055563533
22.932200595789585, 8.37905036623443, 8.880137418401022, 0.9326933430595697, -0.24124628652348945, -0.26811071789652563, -0.18975007354800702, 0.30395845215173223, -0.9335974340978284, 0.3067214329010769, 0.9216341403204146, 0.23772352427759572
23.35970643753854, 8.284700744241622, 8.749296547413339, 0.932293068029057, -0.23372870646229793, -0.2760444295406613, -0.19885491130838548, 0.3062902234055915, -0.9309366376368947, 0.3021363261071106, 0.9227985645966371, 0.2390741508923202
23.78581159773026, 8.189305847144839, 8.614712036917489, 0.9301906455901392, -0.23474840514341008, -0.2822030282247611, -0.20429077096713047, 0.307663215360452, -0.9293054539879358, 0.30497646426282704, 0.9220827144007709, 0.23822851225042538
24.20953348639665, 8.086638273867196, 8.47798958417182, 0.9263630633301448, -0.24520340981982794, -0.28587893016156235, -0.2052073115346289, 0.3078825992388822, -0.9290308199293711, 0.3158186729601651, 0.9192842829607387, 0.23489353526872758
24.629711325359285, 7.969656982143577, 8.34188086454738, 0.9205349861853858, -0.2658339814670597, -0.28626497079810975, -0.20079747901120154, 0.30660041296887336, -0.930417411267686, 0.33510552312878666, 0.9139630632934174, 0.22885761360263937
25.044905832697935, 7.832234414791677, 8.20969937386357, 0.9121600079400135, -0.29684969089949526, -0.2825674803082418, -0.19051550585335178, 0.30331440880721416, -0.9336510115880406, 0.3628608024357494, 0.9054726005919805, 0.22011680452178053
25.45344811071327, 7.670872534869811, 8.084044824258136, 0.9003615240939233, -0.3380951845819448, -0.27393570795675426, -0.17399056045407071, 0.29729986733467095, -0.9387971419618113, 0.3988438426303531, 0.8929190529075341, 0.20885199101413054
25.853598436017364, 7.484614147219156, 7.966061747754219, 0.8837736529430513, -0.3896339630531098, -0.25909362245957135, -0.150606550587935, 0.2873843553395422, -0.9459005757615752, 0.44301444365133164, 0.8749832039197116, 0.19530129434977533
26.243251333400433, 7.272857842841618, 7.856281444708602, 0.8601918856649183, -0.45219006692101105, -0.2357839333249909, -0.11905136665828828, 0.2715155705492986, -0.9550424425364993, 0.4958797151860782, 0.8495901590339077, 0.17972164516193814
26.618583902529167, 7.032042770264984, 7.757240446776988, 0.8261981428610026, -0.5264589729139398, -0.20059306710709063, -0.07755519401625312, 0.2463818604197271, -0.9660647859937839, 0.5580159680637569, 0.813717966309282, 0.16273060772747935
26.971160026425117, 6.752953909971711, 7.677715308082285, 0.7776393795075269, -0.6104924757700214, -0.15025289503812667, -0.025619693083461587, 0.20801704197288176, -0.977789620304471, 0.6281883688555987, 0.7642171466782476, 0.1461216135877924
27.284900099248304, 6.424417569911446, 7.634625164992802, 0.7127164614419954, -0.6962359985922311, -0.08538547800346166, 0.03301063052073413, 0.15488315768735003, -0.9873811349916601, 0.7006750629658689, 0.7009041601596288, 0.13337096538865323
27.53152874293489, 6.04176957036051, 7.650430129279966, 0.6384604043846467, -0.7694974108851756, -0.015557849273103493, 0.08862635260125834, 0.09358380694000164, -0.9916589336577439, 0.764534944693564, 0.6317561283593756, 0.12794730408563312
27.654674545785667, 5.619145717059156, 7.761065122340481, 0.5757277810264849, -0.816704522086444, 0.03913113540229652, 0.12797260100070662, 0.04273766427719959, -0.9908564504736513, 0.8075645705127448, 0.5754712987245172, 0.1291210625610083
27.688918385890222, 5.203936052105822, 7.948284699708505, 0.5527013601095543, -0.831617413935518, 0.0541634874454196, 0.13873251835534794, 0.02772784635465532, -0.9899416421624639, 0.8217508715443093, 0.5546563290684908, 0.130697596536563
27.816012102469674, 4.818109980196417, 8.132383912847384, 0.5852065549296998, -0.8108013236417713, 0.011597484557602867, 0.11085117638444784, 0.06582393534707077, -0.9916547918653995, 0.8032716257664628, 0.5816084792333898, 0.12839887897613236
28.179357376909913, 4.593691756534955, 7.9846133833839446, 0.6586930165147561, -0.7471623822181137, -0.08872364167934377, 0.03865505442464817, 0.15136744307926048, -0.9877214607079641, 0.7514181903322004, 0.647175611232222, 0.12858628023269472
28.54608364775431, 4.468812242303049, 7.744542219870257, 0.7327046968910138, -0.6433078751961461, -0.22203334178556916, -0.06865201069290719, 0.2547239071539019, -0.9645738087632648, 0.6770751277234075, 0.7219907955333434, 0.14247302405529724
28.90898895541993, 4.463881640390248, 7.469254133415205, 0.7724782937261528, -0.5305896748908646, -0.34892962416673395, -0.18152022265465112, 0.34204767757835686, -0.9219836197192758, 0.6085455566260735, 0.7755501164737577, 0.16791165042427367
29.266127205715783, 4.451085839445289, 7.190017609376053, 0.7734936812200307, -0.45514091264064216, -0.44108307012775805, -0.26677281506842593, 0.39748590603504375, -0.8779733593019596, 0.574925899793315, 0.7967758179965954, 0.18603361417416858
29.59075029343928, 4.232298185959521, 6.959105650285825, 0.749468980640124, -0.44282148439597724, -0.4921436579044749, -0.30925275262094515, 0.42311890450547934, -0.8516649151200556, 0.5853708073132978, 0.7904932166738855, 0.18017073108013876
29.871215985621923, 3.9343194939004063, 6.756238173634382, 0.7111608735829278, -0.4853373764054566, -0.5086234785660559, -0.3153074826204627, 0.4264385886250081, -0.8477802318614522, 0.6283561118412979, 0.7632809189252534, 0.15023593284000705
30.12912029110512, 3.614038298893968, 6.5571075043365035, 0.6646797379064726, -0.5533519563703359, -0.5019984645371983, -0.30200095500127366, 0.41557589238379233, -0.8579580997040201, 0.6833712528303351, 0.7218713805454103, 0.10911205595424305
30.372424554996694, 3.284455089937935, 6.354754844702913, 0.6181474913201769, -0.6179829493979871, -0.48578879487688537, -0.28502975189859014, 0.3997277807229586, -0.8711921383087238, 0.7325651640005822, 0.676989494432272, 0.07094719812041138
30.607160558651863, 2.9516175443730908, 6.147633133446416, 0.5811100910745008, -0.6636800603582457, -0.47099876808146834, -0.2726243331477539, 0.38655549382999826, -0.8810509764852364, 0.7668031266414659, 0.6403933382482376, 0.043695964346271154
30.84081458138741, 2.6206069242343446, 5.936407551506625, 0.5598245263294781, -0.6877084505907654, -0.4622267697851611, -0.26614502503494847, 0.3790396266211248, -0.8862820020174532, 0.7847058846275604, 0.6191817571900574, 0.02916549663404855
31.08064354973138, 2.2955957283351265, 5.722818282190671, 0.5556703709633765, -0.6936121650347294, -0.45840222877867753, -0.2635903017186425, 0.37594204716853774, -0.8883623866478161, 0.7885116306518876, 0.6144670387307722, 0.02607041695364734
31.3324041083065, 1.9796953571939797, 5.509316739875676, 0.5665582669805638, -0.6860315167290646, -0.4564783545475069, -0.2626157943411642, 0.3747525442000609, -0.8891532349253085, 0.7810535670992993, 0.623635541538486, 0.03215644027966663
31.601051381131178, 1.6755717488338038, 5.299366098550147, 0.5881684182530349, -0.668683443079862, -0.45488500164391427, -0.2622875931037526, 0.37434154638499473, -0.8894231980075239, 0.7650249213414968, 0.6424413277498201, 0.044788504389910284
31.89223212052736, 1.3867441806152276, 5.0981336392518575, 0.6139056965904675, -0.6446485147738178, -0.4555744594396001, -0.2640668718216699, 0.37616662253405914, -0.8881257564656238, 0.7439008555581119, 0.665527583569028, 0.06070051572004739
32.21137784787432, 1.1187423945314332, 4.911113365520528, 0.6345827313219072, -0.6176070377106064, -0.4646141453704975, -0.27213640893063773, 0.38410178169745884, -0.882274104930647, 0.7233578174336439, 0.6863143363409855, 0.075670996362331
32.55607273965803, 0.876677379303795, 4.734248268652432, 0.638999024407275, -0.5923329247799555, -0.49073613381141457, -0.2922784707047392, 0.4031546685443973, -0.8672021729639267, 0.7115149628567553, 0.6975729491977746, 0.08448927848235742
32.90095456988252, 0.6537194045605383, 4.534622011372442, 0.6155752763696047, -0.5730725389071182, -0.5409759183854993, -0.32849548838861203, 0.43738457076210063, -0.837129291906322, 0.7163503285619488, 0.6930242437388482, 0.0809913844762854
33.181270584902094, 0.4234768500642739, 4.25948304334332, 0.5553204042257438, -0.5606169202221526, -0.6142702315847521, -0.3784191420764675, 0.4873913327537813, -0.7869235297451737, 0.740552632539151, 0.669446306672254, 0.05851017793693545
33.3451773056388, 0.1843959026805922, 3.908332812116173, 0.4575958753028276, -0.5516568578142101, -0.6973383154053644, -0.4314287917640417, 0.5480081060020338, -0.7166284346808204, 0.7774800399642798, 0.6287780427007738, 0.01276559730391294
33.38865484997151, -0.03598322249140428, 3.5120370949205384, 0.3372335739115438, -0.5432491390873438, -0.7688653259886981, -0.4736066222363946, 0.6079333028122389, -0.6372706385089741, 0.8136155627817603, 0.5790487649694647, -0.052270869388766156
33.33223238988235, -0.2255598904364217, 3.100641141350864, 0.22476413462257844, -0.5391017577209852, -0.8116959890313046, -0.49718763774265945, 0.6529637836108081, -0.5713516869394295, 0.8380247828454942, 0.5319845788317572, -0.12127188966104435
33.25359448281596, -0.42298782554372366, 2.6962942042839146, 0.15451128123780464, -0.5496453199759771, -0.8209849488259562, -0.5043487944748098, 0.6706576222965258, -0.5439215450479753, 0.8495637453905729, 0.4981047840405434, -0.1735887860256693
33.22143728424585, -0.6636039865841192, 2.310105613836055, 0.149106945505504, -0.5833896092268147, -0.7983881779236233, -0.49984702547859744, 0.6521903330417016, -0.5699129061594873, 0.8531823192742669, 0.4840499285540064, -0.19435945241907918
33.2978098193992, -0.9619083350581948, 1.975976280746163, 0.21059937328771644, -0.6370462848610594, -0.7414984389164572, -0.48135823405212214, 0.5926059416643881, -0.645842433116845, 0.8508479032594742, 0.4929403907662527, -0.18184503476908753
33.503766626411824, -1.2913395285441513, 1.7391373704348905, 0.3183175401209602, -0.6944078391738214, -0.6453461834901366, -0.4404898614992091, 0.49445749018472857, -0.749320006617084, 0.8394299408335091, 0.5227901522543852, -0.14848512093165506
33.794371109099956, -1.614776522584373, 1.6028122245992733, 0.4344594747735113, -0.7380447860284148, -0.5162701411042441, -0.37518049164359835, 0.37280512117108894, -0.8486789383027468, 0.8188312179378558, 0.5624110911467528, -0.11493128854026846
34.13254528247094, -1.918526345948194, 1.5656186529901792, 0.520359283860224, -0.7650267604707119, -0.3794209686669449, -0.29914031093225096, 0.2528584603613018, -0.9200965565629882, 0.7998382899535574, 0.5922808917966204, -0.0972730956470956
34.47604087010624, -2.2186256549399483, 1.5906573630643615, 0.5529683283688204, -0.7891574605788567, -0.26731354292987647, -0.2356927617122732, 0.1595704379566387, -0.9586376778568472, 0.7991714145897827, 0.5931001414121033, -0.09776130297571205
34.77762306018269, -2.5605545695341867, 1.5943073030601767, 0.5270693600369057, -0.8255742777086337, -0.2015564479151048, -0.20181143010093594, 0.10879575625571895, -0.9733630515390242, 0.8255119844017419, 0.5537062356580554, -0.10926741601449366
34.97463989074944, -2.965106715792156, 1.532956433731368, 0.44879596672635674, -0.8743270864799416, -0.1847547728683937, -0.19785134144164526, 0.10439756940235932, -0.9746568597165984, 0.8714568416966479, 0.473976047232744, -0.12613357883500806
34.993460946133936, -3.399997906574545, 1.4037913373655215, 0.33457883149212714, -0.9200965889288709, -0.20366460801724723, -0.21048523081481366, 0.13769546822172318, -0.96785118982209, 0.9185602719071828, 0.3666909121762587, -0.14759675403323066
34.921261126058866, -3.825132966940584, 1.2528154013288257, 0.212157061744467, -0.9478231939215669, -0.23795078107935272, -0.2245854884032739, 0.18968652483231366, -0.9558139885436407, 0.9510787241604227, 0.2562229797683254, -0.17262399916588356
34.872180962810056, -4.251938279918006, 1.0975827420810138, 0.11192764783236797, -0.956240774453693, -0.2703253279345365, -0.23291086511441095, 0.239212287886032, -0.9426186982210711, 0.9660355741702115, 0.16846679968626296, -0.19594439732000118
34.855590749383296, -4.682495285659944, 0.9457122159519744, 0.05350544555521407, -0.9547255753872412, -0.29263670821931964, -0.23611902503022042, 0.2726496307407876, -0.9326896508891317, 0.9702499540400485, 0.1190010695683589, -0.21084063205860118
34.86356178180988, -5.115866198742362, 0.8012602346568362, 0.040981538470028174, -0.9512072421714245, -0.30581905752464594, -0.23708098539077094, 0.288077605428631, -0.9277951819322231, 0.9706251180918257, 0.11052635744988211, -0.21370728681561196
34.891940194986766, -5.551754195859451, 0.6673471724334434, 0.06787475073490462, -0.9459233390252076, -0.317209796349477, -0.2374703726894349, 0.29348828718083797, -0.9259980817379693, 0.9690205572161075, 0.13817981753881456, -0.20470832351793727
34.93951578887817, -5.992005932082801, 0.5551133753089852, 0.12396993029520631, -0.9331232765474381, -0.33750912157743973, -0.2386839663824102, 0.3021046550566579, -0.9229099314586762, 0.9631518159535194, 0.19497109570003213, -0.18526967174086198
35.03019049129198, -6.428469240173302, 0.45756011821581566, 0.19880952079862946, -0.9048131260851702, -0.3765474489407694, -0.243924704113327, 0.32644200700184606, -0.9132011578988676, 0.9491972993867214, 0.2734023096621327, -0.15580649507759972
35.20814918806982, -6.802576498733154, 0.271154525653679, 0.2814935857635243, -0.85370037099338, -0.4381290195133833, -0.258148903384659, 0.3723840174027065, -0.8914534689283108, 0.9241864015745371, 0.36404095943833853, -0.11555810225130313
35.42572720706553, -7.093599040874809, -0.004819244339728565, 0.3598164775908455, -0.7767045157623523, -0.5169740783138806, -0.2852029000898711, 0.43600394731950365, -0.8535571824442335, 0.8883644568725404, 0.4545664452158577, -0.06463697586811352
35.65408944537945, -7.329858564707285, -0.3219461271851675, 0.42205349731124503, -0.678822650542597, -0.6008915497139813, -0.32446534060518917, 0.5058051335091662, -0.7993018263845849, 0.8465182148975328, 0.5323166125776065, -0.006777596963296217
35.88811017346236, -7.518863956179063, -0.6655894471644399, 0.46091196727251504, -0.5733184899619767, -0.6773965363748908, -0.3703452124433157, 0.5694053967763208, -0.7339086576286699, 0.8064766469311405, 0.5891378473580862, 0.05012000364111183
36.12108306108009, -7.665391807687145, -1.0301659094033473, 0.47557556363305487, -0.47632856349265096, -0.7395532319421839, -0.41531134122934654, 0.6195386934331527, -0.6660993148063007, 0.7754639728068504, 0.6239254017430046, 0.09681280875197715
36.34254077901589, -7.78782256637878, -1.4105647814311788, 0.4697493353996139, -0.40017694664553366, -0.7868887934550085, -0.45359260791714484, 0.655286326774584, -0.6040311051470747, 0.7573567903799004, 0.6406701501675655, 0.1263030116415473
36.546124261037306, -7.9069309514915895, -1.801873360800725, 0.4480248923565401, -0.3503411876532317, -0.8225173238677919, -0.4827969654863714, 0.679520011394748, -0.5524125670467979, 0.7524498561007651, 0.6446034489108824, 0.13529821767537517
36.73106484919898, -8.031926420836998, -2.2005298236590516, 0.41355852531613674, -0.32625126058075044, -0.850017329886758, -0.5033954429647436, 0.6959878067790417, -0.5120488265949146, 0.7586582723075469, 0.6396570079225042, 0.12359829317169996
36.8955802911616, -8.167125555224283, -2.6047292096551757, 0.3678025494571437, -0.32332693943537805, -0.8718835787237748, -0.5174275492393224, 0.7078919577826234, -0.4807886306838725, 0.7726512899756357, 0.6279718674765901, 0.09306620093755913
37.03066108378478, -8.321405066614995, -3.0128856403223345, 0.3115377909987398, -0.3346030826739282, -0.8893733647038964, -0.527313151227018, 0.7177395866931153, -0.4547424834305984, 0.7904967079771158, 0.6106477403206373, 0.04716239941565811
37.12394670569324, -8.500638240999395, -3.4224676258958975, 0.24629831569539426, -0.35198047327455495, -0.9030209776738479, -0.5349548588701479, 0.7275664293914509, -0.4295001627401263, 0.8081834189445067, 0.5888606263420874, -0.009095278290011057
37.17113959962648, -8.694252000324314, -3.833461295784371, 0.1754260981162194, -0.36769903534122184, -0.9132486537131349, -0.5412024966880348, 0.7388753413000695, -0.4014512269222047, 0.8223901395799662, 0.5646774738094665, -0.06938161783789014
37.17725975362753, -8.884265737656143, -4.248811313031507, 0.10420740711222337, -0.37618340195678157, -0.9206665326789988, -0.5458792107866336, 0.752172726036359, -0.36912339053221, 0.8313583484478335, 0.5410381116883125, -0.12696872909041718
37.15172680963332, -9.0594718966567, -4.669951919848389, 0.03908361518337817, -0.3758117900623753, -0.9258714648774475, -0.5484306031061476, 0.7664793741165177, -0.3342652279711107, 0.8352821945910406, 0.520840539420718, -0.1761499017743429
37.10521965973349, -9.217579104747701, -5.096083864010874, -0.013468497953771821, -0.37003182570346993, -0.9289214431422208, -0.5488612753315935, 0.7792738928826032, -0.3024623948740898, 0.8358049413614674, 0.505775293819449, -0.21359178860060155
37.047539864339264, -9.361417778925345, -5.525900547783086, -0.04773897877889152, -0.36741579804677726, -0.9288307818170102, -0.5483308634985037, 0.7868898137987976, -0.2830860029649628, 0.834897750649823, 0.49579234794956595, -0.23903073792824792
36.98654802038137, -9.495671687420634, -5.958369516568656, -0.059116494574850596, -0.38009386823776725, -0.9230568191597052, -0.5487714289530313, 0.7847916875670112, -0.2880137598979792, 0.8338795829339087, 0.48952084578061994, -0.25497878874956775
36.93142473040159, -9.629689202536818, -6.391696658824982, -0.04420339826965067, -0.419622642980478, -0.9066216945780048, -0.5511968379724536, 0.7671233108739695, -0.3281826804127966, 0.8332035197900831, 0.48522022156113553, -0.26520413118497843
36.905203650313325, -9.796914812232512, -6.815380614344921, -0.0010514815657591753, -0.48992005761079177, -0.8717667300012976, -0.5533051807731029, 0.7264483007006589, -0.4075858723493357, 0.8329779536795442, 0.4819244791041055, -0.27183915303737194
36.95351390323706, -10.075414336921396, -7.169778386820989, 0.07011847346812732, -0.5797698044748217, -0.8117575829628735, -0.5486086470069298, 0.6572316832512771, -0.5167930600926437, 0.8331338140465344, 0.481573969759496, -0.27198264566393693
37.06177208207464, -10.456655419704816, -7.393492199483166, 0.16578406326054915, -0.6617846022217644, -0.7311339033521859, -0.5302693954099356, 0.5652689024067387, -0.631890367281748, 0.8314625744195608, 0.4924552855174388, -0.25721154543591973
37.19063794133729, -10.876291122612622, -7.518663963118294, 0.278286263208217, -0.7032716140908334, -0.6541909450028186, -0.5000560525075337, 0.47542913191190034, -0.7238170244475323, 0.8200614001769561, 0.528560476524277, -0.21936983064277454
37.334778412733925, -11.297074593944068, -7.622687605869265, 0.39401808488508544, -0.68121257346187, -0.6170082483573017, -0.4756968326334185, 0.4232591989478175, -0.7710798751936048, 0.7864237230692008, 0.5973282851694771, -0.1572788845664571
37.59258676988401, -11.630843074758399, -7.755395298153506, 0.4880361555502511, -0.5887074638271459, -0.6443944699560517, -0.4855740195891699, 0.4303627118252045, -0.7609243114597355, 0.7252851731393298, 0.6842597886071238, -0.0758284862013397
37.964620817372676, -11.561894323171922, -7.997550673840291, 0.5226987169262794, -0.4381676673827073, -0.7312968935965873, -0.5471321279609179, 0.48542502320841185, -0.6819156702966067, 0.6537832101519424, 0.7565524714806701, 0.013995428536173972
38.236792032264525, -11.364053273844043, -8.302258794667766, 0.4657397266019284, -0.2663854136490478, -0.8438751794310498, -0.6441294134407962, 0.5518331903430027, -0.5296956001103644, 0.6067815140601902, 0.7902651083218144, 0.085423958957275
38.189725939660214, -11.270016658929512, -8.727949030707496, 0.3186524264110746, -0.12368965546759704, -0.9397667265192154, -0.732023784037313, 0.5977356563320478, -0.32688417635760386, 0.6021642722264647, 0.792094031210691, 0.09992614760096134
38.022090052095976, -11.310471981823241, -9.150875775134978, 0.1224151566668707, -0.04468610423178864, -0.9914724814672423, -0.7765193622076487, 0.6178274642380458, -0.12372107560885806, 0.6180875419670356, 0.7850429138090298, 0.0409318206701828
37.84384081407081, -11.37078886780726, -9.567250597179735, -0.06725248093744393, -0.02974160960202513, -0.997292605239826, -0.780237784153735, 0.624558811974325, 0.03398956551781109, 0.621856980331192, 0.7804112550722859, -0.06520865716966545
37.665810979217184, -11.43520844959848, -9.983104186216067, -0.2109668025046083, -0.05366657645277658, -0.9760189069955663, -0.7669790121252725, 0.6281063803993523, 0.13124621846348644, 0.6060001676570087, 0.7762746121531107, -0.17367073249749054
37.49148828398358, -11.500272883885009, -10.400424579359068, -0.29861863430345575, -0.08798586410665774, -0.9503080547717901, -0.7550177200593502, 0.630843081436138, 0.1788442031505045, 0.5837594998311546, 0.7709056325657266, -0.2548123859535038
37.321970778469534, -11.565075071877388, -10.819770156303383, -0.34091186507300447, -0.11587659008130924, -0.9329264258898308, -0.7497234442731, 0.6322333750702145, 0.19543724454311523, 0.5671806214599768, 0.7660636888134391, -0.3024112552829685
37.15750968450354, -11.629649697348263, -11.241155048208679, -0.3547085377992066, -0.13342178620569456, -0.9254082775607915, -0.7495577575770302, 0.632207262116923, 0.19615592211992544, 0.55887835999298, 0.7632251336875026, -0.32425664841179586
36.9981359765369, -11.694853952722529, -11.664383697886505, -0.35405789911358093, -0.14386347149863024, -0.9240921521383245, -0.7519920368787629, 0.6312417160108841, 0.18984697110716134, 0.5560134715510107, 0.7621267594934567, -0.33168030076837013
36.84365890460897, -11.762252217448218, -12.089088188962371, -0.34782182490743235, -0.15210252082534115, -0.9251404224638767, -0.755535092249628, 0.6297455883683247, 0.1805193017657079, 0.5551456588116399, 0.761764607401269, -0.3339580518768505
36.69344959481026, -11.833754990609274, -12.51464971212702, -0.34076136393436735, -0.1621699477308588, -0.9260575580937506, -0.7596192322604141, 0.6278745884186576, 0.16956451043246137, 0.55394974034626, 0.7612321651579576, -0.3371428123202978
36.54633120525835, -11.911417601184398, -12.940215838990493, -0.3355002574867678, -0.17703286470554025, -0.9252561494205064, -0.7640988208452, 0.6256114738424989, 0.15736351476626087, 0.5509923495015947, 0.7597826324750825, -0.3451634137331859
36.400792567401055, -11.9978919537092, -13.364614449291372, -0.3340868140326986, -0.19907260958450337, -0.9212795975178745, -0.768899705610469, 0.6228884231583669, 0.1442333352849387, 0.5451414893416343, 0.7565580667790802, -0.36116567969546265
36.25499254029798, -12.09759492091216, -13.78600173166653, -0.33884705098478746, -0.23001255199643644, -0.9122921143816817, -0.7737561927665312, 0.6197623830430481, 0.13113330133968495, 0.5352420295477135, 0.7503258055597507, -0.38797829232671766
36.106202308420585, -12.21847804931924, -14.20069863589352, -0.3525682042104657, -0.2698420611663291, -0.8960362288464202, -0.777898773514359, 0.6167577476758761, 0.12034691041583213, 0.5201626279776964, 0.7394559775316496, -0.4273589799548493
35.94900621253828, -12.37291360287526, -14.600775123122505, -0.37800704149239717, -0.315052192312545, -0.8705474097952531, -0.7796687896660317, 0.6153846426056453, 0.11583747263225051, 0.4992266569433872, 0.7225260256656375, -0.478256089593168
35.77319266440484, -12.571025889996081, -14.972689017489142, -0.4167556259619021, -0.3573531621617461, -0.8358310030874088, -0.7762147540150076, 0.6184282768627037, 0.12262594352765686, 0.47308075830509555, 0.6998894083136477, -0.5351162605003216
35.56436491814998, -12.80845198409145, -15.301932333249665, -0.4677745699675595, -0.3845174820571446, -0.7958223782252534, -0.7636829910107507, 0.6291172823735106, 0.14491285056834055, 0.4449440874228339, 0.6755425604737291, -0.5879345270147515
35.305493639947585, -13.055632856775226, -15.585252107299215, -0.5261504277540192, -0.38417483927877355, -0.7586668703979311, -0.7385422787311475, 0.6486968175063813, 0.18370558370309914, 0.42156972128091286, 0.6569643307077037, -0.6250414692457714
34.99297785290153, -13.252207124034618, -15.853233661901951, -0.5827317636752277, -0.34952529910141206, -0.7336591558019481, -0.7003700223290751, 0.6739042979539485, 0.23523356270304366, 0.4121959769657262, 0.6509109482004927, -0.6375024816312531
34.651459663281756, -13.358878053225492, -16.13599866536635, -0.6257432843527824, -0.2847967099582174, -0.7261791625242133, -0.6549029040358453, 0.697538836327023, 0.29076065432062703, 0.4237304902562588, 0.6575183691825787, -0.6229944348183802
34.320595438369494, -13.370862497652725, -16.449552646482214, -0.6456858353338132, -0.20781279305695508, -0.7347813586987242, -0.614119547294278, 0.7131964685989335, 0.33794671001369664, 0.4538138205039012, 0.6694509991178427, -0.5881227559785247
34.03730623706215, -13.293551824114534, -16.798288986174644, -0.6416953804612646, -0.14593349390393076, -0.7529478428494661, -0.5910741124285059, 0.7196886758286416, 0.3642521153004746, 0.48873145214066877, 0.6787868776287648, -0.5480784090323806
33.814262535787805, -13.18001075164971, -17.17995689611795, -0.6225017511244637, -0.12385633805631042, -0.7727555741437632, -0.5925577957425506, 0.7196027260731608, 0.3620043857922236, 0.511240480157534, 0.6832507037327926, -0.5213459957618719
33.63492046598804, -13.19713551183646, -17.590307567132758, -0.5988318490220677, -0.14940581478396003, -0.7868153017738995, -0.6155060560229417, 0.7144242983589423, 0.33279155174585834, 0.5123989769660893, 0.6835757634842491, -0.5197802073771481
33.379539071463554, -13.438492276885919, -17.874675866163972, -0.5756658127203065, -0.20700057056199875, -0.7910497050451862, -0.6490754648188186, 0.704054346671096, 0.2881119884763057, 0.49730263726960444, 0.6793071769976696, -0.5396590092309708
33.123335332805375, -13.728271383152322, -18.116860430483666, -0.5527789851882912, -0.26442136491417856, -0.7902637125106566, -0.6801916227009139, 0.691033125090433, 0.2445660982950162, 0.48142990137890324, 0.672721756601251, -0.5618457868967486
32.874979190184305, -13.946728789060549, -18.43034412787871, -0.5291888959050348, -0.2897920166393723, -0.7974833537716609, -0.6992431867285177, 0.6813405700554372, 0.2164116295633838, 0.48064340031311953, 0.6721574329638985, -0.5631929572063422
32.660679130913145, -14.07090067921377, -18.812799950432357, -0.5039874864724531, -0.2660115257293533, -0.8217265248598955, -0.7028234847284605, 0.6793030593779673, 0.2111551629344574, 0.5020316352515272, 0.6839482595188583, -0.529319388939988
32.48508097938413, -14.104639387302823, -19.23255173824191, -0.47601195490865167, -0.1946067929069777, -0.8576367616529182, -0.6928845783496886, 0.6835626990864524, 0.22946240978168614, 0.5415935559709126, 0.7034701362333052, -0.46022406234211305
32.327232497830295, -14.070902233477453, -19.65975447295122, -0.44654696873523303, -0.09187195960503063, -0.8900310936993755, -0.6739696109759443, 0.688805213667566, 0.2670437063578039, 0.588524229063094, 0.7191014675709614, -0.3695027890868763
32.168982802231916, -13.993676254163473, -20.081267821766836, -0.4212598952001027, 0.020240307806011895, -0.9067140842823147, -0.6503313015320006, 0.6900954772847223, 0.31754909931987746, 0.63214658026734, 0.7234352508490924, -0.27754664272013496
32.00488686440725, -13.886840043455424, -20.494031845219634, -0.40767622961212024, 0.12472032513318619, -0.9045689207063872, -0.624180404335051, 0.6849874251541948, 0.375753975660616, 0.6664824938836565, 0.7178001587345177, -0.20140510784814536
31.83302879282666, -13.756081166920183, -20.896649044586432, -0.41161132221496, 0.21433889784305907, -0.885796227298285, -0.5953070454503668, 0.6727063241039569, 0.4394038269606866, 0.6900620559497583, 0.7081843251456253, -0.14929608352675566
31.64969043065913, -13.60164931224943, -21.28553207970862, -0.4365584635110801, 0.28893409317751256, -0.8520174867551331, -0.5613853553941613, 0.6525561834666792, 0.5089370394934651, 0.7030385413942939, 0.7004909115892155, -0.12267555622492032
31.446169761134886, -13.418863488325771, -21.65124351221278, -0.48501885261409067, 0.3495088882443218, -0.8016235086667114, -0.5184111553989373, 0.623315942731199, 0.5854289961174246, 0.7042773505990733, 0.6995146693067522, -0.12113067678261942
31.210483689021565, -13.206021560813621, -21.979286397412714, -0.5581987985441696, 0.39334214654346134, -0.7305450410867408, -0.46171889763773155, 0.584297649483426, 0.6673918761659761, 0.6893691035055485, 0.7098437944792684, -0.14454074363732472
30.934221623180978, -12.97485609759105, -22.259688753500406, -0.6520966036025445, 0.41265220500557603, -0.6359938500284904, -0.38902547089845835, 0.5378983211417845, 0.7478800566301272, 0.6507143786349421, 0.7351078518264418, -0.1902294499304871
30.598480063932275, -12.744679223754911, -22.46360393096969, -0.7527179712232246, 0.39924273812189043, -0.523470048669958, -0.3061207310927514, 0.49169017525206504, 0.8151876284364434, 0.5828428208297948, 0.7738514118469574, -0.24788755230878126
30.182029717785376, -12.573759541172675, -22.505581048313463, -0.8382038789411621, 0.3551996584660464, -0.4138205649234866, -0.23090487603641055, 0.45628526181169815, 0.8593524876766458, 0.49406193493386996, 0.8158657747932769, -0.3004427432479714
29.733131447098145, -12.527508143613867, -22.443146537355176, -0.8907889354773226, 0.30096202178799564, -0.3404657602057222, -0.1876045401535651, 0.43883662273797097, 0.8787644479937164, 0.4138835693101959, 0.8466665695450682, -0.33444896631599647
29.310417338294645, -12.636260378499346, -22.33325688518283, -0.9045407413085608, 0.26795052130823, -0.3316753916762699, -0.19159316155498116, 0.43950186668895946, 0.8775706066307639, 0.3809174553080053, 0.857345103973638, -0.3462098567835786
29.320676144484956, -12.664878200294988, -22.48082541706192, -0.8775380809439829, 0.27823197794540433, -0.39053025867625113, -0.23778293210140705, 0.4547472043366104, 0.8582914757524363, 0.41639667829415894, 0.8460448845047319, -0.3328991734879581
29.122023341732913, -12.39508857028819, -22.789743707168114, -0.8076915619713989, 0.32840983085611786, -0.4896747121480318, -0.30352183229078344, 0.48041819247732276, 0.8228443702545868, 0.5054788205682286, 0.813231420527932, -0.28835016667772984
28.872985783298887, -12.130927497298911, -23.067137148733764, -0.7078645472927215, 0.3907807274156357, -0.5884030980259851, -0.36495981360064383, 0.5108681288163223, 0.7783431694415341, 0.6047578996116163, 0.7657050202527186, -0.2190061752945113
28.64514225636882, -11.871961207355762, -23.364928354835104, -0.6131141592916716, 0.4315628004775148, -0.6616982521664022, -0.4118760169810038, 0.540126902419193, 0.7339080841078884, 0.6741284553495207, 0.722507078530759, -0.15340908434971184
28.599550715329112, -11.619935332487266, -23.70634272326107, -0.5585392747201673, 0.4280094749106, -0.710522179795833, -0.44761889143833744, 0.5656326135860401, 0.692601670858033, 0.6983345950349183, 0.7048883853735838, -0.12434290306583186
28.369151796270216, -11.402309153009218, -24.03481234748141, -0.5536576242966558, 0.37133781355958, -0.7453666636488204, -0.4808044771101625, 0.5882628777712857, 0.650210613130137, 0.6799193259858161, 0.7183696923291211, -0.14715534408901915
28.07574770558413, -11.273171112341002, -24.355916930385714, -0.5782810735217488, 0.26655625040104336, -0.7710633990656476, -0.5194871942392489, 0.6084423050054885, 0.5999425109967129, 0.6290660180203399, 0.7474929610717043, -0.21337811068684853
27.734576696534948, -11.364214784176784, -24.638794033504315, -0.597567074390451, 0.13584012987186228, -0.7902284800744863, -0.5681675094810914, 0.623676146480994, 0.536855423257204, 0.5657731637100608, 0.7697892720914038, -0.29550838194287393
27.43925154253455, -11.61729325817291, -24.875999204020292, -0.5836497148766784, 0.01273890917680183, -0.811905616754409, -0.6256217427153595, 0.6303493171928265, 0.45962721128794587, 0.5176393004459462, 0.7762070976920545, -0.3599334606928186
27.163990268040028, -11.739892755138642, -25.20435688197355, -0.5280770137052971, -0.076216382472234, -0.8457693128974009, -0.6847168162915, 0.6273196858289842, 0.37098907431224515, 0.5022922944697913, 0.7750232737242609, -0.38345974508675856
26.983952798391314, -11.735129961091912, -25.616568261456962, -0.4417093576218746, -0.12496744663832035, -0.888412055675726, -0.7356012738854307, 0.6173392347727115, 0.278896100848281, 0.5135986850133111, 0.7767080574391781, -0.36461072976759207
27.125537646822405, -11.601319303818421, -26.00419850249138, -0.3512032295948505, -0.1460393552520323, -0.9248398770812801, -0.7711114737399388, 0.6053816500977995, 0.19723121657457057, 0.5310775711595873, 0.7824228808275204, -0.3252246131042321
27.19590978753915, -11.732659285292474, -26.391805817953067, -0.2891140825413289, -0.15775707598932312, -0.9442064140068022, -0.7901096958032796, 0.5962156922249071, 0.14231485144714776, 0.5404995058961058, 0.7871718702545676, -0.2970197481750863
27.013585369479845, -11.895483328761904, -26.777128781573495, -0.2756987376951482, -0.1696988094725436, -0.9461461409829367, -0.7952585288065585, 0.5931723578910584, 0.12534123900133667, 0.539957478320034, 0.7869872094879075, -0.29849129586757905
26.798439620075367, -12.01699111544522, -27.16134754973149, -0.30783141954778365, -0.17765916238975732, -0.9347069268803813, -0.7885768584821383, 0.5973100532730061, 0.1461753690792002, 0.532340450656944, 0.7820856233673961, -0.3239687057670746
26.574311061497227, -12.105636975591132, -27.549436505010583, -0.3646641238459451, -0.1712947562029748, -0.9152476076325098, -0.7710658796795352, 0.6065813525823669, 0.1936916928868425, 0.52199376047391, 0.7763486131865696, -0.3532779993568754
26.347451695992937, -12.161037651353995, -27.942071544327348, -0.42319201150763275, -0.14520276618049388, -0.8943291777022913, -0.7454129326492328, 0.6169037564222742, 0.25256546706024113, 0.5150418247437717, 0.77352822314743, -0.36930476135433976
26.11974938902324, -12.184165857835517, -28.33745927468795, -0.47068230781598885, -0.10325996800647722, -0.8762394330982348, -0.716041840019861, 0.62495927442364, 0.31098229636564384, 0.5155019383571573, 0.7737979609169171, -0.3680957310684747
25.8904752848649, -12.17747138261251, -28.732564006216567, -0.5069931625548686, -0.05568802521152248, -0.8601492759810087, -0.6863855170435762, 0.6296993858154751, 0.36380435057381605, 0.5213759249480505, 0.7748403237775214, -0.35747673705139266
25.655451999258247, -12.144236495749247, -29.1229272098648, -0.5394554483168799, -0.014240391788925711, -0.8418937168805407, -0.6575488482953866, 0.6316617251116219, 0.41064945773058126, 0.5259442283994045, 0.7751133312430563, -0.350117112324787
25.405675345147532, -12.093643162752139, -29.502112171373483, -0.5756993260360156, 0.011196899858601754, -0.8175848062649121, -0.6296130613307912, 0.6318933618209429, 0.4519935533702846, 0.5216873383582804, 0.7749744568178899, -0.3567308681295605
25.126430128400504, -12.041998445806552, -29.859797073371652, -0.6179274137238303, 0.014791837031263001, -0.7860959947269918, -0.6037625372930322, 0.6315098943470913, 0.4864833521336631, 0.5036233810398979, 0.7752267119359124, -0.38129651869768705
24.79992686192238, -12.018402125641652, -30.177631031160693, -0.6606161178108136, -0.0031485951519109145, -0.7507172778330992, -0.583486583101358, 0.6313621172694214, 0.5108084613803646, 0.47236612095838454, 0.7754817620199992, -0.4189251538700987
24.42768944660781, -12.061953665530536, -30.436687978910488, -0.6927510086789642, -0.03477337442137903, -0.7203380126063238, -0.5738942924379212, 0.6314694523850626, 0.5214323271640212, 0.4367394888047741, 0.7746206446615399, -0.4574073411989415
24.0479716595816, -12.18151726684149, -30.65977344088268, -0.7033065098920686, -0.0662928142841407, -0.7077889628397198, -0.5790824076741323, 0.6309330296870476, 0.5163207115468574, 0.4123390816618864, 0.7729998543494117, -0.4821283095919806
23.703949118156878, -12.300038348407599, -30.934058508631836, -0.6856371267000116, -0.08347734756233853, -0.7231412468767833, -0.5991504278299584, 0.6289041121040254, 0.49547793352461733, 0.4134253201265375, 0.7729884541327923, -0.4812154968989113
23.426649230774064, -12.352007892015719, -31.291513519472513, -0.6386397777186026, -0.07847124832643715, -0.7654942831279828, -0.6293336606833257, 0.6257067035897271, 0.4609015780118376, 0.44280738233057787, 0.7761014007647249, -0.4489857880652499
23.245963160970348, -12.32096706981472, -31.70763807150871, -0.5678477879488933, -0.05430433955546276, -0.8213403243643854, -0.6622862793935763, 0.6226769668104126, 0.4167136656396069, 0.48880034149800117, 0.7805923607807275, -0.3895507572091321
23.109465239887548, -12.272077885991614, -32.13959479724451, -0.4870290043042013, -0.024311342888468368, -0.8730473684591333, -0.691834517253111, 0.6208555061709788, 0.3686508391341766, 0.5330738688996238, 0.7835479558164498, -0.3191940651582511
23.004572489901577, -12.212542833773947, -32.5792520522698, -0.41500355784275733, -0.005479870264437965, -0.9098032853313611, -0.7151524318119344, 0.6201324210071298, 0.3224791151211383, 0.562431370258923, 0.7844780120804666, -0.2612761035972283
22.87936153903873, -12.183378603667949, -33.015685751818424, -0.3674212534058281, -0.009411783216605057, -0.9300070112006543, -0.7321006063159675, 0.6196456876297545, 0.2829627608602258, 0.5736116497923337, 0.7848252290405376, -0.23456136741583164
22.74661048324488, -12.192288888004951, -33.45146736027791, -0.3508815852552771, -0.036797317720436984, -0.9356965696941103, -0.7432305696221448, 0.6187912677569455, 0.25437312618846786, 0.5696406178529457, 0.7846931402505908, -0.2444713523826071
22.575665621097667, -12.262715669536767, -33.868228473234865, -0.3629048314529063, -0.07797095408309737, -0.9285583523007638, -0.7484557996117972, 0.6179921827695773, 0.24062331155388592, 0.5550801737907803, 0.7823082463805842, -0.2826301617119665
22.43583992340855, -12.442566539744519, -34.252435569626776, -0.3940972170881997, -0.11875712593513352, -0.9113638837056048, -0.7474626394085757, 0.6184057628014593, 0.24263947581197645, 0.5347775109068275, 0.7768339961494812, -0.332478504951412
22.25044671342516, -12.554545141988369, -34.63728402699737, -0.42911078562113086, -0.14796707630643652, -0.8910497617938861, -0.742020337390966, 0.620254626466707, 0.2543423229524391, 0.5150434472564552, 0.7703180788972637, -0.3759525299319265
22.15187484734477, -12.603712385892388, -34.83904196748218, -0.4420457976090396, -0.156508457368929, -0.8832330471558376, -0.7392868231865567, 0.6212033239873679, 0.2599258035089513, 0.5079867182111327, 0.7678616626965065, -0.3903049590794869
22.342840897841565, -12.503170706930224, -34.44358492705442, -0.4123003686178548, -0.13526207189814277, -0.9009509298199335, -0.7450299760601943, 0.6192218103427064, 0.24798121777192628, 0.5243460124853887, 0.7734781971728246, -0.35607967884863884
22.510364942314634, -12.353105008228278, -34.06199155859111, -0.37692310194641954, -0.09925277842016024, -0.9209114296146876, -0.7487119256991207, 0.6179870651784932, 0.23983836137696363, 0.5453067279385093, 0.7798979890010945, -0.30724534043178814
22.662154735591734, -12.219300300002587, -33.661778998100466, -0.35376617698095575, -0.05653483152814062, -0.9336237490811616, -0.746614999096775, 0.6183151197217109, 0.24546375668772166, 0.5633964280575462, 0.783894269367758, -0.2609487292637907
22.810426488085717, -12.181472661388103, -33.23306849580151, -0.3552407674590285, -0.02058190290050495, -0.9345482236931996, -0.7383781065139905, 0.6192661074323338, 0.2670341925791884, 0.5732379688715102, 0.784911379366231, -0.23518579375775717
22.95207031248274, -12.188139200455831, -32.79897322706086, -0.3875080408318609, -0.004277917503261588, -0.9218563975546777, -0.7243820793502006, 0.619915257803155, 0.3016217436776196, 0.570182533410953, 0.7846571050877467, -0.24332099380937983
23.05578876376463, -12.240160193641561, -32.35920572109094, -0.44876562028716027, -0.012555963263223207, -0.893561282640879, -0.7043212731759655, 0.6204041627233456, 0.34500756372481395, 0.5500372371031504, 0.7841817535891008, -0.2872594909447826
23.179700571748345, -12.292270046201997, -31.92333607254771, -0.5275469211815283, -0.03894975866632841, -0.8486325248608642, -0.6777455647970623, 0.621594316500362, 0.39278678069960427, 0.5122062039352916, 0.7823703867058636, -0.3543181940797224
23.32153615834737, -12.347615342977399, -31.494092516237046, -0.6055495501114653, -0.06813966584251839, -0.7928850662603452, -0.6459169322599937, 0.6240827114890289, 0.43967270308758105, 0.46486671098245, 0.7783814971846205, -0.4219255691007454
23.557324345396708, -12.335138853011504, -31.105389338493154, -0.665641062212694, -0.0838378473977406, -0.7415478350316113, -0.6134206420719026, 0.6273785079078477, 0.47969920126618654, 0.4250142258518545, 0.7741882349655257, -0.469036762593843
23.872341504874555, -12.243379288831084, -30.79119559646105, -0.6982016590886931, -0.07738898441910952, -0.7117059704234434, -0.5874527972671205, 0.6301189085177171, 0.5077887081370324, 0.4091621368465463, 0.7726325816447426, -0.48541244272489403
24.233824362900886, -12.118362315919086, -30.543425220048835, -0.7012694876474037, -0.051508412542031694, -0.7110330436288792, -0.574515123236856, 0.6313525521364383, 0.5208899385503101, 0.42208231290458953, 0.7737834570137861, -0.4723406427409211
24.61843345203126, -12.029060142077844, -30.315795616946218, -0.6787602695479371, -0.01802163249311845, -0.7341387588497796, -0.5770356805906336, 0.6314251923692444, 0.518007769986867, 0.4542183613731573, 0.7752273519450572, -0.43898545874292727
24.969691291125987, -12.024163280895237, -30.024974872863424, -0.6398308824196637, 0.008201487708583742, -0.7684719757424083, -0.5926231420718164, 0.6313798549048518, 0.5001572655687967, 0.4892997582086079, 0.775430341436092, -0.3991159382902463
25.270938508717354, -12.066598647186485, -29.684610429259518, -0.5962326829347105, 0.015874100095407618, -0.8026547207527268, -0.6162658330595343, 0.631712802262509, 0.47027157947412307, 0.5145124010205344, 0.7750399656816473, -0.36686515341781323
25.533168724273228, -12.12024133541296, -29.3144092137869, -0.5567922897526614, 0.0009626481086946577, -0.8306512019979307, -0.6434417246888313, 0.6319233605840691, 0.4320365878922741, 0.5253237982439503, 0.7750302830578657, -0.3512306469284736
25.7741293363703, -12.163791698179098, -28.928689924187257, -0.5231556043915917, -0.03350890379269994, -0.8515781625665844, -0.6718619092455026, 0.6309664171277054, 0.38792132625316506, 0.5243184037382785, 0.7750861460661248, -0.35260697338212915
26.005472104158166, -12.184407024084715, -28.535274318348712, -0.4898671814652775, -0.07943004860824994, -0.8681710729466606, -0.7011313624530839, 0.6277318255776877, 0.3381827431161823, 0.5181167408103575, 0.7743665944079681, -0.36319611831221205
26.233688958395817, -12.176477059575454, -28.1395900714395, -0.44858266420896376, -0.1256626505499927, -0.8848629790131004, -0.7309236269500885, 0.6213328237344407, 0.2823051074924335, 0.5143192052969789, 0.7734044352128691, -0.3705689337434361
26.461038087949813, -12.137506721202397, -27.745259847106176, -0.39483028247377694, -0.16067859434071793, -0.9045946259857884, -0.7589924737596055, 0.6118671327686995, 0.22259612892789737, 0.5177252870180787, 0.7744682053887698, -0.3635375166663633
26.686958399972045, -12.065407231204395, -27.354793128245007, -0.3347376765208047, -0.17681783884710953, -0.9255734113417966, -0.7810695615437654, 0.6015427518176584, 0.16756090762904427, 0.5271442193055741, 0.7790261674687678, -0.3394660549328021
26.907851637109953, -11.96048614068907, -26.968925283286524, -0.28712539349247024, -0.17482480890891913, -0.9418042761645087, -0.7933424618237725, 0.5943973403976512, 0.13152771569366836, 0.536811649164947, 0.7849382701322178, -0.30936251454022595
27.112361017215292, -11.820556753698634, -26.58527090773743, -0.27595730253114426, -0.16368031662418295, -0.9471305723761333, -0.7942410216480332, 0.5937958640212236, 0.12879313414455365, 0.5413213155892007, 0.7877913593211695, -0.29386392678871165
27.232979551153726, -11.631007792172058, -26.1920816469753, -0.31484337382553346, -0.15213490225648604, -0.9368717209274516, -0.7825373498721557, 0.6002003412413969, 0.1655138859092318, 0.537130287745179, 0.7852480639193709, -0.3080203436425279
26.996150674224904, -11.679025642757376, -25.835078652627427, -0.3948774312471164, -0.13776365049782854, -0.9083462945887933, -0.7554923350938043, 0.61128393362996, 0.2357186545447632, 0.522784033713913, 0.7793286399763548, -0.34546161148008264
27.044977105577377, -11.751747996153112, -25.39785517895945, -0.4873886562110479, -0.10515529160648698, -0.8668302385380564, -0.7117587692879512, 0.6229071087794434, 0.3246323892863059, 0.5058179041300239, 0.7751961677402627, -0.3784430596302708
27.315467235655028, -11.720821140206514, -25.034510086736898, -0.5608073354553212, -0.036914867734983745, -0.8271229806018034, -0.6555762880889416, 0.6299585217087648, 0.4163796241676973, 0.5056825713775667, 0.7757509609833664, -0.3774858719718604
27.576927763564655, -11.481551039861936, -24.754613511005775, -0.5957778229694929, 0.07128468763390687, -0.7999795490927677, -0.5961254208632776, 0.6282462828819528, 0.4999410871748684, 0.5382223223337285, 0.7747419579149858, -0.3318005882872161
27.90445035512173, -11.292134257195833, -24.504895965159147, -0.5907205288635244, 0.20242354984039057, -0.7810723162737321, -0.5425028250633009, 0.6169217280663267, 0.570173891227926, 0.5972771061890247, 0.7605473607275699, -0.25461298182298614
28.23326542838791, -11.31744972184231, -24.197471508774672, -0.5643756415007091, 0.32399256758094747, -0.7592818656026022, -0.49906441027242165, 0.5987479698707077, 0.6264467918148725, 0.6575825801221494, 0.7324818664840866, -0.17622560992059458
28.490653164602307, -11.504569362464265, -23.870637274752344, -0.5505605245395392, 0.4063653326569086, -0.7292121263619985, -0.46397438778461786, 0.577221085777174, 0.671969929099591, 0.6939818991145493, 0.7082958665337956, -0.1292520373243816
28.651623981520732, -11.768390417096558, -23.55176142333236, -0.5794435874404075, 0.436174991114973, -0.6884740417038571, -0.4306385117277774, 0.5533363107765964, 0.7130002800792091, 0.6919505771303871, 0.709626876817669, -0.1327934279508027
28.7496316414851, -11.999226988620936, -23.207226467059467, -0.6572818106547293, 0.4156455208372413, -0.6286647933440992, -0.3902477174237018, 0.5259158213591784, 0.7557243332655706, 0.6447381952607052, 0.7420588587518102, -0.18347018755081085
28.999487728675994, -12.262441012890584, -22.92966120781044, -0.7597133616802245, 0.36030638304937485, -0.541308524243254, -0.33581290830702554, 0.4954588580653977, 0.8010931347720497, 0.556835073158031, 0.7903795482541343, -0.25541118026171283
29.23335131708184, -12.529727182009601, -22.6426056327818, -0.8477466552756674, 0.2996531286521525, -0.43764553117551114, -0.2699036886757428, 0.4665856061116473, 0.8422884725607103, 0.45659348145603923, 0.8321693785873182, -0.31466890223447613
29.32169108835553, -12.783672849392936, -22.295761619642008, -0.8963677653297324, 0.2672062900014745, -0.3537310106018833, -0.21056580889127088, 0.44554569711925956, 0.870144282233974, 0.3901113551330524, 0.8544529421578235, -0.34310829228407247
29.51046900383875, -12.553562261599453, -22.40093096863783, -0.9025864516748694, 0.27995241402535076, -0.32705403702499564, -0.1834769559444918, 0.4370999561419483, 0.880499764325948, 0.38945333981147434, 0.8547340371262195, -0.3431556817067188
29.958833612868702, -12.535611750420188, -22.47661592692895, -0.8692274588828164, 0.3274357279431917, -0.3704449605412848, -0.20390601495399516, 0.44515726793251603, 0.8719273730491773, 0.4504064406618793, 0.8334391704696693, -0.3201768063697412
30.398494091032667, -12.64521190689934, -22.508857516176164, -0.798724850613724, 0.3802118418198247, -0.4663449027834023, -0.2660296065664072, 0.4720304511731895, 0.8404852774411684, 0.5396914502215195, 0.7953780286789495, -0.2758748449072175
30.77596912361747, -12.857766141518358, -22.375404501324947, -0.7028560105222572, 0.4102919192409056, -0.5810800026488184, -0.3480111990492678, 0.5141116255393631, 0.7839498975199656, 0.6203882927723795, 0.7532262458855825, -0.21856026331445647
31.078050677636195, -13.091714809228499, -22.126168257073335, -0.6031677279491049, 0.406669763028777, -0.6861547899700424, -0.4272754163939111, 0.5616731703738025, 0.708490626774731, 0.6735164515482339, 0.7205157552200783, -0.16502313769140312
31.332933557655437, -13.315728916466938, -21.820713574429178, -0.5185797101138795, 0.3739052349237297, -0.7689408036740119, -0.49203498150564, 0.6049868153212411, 0.6260132029455984, 0.6992686616980266, 0.7029835194256641, -0.12975943196144907
31.551230599757982, -13.514180069118227, -21.472189301877027, -0.457715385292594, 0.32101819047796176, -0.8291223959396509, -0.5413274243445302, 0.6391524211531606, 0.5463046788986616, 0.7053093262668297, 0.6988787476496248, -0.1187739464896364
31.743194346101006, -13.682020979382772, -21.093209672895675, -0.4212915738259318, 0.25340981418649844, -0.8708024321838069, -0.5791944855883406, 0.6636825376010116, 0.4733489591702292, 0.697887639729582, 0.7037818947354686, -0.1328302938159324
31.92007784636949, -13.824313474396032, -20.69674275292756, -0.40719583275878335, 0.17149660291703164, -0.897095574045374, -0.6101844949066405, 0.6797744472483042, 0.40691716975791337, 0.6796075602576895, 0.71308878553528, -0.17215675410628123
32.08778305031366, -13.943462084795812, -20.288818246420757, -0.4125771478777972, 0.0741125724967032, -0.9079027611186912, -0.6375286771968077, 0.6884082206159683, 0.3459065011531946, 0.6506437449178398, 0.7215271639975015, -0.2367726099298899
32.24868059248762, -14.036608953074628, -19.871514350615275, -0.4329031344273807, -0.03570989253365031, -0.9007328570548452, -0.6625448591961376, 0.6901558685563717, 0.2910656054053283, 0.6112521458086829, 0.7227791368547071, -0.3224300444621213
32.40546196624902, -14.094522997673511, -19.44642473626746, -0.4612043056100449, -0.1457808298646075, -0.8752362756026184, -0.6842484845466856, 0.6864209554042793, 0.24623217372520706, 0.5648845898786056, 0.7124424339031631, -0.41633061200423016
32.56899035000445, -14.097853868194099, -19.020216529752933, -0.4903666881681231, -0.23550659259105755, -0.8390930556149159, -0.699283744826875, 0.6809380659925909, 0.21754446557697502, 0.5201372466531584, 0.6934406933029094, -0.4985952762668856
32.762592517305514, -14.021140275060235, -18.614611822734066, -0.5168747493093382, -0.2843688404832217, -0.8074495997204016, -0.7029428318302863, 0.6793096554587198, 0.21073625027264123, 0.4885814862485342, 0.6765151547177517, -0.5510130458822095
32.996198929306374, -13.848035847801016, -18.263935163293237, -0.5411141746365346, -0.28262325466083127, -0.7920350661001954, -0.6915883942218725, 0.6853885329779883, 0.22792115268200336, 0.47843593404450085, 0.6710936259473785, -0.566332413188373
33.25239983715441, -13.59029755718828, -17.988590842260354, -0.5642640108849545, -0.2379501440306445, -0.7905604688926834, -0.6656738920643794, 0.6975391670083596, 0.26517424443777454, 0.48834864128395483, 0.6758837469898795, -0.5519934466196459
33.50738456338174, -13.295332829219438, -17.751316893367463, -0.5871371794800118, -0.1759950882558947, -0.7901238266133077, -0.6318028450643758, 0.7098373031392582, 0.31137785412669483, 0.5060583933113024, 0.6820239966319255, -0.5279660695323123
33.73811424438303, -13.152849584503443, -17.392619532268984, -0.6107427348342835, -0.1311124380448986, -0.7808987389137355, -0.6018998859466946, 0.7176628481863778, 0.350252142934732, 0.5144996007233591, 0.6839368135456219, -0.5172239320957273
33.91797752491139, -13.236501616319655, -16.984530088235545, -0.6332534741450342, -0.12890081606917636, -0.7631347306340768, -0.58871024417398, 0.7203073258714685, 0.36684820389434486, 0.5024045042471827, 0.6815731332091916, -0.532022347462537
34.17104060939906, -13.342161731196674, -16.61967502451743, -0.6463048342961198, -0.17319708106283127, -0.7431640682088849, -0.5997367234928754, 0.717454487394506, 0.3543655189370388, 0.4718113220976107, 0.6747309312820938, -0.5675669535056662
34.482209778154306, -13.37630902646261, -16.288321488493597, -0.638911730207019, -0.24624105042432215, -0.7288052868152095, -0.6330439331279879, 0.7065788202670653, 0.31623053217526276, 0.43708944134321176, 0.663409161706355, -0.6073228996426451
34.82353967609497, -13.317680802344121, -15.991636077439717, -0.6066611975271184, -0.32012041324295626, -0.7276572767726037, -0.6779104663593105, 0.68640838587804, 0.263212703714707, 0.4152102973379452, 0.6529674178865763, -0.6334303120020958
35.15491475913296, -13.163747588291347, -15.718675837785964, -0.5553795747952917, -0.3711847482812345, -0.7441608767891508, -0.7208959145885007, 0.6609947323655241, 0.20831477171491825, 0.4145631534878737, 0.6521563052125049, -0.6346885419965953
35.442096883684606, -12.93428228584493, -15.448198054899212, -0.4965209427437153, -0.3884108742973291, -0.7762756895230435, -0.7528286527118846, 0.6378777964770551, 0.16236051372666088, 0.4321064372037297, 0.6650179768165377, -0.6091265200579746
35.67395176426393, -12.68582389874551, -15.143412076371607, -0.4409372000356794, -0.3736597404443879, -0.8160593017641107, -0.7713378853841356, 0.6226564671049845, 0.13166924676426747, 0.45892510521415736, 0.6875153251698265, -0.562770313236939
35.86424964411012, -12.466361958758686, -14.791206412995573, -0.3957037675454069, -0.33726876855198773, -0.8542062433100078, -0.7788204778542381, 0.6161414584626307, 0.11750900577589239, 0.4866797629091093, 0.7117720709068095, -0.5064813199435543
36.02917206977894, -12.290648004442675, -14.403297752914412, -0.36367931958437316, -0.29217633153590716, -0.8845170115926922, -0.7792290071409255, 0.6157212657987736, 0.11700203961180954, 0.5104307072824036, 0.7317925348986389, -0.4515973637321299
36.181216237557955, -12.15470228913517, -13.994547121963937, -0.3444039664238708, -0.24893204494573423, -0.9052175124856127, -0.7759949054128709, 0.618179939923289, 0.1252416410372701, 0.5284106496700979, 0.7455778959140177, -0.4060736219451484
36.328062313844285, -12.045699403569298, -13.575849963024712, -0.3355294801907689, -0.21337083836983778, -0.9175471940212476, -0.7713529751462556, 0.6213595388905216, 0.13757511098588426, 0.5407721846174528, 0.753913263421669, -0.37306867408153777
36.47347148314715, -11.953336739128744, -13.15265233784231, -0.33417904097035844, -0.18702489488170274, -0.9237673177108072, -0.7664680149166376, 0.6243097288687055, 0.1508779127295724, 0.5484989978895864, 0.7584583384302473, -0.35197982638178005
36.6195923861561, -11.871674453577503, -12.727495449687458, -0.3377777887118539, -0.1688431447490657, -0.9259579676876138, -0.7618128079004094, 0.6267966349652326, 0.16360691952101125, 0.5527634314712072, 0.7606694228556233, -0.3403448515266085
36.76808367758732, -11.797366774270923, -12.301805840244448, -0.34420229615687953, -0.15670345606895544, -0.9257260967350854, -0.7575235745159862, 0.6288553757097365, 0.17521115972873805, 0.554691638095307, 0.7615674253124349, -0.3351600264502524
36.92031177784857, -11.728163202473276, -11.87658589246222, -0.35126754993537124, -0.14797640627426392, -0.9245074859342975, -0.7536757422382132, 0.6305447821797974, 0.1854350377558415, 0.5555033608575919, 0.7619161770509837, -0.33301614859332906
37.077192008818905, -11.662088439428858, -11.452558354358837, -0.3555172483213928, -0.13921828011685553, -0.9242433427551913, -0.7505707822138719, 0.6318104236835459, 0.19354350780037718, 0.5570017836891025, 0.7625181040513878, -0.3291126766945258
37.239104232516425, -11.597356341480126, -11.030214265388711, -0.35037545578187057, -0.12583035755934815, -0.9281183982133601, -0.749174629304, 0.6323715294528857, 0.19708785742564688, 0.5621160154210699, 0.7643775048062996, -0.31583637433524786
37.406102794823965, -11.532723389199948, -10.609837125382107, -0.32438179324233457, -0.1032267382679069, -0.940276923421742, -0.7515607412435611, 0.6317320607200017, 0.18992381546264597, 0.5743978624910754, 0.7682830493802589, -0.2825035426338127
37.57808092365631, -11.46774490363789, -10.191529731640802, -0.2614349179545811, -0.07092307686433849, -0.9626119160088227, -0.7602450648947269, 0.6296028373382035, 0.1600865657039848, 0.5947093617703476, 0.7736731767250167, -0.21851908529674746
37.754498622458705, -11.402802836960744, -9.775067672603331, -0.1461483625956413, -0.03879530381202874, -0.9885016846281778, -0.7742653638304332, 0.6264449569899814, 0.08988805390232497, 0.6157546609512103, 0.7784996083903658, -0.12159176474131535
37.93332275249031, -11.339668872934427, -9.359357603435551, 0.02363842659468803, -0.03043600958338772, -0.9992571611496048, -0.7821055527742019, 0.6220197741305862, -0.03744736186028069, 0.6226974619411001, 0.7824097710989905, -0.00910060332822607
38.1086705546344, -11.28543840940507, -8.940945633215273, 0.22313257260235556, -0.0753789224558884, -0.9718692674908718, -0.7603917373761987, 0.6103735025678501, -0.221920240386182, 0.6099313574279164, 0.7885189949598196, 0.07887670006849615
38.25281240956428, -11.280966754052786, -8.509166335651193, 0.40164311655330404, -0.18852296111490074, -0.8961818454185616, -0.6921162603887417, 0.5783440790122785, -0.4318485942745939, 0.599714839762076, 0.7937110427629875, 0.10180811149038457
38.11640756765094, -11.476982740579507, -8.145422728468374, 0.5066159959889514, -0.3517936702434101, -0.7871349605911261, -0.5936787916239329, 0.5197021487583955, -0.6143738022994253, 0.6252085451943773, 0.7785569280101343, 0.05443698065977668
37.793015957505595, -11.622264361140513, -7.859776827879253, 0.5152918079195214, -0.518968033674243, -0.6820165193859462, -0.5099756650563892, 0.45389248949190353, -0.7306890097935892, 0.688766414498649, 0.7243298889367552, -0.03077398660465333
37.42906588415787, -11.494480813698562, -7.6876144062847604, 0.4458902316856219, -0.6435194740676159, -0.6221451500920677, -0.47468053653674525, 0.4192722296863128, -0.7738793094837563, 0.7588545904984235, 0.6403854182518578, -0.11851677758808277
37.25979695585797, -11.088531334841623, -7.567332674460741, 0.3369634872985483, -0.70100946677049, -0.6285231385762614, -0.48543408595077997, 0.4426395621972321, -0.7539389671418858, 0.806727560223854, 0.5591564588520783, -0.19114051925029446
37.124617752159736, -10.66437640866918, -7.464622463527713, 0.22059597036056286, -0.6893878407399822, -0.6899868280630773, -0.5159369784302963, 0.5178657146545409, -0.6823665700146495, 0.8277357381126524, 0.5065170348815591, -0.2414415896772879
37.00352449935644, -10.258013090068099, -7.297183639631233, 0.11526358153466983, -0.6238722697084071, -0.7729797525554477, -0.5413568403992468, 0.6129951074573039, -0.5754735177107221, 0.8328547761313163, 0.4847890152657019, -0.26708150919329143
36.91849943877016, -9.918862329708093, -7.007677281818727, 0.031161522811836654, -0.5338031372485879, -0.845034419511781, -0.5523141591738716, 0.6954468754812135, -0.4596767483346059, 0.8330534371047914, 0.48104870236492975, -0.27315584723910025
36.91203448968301, -9.704905193617556, -6.606518011621002, -0.026207199853848066, -0.4512063064921557, -0.8920347816411238, -0.5526130843035235, 0.750137752529227, -0.363197097024394, 0.8330257869552222, 0.4834317130806658, -0.26900151868628097
36.95739210161701, -9.561616241303796, -6.175164135718292, -0.055107258974260165, -0.39597987080318753, -0.9166041304331084, -0.5497766258299909, 0.778342731153715, -0.303196725825273, 0.8334919625883228, 0.48721918556114613, -0.26059281172319293
37.016997966574195, -9.429375473229118, -5.741872653025765, -0.05653145612780721, -0.37103733419295104, -0.9268956203926406, -0.5483167524775792, 0.7873799990792064, -0.2817471845510972, 0.8343577970034864, 0.49230481785680025, -0.24795772400647623
37.07724751947246, -9.291020332467044, -5.310601858963362, -0.03320449537040901, -0.3676201634642623, -0.9293830625214264, -0.5486001197146922, 0.7839910350589107, -0.290509837348554, 0.835425263046445, 0.5002134268107635, -0.2277084923800848
37.13043972523261, -9.140555106846374, -4.882483045828467, 0.010855485124979868, -0.37317378083247743, -0.9276979507048053, -0.5488672730132319, 0.7732738223617726, -0.3174780500523337, 0.83583902460804, 0.5126294226331609, -0.19642861296937483
37.16778486941496, -8.974037030386812, -4.45867993108623, 0.0704677061285115, -0.3770146627691847, -0.9235227373757636, -0.5474437216965493, 0.7593246231422983, -0.3517548695680529, 0.8338702980488134, 0.5303640831983674, -0.15288644572079774
37.17880383361423, -8.790647527391101, -4.040438155340406, 0.13947110084999, -0.37305691263158786, -0.9172656932238771, -0.543773966748947, 0.7452983444090663, -0.38579819972003493, 0.827561287829371, 0.5525929041879679, -0.09891105664838638
37.153144887367915, -8.596818069861518, -3.627612036726167, 0.21127576611228985, -0.3604694576893469, -0.9085286570751707, -0.5382448540383636, 0.7329736706490597, -0.41598326316868134, 0.8158768459485082, 0.5768980570329492, -0.03916125683277333
37.08306846451942, -8.408170009011686, -3.217610024233914, 0.2798802611753049, -0.34304252239074273, -0.8966542629331775, -0.5313337540993328, 0.7225451913523065, -0.442281458133131, 0.7995945729925591, 0.6002085256687509, 0.019956065629066436
36.967642043628345, -8.241212628041115, -2.8084667755018495, 0.34092141732585224, -0.3276846069981513, -0.8811330124022135, -0.5227491662942538, 0.7129361508408856, -0.4673920773428286, 0.7813487674190027, 0.619955517082193, 0.07175834789176849
36.81624158312123, -8.097825467263132, -2.402007753409222, 0.3920439569791964, -0.322537732034641, -0.8615514768196061, -0.5110780217059255, 0.7023402648379086, -0.4954971322990414, 0.7649188136823747, 0.6345766807891435, 0.1105063105590902
36.640914256809666, -7.968462932793138, -2.000423078801109, 0.432261901914985, -0.33529257590949596, -0.8370952972588096, -0.4940658985130847, 0.6885059221110226, -0.5309034593450196, 0.7543530579770312, 0.6430695792509746, 0.13195825158994937
36.446687282827256, -7.846947392456602, -1.6051218479007243, 0.46063153155517284, -0.371887502096685, -0.805926968106555, -0.46935251705044284, 0.6686037935491692, -0.5767817455416507, 0.7533437508040732, 0.6439477098615602, 0.1334336542574715
36.23382045698863, -7.72810382830913, -1.218710800280641, 0.4749194669764963, -0.43514174364718083, -0.7649203637127541, -0.4355174872439235, 0.6390803119958854, -0.6339565230549968, 0.7647064915322084, 0.6342144887614386, 0.11399984234009916
36.00537550852358, -7.596618827089386, -0.8455720057555182, 0.47109887873473466, -0.5228403028066869, -0.7104251292120004, -0.39337658559093974, 0.5963415109937552, -0.6997368535203065, 0.7895066233817737, 0.6091098587502067, 0.075262684044708
35.77066912028485, -7.430200495710726, -0.4908544978228614, 0.44460234960995837, -0.6259939924127438, -0.6406717351221747, -0.3470527138317721, 0.5389951775975729, -0.7674885095873181, 0.8257621719013934, 0.5635740590106278, 0.022385608479089217
35.53897776545135, -7.217744255705302, -0.15956563450496608, 0.3935491564414781, -0.7296982159682682, -0.5591597044467059, -0.30356380061595245, 0.47097351114652375, -0.8282710732326184, 0.8677373337708821, 0.4957060272087095, -0.036158735724012105
35.31491163961589, -6.956208309924575, 0.14016774894374823, 0.3219884908015638, -0.818346516543662, -0.4760592301932452, -0.26998011071136085, 0.4025918075185291, -0.8746602633818715, 0.9074327256670947, 0.41015706184316475, -0.09130735462474952
35.11000733696926, -6.627655444154669, 0.3801132230877771, 0.239906659439578, -0.8824493010996594, -0.4046331990151884, -0.24960153003169194, 0.3467244004479847, -0.9041467062041558, 0.9381598323113076, 0.31790788150454574, -0.13707920307220567
34.97560540559029, -6.212794383122044, 0.5089258282668596, 0.15970050717296394, -0.9214130205289763, -0.3542510319086823, -0.24050963125771133, 0.3117259316074859, -0.9192290578717172, 0.9574188557162314, 0.23200213180725998, -0.17182591642679795
34.91296152183517, -5.771254352964345, 0.6075898682828844, 0.09293083924146006, -0.940946861508893, -0.325550092818973, -0.23783117442266513, 0.2965224636817927, -0.9249382471304859, 0.9668506563014858, 0.16338124846090507, -0.19623041573808653
34.87543516137672, -5.333410143788561, 0.7325028821821742, 0.05011462556805906, -0.9490525529464259, -0.3111073384702532, -0.23728232943529906, 0.2912659426392152, -0.9267476715893316, 0.9701472158605268, 0.12026388653440764, -0.2105967168635534
34.85678140175711, -4.898900911039788, 0.8724928598409906, 0.041752990747779405, -0.9530163965293307, -0.3000273915992763, -0.23674291076734047, 0.2823008490794314, -0.929655325811905, 0.9706747560151253, 0.1098452482143937, -0.21383297098365195
34.860480318244335, -4.466793322690813, 1.0208006414251602, 0.07689977595305406, -0.9560722594082847, -0.2828643831384706, -0.23496252276958818, 0.2583364620670389, -0.9370458287941077, 0.9689577066890591, 0.13852114335588914, -0.20477513396713076
34.89196124903618, -4.038044557345958, 1.1753544281779544, 0.15767160944503295, -0.9539660530734713, -0.25512434842334425, -0.22955244930917112, 0.21587053295544675, -0.9490551016762366, 0.9604401785593798, 0.20820346439229664, -0.18494858967797576
34.958616388940236, -3.6129849426536387, 1.3289243408514417, 0.27238232343896623, -0.9366671716515891, -0.22014195290358252, -0.21803898521660967, 0.1627544680529334, -0.9622733416522137, 0.9371589357220586, 0.31010577659730787, -0.15989851943429337
35.00554842232569, -3.1833865120461744, 1.4747732025648874, 0.3946697071972864, -0.8987572237268475, -0.19097454023931495, -0.20315110368800557, 0.11734745988669845, -0.9720901206824832, 0.8960833952769985, 0.42245121192505675, -0.13627003431384824
34.894858490962385, -2.7551548127616297, 1.5724871868631698, 0.49373264169587244, -0.8491422973737585, -0.1875778167450263, -0.19672287169526922, 0.10104846691785953, -0.9752380832830088, 0.8470703573351991, 0.5184077219181498, -0.11715478470661131
34.63526132698004, -2.38212607691183, 1.5995240774288486, 0.5471595829253698, -0.8053683923570712, -0.22803101412992488, -0.21461407139525254, 0.12833686482212134, -0.9682305766121941, 0.8090470883527664, 0.57871530282153, -0.10262264422677878
34.30651233480966, -2.0662606904759175, 1.5753991906614067, 0.5439915897708907, -0.7762914263402837, -0.31850395860822045, -0.2644522371110244, 0.20162176711532798, -0.9430873116060182, 0.7963279252578762, 0.5972606503159743, -0.09561145872031249
33.95991576981937, -1.7691369968882318, 1.572526012736854, 0.4831049525921932, -0.7530269885416032, -0.446721344138445, -0.3370906423710826, 0.3109173272929022, -0.8886508394273249, 0.8080714718431444, 0.5798972065090524, -0.10363265062832194
33.64093014284767, -1.45508696487467, 1.6584535751019982, 0.3779721791556191, -0.7185943008742508, -0.583745888666806, -0.41041481165673077, 0.4351292356675372, -0.8013876905968517, 0.8298775296133296, 0.5424802107159591, -0.1304549992313278
33.3873434203691, -1.1257340728009066, 1.8446976127185393, 0.26078562240621933, -0.666532132729228, -0.6983736644416281, -0.46416998020331457, 0.5477306667427311, -0.6960871685267713, 0.8464851378637758, 0.5056936154916238, -0.1665439240163222
33.242053331804144, -0.8058302422781092, 2.132795374030032, 0.17226439447855624, -0.608518081553714, -0.7746165004808017, -0.4928466498943801, 0.627627006277918, -0.6026495836541371, 0.852893403704603, 0.48558221282580555, -0.19178831169904853
33.228390168498386, -0.5366883900250305, 2.4998056324803364, 0.1430413200906311, -0.563470445596996, -0.8136585510430356, -0.5034736349553424, 0.6663630403247007, -0.5499769062370491, 0.8520877182846753, 0.48832505099364293, -0.18837506448697444
33.290419206786986, -0.3202687990029399, 2.8969828945101037, 0.18252696196816467, -0.5418235525508819, -0.8204335110512089, -0.5024442831387099, 0.6658610529094201, -0.5515240706982663, 0.8451234528137888, 0.5128901403999693, -0.15069855136861718
33.36906764262539, -0.1331844160087741, 3.306303983416596, 0.27775634201530336, -0.54007981214883, -0.7944590681586826, -0.4877797045838577, 0.6331707225376759, -0.6009707113638748, 0.8276003711129922, 0.5544444360171737, -0.08757278745841023
33.38179942140541, 0.07012745989524784, 3.714092440448456, 0.398617275631389, -0.5473574422191626, -0.7358696202558612, -0.4546012075059097, 0.5789368085195612, -0.6768824963576423, 0.7965186813266705, 0.6043442745558867, -0.018055140795378927
33.27846349056175, 0.3034849739455201, 4.091342132907441, 0.5106396760190572, -0.5559761747241068, -0.6558487740434542, -0.40543971108707366, 0.5169558862544562, -0.7539066602308935, 0.7581990252887315, 0.6508817901939025, 0.03856336662168192
33.05393400355242, 0.5407771212036416, 4.408253550928041, 0.5903780620382996, -0.5661316261408097, -0.5752814317767123, -0.3522339253508673, 0.46058371949329935, -0.8147354780354403, 0.7262127826579626, 0.6836355894925894, 0.07250775877999878
32.73166209422366, 0.7642603546180673, 4.64087090379838, 0.6314400250612693, -0.5817909479089125, -0.5126429436575448, -0.30832817073529223, 0.4182232377751021, -0.8544138707417728, 0.7114894474843967, 0.6975733770121674, 0.08470035302280901
32.38131949772148, 0.9943850194716567, 4.822547640068541, 0.6395637144160738, -0.6044368264692379, -0.47498881882641314, -0.28035194251834766, 0.391934368370748, -0.8762364060092526, 0.7157939951749414, 0.693573048566349, 0.08121196201223714
32.048142462050784, 1.2497355794756775, 5.0026779510603765, 0.6255443223830994, -0.6312236494138924, -0.45853135678476387, -0.266963371228731, 0.3790626157971254, -0.8860260107509438, 0.733092667509681, 0.6766596173303445, 0.06860687369274267
31.74342789580211, 1.5289503805844733, 5.197268719719362, 0.6010355616942826, -0.6572998048805858, -0.4546572556143605, -0.26271293607430607, 0.3747788488103092, -0.8891134504120589, 0.7548100203349554, 0.6538331446082886, 0.05257425428459364
31.46429555024069, 1.8259785385106169, 5.403619155415092, 0.5763757786582834, -0.67838455644602, -0.455615358994398, -0.26234384349288825, 0.37442331180770483, -0.8893721894439522, 0.7739293698765001, 0.6321404726407628, 0.03783851598671201
31.2047215031934, 2.1363402138530905, 5.615870920742943, 0.5594563359715228, -0.6912485658519506, -0.4573664049194477, -0.26301096579140515, 0.37523330589482573, -0.8888336166126438, 0.7860240708876484, 0.6175559783168337, 0.02812069754375554
30.959561441494447, 2.4571349350329528, 5.829771553549575, 0.5556765313790335, -0.6926236344346592, -0.4598870442805379, -0.26454133585838474, 0.3771030405660728, -0.8875872793241711, 0.7881887299986134, 0.6148705537089464, 0.02631972805380802
30.723637157613105, 2.785596666866273, 6.042442307518598, 0.5683082752822318, -0.6782517712093111, -0.46583284458823543, -0.26873238161378005, 0.3820993326582972, -0.884184939395752, 0.7776944202692474, 0.627673987698643, 0.03488199891868585
30.490418778591625, 3.118110528373087, 6.251782405935827, 0.5979326609054788, -0.6435979322723556, -0.47776378535552705, -0.27804835372857184, 0.39249684790364747, -0.8767185052082179, 0.7517749969314786, 0.6570600626734587, 0.05573533913259959
30.252257065521377, 3.449991202198814, 6.456502078851559, 0.6407969397226465, -0.5874232974579616, -0.49428043825919926, -0.2932652431270979, 0.4077102210379445, -0.8647357242734884, 0.7094890973198215, 0.6990752786823502, 0.08898862578722797
30.0023421751074, 3.7758293276097774, 6.656838029964888, 0.68851900780849, -0.5181953482661854, -0.5073609729982188, -0.3099519465624555, 0.4222182648808428, -0.8518576921194966, 0.6556457631286556, 0.7437777341627653, 0.13008964391966638
29.734673835731666, 4.087710432772714, 6.856341615724105, 0.7317053341766624, -0.45882601388472455, -0.5040694326380776, -0.31585773179373994, 0.4270853537618214, -0.8472496644249874, 0.6040208582520414, 0.7791513264987711, 0.16757688746265945
29.435868413308086, 4.359677634588835, 7.068314551751681, 0.7637499105846165, -0.44086986851281607, -0.47150804141550173, -0.29337386404885385, 0.41357516134725786, -0.8619091377921656, 0.5749937825533724, 0.7966111629610031, 0.18652829563067153
29.086532851226195, 4.481330669690868, 7.326673176246899, 0.7770801560114062, -0.485786582368761, -0.40019723577726973, -0.2291136019941557, 0.37388747231716335, -0.8987297232347142, 0.5862195736364935, 0.7900756637403543, 0.1792402216319942
28.729551262010528, 4.450922353530243, 7.609897133998487, 0.7578867990424853, -0.5850880413899714, -0.2885820224123162, -0.12669288740628804, 0.30192881615701256, -0.9448745431297652, 0.6399660241901856, 0.752669232662311, 0.15470137066534007
28.362088980705934, 4.518092636880457, 7.870432030511675, 0.6983900624074368, -0.6990266114860425, -0.1536656017620009, -0.012069036433904952, 0.20316878183369896, -0.9790693460872768, 0.7156155805249726, 0.6856268974614053, 0.1334544805817858
27.996883613086727, 4.691304516835863, 8.081031760595739, 0.6190262332671636, -0.7847056436109644, -0.03230441784291188, 0.08022257131812191, 0.10409521976439767, -0.9913266486246148, 0.7812623513123976, 0.611065657771163, 0.12738877625018602
27.721183160122393, 5.00270854244523, 8.05132560281678, 0.5621070153741681, -0.8260657656613718, 0.04063316464953654, 0.13016310278891524, 0.03984022812142823, -0.9906918405314514, 0.816757779234154, 0.562163772423592, 0.12991775488734714
27.67199805821413, 5.4097186239863, 7.850551693015147, 0.5577002934452714, -0.8283476589898016, 0.05301451251472054, 0.13759924332973789, 0.029277374957086565, -0.9900551921740048, 0.8185577749469745, 0.5594488280099776, 0.13030801169583087
27.61192702949213, 5.832341335922706, 7.691965970949852, 0.6038765222453965, -0.7969323837251351, 0.015228974061934707, 0.11116213443609721, 0.06528320953512781, -0.9916557277706833, 0.7892883666622841, 0.6005304974128846, 0.12801170231122339
27.419397703521792, 6.239869231115645, 7.633277414124578, 0.6757782039034531, -0.7354038425271084, -0.05005005020364048, 0.061998414470210914, 0.12436921756379109, -0.9902971747539979, 0.7344930331406847, 0.6661182223291405, 0.12963987869811794
27.134218400142807, 6.5953397785488574, 7.650373023717998, 0.7470801504628855, -0.6539413087208837, -0.11929800305441146, 0.0033307537525401687, 0.18314762058012654, -0.9830797806664919, 0.6647256237454613, 0.7340420381859992, 0.13900406940788354
26.798525338374496, 6.898055972092416, 7.714134851876057, 0.8039694357789587, -0.5675842166676041, -0.17742971375472882, -0.05279327033621092, 0.2290650046109803, -0.9719784433153749, 0.5923225615663061, 0.7908080555055026, 0.15419663552469512
26.433081979396967, 7.156515864588513, 7.805071382611563, 0.8447573087218011, -0.48787667500192733, -0.21991234469707094, -0.09963903763514353, 0.2603597947894311, -0.9603566209676214, 0.5257919279907615, 0.8331801289314749, 0.17132927716385454
26.049909247242525, 7.382035451802526, 7.910078272970195, 0.8730400921296797, -0.41947004412249866, -0.24868831821794404, -0.1359618501448474, 0.28037042718325683, -0.9502140805451518, 0.468311192306345, 0.8633871122763804, 0.1877427002992725
25.65468546539405, 7.580865987149258, 8.02406892830626, 0.8927790081545173, -0.36254836286536685, -0.26740293039209323, -0.16321880389795376, 0.2929312951759734, -0.9420991871138877, 0.41988720467853946, 0.8847315643121189, 0.20234820102257717
25.25011737038328, 7.754647030660688, 8.14595192319714, 0.9067595277869972, -0.3162028086988641, -0.2789317883254819, -0.18305969629547592, 0.30070682927024056, -0.9359831998612189, 0.3798372103411012, 0.8997728527807382, 0.214784792383218
24.838031812234362, 7.903792592776797, 8.27510484095274, 0.9167118182534394, -0.2800504828883181, -0.28497573459593556, -0.19641419799733015, 0.3052463596081845, -0.9317972541121896, 0.34793807653020503, 0.9101628354201081, 0.22481705433638804
24.420148202309626, 8.030366224176811, 8.409650531705955, 0.9237264152646263, -0.25422042051347243, -0.2865335713949002, -0.20370923607933855, 0.3074566797051178, -0.929501445529095, 0.32439490883541233, 0.9169745732018189, 0.23221880893460517
23.998035460987666, 8.139317938090619, 8.546471306500006, 0.9285037823595258, -0.23873972804065008, -0.2844012454247183, -0.20536906803445634, 0.30793542784771466, -0.9289775660213242, 0.3093610706580795, 0.9209664024986587, 0.23688945402859407
23.572994387606084, 8.237490629423649, 8.682399269650153, 0.931450016015961, -0.2331191101626764, -0.27938566201726944, -0.20208175098738307, 0.3071049486905346, -0.9299728578876146, 0.30259516450488644, 0.9226819771550467, 0.23894379140608504
23.14606926101658, 8.331675129626248, 8.815243041348879, 0.9327151475112143, -0.2364638194834618, -0.2722633204793229, -0.19471548394099397, 0.305238568452895, -0.9321562619231025, 0.30352649623510336, 0.9224501495496221, 0.23865746935539575
22.7182099573751, 8.42735301715991, 8.943923168438667, 0.9321819386144077, -0.2480574355140124, -0.26363676148689175, -0.1840179799881109, 0.3024460323444792, -0.9352346125759982, 0.3117277920914013, 0.9203227185098137, 0.2362877005527928
22.290247303725348, 8.528345622029605, 9.068122699645603, 0.9293534249399764, -0.26808770385321495, -0.2538330053303681, -0.17033181329422903, 0.29863962436220415, -0.9390428361585543, 0.3275504311281481, 0.915938512021147, 0.2318778930045981
21.86288853959321, 8.636924189049248, 9.187919013408418, 0.9231442560282361, -0.29798698010386315, -0.2429165335061701, -0.15354452373736183, 0.29350095558502126, -0.9435471733310138, 0.3524610074779069, 0.9083286567973397, 0.22518945234712842
21.43665974486466, 8.754137507411633, 9.303522030963954, 0.9117073910255833, -0.33988692011740274, -0.2307953957132389, -0.13336949837484832, 0.2864903060074592, -0.9487549111688401, 0.38859002824643557, 0.8957679309379516, 0.21586478140395146
21.01191756749598, 8.880419709110994, 9.414989696281292, 0.8925358776217001, -0.39514629877970886, -0.2173455997225585, -0.10984343006978622, 0.27694988536276394, -0.9545853455129383, 0.437394705076051, 0.875875655306305, 0.20378348415213998
20.58914857799073, 9.016981357531963, 9.521692345885835, 0.8630734792451382, -0.46269724349929603, -0.20252266609405795, -0.08374345267042028, 0.2643303068011168, -0.9607895310843394, 0.4980875460785274, 0.8461919107180006, 0.18938861284905742
20.170451984832976, 9.170370034452105, 9.621168295370115, 0.8217783363237952, -0.5384225433340932, -0.1864980717823698, -0.05663702170632031, 0.24849630001386522, -0.9669756132662586, 0.5669855498345027, 0.8052023060753525, 0.1737142267340276
19.766677470324957, 9.364455751201268, 9.70912720345462, 0.7690533473243271, -0.616218052859469, -0.16980064870115452, -0.030508003996502032, 0.2299615283006135, -0.972721418081146, 0.6384561149064183, 0.753254941458555, 0.1580531002760514
19.39781816140234, 9.62149122195967, 9.78840817118325, 0.7073329372867341, -0.6900592587253049, -0.1532916673430226, -0.007153849613145349, 0.20985734720351149, -0.9777058434214339, 0.7068443522198036, 0.6926601715648067, 0.14350243364758236
19.06112879799351, 9.920931942258722, 9.863436873526414, 0.6403218374441041, -0.7556475237983364, -0.13778521063470064, 0.012384025461253818, 0.18951589923791173, -0.981799551766765, 0.7680068882539931, 0.6269613574324086, 0.13070912699934337
18.74829289072421, 10.246943789433715, 9.930812482561203, 0.5720590078485296, -0.8108842042443128, -0.12335030947031835, 0.02816165221224343, 0.1697175958671438, -0.9850902796179412, 0.8197288654695725, 0.5600560194838943, 0.11992431845052609
18.46313972149813, 10.599608535837941, 9.984890075534976, 0.506229611969349, -0.855525563103047, -0.10866273897972974, 0.041298815640602796, 0.14990528758466168, -0.9878374423865717, 0.8614093032885389, 0.49558492272402155, 0.11121868807255259
18.2189151227326, 10.98310404935688, 10.027673307045905, 0.44559641428533414, -0.8906005188488808, -0.0909645612431416, 0.053496887650839535, 0.1279181199288809, -0.9903408694008008, 0.8936341077799831, 0.436426019412185, 0.10464421146106864
18.015225376332477, 11.389090372593717, 10.076286974613565, 0.39157030523040415, -0.9177020845648811, -0.0670490868471748, 0.06623267572514972, 0.10078916603269672, -0.9927007488043518, 0.9177613680734525, 0.3842712947849545, 0.10024790908662064
17.834374871431912, 11.804945374956347, 10.132070325689824, 0.3445263865109678, -0.9381138185091943, -0.03527084518116302, 0.07994506998713886, 0.06675332259848828, -0.9945616017657296, 0.9353664280817688, 0.3398329846323934, 0.09799585589907774
17.670477150413262, 12.228742179394859, 10.179727734794476, 0.30548390450680346, -0.9521953179334351, 0.0019132676034445335, 0.09355250061845957, 0.028013854075149267, -0.9952201533368832, 0.9475903723209261, 0.3042027292538653, 0.09763803459302245
17.52270073434468, 12.66007718395249, 10.208665761368454, 0.278768670787466, -0.9596866780285453, 0.03590972294413455, 0.10449500298645538, -0.006858852717795601, -0.9945017599231568, 0.954656389775007, 0.2809883203158641, 0.0983704290313874
17.390254196574016, 13.09727813012866, 10.212973874066954, 0.2737815609244845, -0.9603861564190068, 0.05198160690551776, 0.10905188338414344, -0.022700994365827138, -0.9937768117566308, 0.9555895267467743, 0.2777464588676689, 0.0985168054615372
17.276624380958136, 13.538836317589025, 10.185443893860159, 0.30321801055367775, -0.9523674843018947, 0.03248096242955685, 0.10195629935274672, -0.0014665335071556195, -0.994787797624079, 0.9474511866572141, 0.30494921564738103, 0.09665518495085626
17.190168369680567, 13.98195714845625, 10.116662376666078, 0.3761395971247184, -0.9258417418675827, -0.03655232537684686, 0.07487552796460509, 0.06969251856564641, -0.9947545466938056, 0.923532705856634, 0.37142969977046447, 0.09553700508989407
17.12871618932575, 14.422031038523434, 10.010482065365139, 0.4874796313298439, -0.8591160047019103, -0.15583099660705113, 0.01690578402180879, 0.18772677180523448, -0.9820757881213615, 0.872970677345538, 0.4761074979588252, 0.10603700713552719
17.057126481635237, 14.861121272731058, 9.90729216656389, 0.6118420198984127, -0.7302220854481062, -0.3040148822186985, -0.07772517987965563, 0.3269879532470488, -0.9418267753913036, 0.7871519161504377, 0.5998788080563644, 0.14330832685357076
16.918846812646905, 15.293343939741703, 9.883000889730324, 0.714186337292881, -0.5427257815089449, -0.442025566805456, -0.19841857899844953, 0.4486248919308409, -0.8714159591425196, 0.6712435795837571, 0.7100594569650815, 0.21271489003367394
16.65788315288018, 15.621479583425337, 10.041825436231168, 0.7746939258219779, -0.33477684614006686, -0.5364455094257399, -0.31877361779829994, 0.5259050206387929, -0.7885475824975271, 0.5461068594060278, 0.7818876981737344, 0.3006973986489808
16.32813130497225, 15.74121836127792, 10.329379496810745, 0.8003271554863765, -0.153401301144125, -0.5796071816311242, -0.4129399504706525, 0.5598514217250716, -0.7183641018993857, 0.4346918926048433, 0.8142692591518518, 0.38471877014764166
15.986909174225046, 15.729691514106666, 10.632182531197838, 0.810754029401051, -0.024758098950315492, -0.584863180877653, -0.46970320818533506, 0.5687651544279642, -0.6751926357188279, 0.3493662834767597, 0.8221272624386693, 0.4494996822298498
15.636636082834016, 15.67272657958878, 10.919906098585578, 0.8202216521790324, 0.05049802607253851, -0.5698125925771348, -0.4923485962763229, 0.5694765076416533, -0.6582471929214742, 0.291254701320739, 0.8204550302161863, 0.49195959422652163
15.274357942272008, 15.611336714328349, 11.191451593718684, 0.8327235574746564, 0.08500191737664108, -0.5471253520620729, -0.4910708019431376, 0.5698527538577809, -0.6588757898114236, 0.25577518313096037, 0.8173386770262363, 0.5162717721620326
14.901026562539288, 15.557627765709864, 11.449323496917117, 0.8463870577503286, 0.09257121831700482, -0.5244611692127903, -0.47652146408550894, 0.5713838512947582, -0.6681674855493738, 0.23781556454224081, 0.8154453163878466, 0.5277240692280202
14.518368381313023, 15.508637631431442, 11.694142551075316, 0.8580426985572781, 0.082151325168747, -0.506965370834698, -0.45676437100815603, 0.5733574609488343, -0.6801672818886759, 0.23479573426718725, 0.8151762887543558, 0.5294889813986763
14.127102764861514, 15.457973865085043, 11.924588513189711, 0.8648379529971678, 0.05711443176774538, -0.4987917969849906, -0.4369348652243595, 0.5749504587977525, -0.6917513234390121, 0.24727158875827077, 0.81619232513673, 0.5221942644082365
13.728117533161676, 15.406053022204535, 12.141111439991178, 0.8640050113551119, 0.01769366902182388, -0.5031722115039731, -0.4202468688104503, 0.575740160418706, -0.7013671199422276, 0.2772866920864849, 0.8174412527867607, 0.5048780928443479
13.323842513222024, 15.36132156005917, 12.349269858041065, 0.8524974409389022, -0.03564085553105295, -0.5215149495552716, -0.4090135010007708, 0.5757786094655143, -0.7079455832767455, 0.3255089387278256, 0.8168284534092659, 0.4762722000172918
12.917616740849938, 15.332939866755797, 12.556453945163152, 0.827599385050257, -0.09951645259583188, -0.5524271296082209, -0.4049516455390541, 0.5756671569907126, -0.7103671509419918, 0.3887073740484593, 0.8116056924547609, 0.4361224338822521
12.514115570577497, 15.33122666266812, 12.770635674987323, 0.7886651168201126, -0.16685319163496126, -0.5917493945517349, -0.4088453612805027, 0.5765052343766609, -0.7074511893379828, 0.4591871122652869, 0.7998760698867908, 0.38645241460227514
12.12202476652479, 15.370423659074616, 13.00145091261613, 0.7387405445964457, -0.2284659306052428, -0.634086529049488, -0.4201575306289944, 0.5795137027845578, -0.6983061776475108, 0.5270010030589054, 0.7822833162209275, 0.332118587160213
11.760342088253998, 15.464644504138812, 13.262710635447686, 0.6841429541931668, -0.27631355771959737, -0.6749809153214519, -0.4371485845084443, 0.5854549561716835, -0.6827471049783189, 0.5838232037955583, 0.7621635730696863, 0.27974480262471235
11.446841124581086, 15.60940088176227, 13.561587506592906, 0.6316224231379368, -0.30634836324372505, -0.7121824168899789, -0.4575546664483817, 0.5942720145533371, -0.6614261107108098, 0.6258568860375919, 0.7436339509843597, 0.2351844066742518
11.16371541783997, 15.776289116583907, 13.878845973366706, 0.5851448265505785, -0.31929509668449174, -0.745423485808124, -0.4793667328914726, 0.6052265556515082, -0.635537844452372, 0.6540742063084655, 0.7292129027708253, 0.20108574060459417
10.897239009563371, 15.944167844692107, 14.20978301849851, 0.544649927768715, -0.31941837338850576, -0.7754536471791041, -0.5012225836207184, 0.6173581827045255, -0.6063371965468866, 0.6724078954400413, 0.7189163908199666, 0.17614438725173082
10.654715640766247, 16.11204453293939, 14.558748347551203, 0.507242566336189, -0.31244172277207877, -0.803171929768398, -0.5223017619253247, 0.6298536501519864, -0.5748784644426339, 0.6854967894792641, 0.7111009416822867, 0.15629971961646913
10.403963962252027, 16.24162665885049, 14.917757418173014, 0.46957808119498895, -0.3036540858044417, -0.8290299281904732, -0.5419675211992773, 0.6421203094245851, -0.5421740626307995, 0.6969703233469438, 0.7039003511852682, 0.1369549706104633
10.173544693251742, 16.3882049257712, 15.284213288598263, 0.4299298538134572, -0.2966991092295209, -0.8527191562187095, -0.559517276991629, 0.6536835884139593, -0.509547037069319, 0.7085906699553783, 0.6961805834843846, 0.11502981192512624
9.951289916240887, 16.522872949753314, 15.660060676983786, 0.3889944682539129, -0.2931353251781604, -0.8733584514966061, -0.5742741566019829, 0.6641268485957418, -0.4786906329074861, 0.7203419304239735, 0.687755196350404, 0.09000162868571142
9.751083982667513, 16.64067362547228, 16.05330766641365, 0.3492057731526804, -0.29263912458382774, -0.8901784488290253, -0.5859266261162817, 0.6731669404490491, -0.45114992972897316, 0.7312628233438576, 0.6791234151825994, 0.06360872696331017
9.587475671580352, 16.762937693413768, 16.461936348022853, 0.31306821097323756, -0.293627664326954, -0.9032004705600601, -0.5947720060669952, 0.6808079257479123, -0.427488981188834, 0.7404286299685194, 0.6710315663072214, 0.038497804381790936
9.447227958733588, 16.89952043595183, 16.874802762508967, 0.2815865867919925, -0.294001604341259, -0.9133849411850414, -0.6016362655227436, 0.687447850127651, -0.4067545419079146, 0.7474910020506484, 0.6640621281172694, 0.016694066421368142
9.32362128183805, 17.039726501934876, 17.291736634422048, 0.25375183003486457, -0.2916624552164227, -0.9222488931796479, -0.6075638503026025, 0.6938375103131564, -0.3865949780945393, 0.7526461164182234, 0.6584242716513182, -0.0011410262912024682
9.209307683129694, 17.178260045958837, 17.711833888270807, 0.22720020047359382, -0.2845839600498139, -0.9313388419834775, -0.613501848297405, 0.7008874193756014, -0.36383005304218313, 0.7563038748019388, 0.6540403619375305, -0.015351023294799204
9.077587481078478, 17.31316527820256, 18.128052888788798, 0.19936123553565258, -0.2705381480976514, -0.9418408613930441, -0.6200880930041471, 0.7093999348326414, -0.33502610252624276, 0.7587791870367679, 0.650815521390922, -0.026330636841599392
8.983047539071789, 17.451488525606116, 18.55316507307164, 0.168337910444451, -0.24689486013234202, -0.9543087948601475, -0.6275139550409693, 0.7197719029421665, -0.29690847741998355, 0.7601898342756476, 0.6488230388751958, -0.03376507202302234
8.89060564678951, 17.583399863611657, 18.98073311608321, 0.13328094494087878, -0.2109858440344713, -0.9683600380709275, -0.6354095311993047, 0.7316499198136608, -0.2468666087135794, 0.7605859040087097, 0.648207812706485, -0.03654742356895012
8.806430080281078, 17.707312353292114, 19.4123410899426, 0.09448113172150403, -0.16127160884574607, -0.9823771088176517, -0.6428030156216538, 0.743629671437455, -0.18389995885135718, 0.7601826088883722, 0.6488500442614824, -0.033406903561100404
8.743715451076621, 17.823879218684638, 19.849715144724208, 0.05340302641493081, -0.09900725969275836, -0.9936526955117956, -0.6483409527704342, 0.7533748550938714, -0.10991058489978967, 0.7594749013169901, 0.6500952931997117, -0.02395796379347008
8.703122477453944, 17.916284339976453, 20.295301137751924, 0.012553189339385033, -0.029415511565318467, -0.9994884417124393, -0.6508913417599921, 0.7585579920637248, -0.030499736033731278, 0.7590671107743284, 0.650941241861046, -0.009623979692027034
8.684806589100102, 17.969084669304678, 20.74874803279948, -0.02509443760023281, 0.038889659896620576, -0.9989283575685762, -0.6502623448688597, 0.7583244150335707, 0.045858089904017164, 0.759295167933512, 0.6507162791241033, 0.006258756721735963
8.67661460784635, 17.993555118485382, 21.205334557136677, -0.0570217837520373, 0.09651449763761032, -0.9936968692330149, -0.6474410979926127, 0.754077779662719, 0.11039350908936492, 0.7599793028812403, 0.6496550268909673, 0.019488592238555855
8.718862620160552, 17.921351664956685, 21.65255953222978, -0.0817778378421216, 0.13642034815438123, -0.9872699093192829, -0.6440854496783819, 0.748709168771078, 0.1568072514608876, 0.7605697329965637, 0.6487095414802829, 0.026638544291625182
8.773015710372752, 17.811794868960465, 22.090465220361317, -0.09874373395671948, 0.15547091859938378, -0.9828929079376595, -0.641729403530928, 0.7449489038548882, 0.18230332769656185, 0.7605478601956119, 0.6487525908351075, 0.02621122348559113
8.800546320497164, 17.73482020762251, 22.53839425930589, -0.10741443337929811, 0.1537750457290108, -0.9822501589782742, -0.6413125423790839, 0.7442327662585042, 0.18664354426148894, 0.7597238725280917, 0.6499775572573682, 0.01867652464096696
8.852186694693687, 17.643614916227126, 22.982169078344853, -0.10715144888180313, 0.13307349141736977, -0.9852969161042379, -0.6430965429057622, 0.7465039175349415, 0.17075929728024283, 0.7582515436879687, 0.6519381465959608, 0.005590125923099057
8.907388160986208, 17.574241297130513, 23.427485760610423, -0.09787925871651558, 0.0958157234538589, -0.9905750844091118, -0.6466794331681922, 0.7504510403206944, 0.13648789982578313, 0.7564557894750831, 0.6539438685549404, -0.011491533797885792
8.976669724351902, 17.495653046735047, 23.866125935670198, -0.0811242206946681, 0.04542946839780025, -0.9956681295581254, -0.6510755064927076, 0.7539584883724575, 0.08744874302345944, 0.7546651877898881, 0.6553493428792098, -0.03158628065855333
9.045712754282382, 17.404354756776385, 24.306299308406132, -0.06026129197974923, -0.01317180298683722, -0.9980957270197119, -0.6550939272194616, 0.7549678441151106, 0.029588863992469367, 0.7531404405614628, 0.6556295127267061, -0.05412410583675071
9.106831719183623, 17.366248601237377, 24.756248396642352, -0.03947420126804917, -0.07408494328596392, -0.9964703751805997, -0.6579282206704027, 0.752487545296528, -0.02988227934886454, 0.7520453735511757, 0.6544264017839755, -0.07844641972933736
9.076209466894875, 17.416196279377864, 25.20940703247361, -0.02217802270136014, -0.13194238864722152, -0.9910092539361697, -0.6594587579996534, 0.7469548773252398, -0.08469095428433128, 0.7514135225071564, 0.6516514538601917, -0.10357654597101512
9.101693643398503, 17.460337736969393, 25.663382548757582, -0.010142334765861877, -0.1832827036147054, -0.983007926520016, -0.6600501731992362, 0.7396924672392783, -0.131106150767718, 0.7511530482565824, 0.6475048296848088, -0.12847798889183765
9.104639382580444, 17.53556930904333, 26.1135440356704, -0.003715517871274334, -0.22686808363869784, -0.9739184090841763, -0.6601667027286898, 0.7320863656908686, -0.1680163021193643, 0.751109925067748, 0.642324237278682, -0.1524908347051765
9.09576567737204, 17.63733876952268, 26.559177127076506, -0.0024533582896344736, -0.2631862052519453, -0.964741935648173, -0.6601437551070853, 0.7250823131055287, -0.19612715725939725, 0.7511352765156348, 0.6363871939209783, -0.1755196165309281
9.1046123446778, 17.749441648992345, 27.000485378392497, -0.005365535408886607, -0.29378945579136395, -0.9558550971227753, -0.6601489519671818, 0.7190189462878495, -0.21729039577427714, 0.751115551860303, 0.6298408612855512, -0.19780272295564547
9.069086971670583, 17.890071677855556, 27.428286814008775, -0.010804166721383937, -0.3206024748323542, -0.9471522174987641, -0.6602345615085109, 0.7136642875662416, -0.23403762185219973, 0.7509817532877353, 0.622814047516543, -0.2193833823354462
9.094245039766674, 18.028104374882, 27.856976696886676, -0.01667730818735826, -0.3449082212427319, -0.9384882451638904, -0.6604029699273439, 0.7085434872207743, -0.24866452104827472, 0.7507261715850644, 0.6156333694953507, -0.23959501176158404
9.081919807213978, 18.17386358325977, 28.283080648626253, -0.0214346675916872, -0.3661535862354258, -0.9303075331911327, -0.6606252803865649, 0.7036199572138349, -0.2617120454327113, 0.7504097506958491, 0.608974964261535, -0.2569721754650802
9.08171522623652, 18.341659655511286, 28.704155087464226, -0.025330872913464694, -0.3815181296146043, -0.9240142118240475, -0.6608169697274808, 0.6999564760728678, -0.27089087124493955, 0.7501195100766488, 0.6037423692097704, -0.26984416284837753
9.132881555600644, 18.479879823772375, 29.139960980947667, -0.030762967093514382, -0.3871300807281626, -0.9215117690246879, -0.6608240974577838, 0.69958296916497, -0.271836681618633, 0.7499100959946524, 0.600594680171021, -0.2773461340555521
9.198146099424086, 18.642753244655577, 29.571995862797234, -0.040925950810494334, -0.3804956367573603, -0.9238766892604596, -0.6603930896527829, 0.7041896424094338, -0.2607640977246009, 0.7498039968479152, 0.599449762642279, -0.2800963198241042
9.117185383270332, 18.90975219994757, 29.910116624824685, -0.05746734564871196, -0.36246619585072715, -0.9302235005898281, -0.659153994088861, 0.7135766822481229, -0.2373274755026552, 0.7498089865164284, 0.5995219557424598, -0.2799283985628161
9.164065834492414, 19.063331233951764, 30.34183402885948, -0.07887606877410436, -0.33729780427502887, -0.9380878194529482, -0.6568387972304375, 0.7254550317748654, -0.20561563978793357, 0.749894232693928, 0.5999543216810539, -0.27877132504727187
9.14798468409099, 19.25041128356556, 30.74973876362594, -0.1008556237104355, -0.31076391017034777, -0.9451211220270209, -0.6536764885344298, 0.7368458216223935, -0.17252618205628098, 0.75002346063525, 0.6004032205886771, -0.27745410648153673
9.228349848121244, 19.345191463701568, 31.196914306672085, -0.11833689866990663, -0.2876790573397729, -0.9503878883809956, -0.6504531238958058, 0.7456337925634401, -0.1447099892946175, 0.7502713589278054, 0.6010582395704767, -0.27535773208149394
9.263208277934408, 19.50331187268775, 31.621342832018986, -0.1276777511411424, -0.27047930502296735, -0.9542218491618357, -0.6480460622596148, 0.7510748775052631, -0.12618569479248237, 0.7508226775033823, 0.602268606134129, -0.27117859984133225
9.353456842343103, 19.610129246363606, 32.06044443134232, -0.1278851835272143, -0.25937119898311906, -0.9572731903549112, -0.6468940654658858, 0.7534385215106086, -0.11772197062964194, 0.7517801858916134, 0.6041994500510302, -0.2641393129748083
9.421225757241173, 19.72855423832978, 32.496300651422985, -0.12065381661411978, -0.2532477862124083, -0.9598480167791986, -0.6468497198037831, 0.7535115490903679, -0.11749802286507341, 0.7530126801895262, 0.6067008358045574, -0.25472730381299524
9.493494966112175, 19.843229213184813, 32.932825144887005, -0.10958177124338013, -0.2504247581448954, -0.9619143807632955, -0.6474000109644957, 0.7523058219177249, -0.1221031371909307, 0.7542314374343823, 0.609363102605308, -0.24456399565123768
9.553932647479746, 19.955482429207287, 33.37162697511053, -0.09899872158695924, -0.24897452388881502, -0.9634370449481823, -0.6479903241595002, 0.7509065934908943, -0.12746696688776646, 0.755187256857406, 0.6116788162967873, -0.23567187522898747
9.59573770561423, 20.051061244080955, 33.816121470498175, -0.09278418222924219, -0.2469448910124815, -0.9645772733850224, -0.6482248715442627, 0.7503151315274319, -0.12973711617111228, 0.7557748417614039, 0.6132254269058046, -0.22969319614807687
9.62661163899059, 20.18549102834763, 34.25193448328549, -0.09347188026823765, -0.24265703918605933, -0.9655985547485951, -0.6478719126499995, 0.7512438674723737, -0.12607393221591065, 0.755992719805126, 0.6137998150200161, -0.22743085692808362
9.659703038062425, 20.28836218107321, 34.69514541750339, -0.10177380717623932, -0.23499491752422247, -0.96665375440777, -0.6467667174856145, 0.7539391800358128, -0.1151890878504103, 0.7558669891758317, 0.6134762436677643, -0.2287181521645209
9.688695147078743, 20.414151293120472, 35.13376637101236, -0.11652137334499987, -0.22356403467655347, -0.9676992776441119, -0.6447697043438233, 0.758131646958999, -0.0975112005854421, 0.7554434445504005, 0.61258103813159, -0.23248585722028284
9.727764271717117, 20.526391029085396, 35.5760806085697, -0.1350249528158509, -0.20878391355195172, -0.968595653283148, -0.6418557789012078, 0.763146660214242, -0.07502222400710257, 0.7548439714326406, 0.6115688452216801, -0.2370530032419327
9.766032376825967, 20.63810627236457, 36.013944725917696, -0.15385772802068892, -0.1920253272072182, -0.9692543903636818, -0.6382682260720118, 0.768131968156987, -0.05086207901925226, 0.7542820898809668, 0.6108187564296256, -0.240746704398143
9.827708980707298, 20.685938964847722, 36.45246440851624, -0.1698888691108485, -0.1756283980321888, -0.9696867731163936, -0.6345799230060957, 0.7723240234380353, -0.02870407877049686, 0.7539536414593504, 0.6104672543430419, -0.2426595102299785
9.93350208636347, 20.83015219018276, 36.900825481948736, -0.18114888553874103, -0.16240661046264546, -0.9699531814196531, -0.6315357843942788, 0.7752560014098632, -0.011861083740251157, 0.7538883433888438, 0.6104115211527588, -0.24300234679196028
10.00526452473873, 20.909659306730802, 37.331153123246715, -0.18714509137464688, -0.1545443393163562, -0.9700993567463315, -0.6297155092623516, 0.7768225082801826, -0.0022733287801540636, 0.7539463456830547, 0.6104611681463094, -0.24269748663019008
10.052926063537598, 20.929256439208984, 37.55293273925781, -0.18356602873537042, -0.1422999592206197, -0.9726531934354276, -0.6090298365755715, 0.7931465523779931, -0.0010975480109859936, 0.7716127080699605, 0.592173342912963, -0.23225968373402317
10.052926063537598, 20.929256439208984, 37.55293273925781, -0.1609625673253146, -0.10221421736653866, -0.9816533531181918, -0.5240764806018317, 0.8516667782623967, -0.002746139863041286, 0.8363222431575291, 0.5140194087505796, -0.1906545384397212
10.052926063537598, 20.929256439208984, 37.55293273925781, -0.1340516746172834, -0.06449864141153161, -0.98887313331305, -0.4335707285970067, 0.9011195388536696, -1.0493963242819149e-07, 0.8910929086443025, 0.42874643083321046, -0.1487613061640033
10.004199748586476, 20.921954660493, 37.1807594970047, -0.1304352798469698, -0.06936023137189684, -0.9890277023801101, -0.4343527965560592, 0.9007236126047925, -0.0058840309399737, 0.8912487228014261, 0.4288194631779308, -0.14761294694103838
9.94630797959398, 20.836576567011683, 36.81540944679406, -0.12208168539472589, -0.07981787884421031, -0.9893053968861153, -0.4359853777945922, 0.8997575315661753, -0.01879187960927976, 0.8916349098372551, 0.42902854288118636, -0.144643343962853
9.869367496090508, 20.774432638277084, 36.389164046247735, -0.1086914792022633, -0.09519398398346605, -0.9895070832299179, -0.438228321699149, 0.8980491161607558, -0.03825863332154711, 0.8922679532570759, 0.42947164094529106, -0.13932698666872773
9.865516027188091, 20.769288239763963, 36.024759659157006, -0.09137210887903369, -0.11361704469821285, -0.9893140577556968, -0.44061126443673954, 0.895543768016265, -0.06215362594963935, 0.8930357503316738, 0.430223810035282, -0.13188867240316737
9.8364201573597, 20.67355004984214, 35.63630752386598, -0.07242835638302958, -0.132873865093582, -0.9884830141012769, -0.4426863479152986, 0.8923950290213892, -0.08752090920076891, 0.8937465695380701, 0.43124893988624086, -0.12345615126807312
9.82722950200689, 20.604595442346657, 35.245351383862875, -0.054781308692099934, -0.1508110997229058, -0.9870435757444291, -0.44419991473782866, 0.8890027368858362, -0.11117809836653296, 0.894251331542138, 0.43235419046177925, -0.11569101099589763
9.813796084539245, 20.504297040474825, 34.85128485479484, -0.04124111817025061, -0.1656426434331515, -0.9853231372745416, -0.4451358309682754, 0.8859318909231624, -0.13030263479106163, 0.8945128630490734, 0.4332288071236581, -0.11027029753275339
9.830987682441451, 20.47751668509151, 34.46361327343002, -0.033973291803326235, -0.17643410815737154, -0.9837259887401364, -0.445634239155197, 0.8837031174215213, -0.14310459514653526, 0.8945702545561276, 0.4335202483600945, -0.10864738342540645
9.799038345779856, 20.349437813332706, 34.07580811531656, -0.03422033366271784, -0.18354605161947496, -0.9824152969589355, -0.44585398547421085, 0.8825565882260883, -0.14935893751459633, 0.8944513359600815, 0.43290266286271323, -0.11203611955792475
9.80566117432008, 20.299523237051964, 33.68233118200863, -0.04211295719711289, -0.18859930261965735, -0.9811507539045634, -0.44589012262424765, 0.882349744612699, -0.150469022486485, 0.8940964698410613, 0.431148734467914, -0.1212529231996847
9.784251600874436, 20.241608858162447, 33.28680403418731, -0.05645401863435181, -0.1938097039595373, -0.9794134685775711, -0.44580596527409033, 0.8826474595605971, -0.14896477253787424, 0.893347628365391, 0.42821870671695395, -0.13623051828276447
9.739646714710634, 20.156809792198562, 32.89885681499267, -0.07462328083476184, -0.20097659919293903, -0.9767495956151182, -0.4457185559596594, 0.8829179923887825, -0.14761703014692384, 0.8920573607289457, 0.42433975219510434, -0.15546523687405228
9.677529467258537, 20.056594770008417, 32.51579504199889, -0.09295442073518988, -0.21071795813381997, -0.9731173710224779, -0.4458179938600881, 0.882710321069234, -0.14855573172522213, 0.8902841074715149, 0.4200243221502339, -0.1759936839374778
9.628217560159012, 19.96997130748656, 32.12817045386178, -0.10776978220668147, -0.2225132261446667, -0.9689548690387065, -0.4462879314543059, 0.8817395939999474, -0.1528475404154244, 0.8883764721565747, 0.41596051803446493, -0.19432985142570958
9.5590835928989, 19.86735168012977, 31.74675413084087, -0.1167282617326132, -0.2355699433390004, -0.9648219082857431, -0.44722472259265095, 0.8798632457406115, -0.16071937125537372, 0.8867719889660526, 0.4127317174510053, -0.2080576097986676
9.527970161053268, 19.762407310193247, 31.362459773150796, -0.11973802184564562, -0.24979753504249383, -0.9608662745726826, -0.4486371564855185, 0.8769899306106487, -0.17208533763257686, 0.8856565406211824, 0.41047515527035694, -0.21707749528842518
9.469457038479872, 19.67094145646164, 30.976664072234257, -0.11887550457394809, -0.2659732528477175, -0.9566226231811024, -0.4504798218273377, 0.8730354456115598, -0.18675395800955724, 0.884837015805001, 0.4087387178570554, -0.223598112661693
9.442238441872826, 19.548646551238324, 30.59707573083137, -0.11737283304785025, -0.2848146584035235, -0.9513696591865886, -0.45264405365166627, 0.8680368027936856, -0.20402320870308802, 0.8839326777284053, 0.4066850370424273, -0.23080360025287844
9.396141269724877, 19.431624404374936, 30.216979256631525, -0.11822798668191632, -0.3056482482552055, -0.9447757890122211, -0.4549178167581085, 0.8624003313221735, -0.22207081873006493, 0.882650510202751, 0.4035403534640986, -0.2410046886782366
9.353388409880164, 19.27692368210989, 29.850790196080403, -0.12305407032433976, -0.3258689198828356, -0.9373724675021166, -0.4569736224175964, 0.8570592053403395, -0.23795929684701453, 0.880927241144893, 0.3990726319804199, -0.2543781244782419
9.304245845532552, 19.103182726838554, 29.49388438289267, -0.13155375584822332, -0.34188116248287387, -0.9304895915922892, -0.45842835181601727, 0.8532298205504549, -0.24868116047398586, 0.8789408714887914, 0.3938478691865646, -0.2689736053290858
9.225857335365811, 18.96110207343557, 29.1277557785982, -0.1417505130937609, -0.350982377578311, -0.9255907101236115, -0.4589954039907219, 0.8517465843241767, -0.2526875050482161, 0.8770575871361297, 0.3890232984302793, -0.2818348135439913
9.159906253711158, 18.824019842030093, 28.757645122096193, -0.15089415394378994, -0.35278275839822426, -0.9234583259046008, -0.45866824769875886, 0.8525013773778501, -0.2507286184738757, 0.8757022284193057, 0.3857275294113819, -0.2904477236881945
9.08352823401185, 18.700950509665155, 28.384590745937604, -0.1566980974154938, -0.3491235490232375, -0.9238822726861813, -0.4577603869345438, 0.8545687844126121, -0.2452908902937232, 0.8751577768722056, 0.38448009080441303, -0.29372423351696597
9.021295700474418, 18.5613249685836, 28.01500335244386, -0.15833826589159977, -0.34271447466619426, -0.9259998825100982, -0.45670225215144045, 0.8569007448888313, -0.23904846012632744, 0.8754153565218302, 0.3850557131938711, -0.2921986504118663
8.962755923730198, 18.41399087559778, 27.647925152084472, -0.15673047911040222, -0.33567693273137844, -0.9288468946763386, -0.4557648235398517, 0.8589262459206242, -0.23350402500254921, 0.8761928911726639, 0.3867385433348439, -0.287609660056354
8.909252572461039, 18.302501501258988, 27.266645583213027, -0.15407634690682184, -0.32900883265260156, -0.9316725107892908, -0.4549623418185033, 0.8606460425705258, -0.22868680970864078, 0.8770802396878362, 0.3886406790909377, -0.28229182720167934
8.85142535345243, 18.167420431160206, 26.894898308725143, -0.1531337222084628, -0.32299307726556886, -0.9339301553976611, -0.45415331900831224, 0.8623625484703091, -0.22377577578801514, 0.8776644153412599, 0.3898798623092915, -0.27874516499730073
8.790785019377529, 18.03980269676278, 26.5205270001325, -0.15668213573740575, -0.31783735773406574, -0.9351096846730829, -0.4531669951946031, 0.8643912283858926, -0.21787032555128322, 0.8775479376119916, 0.3896244580594949, -0.2794680641411201
8.735511850590317, 17.923151965185706, 26.141686248219656, -0.16725467606386876, -0.3139277783901294, -0.9345989638822675, -0.4518397982732417, 0.8669467246674024, -0.21034298962613251, 0.8762800180485497, 0.3871081587147201, -0.28684595765904153
8.676437161614789, 17.808085407055753, 25.76316938187935, -0.18687618989244903, -0.3116142640609167, -0.9316511364695771, -0.44997823466821324, 0.870173591334683, -0.20079220420269922, 0.8732679302345643, 0.38169945163370794, -0.3028343617332203
8.584237130421391, 17.678133606365577, 25.395936015121546, -0.21664528616283749, -0.31083563148665544, -0.9254436936852044, -0.4473102411922773, 0.8742006461132549, -0.1889094451309264, 0.867743261632108, 0.3730341010329484, -0.3284314104323932
8.469520124625449, 17.548255741822206, 25.035167119784358, -0.2563338492316815, -0.31093133479446644, -0.9152129057115623, -0.4434697959929103, 0.8791443323697904, -0.17447000574334282, 0.8588524307353832, 0.3611467124383206, -0.3632431063556705
8.346820389073724, 17.43103795037812, 24.673002736284847, -0.30429241854526845, -0.3107725387595355, -0.9004590791195478, -0.43803574820555546, 0.885064543293669, -0.1574339147019103, 0.8458905409743452, 0.34652731978492285, -0.40544791198476715
8.186754293633305, 17.304958045317658, 24.32837057504865, -0.3577426308858786, -0.30909730276333336, -0.8811804965336456, -0.43062120353846184, 0.8919141201714603, -0.13803833272629956, 0.8286046036017038, 0.33007280963933117, -0.45217955640084084
8.001233181626153, 17.1792828322341, 23.996946484993877, -0.41332901976521363, -0.30486291220538647, -0.8580313083924028, -0.4209855914605552, 0.8995151360850595, -0.11680604323614115, 0.8074219796379921, 0.31293949050180236, -0.5001386028711823
7.7876934896953065, 17.058283531852847, 23.680823920013726, -0.46778441764850565, -0.29752221800523604, -0.8322609376863084, -0.40913424284744165, 0.9075692447470616, -0.09448405854375058, 0.7834455373125174, 0.2963082782888339, -0.546273278023562
7.5631603936907394, 16.948399638368663, 23.368302731825608, -0.5185663630246611, -0.2871919813518409, -0.805363081464863, -0.39537637876362275, 0.9156962754879705, -0.07195728019612113, 0.7581335279851036, 0.28110691365504104, -0.5883982128118657
7.319306175704261, 16.84531939437258, 23.068194730138703, -0.5642420542142932, -0.27465190988120364, -0.7785866892354645, -0.38031681880953216, 0.9234953820142237, -0.05015373095793231, 0.7327960300019591, 0.267810768635263, -0.6255296720511008
7.0672411121656875, 16.744952776191173, 22.77405679764393, -0.6044345243006326, -0.261136028198971, -0.7526399408813846, -0.3647732558221027, 0.9306148243468447, -0.029941952889454886, 0.7082368090338222, 0.25644497164568797, -0.6577511678797929
6.796080329346694, 16.653765954791545, 22.49414490512782, -0.6394014645793203, -0.24800134817209396, -0.7277781931321136, -0.349649227151877, 0.9368033212275665, -0.012039737916416913, 0.6847708996780715, 0.24676885670972484, -0.6857068953366737
6.5167398948167286, 16.56634764296445, 22.22120460186859, -0.6695643647136392, -0.2364397193462971, -0.7041163402599495, -0.3358132825746265, 0.9419236690353583, 0.003039894311125923, 0.6625050948876354, 0.2384870244403519, -0.7100781213511033
6.227065394723303, 16.48136747303285, 21.95846476530725, -0.6952766177229143, -0.22733491801494687, -0.681842547732922, -0.32400800388681383, 0.9459353376353793, 0.015005013492945335, 0.6415677970916769, 0.23135507788630535, -0.7313450551355049
5.9306611876140884, 16.39717985805171, 21.70306579957962, -0.7168628679818141, -0.22123847889046375, -0.6611816421885305, -0.31477704593886136, 0.9488675899375223, 0.023784619319260458, 0.6221117583351822, 0.22517511457617156, -0.7498487366907515
5.630147461095166, 16.314891539508046, 21.451890341511998, -0.7347501871946966, -0.21837991807598942, -0.6422245509153964, -0.30840002985047454, 0.9507984512335399, 0.029525018545773468, 0.6041784372232966, 0.2197555835764498, -0.7659477132816503
5.32483022170467, 16.22947763457773, 21.207634405685756, -0.7495158347620874, -0.21866606219368798, -0.6248289099310287, -0.30485045298346464, 0.9518429485369418, 0.03257610529632267, 0.5876157032931197, 0.21489568298410944, -0.7800818102469288
5.015636108817416, 16.14083009198585, 20.969491439738, -0.7618190869049601, -0.22168670853261527, -0.6086761717754917, -0.30380127243026905, 0.9521478717888726, 0.03345470247469078, 0.5721332586880806, 0.21040302637532549, -0.7927131264177868
4.70305458329498, 16.04855633485021, 20.737216911026366, -0.7722947276430807, -0.22676587540978693, -0.5934122440633768, -0.30468716148660063, 0.9518882040187643, 0.032780797354082056, 0.5574285490356032, 0.20612152919955798, -0.804230892169965
4.387457163186527, 15.952754261234553, 20.51051798482555, -0.7814890375100607, -0.23307203947570598, -0.5787506446356963, -0.3068081881855237, 0.9512599531901448, 0.031196748532494416, 0.5432712213194394, 0.20194535367598432, -0.8149076353886778
4.069042074406333, 15.853740981407341, 20.289198780020037, -0.7898591538326918, -0.23975687253570188, -0.5644813187153347, -0.30944174981612876, 0.9504671619981233, 0.029291251833364607, 0.5294981780680992, 0.1978100503895907, -0.8249259744894878
3.747870307142535, 15.752021401103075, 20.073155758984292, -0.7978072589507869, -0.24606960249941012, -0.5504119623438561, -0.31192733996391014, 0.9497064367217256, 0.027550292781786924, 0.5159504938930396, 0.193668362865764, -0.8344385256424965
3.4238610192887555, 15.648230540933845, 19.862401513680325, -0.8057141220115993, -0.25141260297391194, -0.53629885013578, -0.31370584770983834, 0.9491547199095555, 0.026343097503237888, 0.5024075981747584, 0.1894650910835437, -0.843616965545961
3.0967928759837666, 15.543111491520984, 19.657097604550938, -0.8139549150299689, -0.2553450859630762, -0.5218009997815887, -0.3143221151456891, 0.948962144963455, 0.025931744189287988, 0.48854785254762545, 0.185120864574655, -0.8526730095823579
2.7663039988935854, 15.4375134620352, 19.457601437078083, -0.8228949442926119, -0.2575707409909366, -0.506459498916783, -0.313418435722293, 0.9492457747904723, 0.026482884884897785, 0.4739333231658754, 0.1805263759892601, -0.8618569676954143
2.431873784601281, 15.332387252651456, 19.264530890796276, -0.8328641418529867, -0.25794529719477255, -0.4896953592495935, -0.31074805837086483, 0.9500779227526058, 0.02806394335853726, 0.4580097874873697, 0.1755453341823533, -0.8714418340959885
2.0928209661525683, 15.22875725529369, 19.07885412972199, -0.8441062309014691, -0.2565196743401068, -0.47083152786295146, -0.30622507206940996, 0.9514665814644774, 0.03061943161434652, 0.440125977635268, 0.1700264715647141, -0.8816916256707065
1.7483407412349112, 15.127629305356265, 18.90200423851285, -0.8567039273918046, -0.2536077586019042, -0.4491564154817071, -0.30000663331888927, 0.9533331662481037, 0.03393956534829508, 0.4195883706159207, 0.16382606297010238, -0.8928082774793215
1.3976095453382833, 15.02974517027223, 18.735956305694074, -0.8704986027114339, -0.24984359249277244, -0.4240405192522843, -0.2925791434136614, 0.955499914138669, 0.037647827564473595, 0.3957646112486178, 0.15683779318551283, -0.9048603644275336
1.0400518995170225, 14.935159429259304, 18.583087954346624, -0.8850417042608417, -0.24617980184587576, -0.3950907324681132, -0.28479899524072255, 0.9576998406716735, 0.04123769498075996, 0.36822644395662263, 0.14901852348140032, -0.91771605937266
0.6756772708234762, 14.842818500205217, 18.44574890239567, -0.899617891855915, -0.24378964675839734, -0.3622902935301126, -0.27783620951100074, 0.9596123854279501, 0.04417137554840863, 0.3368897287500446, 0.1403947216482696, -0.9310180625508973
0.3052714200342611, 14.750553723078873, 18.32556297414181, -0.9133542269133056, -0.24387387742018526, -0.32605151140830857, -0.27299978404819253, 0.9609128682021055, 0.046017144992308204, 0.30208471343190835, 0.1310419460922622, -0.9442313457384872
-0.06975626076338945, 14.655680207401486, 18.223036392756928, -0.9253852593430064, -0.24742429451324494, -0.2871294834657353, -0.2714810677731016, 0.9613164368952599, 0.04656971114123716, 0.2644998140480509, 0.12104514298237959, -0.9567590719344771
-0.44778627891613904, 14.555760660304067, 18.137787803574394, -0.935010313511546, -0.2550249042239513, -0.246410251111038, -0.27410191848471793, 0.9606047135962386, 0.04589904682763705, 0.2249974486745071, 0.11045760472802668, -0.9680781299294545
-0.827319641420274, 14.44895940724323, 18.069175618795718, -0.9417833550742867, -0.2667535196943554, -0.20466233614344645, -0.2811570328727151, 0.9586382073933688, 0.0443115130845191, 0.18437688296321467, 0.0992741006320462, -0.9778291353669452
-1.2070450493251588, 14.333958705888392, 18.016830380157923, -0.9455167100974802, -0.28219160900684626, -0.1623762505188637, -0.29238730478569885, 0.9553661079661226, 0.04225238158752538, 0.1432054989397839, 0.08742708708283833, -0.9858238633334139
-1.5857889989265754, 14.209776195118108, 17.98096462947927, -0.9462297940370578, -0.3005013254570604, -0.11978368117209116, -0.3070546491970592, 0.9508426549800192, 0.04019562012233461, 0.10181659630462125, 0.07481442955137732, -0.9919859786548617
-1.9624053623991764, 14.075739452189277, 17.962367823533107, -0.9441001912680936, -0.32052561297146887, -0.07705945935972565, -0.32406250784297985, 0.9452498905556924, 0.03855042691035012, 0.06048404631030972, 0.06136754707266509, -0.9962809364372163
-2.33578852565828, 13.931757330443855, 17.962037083447502, -0.9394597984661653, -0.340906824885528, -0.034609591335061814, -0.3420935062926607, 0.9389137138474463, 0.03759083534040122, 0.01968044761445441, 0.04715479504423552, -0.998693699432429
-2.705129545962486, 13.778776526545956, 17.98032832997813, -0.9328301283219067, -0.36025399011265785, 0.00670926991884747, -0.3597757525676109, 0.9322885149243858, 0.03741033018422155, -0.019732196009166984, 0.03248365047207971, -0.9992774654182209
-3.0702779371157622, 13.618925028768365, 18.015952462131715, -0.9249398970862239, -0.3773718335511058, 0.04557067061611347, -0.3758906148856825, 0.9258880351827021, 0.03791558975380785, -0.05650161430427738, 0.017940054286206715, -0.998241314529317
-3.4318779506715407, 13.4548493237014, 18.065813409966484, -0.9166591091608652, -0.391501909226492, 0.0803886351695346, -0.389590849509357, 0.9201671664354852, 0.03887615969547126, -0.08919107338173764, 0.004317509247449454, -0.9960051764639137
-3.7909517942557165, 13.288651939236663, 18.12594408139072, -0.9088373824197995, -0.40247890358852284, 0.10966013169109187, -0.4005552381242931, 0.9153981169893649, 0.04002235154904918, -0.11649083022932702, -0.007551130942143784, -0.9931630615835331
-4.148372996174808, 13.121367779070052, 18.19256147808804, -0.9021117933910888, -0.41072794302252136, 0.13227573112707372, -0.40901413008104487, 0.9115997949511837, 0.041149182725857936, -0.13748364855050785, -0.01698148007237294, -0.9903584581936948
-4.504727234134494, 12.953136876854712, 18.262442473738872, -0.8967796319814328, -0.4171085562406138, 0.14767106681444583, -0.41563876819929013, 0.908551375378835, 0.04217597262665043, -0.15175870990827042, -0.023555267098844784, -0.9881368545696895
-4.860388883961466, 12.783639506393635, 18.33277584434875, -0.8927872235714461, -0.42267960273544597, 0.15579771134068154, -0.4213466744971296, 0.9058730140856724, 0.04314003061599469, -0.15936735336259633, -0.027129979409218817, -0.986846498144193
-5.215610993823317, 12.61234652935158, 18.400957325434295, -0.8898173235914535, -0.4284606455987265, 0.15699237500485522, -0.42708487122575, 0.9031335260039216, 0.044140083572738534, -0.16069736589822212, -0.027772457234575956, -0.9866129166053557
-5.570433652660488, 12.4384892260676, 18.464570335909652, -0.887434749738462, -0.43519694558319677, 0.15186567588395092, -0.43359863683330263, 0.8999688348354573, 0.04525835239169803, -0.15637067209977348, -0.02568491541674762, -0.9873644200735106
-5.924557946556606, 12.260911223753174, 18.521403304905483, -0.885293411703244, -0.4430437426220755, 0.14130752746493958, -0.4411077826852428, 0.8962496936430308, 0.04648021836525846, -0.1472395981023417, -0.021183219023502106, -0.9888739919638212
-6.277310179369919, 12.078089557418203, 18.56943240154559, -0.8834696573194354, -0.4510519385276759, 0.12662351024318214, -0.44877287002008914, 0.8923758327672069, 0.047626507608327984, -0.1344777889832061, -0.0147486217478, -0.99080684415618
-6.627829879008597, 11.888627997020269, 18.60684689465997, -0.8829541973664091, -0.4564663153802257, 0.10968312667060715, -0.45395582691865755, 0.8897122517327511, 0.048334421722366086, -0.11964945699683686, -0.007114213929738052, -0.992790710774695
-6.975596787219507, 11.69229727405786, 18.632757547995823, -0.886060352469024, -0.4541809818778525, 0.09282611422944936, -0.451623491004596, 0.8909091444944728, 0.04813645841717419, -0.10456229796293953, 0.000729353547036557, -0.9945180711722201
-7.321364980851478, 11.491433379308704, 18.649090423766157, -0.8960226532340625, -0.43705213658594183, 0.07828687499865086, -0.43462655382179527, 0.8994027197993402, 0.046631602272919, -0.09079186970418267, 0.0077574173029951315, -0.9958396752853372
-7.669598067353987, 11.29473051710419, 18.663023883547485, -0.9150065878902562, -0.39779818169928893, 0.06722760410850877, -0.3956203529387454, 0.9173757710816678, 0.043660405093608474, -0.07904100491550815, 0.013352949825974562, -0.9967819311528936
-8.034240989007671, 11.132725891543393, 18.686723218911123, -0.9411697634102184, -0.3327417481805971, 0.059011909476593016, -0.33086471638505904, 0.9428539597790719, 0.039432854073206236, -0.06876056932419887, 0.01758805124635545, -0.9974781423968986
-8.426131550838784, 11.070107200282887, 18.72228106823357, -0.9677938360258526, -0.24640485333484524, 0.051572659456329724, -0.2448520276574168, 0.9689419828302182, 0.03462540196296438, -0.058502782005788026, 0.0208825803501066, -0.9980688064134179
-8.821096125951136, 11.125252838100812, 18.74440844019194, -0.9871758765449792, -0.15370683327594903, 0.04310450291943727, -0.15248836610148944, 0.987841346616807, 0.030278244962209152, -0.047234383359479624, 0.02331701778901055, -0.9986116510987026
-9.213810575640302, 11.201738807842505, 18.744368942200513, -0.9965300644652959, -0.07594076792720326, 0.034070960999356, -0.0750295229723991, 0.9968082882083008, 0.027272829735316355, -0.036033335945027625, 0.024621866823292954, -0.9990472272994951
-9.612046920156624, 11.23899278608489, 18.735978922452734, -0.9991045175400314, -0.03179253745336783, 0.027917693195843262, -0.031073282624974007, 0.9991832963867103, 0.02583004701304265, -0.02871609545201992, 0.024939422288090554, -0.9992764437721561
-10.012063067106391, 11.243496039112431, 18.727147066917997, -0.9990987049685909, -0.03024840485567719, 0.029779384375296456, -0.029483129714714583, 0.9992319898991536, 0.025810374356120755, -0.030537236160299772, 0.024909122141593562, -0.9992232047154556
-10.411332459608355, 11.21801518510193, 18.725815452021223, -0.9966122919520286, -0.06968483306442151, 0.04368024234030963, -0.06852254318240665, 0.997268657277187, 0.02756603504988492, -0.04548187117896195, 0.024479568079113913, -0.9986651842037553
-10.80496859831099, 11.151004509918742, 18.747319688413942, -0.987543872128109, -0.14130756622424867, 0.06920456885206902, -0.1393638297536184, 0.9897183270150475, 0.0321769502429893, -0.073039876633423, 0.022131536284562842, -0.9970834325787684
-11.182106866330221, 11.033968079999504, 18.809167870442618, -0.9673270201931543, -0.2333876363076458, 0.09903861480737107, -0.2304216592871792, 0.9722452437889673, 0.04055915261780944, -0.10575582695802574, 0.016413322285926738, -0.9942566609864691
-11.530400681652349, 10.86738549691762, 18.912981062993328, -0.9348903218958422, -0.33432920457683435, 0.11918082476854175, -0.3303723621179599, 0.9424098336256902, 0.05213259857515709, -0.12974663145564963, 0.009364211265245538, -0.991502961757196
-11.85157046171244, 10.65731998777932, 19.02582013836535, -0.8937943156493212, -0.43405375800186174, 0.11282312031415709, -0.4293830133694297, 0.9008433362932776, 0.06412106740989962, -0.12946794639118078, 0.008866714186100738, -0.991543963844666
-12.15534637287049, 10.412079345553867, 19.11239578897677, -0.8493076531237285, -0.5236508776949166, 0.06683014764915686, -0.519323511804547, 0.851514811875884, 0.07228841707334996, -0.09476075365074525, 0.02668863888101959, -0.9951422592384576
-12.43935625246106, 10.132797078816976, 19.118894810845028, -0.8040074334968788, -0.5942218480821514, -0.021735734254785172, -0.5940466940975323, 0.8010927083394, 0.0732051765740497, -0.0260877770911007, 0.07176954721382514, -0.9970800168387528
-12.693353515206066, 9.856736917469378, 18.98406375307485, -0.7569895022064347, -0.6378274368367551, -0.1419262286101805, -0.6501968331591599, 0.7568351468900844, 0.06666812267991443, 0.0648920002700935, 0.14274705338506824, -0.9876296406299411
-12.930387176539703, 9.610512427154962, 18.776224286607118, -0.7078694897955006, -0.6520875408213502, -0.2714822729428604, -0.6879910725900789, 0.723561088256573, 0.0559252679682154, 0.15996583839373543, 0.22636517105448836, -0.960817225012365
-13.161131851056183, 9.380173974372788, 18.544159145879444, -0.6602686909003964, -0.6439367392212405, -0.3865109722864189, -0.7109037327933779, 0.7018391396303435, 0.04514094353666967, 0.24220061626081457, 0.3045772446589787, -0.9211794415415633
-13.388276435563622, 9.153896078335901, 18.304633421652323, -0.6201126731260472, -0.6267926419594688, -0.4717957785037264, -0.7240366919172374, 0.6887911640603994, 0.036573228868444475, 0.30204493272692345, 0.36427697744681753, -0.8809490009734953
-13.612999720823835, 8.924069401789339, 18.066202379439172, -0.5912225594285703, -0.6131782138129737, -0.5238972831842726, -0.7322224057909456, 0.6804062998181009, 0.029960234070519995, 0.3380920491233867, 0.40132249534878034, -0.8512543809265112
-13.836000746418865, 8.686576386073884, 17.833753555682947, -0.5733330098176456, -0.6097168578543631, -0.54729755444515, -0.7389020119646758, 0.6733902503639977, 0.023861840441735054, 0.3539958708346664, 0.4180800449231164, -0.8365978720204178
-14.057704136032713, 8.43989427044146, 17.60978828248944, -0.563515225907848, -0.6172356599865068, -0.5490635028947457, -0.7459438610959883, 0.6657886455976029, 0.01712412002172673, 0.35499062841606965, 0.41922025169871147, -0.8356051904472789
-14.278429762683714, 8.1838299000132, 17.395610958654835, -0.5585224759943042, -0.6335960440300045, -0.5353584750414628, -0.754040564149903, 0.6567607133302268, 0.009391115081162794, 0.34565224059115834, 0.40892715539017493, -0.8445727382285151
-14.49855277528803, 7.9182415167354865, 17.192709064320564, -0.556045276108129, -0.6562369837147238, -0.5100653606380614, -0.7632757815937226, 0.6460722398771711, 0.0008614479594724343, 0.3289737560206381, 0.389799540873378, -0.8601352136638619
-14.718482329592948, 7.6420861806123614, 17.004256093648795, -0.5547128029952755, -0.6832182769432056, -0.47487523860892344, -0.7735554924706614, 0.6336770151392302, -0.008083350339326625, 0.30644021645599534, 0.36285841113992795, -0.8800160039473202
-14.938380016672294, 7.353143298302059, 16.836080415967547, -0.5535992517812663, -0.7130451059097578, -0.43022615606836895, -0.7847652662212604, 0.6195589991137493, -0.017033013527950863, 0.27869579358127444, 0.3281970803576893, -0.9025604307107598
-15.157588535159503, 7.049208289414229, 16.695848349737954, -0.551880713324009, -0.7440710629899633, -0.37654472706701003, -0.7967027617173547, 0.6038323117652706, -0.025519575626350863, 0.24635825079124718, 0.2859104623639979, -0.9260468777431744
-15.37454811340123, 6.73035559703548, 16.589335384703237, -0.5488648257789585, -0.7741739098483698, -0.31528108146972894, -0.8089464478961893, 0.5869555541098234, -0.03299730194679591, 0.21060163213700736, 0.2369344525596025, -0.9484244923722237
-15.587837639572067, 6.399662003096855, 16.516862059485092, -0.5442793043530161, -0.8010031345192952, -0.24930707439473285, -0.8208146812476017, 0.5698648708871695, -0.03895238089190025, 0.17327232295261402, 0.1834339320273476, -0.967640788040475
-15.797251181970191, 6.06136317325282, 16.47404733939857, -0.5385275345146786, -0.8226091843386086, -0.18248897065661482, -0.8314731152176346, 0.5538909335280384, -0.04309631568615041, 0.13653041141014657, 0.12852612029158617, -0.9822629399315486
-16.003723609632203, 5.7190781135306645, 16.4552209500819, -0.5326518553701979, -0.8379727634507093, -0.11867454944286714, -0.840133227926471, 0.540468479399851, -0.045497056048290116, 0.10226514706650632, 0.07546834097815194, -0.9918903009937496
-16.208766891000664, 5.375397697687069, 16.455649177958527, -0.5279760859136146, -0.8470883821669163, -0.06068381580929042, -0.8462320034998799, 0.5307771548977875, -0.046551134155778426, 0.07164250802364996, 0.02677470142590605, -0.9970709435178797
-16.414043251768145, 5.032246434929486, 16.47205121976106, -0.5256273083482603, -0.8506580539422849, -0.009839104719819039, -0.8495237379338036, 0.5254680297063246, -0.04682700549395728, 0.0450039043366319, -0.01625499983629517, -0.9988545557661442
-16.621259170592985, 4.691202595537362, 16.50230846403235, -0.5261614503777381, -0.8497113339027034, 0.033834555910837415, -0.8500978150512536, 0.5245340664383277, -0.046879824986414874, 0.022086941424285363, -0.053429038761338934, -0.9983273535446976
-16.83201873658898, 4.353675868425724, 16.54497904307687, -0.5293762052887224, -0.8454116348615424, 0.07099296384041395, -0.8483838198900957, 0.5272813662517613, -0.04710896891639231, 0.002393203460213447, -0.08516764904827398, -0.9963637609491767
-17.047554450923304, 4.020797608050608, 16.59885144914344, -0.5342754349957498, -0.8390966787197152, 0.10230602778744374, -0.845186711907307, 0.5323411711626281, -0.047668642738349205, -0.014463110848538692, -0.1119358800686557, -0.9936101736485182
-17.268207120719392, 3.6930547901997604, 16.662573884476686, -0.5391435961002204, -0.8324311466688021, 0.12799440940832377, -0.8417308694733724, 0.5377216992701486, -0.04842021798406538, -0.02851887374569405, -0.13384229596688474, -0.9905922035078765
-17.492802286340392, 3.369671579297969, 16.73434173553214, -0.541736331473718, -0.8274768664308345, 0.147661039828401, -0.839625413745243, 0.5409566110902309, -0.04893985605722948, -0.03938161696181907, -0.15049245974326933, -0.987826456320083
-17.718156386309825, 3.0480255613979432, 16.811371452761012, -0.5396017182374633, -0.826499629900334, 0.16040058431872478, -0.8406445113292756, 0.5394002588691301, -0.048622693301367106, -0.046333478685942515, -0.16107675967229557, -0.9858536839949086
-17.93901939457061, 2.723502746548604, 16.88930349323445, -0.5305013491097039, -0.8314473098158804, 0.16511719956660909, -0.8462885216000304, 0.5306558963845159, -0.04690477417471178, -0.048621567239434456, -0.1646198366913334, -0.9851579835574089
-18.148746047706474, 2.3905687342925526, 16.962242878992242, -0.5128587082922796, -0.8432499019897778, 0.1609520056507671, -0.85724725813727, 0.5130604576318092, -0.043544290449739335, -0.045859391021983005, -0.16030773408937166, -0.9860011899821542
-18.340952887038036, 2.0451045874244214, 17.024240443843944, -0.48615686344980175, -0.8612994021071672, 0.1476984903459994, -0.8730290262350737, 0.48612075596675175, -0.03881919588750929, -0.03836435157395247, -0.14781728771747324, -0.9882703202971139
-18.511474948925514, 1.6861564631593704, 17.07124056746795, -0.4511962940833754, -0.8834757203650696, 0.12606568022602146, -0.8920091802223625, 0.4507742145214436, -0.033499700321112345, -0.027230986108787634, -0.12756668471037746, -0.9914561081296267
-18.659279356592013, 1.3155384347941466, 17.101796114938747, -0.41008569533329575, -0.9068032341526543, 0.09766072400557847, -0.9119385988729114, 0.4093303113869471, -0.02857775473293933, -0.014061094150827428, -0.10077991223528315, -0.9948093761727069
-18.78583652066488, 0.9361573469947088, 17.116234783113857, -0.36586597600391835, -0.9284191123846082, 0.06465322390783436, -0.9306674238870476, 0.36501810317998606, -0.02489840288716081, -0.0004834440470164181, -0.06928012781354655, -0.9975971281895273
-18.89393639511165, 0.5508375406275701, 17.11552468340992, -0.321838023903575, -0.946342933204877, 0.029246181682943025, -0.9467151873878511, 0.3212569813132536, -0.022897727544057105, 0.012273562605367858, -0.03505716375700834, -0.999309939373309
-18.98678262864694, 0.1618330684337758, 17.100604706486386, -0.2808605210320487, -0.9597244649021062, -0.0068058205950633395, -0.9594593541831068, 0.2809429010701401, -0.022557349330742858, 0.023560886998197073, 0.00019443934669118468, -0.9997223848635174
-19.06748654574566, -0.22912431793379406, 17.072146608273172, -0.24490302365562888, -0.9686184623573855, -0.04243563814466073, -0.9689777712913064, 0.2460248903194625, -0.023533637343791543, 0.03323533883779628, 0.03535573112962815, -0.9988219984204525
-19.138876204403005, -0.620720085755526, 17.030543904911234, -0.21496237674556412, -0.9735639465247068, -0.07722964852397077, -0.9757416739804857, 0.21745345731289517, -0.02534126201333225, 0.04146519313421356, 0.06990876861958582, -0.9966912269245856
-19.20344224972291, -1.0119068993468874, 16.975971214035532, -0.19125077997035492, -0.9752183016952689, -0.11123130494301642, -0.9803398881966712, 0.19539120794076442, -0.027495080832525037, 0.048547325068112705, 0.1037860293972382, -0.9934141217693085
-19.26334668171586, -1.401812350044068, 16.908456540547416, -0.1734856171217753, -0.9741447937936584, -0.14472270511770927, -0.9833108812557578, 0.1795125094053905, -0.02957988794780072, 0.054794629808966204, 0.13717572559199473, -0.9890300141312235
-19.32046426547932, -1.7896558970199006, 16.82791578664876, -0.16115146805567512, -0.9707319199681904, -0.17807229963801646, -0.985074190143076, 0.16926739601761187, -0.03126321415625684, 0.060490034364874885, 0.17037631349541446, -0.9835206492708979
-19.37642742951033, -2.1746952344360175, 16.734180076960897, -0.15368275644301246, -0.9651822606158486, -0.2116714769744803, -0.9859215212328618, 0.16406372624547694, -0.03227766565798877, 0.06588144155949704, 0.2037309439504206, -0.9768077283350666
-19.432677053436013, -2.5561637199987097, 16.62698669537147, -0.15057025755469508, -0.9575173573952726, -0.24594533503745633, -0.9860322858298914, 0.16337420636102998, -0.03239135682528246, 0.07119641030973384, 0.23763286595645278, -0.968742324963832
-19.49052119387754, -2.933220968835839, 16.5059443255588, -0.15141176127742886, -0.9475658809242847, -0.28141318351323064, -0.9854931402376594, 0.1667899873142525, -0.03137468208967769, 0.07666647958125997, 0.2725802660500129, -0.9590736413168285
-19.55120242231614, -3.3048896527339133, 16.37046923875085, -0.1559182300037558, -0.9349201436482104, -0.31876924342430757, -0.984313783082149, 0.17403237443888625, -0.028967379613478145, 0.08255835504056482, 0.3092524173680343, -0.9473896032599384
-19.61595560379709, -3.6698968651788983, 16.21967856894242, -0.1638703589755984, -0.9188674399850463, -0.3589277548261429, -0.9824400049266108, 0.18491605879240486, -0.02485332815711043, 0.08920841983248926, 0.34855226141284923, -0.9330343932004754
-19.686095437962514, -4.026528049601894, 16.052183188957034, -0.17501858372924714, -0.8983433026614214, -0.40292406966173944, -0.9797707642505236, 0.19925135695879143, -0.018658678142492773, 0.09704506617728365, 0.3915076082446548, -0.9150431945089788
-19.76306151900949, -4.3721875831911845, 15.86580661472889, -0.18895282947602796, -0.8720168596886236, -0.45153452210411804, -0.9761872735459453, 0.21669922421383714, -0.009992656906696462, 0.1065609459414514, 0.438894113248187, -0.8921976923059994
-19.848337696394974, -4.702790007438809, 15.657134448267863, -0.2050304175816535, -0.8386640494316845, -0.5045841258473573, -0.9715943499235244, 0.2366480060094434, 0.0014630271488273437, 0.11818183897273117, 0.4905510508016505, -0.8633612914037899
-19.94272976945887, -5.011931433070634, 15.421361417055694, -0.2224808653752789, -0.7979092761759752, -0.560216968266937, -0.9659579831892424, 0.25821333593748275, 0.01584448979955119, 0.1320130268376512, 0.5446711486175563, -0.8281943616137418
-20.044279230900997, -5.291543356569635, 15.153932145900102, -0.24071555667056213, -0.7511139838861377, -0.6147225422802358, -0.9593136665529919, 0.2804033383551968, 0.033034179328630515, 0.14755781897763498, 0.597663576813876, -0.7880513555654908
-20.148201572863545, -5.539058710943806, 14.857275022626492, -0.25965293134271356, -0.7017749291245905, -0.6633945312536967, -0.9517395551749678, 0.30235461160849425, 0.052664104990316554, 0.16362204729342117, 0.6450532053181758, -0.7464142200871156
-20.25812888315593, -5.767507049657416, 14.547633997564814, -0.2797184434213444, -0.6547729029019139, -0.7021609772946237, -0.9433289728572051, 0.32346800946306764, 0.07415454013188316, 0.17857223014262458, 0.6831111860300647, -0.708146218052803
-20.38273610226282, -5.990043410410743, 14.239245493417293, -0.3013649027042847, -0.6145913830994412, -0.7290107181914084, -0.9342090986364879, 0.3433638748696456, 0.0967192300388249, 0.19087313965783081, 0.7101962272882182, -0.6776346827773383
-20.52228395094844, -6.20938131736054, 13.934977591798512, -0.3244276619075472, -0.5836103018681518, -0.7444096370564844, -0.9246061164784295, 0.3617417378123522, 0.11935847056315795, 0.19962520271718953, 0.7270088931215796, -0.6569686809599502
-20.673347785431808, -6.425755636133751, 13.634104983000945, -0.3478764183743719, -0.5616028722653386, -0.7507224596362764, -0.9148909260496423, 0.37829394417636414, 0.14095490495728713, 0.2048330807536881, 0.7358640537917391, -0.6454049142717628
-20.832705947264664, -6.639459009090852, 13.335593069554282, -0.37020378073048904, -0.5465338826524917, -0.7511656780269214, -0.9055276435867897, 0.392749691507436, 0.1605221683163105, 0.20728928441433742, 0.7396271999687454, -0.6402989595754359
-20.998003588481563, -6.850794155305814, 13.038639717401646, -0.3901356388405448, -0.535832014791775, -0.7487845052020422, -0.896919873360955, 0.4050069675785033, 0.17749393505985944, 0.2081560089852042, 0.7408464133253615, -0.6386060348808954
-21.16771759009435, -7.059907992373088, 12.742593027734454, -0.40714997833152794, -0.5273017217716838, -0.7457759645907437, -0.8892453732461368, 0.4152408706380457, 0.19187935144797727, 0.20849834844663634, 0.7413014997748052, -0.6379659278728367
-21.340978960549375, -7.266616489279484, 12.446911608580972, -0.42155203413036746, -0.5194346700535903, -0.7432909968961463, -0.8823879836349314, 0.42390063905251485, 0.20420503066170873, 0.2090103558612093, 0.7419540900602861, -0.637039087800414
-21.517549180091073, -7.47028665967451, 12.151087359005848, -0.4341994105789288, -0.5113529437059144, -0.7416124586441403, -0.8760013753175516, 0.43159053042420803, 0.21529329875755268, 0.20998205231559403, 0.7431337571470203, -0.635342235880698
-21.69785878072189, -7.6698231614422, 11.85470021691815, -0.4461051133467395, -0.5026704570289423, -0.7404813566027215, -0.8696555355686085, 0.43889652631497866, 0.22598470887102548, 0.2113988583241866, 0.7447766449204484, -0.6329441301412558
-21.882988242540627, -7.8640908275262, 11.557791412313975, -0.45809327715059195, -0.49337420454706266, -0.739413580966014, -0.8629897526402142, 0.44623533234306706, 0.23690233221024773, 0.2130709653317716, 0.746629709063486, -0.6301942885145512
-22.074225610738168, -8.053092700638626, 11.261356896050078, -0.4705917913830608, -0.48367639102880605, -0.7379705377887598, -0.8558142553352873, 0.4537806791244257, 0.24832449661336783, 0.21476807548560234, 0.7484251759626506, -0.6274826130957623
-22.272177744593908, -8.238459297500572, 10.967033008171072, -0.48359233049566946, -0.47379123133361967, -0.7359757652240594, -0.8481306203479423, 0.46148718114308196, 0.2601999855281064, 0.2163629097465223, 0.7500342997170094, -0.6250085123692585
-22.47629940482822, -8.421648391694688, 10.675573951454563, -0.49677228133866674, -0.46369374966581356, -0.7336248407833763, -0.8400682604003893, 0.469192790816239, 0.2722929358502217, 0.21795095402736922, 0.7515625267181214, -0.6226163747217326
-22.68542888328154, -8.602321385124439, 10.386101999651302, -0.5097237514064213, -0.45299287031305524, -0.7314226935894895, -0.8317662219676537, 0.47674797004219516, 0.2843876316830638, 0.21987871485394062, 0.7533318209834136, -0.6197939320838772
-22.898578730139494, -8.778710272730343, 10.096918337750356, -0.5221872175132621, -0.44100939379885, -0.7299528919368207, -0.8232572058522833, 0.48411033836963, 0.2964536275641329, 0.22263890692789592, 0.755743273119128, -0.6158603918560915
-23.115375203287293, -8.948549923361032, 9.806524330173707, -0.5341845951506657, -0.42701710859694886, -0.729591123348702, -0.8144106982799135, 0.49136547183754853, 0.30869918628510656, 0.22667605261902493, 0.7590891660742926, -0.6102471672344675
-23.33606033353707, -9.109934980217137, 9.514261389606125, -0.5460003716254038, -0.4104938626413105, -0.7303275860315956, -0.8049581151304405, 0.4986747349423286, 0.32150574118644726, 0.23221978182439448, 0.7634253712472591, -0.6027069565430745
-23.561245367682574, -9.261896772198913, 9.220373996785181, -0.5580267358769487, -0.3912334479449689, -0.7318077283382634, -0.7945840853441455, 0.506182269205471, 0.33528441905314926, 0.23925361724397362, 0.7685804444240638, -0.5933311108349054
-23.791642323496887, -9.404203623565644, 8.92569728368897, -0.5705209222667932, -0.36928946807858753, -0.733574240293429, -0.7830598140218789, 0.5139164019991592, 0.35029595975440436, 0.2476352255230834, 0.7742836822008279, -0.5823758018304497
-24.027999208178475, -9.536658939236656, 8.631159251187231, -0.5833279057261415, -0.34486934410688636, -0.73538676211667, -0.7704128185998037, 0.5217073239579068, 0.3664499380076159, 0.25727930996926207, 0.7803118630547442, -0.5700182041284074
-24.271060460573036, -9.658343304326147, 8.33742060685137, -0.5956469632468719, -0.31834934626755185, -0.7374675510866916, -0.7571247704104854, 0.5291445399041776, 0.38310329928162434, 0.26826624313478065, 0.7865492671286514, -0.5562135140157349
-24.521231384783636, -9.767075410400365, 8.044590301600342, -0.6059721453949064, -0.29047263492020237, -0.7405561473433391, -0.7442870495786396, 0.5356177970964978, 0.39893654039586096, 0.2807749042115733, 0.7929307812135998, -0.5407644860463493
-24.777233217287506, -9.860066689669706, 7.751393119066177, -0.6123366355287607, -0.26258481291081937, -0.7457164748199598, -0.7335598927685898, 0.5404745412124504, 0.4120402334997472, 0.2948452619776222, 0.7993350275884208, -0.5235740493565033
-25.03327385945014, -9.93784264780607, 7.453822302030695, -0.6128587415489894, -0.23663951638058905, -0.7539269873098787, -0.7267987493229393, 0.5432456958721602, 0.4202947678701029, 0.31010924025188324, 0.8055345139741273, -0.5049221780699145
-25.280782022594167, -10.007170026872542, 7.147089176152412, -0.6063743640005249, -0.21482442117718833, -0.765611258243271, -0.725418616497332, 0.5438036570226711, 0.42195427885952996, 0.32569611837118306, 0.811250917210363, -0.485586231068478
-25.515733497177997, -10.074560227636189, 6.830204850733064, -0.5928262723637049, -0.19895344110221305, -0.7803682073668446, -0.7298386287421433, 0.5423446757204442, 0.4161704322912358, 0.3404300027775788, 0.8162596284217873, -0.46672007908122326
-25.738430355485896, -10.142813298583137, 6.504772485975383, -0.5731819420734457, -0.18997919523996776, -0.7971012273587887, -0.7393875442050364, 0.5392269356897876, 0.4031629587413098, 0.35322587781101, 0.8204524466430556, -0.4495433928355144
-25.94996883778939, -10.213472789260981, 6.172479117282374, -0.5489025825372646, -0.1879010706204361, -0.814493181397865, -0.7527387605718697, 0.5347861894761423, 0.3839115651791608, 0.3634423107133329, 0.8238306374524327, -0.4349859395176719
-26.15089989718809, -10.2880497255769, 5.834501104583342, -0.5212248851395771, -0.19205739568320015, -0.8315278563431422, -0.7685575185487143, 0.529210003519105, 0.35952206171186685, 0.3710039889185522, 0.826468831196129, -0.4234445787441695
-26.340793345920172, -10.368114615106006, 5.491435063400593, -0.4906053513738653, -0.2015540570617306, -0.8477513499165205, -0.7859461650907383, 0.522474756143254, 0.3306187453430447, 0.37629113035319867, 0.828490248147197, -0.4147395495277828
-26.518108522961807, -10.455221440389762, 5.143389724443534, -0.4565621577898955, -0.21556764797620606, -0.8631810848369195, -0.8044947529020637, 0.5143296360007471, 0.2970744318927271, 0.37991997660992, 0.8300575972047637, -0.40824649012008957
-26.680139712213748, -10.550836548603213, 4.790178723487715, -0.4179213157708978, -0.23342120452999537, -0.8779842339701138, -0.8240210305510458, 0.5043270178621777, 0.25815421798575194, 0.3825325019314228, 0.8313656237360363, -0.40311299239304765
-26.823142637553257, -10.656236918195606, 4.431584745732857, -0.37330398235388784, -0.25449791870902405, -0.8921182355111362, -0.8442113778037507, 0.4919020623866177, 0.21293076481918943, 0.38464436346503383, 0.8326242672373698, -0.39847903741854707
-26.94270756745122, -10.772354463200708, 4.06775860655021, -0.32166169652997256, -0.2781229128895556, -0.9050864037821409, -0.8643542895048226, 0.47649388764853445, 0.16076453977229924, 0.3865558371051629, 0.8340271100866055, -0.39366656505285325
-27.034500267656576, -10.89961931997925, 3.6996264377457493, -0.26271623782036035, -0.3035137175061548, -0.915892789397924, -0.8832786989171355, 0.4576875206884318, 0.10169008528528406, 0.3883283641774934, 0.8357042279967658, -0.38832914503493265
-27.095219266748025, -11.037914918062564, 3.32905556867651, -0.19720585648198602, -0.3298373127798597, -0.9232102670937794, -0.8995207962766679, 0.4353412747928803, 0.036610265329537234, 0.3898361030420292, 0.837666593317336, -0.3825473711909854
-27.123365945121964, -11.186741495207617, 2.9586472376760757, -0.1268695620666933, -0.3563548780152467, -0.9256972048870753, -0.9116529101412592, 0.409653624449077, -0.032754837913014166, 0.39088756139327163, 0.8397589588033422, -0.37684453751852115
-27.119409567617925, -11.34547543218654, 2.5913157993697773, -0.05415795081213883, -0.3825955261230696, -0.9223272628272686, -0.918634280505319, 0.38113259381562437, -0.1041585551543854, 0.39137957923773287, 0.8416404275710536, -0.3721067261333896
-27.085350933026422, -11.513699178151194, 2.2297932835859906, 0.018244645869437585, -0.40848574626164513, -0.9125823403935481, -0.9200296413483374, 0.3504664226167512, -0.1752676400784422, 0.39142380093390905, 0.8428004993587057, -0.3694248588592381
-27.023994863501574, -11.691389617813547, 1.8764837371764558, 0.08791754804215703, -0.43438103853970184, -0.8964282559711206, -0.9160115718321793, 0.3183396525403278, -0.2440956080924921, 0.3913991632793754, 0.8425989431382367, -0.3699104161909089
-26.938346083534455, -11.878997800448289, 1.5335109502461255, 0.15304532011202024, -0.46099021174234206, -0.8741082053553553, -0.9071777412537423, 0.2852635108882091, -0.30927863671694295, 0.39192559978338676, 0.8403051553057873, -0.3745418136883376
-26.83123430101996, -12.07746453042311, 1.2028985533554069, 0.21250912728101548, -0.4892204690327295, -0.845874224398437, -0.894298109147153, 0.2514792149593693, -0.370120380983331, 0.3937902522893221, 0.8351176786075214, -0.38406731191172283
-26.70521173298113, -12.288169846399294, 0.8868548726794591, 0.26574478298122384, -0.5199792244956191, -0.8117889605132584, -0.8781152167617461, 0.21696154428527953, -0.4264286040978237, 0.39786100136823416, 0.826165415878855, -0.39894527092821247
-26.562615544196795, -12.512876770308107, 0.5879697984488278, 0.3124630049899666, -0.5539533025638488, -0.7716881553394773, -0.8592699873579673, 0.18152244235359366, -0.4782307933914595, 0.4049962460794899, 0.8125179022646771, -0.41927639948002077
-26.405792965358, -12.753586170415769, 0.3093709377773346, 0.3523535686310798, -0.5913774288050487, -0.7253410917443409, -0.8383608384246766, 0.1450011612353963, -0.5254767053221863, 0.4159303634850624, 0.7932511581714307, -0.4446960004214877
-26.237405175968043, -13.012255593592295, 0.05465772259165266, 0.38488620758323583, -0.631826139731249, -0.6727988825529533, -0.8160932049198005, 0.10751825349797442, -0.5678307019248551, 0.43110844122554903, 0.7676168017422844, -0.47424672649057237
-26.060789162965225, -13.290288502127558, -0.17257526490303382, 0.4092925915372898, -0.674109322953573, -0.6148627450250707, -0.7934425025937563, 0.06974798791046406, -0.604635603698789, 0.4504759367496188, 0.7353311083379497, -0.5063196534996801
-25.880095957803785, -13.587895219585915, -0.3697995798186821, 0.4247569268755961, -0.7163753046754642, -0.5535232388277256, -0.7717368267703142, 0.03312546373129873, -0.63507871469533, 0.4732904217049881, 0.6969283510546277, -0.5387829342310243
-25.700013005850458, -13.903667399082046, -0.5370613994550976, 0.4307462868265232, -0.7564683441730088, -0.4921516845946064, -0.7525821857172084, -0.00012019517750075796, -0.6584983214057791, 0.4980739805754483, 0.6540302973236529, -0.5693563735100032
-25.52497257868318, -14.234756101348916, -0.6780439229572701, 0.4273073895080287, -0.7924431357953212, -0.43524966559747297, -0.7376180533996596, -0.027180963491461485, -0.6746708845967585, 0.5228078061493828, 0.6093398655549742, -0.5961349898091164
-25.358437226803524, -14.577653522067711, -0.7998571045195514, 0.4151288865987077, -0.8230013450274725, -0.38773288949260987, -0.7281824033740106, -0.04510309685367009, -0.6838977248614431, 0.5453607933540574, 0.5662459684069986, -0.618018695781166
-25.20272137791684, -14.928935541622158, -0.911713499943057, 0.3952819471993006, -0.8476214729312928, -0.3539633043750655, -0.7250188794665103, -0.05129550046214491, -0.6868161297242981, 0.5640033746667258, 0.5281160954355812, -0.6348177558216381
-25.059418832174508, -15.285531655471928, -1.0233750358520421, 0.3687581475285677, -0.8663340532588267, -0.33687198873671786, -0.7281254718425355, -0.043944229965382935, -0.6840337724899512, 0.5777981705452034, 0.49752810253982827, -0.6470046841389436
-24.930049704879966, -15.644567947087406, -1.1437865264886764, 0.3360783292321545, -0.8793101980922152, -0.3374387828207552, -0.736751950814594, -0.02225186226996439, -0.6757968759889383, 0.5867264435760617, 0.47572936650636544, -0.6553118725096003
-24.816758662444194, -16.003381304783517, -1.2799941654220321, 0.2972406319712109, -0.8865127099825518, -0.3546029071295765, -0.7494875460338142, 0.013453874048164591, -0.6618817202592222, 0.5915373403645507, 0.46250860350104633, -0.6604311975080718
-24.723166502549347, -16.359422250690166, -1.436772880334873, 0.2521197746307194, -0.887580169305877, -0.3855347744304086, -0.7643984856311898, 0.06164245091735539, -0.6417905915558789, 0.5934059103218461, 0.45651029703595103, -0.6629236564607187
-24.654431005988954, -16.710050599575446, -1.61679687648634, 0.20120609332142647, -0.8819853010694002, -0.4261666771438714, -0.7792505957317786, 0.11949636409537735, -0.6152147007506025, 0.5935356914811423, 0.4558755835373335, -0.6632441746992566
-24.614795012391845, -17.052424379295775, -1.819944085951185, 0.1463671930433355, -0.8694174379095979, -0.4719003745064474, -0.791892170092805, 0.1829181616711916, -0.5826214354763647, 0.5928603846997395, 0.4589708757530724, -0.6617116437422987
-24.604222266135274, -17.384200824227275, -2.0433083697122405, 0.09120531950051343, -0.8502622021012126, -0.5183973161319471, -0.8007884130058519, 0.24682503310296017, -0.5457245831271409, 0.5919624205052028, 0.46489954905519026, -0.6583683634546107
-24.619194923819176, -17.70355813444554, -2.2839011997653498, 0.04065846083396615, -0.8259443915667075, -0.5622835153213317, -0.8055043190131737, 0.3058738218407098, -0.5075470393605711, 0.5911934384055156, 0.4735578815224799, -0.6528654158662448
-24.653521886054495, -18.00904191293811, -2.5400827035435385, -0.00019541307402517064, -0.7988494101840116, -0.6015310313378582, -0.8068015011878177, 0.35552406474217507, -0.47188343589310844, 0.5908225617686026, 0.4852239269016509, -0.6445823774098445
-24.692869177209875, -18.302697529134583, -2.80911675510687, -0.027737185072814172, -0.7717295380259173, -0.6353457080224441, -0.8061695886536772, 0.3930699007671846, -0.4422517919023466, 0.5910340454611709, 0.499929568288554, -0.6330475368063783
-24.722099009361216, -18.589056136246697, -3.087138969605217, -0.041150873784591604, -0.7469162302918955, -0.6636435417551418, -0.8050346329230444, 0.41819538595884087, -0.42075154064744125, 0.5917988217132777, 0.5169417414847445, -0.6185025388221911
-24.73780446446553, -18.87004071965957, -3.3716762743066475, -0.04297076322770324, -0.7259175296469386, -0.686438091643314, -0.804182711662417, 0.4328231935832487, -0.40737482661509605, 0.5928268547990303, 0.534516438706691, -0.6023690704056821
-24.74241676986827, -19.145888149071258, -3.661592052155268, -0.03867938804830028, -0.7097188627215131, -0.7034223772652467, -0.8037353944851845, 0.4403643499720967, -0.40011080331002985, 0.5937283222080229, 0.5498894208574436, -0.5874591936782602
-24.739456410807296, -19.415699902426397, -3.9571485073942743, -0.03561744937287756, -0.699477591113944, -0.7137664161541957, -0.8034948005800114, 0.44473449944212506, -0.3957364406354944, 0.5942453220186579, 0.5594124815691874, -0.5778669161005372
-24.73621457908773, -19.68122296128944, -4.256576278249926, -0.04170744261181928, -0.6968495351038831, -0.716003641510491, -0.8032059524197466, 0.44960402634468327, -0.39078947976133793, 0.5942395873957487, 0.558799557014992, -0.5784655286631859
-24.74281699727862, -19.949828570833443, -4.553159811110164, -0.06440920455881217, -0.7032896122153744, -0.7079796435760348, -0.8024723276909088, 0.45822716838681565, -0.38218585196542215, 0.5932028469743177, 0.5435177858195159, -0.5938844995783398
-24.767307975789006, -20.228211486027085, -4.839461284698006, -0.10990376623306629, -0.7183091179166188, -0.6869884811884669, -0.8003445149494508, 0.473803975314229, -0.3673669151771316, 0.5893808781748148, 0.5094524551852533, -0.6269676039059766
-24.835765657575795, -20.524873735569518, -5.098539515656854, -0.1820578083603581, -0.7375736152569077, -0.6502615754385909, -0.7947042120142627, 0.4998147648318283, -0.3444276647757755, 0.5790510943101765, 0.45405986712432456, -0.6771480393866822
-24.94258930754306, -20.841216053109036, -5.318639352657723, -0.2807931879215369, -0.7523904088616196, -0.5958723506506283, -0.7817495128556798, 0.5394716429549217, -0.31279073771041366, 0.5567969870309714, 0.3779934114512611, -0.7396607980234385
-25.11509526292099, -21.159720089750437, -5.484065306206239, -0.40034521930816047, -0.7518679772785583, -0.523849453679347, -0.7563721743722057, 0.593854127757159, -0.27429620628299933, 0.5173246941839937, 0.286411975463376, -0.8064386778290114
-25.373727675719547, -21.434850698444908, -5.615428723528432, -0.5289649626944144, -0.7274783242338758, -0.4370026956570963, -0.7142890906294392, 0.6597087478660553, -0.23361391867089285, 0.45824356323844384, 0.18857268030887608, -0.8685926438737901
-25.67731670229172, -21.673828706381276, -5.717565655376484, -0.6515697529270468, -0.6776548554214645, -0.3409409831544183, -0.6553572699479545, 0.7292001622487104, -0.19691107663820823, 0.3820519674035866, 0.09513685037969502, -0.9192308055667415
-26.02426856651866, -21.86478449512778, -5.771299483898944, -0.7548615329334264, -0.6091934659735905, -0.24303783062001194, -0.5854112858205724, 0.7928878170802642, -0.16918196109395764, 0.2957662802472615, 0.014568134430235524, -0.9551492432745372
-26.390008685267873, -22.02646083490628, -5.783840265714054, -0.8319067037969307, -0.5340835961190992, -0.1506185530876483, -0.5143052450429182, 0.8440045724777925, -0.1521393984407802, 0.2083779045366127, -0.04910187362076461, -0.9768150566549744
-26.762068445251316, -22.17307579192467, -5.7697104599956734, -0.8831498572481407, -0.4639603067253993, -0.06918933028915855, -0.45133718687954644, 0.8806256763267105, -0.1441983423406151, 0.1278322079221283, -0.09612102775874411, -0.9871269799981948
-27.13738270007255, -22.30826103003574, -5.737822298041809, -0.9138526141799056, -0.40604330153262697, -0.0014956059095359141, -0.40172538943335306, 0.9046582349064732, -0.14216254605389267, 0.05907716175624317, -0.1293147914833739, -0.9898421963436588
-27.51476914482095, -22.434017108721502, -5.693914318016337, -0.9304947259641574, -0.362534799162497, 0.052422174211830826, -0.366287142559494, 0.9194467544112666, -0.14300837387436152, 0.003646114162847082, -0.1522701060576113, -0.9883321914481564
-27.89350014013737, -22.552187630206884, -5.641359548147399, -0.9383400393892758, -0.3325658068838744, 0.0944349224101449, -0.3434480227430465, 0.9279601234579972, -0.14468401758905663, -0.03951488520575915, -0.16819629414317133, -0.9849612076034667
-28.272737276587776, -22.664760094680076, -5.580778057197619, -0.9406600614895344, -0.31465626627711335, 0.12708297608669625, -0.331511752454368, 0.9320876023041733, -0.14598855987881754, -0.07251625130368577, -0.17945510782199428, -0.9810898315513503
-28.651165344641957, -22.77417255177574, -5.510175277499167, -0.9390481240785723, -0.30824771853356914, 0.15222340386209932, -0.3298400729885523, 0.9326560696196889, -0.14614438768717858, -0.0969234074690979, -0.18744599174269738, -0.9774813825665305
-29.026851180528705, -22.885039037902946, -5.42813668600362, -0.93410280718712, -0.3139042499593754, 0.17004725067634582, -0.338741682181898, 0.9297098990377195, -0.14454610469968215, -0.11272097567764418, -0.19262301391244877, -0.9747770802360736
-29.396862473611126, -23.007438252141544, -5.337264585664837, -0.9259766826515476, -0.33250189308696804, 0.17891247658902243, -0.35857738395603267, 0.9228158668193898, -0.14083016602143927, -0.11827697536242195, -0.19455941776218566, -0.9737336340391844
-29.758849991000876, -23.1518165151089, -5.246477990975513, -0.914586765353366, -0.3640335178827355, 0.17609840004493799, -0.38877307792837673, 0.9113684912498421, -0.13514054548906812, -0.11129484497748895, -0.19206007137066938, -0.9750519916735364
-30.11303939159318, -23.321694331110262, -5.17060797815932, -0.8996074375357387, -0.4066864069668123, 0.1590994177198853, -0.4272817188040468, 0.8949666215466436, -0.12831632434435694, -0.09020416346400933, -0.18341459240150731, -0.978888296072615
-30.457221993910487, -23.520019099705475, -5.123324850995624, -0.8805474988951607, -0.45669893490635244, 0.12673667600533106, -0.4707394074597783, 0.8738306687795286, -0.12175538002379291, -0.055140841976648494, -0.16687134312315213, -0.9844355958570279
-30.78720942534393, -23.745244053945136, -5.1023131741720436, -0.8570147969026473, -0.5091315158813278, 0.07944014996395343, -0.5152311623546241, 0.8490345826887136, -0.11694924855382728, -0.007904886375981766, -0.1411572773008289, -0.9899556231652001
-31.103040485245838, -23.990836452701302, -5.106651235231435, -0.8288836055744332, -0.5591107031811466, 0.01863303513148702, -0.557274865165763, 0.8223305996595408, -0.1149656884381625, 0.048956031951212654, -0.10567689649049943, -0.9931946941479944
-31.408691218054653, -24.247160056948204, -5.137929988978033, -0.7961277663603153, -0.6027103903380402, -0.054044102441455015, -0.594479138343559, 0.7956730987620488, -0.11618465466961805, 0.11302713702662201, -0.060369738155520394, -0.9917562003892888
-31.703565683543623, -24.510187359770683, -5.200481905399259, -0.7586903020391255, -0.6369618702942852, -0.13663309036608567, -0.625523542756806, 0.7708734076042645, -0.12030996178855594, 0.18195967423787845, -0.005810786504070409, -0.9832888241566917
-31.973778646377326, -24.783763180398516, -5.309788038577701, -0.717103317795148, -0.6594346329048958, -0.2256297775843786, -0.6496200730385243, 0.7496782034504195, -0.1263975948219499, 0.25250067784584895, 0.05593349798588293, -0.9659787013648127
-32.21110526777729, -25.06043303662284, -5.4742705156123135, -0.673881679608702, -0.6684323493623389, -0.3147724197157348, -0.6660539308448672, 0.7339961171064805, -0.13274735883892613, 0.3197743627839096, 0.12019939433522094, -0.9398385300186362
-32.42601446284948, -25.32846617161933, -5.67926756775703, -0.6343782113845982, -0.6641596078527324, -0.39554557287041237, -0.6742980312083113, 0.7256431136380034, -0.13698261473025974, 0.37800324076530506, 0.17981681491631502, -0.9081736965164091
-32.611607925123344, -25.58170847796162, -5.927275290404944, -0.605385774152458, -0.6497106111180893, -0.4597653599983235, -0.6745797852990945, 0.7254048554218978, -0.13685725774018426, 0.42243363705990167, 0.22729698091020603, -0.8774314245281217
-32.82820284965972, -25.817638578881663, -6.166744509113723, -0.5915519171811977, -0.6304650933585205, -0.5025734725745894, -0.6683786902832957, 0.732076505068902, -0.13165833472016966, 0.45092821563352614, 0.2580266590539317, -0.8544506934651235
-33.07502755367104, -26.042025593715646, -6.387609383806642, -0.5921962125319248, -0.6121930975082576, -0.523949670508617, -0.6585533975257295, 0.7423974751149384, -0.12309919394652026, 0.46433938931579105, 0.27214995922507407, -0.8428068172621936
-33.33918377297263, -26.267069162679938, -6.586966777268092, -0.6012861041335436, -0.5994191283091039, -0.5283481140243234, -0.648984659988705, 0.7521057168087112, -0.11469917978346514, 0.4661265193863683, 0.27392279817643644, -0.841244535532886
-33.60269722644982, -26.493352317134804, -6.785267402317078, -0.6106821753488894, -0.594693095878245, -0.5228837370065136, -0.6435141980481958, 0.7574952261272287, -0.10995662465193208, 0.4614723801285791, 0.26933455795572714, -0.8452822831866627
-33.86128464400907, -26.726226333678955, -6.982358957531258, -0.6141802091794663, -0.5982789428019881, -0.5146309136186853, -0.6443676585389332, 0.7566690337370157, -0.11064490052661184, 0.45560179025254066, 0.26365560867014853, -0.8502427469466902
-34.107855973777625, -26.976766236364234, -7.17307308787533, -0.6098230643508626, -0.6081149041769941, -0.5082441278593673, -0.6510815326707462, 0.7500550363919596, -0.11623373089670766, 0.45189453194394347, 0.2600263557812198, -0.8533332445758239
-34.33587397571288, -27.23291561723129, -7.378319683564506, -0.5997275931616646, -0.6205492920528882, -0.505218160929688, -0.6609087534007868, 0.7400717572166432, -0.12447254254849881, 0.451139040295489, 0.2592534865781541, -0.8539679127568764
-34.5364165649143, -27.503897154379256, -7.590682629538978, -0.588106392104526, -0.6318852866319781, -0.504828541292804, -0.6704789826870605, 0.7299793969086827, -0.13261980946962704, 0.4523149404350048, 0.26048236912862, -0.8529713535825336
-34.76852599497623, -27.769197071499214, -7.7787218128806765, -0.5788968175835605, -0.6397392780083332, -0.5055809833894096, -0.6773694624640977, 0.7224712246496492, -0.13858550023121238, 0.4539263000892602, 0.2622384139034797, -0.8515761436070541
-34.882600282170806, -27.88566319509963, -7.895058614923323, -0.5760278743515465, -0.6420288902683947, -0.5059553261215585, -0.6794177839507444, 0.7201983878013356, -0.14037719565448153, 0.4545144253172815, 0.2628938688313033, -0.8510601922951224
-34.648304320184124, -27.642447006120083, -7.681961874702006, -0.5830064334036431, -0.6363347915518505, -0.5051549580778422, -0.6743572153158068, 0.7257792626951066, -0.13596620165783144, 0.4531510176105467, 0.26138572054037396, -0.85225093742167
-34.44036980641252, -27.369233270679963, -7.479524292790525, -0.5938332125802817, -0.6265425376594507, -0.504783680540326, -0.6659102643746369, 0.7348446717038658, -0.1287121916095706, 0.4515812611668948, 0.2597070599188507, -0.8535962790401698
-34.22281378386804, -27.102482480554823, -7.277384553127607, -0.6052482546332557, -0.6142575700983776, -0.5063222174072894, -0.6558248129719947, 0.7452827269181335, -0.12019763578256916, 0.4511855105759114, 0.2593092642662575, -0.853926425701914
-33.989160257124595, -26.846628777404405, -7.078210750870687, -0.6129295808235958, -0.6026222681653791, -0.5110418093097913, -0.6471261198153883, 0.7539710631326625, -0.11293989999678013, 0.4533708349729733, 0.26148429755879543, -0.8521037777912337
-33.73574253854452, -26.608773856167446, -6.88014811036374, -0.6133997021022629, -0.595524976112931, -0.5187396343894961, -0.6431128403722863, 0.7578872009961938, -0.10960321671577487, 0.4584175825698063, 0.2663775392030041, -0.8478775422188081
-33.47493232449729, -26.376653408134747, -6.684806250192563, -0.6064184896849452, -0.5959772355593443, -0.5263722542680909, -0.64554189976107, 0.7555113443629827, -0.11170615109163506, 0.4642545325800263, 0.2720546695682328, -0.8428843252457725
-33.20834709528945, -26.15400203051592, -6.486272554661152, -0.596195935305624, -0.6049089503995679, -0.5278594211071214, -0.6534782199555416, 0.747590591518744, -0.11863609702106406, 0.46638677379272786, 0.2742142760673623, -0.841005296078487
-32.950461225208144, -25.930143967169386, -6.2781095262051565, -0.5903423224120364, -0.6208832060057985, -0.5157518655992669, -0.6636919546626664, 0.7370417316086871, -0.1276028024116914, 0.45935708515839, 0.26697102907849224, -0.8471821161636728
-32.71568190876171, -25.701279336313664, -6.049188612917336, -0.5964720184291122, -0.6403120693878246, -0.4839644460364651, -0.6721419073176651, 0.728040289297459, -0.13484284774152278, 0.43868711818159434, 0.2448628002697713, -0.8646362364518237
-32.517091563699616, -25.457455053352717, -5.802138216553202, -0.6181796060339408, -0.6579048767595327, -0.43013387197446534, -0.6753745682247203, 0.7245315150563189, -0.13756189983228526, 0.40214819069466695, 0.20546351701997917, -0.8922228286110968
-32.32095886731525, -25.195820712300545, -5.5724449301769, -0.6532388016490691, -0.6678315216998162, -0.35676340429505404, -0.67121053326372, 0.7288165206797532, -0.13528820798610475, 0.35036479283158695, 0.15108784798377028, -0.9243467824013412
-32.09583907290192, -24.922757608794253, -5.385991104215649, -0.6954263221817649, -0.6656665832152727, -0.27068474358051375, -0.6588378384499763, 0.741023935088775, -0.12967740841067835, 0.2869057912334761, 0.08815626816087109, -0.9538938826413774
-31.842987315147504, -24.64557751986309, -5.247987764316537, -0.7383222801438984, -0.6498040332320042, -0.1806514019833094, -0.6384847497136328, 0.7597105256458366, -0.12319554215167987, 0.21729573172576228, 0.024385151595738133, -0.975801173065199
-31.5579897082394, -24.377678288784384, -5.164660100574551, -0.777989138111757, -0.6211660586279396, -0.09426361221996886, -0.6108255841618426, 0.7829337914477253, -0.11792702804121417, 0.14705443452500588, -0.034167320906397326, -0.9885381062299066
-31.256949591775903, -24.118139396792742, -5.1188076739732775, -0.8130887999225858, -0.5819106882017073, -0.01632649371618321, -0.5765845885384477, 0.8088783078703733, -0.11517853670155086, 0.08022976816866763, -0.08423677352188245, -0.9932106273526401
-30.94666270747795, -23.866121393840178, -5.101212365970889, -0.8435244273520157, -0.5346997950212409, 0.050622817628978634, -0.5367373720777182, 0.8357977902364738, -0.11556403960978738, 0.019481629181335523, -0.12465224843567915, -0.9920092152214973
-30.624133967983937, -23.6295310540547, -5.109726626669201, -0.8693539006611701, -0.48293303210292665, 0.10487841488639117, -0.4930943933836826, 0.861791541032052, -0.119051497341189, -0.032889430198568034, -0.15521284196056284, -0.9873334082627504
-30.28668311002903, -23.417307417231648, -5.143380212005773, -0.8906178460024851, -0.4310680068280349, 0.14484552416695226, -0.4486354795900094, 0.8849434445343858, -0.12490518975870762, -0.07433746588992776, -0.17622563225853877, -0.9815388263844391
-29.936933533709205, -23.233285745458577, -5.205394779857876, -0.9075751387154974, -0.38416420774883653, 0.1694851883506472, -0.40717431765186435, 0.903792024357109, -0.13179169834711738, -0.10254970809458334, -0.18862088482770853, -0.976680971032265
-29.57886111687832, -23.076653891959015, -5.291173196012503, -0.9207041587218805, -0.3467155792706334, 0.17914284580541703, -0.3724719418849232, 0.9176962708385914, -0.13819626260292694, -0.11648392430163361, -0.193963557350271, -0.9740685980973411
-29.212793001837568, -22.943929405063955, -5.383369191000151, -0.9304372820282498, -0.3215515453662603, 0.17575854996116938, -0.3472972960549581, 0.9267940936079286, -0.14295907178760245, -0.11692327554767612, -0.19405491935539268, -0.973997759704392
-28.839499284259393, -22.828961383303003, -5.470545824459453, -0.9369763108865564, -0.30950660653576506, 0.16211432184768323, -0.3329351726863489, 0.9316416055167168, -0.14559563749832985, -0.10596963539490992, -0.19039322304365028, -0.9759717501000327
-28.462159910538087, -22.719661090888387, -5.546886050243201, -0.9402927928879707, -0.3099994722454538, 0.14053394910298286, -0.32938735792376156, 0.9327993012027234, -0.1462512636380099, -0.08575215497550774, -0.1838091153432032, -0.9792143672525468
-28.083131176504622, -22.60904405706445, -5.612154198515311, -0.9400595301048901, -0.32216870979542533, 0.11178283538953626, -0.33618592347424087, 0.930498357294752, -0.14543669388960834, -0.05715859267638584, -0.1742989658618743, -0.9830324337389567
-27.70401301857085, -22.493931411704757, -5.668606291419815, -0.9352660890418794, -0.34596054411539684, 0.07475723780133815, -0.35341656781643616, 0.924342450806316, -0.14383241369810768, -0.0193409483003713, -0.1609420254400689, -0.9867743370021794
-27.32586389039519, -22.372203801992026, -5.717104047839222, -0.9235574313410043, -0.3825013137146865, 0.027100111094699408, -0.38230687997580326, 0.9130005277981902, -0.1423779679704446, 0.029717344059872475, -0.14185478929794781, -0.9894413060991856
-26.949411115988532, -22.241963158645977, -5.755570125846884, -0.9006551881604672, -0.43323613823024076, -0.033566062786408, -0.4247248418652474, 0.8940132413711438, -0.1426503871554559, 0.09180980744002241, -0.11422247057566454, -0.9892038144252263
-26.57551824928088, -22.10134676962499, -5.779455709954234, -0.8604933229048488, -0.49781973100053456, -0.10829015034954528, -0.4813622484846682, 0.8640702369579697, -0.14721756463541522, 0.166858104298102, -0.0745529411220879, -0.9831582944775935
-26.20597447904992, -21.947934587870336, -5.781644424327345, -0.7967925318401653, -0.5716709140568108, -0.19573969251327045, -0.5493538892282657, 0.8202524894690176, -0.15936172033979012, 0.2516584304042238, -0.01944786726943579, -0.9676206978280038
-25.846804761852162, -21.774746465486412, -5.750718421316987, -0.7062456711728771, -0.6450631256398591, -0.29173723774881344, -0.621190094206272, 0.7622974414015224, -0.18172913275723132, 0.33961731229366865, 0.052878868864867284, -0.9390760919212016
-25.5195779201864, -21.55977892790128, -5.671505202944035, -0.5919579775785762, -0.705500667563515, -0.38968520737707835, -0.686701996324326, 0.6946050645116014, -0.21439256656661232, 0.4219314174427726, 0.1406862197312466, -0.8956457260281345
-25.238418128734633, -21.30160154231271, -5.552461061707109, -0.4644393442999702, -0.7429565913989664, -0.48198713547463384, -0.7375618042764439, 0.6257498876809918, -0.2538496857191334, 0.49020269311652137, 0.23759751969255793, -0.8385992715816382
-25.013233343409592, -21.00525818965114, -5.408483802457472, -0.3385759233452754, -0.7546969349452832, -0.5619598566758031, -0.7709385194452929, 0.5649055587113163, -0.29416918426741334, 0.5394628285307468, 0.33363789671026667, -0.7730883588001798
-24.886000994663895, -20.680386603350282, -5.213973286964391, -0.2283145544518738, -0.7462125867723582, -0.6253313038445686, -0.7894451326481865, 0.5177909249346435, -0.329649724091214, 0.5697796475511647, 0.4184009242315702, -0.7073130988739276
-24.794956105363763, -20.37408526088398, -4.973550093962725, -0.1425380198035832, -0.7278625161476551, -0.6707451606218848, -0.7981589964045019, 0.4852822267684953, -0.35699212434053634, 0.5853418910081796, 0.48447633375616544, -0.6501211830583227
-24.751635263921337, -20.087241402733945, -4.698340863614923, -0.08399539035559625, -0.7098907969673197, -0.6992852284869991, -0.8016798472790199, 0.46493535705534617, -0.3756920763424552, 0.591822774879185, 0.5290464725720431, -0.608157572503525
-24.737901983783356, -19.814707276258535, -4.405646796661158, -0.05055592663371782, -0.6988961402116473, -0.7134341479628429, -0.8029345338358667, 0.4532511944458125, -0.3871168933374308, 0.5939193822868435, 0.553269861758894, -0.5840823806735729
-24.73716143945177, -19.548597130512416, -4.106738513014722, -0.03703145348327149, -0.6970997749306017, -0.7160171612780107, -0.803374384890339, 0.4468961723713277, -0.3935395899041492, 0.5943216882757905, 0.5606565034952873, -0.5765813177110868
-24.741580471128763, -19.281586479367984, -3.80864881101496, -0.036499272737235806, -0.7037595124922242, -0.7095000716464798, -0.8036047163084791, 0.442705389227621, -0.39778310456276206, 0.5940431491200127, 0.5556388097726144, -0.5817028881293704
-24.74130366872032, -19.008645538941366, -3.5159638652468144, -0.04115837170585073, -0.7171575594769615, -0.6956946336745539, -0.8039178599168963, 0.4372356501925095, -0.4031638137375068, 0.5933144722195478, 0.5426877749551597, -0.5945316778516156
-24.731531814754987, -18.730177981087248, -3.228702191562225, -0.04322596238598856, -0.7358740670012068, -0.6757372815605991, -0.8045534577699626, 0.4266316780174286, -0.41313332581919643, 0.5923050310154409, 0.5258086808213959, -0.6104915899557187
-24.7092119180648, -18.446610792718918, -2.9471956531128027, -0.03612984243231107, -0.7589211409957871, -0.6501794646368562, -0.8055977683421338, 0.4071109281347899, -0.4304334185857364, 0.5913601864582957, 0.5082316341422309, -0.6260940312198539
-24.673748226383985, -18.157029337584895, -2.6732527164658033, -0.015758170415253764, -0.7851290442035372, -0.6191317016703344, -0.8066269249367315, 0.37588755752778646, -0.4561376415764298, 0.5908508136850421, 0.4922204059604143, -0.6392295267929108
-24.634592201981505, -17.858034057495324, -2.410151765853856, 0.018740861495045474, -0.8125709705669211, -0.5825608963038591, -0.8064952903443331, 0.3320956314523203, -0.4891603399936411, 0.5909434209489378, 0.47899990538852594, -0.6491109026005879
-24.60879503525539, -17.545553118683788, -2.161570530430798, 0.0650226416091311, -0.8386173033375166, -0.5408262887666262, -0.8036465427283395, 0.2772727007943884, -0.5265663146793315, 0.5915439885916834, 0.4688719099467329, -0.6559228930476091
-24.606055010328042, -17.219752629909074, -1.9293223670468642, 0.1185386813998068, -0.8606002896147593, -0.49529357206306185, -0.7968652430351011, 0.21515027195598255, -0.5645495061727325, 0.5924140152415408, 0.461603186722383, -0.6602788293994716
-24.630859964566927, -16.882436229867576, -1.7156184046433363, 0.17409238229532015, -0.8765706265553725, -0.4486822696375039, -0.7859647801984307, 0.1508121487682253, -0.5995957472093536, 0.593254757009476, 0.45703351348039273, -0.6626983935708576
-24.685356516954652, -16.535592838060417, -1.523808727644805, 0.22730981850259885, -0.8856456095053669, -0.40492233919133525, -0.7719740931313941, 0.08958886709949682, -0.6293090134630129, 0.5936212984271011, 0.45563767321820076, -0.6633310371134663
-24.767204619696397, -16.181904966554942, -1.3555921989416593, 0.27545919697291854, -0.8878459898868308, -0.36858069543169014, -0.7568072477531977, 0.03613294316272412, -0.6526386444018079, 0.5927605085962331, 0.45871985858503317, -0.6619751285270937
-24.871211549628235, -15.82416398560217, -1.2095686822661456, 0.3174417406809697, -0.8836487149293977, -0.3440867476045248, -0.7427167126208623, -0.006084234988790733, -0.6695781260452441, 0.5895783459957596, 0.4681110238909411, -0.6582320588095655
-24.992883304389323, -15.46491412874213, -1.0819904641497564, 0.3531781065983098, -0.8735339002731167, -0.33496828221977926, -0.7318227881171933, -0.0348974140924618, -0.6806008942706708, 0.582838426849166, 0.4855107574125377, -0.6515970170471114
-25.12943062985374, -15.106747805959905, -0.9669752481181317, 0.38280830512916736, -0.8577038524664684, -0.3432228182803599, -0.7258185167634214, -0.049388152257296085, -0.6861109903943802, 0.5715288988734353, 0.5117664622469792, -0.6414435328785613
-25.27911612588829, -14.752449019793396, -0.8564170259601753, 0.40609444491497765, -0.8360601642220319, -0.36890473514204886, -0.7257986312340167, -0.04980077196355144, -0.686102200849598, 0.555250978124329, 0.5463728442308085, -0.6270351396685138
-25.4404728728891, -14.404947931869357, -0.7407989927786051, 0.4222476043474342, -0.8084489895636846, -0.4100209651911837, -0.7321461722177358, -0.03746045902440048, -0.6801166786049277, 0.5344800680378736, 0.5873729184114114, -0.6077204222231564
-25.611618759374057, -14.067510121521828, -0.610461224123424, 0.4301758465225658, -0.7750702282579666, -0.4628335363138, -0.7444816517120589, -0.014610927645783091, -0.6674830267935016, 0.5105837946240348, 0.6317061516729701, -0.5833108318948382
-25.78968358615542, -13.743665534455221, -0.4570370586267159, 0.42894893185496646, -0.7368261257974332, -0.5225802083918107, -0.761735152043407, 0.015914326273429417, -0.647693054124151, 0.48555367571658953, 0.6758949582306469, -0.5544399277076835
-25.970665345355762, -13.436692953065311, -0.27501128076141423, 0.4181866256475455, -0.6953778084069266, -0.5844396031282437, -0.7823755406912271, 0.05117130553619716, -0.620701225081626, 0.4615283950718848, 0.7168202013510088, -0.5226474332448879
-26.149884516002018, -13.14880282702051, -0.06259615734594787, 0.3981585731615217, -0.6528416461145892, -0.6444125508681334, -0.804741015284871, 0.08859867827939374, -0.5869771482139825, 0.4402972279452328, 0.7522951942592336, -0.4900921257867808
-26.322855713412714, -12.880566867368879, 0.17879465397593453, 0.36958333001419763, -0.6112801347787661, -0.6998176612521795, -0.8273437883252572, 0.12635375235374002, -0.5472997215290187, 0.4229780350032712, 0.7812626485958377, -0.4590405818811537
-26.485827242533926, -12.631103387789409, 0.4459165957727706, 0.3332884841664862, -0.5722432383407736, -0.7493039853726059, -0.8490338884413434, 0.16339939475734805, -0.5024361591994597, 0.4099515124989519, 0.8036406622155184, -0.43139476519033565
-26.635841832210804, -12.398651013608912, 0.7350848335809461, 0.28993441915943163, -0.5365363855942288, -0.7925066179661618, -0.8689884666264953, 0.19937059915558886, -0.452891166907099, 0.4009951090185706, 0.8199878481574118, -0.40843953214320744
-26.770437387630086, -12.18118511321391, 1.0429039542500078, 0.23992631257033864, -0.5042329870605221, -0.8295688393957572, -0.8865772335763055, 0.23432183622487457, -0.3988409281560606, 0.3954948462882735, 0.8311692798872119, -0.3908215126258898
-26.88730711943182, -11.976797315497237, 1.3665292248856402, 0.183530581081215, -0.47484349429639927, -0.860720733880843, -0.9011950331023537, 0.2684559649679505, -0.340262997084276, 0.39263728569716744, 0.8381259158369415, -0.37865671931559464
-26.984023382163315, -11.783906855852024, 1.703578902248782, 0.12113512586979365, -0.44754215700070166, -0.8860204845192172, -0.9121496938231367, 0.30189838002770936, -0.2772008372913087, 0.39154720959147066, 0.8417620719917263, -0.37165494321659287
-27.0578962101288, -11.601345390755702, 2.0519738233905422, 0.05355232273254128, -0.4213952124745608, -0.9052945507587403, -0.9186669396763938, 0.33454800595340667, -0.210068288083205, 0.3913862576478111, 0.8429138192105521, -0.3692060274539436
-27.105979366326416, -11.428413692518333, 2.409669450934169, -0.01775543829109711, -0.395571871007184, -0.9182633823032295, -0.920032205532036, 0.36602255119662974, -0.13988649970375264, 0.3914402702775335, 0.8423481387664998, -0.37043775175009525
-27.12530332437817, -11.264904498810019, 2.7744186862942635, -0.09064216932384347, -0.36952464826405973, -0.924789452505591, -0.915829965628663, 0.39570644111609615, -0.06835119981269802, 0.3912025961019041, 0.8407543914750351, -0.3742894361567983
-27.113377351717617, -11.111052334799064, 3.1436485912408925, -0.16249943288694974, -0.3431094630204742, -0.9251323314516803, -0.9061782454570089, 0.4228895317685927, 0.0023305323420815703, 0.3904291507711441, 0.8387135031143487, -0.3796376402858138
-27.06888335060799, -10.967413561572446, 3.5144950700778996, -0.23069428451196095, -0.31660937553078083, -0.920075350403174, -0.8918295237733479, 0.4469526213230753, 0.06981013406830788, 0.3891275467243586, 0.8366551605162313, -0.38547100378866567
-26.992315507519343, -10.834588365230198, 3.8841382670053175, -0.2930807567197543, -0.29064984713795955, -0.910838260285138, -0.8740567803081214, 0.46753193293409995, 0.13205542959039876, 0.38746408199725646, 0.8348272623995847, -0.391069082281428
-26.886140845632447, -10.712915924314277, 4.250287277127484, -0.3484004329415967, -0.26603840500467835, -0.8987995913376211, -0.854352089206254, 0.48460190393096025, 0.18773252881532645, 0.38561593068105593, 0.8332974029535044, -0.39612598025871515
-26.75428553535426, -10.602245448337637, 4.611560585479634, -0.3964388746483006, -0.24359640913782493, -0.8851536635651159, -0.834066462663982, 0.49845411204649764, 0.23638238945219678, 0.38362658214308015, 0.8319881535449258, -0.4007821825307652
-26.601248810260156, -10.501879007345622, 4.9674451696687445, -0.43790427166959434, -0.22405285207280953, -0.8706550225729832, -0.814148259603744, 0.5095943227441913, 0.2783455363591875, 0.38131674528889603, 0.8307309707149053, -0.4055657703225882
-26.431164959318103, -10.410693469715198, 5.318042636018334, -0.47407390526689824, -0.20804144611263503, -0.8555540246205119, -0.7950879287645612, 0.5186024912028656, 0.3144624646139214, 0.3782712226404118, 0.8293191260410828, -0.4112671507725638
-26.247293749375352, -10.327297931589193, 5.663588922479421, -0.5062921728606473, -0.19619327748502147, -0.8397478392766068, -0.7770906477624375, 0.5259977283156074, 0.34562481821619223, 0.3738961899514354, 0.8275473325898076, -0.41876849387614423
-26.051764326792863, -10.250173533355024, 6.004149972941224, -0.5354376460889384, -0.18925499145827032, -0.8230972453840838, -0.7604085976073859, 0.532136153299126, 0.37230347706780476, 0.3675395105774415, 0.8252355194489261, -0.42883685196628774
-25.84553947572723, -10.177750643520394, 6.339396774305054, -0.5615309827273008, -0.18810908906411875, -0.8057902494128228, -0.7456781114738052, 0.5371557494238506, 0.39424339554361665, 0.3586740992965216, 0.8222400327595154, -0.44189842613598457
-25.62854128672208, -10.108477667788097, 6.668440471026106, -0.5836780101446744, -0.19358392764268212, -0.7885716476211825, -0.7340471985885951, 0.540969811550116, 0.41051963806335434, 0.34712345169663916, 0.8184600942928524, -0.4578519229317993
-25.399856083091862, -10.040872094606478, 6.98983636981177, -0.6004423637139628, -0.20606286532180676, -0.7726623217117269, -0.7269229692002883, 0.5433053450428293, 0.42000273677314165, 0.3332446019167093, 0.8138534251222754, -0.4760153754975935
-25.15849706113377, -9.97305497846711, 7.301766215480719, -0.6105234676162636, -0.22508634098228625, -0.7593399993369367, -0.7253825145459782, 0.5437951799523697, 0.4220272619766684, 0.3179328593913608, 0.8084695055249616, -0.49527341494921506
-24.90581765971472, -9.900540811212238, 7.603503386039965, -0.613424092456066, -0.24923134676921163, -0.749396169313706, -0.7295768115579533, 0.5421375377599066, 0.41689874812543687, 0.3023715575767377, 0.802477804016554, -0.514393638402913
-24.648729024551823, -9.815655919095205, 7.8982162802460145, -0.6097768590807677, -0.2764197197589096, -0.742808401041614, -0.7385414947552694, 0.5382844142394753, 0.40596348347051764, 0.28762587271357526, 0.7961419646741847, -0.532380812417656
-24.39526812942028, -9.714513322493968, 8.190923065111267, -0.601176140466386, -0.30451242271368656, -0.7388230048847838, -0.7505565799381805, 0.5325440442479122, 0.3912309564024547, 0.2743211046300336, 0.7897271841269736, -0.5487065756899943
-24.148653058924275, -9.598953157913176, 8.484162431186418, -0.5896271845414116, -0.3318371899551666, -0.7363585149996072, -0.7637959345460525, 0.5255048764499383, 0.3747804626688237, 0.2625938948656089, 0.7834083891496146, -0.5633078573829018
-23.90902878340207, -9.471696017879752, 8.778358449922116, -0.5769183010341359, -0.35737091836848656, -0.7344734853188034, -0.7768595309486281, 0.5178247222618844, 0.358255252841713, 0.2522985198255503, 0.7772667391049657, -0.5763695630192227
-23.67574627875115, -9.334261487554567, 9.073073213846744, -0.5642121653097386, -0.38058677578731104, -0.7326788782354212, -0.7889722707017245, 0.5100262024924048, 0.3426310389251702, 0.24328458352361976, 0.7713799186308883, -0.5880354007649058
-23.44804627860255, -9.18711740819497, 9.367477866666093, -0.5519647684071488, -0.40120709830126056, -0.7310046229059877, -0.7999044103212404, 0.5023981496092017, 0.32825147923182113, 0.23555854640804505, 0.765917073541211, -0.598233405680589
-23.225199922578415, -9.030382718701729, 9.660630788691908, -0.5400906559673154, -0.4190921572065821, -0.7298382335180368, -0.8097801744589302, 0.49500272955087554, 0.31500534406648933, 0.22925564854559086, 0.7611399749751134, -0.6067188690858595
-23.006517774972195, -8.864585822481796, 9.951936825943033, -0.5282312818985615, -0.4343040028224815, -0.7296243868979246, -0.8188905076888249, 0.48774201116176746, 0.302532753540857, 0.22447728001056386, 0.7572897488281776, -0.6132880131543537
-22.791539200987295, -8.691190622984218, 10.241583498906824, -0.5160222534377186, -0.4472090801746175, -0.7305648996266051, -0.8275418200260183, 0.48045059262429163, 0.2904165356087565, 0.22112342721901748, 0.7544344018245321, -0.6180074136113388
-22.580310958449264, -8.512386879601523, 10.530691204729926, -0.5032985301689721, -0.4584567638547362, -0.7324670540069328, -0.8359416042341854, 0.47299499202793255, 0.27834757377579694, 0.2188429204706631, 0.7523916089327011, -0.6213007669136843
-22.373534251562944, -8.330302196802688, 10.82096781897707, -0.49018637819635186, -0.4687847465561396, -0.7348184646748058, -0.8441367863529887, 0.4653511494481887, 0.26623559798212215, 0.21714142984790274, 0.7507923608452243, -0.623827243986717
-22.172371634068814, -8.146105459891281, 11.11384325079665, -0.4770444791112289, -0.4787508037430528, -0.7370388272437737, -0.8520296263072317, 0.4576227194122342, 0.2542183364207052, 0.2155784795480652, 0.7492523704287712, -0.6262162602189534
-21.97777859979214, -7.9591763118159555, 11.409410717902261, -0.46426974738570137, -0.4885591168022343, -0.7387581411069781, -0.8594697355489817, 0.449980806070676, 0.2425470013076812, 0.2139284350846811, 0.7475474991981483, -0.6288142500809073
-21.789735639398735, -7.767657796254853, 11.706275052539427, -0.4520515426942136, -0.49808880699571334, -0.7399709069236226, -0.8663791772113346, 0.4425450822070258, 0.2313892208141675, 0.21221810488832568, 0.7456952397326697, -0.6315869579065451
-21.607182188497127, -7.570652598143403, 12.002978486612106, -0.44018582620802926, -0.5070949597564743, -0.7410068422053431, -0.8728490709405902, 0.43526017247822474, 0.2206424293112607, 0.21064410213367785, 0.7439108038224783, -0.6342127231398713
-21.428840717533582, -7.368890536853458, 12.299047490395306, -0.42803080928330506, -0.5154548465910764, -0.7423583551291443, -0.8791626798761942, 0.4278277211794627, 0.20984857231655477, 0.20943401972264997, 0.7424754151594232, -0.6362921100144611
-21.25393351581611, -7.163589956747504, 12.594740785149035, -0.41463229542220437, -0.5233532309107546, -0.7444336473374832, -0.8857322948026903, 0.4197314247254297, 0.1982519433486616, 0.20870640032465196, 0.7415705811271341, -0.6375850623017221
-21.08237910302108, -6.955633986917947, 12.890534591931369, -0.3990057476362434, -0.5314060863894682, -0.747262995672522, -0.8929664941363464, 0.4103542520950299, 0.1849871026244022, 0.20833927546932884, 0.7410917346292278, -0.6382615350788088
-20.91472405512528, -6.745406122425501, 13.186967350818534, -0.3805225044769104, -0.5407893781561689, -0.7501662962704229, -0.9011114497556292, 0.39914930709234264, 0.16934575804256477, 0.2078479701751447, 0.7404233107629493, -0.6391967945577522
-20.752158131282883, -6.532920613690525, 13.484608469044025, -0.35927343926874944, -0.5533629644955967, -0.7514732366230011, -0.9101364631940427, 0.38579588042860186, 0.1510402496322054, 0.20633519864686967, 0.7382079437184113, -0.6422420241858922
-20.596597541113454, -6.317924676208478, 13.784183920889955, -0.3361949218315907, -0.5715848323196613, -0.7485076846611232, -0.9197342821500462, 0.3702652002488033, 0.1303554054216896, 0.20263717519890095, 0.7322530033716614, -0.6501874454959828
-20.450840682243964, -6.100093890859254, 14.086621313542183, -0.31276504941667094, -0.597908340372122, -0.7380268561352237, -0.9294482061803506, 0.3527614809199549, 0.10809888809460035, 0.1957142199522457, 0.7197672916246021, -0.666056296431367
-20.318412024446207, -5.879212447504943, 14.392936578779906, -0.2903338120297661, -0.6336181423481547, -0.7171013368273259, -0.938846737073551, 0.33358717680348743, 0.08536041095628298, 0.18512990541403926, 0.6980312637407815, -0.691721962179774
-20.201707605680337, -5.654524936469906, 14.70285267496652, -0.26950885639951294, -0.6776684078692772, -0.6842006323426963, -0.9476323066580915, 0.3130433559299457, 0.06322079314578526, 0.17134172784261142, 0.665409187105225, -0.726548433358625
-20.096079449040776, -5.418860903243929, 15.008520043694274, -0.250078188522133, -0.7264720483959828, -0.6400775441497955, -0.9556372727530625, 0.29145276147893306, 0.04257570611737237, 0.1556223073681187, 0.6223292141026717, -0.7671297456908928
-19.992911876911034, -5.155872147398769, 15.291742380441484, -0.23151955840885685, -0.7750959520836617, -0.5878987660623978, -0.9627574817091675, 0.2692896880610699, 0.024105918712913465, 0.139630675308794, 0.5715849271696146, -0.8085752565749934
-19.894418001324798, -4.8605420215323365, 15.542971381098496, -0.21362961845348175, -0.8191765885167748, -0.5322707045718735, -0.9689058231600388, 0.24729091451799817, 0.008289115961280362, 0.12483545956973625, 0.51749098583731, -0.8465336305257706
-19.804577913465085, -4.53971142993369, 15.764527446441193, -0.1967716865092408, -0.8562729637815784, -0.4775746170861898, -0.9740208454200041, 0.2264110843990398, -0.004627477558166211, 0.11209057085950415, 0.46425707572202124, -0.8785790070144106
-19.723629878668095, -4.200939373664364, 15.961534010009867, -0.18167228240516037, -0.8859913518748179, -0.42663158135413753, -0.9781003244324225, 0.20761722764625065, -0.014657493976627602, 0.10156247905053117, 0.4146256277505256, -0.9043067243262062
-19.65026529391609, -3.8493954872216616, 16.138132491034963, -0.16906539593236186, -0.9092438223994974, -0.3803847569587733, -0.9812122698972613, 0.1916681465514556, -0.02204093919491427, 0.09294822914557273, 0.3695118306981267, -0.924565645951017
-19.582990908843968, -3.488320580609069, 16.297060380775108, -0.15947695225476122, -0.9273779388432274, -0.33843353889119754, -0.9834691813881116, 0.17902923583193403, -0.027145938503422395, 0.0857640423448571, 0.32850980390898676, -0.9405986592465189
-19.520430206183068, -3.1197986190617675, 16.44005716297034, -0.15322131417239399, -0.9416163413974316, -0.2998030928736397, -0.9849855369583814, 0.16994579363996185, -0.030363122482582678, 0.0795406868595775, 0.29064943288676687, -0.9535177954797213
-19.46132162408249, -2.7453002390415824, 16.56822691389811, -0.15051723953827986, -0.9528466428890761, -0.263491623655845, -0.9858416963749713, 0.16458924646515552, -0.032039501190736015, 0.07389661893682925, 0.2549385319700608, -0.9641294698465841
-19.40443173884047, -2.3659258591717207, 16.68228639295336, -0.15160991298269452, -0.9616200606491443, -0.22869475998045055, -0.9860615929946611, 0.16318336625213778, -0.03246111211052285, 0.06853443737429425, 0.22058569295345687, -0.9729568248170277
-19.34849609746966, -1.9825726786433615, 16.78271066232157, -0.15684290024270076, -0.9682185958900166, -0.19481543885488958, -0.9855987472754005, 0.16607069778583156, -0.031868992862784225, 0.06320928739211841, 0.18701142721687353, -0.9803220450840063
-19.292145691387645, -1.596038369010369, 16.86982317440597, -0.1666754093768561, -0.97271383879812, -0.1613911265208918, -0.9843223971152433, 0.17372334155995678, -0.03048965618933247, 0.057695116312895534, 0.15377902460305715, -0.9864194265857571
-19.233853502498768, -1.2070705632869616, 16.943834193176905, -0.181654208923249, -0.9749938365036841, -0.12801862036553907, -0.981999484312959, 0.18671058204704766, -0.02856871296952649, 0.051756750183441017, 0.12052459222698114, -0.9913602077342871
-19.171868606965656, -0.8164219209224857, 17.004873961496685, -0.2023374248867976, -0.9747636626616549, -0.09431526093170235, -0.9782754587357694, 0.20562105074690534, -0.026402846912002002, 0.045129738814883226, 0.08692402109989009, -0.9951922031599356
-19.104181774372808, -0.4249143118951379, 17.05297291917358, -0.22915224107103063, -0.971543186210798, -0.05994237015246272, -0.9726674560556523, 0.23092069149875802, -0.024365019350726304, 0.03751360209777359, 0.052720693898184214, -0.9979044333464724
-19.02846669896102, -0.033490776772699994, 17.088036602265927, -0.2621704599119031, -0.9647050989573323, -0.0247127901157488, -0.9645978586233276, 0.26272819830961097, -0.02290993130231105, 0.02859407436641591, 0.017831597200182035, -0.9994320452399045
-18.942066513156686, 0.356673750106328, 17.10979167820831, -0.30082133522449755, -0.9536145437304694, 0.011217230472758697, -0.9535083649368863, 0.3005227524951078, -0.02253604286802984, 0.018119665260041138, -0.01747504559343762, -0.9996831000433944
-18.841994398040896, 0.7440865877798192, 17.117709107946734, -0.34363199704202935, -0.9379212465405431, 0.04712521508428737, -0.9390848870388184, 0.34286855864893995, -0.023679662693716328, 0.006051904179379123, -0.052391667064831414, -0.9986082753902912
-18.72505675991348, 1.1267555042352682, 17.11097373840096, -0.38815537137913053, -0.9179753051886226, 0.08158888854117621, -0.921565561150203, 0.38731423640379276, -0.026544279625907174, -0.007233544873755545, -0.08549281456825591, -0.9963125285199204
-18.58817115511655, 1.502131968022277, 17.088581162024692, -0.4312346117576002, -0.895188311525099, 0.11258151060948712, -0.9020001881036824, 0.43062637321949016, -0.030928746317140633, -0.020793515412105744, -0.11488608965697555, -0.9931610222517475
-18.429060194160407, 1.867248894152863, 17.049761627095783, -0.46960525012875487, -0.8720487069150075, 0.1378476036040266, -0.882253584615051, 0.46938274020510623, -0.03617258121061888, -0.033159033239867006, -0.13860337645746248, -0.9897926967548247
-18.247369846010077, 2.219542776451776, 16.99492390400916, -0.500622578584082, -0.8515958487424872, 0.15543984114887527, -0.8646142874272471, 0.5007347861362267, -0.04131353204194705, -0.04265170323091928, -0.15507799443399492, -0.986981077758754
-18.045705128320268, 2.5584074619515182, 16.926793821766292, -0.5228089296483223, -0.8364906855093956, 0.16417720955113368, -0.8511046897403192, 0.5230270696017828, -0.04542567077993423, -0.04787097431649598, -0.1634809393164635, -0.9853843677967478
-17.829547345052276, 2.8864719938320893, 16.85056761110393, -0.5360413896896756, -0.8281428556830441, 0.16382624673932403, -0.8428203884233904, 0.5360533433090975, -0.0479646326472363, -0.04809803943412535, -0.16378712925096262, -0.9853224623920445
-17.605666707118615, 3.2088766966850724, 16.772427486718836, -0.5414101673951016, -0.8263538792166766, 0.15496547016919024, -0.8396378499553417, 0.5409386185635429, -0.04892537040163453, -0.04339713773486823, -0.15660356716919385, -0.9867076624747093
-17.38016092173515, 3.530932675521544, 16.69759603964993, -0.5408773736262437, -0.8295986586052492, 0.1386280359074168, -0.8403981504150109, 0.5397730151514568, -0.048744649894466814, -0.0343891767596386, -0.14286762318550872, -0.9891441890680639
-17.157271391988342, 3.856298120480793, 16.629579319942856, -0.5368444156709287, -0.8356875468818245, 0.11586370160484907, -0.8433981253473849, 0.53513706212887, -0.048040887758230365, -0.021855789243494367, -0.12350971104621834, -0.9921026538387162
-16.939141276831794, 4.18660354304455, 16.57059319212968, -0.5317072232376553, -0.8424114127562697, 0.08735239215320972, -0.846904220045478, 0.5296331863393293, -0.047349023191716855, -0.006377368270903516, -0.09915492718990393, -0.9950515713207544
-16.726103977144934, 4.521919237378072, 16.522167782801453, -0.5274777704233488, -0.8479027701863009, 0.053179827186724586, -0.8494859428884584, 0.5255175984993092, -0.04695621899627056, 0.011867373092636633, -0.06994387734402331, -0.9974803353840939
-16.51730572836999, 4.861369366153452, 16.48554912293624, -0.5255278812996462, -0.8506791688349585, 0.012860703206639835, -0.8501318442334979, 0.5244814509878116, -0.046851413958083954, 0.03311032160606337, -0.03555501764848491, -0.9988190763712712
-16.311268357385135, 5.203652948163571, 16.462007502933385, -0.526459605338999, -0.8495062600620592, -0.03434236540598904, -0.8482309822391505, 0.5275591875596727, -0.04674937850906793, 0.057831520089924884, 0.0045185989810105215, -0.998316131066376
-16.106322059828305, 5.547279969277813, 16.453265508578824, -0.5300836463963091, -0.8432793407903337, -0.08883288366034832, -0.8435260112444101, 0.5351011559952507, -0.04615865256527569, 0.08645921684405972, 0.05046490115681066, -0.9949764306625285
-15.900768219999495, 5.89053512497542, 16.461966190155, -0.5355233749257555, -0.8310930277872919, -0.14999698020787014, -0.8360949916745275, 0.5467771621294484, -0.044496065786073416, 0.1189952932048166, 0.10158304059742702, -0.9876846693444631
-15.692989656097769, 6.231212326393178, 16.49210776751142, -0.5414960790032791, -0.8125480313752693, -0.2157491439896084, -0.8263479329106685, 0.5616467655368634, -0.041255357667156135, 0.15469676854524092, 0.15594424474841617, -0.9755769074406724
-15.481697643012417, 6.566223948478871, 16.54904705702861, -0.5467602733695177, -0.7881368866709815, -0.2826542965062849, -0.8149782108348651, 0.5783603978713233, -0.036190689942674166, 0.19199926908530793, 0.21056946132499152, -0.9585388790383051
-15.266459629806544, 6.89150975666228, 16.63821311878983, -0.5505657574594968, -0.7593860153843253, -0.34671346433585154, -0.8028234040229223, 0.5954906125879725, -0.029419589946985538, 0.22880543845393655, 0.2621522648353786, -0.9375096060177642
-15.048154048207534, 7.203122402382606, 16.76200873640791, -0.5528646958775035, -0.7285297518896318, -0.4044564607765675, -0.7906630613672795, 0.61187856019815, -0.021367053122982375, 0.26304477079310457, 0.3079756941407397, -0.9143076180241159
-14.8284506149472, 7.499377182052773, 16.91716733516365, -0.5541810696216317, -0.6978689606195855, -0.45372046005967553, -0.7790530360149173, 0.6268317092291907, -0.012584728076172912, 0.2931888625936601, 0.34649808384542435, -0.8910551996046514
-14.608520088370282, 7.781600838203851, 17.09637832220898, -0.5552985045002746, -0.6692820055842329, -0.49366503613371815, -0.768291717745138, 0.6400898299490486, -0.0035841372773831094, 0.3183887676159188, 0.37728849253183544, -0.8696447470427632
-14.388540066017253, 8.052262163222927, 17.292607316009136, -0.557071717647118, -0.6442693157199986, -0.5240115935925219, -0.7585208125394085, 0.6516280408318489, 0.005203205377622986, 0.3381083825376783, 0.4003722583088532, -0.8516952368273665
-14.168167880346527, 8.31303138114567, 17.501405831888114, -0.560586574502309, -0.6244807039982895, -0.543844226614173, -0.7498471210545506, 0.6614758771061391, 0.013377557806497421, 0.35138581009194064, 0.4152993069347273, -0.8390795541100773
-13.946995213472825, 8.56441066464744, 17.72061549012292, -0.5676327773245694, -0.6122042097593983, -0.5504534818308142, -0.742313511927248, 0.6697355831155062, 0.020613071560746005, 0.3560388744463606, 0.42030971230962966, -0.8346113260800894
-13.724684494954303, 8.80642343938254, 17.949030594527795, -0.5810533232640046, -0.6100196095420873, -0.5387514375832103, -0.7355997447308477, 0.6768806603195368, 0.02693672655129947, 0.3482384974062574, 0.41195709444007306, -0.8420340261917715
-13.500888212085925, 9.03975716181073, 18.18490722005624, -0.6041849889376306, -0.6189709575316701, -0.5018320962979178, -0.7284942336407368, 0.6842515409420143, 0.033105592740114896, 0.32288798474800917, 0.3855836905923361, -0.8643312830475147
-13.275067426273864, 9.2670924180765, 18.42468718672524, -0.6389285361928042, -0.6356007562953252, -0.4333382099876849, -0.7183660655616649, 0.6944825919014548, 0.040547816159335705, 0.2751736206251867, 0.33720262179088706, -0.9003187604228725
-13.046311322009176, 9.494210465152886, 18.661866165012665, -0.6835095696492272, -0.650045041624277, -0.3320483580107273, -0.7010025587357173, 0.7113804241964516, 0.05033194528382234, 0.20349467030835333, 0.2671691148500672, -0.9419185650714855
-12.812990114507862, 9.730692313022299, 18.884919616226934, -0.7325670070541651, -0.648415214696569, -0.20713109260974086, -0.6712332913132448, 0.7386868544115223, 0.0615434785529651, 0.1130992873916166, 0.18411800691299274, -0.976375496784867
-12.56976541242, 9.990782950149185, 19.066300214361814, -0.7808106435635479, -0.6197414464561709, -0.07909031825888185, -0.6245174122403819, 0.7778018828001635, 0.07072646549275378, 0.017684476425810766, 0.10461725793067728, -0.994355313073054
-12.300615569015397, 10.276016453923637, 19.131823839440813, -0.8267654803236053, -0.5618732494054579, 0.027518941619007583, -0.5588744215540271, 0.8259654158214575, 0.07375983188387891, -0.06417337047350537, 0.04560245025696163, -0.9968962809904708
-12.005429215121419, 10.538970622682209, 19.07435233373283, -0.8717129314004268, -0.4806667016628003, 0.09526850026047114, -0.4759248450668854, 0.8767790897251834, 0.06894903674990645, -0.11667093501526402, 0.014763120716277452, -0.9930608960126165
-11.693595257429871, 10.767126846325382, 18.970859744080478, -0.9150785669879584, -0.3849130500847646, 0.12030444760568058, -0.38054404127952357, 0.922921616044546, 0.05832600864427228, -0.13348201708811835, 0.007591739732561561, -0.991022157472738
-11.360268309894504, 10.956669688684483, 18.857195433557873, -0.9525064644297725, -0.28342033690292173, 0.11137480796539644, -0.27993941995501354, 0.9589116459589474, 0.04606925655524355, -0.11985556463821426, 0.012703065540909053, -0.9927100663089492
-10.996469172640143, 11.098824807783329, 18.77239702999682, -0.9790109372766135, -0.18554303718704085, 0.08432891582473455, -0.18310174985148975, 0.9824388416362437, 0.035884141981632416, -0.08950605506941561, 0.01969019542421715, -0.9957916259489568
-10.609398031354702, 11.190511545846764, 18.732522492070068, -0.9932292057931071, -0.10218102138231676, 0.0552700970585388, -0.10067202652078679, 0.9944840816327633, 0.029437297009703607, -0.05797316479020078, 0.023673830452760045, -0.9980374050685186
-10.211969646960972, 11.235045750523135, 18.724767277161117, -0.998357250700264, -0.04527830965316763, 0.035109466660177946, -0.04436355183232009, 0.9986662987425995, 0.026410206825733105, -0.036258450643006354, 0.024809240832980334, -0.9990344470168483
-9.812009038441273, 11.244737769297132, 18.73125439515374, -0.9992937214415665, -0.025576548713142817, 0.027529955382990346, -0.024871914310416406, 0.9993617768131862, 0.025640337816158862, -0.028168176476309398, 0.024937505904072996, -0.9992920867460544
-9.412477648060404, 11.225254629563995, 18.740582930936046, -0.9983464336458817, -0.048834117283615835, 0.03032535928359557, -0.04804060493077467, 0.9984973288988716, 0.026366350898520224, -0.031567367714688085, 0.024865903783066544, -0.9991922678466928
-9.016709547005066, 11.16734761112559, 18.746255453722913, -0.9930048415916709, -0.11161799573197993, 0.03850724093305537, -0.11056080531975329, 0.993458433574207, 0.028577072756503296, -0.04144505884358564, 0.024119780037524838, -0.9988496099555695
-8.624837405403877, 11.087174122140912, 18.736613410841475, -0.9787302693187262, -0.1995743283457554, 0.047509445214972426, -0.1981887009145266, 0.9796306406464007, 0.03232718262600049, -0.05299338401259314, 0.02222375692953585, -0.9983475376234625
-8.227630679832014, 11.085090618078366, 18.704166585746602, -0.9549585214696358, -0.2915333153563503, 0.05534029553464398, -0.28981622748218017, 0.9563652641105959, 0.03704100283020642, -0.06372422271416225, 0.019334105616887063, -0.9977802442419227
-7.848586840074672, 11.205872695148875, 18.67292092849376, -0.9275175261040123, -0.3684535870077863, 0.06287442239089512, -0.3664221637784804, 0.9295150150443953, 0.041672949246654704, -0.07379726730570389, 0.015613808891921304, -0.9971510278338469
-7.494595080016064, 11.391480215933639, 18.655659339752425, -0.9043780043415314, -0.4205599421643551, 0.07231708172999862, -0.41824833334494993, 0.9072011184404353, 0.04532617736579069, -0.08466851195929137, 0.010745498924561621, -0.9963512319134562
-7.148590213622279, 11.592128415737218, 18.64182096395045, -0.8899892199508079, -0.44795921379254666, 0.08515709688402809, -0.44544854762497266, 0.8940431712101423, 0.047564686809802845, -0.09744116065685382, 0.004398953384111518, -0.9952315657267758
-6.802056188712007, 11.791255373155668, 18.621216217470018, -0.8838594100945036, -0.45669794475731906, 0.10109169323854805, -0.45413934944392836, 0.889616243199542, 0.04837758904884111, -0.1120267578484776, -0.0031507284830363594, -0.9937001954493039
-6.452898477233301, 11.984244445832681, 18.589559888829374, -0.8829364632401627, -0.45434484477438386, 0.11829608576742474, -0.45192991743279, 0.8907576699569548, 0.048063740408423705, -0.1272106583983609, -0.011024311307187583, -0.9918144549007429
-6.101157885793768, 12.17025681423318, 18.546639844314637, -0.8843077720604718, -0.44714896417693084, 0.13437845105872595, -0.44503440128529603, 0.8942749636927996, 0.04708153549832672, -0.141223744271573, -0.01816846575085424, -0.9898109723104596
-5.7476180857413475, 12.350254370416378, 18.493963982059967, -0.8863441766062824, -0.439007265344892, 0.1471958612547618, -0.43724838766368945, 0.8981705989913548, 0.04586308529760038, -0.15234122252901677, -0.023710674429687426, -0.9880434989596631
-5.393081431348751, 12.525800569785789, 18.433477727107796, -0.888579420680951, -0.4316810279752199, 0.1551712061838881, -0.43021376634167213, 0.9016205512320208, 0.044682175933810776, -0.15919399609413185, -0.027053127034120765, -0.986876587991253
-5.038045980814385, 12.698257716749808, 18.3672918086821, -0.8912009131001443, -0.4254878739137777, 0.15722913738172786, -0.4241576370689261, 0.9045367890516526, 0.04362907480374883, -0.16078318135170155, -0.027807668087403807, -0.9865979435362546
-4.682625949541666, 12.868575610573147, 18.297720012624183, -0.8946310990695725, -0.4199279754809523, 0.1526292632034808, -0.41854627510261133, 0.9071929890753423, 0.042660241094898875, -0.15637842618244313, -0.025717231208170634, -0.9873623508336176
-4.3266569422027334, 13.037384990548311, 18.227275558996563, -0.8992673192079155, -0.4140873985689122, 0.14088972620826481, -0.4125016193544063, 0.910003080396487, 0.04167502488178344, -0.14546718748433107, -0.020640252307943613, -0.9891477530430239
-3.9698238529685725, 13.20512181287154, 18.158655181350856, -0.9053103089507327, -0.40689828293652996, 0.1218483969973858, -0.4050642041894396, 0.9133865140476979, 0.04059638457018707, -0.12781328175078235, -0.012604098503986166, -0.9917181563876891
-3.611669348995102, 13.37192531204004, 18.094842660098912, -0.9126440517587497, -0.39737059334438485, 0.09579898921441819, -0.39541284134935345, 0.9176562871504195, 0.039441393856429544, -0.10358339483432506, -0.0018841970275246464, -0.9946189874098312
-3.2514591638023984, 13.537260192386977, 18.039345259790377, -0.9207923965601027, -0.38483540521826926, 0.06358516593980988, -0.3830759906028336, 0.9229201404322651, 0.03835622254792653, -0.07344486272545163, 0.010960167652859695, -0.9972390520152431
-2.8882031503101135, 13.699543317281067, 17.99613223196985, -0.9289900063673837, -0.3691517128115984, 0.02654394465394577, -0.3680930898520898, 0.9290288010924789, 0.03758941265586232, -0.0385362851436139, 0.025149546097981992, -0.9989406664353974
-2.520993203471542, 13.856283117753536, 17.96888928721644, -0.9363526868124995, -0.350791937998602, -0.013735433527857038, -0.35106063974671536, 0.9356053108923731, 0.037404938853215115, -0.0002704064349663259, 0.03984618507675321, -0.9992057888218968
-2.14956382111865, 14.00496167927757, 17.959868448810717, -0.9420661714968396, -0.33076018418159675, -0.05575866821798482, -0.33303682670345175, 0.9421488238929034, 0.03797454010931203, 0.03997249780264153, 0.05434421953966104, -0.9977218576447261
-1.7744337931628293, 14.144014467157453, 17.969440636580323, -0.9455035205118252, -0.31038093736404, -0.09842137176835351, -0.3153449233304159, 0.9481629825219999, 0.03930060947007978, 0.08112134139348721, 0.06819554454658662, -0.994368490889829
-1.3966120971526192, 14.273065516954608, 17.996800307516132, -0.9462430795826541, -0.2910535909992588, -0.14110932466839735, -0.2993530089297037, 0.9532526906059166, 0.041195678138774276, 0.12252269335379369, 0.0812226262750528, -0.9891365298048169
-1.0172324271669078, 14.392552473944999, 18.040971466597398, -0.94403290606142, -0.27405254384561223, -0.18356763190981962, -0.2862864877457266, 0.9571646812845055, 0.0433107358024197, 0.16383503656863557, 0.09343969238647928, -0.9820524958877066
-0.6374517450282853, 14.503312019572666, 18.101435616559662, -0.938770656082028, -0.26038844572939, -0.225626932368348, -0.277078929614131, 0.9597837103076255, 0.04519398402459761, 0.2047850630373369, 0.104943254946474, -0.9731649352489194
-0.25849388080483227, 14.606480610796835, 18.17829478924312, -0.9305328145441092, -0.2507012515571201, -0.26694112370392137, -0.272242333500908, 0.9611106513810841, 0.046372703736233666, 0.2449342624187131, 0.11582399695020774, -0.9625964932534709
0.11823444479175109, 14.703607925019712, 18.27210189640345, -0.9196320453526668, -0.24516802383131125, -0.30687056106951677, -0.2717632104445746, 0.9612421627946864, 0.04645709757024544, 0.2835871270162458, 0.126119564526853, -0.950616745504848
0.4911496652602771, 14.796842459436704, 18.383453296618224, -0.90664736228686, -0.24345286514475187, -0.34455952012836655, -0.275071760857183, 0.9603582758011672, 0.045249403080461964, 0.31988448983532747, 0.13580384586977154, -0.9376733059065785
0.8586859221937588, 14.888822387747265, 18.51235148161749, -0.8923783247405549, -0.24474836911476572, -0.37915585363924337, -0.28113409441551646, 0.9587128179698883, 0.04281767879513442, 0.3530220198378685, 0.14480320602769203, -0.9243416495180197
1.2197011825988011, 14.982075813846798, 18.657718984877025, -0.877715938918438, -0.2479291188261454, -0.4100559505806688, -0.2886658869620662, 0.9566150687129086, 0.039491974068167686, 0.3824744910094377, 0.15303189977742634, -0.9112049722085495
1.5738021016383028, 15.07825724343197, 18.817487116338036, -0.8634727251515619, -0.2517795091064567, -0.4370605584051788, -0.2963990842429312, 0.9543939211340954, 0.03577465810091959, 0.40812061425427515, 0.16043479079176562, -0.8987203358800309
1.921312259681196, 15.177823823153819, 18.98921576774037, -0.8502390527813902, -0.25521776667551244, -0.4603883629052412, -0.3033059393357749, 0.9523489018347423, 0.032203669632568196, 0.43023140318792125, 0.16701934243471342, -0.8871332926700635
2.262973266222045, 15.280319994335681, 19.170690921570163, -0.8383161422581119, -0.25744488877923666, -0.4805706762495226, -0.3087151101964601, 0.9507053395785429, 0.029229061449780512, 0.4493562354812322, 0.17286262331196403, -0.8764687599086699
2.5996204855528107, 15.38482847882893, 19.360212900584894, -0.827732862363327, -0.25799153607523917, -0.49829577148251225, -0.31231407141844825, 0.9495910047744919, 0.02714487880620219, 0.46617403333717106, 0.17809348939506345, -0.8665820674796153
2.932004757509078, 15.49031507459281, 19.556591556199784, -0.8183156127349891, -0.25668417725000575, -0.5142691815612199, -0.314078683332244, 0.9490386715737196, 0.026080270970094206, 0.48136694800374846, 0.1828628803422859, -0.8572321904609507
3.26072859676646, 15.595786313767979, 19.759051072080688, -0.809769528187082, -0.25357699006193046, -0.5291238241950575, -0.3141839039586235, 0.9490053507715421, 0.026025347265708126, 0.49554191115685564, 0.187316721939377, -0.8481454238330224
3.586231240901292, 15.700340706189188, 19.967111084218644, -0.8017423126828898, -0.24889337503458692, -0.5433795652375822, -0.31293575205337615, 0.9493943793562813, 0.02686126455491495, 0.5091959143008508, 0.19157870526390386, -0.8390572808507933
3.9088027956834375, 15.803182244592689, 20.180519696205078, -0.79386194327072, -0.24300091634201598, -0.5574349914414924, -0.310740515246388, 0.9500711675522896, 0.02837443867706527, 0.5227078985541022, 0.19574302348428615, -0.8297355732680048
4.228595009829162, 15.903620581666639, 20.399194822789628, -0.785751156593175, -0.23641729893300287, -0.5715784991387542, -0.3081043291129546, 0.9508714923391324, 0.030251073346374474, 0.5363458234146548, 0.19987562588263408, -0.8199895681554011
4.545617614444417, 16.00108200513905, 20.62318370964373, -0.7770217199165275, -0.2298197931884694, -0.5860205708307266, -0.30563911246040654, 0.9516074029736872, 0.03206374182920003, 0.5502926309813502, 0.20402503097532856, -0.8096615385598723
4.859739931057795, 16.09514293306919, 20.852644032528765, -0.7672488642317176, -0.22401891505498722, -0.6009531645916557, -0.3040442903377352, 0.9520767279440879, 0.033271213087321394, 0.5647001415336836, 0.208243678907345, -0.7985914602266746
5.170690046053063, 16.18560914899397, 21.087801375388068, -0.7559339301881823, -0.21987162623632447, -0.6166201109000925, -0.30404414226375165, 0.9520775258885568, 0.03324972560825407, 0.5797594783574892, 0.21261432847792422, -0.7865583859959371
5.47800244481948, 16.272529087933993, 21.32899755860855, -0.7424826291839695, -0.218148407601117, -0.6333488909133393, -0.3062856728475601, 0.9514230291673315, 0.03135771321982243, 0.5957420851076224, 0.21726824855729876, -0.7732308039650686
5.781064667789055, 16.356390629179867, 21.576571509732247, -0.726235973452624, -0.21940265706511336, -0.6514935033721273, -0.3112260613778373, 0.9499517896204904, 0.027017329921110115, 0.612959745482979, 0.22238271396310405, -0.7581729874823068
6.079330781139994, 16.438735311620633, 21.830400404374906, -0.706562419098445, -0.223888817983322, -0.671299743110173, -0.3190463983744826, 0.9475324775416477, 0.019788877887790785, 0.6316478002827401, 0.22815784270065728, -0.7409217605200686
6.37320761576605, 16.52383323803705, 22.088411924316002, -0.6829574972293444, -0.2315380959590015, -0.6927908537920446, -0.32961735685449917, 0.9440676014387721, 0.009421357327769931, 0.6518599965011534, 0.23479027670098263, -0.7210770214950635
6.657263252900933, 16.609623945752602, 22.35694412098912, -0.6550591911879357, -0.241960790639337, -0.7157879796653437, -0.3425199876878522, 0.9395014920482521, -0.004123648072025016, 0.6734816360336198, 0.24247045641128165, -0.6983054945317154
6.933252442147078, 16.69873683306376, 22.632745457285846, -0.6225443972669317, -0.2544402328049249, -0.740066646567543, -0.3571024892898015, 0.933836587276003, -0.02066495603031699, 0.6963593078106877, 0.251414789133184, -0.672215975881663
7.195424115014426, 16.794013671673426, 22.91961873138071, -0.5850162733054871, -0.2679300368782869, -0.7654864174537386, -0.372549525091537, 0.9271584769793492, -0.0397996221012694, 0.7203907351721217, 0.26189817468576104, -0.642220004962814
7.44297734229893, 16.896593243280584, 23.216946107994815, -0.5420870292900788, -0.28112801892573125, -0.7919019444668329, -0.3879617939067689, 0.9196607173280205, -0.06090822171392379, 0.7454041180085464, 0.2742101420053686, -0.6076030767510124
7.677508590162973, 17.00201015484068, 23.523548166699985, -0.49375182451490207, -0.2926961145297968, -0.8188639205187668, -0.402462118156835, 0.9116490467777117, -0.0831880938476379, 0.7708653444259375, 0.288487434819005, -0.5679274783937042
7.896308342595393, 17.117598235916265, 23.838096669077665, -0.44088035579201, -0.3015901229952225, -0.8453803342806345, -0.4153249598040378, 0.903508019388728, -0.10572812617289835, 0.7956944700326157, 0.3044940994698986, -0.5235968427593223
8.09884099422618, 17.242231868725952, 24.15997815401052, -0.385483120063171, -0.3073484179861771, -0.870022823900475, -0.4260874076651977, 0.8956368512208267, -0.1276093717733707, 0.8184450410232288, 0.3215145108648082, -0.4762101785218883
8.267875727549509, 17.36764056535192, 24.500279600677374, -0.3305347909150296, -0.3101984658785731, -0.8913605688840726, -0.43459580894028793, 0.8883811836926265, -0.1480045786873653, 0.8377787505339905, 0.33846090502075343, -0.42845184201522357
8.413277895139604, 17.49048538432152, 24.85184213188401, -0.2794321861274489, -0.3109639057934904, -0.9084157102613825, -0.4409782491926257, 0.8819823580430435, -0.16626876988731007, 0.8529102163153174, 0.35413072359580716, -0.38358257717272404
8.527285476480298, 17.61134939775434, 25.21617276677552, -0.2353211484459449, -0.3108372069972661, -0.9208714285068357, -0.4455624530083487, 0.876552173023167, -0.18201754980645965, 0.8637696785389406, 0.36747315373303485, -0.344768652464566
8.632731267965559, 17.74337097330216, 25.578827994423133, -0.20047233305553946, -0.31106037779414647, -0.9290060737400115, -0.44876588563956177, 0.8720791523181101, -0.1951592477395483, 0.8708731386174503, 0.37778220373475707, -0.3144210282024755
8.710166443944177, 17.86779117575391, 25.950976911875532, -0.1758383581639951, -0.31256194925914904, -0.9334805298845347, -0.45099055752438577, 0.8684681666463437, -0.20584110509269582, 0.8750362214343097, 0.3847961426486234, -0.29367250429808034
8.76142449840873, 17.980074194396497, 26.3318246286047, -0.16094770285777057, -0.3156994894130685, -0.935109442433951, -0.45255674657136086, 0.8655932439155849, -0.21433788097403564, 0.8770907752778797, 0.38869289737789486, -0.28218717804043736
8.820567324988906, 18.09969722380199, 26.709216464479553, -0.1541801004512345, -0.3202870091722934, -0.9346896428121554, -0.4536924796909466, 0.8633220361755461, -0.22099365539668533, 0.8777195625578408, 0.3899888378007455, -0.27841888566348477
8.88237683571694, 18.240866346485753, 27.078359529220105, -0.15321392282191623, -0.32591032371830025, -0.9329029717753893, -0.4545695669198166, 0.8614829893005851, -0.22630414926832104, 0.8774348993992948, 0.3893963533978726, -0.28014010294241853
8.934932899726801, 18.357460316809696, 27.457623375399006, -0.15536695604374445, -0.33227064902986964, -0.9302995887148238, -0.4553537131046543, 0.8598084900482224, -0.23104622135581457, 0.8766493625911704, 0.3877184239035657, -0.284886501670805
8.991459465433856, 18.485927480040257, 27.832256039345953, -0.15782425999486097, -0.3391871374850806, -0.9273853507155219, -0.45621211957458435, 0.8579628924713419, -0.23615710257257472, 0.8757636695538014, 0.38581311655630046, -0.2901486415318446
9.05355492441946, 18.62305281024043, 28.20274414627769, -0.15801965292447698, -0.3461043527770638, -0.9247927153034877, -0.4572270324002439, 0.8557522790332129, -0.24213937674803807, 0.8751989660254942, 0.38457744853050324, -0.2934739442432225
9.121218481500454, 18.76578479400195, 28.569889318388054, -0.15430681010094233, -0.351466651808056, -0.9233962318654471, -0.4582591156675496, 0.8534427773415261, -0.24826197596727942, 0.8753216501744187, 0.3848462270445397, -0.292754829619454
9.19317356443809, 18.8902853750535, 28.9435017113371, -0.14662214194286313, -0.35272028467433997, -0.9241700862240345, -0.4589301971507837, 0.8518897384884584, -0.25232310160032667, 0.8762904892986285, 0.38713340625334636, -0.28677988794099873
9.264774422361057, 19.03055993661471, 29.311580698804075, -0.13660787655924483, -0.34738155152181865, -0.9277199716101127, -0.45883147039484057, 0.8521770351394597, -0.2515312755031241, 0.8779589795869068, 0.39130596525380756, -0.27580368329575167
9.331734605462042, 19.188852321406895, 29.672422941841106, -0.12693673022148905, -0.33461348380064504, -0.9337670389232383, -0.4577986386938709, 0.8548854945536047, -0.24411308365566411, 0.8799474262310878, 0.3964903626327304, -0.2617019667649641
9.37117530223512, 19.36140008273406, 30.031304427369633, -0.12011744790415167, -0.3160572554535252, -0.9411055254243162, -0.4559969436097236, 0.8596169799341649, -0.2304895555713015, 0.8818381859091746, 0.4014554260239244, -0.2473761402972514
9.422523066668994, 19.490295623637333, 30.406741567053864, -0.117362642160323, -0.29510365184099296, -0.9482298481355974, -0.4537852730608513, 0.8652520466947549, -0.21311457398222775, 0.8833487058790751, 0.40528105107523577, -0.235461957566643
9.453347507969433, 19.6137463704415, 30.785959392184015, -0.11799542123779928, -0.2750572328141067, -0.9541596298542296, -0.45153216279943675, 0.8706529995831095, -0.19514625354998946, 0.8844183323091948, 0.407807396933381, -0.22693025466394431
9.501365808832988, 19.717484634535836, 31.16908763844641, -0.11959976266168465, -0.2575791417798676, -0.9588268261220143, -0.4495095536045727, 0.875150950273929, -0.1790306550645917, 0.8852327705126413, 0.40958979473930485, -0.22045213098522698
9.5366490863534, 19.813343343303078, 31.55566754913003, -0.1188894109815523, -0.24250291437644297, -0.9628383272779449, -0.4478732305676863, 0.8785570553369069, -0.16597309980417638, 0.8861573659894295, 0.41149706807785963, -0.2130616945065485
9.593350882513379, 19.920604452487154, 31.936967121067795, -0.11304406550570649, -0.22891364842441775, -0.9668606832522272, -0.44669584898290843, 0.8809204378331801, -0.1563393767073313, 0.8875155535287144, 0.41421941501192366, -0.20183760420644997
9.653902041141325, 20.01309575217811, 32.32189456505257, -0.1009939642833144, -0.21641539669426313, -0.9710636411955734, -0.4459981701384256, 0.8823316330186298, -0.1502548555217239, 0.8893176324640802, 0.4179177735492269, -0.18563104034654482
9.707770461767376, 20.10599932885603, 32.707612331136296, -0.08401412912730957, -0.20553853526077945, -0.9750361719597039, -0.44573202124310113, 0.8828958615843399, -0.14770870941073824, 0.8912152328958025, 0.42219522512707275, -0.1657908336862476
9.767102088390546, 20.203737422186187, 33.09133589035599, -0.06527384701963815, -0.19707795099478578, -0.9782124544938864, -0.4457519071593631, 0.882817746764866, -0.14811503387838615, 0.8927735223218974, 0.4263720291350052, -0.14547278306353678
9.793443810508276, 20.270894480824072, 33.48457618303039, -0.04860906576128224, -0.1910508020766081, -0.9803758206686352, -0.44585782101051447, 0.8824689202042504, -0.14986463331053332, 0.8937829502567005, 0.42982344735883043, -0.1280774840906837
9.80212810975404, 20.317825930800097, 33.88146626976769, -0.03725216261110395, -0.18619407120371767, -0.9818065207714709, -0.4458913494650587, 0.8823581596054173, -0.1504160318914503, 0.8943115681086904, 0.43217571198104804, -0.11589207531427431
9.80871357502199, 20.40413260502362, 34.26762360922757, -0.03312080204793744, -0.18037328320325546, -0.9830404321177129, -0.4457713435228842, 0.8829947247858965, -0.1469973649222386, 0.8945339131444399, 0.4333425835372716, -0.10965073427815555
9.846053149961207, 20.533072537110517, 34.66215663018656, -0.03672171907642251, -0.17155398357186433, -0.9844900944492518, -0.44542873541963884, 0.8846884823750416, -0.1375482853961002, 0.8945640038647507, 0.43346916830793186, -0.10890235587853986
9.81594030126475, 20.55005457735777, 35.049609459525726, -0.04734318587613843, -0.15870000401435846, -0.9861911231992204, -0.44473338262188156, 0.8873905013253449, -0.12145088117939669, 0.894410890549079, 0.43284224248956515, -0.11259108305637731
9.83285295665203, 20.641437108991294, 35.43912934769939, -0.06325679627622725, -0.14213246169021013, -0.9878243472696696, -0.4435194624743646, 0.8906959475299508, -0.09975577908158435, 0.8940296774332039, 0.43180909252539385, -0.11938108510596351
9.844811659945798, 20.712451051711366, 35.8332957980111, -0.08192633753516927, -0.12328014246036388, -0.9889843687809357, -0.4417088748668259, 0.8940303547535855, -0.07485315386181789, 0.8934099535386633, 0.4307107280462499, -0.12769856562981874
9.892072706521844, 20.825991539221995, 36.21485930031471, -0.10040214910912891, -0.10416077275544176, -0.9894796318637679, -0.43943332670859864, 0.8968923059122066, -0.04982512391654365, 0.8926464920852388, 0.4298077768194453, -0.13582162991748997
9.891211286426826, 20.7708560241767, 36.5860202219816, -0.11598055524999452, -0.08699055640982874, -0.9894347648528483, -0.43705742294521555, 0.8990036141880094, -0.027808464995098706, 0.8919245034488009, 0.42921456728820967, -0.14228680675032734
9.980942298526477, 20.88777572870947, 37.00708615223868, -0.126905401724248, -0.07388709893843765, -0.9891590952034303, -0.43506870213914095, 0.9003246600673689, -0.011433761128357285, 0.8914091335813039, 0.4289011577100701, -0.14640202690806883
10.025165835136134, 20.936614513585194, 37.356138639781335, -0.13272648952818636, -0.06631694216614743, -0.9889316165232336, -0.4338645358406261, 0.900975456650456, -0.002188847482209524, 0.8911482724649823, 0.4287718387385466, -0.14835587884355492
