10.052926063537598, 20.929256439208984, 37.55293273925781, -0.24347046459289828, -0.13841991182292612, -0.9599802398392645, -0.494281178620629, 0.8693020857240209, 1.4740037656937364e-05, 0.8345107844314057, 0.4745037531640822, -0.2800677398432023
10.040913448130517, 20.9238629123438, 37.50732728025961, -0.23900246499136413, -0.14959125455921188, -0.9594270573042293, -0.4971729468643717, 0.8675763100424791, -0.011419595407581579, 0.8340844577344962, 0.47427186592974, -0.28172560152260623
10.029420676032796, 20.917196594725183, 37.4618754868401, -0.23383699862662213, -0.16224797995504353, -0.9586427129404369, -0.5004027433654497, 0.8654484597549518, -0.024414297862392756, 0.8336170298798035, 0.47399847732697364, -0.2835632045701372
10.018407900645323, 20.909371033590844, 37.41656189182968, -0.22804192434019915, -0.17613437521859457, -0.9575873655231538, -0.5038814312115593, 0.862904398982932, -0.038723397269553206, 0.8331268715048205, 0.47367993421957433, -0.28552922073639003
10.007835275368963, 20.90049977617844, 37.37137102805865, -0.22168856555795813, -0.19099303796104775, -0.9562300138310158, -0.5075212889934797, 0.8599392297175522, -0.05409863594565022, 0.8326321643554565, 0.4733140401923367, -0.28757172711787116
9.997662953604596, 20.890696369725685, 37.326287428357396, -0.2148525662496732, -0.2065654097550547, -0.9545517829162838, -0.5112380592076647, 0.8565600088797427, -0.0702893875739087, 0.8321502397965826, 0.472901345610965, -0.2896382152372658
9.98785108875312, 20.880074361470268, 37.28129562555632, -0.20761441199781736, -0.22259267133653132, -0.9525485597060486, -0.5149528084166337, 0.8527878506160098, -0.08704301778745932, 0.8316969766896009, 0.4724461710173903, -0.29167576940223294
9.978359834215393, 20.868747298649875, 37.23638015248571, -0.20116697517594637, -0.23618295142959297, -0.9506573838942012, -0.5180275362068124, 0.8493334723873801, -0.10139094838246236, 0.8313719503507802, 0.47207019195920646, -0.29320711797897775
9.969149343392314, 20.856828728502215, 37.191525541976006, -0.19553947240365438, -0.24735007072433782, -0.9489901249458634, -0.5205071060328966, 0.8463023445281045, -0.11333443525907026, 0.8311658482525371, 0.4717947479136437, -0.2942329834327587
9.960179769684743, 20.84443219826495, 37.146716326857494, -0.1907535798136708, -0.25611167299318954, -0.9476391099700872, -0.5224337384501005, 0.8437793329710676, -0.12287972241160211, 0.8310692273916305, 0.4716388959866754, -0.29475530711956416
9.951411266493572, 20.8316712551758, 37.10193703996059, -0.1868246877266863, -0.26248579160116964, -0.9466772128150828, -0.5238447663662799, 0.8418298752931539, -0.13003507916931764, 0.8310735206986708, 0.47161814031207533, -0.29477641174642144
9.94280398721968, 20.818659446472438, 37.057172214115624, -0.183762991650474, -0.2664881402060186, -0.9461581443021062, -0.5247708546452905, 0.8405011756129821, -0.13480847120283812, 0.8311718913765788, 0.4717434100469581, -0.29429821960512836
9.93431808526394, 20.80551031939256, 37.01240638215297, -0.1815743714235953, -0.26813013097913124, -0.9461167900968888, -0.5252346309864292, 0.8398232741912961, -0.13720586918627292, 0.8313599281025492, 0.4720202336634787, -0.29332161351935726
9.925913714027239, 20.792337421173855, 36.96762407690298, -0.18026102811357866, -0.26741760843381523, -0.9465694820999536, -0.5252506741643564, 0.8398093244728823, -0.13722983574387235, 0.8316355518093997, 0.4724490673373584, -0.2918461713621331
9.917551026910452, 20.779254299054017, 36.92280983119602, -0.17982186180647466, -0.2643502842060899, -0.9475141293176649, -0.5248258125528088, 0.8404555849275072, -0.13487874644452277, 0.8319987767387265, 0.4730257255206331, -0.2898701407543411
9.90919017731446, 20.766374500270746, 36.87794817786247, -0.18025258365146646, -0.2589218635785406, -0.9489301737472503, -0.5239566342121609, 0.8417428461077612, -0.13014771028131802, 0.8324532728940617, 0.47373879890444026, -0.28739015094561515
9.90079131864014, 20.753811572061718, 36.83302364973265, -0.18154556382458564, -0.25112086372974834, -0.9507783758874822, -0.5226294484816093, 0.843636322237492, -0.12302932732242146, 0.8330064032379477, 0.47456934962260655, -0.2844015902968091
9.892314604288377, 20.741679061664634, 36.788020779636945, -0.18368901778185398, -0.2409374887592308, -0.9529991979307922, -0.5208246250643567, 0.8460822817264799, -0.11351864373346558, 0.8336666328172851, 0.475493321781609, -0.280902200539941
9.883720187660044, 20.730090516317176, 36.74292410040572, -0.18661889076005786, -0.22901696931274398, -0.9553662216021096, -0.5186346160378077, 0.8488684290755989, -0.10217888806422072, 0.8343809229954873, 0.4764174827664603, -0.2771910125809785
9.874968222156028, 20.719159483257048, 36.69771814486933, -0.19018427510970104, -0.21729359745667134, -0.9573993075020139, -0.5163736001207044, 0.8515474368213117, -0.09069326293301601, 0.8349779916856376, 0.4771272946996351, -0.27415560919526566
9.8660188611772, 20.708999509721934, 36.652387445858125, -0.19424063924568336, -0.2078772075749333, -0.9586749400272631, -0.5143976838721194, 0.8537275670771008, -0.08089662563799192, 0.8352637888071214, 0.47742675645952476, -0.2727601424770676
9.856832258124449, 20.69972414294953, 36.60691653620249, -0.19865884108433485, -0.20287636154030947, -0.9588408871065077, -0.5130842924936495, 0.8550885297388221, -0.07461980370780023, 0.8350324386844622, 0.47714231444849364, -0.2739635707670177
9.847368742598048, 20.69144436807572, 36.561290461068715, -0.2030928217793512, -0.20079390413963805, -0.9583502041540256, -0.5122534282823515, 0.8559131598097872, -0.07077491135567256, 0.8344757222080691, 0.4765443011145841, -0.2766871845975779
9.837610214122947, 20.683957523641737, 36.51555698460905, -0.2052814877891857, -0.2017344984715943, -0.9576861191943176, -0.5121968253386183, 0.8559682640695911, -0.07051767876732487, 0.8339747735298109, 0.4760478159093948, -0.27904220842696126
9.82758059925672, 20.676449836379987, 36.469886073204535, -0.20503045866461797, -0.20584088472604162, -0.9568657383326967, -0.5129663288212216, 0.8552081803984481, -0.07405750249133258, 0.8335634687985402, 0.4756558612639771, -0.280933168440057
9.817308672093432, 20.66803704537265, 36.424461788444134, -0.2024671349113364, -0.21288850484867292, -0.9558689992797609, -0.5144850640292803, 0.8536511194372487, -0.08114730540393446, 0.8332539697904728, 0.47535066086714206, -0.282364252414482
9.806821140512845, 20.65784529559475, 36.37946640620847, -0.19771020129619393, -0.22264710408840405, -0.9546407404591876, -0.5166551500073501, 0.8512859564707754, -0.09154057180572725, 0.8330534990469106, 0.4751215500865903, -0.2833396907759565
9.796249376187166, 20.646703515414092, 36.334709203092316, -0.19087388893831383, -0.23487111248686846, -0.9531016310135793, -0.5193652376226379, 0.848079626181049, -0.10497951040937906, 0.8329627293407221, 0.47497000765921293, -0.283860147525964
9.786632364176514, 20.634685573285786, 36.28998768901128, -0.18212454244380244, -0.24864522486131058, -0.9513181398424524, -0.5223793570396827, 0.8441382545796289, -0.1206250989390892, 0.8330368889661749, 0.4749801672795673, -0.28362542606866376
9.77802237966912, 20.621837300837193, 36.24527995694021, -0.17173979052946223, -0.2617912014901299, -0.9497214387236137, -0.5252695284793717, 0.839910556504569, -0.13653636703546596, 0.8334250816959824, 0.4754110052307784, -0.2817570040043475
9.770314675726441, 20.608374240392333, 36.200556985242606, -0.16002018672191148, -0.27204556788629247, -0.9488860568239526, -0.5276542848037773, 0.8359859069728716, -0.15069346061113453, 0.8342508588965905, 0.4765697979689543, -0.27732063048776456
9.763404505409937, 20.594511934275246, 36.155789752281976, -0.14719532967865206, -0.2775255700093705, -0.9493751065368036, -0.5292988076699985, 0.8329377570891501, -0.16142324806053795, 0.8355694508058029, 0.47874236370543816, -0.26949850106043094
9.757187121781064, 20.58046592480997, 36.11094923642184, -0.13361416293280629, -0.2801161646939829, -0.9506220015026472, -0.5305300880589795, 0.8304181836414156, -0.17012779297288128, 0.8370693406928108, 0.48160209151832545, -0.2595656840132715
9.751557777901283, 20.566451754320546, 36.0660064160257, -0.1215649814976143, -0.2801685370020131, -0.9522224247242009, -0.5313207485782333, 0.8286889814005498, -0.17599100612129265, 0.8384033739219747, 0.48454118811456137, -0.24959891749921276
9.746411726832045, 20.552684965131004, 36.02093226945706, -0.11125121669200208, -0.2779619477271999, -0.9541280429796886, -0.531748498466378, 0.8277393553807297, -0.1791398725372056, 0.8395633991327288, 0.48742662542129894, -0.23989285872468813
9.741646978561338, 20.539368586663866, 35.97570008782424, -0.10253255845944527, -0.27411874236583905, -0.9562144056327175, -0.531918523875862, 0.8274091417043787, -0.18015769809183124, 0.8405651422783867, 0.4901561254414701, -0.23064521299762847
9.73719775310834, 20.526541301359423, 35.93031353829406, -0.09526628546047967, -0.26925763040842776, -0.9583447518098073, -0.5319142224208391, 0.8275272917298941, -0.17962695073017526, 0.8414223641198258, 0.49264481110534925, -0.22205741430985426
9.733023772411045, 20.514126045737356, 35.88479768121507, -0.08930967386638537, -0.2639955713819805, -0.960380195779037, -0.5318111564988028, 0.8279174412883081, -0.17812805571842574, 0.8421405322018919, 0.4948323440331305, -0.21433682679696442
9.729085290854353, 20.502043339693017, 35.839178023597675, -0.08452117754389989, -0.25894927220868624, -0.962185764272775, -0.531667963449435, 0.8284124464929917, -0.1762441350429179, 0.8427249534623517, 0.496666983921911, -0.20769342766151627
9.72534256282316, 20.490213703121785, 35.793480072452255, -0.08076075887437284, -0.25473623904669496, -0.9636322682135445, -0.5315381285555607, 0.8288523098495009, -0.1745596355083249, 0.8431754963930628, 0.49810972382949137, -0.20234076531638467
9.721755842702365, 20.47855765591902, 35.7477293347892, -0.07789559946133616, -0.2519493372163038, -0.964600335403645, -0.5314683766288835, 0.8290908998135688, -0.17363652982533956, 0.8434889686463116, 0.4991290527735207, -0.19848563789198864
9.718285384876861, 20.46699571798008, 35.701951317618864, -0.07587172556919106, -0.25084061168740157, -0.9650505006409994, -0.5314768201982534, 0.8290697953499632, -0.17371143897372882, 0.8436681046780818, 0.49972218478536684, -0.19621892666670285
9.714891443731545, 20.45544840920033, 35.656171527951656, -0.0746895155831907, -0.2514192105611872, -0.9649921537622664, -0.5315647982680634, 0.8287867407320729, -0.17478959817146072, 0.8437181647352281, 0.4999009091284962, -0.19554728212972328
9.711534273651315, 20.443836249475144, 35.61041547279795, -0.07434895700625446, -0.25368511256751836, -0.9644252673243726, -0.5317342662278506, 0.8282365927839715, -0.17686948999962412, 0.8436414538838235, 0.49966789974462367, -0.19647159401192124
9.708174129021067, 20.43207975869988, 35.564708659168126, -0.0747955910730188, -0.25752877524220547, -0.9633714493788403, -0.5319824819694325, 0.827427282115596, -0.17988532927518094, 0.8434454685595745, 0.4990421051705432, -0.19888870966767408
9.704771264225698, 20.4200994567699, 35.51907659407257, -0.07587200445444675, -0.26263497712957035, -0.9619076399157117, -0.5322969098806843, 0.8263973885266405, -0.18365009111847258, 0.8431508991109119, 0.4980865637863552, -0.20250021309609098
9.701285933650109, 20.40781586358058, 35.47354478452168, -0.07740916286586479, -0.2686651928929478, -0.9601181362895927, -0.5326625984996103, 0.8251910597301304, -0.1879634834245935, 0.8427801478820257, 0.4968689254413679, -0.2069852489108619
9.697678391679188, 20.39514949902727, 35.4281387375258, -0.07923835390028931, -0.27528190332078256, -0.9580924574253049, -0.5330634194783188, 0.8238559324441989, -0.1926260454626572, 0.8423566193039944, 0.49546067077073536, -0.2120237006425426
9.69390911129003, 20.382021315692885, 35.38288380842029, -0.08119148482765064, -0.2821496393027842, -0.9559286185865502, -0.5334821341611797, 0.8224441828361809, -0.19743955695290547, 0.8419054313414983, 0.49394042875658134, -0.2172972561203897
9.689963661567944, 20.3684019421042, 35.33778793904841, -0.08310130494513704, -0.2889357520199675, -0.9537349235091852, -0.5339006889147418, 0.8210129522191565, -0.20220728637897634, 0.8414536395386137, 0.49239604333609455, -0.222490244761831
9.685875640413474, 20.354357076378367, 35.29282574539333, -0.08480153294511693, -0.2953108389596475, -0.951630289767569, -0.5343004653706174, 0.8196243154191716, -0.2067341149360599, 0.8410301497062397, 0.4909251368249577, -0.22729011707176489
9.681684065904388, 20.3399631454841, 35.24796808252783, -0.08612685391214693, -0.30094872396403366, -0.9497431392643042, -0.534662254771824, 0.8183449345060144, -0.21082656732645416, 0.8406654735133975, 0.4896339793281986, -0.23138739794925847
9.677427956118454, 20.325296576390095, 35.203185805524676, -0.08688187957589703, -0.3055174149743241, -0.9482144526154229, -0.5349669703999329, 0.8172426751198869, -0.21430060789463087, 0.8403938835941613, 0.4886445733969607, -0.23444530557728321
9.673146329133441, 20.310433796065066, 35.1584497694567, -0.08655416429429462, -0.30859988346582923, -0.947245738215904, -0.535202412118711, 0.8163609994128891, -0.21705551524875438, 0.8402777842509165, 0.4881811452344975, -0.23582284607710272
9.668878203027122, 20.29545123147772, 35.113730829396665, -0.08449528028671745, -0.30983010593395827, -0.9470300169826832, -0.5353728219264317, 0.8157032243208682, -0.2190985882543946, 0.840378777190261, 0.48850133601607637, -0.2347976907013994
9.664662595877264, 20.28042530959678, 35.06899984041738, -0.08015117041356493, -0.3090336917197445, -0.9476676459937848, -0.535496932370688, 0.8152291984326665, -0.22055473117667415, 0.8407251782258687, 0.4897953974925633, -0.23082816832480268
9.660538525761638, 20.265432457390947, 35.02422765759164, -0.07297431802042777, -0.3060465546122756, -0.9492156000189887, -0.5355882609737669, 0.8148955234281603, -0.22156376193737298, 0.8413203691915165, 0.49222026807792074, -0.22338138704187122
9.65655984207464, 20.250553844003846, 34.979384664781236, -0.0627869861909446, -0.30077206141346224, -0.9516270075182579, -0.5356397235524036, 0.8147008895181842, -0.22215433187535233, 0.8421091858647327, 0.49578082626436454, -0.21225807732772203
9.652933045738525, 20.235919447478878, 34.9344363959024, -0.05421003293243716, -0.29433271784304227, -0.9541643063626895, -0.5355795918333103, 0.8150561166758282, -0.22099327474152586, 0.8427430053943662, 0.4990508770420575, -0.20182281581234637
9.649954484425244, 20.2216879735182, 34.88934553031863, -0.0484804294635482, -0.2874447669450422, -0.9565694715570533, -0.5354356913883568, 0.8159427998734436, -0.21805037886267872, 0.8431834132301834, 0.5016102603521939, -0.19346544488073827
9.647921658969947, 20.208018496537136, 34.84407471075581, -0.04519695753156712, -0.2804944201411622, -0.9587909653827381, -0.5352423310402511, 0.8171840181911711, -0.21383621647309853, 0.8434885192416598, 0.5035207648971438, -0.18706671864580096
9.647132070207796, 20.195070090950995, 34.79858657993988, -0.04395233205851359, -0.2738593078589043, -0.960764941078545, -0.5350173264578858, 0.8186157935072667, -0.20886513115004193, 0.8436970148675853, 0.5048457805305596, -0.18249954790085302
9.647706537365051, 20.182959101084624, 34.752857496590295, -0.04437028501606951, -0.26792126197052124, -0.9624185550952954, -0.5347728285847524, 0.8200895512335943, -0.20364466544681434, 0.8438301367070602, 0.5056395211428841, -0.17966461822890722
9.647486992561394, 20.171181482313276, 34.70705674525264, -0.04639601639482632, -0.26315283436650877, -0.9636378964256044, -0.5345191745001521, 0.8214909874618205, -0.1985996213759709, 0.8438819003595035, 0.5058687016251113, -0.17877414511544223
9.645931529804034, 20.159473580228724, 34.661262944267456, -0.05016693709752373, -0.2600820369120824, -0.9642824339880487, -0.5342766051794381, 0.822722118907968, -0.19410518853837505, 0.8438197601266446, 0.5054558824815926, -0.18022919653753816
9.643271345934709, 20.147740431006397, 34.61549892312324, -0.05582697516825856, -0.2592388844962675, -0.9641983974310959, -0.5340711881727271, 0.8236887640038195, -0.19053814845755038, 0.8435942832946025, 0.5043134152677192, -0.18443607123790876
9.639737637795143, 20.13588707082172, 34.5697875113085, -0.06360231677035048, -0.26107168414214066, -0.9632218441463163, -0.5339244935354533, 0.824327928314496, -0.18817040629079007, 0.8431366321684486, 0.502319661510395, -0.19182173275134562
9.635561602227057, 20.12381853585012, 34.52415153831174, -0.07366528447921433, -0.2656179008891781, -0.9612598798399022, -0.5338374422093992, 0.8246592244793401, -0.18696189124112877, 0.8423722521296169, 0.49938391464719817, -0.2025455371853874
9.630974436072185, 20.111439862267012, 34.47861383362149, -0.08147742546915322, -0.2716071391420971, -0.9589530703355427, -0.5339412017236216, 0.8243305936156679, -0.18811131154498764, 0.841586728888267, 0.4966977294052049, -0.21218657677350966
9.626207336172255, 20.098656086247846, 34.43319722672624, -0.0859126510017159, -0.2782549834278524, -0.9566572952711033, -0.5342566910256015, 0.8233451828181272, -0.19150064758261162, 0.8409451851888043, 0.49464823271467406, -0.21939535405294572
9.621491499366982, 20.085372243969875, 34.38792454711401, -0.08747252942579012, -0.28510227601550536, -0.9544973801989364, -0.5347243343229697, 0.8218664154058248, -0.19648277662644384, 0.8404870271923959, 0.4932061307797772, -0.22434185896200937
9.617018212920648, 20.071530039847396, 34.342808759425616, -0.08665855806113917, -0.2916850067405919, -0.952580784583389, -0.535270623603347, 0.82006934718397, -0.20241448889973607, 0.8402235737124069, 0.49234756285778264, -0.22719644259088567
9.612820890869145, 20.057216229523448, 34.29782380520374, -0.08397130431191088, -0.297538026915273, -0.9510099592493881, -0.5358236390208417, 0.8181414909523976, -0.20865648479894097, 0.8401439447610268, 0.49205245992836405, -0.228128316435787
9.608893915341463, 20.042553430491225, 34.252933978086, -0.07991022878662318, -0.30219736040181683, -0.949890051901505, -0.5363210103273389, 0.8162830797775527, -0.21457331509378305, 0.8402226664502285, 0.49229938963505526, -0.22730416130863101
9.605231668466589, 20.02766426024391, 34.208103571709934, -0.07497384589575033, -0.30520091169667146, -0.9493320419806343, -0.5367160094282872, 0.8147034513607241, -0.2195318008041182, 0.8404253968407756, 0.49306256179154884, -0.22488766641276747
9.601828532373515, 20.01267133627469, 34.16329687971313, -0.06966011330051734, -0.3060874914043491, -0.9494513764383892, -0.5369760913232733, 0.8136169426994814, -0.22289941206635888, 0.8407164480145127, 0.49430549072222674, -0.22103831314891978
9.598678889191229, 19.99769727607675, 34.11847819573316, -0.06438302935054734, -0.30447218344701515, -0.9503428407888669, -0.5370883759611885, 0.8131997352240831, -0.2241478686913044, 0.8410653374970458, 0.49598677415682, -0.21588473295370395
9.595777121048723, 19.982864697143267, 34.0736118134076, -0.05922424309172759, -0.3002737632276233, -0.9520126869676334, -0.537066841824597, 0.8134829868236652, -0.22316952650620078, 0.8414580776501972, 0.4980774008781866, -0.20944499586207582
9.593117610074982, 19.968296216967445, 34.028662026374036, -0.054216647168502954, -0.2934876060807433, -0.954424213988099, -0.536917850937464, 0.8144582165070379, -0.21994780041835, 0.8418905965233852, 0.5005225655663984, -0.20173592849150396
9.590694738399003, 19.95411445304245, 33.98359312827003, -0.05047838825534725, -0.2842704287352255, -0.9574143594420513, -0.5366213711912289, 0.816221607970784, -0.2140555784426863, 0.8423119590151785, 0.5029638257651128, -0.1937471384865683
9.58850288814977, 19.940442022861482, 33.93836941273316, -0.05022128210206962, -0.2730171350215107, -0.9606973856572477, -0.5361381151256087, 0.8189338732712477, -0.20470279118397874, 0.8426350006578078, 0.5047860489292452, -0.1875028012399224
9.586536441456275, 19.927401543917718, 33.892955173401006, -0.05370145346175444, -0.26056143778586716, -0.9639625983590114, -0.5354640797679543, 0.8223388705164543, -0.19244999692382428, 0.8428489622550133, 0.5058325011075147, -0.18368208309185552
9.584789780447508, 19.91511563370434, 33.84731470391114, -0.059964070685257956, -0.24799042591665255, -0.9669048861602316, -0.5346172615385508, 0.8259862578992514, -0.17869271229295292, 0.8429642304937228, 0.5062088999763522, -0.18210946074506207
9.583241114359751, 19.903704612308484, 33.80141470489012, -0.06804405564735475, -0.23640733095120092, -0.9692685800971725, -0.5336392556973591, 0.8294894673924988, -0.1648525652323225, 0.8429704332121195, 0.5060225265316141, -0.182598059608348
9.581355554444288, 19.89321591276842, 33.755298240619965, -0.07706372759783217, -0.22683088062974863, -0.970880493923665, -0.5326145809747175, 0.8325537217328681, -0.15223668599216192, 0.8428421501217492, 0.5053731809479829, -0.18497312766092283
9.578083448201417, 19.88359040013029, 33.709094149992666, -0.08699580558362631, -0.21921826216141985, -0.9717896291614677, -0.5315700086935898, 0.8352254975607168, -0.14082504777897228, 0.8425348987836365, 0.5043230331438175, -0.18919096852721928
9.573297576944466, 19.87455066318707, 33.662889691151285, -0.09828240191855431, -0.21292217586001494, -0.9721135306640664, -0.5304640419039391, 0.8377031200730306, -0.1298513876200235, 0.8419907776929957, 0.5029091663978165, -0.1952790327531294
9.567440643468618, 19.86569232001215, 33.61674426999955, -0.11076207860089665, -0.20808142810080257, -0.9718198810600344, -0.5293205239005088, 0.8399611948347153, -0.11951976468153033, 0.841160831780522, 0.5011659510096113, -0.20317761842026866
9.560962916224353, 19.856609303154315, 33.57071692270534, -0.12368052629675416, -0.20558764086228978, -0.9707918671577528, -0.5282750925356221, 0.8417909876274859, -0.11096557914786737, 0.8400169962693838, 0.49912088222575896, -0.21271998238233839
9.554275270451685, 19.84694532233951, 33.524858788537664, -0.13564270167736442, -0.20577131813750635, -0.9691538691630028, -0.5275010952052249, 0.8430205405981703, -0.10516160272103471, 0.8386558603139632, 0.4969653235000625, -0.2228941793756055
9.547385705385777, 19.83685316055879, 33.479140244852694, -0.14448045357579045, -0.2084636435564634, -0.9672994923237052, -0.5272203311071582, 0.843459677669984, -0.10302666942158818, 0.8373554328968031, 0.49509461869425575, -0.23176970798229252
9.54007901655656, 19.82676677125957, 33.433486535393975, -0.1499642933524732, -0.21301837005065155, -0.9654708098851342, -0.5274366130573347, 0.8431909669077758, -0.10411345989706441, 0.8362543452358863, 0.4936113525295927, -0.23880222513202284
9.532423150817205, 19.81674281278883, 33.38787092697332, -0.15305938874193722, -0.21850075031496602, -0.9637583958802857, -0.5279698105416913, 0.8424760083551233, -0.10715434896722002, 0.8353566320288092, 0.4924343585269159, -0.24431066261559242
9.524749777363471, 19.80648010641546, 33.34231325487703, -0.15474326642335526, -0.2239707525228059, -0.96223262442665, -0.52860954084992, 0.8415921632628159, -0.11088094541917651, 0.8346415247392543, 0.4914872661107118, -0.24862379699447731
9.517186007570741, 19.795872390481893, 33.2968191503059, -0.15590913282667798, -0.22859551213695803, -0.9609560001020209, -0.5291645034028073, 0.8408046488619161, -0.1141598475412889, 0.834072701051709, 0.4907052417521458, -0.2520537543407646
9.509718531208234, 19.784950147716135, 33.251383713945, -0.15660628241595587, -0.2326271814970148, -0.95987450572281, -0.5296638217748226, 0.8400748201244266, -0.11717735487627905, 0.8336250405372566, 0.4900600891948531, -0.25477519653135344
9.502331664780261, 19.773746171962426, 33.206001868503115, -0.1564149536473269, -0.2369163111639002, -0.958856101706609, -0.5302617436666606, 0.8391774074186692, -0.1208460263379543, 0.8332807722965275, 0.48954258280824847, -0.2568875515441179
9.495009724791117, 19.762293257064968, 33.16066853668906, -0.15551200773256102, -0.24151302279476625, -0.9578556651560414, -0.5309545149750985, 0.8381125857989886, -0.12511833020341562, 0.8330085944806007, 0.48912038737499763, -0.2585690008016941
9.487737027745114, 19.750624196868003, 33.11537864121164, -0.15463209061566646, -0.24571276967283057, -0.9569295435775483, -0.5315893859017023, 0.8371138651183483, -0.12904689699202684, 0.8327674593477338, 0.48873879695224354, -0.26006296738519763
9.480497890146548, 19.73877178521577, 33.07012710477969, -0.15407854825270068, -0.2492243387205861, -0.9561103649462371, -0.5321044028888452, 0.8362876993457079, -0.1322414017975013, 0.8325411133359395, 0.4883749716276923, -0.26146736257706255
9.473276628499727, 19.72676881595248, 33.024908850102, -0.1538576598515176, -0.25204484826637835, -0.9554063088379693, -0.5324991340357765, 0.8356442309422213, -0.1346974073400509, 0.8323295577811489, 0.48802880422712946, -0.2627839292812165
9.46605755930896, 19.71464808292237, 32.9797187998874, -0.1539703900352101, -0.25417593959406437, -0.9548233924259919, -0.5327740759552584, 0.8351899749285381, -0.13641660371409509, 0.8321327436067072, 0.487701032919085, -0.2640128775405316
9.458824999078534, 19.70244237996966, 32.93455187684468, -0.15441743251920537, -0.2556188364680303, -0.9543658978488843, -0.5329300130540473, 0.8349292295147772, -0.13740008328990724, 0.8319500331873241, 0.48739326230939106, -0.26515457781267804
9.45156326431277, 19.690184500938585, 32.88940300368267, -0.15519922428314442, -0.25637429504837655, -0.9540363838032374, -0.5329672626534052, 0.8348645285447686, -0.1376485231212366, 0.8317806788581028, 0.4871072159352285, -0.2662094334582909
9.444256671515966, 19.677907239673374, 32.844267103110184, -0.15631595069123916, -0.25644257243135476, -0.9538356937147422, -0.5328849603996062, 0.8349970657382817, -0.13716238255574956, 0.8316242796716582, 0.48684402764463386, -0.2671777502101303
9.436889537192423, 19.665643390018257, 32.79913909783601, -0.15776754148018007, -0.255823413683086, -0.953762959999408, -0.5326812836431067, 0.8353265651283932, -0.1359418244953791, 0.8314806389277094, 0.48660447038876764, -0.26805976290005784
9.42944617784645, 19.65342574581745, 32.754013910568986, -0.15955365758271634, -0.2545160573213384, -0.9538156042535573, -0.5323536565125628, 0.8358511583943079, -0.13398666130849654, 0.8313496344797907, 0.48638916268405363, -0.2688556632727378
9.421910909982348, 19.641287100915193, 32.70888646401792, -0.16167366880560904, -0.25251925929376573, -0.9539893335361053, -0.5318986982947675, 0.8365674086417629, -0.131296403418896, 0.831231255167457, 0.48619851345323284, -0.2695655874710278
9.414268050104416, 19.629260249155706, 32.663751680891615, -0.16412652946378162, -0.24983150574113006, -0.9542781046766682, -0.5313122170641988, 0.837470274266434, -0.1278705115279896, 0.8311256284849482, 0.48603267221373475, -0.2701896208522381
9.406501914716968, 19.61737798438323, 32.61860448389889, -0.16687305437134872, -0.24652022968877452, -0.9546628515234951, -0.5306024553871348, 0.8385335372419095, -0.12378425286648884, 0.8310321402099443, 0.48589019672634376, -0.27073289172783277
9.398596820324295, 19.60567310044197, 32.57343979574854, -0.1697784680923654, -0.2428286306401185, -0.9550966065868177, -0.5298119692137383, 0.8396817942120446, -0.11930532991741165, 0.8309479821565671, 0.4857661377764887, -0.27121340368728647
9.390537083430713, 19.594178391176175, 32.52825253914941, -0.17269381344702156, -0.23902848136962102, -0.955532433720205, -0.5289915116413595, 0.8408356316619726, -0.11473195343495572, 0.8308699220747582, 0.48565504797308984, -0.2716511493988956
9.382307020540518, 19.58292665043006, 32.48303763681028, -0.17547108103518266, -0.23539297126467326, -0.9559288931712092, -0.5281952561574005, 0.8419203000400568, -0.1103629455627143, 0.8307946022291927, 0.48555160123271074, -0.27206611594828983
9.373890991599918, 19.571950590764303, 32.43779002187493, -0.1779642195583643, -0.23219482478574632, -0.9562501241305534, -0.5274802787539633, 0.8428660758291501, -0.10649569823241996, 0.8307185396285698, 0.48545065821264066, -0.272478194280369
9.365291035034996, 19.56124984677065, 32.39250887394065, -0.1800700098961417, -0.2296322245163319, -0.956474690203397, -0.5268906601594553, 0.8436267455365002, -0.10334479402575956, 0.8306389250286415, 0.48534828286414516, -0.2729029507867018
9.356553938714475, 19.550740322953054, 32.34720412163008, -0.181742605357215, -0.22780097907914817, -0.9565962258594547, -0.5264500858754316, 0.8441841682904005, -0.10101186608312612, 0.830553991309248, 0.4852420055378824, -0.27335007514513604
9.347733463624467, 19.54032487650815, 32.3018873685413, -0.18294008466412937, -0.22678930832516878, -0.9566083498759943, -0.5261802674402234, 0.8445212232135566, -0.09959030925955123, 0.8304620711264399, 0.48512937776563236, -0.27382884298246274
9.338883370751072, 19.529906364632595, 32.25657021827238, -0.18362016130240405, -0.22668501857847306, -0.9565027646145914, -0.526102014981327, 0.8446190408836163, -0.09917331097340408, 0.8303615514917986, 0.48500781244111657, -0.2743485295663457
9.330056966849959, 19.519388480169027, 32.21126419579343, -0.1837400745515855, -0.22757513278883038, -0.9562683430606307, -0.5262347615363937, 0.8444561796051571, -0.09985357518585665, 0.8302509022906948, 0.48487454012642167, -0.27491838713094197
9.321287959258408, 19.508710972936903, 32.165977433388164, -0.18329378864531984, -0.22947600590177666, -0.9558996546496984, -0.5265815532539762, 0.8440258918770654, -0.10164724105333255, 0.8301296614485444, 0.48472781698236816, -0.2755425350591686
9.31258341131434, 19.497862609621677, 32.12071345122706, -0.18236950568298435, -0.23222651377748796, -0.9554120627748522, -0.527106739865795, 0.8433645971236342, -0.10437739748883944, 0.8299999085451739, 0.48456888325319075, -0.27621214527561727
9.303948481433471, 19.486835661387072, 32.07547543973599, -0.1810700471331994, -0.2356377844986556, -0.9548237913603462, -0.5277680992370057, 0.8425152764554873, -0.10783711034190283, 0.8298641283119418, 0.48439946682020496, -0.2769163864515103
9.29538832803152, 19.47562239939683, 32.03026658934077, -0.17949839362557796, -0.23952123691377403, -0.9541540251726305, -0.5285235510784753, 0.8415219560711545, -0.11181973620777381, 0.8297247631842956, 0.4842214106351283, -0.277644454007803
9.286908109524191, 19.46421509481467, 31.985090090467235, -0.1777569406092931, -0.24369069835538137, -0.9534239946635971, -0.5293322480725076, 0.8404304097289547, -0.11612104698686906, 0.8295841375145317, 0.4840367444088185, -0.278385683623247
9.278512984327199, 19.452606018804318, 31.939949133541223, -0.1759063575681534, -0.24803595654770122, -0.9526463759583468, -0.5301699892615301, 0.8392678741384869, -0.12062013897145896, 0.8294436303049979, 0.4838466696160385, -0.2791337751830368
9.27020811085626, 19.440787442529516, 31.894846908988573, -0.173950122420322, -0.25254923878116897, -0.9518194350300939, -0.5310340829815815, 0.8380337176750794, -0.12530878162202455, 0.8293034171049012, 0.48365108294176024, -0.2798883212057921
9.261998647527086, 19.428751637153983, 31.849786607235114, -0.17188760641915676, -0.25723002125221606, -0.9509402541306565, -0.5319233451198597, 0.8367251470532889, -0.13018672438136963, 0.8291635578557416, 0.48344983654484425, -0.28064933612743814
9.253889752755397, 19.416490873841454, 31.804771418706697, -0.16971817350829022, -0.2620777061822828, -0.9500057986682202, -0.5328365385799222, 0.8353392563692731, -0.13525365031154238, 0.8290241038324381, 0.48324279890202493, -0.2814168306518999
9.245886584956898, 19.403997423755662, 31.75980453382914, -0.16744118484421977, -0.2670916133337536, -0.9490129186184646, -0.5337721082496729, 0.833873182994565, -0.14050925641114229, 0.8288852671345193, 0.4830295899520913, -0.282190767315395
9.237994302547305, 19.391263558060324, 31.714889143028287, -0.16505600358476966, -0.27227097123936006, -0.9479583502986828, -0.5347277290384016, 0.8323243725363667, -0.14595339899905474, 0.828747712804119, 0.4828091311298069, -0.2829709727509567
9.230218063942333, 19.37828154791918, 31.670028436729968, -0.16256199994900908, -0.2776149081617262, -0.9468387185465826, -0.5357016679435878, 0.8306897872712629, -0.15158562031301706, 0.8286116817514924, 0.4825810191973784, -0.2837573625042761
9.222563027557694, 19.365043664495957, 31.625225605360033, -0.15995855655326832, -0.2831224428037935, -0.9456505393464372, -0.5366932421322894, 0.8289656428563884, -0.15740497709166118, 0.8284766888904761, 0.4823459809561051, -0.2845500494123417
9.215034351809102, 19.351542178954386, 31.58048383934431, -0.1574621179660106, -0.2882239329491746, -0.9445277369569237, -0.5376061874111178, 0.8273236693499026, -0.1628346811668053, 0.8283630053683834, 0.48214366179461776, -0.2852231069326906
9.207637195112273, 19.337769362458197, 31.53580632910863, -0.15586261559543527, -0.29081250898098326, -0.9439994330930158, -0.5380911382242197, 0.826429045772908, -0.16574968858928343, 0.8283506335026933, 0.4821235494383844, -0.2852930266456235
9.200376715882918, 19.323717486171113, 31.49119626507884, -0.155122959045559, -0.2908865203658317, -0.9440984587670972, -0.5381635367195216, 0.8262982021762078, -0.16616644915837606, 0.828442439353807, 0.48230313429400967, -0.28472234075971004
9.19325807253675, 19.309378821256864, 31.446656837680763, -0.15510455355429512, -0.2886902775310186, -0.9447753707235315, -0.537875275582821, 0.8268484961467518, -0.1643525245822507, 0.8286330704138154, 0.48267948794093013, -0.28352732943695996
9.18628642348948, 19.294745638879185, 31.402191237340233, -0.15566615904599818, -0.28446306277418293, -0.9459644881521703, -0.537272249500221, 0.8279825966418787, -0.16057194516833997, 0.8289189205494337, 0.48324485054194155, -0.2817229802125811
9.179364192202812, 19.2800795459435, 31.3577379288156, -0.1566652380427965, -0.27844017535695126, -0.9475901392143041, -0.5363953062712217, 0.8295952893603421, -0.1550862059673028, 0.8292985461214774, 0.4839862855684245, -0.2793227466256251
9.172124149306223, 19.266371735791413, 31.313057661407452, -0.15795874010908892, -0.27085485740990095, -0.9495718417479593, -0.5352807001565797, 0.8315793902784719, -0.14815630160059542, 0.8297732271307813, 0.4848848975597683, -0.2763386105042542
9.164590749595662, 19.253617490541068, 31.26814725974125, -0.15940358058063145, -0.26194050848789163, -0.9518285919802888, -0.5339610058175674, 0.8338303753615136, -0.14004481208088063, 0.8303470014183023, 0.48591570785228, -0.27278156480607685
9.156834303127955, 19.241693683189453, 31.223031813758794, -0.1608569999688695, -0.2519327482622137, -0.954282408888513, -0.5324719032722416, 0.8362466900924292, -0.1310158216975842, 0.8310226818725539, 0.48705375849335636, -0.26866324376595263
9.14892511995992, 19.230477186733506, 31.177736413401867, -0.16217692370938283, -0.24107101237935066, -0.9568612294405892, -0.5308550196479949, 0.8387315398488375, -0.12133570034134589, 0.8318002125094031, 0.4882767361376055, -0.26399665796392036
9.140933510148377, 19.2198448741702, 31.13228614861226, -0.16301134908034504, -0.23017558678950661, -0.9593990302877694, -0.5292576041544326, 0.841055533190691, -0.11185695568015568, 0.8326546033714796, 0.48953527894874815, -0.2589237767159584
9.132929783750152, 19.209673618496502, 31.086706109331775, -0.16246307004593463, -0.22164060100099456, -0.9614994513046629, -0.528096479604184, 0.8426658621969835, -0.10501596505999479, 0.833498565746167, 0.49070325928786374, -0.2539497041214072
9.124984250822068, 19.199840292709375, 31.0410213855022, -0.16044743096873887, -0.2157355696308575, -0.9631795190366027, -0.5274211648390131, 0.8435688684818814, -0.1010864927082582, 0.8343162091050313, 0.4917821958186852, -0.24913196322503872
9.11716722142094, 19.19022176980578, 30.995257067065317, -0.15697023027939452, -0.2124686736884602, -0.9644777910906505, -0.5272289983557811, 0.8438091158813998, -0.10007876522125077, 0.8350987546983852, 0.4927912729102627, -0.2444725572425038
9.109549005603597, 19.180694922782685, 30.94943824396293, -0.15203259106524147, -0.2118415156346106, -0.9654062686287157, -0.5275054887737803, 0.8434062902173659, -0.10199896536394584, 0.8358373349925954, 0.4937499386080077, -0.23997280586988284
9.102199913426855, 19.17113662463704, 30.90359000613682, -0.14563538304963577, -0.21384379686994204, -0.9659509126991044, -0.5282223482477015, 0.8423572536248295, -0.10684291308888354, 0.8365234521611872, 0.494676750824093, -0.23563409383713652
9.095190254947543, 19.161423748365824, 30.85773744352879, -0.13877315908340568, -0.21736211614508572, -0.9661758229136879, -0.5291340150699024, 0.8409548486340414, -0.11319070922518669, 0.8371136149974006, 0.4955286601437164, -0.2317156502313929
9.088590340222478, 19.151433166965994, 30.81190564608063, -0.13256287780436732, -0.2217053688095067, -0.9660609778214132, -0.5300656802210759, 0.8394355112411924, -0.11990995421150777, 0.8375305714300777, 0.49618016073627785, -0.2287963942279885
9.08247047930848, 19.14104175343451, 30.766119703734113, -0.12721095866419452, -0.22664443860986522, -0.9656343357829379, -0.5309803248834518, 0.8378580380010563, -0.1267036019365054, 0.8377811567362927, 0.4966147466640912, -0.2269284618847093
9.076900982262373, 19.130126380768335, 30.720404706431044, -0.1228876892783153, -0.23190173482311005, -0.9649456985809451, -0.5318397200095687, 0.8362955061534253, -0.133252912192304, 0.837881332912949, 0.49682130768880906, -0.22610497602308965
9.071950182335103, 19.11856675790785, 30.674785180376492, -0.119763357037937, -0.2372013499773396, -0.9640499249934784, -0.5326077691511789, 0.834829767810073, -0.1392415994521182, 0.8378458704026703, 0.4967844385114204, -0.22631729739921472
9.0672098483455, 19.106754583341704, 30.62920405010562, -0.11800843557595524, -0.24226860856072124, -0.9630056751852336, -0.5332502505989415, 0.8335500665584473, -0.14435531433436774, 0.8376862057889468, 0.49648787280905476, -0.2275557355560572
9.062218238994376, 19.09488884684821, 30.583673530055673, -0.11779372004849877, -0.24682918266786996, -0.9618731694462879, -0.5337373944984409, 0.832548782813806, -0.14827986360010598, 0.837406133982282, 0.49592124255647857, -0.2298109830928165
9.056947584636099, 19.082953151165196, 30.53819968681798, -0.11929022545463347, -0.2506078652474635, -0.9607109554840582, -0.5340396291055691, 0.8319200186934272, -0.15070088600241838, 0.8370015033772454, 0.4950805796769218, -0.23307445799785564
9.051386892169587, 19.070954204611375, 30.49277835256366, -0.1226685637930548, -0.253327184581063, -0.959571654963391, -0.5341196232422395, 0.83175908717834, -0.15130449089112563, 0.8364619845064792, 0.493965746229925, -0.2373377130314439
9.045525168493759, 19.05889871550547, 30.447405359463875, -0.12806727989071348, -0.25477184741207465, -0.9584832171653461, -0.5339343271961565, 0.8321416496612399, -0.14984795340830553, 0.8357708454253362, 0.49257647189579473, -0.24260155249237403
9.039351420507536, 19.046793392166208, 30.402076539689766, -0.13444912954915536, -0.2561981954816054, -0.9572282466556467, -0.5336743717880738, 0.8326569144495594, -0.14789904568976772, 0.8349341869034226, 0.4909632852376115, -0.24867640838771268
9.032854655109835, 19.034644942912298, 30.356787725412484, -0.1405971855889053, -0.2586091143627717, -0.9556954312818398, -0.5335476547776691, 0.8329162678958645, -0.14689244621720218, 0.8340019972912104, 0.4892563915197504, -0.2550859695697601
9.026023879199574, 19.022460076062465, 30.311534748803165, -0.1462124345490432, -0.26255850235149697, -0.9537740596316199, -0.5336630827511907, 0.8327470070923725, -0.14743180215676718, 0.8329619667738365, 0.4874376421878344, -0.2618757470378407
9.018848099675672, 19.010245499935426, 30.266313442032946, -0.15102951051220287, -0.2686497909482146, -0.951324012509894, -0.5341241432572392, 0.8319658188051808, -0.15014751389731784, 0.8318061592367327, 0.4854484176133502, -0.2691437298034821
9.011329213847185, 18.99798057684867, 30.22112895348165, -0.15477880882231534, -0.27748092468193924, -0.948181341715392, -0.5350521445294977, 0.8303550335901573, -0.1556589889016192, 0.8305195500251218, 0.4832337474029984, -0.2769881268157979
9.003552783736561, 18.985467180945594, 30.176046898024598, -0.15718816245540582, -0.28963395089367827, -0.9441419681772499, -0.5365687747021566, 0.8276543240504278, -0.16456691616256172, 0.829087348593934, 0.4807291278572036, -0.28550599648892333
8.995637766721241, 18.972436340724734, 30.131157026161382, -0.15859063102183638, -0.30317851623231284, -0.9396445067403251, -0.5383943483093805, 0.8243018519866584, -0.17509421041223114, 0.8276355100287888, 0.47813099053140073, -0.2939561505273336
8.987703207338392, 18.958618899782046, 30.08654915138401, -0.16026551852531076, -0.31307337525651313, -0.9361089815172738, -0.5396973630784059, 0.8218482389658666, -0.18246158059964063, 0.8264633808330704, 0.47597324905313576, -0.3006788092429746
8.979868150125164, 18.943745701713457, 30.042313087184457, -0.16280408713982558, -0.322927540268914, -0.932315736725728, -0.5409250313181395, 0.8194717851531864, -0.18938348352303508, 0.8251635836026927, 0.47348051393243085, -0.30809294575215995
8.972251639618733, 18.92754759011494, 29.998538647054758, -0.16610953292802308, -0.3327487728996381, -0.9282703685910797, -0.5420838819132398, 0.817166331922811, -0.1959189907632516, 0.8237430958984159, 0.47065639282347305, -0.3161168642355069
8.964970939432414, 18.90975590556419, 29.955315894456493, -0.17016076021897716, -0.3418947996200041, -0.9242041233810294, -0.5430826338253668, 0.8151301028798286, -0.20155438029579673, 0.8222569966373059, 0.4676225629414361, -0.32438028625223253
8.957841299417911, 18.89126045694283, 29.912334312989763, -0.1750107962645877, -0.34958280748008985, -0.9204146249952646, -0.5438031537414619, 0.8136316763657385, -0.2056249624805269, 0.8207614459583704, 0.4645377874065969, -0.3324985607483264
8.950221215483486, 18.874402456336703, 29.86876966367469, -0.18071818119632327, -0.35503536784748113, -0.9172190722845315, -0.5441195704617674, 0.8129517776410075, -0.20746879348670166, 0.81931363471237, 0.4615834646168878, -0.3400968585075077
8.941841133639864, 18.857518685566923, 29.825324159912537, -0.18734448721145283, -0.35747224805336053, -0.9149402357439279, -0.5438747272687529, 0.8133805229023664, -0.20642772585438462, 0.81798675059552, 0.45893977473602116, -0.3468024783870966
8.932750114647137, 18.840587986997978, 29.782013095336477, -0.19494854160421854, -0.3561015534904206, -0.9138855233168416, -0.5428833890531534, 0.8151925911562405, -0.201838215445284, 0.8168676098466329, 0.45678520436380543, -0.3522422249784454
8.923042698904204, 18.82371669687116, 29.738790075617423, -0.20357196764460056, -0.35011566994998566, -0.9143180363772654, -0.5409350549502387, 0.8186139933415073, -0.19302952165783524, 0.8160561992383172, 0.45529127771234895, -0.3560367005292698
8.912813426809983, 18.80701115142777, 29.695608706426334, -0.21261307471018098, -0.3411612095436028, -0.9156444231059505, -0.5383283478840967, 0.8229323840753684, -0.18161740308794644, 0.8154742609835469, 0.4543031150485064, -0.3586229347525914
8.902156838763378, 18.79057768690912, 29.65242259343415, -0.22055869291041666, -0.33402541654566165, -0.916395593662009, -0.5361225037629314, 0.82639272815953, -0.172185132354726, 0.814816865277477, 0.45332337238062875, -0.36134664259245547
8.891167475163305, 18.774522639556505, 29.609185342311793, -0.22664084157418332, -0.32496941940535273, -0.9181660009943158, -0.5337144260685054, 0.8299987428461031, -0.16202159819065595, 0.8147286912444608, 0.45331772888917155, -0.3615524807518983
8.879939876408667, 18.75895234561123, 29.565850558730233, -0.23075838321424658, -0.31371994338734527, -0.9210485143017103, -0.5310563926105649, 0.8337831721822728, -0.15094611506468128, 0.815309558660881, 0.4542966199595891, -0.35900543818930125
8.86856858289838, 18.743973141314605, 29.5223718483604, -0.23294284196804288, -0.3006851345712992, -0.92483840870916, -0.5282227234600522, 0.8376051411973413, -0.13927807386745128, 0.8165282522952263, 0.4560768326582942, -0.35394284272475646
8.857148135031348, 18.72969136290792, 29.47870281687323, -0.23328258813365796, -0.2868231412621567, -0.9291456934787843, -0.525407369175667, 0.8412040617250904, -0.12776080366495315, 0.8182458863260887, 0.4583756234505923, -0.3469372527370249
8.84577307320648, 18.71621334663248, 29.434797069939663, -0.23187945081340824, -0.2731440829466858, -0.9336081781141842, -0.5228246365650178, 0.8443483782911756, -0.11717600214087753, 0.8202964827982193, 0.46094264939173923, -0.33859349414983575
8.834537937822695, 18.703645428729594, 29.390608213230657, -0.22884752741634035, -0.2606742193572571, -0.9379113820387893, -0.5206786714871076, 0.8468529981545558, -0.10832229952812353, 0.8225098967513085, 0.46356116196153063, -0.3295277209386603
8.82353667668605, 18.69208885928648, 29.346091273145575, -0.22440405479532374, -0.250193135731894, -0.9418313092184074, -0.5190981091213737, 0.8486361137190493, -0.1017541134227166, 0.8247302427448818, 0.4660688160824223, -0.32031216863787354
8.812839774075735, 18.681443503723433, 29.30125752937806, -0.21904868657965532, -0.24169457775929795, -0.9453049264599664, -0.5180155984715608, 0.8498252604552621, -0.09724642117988966, 0.8268479380441598, 0.46838099638424746, -0.3113546684702526
8.802486985273315, 18.671345484120334, 29.256191933723905, -0.21333070383091252, -0.2350201106049397, -0.9482908617160926, -0.5173315130168317, 0.8505605589378139, -0.09441843686012331, 0.8287690368508728, 0.4704383946816367, -0.3030339920976548
8.792515986644927, 18.661413079472744, 29.210984422133205, -0.20779767753959472, -0.23001090238914212, -0.9507445030034531, -0.5169506617784746, 0.8509609494149613, -0.09288420671774536, 0.8304108251317223, 0.472186877573827, -0.2957319971716487
8.782964428672742, 18.651264643145726, 29.16572491823825, -0.20299733373909762, -0.22650845296549815, -0.9526205977355277, -0.5167796936014845, 0.8511332278106315, -0.09225495541059757, 0.8317035714579885, 0.4735674706436584, -0.28983274482396665
8.77382707620248, 18.64064174688215, 29.1204829368679, -0.1994770255061102, -0.22434260986675592, -0.953875940410181, -0.5167244478739161, 0.8511802183333601, -0.09213078143253615, 0.832589191176916, 0.4745130444109475, -0.28571420934077296
8.76496832976674, 18.629660523245864, 29.075265953906253, -0.19773257182346737, -0.22291229497150417, -0.9545742185868077, -0.5166259215942332, 0.8512783866455161, -0.09177562621478647, 0.833066316193967, 0.4750107548053456, -0.2834877345534889
8.756227909921169, 18.61850801494631, 29.030069700307422, -0.19818752447698515, -0.22105350390080333, -0.9549120658756292, -0.5162411395449188, 0.8516994618141311, -0.09001729048845465, 0.833196730060223, 0.4751245890907949, -0.2829131206894711
8.74744553722142, 18.607371264692944, 28.984889907025547, -0.20101212294618345, -0.21782098030927227, -0.9550644726748954, -0.5153834257257511, 0.8526348020941621, -0.08598731734993323, 0.8330510494056517, 0.4749399065091884, -0.2836512546934807
8.738460932223145, 18.596437315195203, 28.93972230501475, -0.2058143461889943, -0.21286135573257475, -0.9551599332773999, -0.5140069694534918, 0.8540865269976344, -0.0795803980535168, 0.8327288215595964, 0.47458007505247135, -0.2851954805167094
8.729113815481993, 18.58589320916254, 28.89456262522916, -0.2120329917292234, -0.20616089407999744, -0.9552694364264415, -0.5121326107196091, 0.8559622290035515, -0.07105527114007058, 0.8323233743298768, 0.47415856869976286, -0.28707394913631556
8.719243907553615, 18.575925989304398, 28.849406598622906, -0.21883610079309254, -0.1985029402267045, -0.9553571812212587, -0.5099617934265536, 0.8579985533960898, -0.061460976362164015, 0.8318952639814995, 0.4737457810804976, -0.2889899733097685
8.70869138881075, 18.566722198315542, 28.80424995567923, -0.22534759818009834, -0.1908320213093435, -0.955406510150235, -0.5077585160119736, 0.8599287398163169, -0.0519985755116354, 0.8315045095558888, 0.4733980376817285, -0.29067946007124335
8.69740994910685, 18.5583449463179, 28.759088310642138, -0.23070144160551417, -0.18410382913141826, -0.9554489127840835, -0.5058197056945654, 0.8615229396887674, -0.04387082995667951, 0.8312179438463784, 0.4731638241552012, -0.29187792883091557
8.685614897324228, 18.55057285345393, 28.71391700984504, -0.23404128380046194, -0.17928090256294646, -0.9555537846993475, -0.5044658803748833, 0.8625826365756823, -0.038280159557376965, 0.8311070045515353, 0.473085143557013, -0.2923210459939805
8.673558274812981, 18.543144596215754, 28.668731362005467, -0.23485890205403134, -0.1771602989888944, -0.9557486722921149, -0.5039455084559527, 0.8629795286311991, -0.03612834995602184, 0.8311920479847279, 0.47316018601065646, -0.2919575615415959
8.661492122923207, 18.535798851095507, 28.623526675840974, -0.23387772598933287, -0.17789872589914785, -0.9558521081263138, -0.5042072765107687, 0.8627807564487621, -0.03720737313080715, 0.8313099491763898, 0.47324561236757573, -0.29148303342593807
8.649668483004994, 18.52827429458533, 28.578298260069108, -0.23124203382608438, -0.18134169360312496, -0.9558463851232196, -0.5051931786445898, 0.8620164341044166, -0.0413221440015076, 0.8314487200320605, 0.47333165697537727, -0.2909470200259702
8.63833939640844, 18.520309603177353, 28.533041423407408, -0.22665829513023605, -0.18694666062431806, -0.9558645109690341, -0.506807671729293, 0.8607127971182954, -0.04816082176555143, 0.8317283217042619, 0.4735234175394244, -0.2898336970001866
8.62775690349501, 18.51164345382734, 28.48775147468725, -0.2203659863740246, -0.19355881755209836, -0.9560197781412458, -0.5087649608563092, 0.859039461613531, -0.056651725442506316, 0.8322241564952808, 0.47390525164695996, -0.2877790225279636
8.618009509304922, 18.50209121459922, 28.44244254920899, -0.21268737018291387, -0.1999400763446817, -0.956445528211596, -0.5107681314359589, 0.857210957730906, -0.06561470761560846, 0.8329945969057033, 0.47456647565683113, -0.2844409634854994
8.608595206406196, 18.491763837772094, 28.397193726346682, -0.20395087329158412, -0.20485801021088404, -0.9573072844891747, -0.5125457062084046, 0.8554764768761327, -0.07387080992467444, 0.8340868901564921, 0.47559772199206013, -0.279474268055281
8.599284447147589, 18.480921338869237, 28.35200766459388, -0.19448911153100068, -0.20708683296591043, -0.9587956138343725, -0.5138576961372473, 0.8541144042128265, -0.08024246155676502, 0.8355383017051956, 0.4770782201361928, -0.2725291145094043
8.590168236936108, 18.469885316192695, 28.30681563178885, -0.18463778719925097, -0.20540851832326318, -0.961101570146676, -0.5145028175854767, 0.8534085358778827, -0.08355071266826056, 0.837374311902849, 0.4790628471203024, -0.2632547250748217
8.581345722760162, 18.45897893215752, 28.26154708255104, -0.1756341445311227, -0.20018050685241226, -0.9638881739865534, -0.5145015976230402, 0.8534154102213679, -0.08348798500403311, 0.8393096885644536, 0.481258664621226, -0.25288207609246316
8.572916051608177, 18.448525349178798, 28.21613147149991, -0.16839430082516846, -0.19273234472740694, -0.9666941619485858, -0.5140430978630979, 0.853958615425249, -0.0807116886225366, 0.8410725610724157, 0.4833310733202115, -0.24287449552025847
8.564978370468577, 18.438847729671572, 28.170498253254916, -0.1618829882909586, -0.18414714061875823, -0.9694760072863715, -0.5133910635417193, 0.8547269748660797, -0.0766251545628603, 0.8427475980253469, 0.48531600946003745, -0.23290525323464284
8.557631826329779, 18.43026923605092, 28.12457688243552, -0.15564378257562542, -0.17583204871385033, -0.9720381183835548, -0.5127785705265058, 0.8554427935357185, -0.07263445874100782, 0.8442944691008847, 0.48713521493821, -0.22330725875519408
8.550974486483371, 18.423111381201892, 28.078297256872553, -0.14990365425750868, -0.16928387161724567, -0.9741005416539512, -0.5123726722672762, 0.8559139967436794, -0.06989617222674595, 0.8455785824829859, 0.48862480594883484, -0.21504106551430563
8.544667851451667, 18.416939239199113, 28.03178538253863, -0.1448704284756887, -0.16536657858508017, -0.9755339325929852, -0.5122538881228684, 0.8560544499315578, -0.06904152993222225, 0.8465273256406283, 0.48971897394265074, -0.20872664780588795
8.538360563729595, 18.410928906518674, 27.985242307841702, -0.14072236693141496, -0.16450785825720526, -0.976286013428876, -0.5124587074778237, 0.8558258133240401, -0.07034380127917175, 0.8471028795697596, 0.49040732235548096, -0.20473731854439467
8.532037533768925, 18.40467492665327, 27.938749044718918, -0.1376342673668814, -0.16712604389081792, -0.9762815648673215, -0.5130239512688913, 0.8551726417927364, -0.07406873938232193, 0.8472681003500817, 0.49066142927953543, -0.2034407234221494
8.525683673410416, 18.39777184511014, 27.892386604557604, -0.13577776838323882, -0.17363976303124265, -0.9754043419563609, -0.513979915125593, 0.85401813198768, -0.0804840175672275, 0.8469882197884193, 0.49041030059606977, -0.20520402678533567
8.519285352567547, 18.38983837280938, 27.84623109533318, -0.13531587842802428, -0.1844555334432675, -0.9734812629051531, -0.5153525495546993, 0.8522550311928763, -0.08985049512329088, 0.8462277250910203, 0.48952785210709826, -0.21038326763002732
8.512847017276117, 18.380792805841498, 27.800297836095098, -0.135480713669964, -0.1983626871411876, -0.9707199496114234, -0.5170502464761014, 0.849914175401302, -0.10151323593959466, 0.8451650837809618, 0.48815790355381156, -0.21771045531960026
8.506385333537454, 18.37075596827204, 27.754561050874475, -0.13548434043025695, -0.21333848423467344, -0.967538466750873, -0.5188802815703322, 0.8471920942723961, -0.1141438075405072, 0.8440422068212413, 0.48657193357899664, -0.2254783948796989
8.499917197620029, 18.359852500506026, 27.70899418932771, -0.13525868206449093, -0.22825848451523734, -0.964159298649857, -0.5207001298342415, 0.8442666558483055, -0.12682739693505832, 0.8429569761955713, 0.4848833654287658, -0.23304861770388824
8.493459505792305, 18.348207042948452, 27.663570701111226, -0.13474494904449458, -0.2420149180134256, -0.9608707395721608, -0.522371927033455, 0.8413681148516519, -0.1386624143678897, 0.8420043756147301, 0.4832478399019829, -0.23979190285686508
8.48702915432275, 18.335944236004348, 27.61826403588143, -0.13389509136147978, -0.2535656339157292, -0.9580065625068627, -0.5237721160882721, 0.838761912893383, -0.1487992738149164, 0.8412697991237499, 0.48185363210870097, -0.2451167116006947
8.480643039479826, 18.323188720078708, 27.573047643294725, -0.132697938880539, -0.26250087250365534, -0.9557638562697778, -0.5248622729699566, 0.836601240067356, -0.15690111386020486, 0.8407799066519535, 0.48082393560697645, -0.24879206482070645
8.474318057532003, 18.31006513557655, 27.527894973007538, -0.1311627015145723, -0.2688327331823275, -0.9542144975324567, -0.5256598069885468, 0.8349379615564281, -0.16297351830515405, 0.8405225238196553, 0.48021616166234576, -0.250827281271637
8.468071104747743, 18.296698122902885, 27.482779474676256, -0.12929571798655948, -0.272577239588676, -0.9534066633753708, -0.5261824219585022, 0.833807152940043, -0.16702601751794333, 0.8404847863776148, 0.48007007838880883, -0.25123304659924434
8.461919077395514, 18.283212322462717, 27.4376745979573, -0.12710003527326807, -0.27374436318141243, -0.9533675076590018, -0.5264460678355898, 0.8332296959531175, -0.16906451857891722, 0.8406545775132493, 0.48040846933445963, -0.25001516733538787
8.455878871743781, 18.269732374661064, 27.392553792507087, -0.12457552764125608, -0.2723368712093696, -0.9541035407610612, -0.5264649354131028, 0.8332125038360535, -0.16909049420866878, 0.8410205762604029, 0.48123752142901915, -0.24717370061451574
8.449967384061011, 18.25638291990294, 27.347390507982016, -0.12171911933957219, -0.2683500231768718, -0.9556007121429805, -0.5262494060015274, 0.8337497854174472, -0.16710134050749081, 0.8415735372920412, 0.4825448791328462, -0.24270232992789384
8.444201510615667, 18.24328859859334, 27.3021581940385, -0.118525109815369, -0.2617721107273496, -0.9578241803110855, -0.5258057446061633, 0.8348231752858538, -0.16309072611526015, 0.8423064271881184, 0.48429911010757887, -0.236588788125292
8.438598147676219, 18.230574051137296, 27.256830300332958, -0.11498560663916708, -0.25258584961518904, -0.9607178039570182, -0.5251395366463252, 0.8363995824665018, -0.1570484176957672, 0.8432121781121912, 0.4864525948373946, -0.2288167294129956
8.433174191511126, 18.2183639179398, 27.211380276521787, -0.11109275211792378, -0.24077669474814045, -0.9642017339193216, -0.5242593052312213, 0.8384280205359962, -0.1489652149280769, 0.8442811032501809, 0.48894277543108444, -0.2193726989586569
8.427946538388863, 18.20678283940588, 27.16578157226141, -0.10716447531257049, -0.22760393623761688, -0.9678389449903968, -0.5232798896481918, 0.8406241731086224, -0.13974675908664544, 0.8453957252794444, 0.49147476821764474, -0.20918561108416325
8.422932084577887, 18.195955455940528, 27.120007637208225, -0.10348017999481766, -0.2145195917911535, -0.9712225270688468, -0.5223181034039676, 0.842708730064354, -0.1304829304154607, 0.8464488473645188, 0.4937847111961655, -0.19925111739761223
8.418147726346668, 18.186006407948767, 27.074031921018644, -0.10009487630709832, -0.2022331492041421, -0.97420879132763, -0.5214239301288662, 0.8445676840169083, -0.12174774003357357, 0.847406691515965, 0.4957894517608162, -0.18998610132500615
8.413610359963673, 18.177060335835613, 27.027827873349086, -0.09706702614201289, -0.1914612002915015, -0.9766885896839808, -0.5206472137413827, 0.8461105789396078, -0.1141199677086201, 0.848236094055942, 0.4974329070230669, -0.18181317815631565
8.409336072837675, 18.16923897954683, 26.981369628441033, -0.09445162187236256, -0.18287002793175033, -0.9785895176272436, -0.5200351748550268, 0.8472718833023107, -0.10813774863042666, 0.8489065366924572, 0.4986871851668103, -0.17512505049598576
8.405183711635923, 18.162054415412545, 26.934772723732795, -0.09226515437823515, -0.17675433771849744, -0.9799209383339331, -0.5196113610496137, 0.8480443252351746, -0.10404256775274924, 0.8494063660908885, 0.4995785489130941, -0.17008850258074118
8.40103361572671, 18.154934587164384, 26.88816378149726, -0.09050617486839693, -0.17324906193274292, -0.9807106580689923, -0.5193882159864921, 0.8484351615713283, -0.10194928986414248, 0.8497320244671611, 0.5001425188372397, -0.1667721422962519
8.396877106061295, 18.147670090051776, 26.841581906909028, -0.08917134668247065, -0.17248590064881994, -0.9809674230106726, -0.5193738995006583, 0.8484412367298004, -0.10197166436754355, 0.8498818879399154, 0.5003959251370581, -0.16524132248899792
8.392705503590925, 18.140051519324153, 26.795066205142682, -0.08825532221217994, -0.17459345634893525, -0.9806773797235036, -0.5195731293877959, 0.8480457192147407, -0.10422198107753507, 0.8498557297091062, 0.5003354705811749, -0.16555861668580463
8.388512798112886, 18.13189491277199, 26.748650925327542, -0.08774846853073347, -0.1796882137907455, -0.9798022004951827, -0.5199886436534163, 0.8472151477239946, -0.10880397023312331, 0.8496540570973526, 0.49993863552610274, -0.1677776622983745
8.38431138911494, 18.123191810744256, 26.702336819609368, -0.08730366817952717, -0.18658615118785687, -0.9785518267865536, -0.5205431646914173, 0.8460712172127852, -0.11488389398484046, 0.8493602788071992, 0.4993486793704157, -0.17099126643071194
8.380121439583661, 18.11400776428036, 26.65611051421519, -0.08662183042368754, -0.19393195599354543, -0.9771832248552814, -0.5211402485945688, 0.8447842005927548, -0.12145985231199294, 0.8490638961755711, 0.4987284339932681, -0.17424250152526327
8.37596313980855, 18.104408584702952, 26.609958585693548, -0.08564232482956735, -0.20114441703788577, -0.9758105941689073, -0.5217302397700522, 0.8434427950911895, -0.1280695448506224, 0.8488008889647034, 0.49814172170502924, -0.1771775267619414
8.371856680079105, 18.09446008333469, 26.56386761059299, -0.08430592176576375, -0.20764581270524407, -0.9745643785924066, -0.5222674310498698, 0.8421477630144711, -0.13425302869690361, 0.8486042905970923, 0.497664909066031, -0.1794446885937412
8.367822250684831, 18.0842280714982, 26.51782416546205, -0.0825613179093256, -0.21291697023478148, -0.9735758792056819, -0.5227153590990142, 0.8410003821914975, -0.13959588287533325, 0.8485000189434672, 0.4973778452442332, -0.1807290704705245
8.36388004191522, 18.073778360516133, 26.471814826849265, -0.08042681242886839, -0.21686028185377387, -0.9728839324384145, -0.5230714214959332, 0.8400348385776378, -0.14400610400280167, 0.8484856014433926, 0.49730582957586944, -0.18099474029126064
8.360050244059781, 18.063176761711144, 26.425826171303182, -0.0779676068072946, -0.21958481766698898, -0.972472909719802, -0.5233473557526245, 0.8392487329935094, -0.14754358473185097, 0.8485449885041328, 0.49743750564160744, -0.180353348916999
8.356353047408012, 18.052489086405878, 26.37984477537234, -0.07524980052700757, -0.22120136162470333, -0.9723206390569022, -0.5235536857112925, 0.8386361613854451, -0.15026951452243092, 0.8486630695975682, 0.4977543032782972, -0.17891799202196
8.35280864224941, 18.041781145922968, 26.333857215605274, -0.0723391169397161, -0.22181974672789212, -0.972400664398146, -0.5236995776847618, 0.8381887052273509, -0.15224469370752844, 0.8488261332529673, 0.4982325705841308, -0.17680073844852853
8.349436567851344, 18.031117665613763, 26.287850302099063, -0.06930103991341587, -0.22154906549280676, -0.9726835957525876, -0.5237930527993261, 0.8378958905918722, -0.1535295227909461, 0.8490219100271098, 0.49884515444025046, -0.17411291791650957
8.346241388345884, 18.020538390776824, 26.241816217150387, -0.06620093122103109, -0.22049790590960494, -0.9731382790718631, -0.5238415770245969, 0.837745374651539, -0.15418394673355548, 0.849239329568439, 0.4995631699189119, -0.1709654946903521
8.343212691826334, 18.010058085150856, 26.195752515579642, -0.06310412645656828, -0.21877458806929923, -0.9737327912930025, -0.5238522984049717, 0.8377232879712956, -0.1542675022368299, 0.8494684447817835, 0.5003572447818361, -0.1674693670924561
8.340339415183157, 17.999690426201823, 26.149656985820585, -0.06007600975429267, -0.21648738409140006, -0.9744352649515845, -0.5238319334088578, 0.8378147339143246, -0.15383945260305434, 0.8497005228862344, 0.501198248366185, -0.1637355710941512
8.33761049530683, 17.989449091395695, 26.10352741630698, -0.05718206909672754, -0.21374470978355845, -0.9752145456325801, -0.523786639758206, 0.8380042496350373, -0.15295892783497653, 0.8499280951848953, 0.5020578419197939, -0.159875440209605
8.33501486908782, 17.979347758198454, 26.057361595472596, -0.05448656587238657, -0.21065300492533698, -0.9760412520254255, -0.5237218602029845, 0.8382764677306151, -0.15168380531424094, 0.8501450624951954, 0.5029094104955771, -0.15599838957512163
8.33254147341659, 17.96940010407605, 26.011157311751166, -0.052022409315967, -0.207266699888093, -0.9769002938102032, -0.5236407261137241, 0.8386223064823585, -0.15004338381048615, 0.8503493746008483, 0.5037391608637434, -0.15216043811792193
8.330179245183613, 17.959619806494473, 25.964912353576473, -0.049791032814430196, -0.20358795494918835, -0.9777897512506866, -0.5235439102414238, 0.8390389764782031, -0.14803840717708694, 0.8505425486713715, 0.5045448845742234, -0.14836385122256507
8.327917121279361, 17.95002054291968, 25.91862450938226, -0.04779246704812434, -0.19961662454610407, -0.978707864124057, -0.5234312510381905, 0.8395239286516784, -0.1456684545735498, 0.850726516296541, 0.5053244269042131, -0.1446084992103853
8.325744038594296, 17.940615990817648, 25.872291567602282, -0.04602670917958857, -0.19535254431265803, -0.9796524513686824, -0.5233024253124159, 0.8400742255136664, -0.1429330867565558, 0.8509031165204657, 0.5060757641482002, -0.14089431229675076
8.323648934018895, 17.93141982765435, 25.82591131667031, -0.04456910483805626, -0.19089623473791276, -0.9805978902979662, -0.523160544782657, 0.8406764396718026, -0.1398791198265673, 0.8510679404587203, 0.506775839344803, -0.13733757453706089
8.321620744443619, 17.922445730895745, 25.779481545020104, -0.043939256694937964, -0.18694212772478397, -0.9813877840093725, -0.5230222206347447, 0.8412635977566099, -0.13683316780629343, 0.8511857015031424, 0.5072752704117711, -0.13473938394273532
8.319648406758942, 17.91370737800781, 25.73300004108541, -0.044820298611738786, -0.1844044326263771, -0.9818279615391378, -0.5229068695706521, 0.8417552287064474, -0.13422570804871017, 0.851210635852358, 0.5073885495092499, -0.13415406530822654
8.317720857855331, 17.905218446456516, 25.686464593299988, -0.047891132014802294, -0.18419569456401894, -0.9817221529426844, -0.5228302191344184, 0.8420777959208974, -0.1324898017843621, 0.8510904778190137, 0.5069289217642668, -0.13663113424370388
8.315827034623258, 17.89699261370783, 25.6398729900976, -0.052950781888958215, -0.18672700282028318, -0.9809838128710902, -0.5228114412273658, 0.8421536352297302, -0.13208123103270616, 0.8508022165104606, 0.5058757565718133, -0.14221570691658136
8.31392023218513, 17.88899610345426, 25.593235414260555, -0.05791526664625109, -0.19134714486302992, -0.9798122738780426, -0.5228957855513598, 0.8418771568125604, -0.13350224825757018, 0.8504268453793777, 0.5046078903366121, -0.14881215564635109
8.311743866014613, 17.880915703719122, 25.54663503376977, -0.0604579416207187, -0.19727638608794415, -0.9784819184773248, -0.5231407623240631, 0.8411205486652746, -0.13725875348416058, 0.8500991589749892, 0.5035853950474616, -0.15405573603377537
8.30896478654611, 17.872336263137573, 25.50018164193466, -0.06006397165967994, -0.20396582506122019, -0.9771336968478576, -0.5235361436465737, 0.8398938657657974, -0.14313699921634146, 0.8498836541575202, 0.5029674308104657, -0.1572308428387388
8.30525201735807, 17.862843760334282, 25.453984656716273, -0.060995789424513676, -0.21151617107098503, -0.9754693347553014, -0.5239416148481937, 0.8386066141529477, -0.14907760036033674, 0.8495673592498405, 0.501995872567095, -0.16197359668431627
8.300688612576087, 17.85225590544732, 25.40807843710754, -0.06485247453114115, -0.2199608818439964, -0.9733505879207137, -0.5243165849260335, 0.8374249887898384, -0.15430977584664055, 0.8490502195504629, 0.5003364853863352, -0.16963822114299715
8.296248999646524, 17.840889307283152, 25.362335746387906, -0.0713805591432748, -0.2291385149067117, -0.9707730717128181, -0.524659180486336, 0.8363636836675604, -0.15883492365797633, 0.848314540785315, 0.49798727858086456, -0.1799197328361309
8.293022478238885, 17.8291252462126, 25.31660844896158, -0.07986822046822308, -0.2383027898900821, -0.9679012592665859, -0.5249358433915109, 0.835506853124422, -0.1623904513971461, 0.8473862328844401, 0.4951162274786892, -0.19182412154155287
8.29124043718828, 17.817236654969797, 25.270831274449222, -0.08944414788408855, -0.24650553204004408, -0.9650050606514684, -0.5250932780498511, 0.8349715514314403, -0.1646194327746138, 0.8463313734915842, 0.49199342574248756, -0.20412171680156993
8.288876363871967, 17.805195014634972, 25.225160157690016, -0.09924639581699889, -0.2528132051712118, -0.9624113653778172, -0.5250680631853543, 0.8348795033101527, -0.16516580752496401, 0.8452536198917556, 0.4889393604974461, -0.21560292163194864
8.285164854922078, 17.792996683216103, 25.179654917473698, -0.10929041831282096, -0.25677743915596674, -0.960271290420323, -0.5247889678402176, 0.8353539123297085, -0.16364712154098135, 0.8441872681450531, 0.4860547169773723, -0.2260501457770795
8.280177850065316, 17.78067760413007, 25.13430714382317, -0.12146193192748299, -0.2589631789875659, -0.9582197404672361, -0.5241724950846943, 0.8365175344641693, -0.15962960230068024, 0.8429058040428536, 0.482883512311863, -0.23734641149220953
8.273993142070111, 17.768273997496422, 25.08910794984117, -0.13787168089300747, -0.26003159964722955, -0.9557065275452709, -0.52309373151233, 0.8384884684380288, -0.15267624683936667, 0.8410495512514369, 0.47887436294016794, -0.2516247143235441
8.266688523704904, 17.755822083434722, 25.044048448630427, -0.1587939108003403, -0.26041061399161025, -0.9523501488492803, -0.5214604993942965, 0.8411957438754559, -0.14306875290317325, 0.8383695136777009, 0.47389453743035587, -0.26937061073822555
8.258341787738129, 17.7433580820645, 24.99911975329369, -0.1797963320985748, -0.2600227619356395, -0.9487156804012785, -0.5195078774090863, 0.8440691457791906, -0.13288657740153165, 0.8353351688237511, 0.46897275018805656, -0.2868444095799079
8.24903072693821, 17.730918213505305, 24.95431297693367, -0.19912543353692225, -0.2588451415376373, -0.9451710186104382, -0.51740529816979, 0.8468665020195272, -0.12291820525471768, 0.832250454577565, 0.4645603517946518, -0.3025605069996179
8.23883313407359, 17.718538697876667, 24.9096192326531, -0.2167837093584352, -0.2569033104820531, -0.9418097007464722, -0.5151941753747166, 0.8495708194408088, -0.11315645988912089, 0.8292043083684282, 0.4606843950233547, -0.31652820279590005
8.227826801912698, 17.70625575529815, 24.865029633554723, -0.23279118903656976, -0.2542201924636714, -0.9387120730291445, -0.5128949250377964, 0.8521780380763814, -0.1035924094263795, 0.8262850949747389, 0.4573452581628275, -0.32876778531140094
8.216089523223967, 17.694105605889288, 24.820535292741248, -0.24717093443523103, -0.25081525031475876, -0.9359477759896434, -0.5105130349873239, 0.8546922590255055, -0.09422092904397476, 0.8235793648935398, 0.45452486463495395, -0.33929953897718557
8.203699090775835, 17.682124469769633, 24.776127323315436, -0.25994702413511594, -0.2467041020171385, -0.9335762586372979, -0.508053239064558, 0.8571177257610247, -0.08503593629907187, 0.8211634739315361, 0.4522016035289637, -0.3481440202653572
8.190733297336731, 17.67034856705872, 24.731796838379996, -0.2711428274727344, -0.2418982723338796, -0.9316473543954147, -0.5055301294047955, 0.8594529384742037, -0.07602588251396533, 0.8190975859896438, 0.4503619348812029, -0.3553213647333882
8.177269935675094, 17.658814117876105, 24.68753495103767, -0.2807795541322096, -0.23640505832348468, -0.9302018546425219, -0.5029539296004518, 0.861698457015743, -0.06717971327827671, 0.8174351268943496, 0.4489859881730805, -0.36084816161851396
8.163386798559348, 17.647557342341315, 24.643332774391183, -0.28879984211009796, -0.2303244429919281, -0.9292713824053986, -0.5003643877319668, 0.8638295228286775, -0.05860063975071786, 0.8162292145511556, 0.44805045078655753, -0.3647199787003257
8.149161678757936, 17.63661446057391, 24.59918142154327, -0.2943055620453823, -0.22484081552850266, -0.9288868842984216, -0.4982117089574405, 0.8655156823754665, -0.051649749465388105, 0.8155791373048101, 0.44758151350855474, -0.3667444063084442
8.134672369039288, 17.626021692693428, 24.555072005596656, -0.29590448113503715, -0.22181554078591334, -0.9291062393020818, -0.4972284972757473, 0.8662655597285638, -0.048454117730697875, 0.8156006127640579, 0.44764030861173687, -0.36662486899402014
8.11999666217184, 17.615815258819424, 24.51099563965409, -0.2935505681137841, -0.2222752391997925, -0.9297428579982476, -0.4977189108190751, 0.8659036842469819, -0.04986677672134754, 0.8161519158668613, 0.448112181988147, -0.3648171083990904
8.105212350924019, 17.606031379071425, 24.46694343681828, -0.2892320224574628, -0.22596239207001143, -0.9302074148033674, -0.4993096465049032, 0.8646891717487164, -0.054795192924813906, 0.8167219319280671, 0.44861301099111844, -0.3629210000498294
8.090431222179518, 17.596659200371594, 24.422901782621256, -0.28509460949827753, -0.23252744369252326, -0.9298666848343611, -0.5015908888416196, 0.8628810972251503, -0.06199025957837854, 0.8167788218765829, 0.4487395681030827, -0.36263639661865193
8.076144295559684, 17.587162728823266, 24.378804322596533, -0.2833032387713071, -0.24163098713266265, -0.9280914507520165, -0.5041952648027419, 0.8607328147761859, -0.07018658360368472, 0.8157980202551246, 0.44805522831985695, -0.36567759368473784
8.063069171898624, 17.57668432750637, 24.33455436419047, -0.2859155188568871, -0.25293026200137014, -0.924271928947707, -0.5067887807209653, 0.8585191884489728, -0.07816607192557715, 0.8132757513981064, 0.4460617509144171, -0.3736461783010905
8.051303951123492, 17.564765777093015, 24.290209539065273, -0.2933785449307937, -0.2661861112067759, -0.9181906030748214, -0.5092500872670814, 0.8563564123574577, -0.08554556465845381, 0.8090694518969063, 0.44249141145888665, -0.3867918985609214
8.039992194090278, 17.55156841124519, 24.2460646516062, -0.3050239761835295, -0.28123898854979273, -0.9098708728565165, -0.5116089290433862, 0.8542219145559018, -0.09252688482559496, 0.8032538065121566, 0.43727514451651495, -0.404442542658153
8.028196660219285, 17.537306008592864, 24.20243458279577, -0.32022914571310096, -0.29782957196382326, -0.8993057546239228, -0.5138991170878731, 0.8520953506609469, -0.09920287716746037, 0.7958398027820436, 0.43038478068565994, -0.42592012028312826
8.014980108930832, 17.522192347766055, 24.15963421361654, -0.3392400992248063, -0.31462005915991026, -0.8865271419715012, -0.5157458169203539, 0.8503537022191516, -0.10442621055721109, 0.7867162178365845, 0.42179710702705964, -0.4507380537479644
7.9994637667944275, 17.506435149847384, 24.117958223307873, -0.3628327748912301, -0.3295966226446993, -0.8716182901969977, -0.516397611751324, 0.8497191878654056, -0.10635228418273122, 0.7756841393520038, 0.4115135090304611, -0.4785088795865527
7.981499922802057, 17.490166393467728, 24.077448692248492, -0.3904685588250773, -0.34155804894472497, -0.854910757781267, -0.5153942501096871, 0.8505671583840416, -0.10442354156209138, 0.7628257150378064, 0.3998419791362201, -0.5081567870229523
7.961438122206232, 17.473466538526857, 24.03797588735626, -0.41992015170923647, -0.35064363365799334, -0.8370878737406311, -0.5129564111695378, 0.8525915853592425, -0.0998163754835917, 0.7486940539556595, 0.38747468401139745, -0.5378852877907221
7.939637427970568, 17.456415058832604, 23.99940678696124, -0.449032695277153, -0.3571940209770794, -0.8190128631165455, -0.5094763379483531, 0.8553654001100852, -0.09372242722662116, 0.734032355991799, 0.3751832401277269, -0.5660689328027015
7.916456903058669, 17.439091428192786, 23.96160836939349, -0.47579735915291105, -0.36165124446971136, -0.801763837047185, -0.50550167271611, 0.8584062430113376, -0.08721686098670985, 0.7197811694566139, 0.3637954086195556, -0.5912427325244684
7.892255610434153, 17.421575120415227, 23.924447612983048, -0.49845018484179116, -0.36452976728764963, -0.7865528984069642, -0.5016688693472607, 0.8612377220867903, -0.08122765281969878, 0.7070189239044633, 0.3541011646633889, -0.6121573379654991
7.86736054478571, 17.403943232120387, 23.88779877338141, -0.5167184484581424, -0.36612821299915327, -0.7739200066344433, -0.49821566689303404, 0.8637185577938278, -0.0759697451942524, 0.6962637390280636, 0.34632410336070596, -0.628710124895459
7.841908798629036, 17.386258782681104, 23.851579201141675, -0.531279131045935, -0.3665384477816891, -0.7638010547340623, -0.4950338361459546, 0.8659493857579902, -0.07122613548396316, 0.6875201713300465, 0.3402664068096491, -0.6415097710956195
7.81596782110313, 17.36857962888023, 23.81572205113566, -0.5427791881406242, -0.3658077815366387, -0.7560260709053939, -0.4919848695427967, 0.8680379172724987, -0.06679118443462488, 0.6806920309966632, 0.33570052300296704, -0.6511248096894883
7.789604955683392, 17.3509636196679, 23.780160502213675, -0.5518140220522458, -0.3639496181795018, -0.7503612200090825, -0.4889264053142127, 0.8700857196949383, -0.062464474459194765, 0.6756125037719817, 0.3324026410995198, -0.6580700790470709
7.762887545845212, 17.33346860399421, 23.744827733225986, -0.5589319998161887, -0.360950783865673, -0.7465316813158249, -0.485719746793739, 0.8721853156860779, -0.058043971919592596, 0.6720649873011554, 0.3301625459199342, -0.6628132060509698
7.735882935063991, 17.316152430809304, 23.709656923022898, -0.564591034710389, -0.35678359798159, -0.7442730868007814, -0.4822457046564642, 0.8744102781616283, -0.05334553201247535, 0.6698328477053381, 0.32880409008498496, -0.6657415613271733
7.7086584668151215, 17.299072949063284, 23.67458125045469, -0.5689153746479052, -0.3514398325723374, -0.7435222529089234, -0.47847842452951006, 0.8767694936155188, -0.048307890917993826, 0.6688749462709689, 0.32827625431443297, -0.6669640223462538
7.681281484574, 17.282288007706278, 23.639533894371645, -0.5719045112395128, -0.3449160318882678, -0.7442836562563667, -0.47442603509747777, 0.8792487021840475, -0.042914530515374, 0.669212348395919, 0.328564530426094, -0.6664834447308498
7.65381933181602, 17.265855455688396, 23.60444803362406, -0.5735479595538068, -0.33720281291274934, -0.7465500660072264, -0.47009711811027405, 0.8818325758153881, -0.0371484558927132, 0.6708587315046886, 0.3296446134771918, -0.664291345095955
7.6263393520165845, 17.24983314195977, 23.569256847062228, -0.573825304443955, -0.32828551560385266, -0.7503020326671886, -0.46550121466474015, 0.8845044340310279, -0.030992343007631328, 0.6738198120606532, 0.3314823169102143, -0.6603683324103166
7.5989088886510805, 17.234278915470508, 23.533893513536423, -0.5727064114675624, -0.3181451750656637, -0.7555071236238513, -0.46064878050571634, 0.8872462478527651, -0.024429422624905193, 0.6780929635990507, 0.3340325481949747, -0.6546848016135922
7.571595285194911, 17.21925062517074, 23.498291211896948, -0.5701520098718805, -0.3067598170511397, -0.7621188229415452, -0.4555460740330177, 0.8900411788496694, -0.017449194393871725, 0.6836698472743692, 0.33723154448337433, -0.6472019973186104
7.544465885123467, 17.204806120010584, 23.462383120994083, -0.5661146953141063, -0.29410609752194106, -0.7700751620133134, -0.45019333978185966, 0.892874552553287, -0.010049388977585684, 0.690536102289715, 0.3409936022906914, -0.6378740115660351
7.517588031912146, 17.191003248940152, 23.426102419678116, -0.5605404085514477, -0.2801613024241139, -0.7792971801597901, -0.4445943214774922, 0.8957292722677487, -0.002227131037396002, 0.6986632519969435, 0.34522270410086536, -0.6266505763839542
7.491029069036343, 17.17789986090957, 23.389382286799343, -0.5540086297384398, -0.26526905182672206, -0.789117715121317, -0.438790674254269, 0.8985693059541767, 0.00599554705703973, 0.7074865245097043, 0.3495790790936738, -0.6142127360265324
7.464856339971455, 17.165553804868956, 23.352155901208043, -0.5473995665900244, -0.25120529226993227, -0.7982791589617201, -0.43345690053097263, 0.9010704596433304, 0.013679990505838041, 0.7158692826760595, 0.35350803087587024, -0.6021322464601352
7.439137188192877, 17.15402292976843, 23.314356441754505, -0.5405275689307908, -0.240036515496464, -0.8063575004017045, -0.429640392645795, 0.9027946969195122, 0.019257939172538242, 0.7233526665693134, 0.35685320012901933, -0.5911148055367433
7.413938957176007, 17.143365084558113, 23.27591708728903, -0.5334165912895323, -0.2330887020937655, -0.8131029437244093, -0.4279393788750225, 0.9035463315257378, 0.021723599942030977, 0.7296126562396763, 0.35954649733049177, -0.581714438631412
7.389328990396235, 17.13363811818812, 23.23677101666189, -0.5264255345190096, -0.23023789984685425, -0.8184538264804466, -0.4281679769071733, 0.9034493444651293, 0.021247718389191997, 0.7345395429502712, 0.36162106058640725, -0.5741792998556885
7.365069345678144, 17.12472426304167, 23.197119696829517, -0.5199217250679181, -0.2311838554442236, -0.8223353481301559, -0.43007191288098773, 0.9026119478140753, 0.018160986046170186, 0.7380511835593032, 0.3631056273940483, -0.5687132439125067
7.340791931351393, 17.11583222518885, 23.15746669343245, -0.514249120469879, -0.23562008961165928, -0.8246399307984967, -0.43341499647866305, 0.901103376691683, 0.012811921879546675, 0.7400670800159648, 0.36399983226128113, -0.5655128992254757
7.316672151364175, 17.10605614513834, 23.117971910710395, -0.5097344368399485, -0.24323699216323943, -0.825231221866236, -0.43796631995403285, 0.8989742286788078, 0.005553265459550279, 0.7405108415718047, 0.36425417199357196, -0.5647677325236411
7.292805856374395, 17.094849935092498, 23.07873866611007, -0.5066907828409078, -0.2537187847656928, -0.8239485595843273, -0.4434901482705843, 0.8962733051810643, -0.0032635573759294636, 0.7393111246092562, 0.3637594544157318, -0.566655204116371
7.2691239640457805, 17.08234433851465, 23.039774491815933, -0.5054182452205741, -0.26673624983330246, -0.8206120706052414, -0.4497519128193237, 0.8930547987100839, -0.013279435840842681, 0.7363936544495174, 0.3623601792771354, -0.5713313278306444
7.245539082697559, 17.06874523445148, 23.00107628681332, -0.5055391231694615, -0.2815640383593473, -0.8155684442447662, -0.4565059748848056, 0.8893943961123755, -0.024081176432562346, 0.7321423972421796, 0.36013789090663456, -0.5781593289862196
7.221963820648952, 17.054258501949665, 22.96264095008757, -0.5064331424544539, -0.29608080026593336, -0.8098528458538571, -0.46293192805073696, 0.8857287395942862, -0.03433117894778147, 0.7274747433519148, 0.35752029252981116, -0.5856276446808707
7.1983107862191895, 17.039090020055895, 22.92446538062405, -0.5087399721454405, -0.30798886071768816, -0.8039443403714445, -0.46784743190825484, 0.8828038859880454, -0.04214355634325448, 0.7227049337027576, 0.35468318335977916, -0.5932094219105645
7.174492587727495, 17.023445667816837, 22.88654647740808, -0.5129530538141593, -0.31575952693614817, -0.7982324759941732, -0.4704349538403959, 0.8812202140369563, -0.04628054210838203, 0.718032115429326, 0.3517767125915544, -0.6005689183518959
7.15042183349309, 17.007531324279167, 22.848881139425, -0.5191585457555008, -0.31925988635632263, -0.7928098948252232, -0.4705850226244117, 0.8811197088898624, -0.046666852126815074, 0.7134592776400175, 0.3488569672080409, -0.6076797475478285
7.126011131835202, 16.991552868489578, 22.811466265660172, -0.5272899135548177, -0.3186825137944607, -0.7876590648656284, -0.46835303922785215, 0.8824695186779626, -0.04350838138013039, 0.7089504762036534, 0.34596098624834604, -0.6145732001028722
7.10117309107306, 16.975716179494743, 22.774298755098933, -0.5370649987767674, -0.3146671324010179, -0.7826530411845539, -0.46404396748034493, 0.8850225759708954, -0.037392997565603193, 0.7044319579164559, 0.3431029522000079, -0.6213340332362519
7.075820319525883, 16.960227136341334, 22.737375506726618, -0.5481568536687766, -0.30791453355966014, -0.7776327563822684, -0.45800536530270275, 0.8884777363665615, -0.02895509169193957, 0.6998250846675084, 0.340288042698664, -0.6280516689464546
7.049865425512899, 16.945291618076045, 22.70069341952858, -0.560235115544874, -0.29912447578725915, -0.7724384527555701, -0.4505952367718842, 0.8925299391337849, -0.018821273823303272, 0.6950543488885681, 0.337512748996004, -0.6348106775695012
7.02322110761702, 16.93111525722901, 22.6642494160201, -0.5729767000943622, -0.28900272062535415, -0.7669257647387514, -0.4421917446762887, 0.8968882447729806, -0.00761165738732194, 0.6900464927011187, 0.3347669396149889, -0.6416906840929666
6.995832957036996, 16.917813854265706, 22.62804899316775, -0.5860742923101115, -0.2782654467163428, -0.7609765207001831, -0.43320268566050485, 0.9012873711611414, 0.004062969599274879, 0.6847279438066828, 0.3320382745244786, -0.6487666970653466
6.967728248882758, 16.905280125101868, 22.592118941310385, -0.5992423365072888, -0.2676409942465326, -0.7545044203555157, -0.4240688649881526, 0.9054955295387651, 0.015602683518278012, 0.6790244619194108, 0.3293116216959842, -0.656109469472142
6.938946722463912, 16.89337274504067, 22.556489299956024, -0.6122199634264426, -0.25786943360473336, -0.7474557321972314, -0.4152663412971835, 0.9093160760754929, 0.02642233101600861, 0.672860001908106, 0.3265694857194138, -0.6637859510634292
6.909528117090072, 16.88195038938527, 22.521190108612682, -0.6247702085623431, -0.24970063020421143, -0.7398052323203627, -0.40730515547663027, 0.9125841261680777, 0.03595445713961218, 0.6661566608652385, 0.32378975885853123, -0.6718597288446525
6.879512172070844, 16.87087173343886, 22.486251406788377, -0.6366751126709437, -0.2438907358942801, -0.7315477495354542, -0.4007166184961623, 0.9151620081670157, 0.043642759636807235, 0.6588406427706492, 0.32092959937135995, -0.6803919456319983
6.848938626715837, 16.859995452504595, 22.45170323399113, -0.6477694845027949, -0.24100019710007572, -0.7227126676243526, -0.3959205997222514, 0.9169719028189108, 0.0490857225294551, 0.6508775412184353, 0.31793306597205423, -0.6894033593615956
6.817847220334666, 16.849180221885653, 22.417575629728944, -0.6564989302920465, -0.24066209168431899, -0.7149062261244666, -0.3932228711786169, 0.9179671629593114, 0.05207745491551971, 0.6437273709478598, 0.31530627230450325, -0.697278299201972
6.786277692236936, 16.83828471688521, 22.383898633509855, -0.6590283415857555, -0.2417088237705395, -0.7122208151256119, -0.3931417188076316, 0.9179928335712365, 0.05223740465254031, 0.6411873625701849, 0.3144296455859631, -0.7000091171241813
6.754269781732257, 16.82716761280643, 22.350702284841862, -0.6549328763225624, -0.24325006482724507, -0.7154665145717138, -0.39527476307221576, 0.917201421586937, 0.04999413882752247, 0.6440658267522498, 0.315548662175017, -0.6968559769489662
6.721863228130241, 16.81568758495249, 22.318016623232992, -0.6457857295592615, -0.244577081499409, -0.7232861416499309, -0.39868352183294675, 0.9159216967155313, 0.04624818812257003, 0.651162223195181, 0.3182286861534859, -0.688998013344404
6.689106538026431, 16.803705879618114, 22.285863422029312, -0.6331097578262025, -0.24497554631842594, -0.7342744829089705, -0.402467570934049, 0.9144738275688472, 0.041922226062418536, 0.6612048766393768, 0.32206303792514135, -0.6775570165755319
6.65680644455987, 16.791306091730643, 22.253549567044875, -0.6184320564847304, -0.2437377408193027, -0.747083466027973, -0.4057847996557331, 0.9131791881172318, 0.037979820403866146, 0.6729639573412708, 0.32664305302555546, -0.663644353573298
6.626913265790836, 16.778940813317732, 22.219289679196386, -0.6033597477128951, -0.24017424954563588, -0.7604428609008188, -0.4078499083122875, 0.9123606917840152, 0.035446020609537617, 0.6852849532344121, 0.3315332531475293, -0.6484367624741261
6.599683094022143, 16.766891200595555, 22.18275991831994, -0.5896156749031637, -0.2336269903619506, -0.7731570249845137, -0.4079234470994497, 0.9123294244657719, 0.03540455564550621, 0.6971024438452279, 0.33626395975240997, -0.6332256565843178
6.5743463184989, 16.755320056372877, 22.144527356521905, -0.5786371870928443, -0.2239028721506216, -0.7842490099171201, -0.4056129350142998, 0.9132319354316536, 0.038543210256042605, 0.7075713057087365, 0.34040407745862633, -0.6192478594126712
6.550122006740567, 16.74438887707176, 22.105168899811574, -0.5706916685767114, -0.2122122830618783, -0.7932697941651341, -0.4015159973607031, 0.9147878561374794, 0.04413708335214632, 0.7163071431170912, 0.3436991783246792, -0.6072684344985926
6.526229226266598, 16.734259159114284, 22.06526145419825, -0.5675111020413467, -0.20055008679145112, -0.7985679756587775, -0.39621274118584215, 0.9167216778067606, 0.051350064860316194, 0.7217663145241797, 0.3455445385577658, -0.5997102292700065
6.501887044596449, 16.725092398922516, 22.02538192569122, -0.5733792721893928, -0.19130001584142622, -0.7966432791172172, -0.38981868896744254, 0.9189413196345935, 0.05990192651272602, 0.7206091866991889, 0.34489296166680733, -0.6014742264115991
6.4763145807549956, 16.717050037928598, 21.986107203586702, -0.5884518133902702, -0.18511703085247522, -0.7870553654007236, -0.382541718577103, 0.9213347044650911, 0.06931230696131671, 0.7123105340129257, 0.3418684648173724, -0.612976064702068
6.448916491407669, 16.710095427694277, 21.94795397171775, -0.6102755162598159, -0.18206816725835642, -0.7709831235020637, -0.3749680930690385, 0.92369304252385, 0.07867714009292626, 0.6978271443803145, 0.33710880389603626, -0.6319770018772833
6.419700056724309, 16.703548526820505, 21.91124336746616, -0.6362891781442038, -0.18218707050043648, -0.7496292104227547, -0.367767765712566, 0.9258244982051131, 0.08715428288981379, 0.6781467040982806, 0.3311447868617586, -0.6560946409283647
6.388794709677642, 16.696599104896947, 21.876256774639167, -0.6640116030030128, -0.1855216043068042, -0.724341304505548, -0.36166981271136334, 0.9275577572363576, 0.09397634576841958, 0.6544337534469756, 0.32437376793767986, -0.6830066771439468
6.356346330584734, 16.688640493920644, 21.84315767581106, -0.6911484271113976, -0.19216847536884404, -0.6966958653356966, -0.35747930706861897, 0.9287156954872656, 0.098466755675936, 0.6281101788055828, 0.3171094984859622, -0.7105766455849788
6.322547963980151, 16.679649759131834, 21.811771461321943, -0.7156477439956623, -0.20229505731858552, -0.6685245068794331, -0.3560898757805415, 0.929080071054465, 0.10005109662581822, 0.6008729540264877, 0.309656150195504, -0.7369292786730502
6.287601055557874, 16.669707943665347, 21.78186329859487, -0.7360200619890594, -0.21569876250938347, -0.6416763297812549, -0.3580676825627473, 0.9284740354811938, 0.09860780973843178, 0.5745102288504226, 0.302340882596429, -0.7606102731734876
6.2517070510118975, 16.658896090656018, 21.75319835505292, -0.7519910296054089, -0.23079943389242763, -0.6174472550007264, -0.36263794979444386, 0.9270624864283199, 0.09512551511673117, 0.5504572724216472, 0.29544334071404615, -0.7808393071982509
6.215067396036202, 16.64729524323867, 21.725541798119128, -0.7636136060407844, -0.24577440517600133, -0.5970671674357687, -0.36863904987272494, 0.9251425003162862, 0.09064549088324891, 0.5300938705345727, 0.2893204034784157, -0.7970534439752222
6.177883536324777, 16.634986444548144, 21.698658795216563, -0.7710570483950696, -0.25925929163653616, -0.5815974964014243, -0.37510857513089035, 0.9229961908295582, 0.08585795581889273, 0.5145528009675552, 0.28436359016978113, -0.8089331020561566
6.140356917571603, 16.62205073771926, 21.672314513768285, -0.7745899520826797, -0.2711258437029568, -0.5714028202668514, -0.3818761472972554, 0.9206732343105329, 0.08081710060121844, 0.5041636780431102, 0.28080522164045024, -0.8166807290744045
6.102688985470675, 16.608569165886856, 21.646274121197354, -0.774414826750794, -0.28145061962096596, -0.56662794214856, -0.38894287249765086, 0.9181621591009371, 0.07550954594209563, 0.49900412627734225, 0.27886161139547283, -0.8205066018309095
6.065081185715974, 16.594622772185758, 21.620302784926828, -0.7709039388635119, -0.29029802918094105, -0.5669516481132973, -0.39622814567149306, 0.9154790599573606, 0.0700096233193507, 0.4987087061827302, 0.27861289459256694, -0.8207706630626478
6.027734964001484, 16.580292599750805, 21.594165672379763, -0.7651312480798836, -0.29774884462674384, -0.5708938594302435, -0.4033796339765602, 0.912751013513626, 0.06457908502591865, 0.5018556008501408, 0.27969843198217553, -0.8184801421183391
5.990851766021196, 16.565659691716817, 21.567627950979215, -0.7582895742409307, -0.30387998551123274, -0.5767615417165061, -0.4099950172254893, 0.9101446244857109, 0.05950502810716951, 0.506854029724317, 0.2815914006596389, -0.8147424596931009
5.954633037469095, 16.550805091218642, 21.540454788148253, -0.7516032110063461, -0.30877433209484306, -0.5828816561226933, -0.41568052537797723, 0.9078409512246852, 0.05508636946602534, 0.512154580206444, 0.2836956452236132, -0.8106876506119475
5.9192800811316575, 16.53580982761931, 21.512411514769102, -0.7463448129886197, -0.31252966697518864, -0.5876177561862475, -0.4200594382506459, 0.9060256914650048, 0.05164798874991902, 0.5162552551418089, 0.28538159307449673, -0.807488611605593
5.884848035842848, 16.52074084468196, 21.483430645653147, -0.7437894024273113, -0.3152495094714415, -0.5894023003134943, -0.4227726100873166, 0.9048815191915666, 0.04952531055450549, 0.51772641906395, 0.2860195500373671, -0.8063201423750006
5.85097027118746, 16.505624440902526, 21.453927119896687, -0.7378222018701731, -0.3151665653743193, -0.596899015326382, -0.4248623535380651, 0.9039921752626404, 0.04785527776552627, 0.5245096557486293, 0.28890860688818965, -0.8008879059471306
5.817204532729605, 16.490479627003996, 21.424402376178826, -0.7247581158300467, -0.31128130929474634, -0.614678468812947, -0.4269819365545436, 0.9030835385788873, 0.04611451185870769, 0.5407514210749818, 0.29587846969927306, -0.7874286201134704
5.783108566033389, 16.47532541370935, 21.3953578531787, -0.7080428276843831, -0.30447521409500966, -0.6371579067754719, -0.42845542857653857, 0.902447936568553, 0.04487390674384612, 0.5613388458747511, 0.3047664118385732, -0.769425847191946
5.748240116662924, 16.460180811741573, 21.367294989575424, -0.6913047336239627, -0.2956950688514172, -0.6592891562327243, -0.4286482826708933, 0.9023625605892526, 0.0447488436733466, 0.5816858387758773, 0.31353825205828273, -0.7505566930378018
5.712168318125067, 16.445067914638052, 21.340701359467893, -0.6781542861170523, -0.2859947662292483, -0.676988742824095, -0.42708806708459585, 0.9030217752940879, 0.046340654922623875, 0.598082391627621, 0.32055992736802197, -0.7345330392778759
5.67823035396963, 16.431008273843588, 21.31146821621055, -0.6695044325727182, -0.2760800194679794, -0.689596721001516, -0.423982051769858, 0.9043120591838344, 0.04958749229104716, 0.6099205149382205, 0.3255756785530106, -0.7224939051592356
5.6483305756733015, 16.418546722625994, 21.27719328268779, -0.6642676066726885, -0.26628517803885593, -0.6984559761947444, -0.419894298536929, 0.9059685579095276, 0.053942099843360944, 0.6184151718558648, 0.3291096717450668, -0.7136171937266755
5.620731218824293, 16.40721818265848, 21.239898239807825, -0.6611471401050839, -0.2568742393921183, -0.7049114017148461, -0.4153665908550329, 0.9077524925673818, 0.058787817098213714, 0.624784006143192, 0.331664042932643, -0.7068549414789698
5.593694364409584, 16.396557533402458, 21.20160495654879, -0.6587684394002676, -0.24808063569787497, -0.7102676547906951, -0.41094234485591125, 0.909447400988732, 0.06349656714473446, 0.6301988039138612, 0.33370858998020825, -0.7010620832130063
5.565545667268896, 16.38611201707214, 21.164264280972127, -0.6557627367895118, -0.24013786716475727, -0.715757666945937, -0.4071757819637684, 0.9108556520040446, 0.06745267818612327, 0.6357539741287689, 0.33567214058638883, -0.6950835190202891
5.535629949192785, 16.37562706599479, 21.128688508605645, -0.6594916555405241, -0.23561649964642384, -0.7138316477761304, -0.40329021676427046, 0.9122766741201903, 0.0714721688381705, 0.6343719392711555, 0.33501661891698886, -0.6966606833421725
5.504112841763947, 16.36500772951176, 21.094772975231056, -0.6740885727668366, -0.2360639472148399, -0.6999131438189443, -0.39889364387398335, 0.9138459037063427, 0.07595739039799644, 0.621681958031681, 0.33039291321771297, -0.7101774890500319
5.471183295440526, 16.35416359161943, 21.062386966173186, -0.694651334609125, -0.24041955434770856, -0.6779807970827866, -0.3948290542623383, 0.9152673315992629, 0.07997330565552875, 0.601306528516088, 0.3232400804269394, -0.7307162986888391
5.437030260680667, 16.343004236314197, 21.03139976675685, -0.716525796997624, -0.24765799591927953, -0.6521167834783628, -0.3919572111369239, 0.9162590412779282, 0.08269772617319482, 0.5770271456999962, 0.3148569299439, -0.7535945772042268
5.401842687942512, 16.331439247592456, 21.001680662306885, -0.7358079832340138, -0.2569894244114876, -0.6265325590500029, -0.3911889336011995, 0.9165160988852278, 0.08348328402835958, 0.5527728557346585, 0.3065202704958609, -0.7749112812045613
5.365809527684198, 16.319378209450587, 20.973098938148087, -0.7509855976908616, -0.2681631578263573, -0.6034145779192741, -0.3930388336056126, 0.9158448630819542, 0.08215024068337477, 0.5306044735382835, 0.2988590094860668, -0.7931848366617757
5.329119730363878, 16.30673070588498, 20.94552387960529, -0.7622571537183858, -0.2810781339731374, -0.583060129152495, -0.3974727362621276, 0.914214551174662, 0.0789124727074777, 0.5108614837051648, 0.29190210177847353, -0.8085874766800853
5.291962246439692, 16.293406320892036, 20.918824772003315, -0.7700409813841324, -0.29499610461024806, -0.5656979629216832, -0.40388981620725517, 0.9117842639873238, 0.07431333870284595, 0.4938723553237537, 0.2857039625379281, -0.8212571719242968
5.254526026369782, 16.279314638468144, 20.89287090066699, -0.7747954406281305, -0.30902891524098164, -0.5515370837276884, -0.41153280843732537, 0.9087852090139663, 0.06892163272245697, 0.47992996651756253, 0.2803757718177941, -0.8312981738317651
5.217000020612296, 16.264365242609692, 20.86753155092112, -0.7769785524172538, -0.32228830552013654, -0.5407722045450819, -0.4196275206452878, 0.905488823564618, 0.06326716618161946, 0.4692729195262362, 0.27608013062247566, -0.838786437941625
5.179573179111116, 16.248467718478256, 20.842676007889192, -0.7770462909394281, -0.3338852612191475, -0.5335913174686215, -0.4274009978688134, 0.9022084169320995, 0.05786501047798623, 0.4620903036831872, 0.273021253307314, -0.8437605978501742
5.1424002132673765, 16.231609227896193, 20.818160151091078, -0.7754448214577763, -0.3429270645261928, -0.5301757796144275, -0.4340890767446615, 0.8992962081748368, 0.05322596559319372, 0.45853244413594657, 0.2714173140715398, -0.8462154804167235
5.105508882065011, 16.214064577655826, 20.793790153673598, -0.772595913925548, -0.3485119767516726, -0.5306929016353891, -0.4389328261748451, 0.8971359677305611, 0.049850070314020216, 0.45873034333005525, 0.27145249577926367, -0.8460969298156674
5.0688975266886604, 16.196175228514647, 20.769360670671972, -0.768875531510489, -0.3497219915691035, -0.5352802496425614, -0.44118311639456576, 0.8961195867926502, 0.04824048066664319, 0.4628043591549696, 0.27324753389465317, -0.84329586170433
5.032564488322967, 16.17828264123018, 20.744666357121442, -0.764593960774531, -0.3456677341086877, -0.54397600383039, -0.44014892171126646, 0.896591058506185, 0.048922392860202515, 0.47081312838909284, 0.27683621765029987, -0.8376733890565891
4.996508108152569, 16.160728276559905, 20.719501868057232, -0.7602983293730294, -0.33753512701293253, -0.5549923318253542, -0.4364432617402519, 0.8982511110586531, 0.051596712719177325, 0.4811067757100398, 0.28145155802421645, -0.8302537508807959
4.960726727362111, 16.143853595261337, 20.693661858514584, -0.7569389362461942, -0.3291960187538075, -0.5645116721832443, -0.4322719304212633, 0.9000803647900028, 0.05473860693669729, 0.4900861403512187, 0.2854563331862486, -0.823608072373934
4.925218687136233, 16.12800005809197, 20.66694098352872, -0.7548729995642549, -0.3225009458543215, -0.5711041012389355, -0.4286898108088784, 0.9016207271833566, 0.05749008977209371, 0.4963786867276963, 0.2882242256237725, -0.8188620122621786
4.889982328659575, 16.11350912580931, 20.639133898134876, -0.7540707490668956, -0.3177055068461826, -0.5748395570255246, -0.42585839658978425, 0.9028205961107081, 0.05966236076693247, 0.5000219309747015, 0.28978989312589193, -0.816088160915483
4.855011291937324, 16.10069689949629, 20.61005551811284, -0.7544651032875164, -0.3150134717747185, -0.5758028486572427, -0.42394049324500216, 0.9036252359478373, 0.06112193669542569, 0.5010557514973173, 0.29022051195367626, -0.8153006735755863
4.820110196368841, 16.088859842271834, 20.580335384220298, -0.7559613829819928, -0.3146180004166945, -0.5740539184203465, -0.42311635210034443, 0.9039678841344331, 0.06176258607614789, 0.49949468468167935, 0.2895817298575948, -0.8164848325029881
4.78486476667554, 16.07608907420516, 20.551561254622776, -0.7584386338694501, -0.3167129310592021, -0.5696172030005161, -0.4235713995565946, 0.9037745251561414, 0.061472572391748456, 0.4953363585806213, 0.2878967297116801, -0.8196080556518525
4.749152486413297, 16.061799607049373, 20.52421458797928, -0.7617461330270474, -0.3214930437641462, -0.5624811566884749, -0.4254843803586401, 0.9029669098606189, 0.06011490470414983, 0.48857534822089, 0.2851192426126825, -0.8246218203533099
4.713031036311762, 16.046232634507447, 20.498088418668914, -0.7656956999755511, -0.32914089778478306, -0.5526086901636437, -0.42904064733860914, 0.9014490631059279, 0.05756482916427378, 0.4792016464602538, 0.28116873231366224, -0.8314504952183925
4.676560350787839, 16.029639683162117, 20.472967171096556, -0.7700441672201316, -0.33974559648118346, -0.5400045464641006, -0.43440350555699486, 0.8991114781973354, 0.05377865871883042, 0.46725322352023213, 0.27599181046807786, -0.839942227575507
4.6398003642584325, 16.012272279596115, 20.448635269667072, -0.7742344408141243, -0.35125135288953446, -0.5264822102887352, -0.4404463611844893, 0.8964043813447634, 0.04966072920582792, 0.45449756168386934, 0.2703362206571363, -0.8487345251751182
4.602811011140454, 15.994381950392176, 20.424877138785344, -0.7775825356007982, -0.35924659803996006, -0.5160496895894316, -0.4444875033911887, 0.8945504754926213, 0.047013892893411804, 0.4447429141174725, 0.26593482019592796, -0.8552674504210119
4.565652225850802, 15.976220222133032, 20.401477202856235, -0.7799988531438729, -0.3620938518223905, -0.5103820447142197, -0.4454388773330215, 0.8941082787881943, 0.04641758678248811, 0.4395292887334591, 0.26354966946448094, -0.858694110886189
4.528383942806386, 15.958038621401418, 20.378219886284622, -0.7815825092577677, -0.3598134359377169, -0.5095714597002325, -0.44326103161781283, 0.8951158631439597, 0.047825196258420785, 0.43891734879296307, 0.26325250780712156, -0.8590981771961907
4.491066096424111, 15.940088674780071, 20.35488961347537, -0.7823259491032426, -0.3525445474253579, -0.513496301291801, -0.43805145817863783, 0.897490359626583, 0.05120521814147418, 0.44280585965779606, 0.264996974431778, -0.8565626504784831
4.453758621120884, 15.922621908851722, 20.33127080883336, -0.782242468463761, -0.342723367499766, -0.5202282325108301, -0.4314603005841257, 0.9004184202476432, 0.05557587155047217, 0.44937593343611293, 0.2679316365201374, -0.8522170548634094
4.4165214513136055, 15.905889850199102, 20.30714789676345, -0.7814893086146455, -0.3337919886417902, -0.5271217779978005, -0.42574454844777887, 0.9028882262912772, 0.05945107477235714, 0.4560877547007816, 0.2708796026709109, -0.8477076152004589
4.3794145214191875, 15.890144025404949, 20.282305301670526, -0.7802487552170423, -0.3265739434132677, -0.5334429111589767, -0.42137335437821566, 0.9047345128341877, 0.06244963976466085, 0.46222978722958435, 0.2735048825344678, -0.8435275354293423
4.342497765854532, 15.875635961051998, 20.256527447959446, -0.7787040924822192, -0.32139442682355024, -0.5388186696451832, -0.4184886624978368, 0.9059336867774441, 0.06443131631900326, 0.46742611791834565, 0.2756624340903007, -0.8399541932267471
4.305824292989251, 15.86254781138493, 20.229647026397743, -0.7770386625268636, -0.31856860697301675, -0.5428857702958649, -0.4172360950215168, 0.9064502094030576, 0.06528444596034273, 0.47130134516003547, 0.27724007741382684, -0.8372651799316132
4.2693355327616125, 15.84992689848413, 20.20228631346395, -0.7754275701140161, -0.3184066487987826, -0.5452790932245626, -0.4177674929771723, 0.9062317733592122, 0.06491759981534877, 0.473479044223333, 0.2781387764317414, -0.8357370493919801
4.232912350454223, 15.836350445437576, 20.17541205084995, -0.7740283884528812, -0.3212169073803078, -0.5456186876217368, -0.4202332430610374, 0.9052099211621073, 0.06323780559202342, 0.473586396864858, 0.27823496732568004, -0.8356441992031292
4.196521195484121, 15.821684783687937, 20.14914422043945, -0.7729699690114762, -0.32730413259277374, -0.5434974073480844, -0.42477513924132604, 0.9032992307544276, 0.06013801460782769, 0.47125736926748385, 0.27734906617140653, -0.8372538369006971
4.160144329533031, 15.806032077218234, 20.123447707117965, -0.7723383307789811, -0.3369588013287202, -0.5384721617842927, -0.4315338324040424, 0.9003865159631956, 0.055521827800765984, 0.4661245051488037, 0.2752505914231069, -0.8408121416945717
4.123764014282678, 15.789494490011492, 20.098287395771013, -0.7721510844149332, -0.35028971764646294, -0.5301696111132775, -0.4405569734538907, 0.8963645472176968, 0.049397890970782954, 0.4579216701336491, 0.2717125543701925, -0.8464514350035888
4.087362511414786, 15.772174186050746, 20.073628171284113, -0.7722702124710903, -0.365030305082547, -0.5199534549372662, -0.4503772103888001, 0.8918099751623523, 0.04284082822877104, 0.44806147713484534, 0.26725988208533513, -0.8531196095129177
4.050922082611077, 15.75417332931902, 20.049434918542786, -0.7726274003015706, -0.37802594504155407, -0.5100424346842882, -0.4589113974673326, 0.8877012993041539, 0.037238857236720935, 0.4386880777703178, 0.26283604792561654, -0.8593427618436236
4.014424989553279, 15.735594083799347, 20.025672522432547, -0.7732914984818287, -0.3888214367698969, -0.5008374473658305, -0.46582963453530873, 0.884268375107778, 0.032744348717767255, 0.4301430110607734, 0.2586258515547955, -0.8649217646372002
3.9778534939231136, 15.716538613474743, 20.002305867838906, -0.7743318360300537, -0.3974495624523035, -0.4923860812581917, -0.47113397384224653, 0.8815745048597979, 0.029311620098784182, 0.4224251252020167, 0.25467673173589017, -0.8698831967053888
3.9411898574023065, 15.697109082328254, 19.979299839647396, -0.7758052250045838, -0.40394114223066124, -0.48472446448366496, -0.4748329970808213, 0.8796643248232388, 0.026912831819043904, 0.4155236187496828, 0.2510422857740586, -0.8742527626576333
3.9044163416725772, 15.677407654342888, 19.956619322743517, -0.7777561718628497, -0.4083227457063583, -0.4778785122476904, -0.47693626822578067, 0.8785669620766637, 0.02553212091167449, 0.40942292703280747, 0.24777535891650485, -0.8780548037188144
3.8675152084156554, 15.657536493501688, 19.934229202012805, -0.7802170942673139, -0.41061497108097855, -0.4718650562790559, -0.4774463012864655, 0.8783008673980373, 0.025151853127137098, 0.404111760780286, 0.24491413158905828, -0.8813119498492202
3.8304687193132625, 15.63759776378767, 19.912094362340756, -0.7832084677644918, -0.41083126094887634, -0.46669280158274695, -0.4763563753024789, 0.8788751813795462, 0.025749160447548883, 0.3995861605845239, 0.24247905184206314, -0.8840445744910679
3.7932591360471206, 15.617693629183874, 19.8901796886129, -0.786738848115676, -0.4089772253048057, -0.46236307599937243, -0.473654649801083, 0.8802872717973291, 0.027305527525182567, 0.3958449918685756, 0.24048274011578732, -0.8862701586530882
3.7558687202989587, 15.59792625367332, 19.868450065714757, -0.7908047357808816, -0.4050504504148272, -0.45887035476839816, -0.46932511852075, 0.8825221516836058, 0.029809141437192148, 0.3928890466684124, 0.23893259385543075, -0.8880030476307511
3.7182797337504976, 15.578397801239039, 19.846870378531836, -0.7953902693226658, -0.39904078404770554, -0.4562025560355945, -0.46334800166332185, 0.8855522179771469, 0.033255053606362536, 0.39072106267953294, 0.23783128873709672, -0.8892543670267965
3.6804744380834604, 15.559210435864056, 19.825405511949658, -0.8004667549302632, -0.3909311005931027, -0.45434111506717, -0.45569939675683585, 0.8893374498430047, 0.03764253049672902, 0.38934693275646837, 0.23717456629201766, -0.8900321292275485
3.642435094979574, 15.540466321531403, 19.804020350853744, -0.8059863363792034, -0.380704489386988, -0.45326605578911633, -0.44635717437436623, 0.8938227544027687, 0.04296692444636182, 0.3887818134308255, 0.23694930992184898, -0.8903391073478679
3.604143966120562, 15.522267622224104, 19.78267978012961, -0.8114253017418658, -0.3688283981623191, -0.45338128810322526, -0.43583395539145176, 0.8986963016223483, 0.04892566584273795, 0.389406911881343, 0.23729848326386538, -0.8899728573499897
3.565583313188146, 15.504716501925186, 19.761348684662764, -0.81548411576919, -0.35662853992120186, -0.45585276289808113, -0.4255982035806842, 0.903256640942839, 0.0547138894756515, 0.3922395008627216, 0.23862842476605975, -0.8883719090879856
3.526735397864052, 15.487915124617686, 19.739991949338737, -0.8168239241816402, -0.34554521963717616, -0.461949324136752, -0.41726104260664754, 0.9068383331911875, 0.05947654813321312, 0.39836151823101557, 0.24133532406368666, -0.8849098045291146
3.4875824818300036, 15.47196565428462, 19.71857445904304, -0.8147366290596493, -0.3366963174647968, -0.4720591224350656, -0.41193926182310425, 0.9090593089899962, 0.06258767696013709, 0.4080566992920903, 0.24545215937993972, -0.8793423494968097
3.4481095613196104, 15.456967437607165, 19.69705864541573, -0.8100664365025162, -0.330369309720769, -0.48440529275260563, -0.4094589913054103, 0.9100772526596379, 0.06405254585605087, 0.4196852426417575, 0.25023092012400905, -0.8724957213205237
3.408525842953296, 15.442788826074107, 19.675205794484903, -0.8039282911208953, -0.32675012497665384, -0.4969241980052675, -0.4094498956396196, 0.9100858123411211, 0.06398903918724116, 0.4313352358620169, 0.2549081599383252, -0.8654315364606928
3.369427919816251, 15.428899062050744, 19.6524296566955, -0.797488983330693, -0.3260617463483448, -0.5076367392481018, -0.41156728243844715, 0.909230024326019, 0.0625550548743944, 0.44116175434007104, 0.2588136403522324, -0.8592972745652208
3.3314499660636185, 15.414728170899625, 19.62811058705385, -0.7913737510755349, -0.32842844093756207, -0.5156184105440376, -0.4156419104965979, 0.9075569335899615, 0.05985160425188728, 0.44829609450381724, 0.26167760981044735, -0.8547253595024054
3.294909020468555, 15.39985322669703, 19.602028614595685, -0.7855714787765948, -0.3338379243813711, -0.5209891476580795, -0.42166262867236337, 0.9050292915982843, 0.05588030896675695, 0.45285547287613376, 0.26357963046078814, -0.8517321756821729
3.259336142552228, 15.384215744841795, 19.574954309029643, -0.7800036517579199, -0.34224625038843687, -0.5238910262061809, -0.42960296038052326, 0.9015975333379976, 0.050627900520649784, 0.45501164784717374, 0.2645550830619091, -0.8502793707655772
3.2241427235560374, 15.367812728286697, 19.547809053585286, -0.7750458706454741, -0.35311453369734913, -0.5240362816514736, -0.438917490915299, 0.8974278972256969, 0.04443653282697265, 0.4545935927441316, 0.2644490411643949, -0.8505359310829935
3.188752465387558, 15.350643595810187, 19.521493447379456, -0.7719228290985582, -0.3650857741261196, -0.5204301331083838, -0.44820642089081386, 0.8931103594940574, 0.038273881912373915, 0.4508282934651781, 0.26280461049062237, -0.8530460635371033
3.1528789491124547, 15.332764651618403, 19.49641868619262, -0.7719651085850068, -0.376727261123147, -0.5120023846174848, -0.4560169922356331, 0.8893525158796711, 0.03317537175173529, 0.44285254195917767, 0.2590920169074135, -0.8583431440019447
3.1165294260733214, 15.314289829308349, 19.472500161918344, -0.7757821513481099, -0.3868732575892206, -0.4984888526456763, -0.4613474710852126, 0.8867187749047635, 0.029804784090383712, 0.4304887508088651, 0.2530985910543557, -0.8663835978556628
3.079724216542835, 15.295335627103219, 19.449631202159622, -0.7822243290891674, -0.39509348132348143, -0.4816910212954915, -0.4643309345981672, 0.8852204520826993, 0.027955936573368152, 0.4153575353309417, 0.2455318558358435, -0.8758950996629746
3.0424836407936553, 15.276018543226186, 19.427705134519424, -0.7899544092980928, -0.4011180869950943, -0.4637632062981032, -0.46527982683538, 0.8847423608933802, 0.02730636520751784, 0.39935787706083875, 0.23735044791658488, -0.8855382831381469
3.004828019098452, 15.256455075900442, 19.406615286600736, -0.7977958460661331, -0.40474816768323985, -0.446878852438424, -0.4645146952220866, 0.8851354110117536, 0.027593515466245753, 0.3843798719006432, 0.22959578595896282, -0.8941688258642947
2.9667776717298917, 15.23676172334916, 19.386254986006524, -0.8052410280473606, -0.40592831885774666, -0.43221416762821796, -0.4622019204415888, 0.8863100790775018, 0.028702412193747306, 0.37142465116001255, 0.22288257822215732, -0.9013140877827812
2.928352918960643, 15.217054983795537, 19.36651756033978, -0.8123582966326831, -0.4047007651206387, -0.4198705617244622, -0.4583355079573884, 0.8882516327491732, 0.030620239448293927, 0.3605586776621643, 0.21731619274503633, -0.9070673141136296
2.8895740810633717, 15.197451355462753, 19.34729633720349, -0.8192173554179879, -0.4010992277567934, -0.40988087790827965, -0.45288915966094173, 0.8909439404291237, 0.03332122558118386, 0.3518157666216285, 0.21292793265687346, -0.911530230903455
2.8504614783107414, 15.178067336573978, 19.32848464420061, -0.8258621700956166, -0.39514276478821814, -0.4022609494351667, -0.44583039093719656, 0.8943616264792231, 0.03677694384019939, 0.34523461373643477, 0.20971284299479992, -0.9147860869959125
2.8110354309754277, 15.159019425352414, 19.309975808934144, -0.832305458937056, -0.38688147861934147, -0.3969765037440989, -0.4371591757599204, 0.898451471152036, 0.0409488587588101, 0.3408217687772945, 0.2076238798550254, -0.9169148523398792
2.771316259330094, 15.140424120021237, 19.291663159007065, -0.8384717202500177, -0.37706716360420267, -0.39342792030111123, -0.4274189767745571, 0.9029051480609057, 0.04555559129354526, 0.33805057703539965, 0.20635563412854857, -0.9182260939602174
2.7313242836474085, 15.12239791880363, 19.27344002202235, -0.8442408667374268, -0.3670171721747066, -0.39058386328587613, -0.4175988947224001, 0.907247767911112, 0.05012634783160461, 0.33595910771560883, 0.20542610094432254, -0.9192016073711714
2.691079824200037, 15.10505731992278, 19.255199725582983, -0.8495208347856374, -0.3580825126871942, -0.3874161397938128, -0.4087274568836181, 0.9110464879213594, 0.054186371308718624, 0.3335509215315763, 0.20438006496178054, -0.9203111277126093
2.650603201260646, 15.08851882160186, 19.23683559729193, -0.854264204094832, -0.35144022785839946, -0.38304364744120145, -0.4017107505895255, 0.9139700956567988, 0.057333560031644026, 0.32994111969110984, 0.2028507591505103, -0.9219492540530843
2.609915331182262, 15.072876383628213, 19.218257347292475, -0.8585301410147143, -0.3471797951463808, -0.3773488926860286, -0.3966218164084925, 0.9160472391136446, 0.059570046676977045, 0.32498789472545425, 0.2008074838107042, -0.9241532463436629
2.569046320322777, 15.057876481874988, 19.199627261783323, -0.8623961307195446, -0.34499404930530425, -0.3704753968401783, -0.3932254058626342, 0.9174137041974568, 0.061039950318359765, 0.3188207864994452, 0.19832095525846627, -0.9268344538272435
2.5280334906743094, 15.042992761367664, 19.18130593985332, -0.8659229126463336, -0.3445724480331219, -0.36255666786111046, -0.3912782943984887, 0.9181898113526912, 0.061877028538213995, 0.3115747192676256, 0.19544129140120525, -0.9299053155718218
2.4869143581797655, 15.027691533644617, 19.16365931109206, -0.869160318877572, -0.34560500719097187, -0.35371954864435423, -0.3905320249725099, 0.9184855843120032, 0.06220103601957905, 0.30338931681835524, 0.19220148390573452, -0.9332810466440029
2.445719643650062, 15.011528801899134, 19.14699177997042, -0.8721526246564073, -0.3477823390866044, -0.34408900581737584, -0.3907357066367029, 0.9184041182305264, 0.06212473884312078, 0.2944068729905205, 0.18863011487209452, -0.9368795402287766
2.4044409757052976, 14.994576562728817, 19.13125379879438, -0.8749480023759181, -0.3507479526436956, -0.33382909827432117, -0.39160225912365537, 0.9180580914003987, 0.061781967138533095, 0.28480460633149884, 0.18478423777615108, -0.940606783774095
2.3630560312038504, 14.97709096759377, 19.11626949652596, -0.8776805525492377, -0.3534342176740154, -0.3236681965439629, -0.39227607194804054, 0.9177872327033637, 0.06153112109914309, 0.2753113347718914, 0.1809719571200421, -0.9441677921229157
2.321542469704451, 14.95932839629899, 19.10186284549117, -0.8805859070465978, -0.35422960514574653, -0.31478539856417936, -0.3914411757298968, 0.9181217327284485, 0.061857011202509485, 0.2670997309135987, 0.1776903788335199, -0.947145111910463
2.279877950765843, 14.941545228649488, 19.087857818015994, -0.8839319634336307, -0.35152081687199505, -0.3083786622417511, -0.38774744252827986, 0.9195975598453449, 0.06318424439103207, 0.2613736881041107, 0.17542361081716656, -0.9491629743804393
2.238040133946757, 14.92399784445026, 19.07407838642645, -0.8879303048198871, -0.343888236671246, -0.30548429495082624, -0.379992059039211, 0.9226417476831101, 0.06586532091622121, 0.259202254715508, 0.17456542072070613, -0.9499163673918877
2.196006678805929, 14.90694262350631, 19.060348523048514, -0.8924085423418776, -0.3326219770977206, -0.3049091896070841, -0.36918395073974425, 0.9267505138023915, 0.06954635636176358, 0.25944210157844355, 0.1746313417419873, -0.9498387707447796
2.1537552449020927, 14.890635945622634, 19.046492200208192, -0.8969146363760803, -0.3224262969674265, -0.3026308280367958, -0.35908931284182233, 0.9304493290864597, 0.07293086730147157, 0.2580678214290802, 0.17408425841077624, -0.9503134590841164
2.111263491793984, 14.875334190604237, 19.03233339023148, -0.9010768462864569, -0.31804747467599703, -0.29479878042263646, -0.35355511825369607, 0.9324253295741067, 0.07471133197335876, 0.25111609952981473, 0.17154826906978526, -0.952634187889608
2.068509079040338, 14.86129373825612, 19.017696065444373, -0.9044886771476539, -0.3177958523883683, -0.2844398514913786, -0.35157144631372006, 0.9331184232554323, 0.07541569013259003, 0.24144927220550108, 0.1682135677822875, -0.9557229957290908
2.025470201455725, 14.848762321930266, 19.00241137016529, -0.9068560373184014, -0.3147095563232598, -0.28030344760274245, -0.3479798227479969, 0.9343538782468733, 0.07676505171821156, 0.23774391798622121, 0.16715479461817423, -0.9568370311065083
1.9821749185466842, 14.837182167249267, 18.986978594983395, -0.9080305104694201, -0.3031300437441092, -0.28912414052849145, -0.33844710993466365, 0.93758434429531, 0.07993216567319437, 0.24684842684027394, 0.17043407497336846, -0.953948677998169
1.9387410044089455, 14.824546262064294, 18.97309913293454, -0.9086734229701874, -0.28695958033398167, -0.3032603001419543, -0.32552389373062446, 0.9417746439530046, 0.08423012891860243, 0.261432218745311, 0.17525615327781346, -0.9491777893209298
1.8953003745133306, 14.80887152957863, 18.962414206137765, -0.9099528938044781, -0.2720584298260528, -0.3130015044970853, -0.31313585984243225, 0.9455802832518305, 0.08845259298702592, 0.27190377771850993, 0.17849968819572368, -0.9456247654204244
1.8520675286283101, 14.791216005860388, 18.95334357491768, -0.9121613021344953, -0.2598022213768363, -0.3169614561046238, -0.30225092547024474, 0.9487629196370376, 0.09215910358822162, 0.2767781366739117, 0.17986586137859897, -0.94395028204342
1.8093268685536217, 14.775211823659877, 18.94158024972618, -0.9152453276893603, -0.25052216349917816, -0.31553864381163577, -0.2932037187193406, 0.9513008464817553, 0.09517499047673084, 0.27632873443046996, 0.17962556911193633, -0.9441276849289337
1.7672258213452858, 14.763780651894994, 18.92386089938616, -0.9190514325013185, -0.2427549069093576, -0.31050687526801035, -0.2849463285840315, 0.9535282394120074, 0.09792592338251759, 0.27230507568489376, 0.1784767542714365, -0.9455136138316453
1.7251084834296657, 14.755274673993554, 18.903442636601135, -0.923329738759073, -0.23187370583263797, -0.30609929445613115, -0.27387258899368144, 0.9563789501779321, 0.10165189941390504, 0.2691765192601317, 0.17769042799204438, -0.9465569783584104
1.6822383350495704, 14.74708108841532, 18.884755533377707, -0.9277090813672236, -0.21329034680090403, -0.3063708346274694, -0.2563338964309264, 0.960598393561295, 0.10744142510223306, 0.2713831127563415, 0.1782076155752322, -0.9458293989201588
1.6385795946389856, 14.738857657978405, 18.86829858649406, -0.9322301216599869, -0.1890202417664874, -0.30857470484850935, -0.2337676489184675, 0.9654899677579553, 0.11481205719729418, 0.2762239790259676, 0.179166041317213, -0.9442456476202475
1.5942447714312082, 14.730742833361745, 18.853738701622095, -0.9378298201129808, -0.16657865334473898, -0.3045107235496107, -0.21179175956674068, 0.9696932448116089, 0.12181650769233618, 0.2749899617922044, 0.17873601544340856, -0.9446872274445842
1.5493463746595284, 14.722875065244244, 18.840742784433658, -0.9453929778766303, -0.15316372388210772, -0.2877029563075823, -0.19600403550214826, 0.9724247313544687, 0.12638259341009714, 0.26041224135671837, 0.1758721567979275, -0.9493442205095134
1.5039969135572424, 14.715392804304837, 18.82897774060063, -0.9529918680238163, -0.1461853831067158, -0.2653984424340504, -0.18539938848022508, 0.9741376797879209, 0.12916209803407805, 0.23965301214805507, 0.1722951380142485, -0.9554479678062094
1.4583088973576377, 14.708434501222438, 18.81811047579488, -0.9587101735399366, -0.14094428515236296, -0.24700103569401066, -0.17723523385924866, 0.9753629769540485, 0.13135728021770898, 0.22240160752539984, 0.16971084723795848, -0.9600707022401488
1.4123948352940174, 14.702138606675966, 18.807807895688285, -0.9624760867759932, -0.13768769076999277, -0.23384157499212516, -0.17192185534606963, 0.9761075757435167, 0.13287917907061328, 0.20995870555596396, 0.16809550971558357, -0.9631517230295144
1.3663631592007093, 14.696561697555978, 18.797767826230604, -0.964468067622679, -0.13767256580772244, -0.22549414883782173, -0.17055077633391455, 0.9762748704105441, 0.1334159289469376, 0.20177655767723468, 0.16713360532458332, -0.965066100711828
1.3203029499967414, 14.691371786190356, 18.78783483782427, -0.9649477102370061, -0.1414236271636968, -0.22107752981301068, -0.17346324191946683, 0.9758346638531218, 0.13288044448094435, 0.1969426825529384, 0.16657150567407528, -0.9661612253067933
1.2742975538873946, 14.686121732393294, 18.777896989121075, -0.9651727755771785, -0.14551685170213882, -0.2174082775685944, -0.17682378784036967, 0.9753251105064311, 0.13219030550460864, 0.1928078352620277, 0.1660294392158077, -0.9670880849101882
1.228430316183042, 14.680364378009335, 18.7678423455592, -0.96627148682248, -0.14634587856403403, -0.21190162241284222, -0.17672250221851382, 0.9753342366823023, 0.13225839846670662, 0.18731943562668868, 0.16524530426814482, -0.9683002728770799
1.1827845821940568, 14.673652564883003, 18.757558972576795, -0.9673632737158753, -0.14544314516619194, -0.20749599559960336, -0.17512460375757458, 0.9755729330684549, 0.13262286915522747, 0.18313838981616362, 0.164632146886257, -0.9692040994481839
1.137443697230807, 14.66553913485884, 18.74693493561205, -0.9681083141677759, -0.14421963517989642, -0.20485846057169446, -0.17350428363331585, 0.975815755072301, 0.13296569374678913, 0.1807278495421135, 0.16426901406306854, -0.9697180700691468
1.0923965473639679, 14.655909913299551, 18.736050261232258, -0.9686073519108632, -0.1427549741176843, -0.20352104360209172, -0.17186290091537526, 0.9760599763899733, 0.13330441019919995, 0.17961887738536042, 0.1640973487118666, -0.9699531530092363
1.0471024428798532, 14.646517562611628, 18.726061185868833, -0.9689678232951706, -0.14088418748391335, -0.20310835319015474, -0.16998032055592763, 0.9763357631356705, 0.133698048774064, 0.1794660080414204, 0.16407353028226543, -0.9699854785605769
1.0010766637873467, 14.639194833062241, 18.717840939226658, -0.9692919747646782, -0.13843785216072663, -0.20324376680704195, -0.16763030279456953, 0.9766739996468715, 0.13419381505413575, 0.17992539910138142, 0.16414280216600258, -0.9698886488949653
0.9548117960343662, 14.633349306079051, 18.709659597107045, -0.9696785176004304, -0.13524430120353373, -0.2035498747142812, -0.1645828784052546, 0.9771045533923995, 0.13483014453630446, 0.18065450074679268, 0.16424271896132084, -0.9697361912541574
0.9085466244944924, 14.628366565047216, 18.700893249926864, -0.9702218758081175, -0.13113563852302468, -0.2036491002006549, -0.16061242167020454, 0.9776518541302314, 0.13564845049226743, 0.18130957423316119, 0.1643176692412576, -0.9696012282719688
0.8623215690922625, 14.623878838794363, 18.691608371415633, -0.9708421116248288, -0.12659001338113732, -0.20356955275287827, -0.15618688978279274, 0.9782435216013795, 0.13654767630724862, 0.18185502400489562, 0.16436112970253908, -0.9694917066623541
0.8161767943328692, 14.619518673753573, 18.681872324243983, -0.9706101074643464, -0.12513459006817615, -0.20556593505860668, -0.1551008574403505, 0.9783872013671358, 0.13675601713362365, 0.18401017175503612, 0.16462022527457976, -0.9690409888757178
0.7701524647215185, 14.614918616357956, 18.67175247108255, -0.9687661735981864, -0.12987048579536634, -0.2112480954025477, -0.16062804698073574, 0.977658078229372, 0.13558507512261722, 0.18891990740809428, 0.16528260341647194, -0.9679829180273744
0.7242887447634032, 14.609711213040608, 18.66131617460196, -0.9663393981060022, -0.13873054429516452, -0.21666103421634608, -0.17009847360757627, 0.9763422085980992, 0.13350056549003295, 0.19301470654979114, 0.16586056731288867, -0.9670757960295278
0.6786257989637201, 14.603529010234622, 18.65063079747285, -0.963911524428783, -0.14961152603801564, -0.22020664011322594, -0.18120733911040662, 0.9746827542285883, 0.13098636899272967, 0.19503454392980168, 0.16616232992453375, -0.9666186459965196
0.6331981731319122, 14.596038776775618, 18.639766242351396, -0.9617280767618192, -0.16093810836416966, -0.22176120410066213, -0.19241427259413832, 0.9728752704953357, 0.1284151695116125, 0.19507909695833986, 0.1661704947780752, -0.9666082518761819
0.5879713043341019, 14.587328209653139, 18.62882365316689, -0.9600905477308203, -0.1711414999143017, -0.2212164712787378, -0.20218962507087965, 0.9711854908279975, 0.12616694463637718, 0.19324982709340438, 0.1658593663688145, -0.9670290455390184
0.542864174411392, 14.577767955758109, 18.617925174380606, -0.959347565638788, -0.17866285604948212, -0.21847615927412592, -0.20901333171959313, 0.9699413387227303, 0.12460829266237987, 0.18964618495083563, 0.16520709217524535, -0.9678537809135188
0.4977949024819871, 14.567733916661902, 18.607193340456, -0.9598609388326598, -0.18195206443731585, -0.2134488799461915, -0.21137142651483537, 0.9694977571042461, 0.1240815015339507, 0.18436132500166186, 0.16421798079636438, -0.9690424947476745
0.4526816076640789, 14.557601993935872, 18.59675068585654, -0.9617706823659524, -0.18003710141352602, -0.20635841794301987, -0.20835448622370123, 0.9700660199445859, 0.12474103181923685, 0.17772327537997887, 0.1629679694402741, -0.9704925957083476
0.40744240907586404, 14.547748089151407, 18.586719745045702, -0.9645230056524957, -0.17400748436180066, -0.19853656326519134, -0.2012246048238991, 0.9713795517940809, 0.12621578653162252, 0.17089186633816508, 0.1616884712724075, -0.9719325122029053
0.3619954258355383, 14.538548103879855, 18.577223052486946, -0.9672803901853224, -0.16627513953767736, -0.19162782870620915, -0.19258347246030252, 0.9729078514633256, 0.12791371582495592, 0.1651673481595628, 0.16063278162548764, -0.9730965299337967
0.31625877706129785, 14.530377939692588, 18.568383142643732, -0.969195623349635, -0.15987991812735508, -0.18734528405994832, -0.18566534737934592, 0.974078100467001, 0.12922938123006575, 0.16182775553785353, 0.16003207794123375, -0.9737563923114403
0.27015058823668986, 14.523613474669332, 18.5603225367693, -0.9699074820396834, -0.15660855275121213, -0.1864222022416105, -0.18233182605826587, 0.9746223193601673, 0.12987085820639832, 0.1613523519806867, 0.15995341762581675, -0.9738482031097668
0.22366369107932596, 14.518354879730055, 18.553008715574126, -0.9697200152104268, -0.15602931390751168, -0.18787747417357095, -0.18200384210960846, 0.9746726579477013, 0.1299531119539051, 0.16284254222294112, 0.16021255584602176, -0.9735575193031252
0.17705128683687152, 14.513741418790055, 18.5458688054897, -0.9689567729785021, -0.15749903220766925, -0.19056974301482074, -0.18386820591364753, 0.9743695335837367, 0.12960129196079806, 0.16527327355983418, 0.16061776638173952, -0.9730810234350258
0.13062326503440863, 14.508703144791063, 18.538212285720224, -0.9679273258289942, -0.16039147380051072, -0.19336821622394978, -0.18713231069959665, 0.9738336745221032, 0.12895531264359666, 0.1676251478918415, 0.16100481203640538, -0.972614651491206
0.0846870208711955, 14.502177833106506, 18.52935460874623, -0.9668274279744914, -0.1644450964531038, -0.19545468725195375, -0.1914110333803593, 0.9731148810814614, 0.12809857344278397, 0.1691346824766956, 0.16126139795481972, -0.9723107634461138
0.039354580442817526, 14.493708121770759, 18.519079086391546, -0.9654654306435396, -0.17051348171316835, -0.19698135644354167, -0.1975595714602973, 0.972047233395362, 0.12686367396873752, 0.16984321581007672, 0.16139804398590296, -0.9721645711713713
-0.005594548536891367, 14.483866125585083, 18.507965327482882, -0.9637160205517167, -0.1790693198089597, -0.19795355625782415, -0.20603683645547455, 0.9705091115296064, 0.1251434635186112, 0.16970637511709183, 0.16138848515668783, -0.9721900550321663
-0.05041323853140446, 14.473324208365742, 18.49667048314102, -0.9620474771522617, -0.18856547215884462, -0.19725038508068993, -0.21515846527569277, 0.9687669092381443, 0.12327818292537271, 0.16784363713044642, 0.16103955500027048, -0.9725712185748343
-0.09535433119071875, 14.46275465245394, 18.485851633772118, -0.9611039548060281, -0.19704725610745394, -0.19352407322277967, -0.22281424859858473, 0.9672310699264746, 0.12172866544218448, 0.16319619688479392, 0.16011382273061456, -0.9735145428255959
-0.14060628640484427, 14.452659505902615, 18.476018108370123, -0.9615517058277836, -0.20257078835398323, -0.18542759429309696, -0.2269109300075224, 0.9663763038255007, 0.12094738214482013, 0.15469242664979083, 0.15837270948686077, -0.9751863093927178
-0.18615753440122945, 14.443011910639143, 18.46722018253988, -0.9635488711795711, -0.20442926910779113, -0.17257533653633347, -0.22671297748542568, 0.9664130536924354, 0.1210249374821361, 0.1420380184607885, 0.1557385102821919, -0.9775329752631449
-0.2319577715364696, 14.433682590872953, 18.459419240496523, -0.966401605804, -0.20408377172883302, -0.15626180088679353, -0.22386276160097168, 0.9670148951500505, 0.12152224704276808, 0.1263067704750496, 0.15242049296230023, -0.9802115042465543
-0.2779566941671602, 14.42454227081348, 18.45257666645519, -0.96936746283169, -0.2032159803650351, -0.13794922010482646, -0.22025004093002928, 0.9677792671432047, 0.12203773825371414, 0.10870437651526554, 0.1486827340750744, -0.9828920607647557
-0.32410399864989664, 14.415461674670162, 18.446653844631015, -0.9717997993394568, -0.20351824831073506, -0.11910278169850434, -0.21777688843851925, 0.9683038304245272, 0.12231483494337551, 0.09043437878278555, 0.1448033652568836, -0.9853190389637527
-0.3703493813412788, 14.40631152665243, 18.441612159239128, -0.9732783885960715, -0.20627358593589, -0.10089789907120716, -0.217891765985721, 0.9682815905054047, 0.12228630260150715, 0.07247314404286803, 0.14100343695624085, -0.98735286203012
-0.41664253859789296, 14.396962550969711, 18.43741299449467, -0.9738565100838998, -0.21120746646913766, -0.0836355419358008, -0.2203676271556882, 0.9677454117781232, 0.12209392648351658, 0.055150763086095365, 0.1373325310699502, -0.9889884575873182
-0.4629331667763392, 14.387285471831445, 18.434017734612773, -0.9736934241864684, -0.21764533022570834, -0.06746573891222603, -0.22455038746191952, 0.9668143934692606, 0.12184847997151001, 0.038707094785479394, 0.13379252150852095, -0.9902531605613082
-0.5091709622332128, 14.377151013447056, 18.431387763808562, -0.9729609931051709, -0.224914614041813, -0.052538769363412875, -0.2297830336338324, 0.9656144724507181, 0.12160776310644979, 0.02338083295848649, 0.13039212776906303, -0.9911867783954867
-0.5553056213251093, 14.36642990002599, 18.429484466297193, -0.9718504690654237, -0.23234725392593103, -0.0390053761729692, -0.23541070573698944, 0.9642842649600738, 0.12139874783053868, 0.009405604803970544, 0.12716371315547953, -0.99183714623661
-0.6012952058482856, 14.355022672197958, 18.428262519277816, -0.9705745407034445, -0.23928054035519802, -0.027016364404229564, -0.24078227529161708, 0.9629777737950397, 0.1212340838301725, -0.0029927986383305153, 0.12417177692243044, -0.9922562234484784
-0.6471545329102306, 14.343032160045684, 18.427631096211076, -0.9693645105120492, -0.2450567658457143, -0.01672205947166321, -0.24524999977698742, 0.9618638854287213, 0.1211210283862853, -0.013597182396465913, 0.12151151147608366, -0.9924968862468411
-0.6929220005813158, 14.330645241822504, 18.42748046445095, -0.96846266486914, -0.24902136422735066, -0.008272056147835367, -0.24816815024424949, 0.9611231373550946, 0.12105735849194699, -0.022195404004239062, 0.11929239288005467, -0.9926110462019045
-0.7386360836989807, 14.318049069397931, 18.42770082980318, -0.9681098844694016, -0.2505193719231083, -0.0018154569378629366, -0.24889082899696405, 0.9609394329488088, 0.12103206783834536, -0.028576333457004322, 0.1176241917943463, -0.9926469375719048
-0.7843352571006776, 14.305430794641472, 18.428182398073506, -0.9685284219397191, -0.24889044459620216, 0.0024984962802166812, -0.24676894690686282, 0.9614877458650563, 0.12102231775094562, -0.03252357202761347, 0.11659700313489083, -0.9926466421252463
-0.8300579956238548, 14.292977569422636, 18.428815375067657, -0.9698835991745828, -0.24352668730426844, 0.00453394119571638, -0.2412076856738079, 0.9629005902300087, 0.12100126324376238, -0.03383277145080865, 0.11626351923673153, -0.9926419987440828
-0.8758427741059609, 14.280876545610933, 18.42948996659138, -0.9721603652819923, -0.23427732408353497, 0.004284809802260954, -0.23205531098905038, 0.9651521851940844, 0.12096111795473409, -0.03247394057638113, 0.11659929174459985, -0.9926479982088814
-0.9217280673844432, 14.269314875075864, 18.430096378450404, -0.974901510019699, -0.2226162974771381, 0.0030049723594312173, -0.2206293191757775, 0.9678322819489429, 0.12092715798171605, -0.02982866543014439, 0.11722908391296236, -0.9926568352676489
-0.9677523502967552, 14.258479709686943, 18.43052481645048, -0.9774301989319147, -0.21124285414602392, 0.002581237718476604, -0.20938888780578424, 0.9703291654976867, 0.1209032846866445, -0.028044605174156606, 0.1176340391077547, -0.9926609355483982
-1.0139540976803354, 14.248558201313678, 18.43066548639733, -0.9795177086809591, -0.20134125103309236, 0.002599810153250808, -0.1995578405539879, 0.9724022623786781, 0.12087393595915381, -0.026864970758086065, 0.11787934828992629, -0.992664461231946
-1.0603717843726375, 14.23973750182558, 18.430408594096715, -0.9810332000366305, -0.19382671529857035, 0.0022505249288437973, -0.1921399862838218, 0.9738990988603807, 0.12084192529826322, -0.02561417765108137, 0.1181175248449832, -0.9926692118866958
-1.1070407064271526, 14.23218526637963, 18.429660413237137, -0.981857909339042, -0.18961678365281875, 0.0007219595040768313, -0.1881421006023242, 0.9746818516558233, 0.12082151312461073, -0.023613467541009642, 0.1184937273020631, -0.9926739851233909
-1.1538819514943943, 14.225368810423376, 18.428904088885275, -0.9818661655706497, -0.18955568599289388, -0.0027340108545852396, -0.18849219199013026, 0.9746148866391801, 0.12081604322296811, -0.020236760272964963, 0.11914052479765916, -0.9926711484094786
-1.200708321675601, 14.21817601746254, 18.428923601675077, -0.9811210896629294, -0.1932421275900494, -0.007673821935459233, -0.19274235205433785, 0.9737871850245047, 0.12078453546134445, -0.01586799115161583, 0.1199833255353516, -0.9926490862587293
-1.2474173363754448, 14.210241527456953, 18.429413782284094, -0.9798759346519866, -0.19920828213283343, -0.012617964161499804, -0.1992600916725965, 0.9724862492236565, 0.12068931575550863, -0.011771514623186518, 0.12077481277397976, -0.9926101329539642
-1.2939220687068882, 14.201333047535018, 18.429881235541668, -0.9784289690462894, -0.20595903401641164, -0.016050820478771318, -0.2063766441228392, 0.9710180437386717, 0.12055139772942468, -0.009243013123983408, 0.12126349426331716, -0.9925773177276621
-1.3401355917828779, 14.191218284825139, 18.429832566277124, -0.9770795604121157, -0.21217042739479755, -0.017298623181505633, -0.21269331417071102, 0.9696678506826655, 0.12044008244574982, -0.008779905007799493, 0.12135884430715695, -0.9925698686623956
-1.385980487470217, 14.179696414574732, 18.428805381655692, -0.9758894867577049, -0.21694812960431345, -0.023941986069940305, -0.2182456611988047, 0.968444887864321, 0.12034670970724237, -0.0029224995602670292, 0.12267032334942596, -0.9924431725623727
-1.4315517613763118, 14.167137228420938, 18.426899459113308, -0.9749274028292001, -0.2187711304130317, -0.04069092909377746, -0.22213905680739657, 0.9675739702014715, 0.12022833122555648, 0.013068995884565438, 0.126252939317729, -0.9919119903802974
-1.4770944846923921, 14.154407142661572, 18.42470384983433, -0.9741751265262681, -0.21720471047182857, -0.06168416819880509, -0.22328480242241824, 0.9673174406475036, 0.1201701544741659, 0.03356664810062216, 0.1308399127484132, -0.9908351009967686
-1.5228587386771009, 14.142389153831981, 18.422823939824195, -0.9739433927206055, -0.21209826016482092, -0.08030314944591121, -0.2207031051924587, 0.9678859838181864, 0.120361379548043, 0.052195853611977046, 0.1349483247890002, -0.9894769034708994
-1.569030075882374, 14.131872769526066, 18.42148309578875, -0.9747528882823591, -0.20340919728437734, -0.09209508806295849, -0.21371843269775495, 0.9693730160310051, 0.12099746822213969, 0.06466249539272372, 0.13762504950436086, -0.9883714420391295
-1.6152292075174206, 14.122812392946114, 18.417593508834386, -0.976763683196908, -0.19119042475005107, -0.09684486910262909, -0.20230351369723218, 0.9716784083917636, 0.12212435879464356, 0.07075306024027579, 0.13887869580732715, -0.9877786757758501
-1.6611939462221021, 14.114844973653891, 18.409712711456788, -0.9795768943896905, -0.17666645441773915, -0.09601079033792981, -0.18784165711796938, 0.9743980189311566, 0.12354761249903894, 0.07172600524931148, 0.13905921251935216, -0.9876831048390337
-1.7071381764841, 14.107745954600574, 18.400294076168343, -0.9824678261228876, -0.1620976414556743, -0.09209411092939068, -0.1729043989689943, 0.9769816317202978, 0.12494382777198419, 0.06972115497134362, 0.13867676775744397, -0.9878804151484176
-1.7533004744220249, 14.101298502788993, 18.39199090586858, -0.9848278410695808, -0.14978595420164711, -0.08762586021335643, -0.1601195605002237, 0.9790125345388576, 0.12608006805604693, 0.06690179219904213, 0.1381977754513592, -0.9881424619258359
-1.7998115871125233, 14.095291718578515, 18.386392800719676, -0.9862902583957475, -0.14185031896740105, -0.08432089422258436, -0.15182251336529315, 0.9802372309855751, 0.12682624107485682, 0.06466413711706874, 0.13788929617116366, -0.9883345037851943
-1.8466033309820293, 14.089525648604607, 18.38312696677068, -0.9873645678158708, -0.13857833543734754, -0.07685867009773681, -0.14756318144756667, 0.9808408481030495, 0.12718623421409667, 0.057760866534802516, 0.13692069105838067, -0.9888965601402627
-1.8935860655266534, 14.083801520182986, 18.381608943574197, -0.9881737153435053, -0.13961873756309318, -0.06339807903636513, -0.1467623073881784, 0.9809531132418552, 0.1272470618568847, 0.044424468869204495, 0.1350466502450176, -0.9898428505693664
-1.9406701502424892, 14.077920560629346, 18.381254270682817, -0.9881627714698721, -0.14491021692297743, -0.05035241913073158, -0.15025588659851893, 0.9804380003320424, 0.1271396714145473, 0.030943587760217228, 0.13320043744763624, -0.9906059447834362
-1.9877659446256457, 14.071683997259392, 18.381478487649147, -0.987631548070502, -0.15319832000162686, -0.03337963457773008, -0.15623271431867164, 0.9795205441095154, 0.12700725429682821, 0.013238739837461473, 0.13065136209040454, -0.9913399807086558
-2.034783808172227, 14.064893057388826, 18.381697134025785, -0.986696053894265, -0.16191093147494315, -0.014688345665939274, -0.16245803962054686, 0.9785104062436811, 0.1269833462918467, -0.006187292795292317, 0.12768020653861153, -0.9917960890556703
-2.081634100378338, 14.057348968333356, 18.381325749365335, -0.985388150111012, -0.17032120697186434, 0.0009381238965145215, -0.16882408336613208, 0.9774262582906912, 0.127028888365774, -0.022552660516736118, 0.12501438341049537, -0.9918985741718307
-2.1282271807400814, 14.04885295740868, 18.3797798732204, -0.9839266347767295, -0.17804500811811544, 0.013724156118337017, -0.1749006251715659, 0.976347411539285, 0.1271043008522268, -0.03602983057878151, 0.12266094351813121, -0.9917944062373544
-2.174475711256159, 14.039210252088964, 18.37651797888054, -0.9825047157486135, -0.18469753777672301, 0.02390194701174072, -0.18026065189207743, 0.9753616190987502, 0.12718415533590618, -0.04680364207173811, 0.12065045183620574, -0.9915910888872187
-2.2205966141547857, 14.028818465815222, 18.37622604064454, -0.981292869840447, -0.1898941154546467, 0.03169429784672654, -0.18448128991561816, 0.9745621349351414, 0.12726075130113293, -0.05505413037519849, 0.11903306291260622, -0.9913627855947964
-2.2668140460682507, 14.018667241362323, 18.379458257554916, -0.9804404013683696, -0.19324723865578183, 0.037311179511584316, -0.1871417871092526, 0.9740468679085621, 0.12732105338503638, -0.060947279530636486, 0.11784822387051666, -0.9911595357198452
-2.313088468776662, 14.00890714733119, 18.38358506383612, -0.9800743477630418, -0.19436269700858588, 0.04095625554658164, -0.187820832151343, 0.9739161625069576, 0.12732102504181478, -0.06463441704560592, 0.11709163257581652, -0.9910156112362231
-2.3594201981694534, 13.99952150711078, 18.388123310132503, -0.9802949795216674, -0.192837990149501, 0.042839965916355416, -0.1860918785092629, 0.9742620883526607, 0.1272131909497048, -0.066268890721871, 0.11673428268427946, -0.99094981778528
-2.4058095507823527, 13.990493642038807, 18.392589878112368, -0.9811684572092597, -0.1882804278129415, 0.04311541580661002, -0.1815456288133122, 0.9751498787243505, 0.12697991448517917, -0.06595182511788597, 0.11676127151782854, -0.9909677907163077
-2.452256843151085, 13.98180687345297, 18.396501649444005, -0.9825514233065116, -0.18283018148608096, 0.03414418392808638, -0.17719638259655118, 0.9759656095311264, 0.12685649769417962, -0.05651674577543319, 0.1185928064863272, -0.99133324553182
-2.4987623918113786, 13.973444522690988, 18.399375505795728, -0.9828985269592121, -0.18249933913970584, 0.024586112238045785, -0.17800404810593795, 0.9757986266594911, 0.12701023213643048, -0.04717037798566037, 0.120461742570086, -0.9915966538959621
-2.545326513298965, 13.96538991109056, 18.400728328835825, -0.981717908542877, -0.18871268814349274, 0.02484893116124299, -0.18413148694853826, 0.9746355360266189, 0.1272052177712285, -0.04822388993351354, 0.12030416970231013, -0.9915651078935354
-2.5919495241495625, 13.957626359989407, 18.400077000232613, -0.9795372434868631, -0.19858747531480753, 0.03270784722736287, -0.1929842384270036, 0.9728898199867043, 0.12744599595510062, -0.057130310176886294, 0.11852600058353775, -0.9913060651709763
-2.6386312351683046, 13.950135474941172, 18.39694326269195, -0.9768243555338255, -0.20913170660439037, 0.045586266886659454, -0.20192537594730794, 0.9710251869545071, 0.127813257718058, -0.0709952180394208, 0.11564607901999772, -0.9907500509325425
-2.6852113014465786, 13.942355503788592, 18.39238826141234, -0.9741600389339022, -0.21743640724045668, 0.061103415212738925, -0.20837509973989235, 0.9696039405296639, 0.12824981995206824, -0.08713229224970503, 0.11220341935837022, -0.9898577455026565
-2.73115415514095, 13.93245438208666, 18.391108270278206, -0.9723859447157681, -0.2205158522641168, 0.07640898781853754, -0.20971910617389902, 0.9692868185315835, 0.12845606224130482, -0.10238882275348256, 0.10888444480802267, -0.9887672661723813
-2.776281337863393, 13.919901440120611, 18.395315774448946, -0.9726504441587832, -0.21654081361125457, 0.08403088431224386, -0.20496354155834007, 0.9703526441787964, 0.12808470856070495, -0.10927515778796386, 0.10735838102260133, -0.9881969024008432
-2.820915717169717, 13.905975470749361, 18.403551675420967, -0.9746083562940069, -0.20710671462170513, 0.08511968397790057, -0.19551870107759672, 0.9724013151771189, 0.12731111408961476, -0.10913747922150044, 0.10743598559334358, -0.9882036832701867
-2.8654101621580117, 13.892063553004936, 18.414137151027997, -0.9773398296309396, -0.19429631595195368, 0.08399880370853216, -0.18295631490037123, 0.9749574009695794, 0.12643200992121897, -0.10646052909431811, 0.10819892745374873, -0.9884124381263201
-2.910117541926386, 13.879552765919367, 18.42539337910377, -0.9804756102881866, -0.17890635407049235, 0.08160939960085095, -0.16796213971600743, 0.9777661846989383, 0.12554683461283306, -0.10225603772896817, 0.10938831990886994, -0.9887253907003131
-2.9553995651206963, 13.869833333884388, 18.435431288276494, -0.9847409137988811, -0.15887703980994172, 0.0710170325469525, -0.14927879289794674, 0.9809202532469918, 0.12454436462879205, -0.089449285528039, 0.11204259453925446, -0.9896692792682997
-3.001582038068609, 13.86371510020877, 18.44030343192939, -0.9895951403245195, -0.13486496797581438, 0.050128820642194, -0.1278467580367903, 0.9840563969224162, 0.12364551805688148, -0.06600503545622177, 0.1159501965886853, -0.9910594771281228
-3.048523261075067, 13.860467008046577, 18.44012939152058, -0.9935305099718597, -0.11098621807834211, 0.0240662658450215, -0.10722531509623846, 0.9865743325464968, 0.12318205292552421, -0.03741467035226875, 0.1198046149240544, -0.9920922319448581
-3.0959823167003333, 13.8591274058804, 18.43638663971903, -0.995928966141618, -0.09006895034731473, -0.003616432416206384, -0.08982728920527164, 0.9883110943249719, 0.12317564267422809, -0.007520140565210398, 0.12299904478291522, -0.9923782960486238
-3.1437182875046714, 13.858734642192825, 18.430552649193718, -0.9967699119400705, -0.07451361171855866, -0.029957708851648782, -0.07766547979628695, 0.989309915706991, 0.12342594513245113, 0.020440545467203648, 0.12535394829235405, -0.991901492966172
-3.191490256048337, 13.858327065466444, 18.424104892613627, -0.9964347128299751, -0.06665200527690182, -0.051724010478817535, -0.07261393416472643, 0.989676547029962, 0.12356192303445311, 0.042954390143101207, 0.12687727318719927, -0.9909879302574857
-3.2390589612199645, 13.856948907933205, 18.4185121464342, -0.9958338958994292, -0.06779470249317877, -0.06098139135528362, -0.07491124127951884, 0.9895505111392046, 0.12319939867588928, 0.051991900405030336, 0.1272543288772542, -0.9905065260129653
-3.2863051564572148, 13.85407072763071, 18.414613075255154, -0.9954184498464392, -0.076051515420578, -0.05795064026864249, -0.08269592627502567, 0.9890125694186626, 0.12253783623604034, 0.04799472348943724, 0.1267687048688623, -0.9907705092416931
-3.3333085662019197, 13.849869884183006, 18.412201687093333, -0.9949872766303346, -0.08879218624078096, -0.046002902151196755, -0.09381426726255603, 0.9880960213964652, 0.1219226630223683, 0.0346295047862343, 0.1256272269974098, -0.991472943269357
-3.3801676163464087, 13.84459024316374, 18.410973745998593, -0.9942318803389174, -0.10339303268222914, -0.028510505265816822, -0.10611601476542282, 0.9868948039825894, 0.12156495088005763, 0.015567900566397497, 0.12388917089454493, -0.9921739332430666
-3.426962111030348, 13.838469704171958, 18.410676812332724, -0.9930529891297134, -0.1173444773339526, -0.00871977177240854, -0.11753175402684467, 0.9856105579828021, 0.1214829814756077, -0.005661057844139164, 0.12166388795386678, -0.9925552129690491
-3.4737195359629354, 13.83172940520358, 18.411203969910364, -0.9916921197453014, -0.12822824480834705, 0.010210625271819398, -0.12605302262078386, 0.9845484286765877, 0.1215525691979666, -0.02563932766737565, 0.11925564483005792, -0.9925324760696409
-3.5204582566396456, 13.824587562351093, 18.412473670374993, -0.9905643673303962, -0.13449005848289627, 0.026356371992350504, -0.13036064022624091, 0.9839809397538319, 0.12160433249259738, -0.04228874147023761, 0.11702108515320109, -0.9922286671803182
-3.567196638555967, 13.817262391706974, 18.414404365370107, -0.9898993769612565, -0.13603536215620282, 0.03991996661755794, -0.13032347499956906, 0.9839960865119944, 0.12152157665664252, -0.0558123226156456, 0.11509162424829307, -0.9917857140895592
-3.6139530472073824, 13.809972109363697, 18.416914506539168, -0.9897349146390074, -0.1332653605765032, 0.0516250173358925, -0.1262452397043189, 0.9845628531180893, 0.12123583509823627, -0.06698461163965708, 0.11347392621383229, -0.9912803487778329
-3.660745848089374, 13.80293493141374, 18.419922545525658, -0.9893908586733037, -0.12995726551174386, 0.06493718437392328, -0.12147492493265187, 0.9852080926682896, 0.12086710368631164, -0.0796841978456795, 0.111696567904395, -0.9905424298494586
-3.707593406697428, 13.796369073949583, 18.42334693397307, -0.987822725001418, -0.13122559581908952, 0.08358293469780848, -0.12068143800029049, 0.9853264868326209, 0.12069674754634842, -0.0981949820151478, 0.1091400813084262, -0.989164388844966
-3.7545140885270296, 13.790492753063699, 18.42710612352488, -0.9857563557800091, -0.13545769515324407, 0.0996775795406723, -0.12313386568103694, 0.9850038308242776, 0.12085323489233696, -0.11455329834518342, 0.10685815872112349, -0.9876532163431508
-3.801526259073654, 13.785524184848569, 18.431118565824566, -0.9843230650188469, -0.13993785325982727, 0.1073568856521741, -0.1267400554110313, 0.9844992256045214, 0.12123626989686895, -0.12265831413447542, 0.1057292391400259, -0.9868010265319751
-3.848607175639077, 13.781523450437723, 18.43543417057535, -0.9835701479227227, -0.14440393597276144, 0.10833866987760322, -0.13104027548320532, 0.9838750516493733, 0.12173055878960201, -0.12417008623883342, 0.10553381456915938, -0.9866328616389802
-3.895319693498093, 13.776956509656845, 18.44142804524512, -0.9833445319296003, -0.14866299685055534, 0.1045602452730818, -0.13564300552311412, 0.9831894704839089, 0.12222700267218883, -0.12097316469701738, 0.10600838880476673, -0.9869790853539937
-3.941101007300704, 13.769647693325531, 18.45074202678204, -0.9834361997336009, -0.15252633746012348, 0.09792322214129724, -0.14016655799942193, 0.9824996219266531, 0.12266959253449249, -0.11491987239867604, 0.10691215690923217, -0.9876047861532912
-3.986638239051715, 13.760539400285381, 18.459588514396483, -0.9836509197104839, -0.15580444175175653, 0.09030971200896797, -0.1442251615603288, 0.9818655694495758, 0.1230410756713267, -0.10784234291601923, 0.1080045344413076, -0.9882838912045973
-4.0325695452602695, 13.75112356531648, 18.465132842587927, -0.9838440576286929, -0.15830252922068383, 0.0836132735338342, -0.14742180821100284, 0.9813558967743136, 0.12331834547252601, -0.10157598501864278, 0.10899960141494791, -0.9888384125623737
-4.078852902377253, 13.741741806420142, 18.468097662611807, -0.9839866230729708, -0.15953535174042063, 0.07949086210698507, -0.14909126925155872, 0.9810856891688208, 0.12346118394499198, -0.09768377063980821, 0.1096327599451925, -0.9891605223119194
-4.125427736133175, 13.732704089022414, 18.469302337081512, -0.9841913900407051, -0.1590062962802865, 0.07800195839189153, -0.14873040735961762, 0.9811428860544156, 0.12344190160336212, -0.0961591061542631, 0.10988919368180694, -0.9892814520729556
-4.17223347225856, 13.724320378549347, 18.469566228610443, -0.9845777597082792, -0.15680665513908565, 0.07757775449133493, -0.1466000560900792, 0.9814834816946991, 0.12328259696663131, -0.09547281624740946, 0.11000839997265248, -0.9893346720363364
-4.219209536483924, 13.71690064042698, 18.46970869981198, -0.9844673680248964, -0.15446350715217436, 0.0834567328163721, -0.14363604809686142, 0.9819493276166357, 0.12306178805930446, -0.10095883805417555, 0.10916291930636174, -0.9888835978350857
-4.266295354539788, 13.710754840081364, 18.470549113299533, -0.9831277749641311, -0.15411924270393915, 0.09852429711721514, -0.14166740571992795, 0.9822569351142344, 0.12288880981023496, -0.11571570442538176, 0.10685772058375133, -0.9875177483473311
-4.313425601993647, 13.7061716812202, 18.472914661445454, -0.9807514957409723, -0.1554572549283011, 0.11815052048976626, -0.1409205424730272, 0.982375035011594, 0.12280346613625095, -0.13515881144399433, 0.10378984765441558, -0.9853729056620747
-4.360183723481002, 13.701858174682025, 18.478200127103243, -0.9778142490797856, -0.15812283666818694, 0.1373916402862302, -0.1415762705438327, 0.9822699628287894, 0.12288970560314742, -0.15438735024422978, 0.10071190916835326, -0.9828640076003552
-4.406068022092492, 13.695596776709877, 18.487297131507844, -0.9751032644891812, -0.1618210997766878, 0.15161647420252605, -0.14379163527733507, 0.9819071898641112, 0.12321621694174102, -0.16881228985714236, 0.09834735461733371, -0.9807294268211598
-4.451310392749799, 13.687628808550578, 18.498911607122977, -0.9730218336157679, -0.1667213714840618, 0.1594756896755191, -0.14782958965252732, 0.9812282033467141, 0.12384516696320783, -0.17712968054556633, 0.09692882567870562, -0.9794028175487207
-4.496208904431601, 13.678422871562205, 18.51155881015634, -0.9715672078831304, -0.17325980173065117, 0.16136356983666836, -0.15405207994362377, 0.9801422329521546, 0.12485655709095747, -0.17979187198319413, 0.09644814299829528, -0.9789650854248886
-4.541061626116562, 13.668447567102803, 18.523753996815625, -0.9706244370901853, -0.1818337055310729, 0.15755857849130311, -0.16281160851870433, 0.9785379457761245, 0.1263165420987873, -0.17714565265598028, 0.09695355696972452, -0.9793974808707675
-4.586166626783349, 13.658171496530427, 18.534012423308493, -0.9709070817312458, -0.18953191990265286, 0.14634578908233187, -0.17144546396269386, 0.9768789933241314, 0.1277258207593452, -0.16717024714563483, 0.09891958218697709, -0.9809531205563401
-4.631791816066128, 13.648040070003699, 18.541012081205025, -0.973370331195632, -0.19143949309836727, 0.12609963850204364, -0.17535255600169253, 0.9761060773724977, 0.12832929057759596, -0.1476539178341678, 0.10280003014939225, -0.9836821002486041
-4.677930372807037, 13.638287441876665, 18.544913368796642, -0.9771155918007985, -0.18780887261430942, 0.09986464653278083, -0.17452619766224972, 0.9762527253213162, 0.1283402611508182, -0.12159657309863846, 0.10797427318599997, -0.9866893278740897
-4.724428660377846, 13.629034871912662, 18.546668878938846, -0.9811900134599385, -0.17945736695860678, 0.07114218812188482, -0.16943605046507423, 0.977180581737052, 0.12809970912860544, -0.09250720128337314, 0.1136361039472951, -0.9892063756316966
-4.771133378291573, 13.62040198712366, 18.54722893265894, -0.9849583245706869, -0.16725741573208275, 0.043382666371842404, -0.16056543214049232, 0.9787104065907695, 0.1278463219356257, -0.06384231246158224, 0.1189575424828369, -0.990844721551264
-4.81795266408997, 13.612488058196567, 18.547195967732094, -0.9881596747989594, -0.15211925079305164, 0.020004765416655048, -0.1483795742993242, 0.980655616481173, 0.127663870357599, -0.039037917874370345, 0.12318399003966043, -0.9916157247472143
-4.864871484259004, 13.60536690000548, 18.54673739002386, -0.9908466852590153, -0.13492912930191056, 0.004120239926281326, -0.13330714384367462, 0.9828310149412718, 0.12756332337216444, -0.02126150774201284, 0.1258464387074098, -0.9918218701728645
-4.9118796506228435, 13.599110722013616, 18.54599316942818, -0.99323236154649, -0.11606480670804441, -0.004293788607616402, -0.11566188452853922, 0.9850658513588235, 0.127544490096683, -0.01057376205943113, 0.12717794278309547, -0.9918235560952211
-4.9589669750056515, 13.593791733684181, 18.545103275839004, -0.9952347002512993, -0.09722007112723192, -0.0074932760340502644, -0.09737979465742432, 0.9870368952426912, 0.12757485262443607, -0.0050066963343483655, 0.12769661389279155, -0.991800639136783
-5.006123269231602, 13.589482144480403, 18.54420767915029, -0.9966005508388277, -0.08195809466317787, -0.008379307067218985, -0.0823565827856565, 0.98840001073118, 0.12760412241958569, -0.0021760835495170435, 0.12786042978883216, -0.99178978375188
-5.053338345124856, 13.586254163865494, 18.543446349255984, -0.9974732514758696, -0.07057373751762185, -0.00815231028300473, -0.07103678688004754, 0.9892753469816076, 0.12762469496213802, -0.0009420721391032519, 0.12788133338065366, -0.9917890285100309
-5.100602014509581, 13.58418000130267, 18.542959256050043, -0.9979770019960058, -0.06318398622677973, -0.007048926979219637, -0.06356666215669834, 0.9897819930319329, 0.12763575412865677, -0.0010876347366811185, 0.12782562401267147, -0.9917960611418312
-5.147904089209948, 13.583331866255147, 18.542886369426412, -0.9981907043055809, -0.0598981269049475, -0.005247116465941443, -0.060077534300195586, 0.9899986978978402, 0.12764508620777326, -0.0024510631034658204, 0.1277293723223435, -0.9918060292899025
-5.195238675198663, 13.583005136036068, 18.543126165925266, -0.998144091750568, -0.06082617906877604, -0.0029237037002588697, -0.0607012621512218, 0.9899576619746149, 0.12766825866676043, -0.004871229483648388, 0.12760879059707209, -0.9918126172244787
-5.24259380353502, 13.581601908072606, 18.543264696806574, -0.9978141349519436, -0.06608242676594296, -0.0002548780657506557, -0.06557370471703855, 0.9896400504803111, 0.1277210230737686, -0.008187877611887821, 0.12745855545255202, -0.9918101004235447
-5.289938545159341, 13.579076297354824, 18.54333774889808, -0.9971208590794283, -0.07578470530493377, 0.0025827951036275754, -0.0748341916312345, 0.9889707167377574, 0.12781535587755521, -0.01224075780344709, 0.1272540760724416, -0.9917946178374566
-5.337241340400988, 13.575449245065238, 18.54340105944232, -0.9959226818693598, -0.09004848406659699, 0.005411308108932237, -0.08861979240450003, 0.987811422594367, 0.12796533040740427, -0.016868435977448748, 0.12696402604439044, -0.9917638791356913
-5.38447062958932, 13.570741692386406, 18.543510365681836, -0.9940119267911091, -0.10897466171975159, 0.008050621099795173, -0.10705317181174566, 0.9859550940045171, 0.12818802990758854, -0.02190679807894416, 0.12655858607621076, -0.9917172059051504
-5.4315948530537, 13.564974580500856, 18.543721404859166, -0.991321649291893, -0.1310115375055628, 0.010833498309848423, -0.12855293739851723, 0.9833433282901969, 0.12849140435597606, -0.027486904725957963, 0.12598363285596487, -0.9916514480002536
-5.478582451123492, 13.558168850591121, 18.54408991421684, -0.9882598712119175, -0.15204700492306042, 0.014971147121420758, -0.14888919145566865, 0.9804225848703008, 0.12885481653362946, -0.034270039683105706, 0.1251130024024877, -0.9915504530834292
-5.5254018641280584, 13.550345443839747, 18.544671630997406, -0.9852894645928664, -0.16957231840363982, 0.021210841414648726, -0.1654848642692838, 0.977706411395647, 0.1292475640529552, -0.042654784726680925, 0.123836189973128, -0.9913854787078838
-5.572021532396763, 13.541525301429267, 18.54552229244339, -0.9828487523825059, -0.18199299103664823, 0.02978054992248952, -0.17674049256230343, 0.975688749518198, 0.1295926786220947, -0.05264150671272419, 0.12210657343955576, -0.9911200010563124
-5.618409896258971, 13.53172936454222, 18.546697635797337, -0.981018090740862, -0.1897895021042777, 0.03979259391098226, -0.18325528587288248, 0.9744581927833765, 0.12980266066997265, -0.06341140148902318, 0.12004655517075995, -0.9907410452549301
-5.664535717507917, 13.52097987486397, 18.548253790050108, -0.9797764562943805, -0.19368779647871853, 0.050230799181820836, -0.18587974408506205, 0.9739545510393622, 0.12985088851673718, -0.07407304793308925, 0.11788795530050042, -0.9902603766509945
-5.7104504209311875, 13.50963349254404, 18.55034762051609, -0.9790803241728318, -0.1944008136791142, 0.06008362887277251, -0.18543864766497242, 0.9740500086542169, 0.12976551388140983, -0.08375098070953527, 0.1159090345124938, -0.9897226222273454
-5.756396920743174, 13.498821020767144, 18.553368424973545, -0.9790005396019472, -0.19222228977138395, 0.06788618986320087, -0.1823860882363161, 0.9746553579112879, 0.12954631647667203, -0.09106732826294596, 0.11444441711968947, -0.9892467928243102
-5.802549303231689, 13.489313464270221, 18.557482370367406, -0.9805772757365138, -0.18386277346219995, 0.06828386957360037, -0.17407390236048956, 0.9762552843574606, 0.1289336894730175, -0.09036859424682606, 0.11454300632915784, -0.9892994576340023
-5.848883923165719, 13.480914438470558, 18.562328016289612, -0.9830890145532405, -0.1720773471733186, 0.06265282160072062, -0.1630613254569528, 0.9782528988869643, 0.1281884158552273, -0.08334862689307045, 0.11580437128642487, -0.989768838661834
-5.8953527767083, 13.473308385800882, 18.567478926221817, -0.9853843942632161, -0.16144017923311596, 0.05435682175857902, -0.1534946957821992, 0.9798690682873175, 0.12765573774991248, -0.07387133347412013, 0.11744648799740119, -0.9903278995099712
-5.941907860022471, 13.466179748693929, 18.572508663645667, -0.9867717680040721, -0.1555292892726199, 0.04573967696072493, -0.1486553218868364, 0.9806414651963097, 0.12745160655070562, -0.06467668161585603, 0.11896620072940269, -0.9907895689495185
-5.988540689101089, 13.459410628814592, 18.576776517989277, -0.9872950456376428, -0.154678024515802, 0.0363758380144523, -0.14893156765187537, 0.9805957675366562, 0.12748069989590982, -0.055388455621362076, 0.1204435528415079, -0.9911737837346161
-6.03558818115111, 13.454600223204473, 18.577800596057735, -0.9871605163193716, -0.15761945192818647, 0.025888673081674266, -0.15312011883629625, 0.9799369608120274, 0.12758441143825347, -0.045479052624589775, 0.12198221677090945, -0.9914897854057927
-6.082811929001218, 13.45044776707068, 18.57628631966671, -0.9868381016118641, -0.16101193551497991, 0.01502390857307077, -0.1578211993890952, 0.9791885820722069, 0.12760168401243113, -0.03525663385066005, 0.12355111234279036, -0.9917116982310836
-6.1297965520492355, 13.44476475674687, 18.5739075792195, -0.9867994608855315, -0.1618810825131675, 0.004619428578246951, -0.1599794013581258, 0.9788465603284426, 0.12753823926286634, -0.0251677400081961, 0.12511565232832186, -0.991822896693426
-6.176286204956068, 13.436222574206313, 18.5719321357777, -0.9870536013766826, -0.16031992141727286, -0.004765585596786722, -0.15961293366792217, 0.9789106837838302, 0.12750523353883775, -0.015776546366056632, 0.12661514905663354, -0.9918264488377623
-6.222455356283886, 13.425811967918825, 18.570532299164935, -0.9874008477380511, -0.15776711173804345, -0.012210828801259703, -0.15802803810593688, 0.9791615472545887, 0.1275531401039913, -0.008167316485022362, 0.12787573198944197, -0.9917565689772858
-6.268550300436186, 13.414910823394193, 18.569697531970323, -0.987143261962458, -0.15931819025084518, -0.012880008436081222, -0.1596515651915583, 0.9788948485446721, 0.1275784199016004, -0.007717389066493557, 0.12799449108418284, -0.9917448523476678
-6.3148173318164815, 13.404897026142198, 18.569417296783012, -0.986446688682177, -0.16385167255693556, -0.0086925133455765, -0.16361313117193205, 0.9782437078284724, 0.1275538764684102, -0.012396519514944523, 0.1272473083970623, -0.9917935515063699
-6.361448563334904, 13.396851250044119, 18.569655121566477, -0.9857106968635996, -0.1684083873659335, -0.003610699860507724, -0.16748804451979166, 0.9775893307990307, 0.12754158243819796, -0.017949290560166285, 0.12632385116322667, -0.9918266519889842
-6.408374582996132, 13.390419578714067, 18.570249352232285, -0.9851414742255267, -0.17174353018914618, -0.0006599991862714432, -0.17042379774653718, 0.9770811780052111, 0.1275464650611552, -0.0212604073903448, 0.12576379219043504, -0.9918323767912993
-6.455447175093731, 13.384815819395506, 18.571000614344666, -0.9847904781377211, -0.173735929602151, 0.0018817371110111058, -0.1720807312865707, 0.9767898210732705, 0.1275533902627733, -0.02399866848718035, 0.12528955348681198, -0.9918299207514956
-6.5025181078749466, 13.37925369131005, 18.571709525787128, -0.9845933880487483, -0.17480142291597792, 0.0045080768889221344, -0.17280936562469462, 0.9766622082005224, 0.12754549864762035, -0.026698002979204407, 0.12480141673646557, -0.9918224755557284
-6.549439149587018, 13.372946913679296, 18.572176704443145, -0.9842170044887789, -0.17686053800809293, 0.006102308630577456, -0.17465343526089094, 0.9763351279914902, 0.1275378194944947, -0.028514305650053785, 0.12445910149654961, -0.9918149355741558
-6.59606206847718, 13.36510920572486, 18.57220276819622, -0.9834286725029221, -0.18120900930930847, 0.005598307269107822, -0.1790292765293378, 0.9755399007645861, 0.12755555715688607, -0.028575588262051303, 0.12443953134498976, -0.9918156274197927
-6.642249088477471, 13.3549977083148, 18.571622190886153, -0.9825317890129436, -0.1860819436395974, 0.0021894817501446917, -0.18428773676823873, 0.9745591363530042, 0.1275637872898373, -0.025871096920402775, 0.12493198150272093, -0.9918279519866029
-6.6882679913047385, 13.343638377049603, 18.571424333099618, -0.9820041299441805, -0.18879712391274348, -0.0048512652833403724, -0.18786541654382044, 0.9738811983157396, 0.12752253461218507, -0.019351331721356755, 0.12613904062333478, -0.9918238091471867
-6.734343575022954, 13.332213133622403, 18.571833152285986, -0.9821505392822238, -0.18743635258936583, -0.01574585391878975, -0.1879017292241169, 0.9738802512234482, 0.12747625830537965, -0.008559108728341537, 0.12815954901975962, -0.9917166287064205
-6.780512234638929, 13.321204159102908, 18.572307745768285, -0.9824100196680208, -0.184681852715309, -0.027625468928511535, -0.18670630305720182, 0.9741068604498013, 0.12750129733984575, 0.0033629829900776974, 0.13041640120120002, -0.9914536058954733
-6.826810365159465, 13.311093634560812, 18.572307210869553, -0.9821185725225396, -0.18468232294132325, -0.03654516519713487, -0.1878777790718898, 0.9738817512989237, 0.12750009654096486, 0.012043655479265815, 0.13208623728435143, -0.9911650600595033
-6.873274361591375, 13.302363741065815, 18.571290644912818, -0.981643977786181, -0.18629893278707704, -0.04083881142394138, -0.1900492391298537, 0.973467350675483, 0.1274464745491999, 0.016012107365608545, 0.1328684492693895, -0.991004332788944
-6.919940618941457, 13.295496659687615, 18.568717145221118, -0.9812351353047286, -0.18793985126177237, -0.043083889694568, -0.1919743674607799, 0.9730980187991211, 0.12738166291605252, 0.017984756922023854, 0.13326236571863884, -0.9909176002077709
-6.966805764830278, 13.29062467520451, 18.564278125542895, -0.9809062447224833, -0.1893957794277681, -0.04418345617291456, -0.19356407643254359, 0.9727894947659574, 0.12733242787212445, 0.018864977584192304, 0.13345350354315005, -0.9908755093415149
-7.013614621139079, 13.285664540958843, 18.559136019343697, -0.9805997516455136, -0.19118700075233297, -0.04326266076057376, -0.19521720742701834, 0.9724614850747614, 0.12731418605397435, 0.017730453946629313, 0.13328987504501963, -0.9909184831323562
-7.060034331069119, 13.27783863834845, 18.55495738096944, -0.9801910229742892, -0.19408995026141057, -0.039429046249429264, -0.19758578529115453, 0.9719848376968276, 0.1273001678645762, 0.0136167518701874, 0.13256910083045245, -0.9910802276170739
-7.106044450408046, 13.266952423237548, 18.552348137538907, -0.9795069951833637, -0.19888785379830287, -0.03177527337982723, -0.20133359772703677, 0.9712220266693078, 0.12724997971964544, 0.005552370047609265, 0.13103967538065464, -0.9913615761481717
-7.151867060109327, 13.254816289071426, 18.55108893522355, -0.9782862443544542, -0.20634969880156076, -0.019386229941949884, -0.2071247636303803, 0.970011714644756, 0.12718728609023572, -0.007440188029619763, 0.12844094073326282, -0.9916892498891164
-7.197668128106135, 13.2427315218574, 18.550978024800184, -0.9762917574192712, -0.21645058391117897, -0.0018839107464546623, -0.21492700000649306, 0.9683126879151198, 0.12718853364515498, -0.025705817695608733, 0.12457802032102396, -0.991876770465714
-7.24349368014537, 13.23092105165803, 18.55188910441625, -0.9740285802463873, -0.22573837341932854, 0.017621340164782742, -0.2217493656300807, 0.966755497234302, 0.127322533001485, -0.045777108972323316, 0.12010826504971778, -0.9917048255206198
-7.289376161984838, 13.219485715864257, 18.553704414455268, -0.9720179328391291, -0.2324196836772043, 0.03409147809254629, -0.22642656274536127, 0.9656511929791819, 0.12747072283941768, -0.06254718157093304, 0.11618461230847632, -0.991256266532657
-7.335348019382344, 13.20852635186704, 18.55630619530074, -0.969858209707542, -0.2395491118111587, 0.0446237167139466, -0.23228509996433191, 0.964231854571366, 0.12767365806784273, -0.07361172051678928, 0.11345992094281171, -0.9908118696009899
-7.381441698095699, 13.198143797057327, 18.55957668733619, -0.9685889102840404, -0.24358102252238661, 0.05003806892480474, -0.2356744864313981, 0.9633962823356738, 0.12776986979370114, -0.07932880510931503, 0.11196378275474247, -0.9905407876666045
-7.427689333476746, 13.18843770515423, 18.563397753394433, -0.9679557309803315, -0.24560697635016748, 0.05233465420216778, -0.2374302359195684, 0.9629616542225503, 0.12779567898856262, -0.08178377549068211, 0.11127473057751217, -0.9904187742573298
-7.4739813081688915, 13.178967183919907, 18.567478840696104, -0.9674696333503101, -0.24731538684265558, 0.05326920288388262, -0.23902131827705564, 0.9625611329657041, 0.12784707549599458, -0.0828934132130841, 0.11095568815814574, -0.9903623161809204
-7.519842270939298, 13.167896687213219, 18.571084549722368, -0.9667919657800725, -0.24973823364847295, 0.0542596494390053, -0.24131198114994837, 0.9619740443557345, 0.12796275137460272, -0.08415356591725628, 0.11061985644545079, -0.990293605302689
-7.564869685221859, 13.153633196296827, 18.573457715543576, -0.9660346964600723, -0.25238326367408376, 0.05549462543808878, -0.2437952303109302, 0.961329511341033, 0.12809940008622786, -0.08567876582290593, 0.11021914008931882, -0.990207498580492
-7.610048071260528, 13.139603291518766, 18.574763109252583, -0.9653864108293166, -0.254555327634155, 0.05683892116462151, -0.24579821748107478, 0.9608040663292979, 0.1282138152002828, -0.08724857631627173, 0.109804969369123, -0.9901164348866398
-7.655545259264813, 13.126561757354926, 18.57573972119976, -0.9646671614519482, -0.25703175206563383, 0.057895993352834796, -0.24813416583705114, 0.9601848657437424, 0.12835287040429624, -0.08858161976726178, 0.1094518251412091, -0.9900371682985778
-7.701148368370992, 13.113941389217356, 18.577093038613434, -0.9637690065966352, -0.26024646818907154, 0.05848997964480439, -0.2512512204336653, 0.9593478576599579, 0.1285477041173534, -0.08956632265717264, 0.10919461432856255, -0.9899769745036032
-7.746709377494835, 13.101360828320285, 18.579376560225892, -0.9633212389210539, -0.2616999149233332, 0.05937461724277445, -0.25259205047598055, 0.9589824455905215, 0.12864651213912598, -0.09060599693146981, 0.10893036114115634, -0.9899114757096777
-7.792328255181224, 13.089149292323263, 18.582562660827005, -0.963822421037004, -0.2593864817152288, 0.061359545384263685, -0.25008438129987776, 0.9596577472405091, 0.12850996222522298, -0.09221791006212184, 0.10851571897502302, -0.9898081611095699
-7.8381424890458735, 13.077731925789056, 18.586471276302934, -0.9630151537079563, -0.2618790907906467, 0.06341258183913809, -0.25232795074909325, 0.9590489608955418, 0.12866893904880336, -0.09451147549162667, 0.10790937128834416, -0.9896580968135157
-7.884086269090847, 13.066843088961896, 18.590795434210154, -0.9607223012664317, -0.26954248188616586, 0.06602658788683285, -0.2596296498850085, 0.9570309196054232, 0.12916758037443463, -0.09800563631709987, 0.10695171517018345, -0.9894221676676931
-7.929982830131491, 13.055840127807965, 18.59515889844208, -0.9580206550394547, -0.27754699590389553, 0.0718616001943828, -0.26692815364207223, 0.9549487753710825, 0.12970041330120852, -0.10462210718107627, 0.10507379065206039, -0.9889457584756601
-7.975654285088725, 13.04407657621193, 18.59918473255063, -0.9558939100522725, -0.2833080782721538, 0.07748138815688035, -0.2720383396569989, 0.9534508193352381, 0.1301025628710916, -0.11073380008670022, 0.10328633934215216, -0.9884684909614755
-8.020922746883477, 13.03090596805849, 18.602496000087765, -0.9548759346164034, -0.2867470642028977, 0.07738262506189124, -0.2754521084930409, 0.952437630546477, 0.13034069144265956, -0.11107693467677252, 0.10314398232583344, -0.9884448560707776
-8.065622423837231, 13.015727536229143, 18.604766961599704, -0.9551018424112326, -0.28837872051324254, 0.06795722314672717, -0.27805764396995775, 0.9516631835118692, 0.13046505960574534, -0.10229573428322963, 0.10571139344081903, -0.9891211675241084
-8.109894328850181, 12.999099686581943, 18.606970509471108, -0.9556875553270157, -0.2893667761391351, 0.054112525905894965, -0.28052992984617037, 0.9509213728930956, 0.13058139620793216, -0.08924267506958325, 0.10961483221696733, -0.9899597635785361
-8.15418214612761, 12.98269963816164, 18.61108157694785, -0.9558018718111192, -0.290783779006269, 0.043446239298632595, -0.2831190576588541, 0.9501367571254933, 0.1307047893132228, -0.07928670148721809, 0.1126274239512064, -0.9904689204318287
-8.198767766622565, 12.967383711419014, 18.61602595476762, -0.9550929008304174, -0.29326788177783397, 0.04232611842445187, -0.28570404993292414, 0.9493436084043403, 0.13084307025498795, -0.07855410005380722, 0.1128745440715881, -0.9904991623748945
-8.243843837355364, 12.953565507494686, 18.619161272279896, -0.9542339606239955, -0.2947653541291294, 0.05050677575308142, -0.28626811843115973, 0.9491611273826465, 0.13093402397996884, -0.08653388216026471, 0.11048321261998373, -0.9901037051579198
-8.289522064613385, 12.941445360385535, 18.61860199171938, -0.9537235083475958, -0.29349905256351316, 0.06534352125095219, -0.28340179376699637, 0.9500370594261581, 0.13081670002926796, -0.10047334429988075, 0.10624449096879676, -0.9892508353415624
-8.335507280375495, 12.930159558970798, 18.61635974966205, -0.9527981855881889, -0.29259378454751805, 0.08102156986886717, -0.28087822089512665, 0.950814667509587, 0.1306096974784875, -0.11525208269980883, 0.10168748837882753, -0.9881177116824506
-8.381375695859152, 12.918508027089368, 18.61567815413205, -0.9513333573004836, -0.2942743240095997, 0.09147385154285077, -0.2814965378971049, 0.9506295954894273, 0.13062569169788737, -0.12539753761272235, 0.09851900531522288, -0.9872028480268709
-8.426752829619598, 12.905558329003036, 18.6191762110008, -0.9494640610903128, -0.2983959173435238, 0.09735436924251331, -0.28499290065171895, 0.9495420368263434, 0.13095406399878723, -0.13151822412126066, 0.09659087333902693, -0.9865967564874689
-8.471510449450749, 12.891713968929167, 18.62635432750071, -0.9472084410717752, -0.3037656615935641, 0.10257968609330789, -0.28978862329393257, 0.9480190461787572, 0.13146270152300477, -0.1371813506705069, 0.09479615455778599, -0.9859994757145015
-8.515620773177442, 12.87723837449651, 18.635606149415242, -0.9448354224962734, -0.30872100578069794, 0.109441148504769, -0.29402470566915906, 0.9466425440616136, 0.13197486968631655, -0.1443450617529156, 0.0925161302817521, -0.9851930109299583
-8.55922668715837, 12.861100351951885, 18.64520394471478, -0.9437046961107892, -0.31048543620960617, 0.11410626818967305, -0.2953318725666132, 0.946211507543622, 0.1321471454036141, -0.14899842812842276, 0.09100866383898162, -0.9846404884634303
-8.602642481819807, 12.843951691147865, 18.654246417178907, -0.9439173646394242, -0.30870972983141826, 0.11712519557967509, -0.29331408622093214, 0.9468769156609872, 0.1318747641238281, -0.15161416674092162, 0.09012441009930915, -0.9843224751816387
-8.646200251934657, 12.82673257786653, 18.661954206211682, -0.9448795481125777, -0.3042071649319456, 0.12108113132374902, -0.28853686588876787, 0.9484346536849423, 0.13121808073817753, -0.15475502118399304, 0.08904891068166806, -0.9839314889385085
-8.690232092275835, 12.810383197889973, 18.66754795121716, -0.9453661410241919, -0.30339677962161193, 0.11930319995818481, -0.2879065992318253, 0.9486448269401109, 0.1310831127130118, -0.15294655773763827, 0.08957335784150372, -0.984166634285681
-8.735070061128347, 12.795843661561353, 18.67024846061038, -0.9459067886018941, -0.3073342393150373, 0.10395197266766452, -0.293197578596068, 0.9469390213943986, 0.13168777341128252, -0.13890834093838306, 0.09408589216915628, -0.9858257035158294
-8.780836256103056, 12.78361998429636, 18.67024907534917, -0.9474486210539512, -0.3085218890056823, 0.08458932833006585, -0.29625760951456165, 0.9459542575507054, 0.13191653204360332, -0.12071677293435144, 0.09992390417742367, -0.9876450142162706
-8.82694890834995, 12.772762933467188, 18.671003428070936, -0.9490131473121756, -0.308438109404346, 0.06511512033093032, -0.29818490882100396, 0.9453351513378978, 0.13201216533472787, -0.10227319482664285, 0.10586493428905822, -0.9891070767656679
-8.87268878470348, 12.76196372886552, 18.67635498517593, -0.94971036900054, -0.3092598929956952, 0.049076813233434845, -0.30072766545599416, 0.9444958182173302, 0.13225173193332285, -0.08725300133660695, 0.11084208566364584, -0.9900004776784136
-8.917592607891343, 12.748526722301662, 18.682681735910844, -0.9488283719696885, -0.3132400769881932, 0.040067127595838505, -0.30565897949825727, 0.9428432876721612, 0.13273704510661008, -0.07935558453842018, 0.11369779707620152, -0.9903411039346921
-8.962024479408697, 12.732170631810964, 18.684698693952043, -0.9455987110008184, -0.3226464053471789, 0.04174176409945725, -0.3147656903549495, 0.9397547730455001, 0.13335489009996043, -0.08225349797402459, 0.11296133699077927, -0.9901889205683392
-9.00644557364709, 12.715443303089195, 18.685146952958068, -0.9393023390916448, -0.33856877224514853, 0.05551848554650466, -0.3289987384404271, 0.9347516272307518, 0.1341611922057532, -0.09731878483402945, 0.10775240994926462, -0.9894030888715446
-9.05073380924994, 12.698294878825246, 18.68497585349878, -0.9311434621705345, -0.35735225816739496, 0.0726031434562858, -0.34577632972632705, 0.9284935357346953, 0.1354196584690511, -0.1158040701273529, 0.10099068116191506, -0.9881246377155017
-9.09476084323914, 12.680643925686871, 18.68510360154926, -0.9242847614877925, -0.3732381540549868, 0.07994348027876098, -0.3607324978192414, 0.922596352306865, 0.13670419059837852, -0.12477878304642057, 0.09751538887628332, -0.9873808810351564
-9.138398332636589, 12.662409010341824, 18.68644840308458, -0.9222871634093962, -0.37804170608105825, 0.08044163519951893, -0.36544111220840947, 0.9206975759889321, 0.13699914990971798, -0.12585381090030748, 0.0969558767245571, -0.9872995372481657
-9.181517934464184, 12.643508699457843, 18.68992846407979, -0.9240975584984732, -0.3727524034726013, 0.08425762922465854, -0.359861288330294, 0.9229773843718503, 0.1364280070196685, -0.12862175375270687, 0.09575172919324637, -0.9870603075891976
-9.224007847357138, 12.623887242790147, 18.69640598442288, -0.9259777191711389, -0.3673108038732292, 0.08745305573058984, -0.35419531902586565, 0.925254237456566, 0.13583177849396613, -0.13080879014340258, 0.09480173746651904, -0.9868645758129879
-9.26620538815834, 12.604186206732967, 18.70522255334849, -0.9263787895767027, -0.3657676271061808, 0.08964586540112701, -0.3524697163438638, 0.9259418620316103, 0.1356346828724519, -0.13261763564051074, 0.0940516405946665, -0.9866949131411252
-9.308938812604591, 12.585809406579939, 18.714057554240867, -0.9269785276403486, -0.3645501987070377, 0.0883966171094281, -0.35138615794081474, 0.9263687616698221, 0.13553112339943657, -0.13129576269371496, 0.09457309355720489, -0.9868218444449312
-9.352994589293369, 12.570067274085387, 18.720624163989093, -0.9282652409815035, -0.36200796470885843, 0.08528702054182016, -0.349172706498991, 0.9272351647272422, 0.1353269017210302, -0.1280705408035762, 0.09583935924552996, -0.9871234744436411
-9.398145355257027, 12.556262971946476, 18.72443164928909, -0.9301171239143033, -0.3577950724571877, 0.08285422093496714, -0.34524904137660267, 0.928756103567387, 0.1349636970257633, -0.12524070915609442, 0.09692670535864173, -0.987380361643069
-9.443375243081316, 12.542138515396093, 18.7263861802751, -0.9323865609160712, -0.3518116648644559, 0.08296899112560767, -0.3393306679441565, 0.9310119700549201, 0.13442994237530986, -0.12453914571601184, 0.09718674847815555, -0.9874435361602049
-9.487801866238902, 12.525737715695051, 18.72725716647986, -0.9342055715501477, -0.34738543708288216, 0.08113758800578683, -0.3351351481397585, 0.9325797831833688, 0.13408721221280978, -0.12224721905223027, 0.09807296314681185, -0.9876422992832983
-9.53208140044608, 12.50867471351473, 18.726789154079974, -0.9338969157163778, -0.3492899430208966, 0.07637464579227589, -0.3374809683246132, 0.9316972622738416, 0.13433840660849647, -0.11808110278159759, 0.0996832341765009, -0.987987907815675
-9.576327540771334, 12.491638238668276, 18.726659064858072, -0.9305674201535772, -0.3579188606026795, 0.07706079271325704, -0.345939705922639, 0.928491523736603, 0.13501559249005, -0.11987491987431693, 0.09898272361458292, -0.9878423072590915
-9.620364889270185, 12.474701662863428, 18.72899787542105, -0.9257273848347665, -0.36907546488870474, 0.0825355086261101, -0.3564209446256946, 0.9243846887645347, 0.13593034028436007, -0.1264631139862994, 0.09641705448146023, -0.9872744463450918
-9.664026426305893, 12.457858193757822, 18.735538887218507, -0.9226324650396309, -0.37526727877193455, 0.08901575106688332, -0.36190900300795315, 0.9221667725754882, 0.13649291959474422, -0.13330869437768697, 0.09371719714553513, -0.9866336092808218
-9.70724025032899, 12.440190944590274, 18.743500635532786, -0.9236277605830273, -0.3718743633860688, 0.09285051285043197, -0.35820970002622565, 0.9236689355360368, 0.13609374832388918, -0.13637291038730376, 0.09244000963830945, -0.9863352746052256
-9.749958703719225, 12.420866158296187, 18.750097633348847, -0.9250944224599552, -0.3684131921128458, 0.09204362775719639, -0.35488325165417545, 0.925014932195157, 0.13566596076889945, -0.13512285975674565, 0.0928390817124596, -0.9864698260352145
-9.792459665191354, 12.401040999384817, 18.757000147229164, -0.925441820037091, -0.3692984746376758, 0.08471171322032477, -0.35645292644444937, 0.9243956573679308, 0.1357717933464056, -0.12844745601071506, 0.09545315746268968, -0.9871119216050319
-9.835319279546201, 12.381970513308447, 18.763391613537035, -0.9249316368185607, -0.37326489906705856, 0.07193595996854957, -0.3616166613922832, 0.9223211643708272, 0.13622430017122628, -0.11719580801221932, 0.09998492325395944, -0.9880628308494673
-9.87911580074561, 12.36490337517657, 18.768410888255506, -0.92383551246105, -0.37870551172651, 0.05576810292444334, -0.3686604218566523, 0.9194595829949144, 0.13668785094255295, -0.10304095919732256, 0.10571759847244253, -0.9890431487558645
-9.924003697091738, 12.350107500938158, 18.771093811568818, -0.9228319033947829, -0.38230017796878657, 0.047200127137500804, -0.3731412380774995, 0.9176223233079079, 0.13687544780927, -0.0956393983813834, 0.10870071615233946, -0.989463116940301
-9.968794880173618, 12.33475066115012, 18.770236562941992, -0.9230571050220973, -0.3819851635486451, 0.04530911273617892, -0.3730368872094927, 0.917667279291055, 0.1368584863996571, -0.09385660152209405, 0.10942622787644539, -0.9895538585663012
-10.012857998502062, 12.31743454519761, 18.766596241737155, -0.9237543502064262, -0.3805893506274759, 0.04277436923742381, -0.37193172287251414, 0.9181195070775091, 0.1368333447842118, -0.09134929663542363, 0.11049125265245134, -0.9896701415580373
-10.056359011719431, 12.298744432212878, 18.76286042980453, -0.9236119314441463, -0.3812369399669289, 0.039992445519945546, -0.37287574931186884, 0.9177207001293055, 0.13693937391886207, -0.08890824297626158, 0.11156662654588857, -0.9897717980282347
-10.099495510290062, 12.27934429403879, 18.76179329484076, -0.9212982870512839, -0.38704549602236016, 0.037486668099141474, -0.3788994036840082, 0.915202018013422, 0.1372607304077281, -0.08743402177798422, 0.11225439961518294, -0.9898253591430974
-10.142461334250763, 12.259890930986703, 18.76572765473043, -0.9162966910627898, -0.39876893507450634, 0.037198257579172826, -0.3905307273526737, 0.9102199931260492, 0.13778720951890444, -0.08880385656475712, 0.11172690156430101, -0.9897630901008924
-10.185358354238584, 12.24068475369373, 18.771436582405165, -0.9109683386504949, -0.41008346163718473, 0.044364856226759536, -0.4009267581063599, 0.9055982638111887, 0.1383817878786267, -0.09692481937399626, 0.10827436942242827, -0.9893847786960812
-10.228212076040155, 12.221512301370515, 18.777134964621418, -0.9065840459245278, -0.41767156723414267, 0.06046345672626271, -0.4067201513805874, 0.9029260804721713, 0.1389359984457386, -0.11262364820971518, 0.10136545332280245, -0.9884538222580745
-10.271048381668246, 12.202120105819617, 18.78221301525788, -0.9026351601245678, -0.4223530170896695, 0.08287156727219004, -0.4091638385693093, 0.9017718946246288, 0.139256609438602, -0.13354669937562652, 0.09178986338567291, -0.9867826002040752
-10.313892957885347, 12.182255117534288, 18.786062675881006, -0.8990862660329005, -0.4256165535348245, 0.10244235251181216, -0.410682156173068, 0.9010715943824703, 0.13932030863471684, -0.15160492350862587, 0.08318972985994631, -0.9849342191302793
-10.356709502043282, 12.161797215838183, 18.788624406380485, -0.8948990373890345, -0.4330064193884942, 0.10798682164289632, -0.4175316523853521, 0.8978198434503938, 0.13995302055714273, -0.1575532676161835, 0.08015590729987401, -0.9842519994332739
-10.399311583276889, 12.140948211947434, 18.79116708833837, -0.891470463767324, -0.44064659462451444, 0.10540868501357555, -0.425277657624912, 0.8940497832362264, 0.14076185214867248, -0.1562668427899548, 0.08065707495982898, -0.9844161264949819
-10.441490489126634, 12.119957697275577, 18.7951567638299, -0.8916373526189016, -0.44185764023480006, 0.09871503016709544, -0.4270312058189661, 0.893193937600507, 0.14088626295881843, -0.15042333818778386, 0.08346505616026091, -0.9850920788071581
-10.483073975462332, 12.09908405624427, 18.802007897193718, -0.8943963162446321, -0.43820770581298335, 0.08960600456528435, -0.4242182335040702, 0.8945850307002678, 0.1405578642754894, -0.14175372958309818, 0.08770193505916814, -0.9860092548937659
-10.524724072449455, 12.07804961733732, 18.810215626176007, -0.8962474927953673, -0.43635574735377564, 0.0795870178442811, -0.42329029899371085, 0.8950354754759199, 0.14048779454959354, -0.13253586094273825, 0.09222342105410034, -0.9868784556232066
-10.565706688185164, 12.055096645531222, 18.816774896945105, -0.8978040459459021, -0.43489829060321417, 0.06936405346842599, -0.4228126827164173, 0.8952613987245817, 0.14048652350973667, -0.12319630845652248, 0.0968013676768455, -0.9876498189128461
-10.606926280983801, 12.03230624931353, 18.82125813719958, -0.8988440269116835, -0.43314947090298606, 0.06679035215996319, -0.4213310347938431, 0.895970800061936, 0.14041539999559785, -0.12066306147590505, 0.09807069538265549, -0.9878373167189143
-10.64979400504048, 12.012592537852813, 18.823789246233193, -0.9001076224799717, -0.4304182945180053, 0.067426698700621, -0.41856893029181236, 0.8972944120797581, 0.14022406585464994, -0.12085660324459162, 0.09799402938267668, -0.9878212650361029
-10.693790811347036, 11.995002354378368, 18.82454276314369, -0.9020131731117075, -0.4271903523220746, 0.062294770373528124, -0.41588947748994454, 0.8985704560346203, 0.1400252764856242, -0.11579368741900284, 0.10039690445763935, -0.9881863607281949
-10.737198853906119, 11.976162726743503, 18.823631083221283, -0.903753701120268, -0.4247351285901736, 0.053191336257946156, -0.41439604240698397, 0.8992767427607682, 0.1399187620264425, -0.10726214499461753, 0.10440981980193141, -0.9887332409604129
-10.780326322505907, 11.956599619984495, 18.821326028946118, -0.9061687564129075, -0.42053598502600165, 0.044807032922246755, -0.4111339159307348, 0.9007991378121606, 0.13974911981235358, -0.0991316703810858, 0.1082145952035982, -0.9891726408025937
-10.823178770135668, 11.936691736540824, 18.82264112863931, -0.9073627436533857, -0.41854095628373195, 0.038939945337653666, -0.40980029724480344, 0.9014122298303106, 0.1397129496160546, -0.09357653449380916, 0.11081272411346367, -0.9894260823157446
-10.866033035823113, 11.916951789281958, 18.82693889061052, -0.9052885462547655, -0.42319028160758737, 0.036913866944877013, -0.4146258409065959, 0.8991717486217208, 0.13991275328952432, -0.0924016237543013, 0.11135596990484133, -0.9894755115181582
-10.908975933923642, 11.89737668537604, 18.831428543360026, -0.9005424034257774, -0.4334048901627725, 0.03440320937237268, -0.4250118837191725, 0.8942429429917038, 0.14033694312980075, -0.09158754462046087, 0.11175759523420023, -0.9895059179094705
-10.951712283657852, 11.877377895704175, 18.835350635943538, -0.8962699648066319, -0.44236508772229355, 0.03183204910096684, -0.43416287333763764, 0.8897769552078925, 0.14071094270233045, -0.09056903223908944, 0.1122946977618252, -0.989538857879697
-10.993946904246343, 11.85636689114747, 18.837945717416755, -0.8919335613437441, -0.4507173457375076, 0.03617176246744509, -0.44193878175633133, 0.8858830511063935, 0.1410720842057592, -0.09562758664943397, 0.10984122183298531, -0.9893382993990691
-11.03580443082544, 11.834487591145216, 18.839660757137313, -0.8877212664114231, -0.45840915629890633, 0.04256757665434984, -0.4488501734504109, 0.8823434884043733, 0.1414336956454773, -0.10239372517119917, 0.10644723524698235, -0.9890321082522239
-11.077743181202457, 11.812551518518136, 18.841237527464227, -0.8838750451285832, -0.4655475805686104, 0.04505945878124016, -0.45564629790601274, 0.8787986362331831, 0.1417723815107951, -0.10559998013015984, 0.10477789452652006, -0.9888732158447306
-11.119476667546898, 11.790136754077107, 18.840802941872454, -0.8797516271652113, -0.4731038247083254, 0.047008994315100326, -0.4629164352222596, 0.8749312613734097, 0.14213958587476536, -0.10837642041181514, 0.10328629588618439, -0.9887297368749628
-11.16084594731855, 11.767067309086135, 18.838668876922362, -0.8753605931160799, -0.4810155505747311, 0.048660786314577986, -0.47057081327489825, 0.8707728374084965, 0.1425404340015741, -0.11093665631010191, 0.10187593305999434, -0.9885921062550975
-11.20190183764526, 11.743566479188559, 18.838421531525178, -0.8707235548527498, -0.4891984895884813, 0.05025264977032599, -0.4785007838956695, 0.8663694450444827, 0.1429719710451845, -0.1134790325823244, 0.10044313056483192, -0.9884501437536017
-11.242787409836085, 11.720011186848236, 18.842762218822653, -0.866028009731875, -0.4974494478162034, 0.05039378163227808, -0.48664441937483915, 0.8617465107046731, 0.1434230120296118, -0.114772363621096, 0.09968449305521308, -0.9883776132598068
-11.28380237005424, 11.696904987978456, 18.848238694545532, -0.8617246472006542, -0.5045161243915567, 0.05379695749604522, -0.49329078092067463, 0.8578893397110461, 0.14384048897586632, -0.11872168237343597, 0.09741335144151754, -0.9881375415878867
-11.324751612881137, 11.673778321685067, 18.85364399853055, -0.86004864592628, -0.5057858730257835, 0.0670595055746642, -0.4932860730319391, 0.8578768232430433, 0.14393125544909585, -0.13032719130366005, 0.09070836119107487, -0.9873129273016377
-11.365382349440802, 11.650058479021922, 18.858341783107765, -0.8593586359885167, -0.504876270579764, 0.08125691452070395, -0.4911493362595191, 0.8591308681296947, 0.1437584116445044, -0.14239053424926068, 0.08363075290935676, -0.9862711761599972
-11.405445454215066, 11.625177396479184, 18.86168935698282, -0.8584551993615088, -0.5048363542248683, 0.09052583135290966, -0.4903636433993869, 0.8596006392603321, 0.1436323021304997, -0.1503268702570204, 0.07891132007621937, -0.9854820321256788
-11.44513498834319, 11.599370626310817, 18.863472488928043, -0.8589005724580412, -0.5044001189708945, 0.08871486128826742, -0.490084234303887, 0.859772443949364, 0.14355761182225932, -0.14868506958676764, 0.07982396010901172, -0.9856575903803984
-11.485013041788747, 11.574111393362756, 18.86665565371341, -0.8607597733476162, -0.5022279317177264, 0.08282340966837243, -0.48842310051519494, 0.8607458912272313, 0.1433854442353308, -0.14330208466621888, 0.08296755593588397, -0.9861951618175491
-11.525938354672066, 11.551103906018755, 18.872488121224304, -0.8632669056589019, -0.49885807377033226, 0.07688219448128719, -0.4855993720315679, 0.8623829954868972, 0.14313915948332687, -0.13770802255733547, 0.08623335392526571, -0.9867118673625794
-11.56715540416601, 11.52835901766917, 18.87708922776421, -0.8657776247982972, -0.4953477708434013, 0.0711315001886788, -0.4826420198423008, 0.8640862181780873, 0.1428694797262003, -0.1322338272952992, 0.08936214788804123, -0.987182162239408
-11.60795232798351, 11.504778236473905, 18.88124002405893, -0.8684061982664033, -0.4915252147476079, 0.06537306845949753, -0.47939720994384705, 0.8659404597802225, 0.14256730064664916, -0.12668460802539228, 0.09246666092670872, -0.9876238791698578
-11.649003532459773, 11.481455413967169, 18.88471910203387, -0.8712509847633344, -0.48725642858853274, 0.059185254481740376, -0.4757693979182249, 0.8679903786090508, 0.14225393719207316, -0.12068637683454586, 0.09578034997464072, -0.9880591697895857
-11.69089559954916, 11.459381826269206, 18.887403806145237, -0.8734773900807462, -0.484707503613702, 0.045780836146811554, -0.4745793512448022, 0.8686543434120014, 0.1421761971763463, -0.1086815917705973, 0.10246105412320211, -0.9887821013742976
-11.73299163134574, 11.437872297824432, 18.889994954875068, -0.8730501207597351, -0.4870375268352165, 0.024040259891435187, -0.47922288787102163, 0.8660692632311111, 0.14237083629338804, -0.09016047017385291, 0.11277623304826345, -0.989521404961749
-11.774745319048558, 11.4158457284693, 18.891971705318443, -0.8716395550126862, -0.4901248694606817, 0.004700901342956997, -0.4845520620066652, 0.8630946222383769, 0.14239723406120788, -0.07384974842459101, 0.12184123029312885, -0.9897984285996222
-11.81600397588782, 11.392796338119986, 18.8925964353276, -0.8707087206824795, -0.49166811583637315, -0.011348462335945666, -0.48809973141938784, 0.8611041322996376, 0.14233174461380646, -0.060207772885244475, 0.129468672683391, -0.9897539526962243
-11.85699910480673, 11.369032398064137, 18.891446170923775, -0.869100073021112, -0.4941892340930122, -0.02102531762565835, -0.49186909683755786, 0.8589669238448332, 0.1422695164704995, -0.05224801097556704, 0.1339881511444448, -0.9896046284764389
-11.897982719787908, 11.344938624631505, 18.888259680293, -0.8657918845680936, -0.49994595320367924, -0.02141159712149992, -0.4976139833066731, 0.8556633812503036, 0.1421988101390579, -0.05277060008844841, 0.13376928594622273, -0.9896065086203418
-11.938969937150043, 11.320667811464578, 18.883768322982903, -0.861751386251571, -0.5071866321533908, -0.012094149759153572, -0.503551667858878, 0.8521847850892543, 0.14218582861496284, -0.06180830114182069, 0.12861886419682939, -0.9897660944297292
-11.979859959749366, 11.296259272987637, 18.879189131129024, -0.858890238359381, -0.5120979992941846, -0.007949689922178215, -0.5078814983509978, 0.8496110311101459, 0.1421881832245568, -0.06606013990078272, 0.12616154301072863, -0.9898077202070314
-12.020551199420268, 11.271751549214995, 18.875742451215586, -0.8562537069122014, -0.5165466330004702, -0.003027430427210205, -0.5116675791943889, 0.8473324559943474, 0.14221110160582073, -0.07089342565053443, 0.1233178209119218, -0.9898317216805428
-12.060942067997148, 11.247183180160954, 18.874648629726785, -0.8534671304893102, -0.5211218532480147, 0.005086378052919978, -0.5152101981688649, 0.8451738954626127, 0.14226573069910933, -0.07843665518838477, 0.11879857110212716, -0.9898154326069843
-12.100930977314384, 11.222592705839833, 18.877128013146837, -0.8502141792381009, -0.5261547567649711, 0.0172343075310976, -0.5187855663923951, 0.8429691217011167, 0.14235377045013503, -0.08942810254838361, 0.11209028411080939, -0.9896657934285462
-12.140487126499512, 11.198040161867588, 18.884087705692657, -0.8465207387726176, -0.5313829965281809, 0.03216752754864857, -0.5223434389779448, 0.8407459816927192, 0.1424904418697624, -0.10276171750489504, 0.10381861715644912, -0.9892733313635655
-12.180951295881092, 11.173664127069525, 18.888030520559937, -0.8426690708654746, -0.5363161146237524, 0.04768503121106242, -0.5256755752281866, 0.838635743995162, 0.14267192611791657, -0.11650762470856993, 0.09515836320872312, -0.9886206852459664
-12.220993567189819, 11.148500408188529, 18.890982306879252, -0.8390598771119391, -0.5405396955165066, 0.061606494721093294, -0.5285842411385859, 0.8367797153189562, 0.14282299552478198, -0.12875256362823626, 0.0872728228124252, -0.9878290498651617
-12.260556433620346, 11.122647888563476, 18.893661404135468, -0.8362047955491868, -0.5437097060675062, 0.0717028272003872, -0.5308811692846815, 0.8353162887439299, 0.1428701573387418, -0.13757443076194045, 0.08140302996236372, -0.9871407309565717
-12.299778894792064, 11.096312853039805, 18.89622637306105, -0.8339966806149439, -0.5468000482279217, 0.07388669691627722, -0.5337779886742935, 0.8334526597816564, 0.14296056347716474, -0.1397519070713569, 0.07978954292903978, -0.9869665816577042
-12.338799950324372, 11.069701586462937, 18.898835774388463, -0.8302321898796905, -0.5541729621761808, 0.060056963629964225, -0.5422176704470124, 0.8278808035351365, 0.14357358041447524, -0.1292846036563851, 0.08663546116281746, -0.9878156650542234
-12.377758599836653, 11.043020373678322, 18.90164816885016, -0.823460371041562, -0.565249417770962, 0.04905214606601205, -0.554154796093396, 0.8198169607025316, 0.14426577179341696, -0.12175992481428206, 0.09161466396845007, -0.9883224544930508
-12.416793842948305, 11.016475499531381, 18.904822117178607, -0.8174325683923913, -0.5746388768578691, 0.039926899891490994, -0.5643064462525265, 0.812787660592002, 0.14468743382624857, -0.11559511602685879, 0.09574121365904686, -0.9886715274335708
-12.456044647349415, 10.99027319811497, 18.908516106661185, -0.81636027194123, -0.5769192789577187, 0.02683378398487867, -0.5678790710405073, 0.8102973410183002, 0.14467750278755512, -0.10521058440200627, 0.10287062119759201, -0.9891149418668237
-12.495284281372644, 10.964038413493595, 18.91204742810562, -0.8150018893041676, -0.5793523189858156, 0.011082008680511565, -0.5719829697482836, 0.8074028168014084, 0.14469337835258994, -0.0927760893149277, 0.11158665649130828, -0.9894144810667163
-12.53328853329484, 10.935856305731715, 18.912504587724495, -0.8115541394540596, -0.584265158661202, -0.0037554107073783814, -0.5785588302194519, 0.8026977051501504, 0.14472758590462842, -0.08154482638451155, 0.11962699745994866, -0.9894644120778864
-12.57031459328409, 10.906395663989795, 18.911224665501273, -0.8075688531192571, -0.5895840837868019, -0.01493839405442042, -0.5851899280237753, 0.7978841658287003, 0.14468450524975968, -0.07338457338689466, 0.12558449771017263, -0.9893650682754609
-12.607332738894398, 10.876909569066099, 18.909850735922163, -0.8037888725982364, -0.594398219936833, -0.02478314796752744, -0.5912143413295694, 0.7934568759135215, 0.14453992068559435, -0.06624991240371145, 0.1308317323950074, -0.9891885598332716
-12.646174742204936, 10.850129776237097, 18.90633565501378, -0.799305436042041, -0.5998536452626859, -0.035866755898887694, -0.5980954506298198, 0.7883382958717073, 0.14423787019366702, -0.05824647499682165, 0.13674185726089932, -0.9888928216057009
-12.684489959523077, 10.822834546367945, 18.901459663646687, -0.7938950855855152, -0.6061242438481249, -0.048414812843859886, -0.6060560567248954, 0.7823227119110651, 0.14376101883051337, -0.04926103115280582, 0.14347325690753485, -0.9884274254400809
-12.72175810540061, 10.79399464116839, 18.89706592208107, -0.789932632647186, -0.6104539599977123, -0.05789990157329476, -0.6117207153107183, 0.777973613745765, 0.1433695322413324, -0.04247590303724083, 0.14867084125162738, -0.9879740779102985
-12.758990336694549, 10.764685965502418, 18.894595020605358, -0.7864938248985303, -0.6139928693342466, -0.06663497432414148, -0.6165346866494223, 0.7742273059945864, 0.14302817488335534, -0.03622766283627327, 0.1535735493470929, -0.9874728965325364
-12.796479270742187, 10.735691364219893, 18.89311579278395, -0.7822019396760905, -0.6184437558537224, -0.07541516036250936, -0.6222951936650511, 0.7696836076374963, 0.14260377300585395, -0.030146600278275454, 0.15847543967337652, -0.9869025876508744
-12.833870959742057, 10.70671885521938, 18.89156355467678, -0.7736252870923662, -0.6288651392697071, -0.0776695035554226, -0.6329337283498205, 0.7611320421549584, 0.14167889723673768, -0.02998017158805896, 0.15876602601411433, -0.9868609518545336
-12.870796300478219, 10.677337657074974, 18.889150416268265, -0.7657925649402115, -0.6387693040643527, -0.07440109990742201, -0.6421924395318308, 0.7534888942654439, 0.14086645032368303, -0.0339207619378985, 0.15565430416079495, -0.9872290106686348
-12.906900898161217, 10.64713225422109, 18.88512713885182, -0.7597467801068564, -0.6465101012593253, -0.06935069636940189, -0.6490597558366451, 0.747699966514384, 0.14023620583737834, -0.03881061028299605, 0.15155675189197584, -0.9876863305146101
-12.942203094502739, 10.616073993913398, 18.87972397351906, -0.7526956630523413, -0.6548999483487458, -0.06749293648231967, -0.6570710486577551, 0.7408212483457671, 0.13943283334716103, -0.041314353897821406, 0.14929814349893705, -0.9879287365543005
-12.977114043777284, 10.584541926749816, 18.874203490057766, -0.7427289899880349, -0.6659146385035125, -0.07008096501968189, -0.6683440143012931, 0.730885481037346, 0.13828482258165725, -0.04086472781001504, 0.1495463400941116, -0.987909897807219
-13.011937941374326, 10.55280766639232, 18.869619074513434, -0.7302207441307184, -0.678894295203808, -0.07668246723276981, -0.682164699016337, 0.7182850543168459, 0.1368133917458234, -0.03780196102228344, 0.1522140489073552, -0.9876243694128345
-13.046617467331776, 10.52077789259584, 18.866280838576746, -0.7170415708130476, -0.6918862575928942, -0.08452687312361963, -0.696203395559824, 0.7049997386049254, 0.13518949877101447, -0.033944332913292845, 0.1557843866409152, -0.9872076818694158
-13.081012090821222, 10.488289322950973, 18.86427688430326, -0.7053728150657785, -0.703022525077821, -0.09060088851321173, -0.7081501781251975, 0.6932866026205019, 0.13370494324509208, -0.03118520462382797, 0.1584708675439328, -0.9868710488976983
-13.11477250842258, 10.455125276320667, 18.862695136704517, -0.6966068501011848, -0.7112698845169234, -0.09398961523162067, -0.7168262584215848, 0.6845250917620391, 0.13261038415404452, -0.029983522631888224, 0.15975152621322405, -0.9867017980337974
-13.147420937167562, 10.421037329555489, 18.860000656090094, -0.6911450638835634, -0.7163142468752218, -0.09598125021569985, -0.7221195874141985, 0.6790630018248897, 0.1319725010194082, -0.02935646678557785, 0.16052208345319263, -0.9865955901896752
-13.17882184389349, 10.386010800034834, 18.855338319413747, -0.6894819102222915, -0.7173707744974955, -0.09996933216283599, -0.7238056314273835, 0.6773006452882712, 0.13179242696793422, -0.02683474222396525, 0.16322685988817845, -0.9862235491108586
-13.209522346952816, 10.350495504478829, 18.849220254908204, -0.6917209942415602, -0.7138689327609634, -0.10914766586689204, -0.7218836590677338, 0.6792913003728799, 0.13208827354728309, -0.02015065498805149, 0.17016014832047222, -0.9852103709498329
-13.240149988116626, 10.314995982440697, 18.842319667167327, -0.6962076113439549, -0.7074604803553439, -0.12163318067916605, -0.7177591832053596, 0.6835125740407392, 0.13278673146281605, -0.01080355641072081, 0.1797504655448465, -0.9836529130263842
-13.271332309156012, 10.280016773473685, 18.83530976078501, -0.701629999936944, -0.7000366717013498, -0.1329059873059924, -0.7125383537372595, 0.6887622403498332, 0.13377470135146857, -0.002106571119142295, 0.18856095709763254, -0.9820592282630131
-13.303694679793429, 10.246065601521916, 18.828843874932222, -0.7071840759668068, -0.693571754222659, -0.13729131233795192, -0.7070272475012612, 0.69420897209277, 0.13485686618296427, 0.0017759475679081096, 0.192437326967517, -0.9813076587899603
-13.337726429589514, 10.213837149899305, 18.822376679850535, -0.7124916963413908, -0.6888113941788474, -0.13377012332340868, -0.701680541620338, 0.6994208740865151, 0.13584865992509548, -1.2488258813711517e-05, 0.19065493474192483, -0.9816571171761533
-13.373335316738439, 10.183596226846234, 18.81472210077471, -0.7166961411422784, -0.6856712511549983, -0.12728541397704016, -0.6973735763877221, 0.7035746386108508, 0.13657533767049107, -0.004090993518113414, 0.1866485018508049, -0.9824182411421751
-13.409715974071931, 10.15427654931736, 18.806841095747437, -0.7188556855119651, -0.6841577250553174, -0.12318567552380172, -0.6951265387495056, 0.7057243345108702, 0.13693888711874894, -0.006752668602463206, 0.18406892982337383, -0.9828901416437257
-13.44598763083994, 10.12466462072611, 18.79994523773518, -0.7184421269043272, -0.6845082938119597, -0.12364993324634906, -0.6955563650023873, 0.7053075980606829, 0.13690337914944212, -0.006500261060330207, 0.18436265299813312, -0.9828367915303322
-13.48129260040352, 10.093587225573028, 18.795175782764062, -0.7153600550515155, -0.6872557292347692, -0.12625194759162497, -0.6987374239252768, 0.7022491605415738, 0.13642627651930853, -0.00509941594310423, 0.18581086930704693, -0.982572295968291
-13.515268245678401, 10.060734995103887, 18.792166007200294, -0.709015559209479, -0.6935344417392618, -0.12769853139437518, -0.7051751884826422, 0.6959954082828704, 0.13534528140142366, -0.004989022683828545, 0.1860117463241798, -0.982534854283597
-13.548027827468294, 10.026628988221095, 18.78909954599838, -0.699220715946143, -0.703789143796903, -0.12558356367528886, -0.7148627692985843, 0.6863777047616725, 0.13362959057356105, -0.007849296944461126, 0.18321159209973742, -0.9830421664698608
-13.579707723701691, 9.991821302675199, 18.784130989169565, -0.6874829057230074, -0.7158433782588945, -0.12221093298696209, -0.7261054869761077, 0.6748661456022499, 0.13163019145755459, -0.011750579638474992, 0.179231535514418, -0.9837367435220177
-13.610639960575437, 9.956734699977257, 18.77691314181944, -0.6755844284141637, -0.7273809415667419, -0.12042693191220862, -0.7371412200873682, 0.663184532848848, 0.129649901805445, -0.014439589066662109, 0.17636111032632787, -0.98421961829261
-13.641428641406003, 9.921599548565364, 18.76923919738081, -0.6653870504826498, -0.7363025059273897, -0.12295809373541024, -0.746369707217591, 0.6531255722389488, 0.12790327218438607, -0.013868424493326344, 0.17687737744717946, -0.9841351838794714
-13.67236790961912, 9.886503590007138, 18.76210675955941, -0.6575893450959847, -0.7421976763780876, -0.12930144003529728, -0.75330437018793, 0.6453936685030383, 0.12648928220191918, -0.010429720609890489, 0.18058134409500323, -0.9835047529589482
-13.703384705443543, 9.851393256399339, 18.755445331175903, -0.6516692350250548, -0.7462348311819268, -0.1358704708637647, -0.7584735716490548, 0.6395185975156551, 0.12543446313328613, -0.006711872450076914, 0.18479594195352544, -0.9827539929228084
-13.73438698043146, 9.816207672495382, 18.749129181811167, -0.6470234475179575, -0.7497573852266217, -0.1386525212901521, -0.7624505034571496, 0.6349153630525585, 0.12470650158583112, -0.005467004656662777, 0.1864037152472477, -0.9824580229211358
-13.76528268613506, 9.780885963048688, 18.743032581046055, -0.6424171611036744, -0.7543857395443299, -0.1349160742522927, -0.7663077287223375, 0.6303862663270761, 0.124038784767592, -0.008523850063670485, 0.1830718744055548, -0.9830625782633213
-13.795979774106533, 9.745367252812672, 18.737029798461432, -0.6359503789491476, -0.7613447875713204, -0.12617935628468105, -0.7715856237264909, 0.6241131004328989, 0.12303846198094412, -0.01492450243852421, 0.17560453384242447, -0.9843476555165594
-13.826386195898076, 9.709590666540752, 18.73099510363817, -0.6272402746232975, -0.7698291142357939, -0.11803716688155173, -0.7785423856697952, 0.6156806478551984, 0.12169261921820523, -0.02100932188515875, 0.16822744939972245, -0.9855242937961446
-13.856409903061877, 9.673495328986345, 18.724802766157126, -0.6175397146988718, -0.7781524489221006, -0.11455770164495008, -0.7861699453670212, 0.6062019367174782, 0.12023322719445548, -0.024114679580101064, 0.16431061486257065, -0.9861138393067168
-13.885924458409667, 9.636980465044514, 18.718510747463842, -0.60811873642147, -0.7855090823448222, -0.11474791486972812, -0.7934571727240695, 0.5969134193319979, 0.11882796335084034, -0.024845874222516336, 0.1633090670329664, -0.9862620499435943
-13.91463633527241, 9.599751432474623, 18.713069538880696, -0.6002468531060968, -0.7911585405790106, -0.11735364930464567, -0.799456655769003, 0.5890941692259405, 0.11763126850731839, -0.02393263217595514, 0.16442695476377658, -0.9860988822954021
-13.942229033648097, 9.5614889437504, 18.709555812871667, -0.5952125144097341, -0.7943869358918432, -0.12112579731176518, -0.8032653011845389, 0.5840506271770896, 0.11683201961346125, -0.02206623218753173, 0.1668360302165481, -0.9857377036608821
-13.968924313399407, 9.52253172048309, 18.70629807529859, -0.5942575352687821, -0.7945286599316318, -0.12482864384234028, -0.8040284306007761, 0.5830350387058887, 0.11665516030967359, -0.019906395000732185, 0.16968898664459137, -0.985296596588868
-13.995318550893295, 9.483529540745446, 18.70128812236804, -0.5970220244961476, -0.7920040874941576, -0.12764884511450972, -0.8020235898414451, 0.5857038173358466, 0.11708629166584228, -0.017968405726799627, 0.17228047988894127, -0.9848840402021313
-14.021894854692622, 9.444827868404762, 18.694875249971386, -0.6013782886606979, -0.7883744640656886, -0.12965283775015787, -0.7987965115560571, 0.5899557381681797, 0.11779796317556529, -0.016379470486072387, 0.17440737201040699, -0.9845373439006869
-14.049129671818964, 9.406755605396041, 18.687533077008826, -0.6053797939397283, -0.7847789731481101, -0.13280537788090527, -0.795811739895524, 0.5938425018553147, 0.118468382426195, -0.014106017650309667, 0.17740644378042866, -0.9840365714602434
-14.07749944929391, 9.369641653654302, 18.67973522238058, -0.6072072023591343, -0.782232364042686, -0.1393267456283401, -0.7944811285001652, 0.5955542206028082, 0.1188061731531053, -0.009957402286606453, 0.18283243412035108, -0.9830936634793911
-14.107456729260726, 9.333796714335675, 18.671948520797127, -0.6065018574723903, -0.7816459523721967, -0.1455510289304125, -0.7950578235304798, 0.594804740666852, 0.11870289686109382, -0.0062091968495808485, 0.1877150117076426, -0.982203909712277
-14.138729159156595, 9.298979565759758, 18.66443408229862, -0.6044441707850361, -0.7829604342757399, -0.14703809969778148, -0.7966285352253304, 0.5927715101258935, 0.11834235779217978, -0.00549738744628446, 0.18866609430899994, -0.9820259077995107
-14.170206386506733, 9.264310946977002, 18.657215193067223, -0.6022501068891314, -0.7851615711461274, -0.14427791219509084, -0.7982728587217656, 0.5906242521977744, 0.11799760906052272, -0.0074331541225648445, 0.18623721408774482, -0.9824766909747151
-14.200731383737114, 9.228876059389506, 18.650301892920716, -0.5998542671737964, -0.7880626495040604, -0.1383189018537528, -0.8000286380181262, 0.5883088105283157, 0.11767294423791841, -0.011359423587913363, 0.1812457003942403, -0.98337223856704
-14.229199368333648, 9.191800400063462, 18.64370675523375, -0.5956112204838026, -0.792585693066845, -0.13059553277024533, -0.8031035663072441, 0.5842254401189496, 0.11706962416615808, -0.016490476596544183, 0.1746097198427641, -0.9844996241330163
-14.255610282540138, 9.153061520169702, 18.63749592558424, -0.5878090939835425, -0.7996627688939868, -0.12255580392233174, -0.8086996140898308, 0.5766839012646475, 0.11593365427323041, -0.022031867855574164, 0.1672576876170075, -0.9856670141238401
-14.281017493906289, 9.1134494586498, 18.63178663405263, -0.576304262517249, -0.809071359104767, -0.11522557390100016, -0.8167779398092136, 0.5655119930952787, 0.11432402506219846, -0.027334850383098422, 0.159999129815667, -0.9867386099736662
-14.306499226439817, 9.0737744933593, 18.626693979968977, -0.5627976653762282, -0.8193582576123817, -0.10913676525107865, -0.8259776179723894, 0.5523534129659126, 0.11254635397721838, -0.031933719728907094, 0.1534853506602829, -0.9876347931684898
-14.332531381298448, 9.034419898385373, 18.62218649048806, -0.5491550806616468, -0.829123224992034, -0.10480159904461937, -0.8349699811328621, 0.5390174492229002, 0.1108391629354258, -0.035409433636925884, 0.1483740786392528, -0.9882971743344534
-14.358842175868828, 8.995238893563002, 18.618050747755024, -0.5374497016976812, -0.8370399219252579, -0.10252798275803335, -0.8424620834907894, 0.5275303470175385, 0.1094046199020561, -0.03748941217772602, 0.1451754183011488, -0.988695424231171
-14.385113207317822, 8.956051648329822, 18.61406198912373, -0.5286681417405524, -0.8427575740797915, -0.10133936668312024, -0.8479452211825791, 0.5188953961447141, 0.10833498850070074, -0.038715601276720545, 0.14320348875277047, -0.9889357223939366
-14.411026072812295, 8.916678332123471, 18.609995451948016, -0.5218893785476794, -0.8471545471982271, -0.09980305466509481, -0.8520759654960168, 0.5122524213776541, 0.10753606751579217, -0.03997531217073771, 0.14116171561049048, -0.9891791265805983
-14.436262369519124, 8.87693911438158, 18.60562637358174, -0.5160637391334468, -0.8510917858953578, -0.09654526986370877, -0.8555164911795936, 0.5066204694311436, 0.106898237932737, -0.04206840229153144, 0.1377623748881322, -0.9895715121171484
-14.460503694605169, 8.83665416454179, 18.60072999137875, -0.51054481517605, -0.854989495673418, -0.09130692188967583, -0.8586655870670477, 0.5013838427023068, 0.10633744337659559, -0.045137581721391075, 0.13269214206268126, -0.9901289785432815
-14.483535141438615, 8.795697737886751, 18.595188547395363, -0.505570155244422, -0.8586231249079501, -0.08464719427977437, -0.861401510434306, 0.49676927964222656, 0.10586652268417768, -0.04884931880412792, 0.12643817531525064, -0.9907709785189122
-14.505777230418918, 8.75427615606969, 18.5895412515723, -0.5014634457270961, -0.8617334337504884, -0.07713560627946285, -0.8635610038663776, 0.4930827785999352, 0.10550718482388616, -0.05288482959036668, 0.11951929804328613, -0.9914223783002066
-14.527891488850528, 8.71272168799548, 18.584576490842615, -0.49856114330202456, -0.8640770842642614, -0.06933670628714972, -0.8649819809289115, 0.4906355755577432, 0.10527537539908419, -0.05694698462319233, 0.11246121307586213, -0.9920229415168944
-14.550514703221435, 8.671354680774561, 18.58104381366946, -0.4972153335886608, -0.865423791871588, -0.06179459933456322, -0.8654969615666238, 0.4897471438627695, 0.10517958260614112, -0.06076118467623102, 0.10577993921751992, -0.9925314518421463
-14.573855835821186, 8.630289008969568, 18.579025349259265, -0.497850029218012, -0.8655480270763464, -0.05451569711439996, -0.8648745548988226, 0.49083493346878143, 0.10522866707917745, -0.06432225661610498, 0.09953733425675665, -0.9929526506298629
-14.597766458198313, 8.589466066537478, 18.578045685979077, -0.5007277844084592, -0.8643204976381923, -0.0471355840513637, -0.8629445352430648, 0.49418230761696413, 0.10540671673334254, -0.06781161416399431, 0.09345546640427116, -0.9933114621223466
-14.622087170828333, 8.548821952677729, 18.577612296975634, -0.5047575233208439, -0.8623038860257188, -0.04064296736155008, -0.8603530266255045, 0.4986380007891051, 0.10560688303978323, -0.07079909764496849, 0.08827316870934622, -0.993577040525127
-14.646658574186732, 8.508292766589763, 18.577232655395647, -0.50837064508604, -0.8603627356133474, -0.036541078018041614, -0.8580711962370372, 0.5025254532664433, 0.10574493372117473, -0.07261617865974118, 0.08511246669714603, -0.9937216705947314
-14.671322259427548, 8.467814843775932, 18.576423364350084, -0.5100713237641756, -0.8593675662642585, -0.03625783675989038, -0.8570606170251799, 0.5042388887905846, 0.10578393911957672, -0.07262467499327961, 0.08503251780514137, -0.993727894092663
-14.695947688187488, 8.427331167582532, 18.57495787768677, -0.5092321170264269, -0.8597075673041721, -0.039818961673125104, -0.8577086100018835, 0.5031520592597901, 0.10570688525952071, -0.07084201661034427, 0.08798240723334975, -0.9935997708836314
-14.72043534953021, 8.38679212221415, 18.572895593977577, -0.5059420609150296, -0.8613367668053498, -0.04606088521032623, -0.8598945042187279, 0.4994539361159145, 0.10548557869561087, -0.06785331687898803, 0.09297709313388115, -0.9933535058280578
-14.744687356866578, 8.346148479324953, 18.570310881566495, -0.5003042833963052, -0.8641778207486979, -0.05378027650859704, -0.8634599285591357, 0.49334853738118223, 0.10509125765971498, -0.06428511326864049, 0.09901472006666394, -0.9930073058251678
-14.768605823607453, 8.305351010569094, 18.567278108797527, -0.49242560250825973, -0.8681593567709176, -0.061776672340648764, -0.8682304088234875, 0.48502898931470734, 0.1045123759109568, -0.06076992009684591, 0.10510095515959875, -0.9926030455504169
-14.792092863163695, 8.264350487600733, 18.563871644014647, -0.4824222873560011, -0.8732271807165521, -0.06886964149772955, -0.8740226096430489, 0.47467912410858837, 0.10375069623023245, -0.057906946862690545, 0.1102452719771932, -0.9922160881137316
-14.815050588946164, 8.223097682074043, 18.560165855561863, -0.4707687669426532, -0.8791657654615422, -0.07378566874206996, -0.8804603730278479, 0.4628303081384897, 0.10284764166520119, -0.05626988181040425, 0.11338281487443873, -0.991956671277628
-14.837381114365723, 8.181543365643178, 18.55623511178316, -0.45883586450805797, -0.8853971713548346, -0.0744412412443582, -0.8867100306414475, 0.450944290609569, 0.1019537558232941, -0.05670071428991321, 0.11278783499779685, -0.9919999663687109
-14.858986552833226, 8.139638309962296, 18.552153781022533, -0.4476684849094345, -0.8914386241656257, -0.07021472042661442, -0.8922305663977749, 0.44009541790856155, 0.10119604498889466, -0.05930888638641934, 0.10794999991470505, -0.9923856374988597
-14.879769017759543, 8.097333286685565, 18.54799623162397, -0.4377634822366515, -0.8969295487071222, -0.06229380608117681, -0.8968518473809954, 0.4307383583388566, 0.10060432647179023, -0.06340266137424161, 0.09990921534866073, -0.9929744464079014
-14.899631404569716, 8.054579391979926, 18.543838015230495, -0.4295917574798792, -0.9015273974898032, -0.05195453282064332, -0.9004351624579904, 0.42329823300127845, 0.10017546679326168, -0.06831866593107015, 0.08981624303686953, -0.9936124004722068
-14.918674989433143, 8.011410044160845, 18.540054861851168, -0.42364400936937063, -0.904924224567459, -0.04047099104824945, -0.9028440184346176, 0.4182024578479129, 0.09989685994462788, -0.07347402059419765, 0.07885969845838561, -0.9941743892581301
-14.937452804512857, 7.968046834449892, 18.537690280105984, -0.42043562672075707, -0.9068549013553404, -0.02912167013960746, -0.9039328343198527, 0.41587743122425797, 0.09975667013683975, -0.07835377988586091, 0.06826529195798126, -0.9945856097347727
-14.956360111104068, 7.9246654642124525, 18.537111988478532, -0.42049988977152647, -0.9070895777596519, -0.01919220211311181, -0.9035378942493587, 0.41674355833518584, 0.09972000923366572, -0.08245675446904814, 0.059273134774061174, -0.9948304273274351
-14.975546275429648, 7.881361211511673, 18.53783313586695, -0.4243705541891056, -0.9054094822249814, -0.011970891124828492, -0.9014660682387078, 0.421203648733804, 0.09973171064198161, -0.08525585347339536, 0.053114553470978036, -0.994942351927036
-14.995147970043256, 7.838225202774863, 18.539322756321734, -0.43163433942747337, -0.9020222863534112, -0.006898691816070643, -0.8978410132025931, 0.42887057530380485, 0.09975742904628418, -0.0870247783010656, 0.04925266043928923, -0.9949878709820048
-15.015301867498538, 7.7953485644293306, 18.541049883893383, -0.43843807214333885, -0.8987605735742732, -0.0012199523251740661, -0.8943318849837262, 0.43614224588637535, 0.09975179624770639, -0.08912090886367689, 0.04482602750224273, -0.995011603380423
-15.036144640349153, 7.752822422902385, 18.542483552632405, -0.4423260310605, -0.8968466082414251, 0.0037206897367751397, -0.8922183185175907, 0.44045705341989766, 0.09971988865970752, -0.09107224795682088, 0.04078903502797222, -0.9950085930651947
-15.057812961148747, 7.710737904621326, 18.543092796589285, -0.44324395054586274, -0.896376942290341, 0.00657096908493746, -0.8916382064444115, 0.44163168000854464, 0.09971342949384242, -0.09228276715123912, 0.03833844732183175, -0.9949944996550792
-15.080443502450963, 7.669186136013474, 18.54234664981453, -0.4416502190290884, -0.8971537398343804, 0.007762160314173388, -0.8923645682283488, 0.4401555785667059, 0.09974238831731032, -0.0929008148629005, 0.037124570809547945, -0.9949830173626162
-15.10374509819625, 7.628021442678641, 18.540585219813714, -0.4380073083223547, -0.8989373885038394, 0.007821087271154596, -0.8941351677579434, 0.43653567340942834, 0.09979432658949683, -0.09312303493056893, 0.03671753519606417, -0.9949773479705183
-15.12602999271173, 7.586337683453443, 18.539487560803916, -0.43276411870821413, -0.901477852745873, 0.007273140132915697, -0.8966816630209062, 0.43126726884361943, 0.09985258147002228, -0.0931515580157675, 0.0366909230308474, -0.9949756597054924
-15.146682717559065, 7.543803573617344, 18.539458416769623, -0.4263663016183995, -0.9045261996412094, 0.006643117256161236, -0.8997371672516602, 0.42484265657255915, 0.09990869342719254, -0.09319231035984768, 0.03662064061429944, -0.9949744328226691
-15.166045332155756, 7.500599138101056, 18.540228450398235, -0.41926741293195174, -0.9078398279176337, 0.0064562605143714475, -0.9030402591086705, 0.4177617620701443, 0.09996699745912846, -0.09345120053960544, 0.03608264123549272, -0.9949698066369538
-15.1844792739594, 7.456914749313794, 18.541514701168584, -0.4119393049502051, -0.9111825609966613, 0.00723530045731886, -0.9063367447308898, 0.4105429270583917, 0.1000410425422591, -0.09412605477632618, 0.034653218867715815, -0.9949570042139261
-15.202345980427603, 7.4129407796647495, 18.543034208559483, -0.4058177611484246, -0.913921956838428, 0.0076551646029734775, -0.9090450698310408, 0.40449085904893123, 0.10012095665611542, -0.09459918473411018, 0.03367197283314509, -0.9949458238985507
-15.220006889017958, 7.36886760156315, 18.544504012049764, -0.40531067963848555, -0.914171683795201, 0.003658622423251896, -0.9094364171872402, 0.4036119020284049, 0.10011411306428836, -0.0929981508666961, 0.03725003473904781, -0.9949692351260491
-15.23782343718806, 7.3248855874181835, 18.545641151118243, -0.4089467243060289, -0.9125540140952882, -0.002783529763661879, -0.908088459115622, 0.4066402391478082, 0.10009528623680888, -0.0902104600386463, 0.04346133067900352, -0.9949739622900823
-15.25615706239552, 7.281185109639069, 18.54616266524375, -0.4141430521434277, -0.9101663604596598, -0.009095529063374677, -0.9060059819346455, 0.4112493184701069, 0.10013570170778954, -0.08739961704701506, 0.04971110887406569, -0.9949322150752512
-15.27536920209792, 7.237956540635021, 18.545785593905094, -0.41998092453558383, -0.9074211367325878, -0.014244424775125825, -0.9035420404009253, 0.4166121840434003, 0.10023008198500376, -0.08501649401362552, 0.05496515912399393, -0.9948623156136257
-15.295821293752866, 7.19539025281523, 18.544226976581108, -0.4255595979048693, -0.9047669206555445, -0.01720023018827232, -0.9010671840679537, 0.4219118674846294, 0.1003409481292703, -0.08352818941467816, 0.05819961652035278, -0.9948044261109766
-15.317837429000578, 7.1536546361648785, 18.54124096492774, -0.4300638524233348, -0.9026360349242591, -0.017125165546986294, -0.8989429987985698, 0.4263989698315894, 0.10042610934211268, -0.08334607219200434, 0.05858418713928585, -0.9947971276935788
-15.3401591626408, 7.112005208871043, 18.53816470254346, -0.4330177532328704, -0.9012747929397797, -0.014119950301407459, -0.8974160939207422, 0.42958958466710484, 0.1004845416846885, -0.0844984009150145, 0.05618306112078261, -0.9948384209940345
-15.361947465997684, 7.07000116030305, 18.535950096859942, -0.4340375955749823, -0.9008539744424604, -0.008572185177120675, -0.896697850654242, 0.4310786412825189, 0.10051949891478715, -0.08685810416737526, 0.05131590164111052, -0.9948981596018807
-15.383123522691323, 7.02765979304388, 18.534799509957146, -0.43271730126708574, -0.9015292582913097, -0.0008565213663855541, -0.8969993139403386, 0.43044749669547966, 0.10053448850596933, -0.09026609537745589, 0.044271311628592984, -0.994933205291688
-15.403608516341814, 6.984998409676553, 18.534915303915046, -0.4286318751241194, -0.9034377890739084, 0.00865314398524189, -0.8985184537912263, 0.4272610958175048, 0.10056114655993562, -0.09454789169624662, 0.035328703260564205, -0.9948932500030956
-15.423359163917125, 6.942041220046647, 18.53641298521979, -0.4214405296471528, -0.9066468017496802, 0.019479652147908186, -0.9013830920734157, 0.4211568176737416, 0.10067500310948506, -0.09948065789335822, 0.024869897547094108, -0.9947286498845309
-15.442512591018087, 6.898847503304247, 18.538967080267827, -0.4143612131013013, -0.9096881698701721, 0.027788822851549048, -0.9042319874556481, 0.41495730183230334, 0.10087095973600753, -0.10329229370687117, 0.016669470726795477, -0.9945113527790731
-15.46126303923223, 6.8554876412717665, 18.542112504548196, -0.4096785834184837, -0.9117161857614172, 0.030611352614308352, -0.9062047133978747, 0.4105939121587106, 0.10102305040772076, -0.1046731852180892, 0.013646828161078532, -0.9944130371115625
-15.479804772757472, 6.812032020166778, 18.545384118282477, -0.40755645697698534, -0.9127662767941477, 0.027485602116670976, -0.9072983081503493, 0.4081586099236295, 0.10107585850599639, -0.10347712019514481, 0.016256478479661742, -0.9944989756171496
-15.4983320557917, 6.768551026206886, 18.548316781692264, -0.40720178007560137, -0.9130744530918846, 0.021948881844350655, -0.9077107580892778, 0.40723954596913975, 0.10107982908492374, -0.10123186233716158, 0.021236650154970976, -0.9946361720438008
-15.517039152532828, 6.725115045609657, 18.550445354999134, -0.40859314700816207, -0.912599198197048, 0.014640480459038043, -0.9074179700527613, 0.40789475918744134, 0.10106677521690884, -0.09820523327854007, 0.028010156685105887, -0.9947719152042761
-15.536120327178761, 6.681794464592694, 18.551304698424683, -0.41129640961132335, -0.9114805180321636, 0.006207148190061087, -0.9065728094131859, 0.4097701066069385, 0.10106533017816584, -0.09466258328145265, 0.035940575665354885, -0.9948604275712876
-15.555769843927397, 6.638659669373588, 18.55042967219049, -0.4147708366492077, -0.909922730464549, -0.0024036741159846687, -0.9053653602590396, 0.41242642033980054, 0.10108418396919326, -0.09098745797271013, 0.04410297483886851, -0.9948749720955024
-15.575928720850941, 6.595852137568142, 18.54779617837438, -0.41849148475896575, -0.9081628923981219, -0.010248807506908411, -0.9039882981887046, 0.4154265890446043, 0.10112322113468857, -0.08757872984992396, 0.0515840090128988, -0.994821117634739
-15.596152631412478, 6.553248686156016, 18.54529648492604, -0.4219514303142748, -0.9064702521538556, -0.01639122984596535, -0.9026385343628837, 0.41833828129036493, 0.1011768683556122, -0.08485674244845276, 0.057487080001936974, -0.9947334159933947
-15.616503255745535, 6.510641605496757, 18.543341483945653, -0.4246561801623533, -0.9051360530709821, -0.01989608205157747, -0.9015183824999221, 0.42073370900646834, 0.10123118156173297, -0.08325703973024176, 0.060925130584551034, -0.9946639602391415
-15.636918252806554, 6.4680100753955205, 18.541911196922463, -0.42611172897443444, -0.9044532784840962, -0.01982577791129789, -0.9008344905267972, 0.42218699324107706, 0.10126876821303019, -0.08322268385328498, 0.06101155445838701, -0.9946615379689855
-15.657335281543006, 6.425333275666964, 18.54098564533228, -0.42580900989715126, -0.9046846729953316, -0.01524235997926792, -0.9007941092019389, 0.4222715169616078, 0.10127555870015223, -0.08518603123454639, 0.05685427345655258, -0.9947416406646675
-15.677692000902338, 6.382590386125762, 18.540544850650882, -0.4235860041969913, -0.9058351269016333, -0.006133507930089823, -0.9014585652659055, 0.42085376433337507, 0.10126482190357747, -0.08914792289875148, 0.048423464534562165, -0.9948405982494424
-15.697926069832011, 6.339760586586593, 18.54056883435407, -0.420196859313332, -0.9074265001054821, 0.0034272918648942468, -0.9026197856338533, 0.4183535725182914, 0.10128085181059286, -0.09333874868192968, 0.03946435439099463, -0.9948519702583866
-15.717975147279493, 6.296823056864111, 18.541037617917645, -0.4159439872277782, -0.9093086838447937, 0.012178545623634485, -0.9041809404714709, 0.4149556017283198, 0.10133447331690425, -0.0971978722873306, 0.031137856039507503, -0.9947778684430402
-15.737776892192233, 6.253756976773001, 18.5419312228174, -0.4113053821106392, -0.9112845481022726, 0.01970672567572253, -0.9059375756014931, 0.41108527169948345, 0.10141996107794031, -0.10052358807817245, 0.02386151256310062, -0.9946484989472868
-15.757268963517703, 6.210541526127919, 18.54322967052913, -0.40676653566030674, -0.9131734464732313, 0.0255976976135184, -0.9076921800447968, 0.40717078676720286, 0.10152269051252166, -0.10313045986727985, 0.018061203159749923, -0.9945038467436844
-15.776389020203354, 6.167155884743547, 18.54491298252863, -0.40281876679299594, -0.9148062905782746, 0.02943623341712355, -0.9092542891710103, 0.4036441486737311, 0.10162695934435745, -0.10485074507837683, 0.014172224944457391, -0.9943869816608788
-15.795102974287218, 6.123591821575216, 18.546936264321843, -0.39995550954558706, -0.9160167048253289, 0.030805630411923662, -0.910439456707444, 0.4009410710765451, 0.10171653353436198, -0.10552528632694622, 0.012635426583184454, -0.9943363414562887
-15.813524377504242, 6.079906891546331, 18.54912442021685, -0.3986663920836626, -0.9166282438668959, 0.029287717024134644, -0.9110671790256089, 0.39949939842397797, 0.10176849198646354, -0.10498429942288785, 0.013888599798759902, -0.9943768921642917
-15.831814847898302, 6.036180067184979, 18.551259965576666, -0.3994288796653292, -0.9164377193824406, 0.024463781032599167, -0.9109548388204181, 0.399755789940761, 0.10176733286523933, -0.10304296055027812, 0.01836341204540181, -0.9945073822647497
-15.850136029556586, 5.992490332623715, 18.553125392797117, -0.4026838980748159, -0.9152003924620211, 0.015934863307665643, -0.9099144614196678, 0.40212926049942677, 0.1017237963779369, -0.0995055331658856, 0.026463172288045858, -0.9946850503460009
-15.868649566566253, 5.948916671995125, 18.55450319427403, -0.4074664951468399, -0.9132056424062694, 0.005148787245849159, -0.908268805019878, 0.4058371400915709, 0.10170542537179401, -0.09496753740364744, 0.03676507037457439, -0.9948012346392818
-15.887517103014497, 5.905538069431762, 18.555175862403228, -0.41187703741978565, -0.9112248324473446, -0.00515856352188395, -0.9067245782916795, 0.40926693985299883, 0.1017404101875841, -0.09059715871966667, 0.04658193506790698, -0.9947976066302395
-15.906900282988499, 5.862433509066209, 18.554925889580552, -0.41572834556880717, -0.9093713581518621, -0.014617649046969671, -0.9053616605463792, 0.41225892337487446, 0.10179805356927042, -0.08654597797312798, 0.055554595406926255, -0.9946976830303003
-15.926960750575423, 5.8196819750310445, 18.553535768201808, -0.41889189992773485, -0.9077453209314351, -0.02297843558683847, -0.9042413781591327, 0.41469665219936624, 0.10185389869568116, -0.0829283196489883, 0.06344382540266459, -0.9945339485500088
-15.9478541823904, 5.777359305092445, 18.550796279247077, -0.4212439471418239, -0.9064512107323573, -0.0299956589895917, -0.903423701465128, 0.4164652109298504, 0.10189378644550703, -0.07986959764155394, 0.07002093006379413, -0.9943429572967155
-15.969106215806944, 5.735209271440218, 18.547373515330435, -0.4226614806041343, -0.9055950122378207, -0.03542522580735801, -0.9029674972932427, 0.4174484684045435, 0.1019140572182198, -0.07750465563757303, 0.07506297380654531, -0.994162249493421
-15.989826404200734, 5.692761029482907, 18.544519609965224, -0.42301829329899354, -0.9052805591698059, -0.03902092673950894, -0.902931174579852, 0.4175277284663566, 0.10191118649870233, -0.07596589699500435, 0.07834350739485565, -0.9940279057163419
-16.010036441573735, 5.650030812270182, 18.542230243826317, -0.42218015165241213, -0.9056055839335665, -0.04052710079798825, -0.9033730734578006, 0.4165805036289892, 0.10187136078223771, -0.07537247310625667, 0.07961915815029545, -0.9939717198961372
-16.029827392301435, 5.607071835466702, 18.540405438000157, -0.4199551628862004, -0.9066838633570469, -0.03952256435461484, -0.9043652017633752, 0.4144445745944702, 0.10178053069570045, -0.07590285241487728, 0.07848609123372405, -0.9940214738516151
-16.049290320759297, 5.56393731473715, 18.53894521357319, -0.41609907815570973, -0.908629089047306, -0.03542224858801991, -0.9059853209467866, 0.41092609057039553, 0.10163831126833597, -0.07779560004856692, 0.07438364487973176, -0.9941905843385812
-16.0685162913228, 5.52068046574621, 18.53774959163185, -0.4116967244564195, -0.9108436869807256, -0.029488725967952552, -0.9077624722946649, 0.40701768813578293, 0.10150810528268342, -0.08045558380456136, 0.06855931324014664, -0.9943975661689377
-16.08759636836743, 5.477354504158537, 18.53671859326258, -0.40872874473991466, -0.9123345969013581, -0.024215625537452174, -0.9088965516101932, 0.4044960269119498, 0.10143974903136739, -0.08275186822322055, 0.06347083983439678, -0.994546922370324
-16.106620853721452, 5.434012034670488, 18.535754893352067, -0.4072404608777645, -0.91311400395124, -0.019442808752875695, -0.909380068209556, 0.4034159019569423, 0.10140760125084292, -0.08475316257963027, 0.05897818101977729, -0.9946549530346437
-16.1256579061142, 5.390687920476621, 18.534838228720858, -0.4071218302675956, -0.9132538272970178, -0.014807506438015313, -0.9092572802670799, 0.40369620970006387, 0.10139313859978397, -0.08661993766377363, 0.05474319319468712, -0.994736230966769
-16.14475063377655, 5.347396953802128, 18.53403551639211, -0.40825658892942157, -0.9128130207126864, -0.009947201269401082, -0.9085658129715669, 0.4052522031044905, 0.10138449278993537, -0.08851395988785592, 0.050428574204883746, -0.9947975863504261
-16.163940798136665, 5.30415284778638, 18.533418360502747, -0.41052257487276816, -0.9118393203602569, -0.004502151127753816, -0.9073384553734789, 0.4079957019063389, 0.10137275090685546, -0.09059880198050037, 0.04570077757433216, -0.9948383265680909
-16.183270160622673, 5.260969315568772, 18.533058365189714, -0.41373912801163837, -0.9103939365499271, 0.0016775712492993187, -0.9056374007351246, 0.41176421495902565, 0.10134658193005112, -0.09295607748768453, 0.04041177516893601, -0.9948497655856381
-16.20278048266272, 5.217860070288699, 18.533027134589943, -0.41762413748407085, -0.9085816482028878, 0.008334766919946227, -0.9035868194384641, 0.4162575061659905, 0.10129436458930445, -0.09550361002478608, 0.034771786111650146, -0.9948215836836469
-16.22251352568495, 5.174838825085529, 18.533396272840363, -0.42194183897439047, -0.9064987304855392, 0.015004537680829344, -0.9013032331730605, 0.42119881970067713, 0.10121282603773268, -0.09806919187337805, 0.029182287622157497, -0.9947516412122377
-16.242511051117496, 5.131919293098667, 18.53423738407792, -0.42652436311775466, -0.904231382316946, 0.021037464205052526, -0.8988871954559349, 0.42635582048368753, 0.10110649922257914, -0.10039311486530134, 0.02421407798919204, -0.9946531560874754
-16.262814585561237, 5.0891151328719175, 18.53562123273349, -0.4312150866644884, -0.9018809716588843, 0.025773280593759502, -0.8964424297970057, 0.4315006632462119, 0.10098587860547573, -0.10219842999077053, 0.020442372115439936, -0.9945539655190742
-16.2834379190681, 5.0464335544113705, 18.537519401626145, -0.4358629872767145, -0.8995600811527953, 0.028550249011083276, -0.8940775183672462, 0.43640776599295883, 0.10086452761650727, -0.1031932530376132, 0.01843697853258927, -0.9944904375357785
-16.30434133381633, 5.003869327547331, 18.539712137689076, -0.4403181251383513, -0.8973828507702686, 0.028704839628064267, -0.8919059101252852, 0.44085368618964665, 0.10075651272541734, -0.10307180098472066, 0.01876290266526519, -0.9944969368104358
-16.325479014304236, 4.961415804445692, 18.54195788349458, -0.4444248510818336, -0.8954510786635115, 0.0255718098937815, -0.8900450693305967, 0.4446168239537356, 0.10067598729382489, -0.10152007831549133, 0.021982847350755105, -0.9945905831653394
-16.34680514503014, 4.919066337272341, 18.54401508161496, -0.44801263398771185, -0.8938360989837209, 0.018485343950183624, -0.8886152351633019, 0.44747701946095064, 0.10063439218286073, -0.09822241914686478, 0.028659120850228894, -0.9947517334335385
-16.368273910492352, 4.876814278193145, 18.54564217462251, -0.45088541934210036, -0.8925560269723541, 0.0067880291708646906, -0.8877373245430725, 0.44921652205230056, 0.10063279250991002, -0.09286970032150396, 0.0393478719953336, -0.9949004793101835
-16.389839495189186, 4.834652979373998, 18.54659760508953, -0.4529325684107043, -0.8914956841202424, -0.009355942916868542, -0.8874338239280789, 0.4498126486609848, 0.10064685416334096, -0.0855178146427403, 0.05388901835782909, -0.9948782222358471
-16.411456083618962, 4.792575792980768, 18.546639815588318, -0.4542874167980949, -0.8904117287776997, -0.02810509195896681, -0.8875234816687539, 0.44963721316140404, 0.10064018097668194, -0.0769741023038731, 0.07066349691003233, -0.9945258457068669
-16.433077860279987, 4.750576071179353, 18.545527248691172, -0.45516181150517687, -0.8891455774842321, -0.047411679864325, -0.8877965615831049, 0.4491070275277258, 0.1005989217955474, -0.06815416780022997, 0.08788071384235566, -0.9937967546465506
-16.454659009670593, 4.708647166135616, 18.543018346970392, -0.4558350071360952, -0.8876713825720138, -0.06522241050379483, -0.8880406194386099, 0.4486373054930887, 0.10054067011409439, -0.05998586913870828, 0.10375010690399529, -0.9927928337881391
-16.47615395688254, 4.6667824399346465, 18.538873270214946, -0.45665124831204196, -0.8860883115377451, -0.07948044772924831, -0.8880414168077371, 0.4486419940677395, 0.10051270165023607, -0.053404863534708115, 0.1164811800897911, -0.9917560462309918
-16.497557254449372, 4.624976909037374, 18.533138584645855, -0.4579583902314318, -0.8845797140172701, -0.08827707723843316, -0.8876063723010632, 0.4494885970787695, 0.10057300307093389, -0.04928529869222724, 0.12441354687205215, -0.991005665315559
-16.518948154188863, 4.583229081890332, 18.52646539090505, -0.45972581572110577, -0.883372754705134, -0.09113040438968235, -0.886769907462937, 0.4511028948170952, 0.10072392717627171, -0.04786758378838422, 0.12711708985144343, -0.9907320222390927
-16.540416655204577, 4.541537910029634, 18.519581497534247, -0.4616668424473399, -0.8826409301747962, -0.08836693366227907, -0.8856970155752295, 0.4531610900066967, 0.1009248388905037, -0.04903593769710779, 0.1248599811153002, -0.990961887223748
-16.562052756600092, 4.49990234499136, 18.513214713075147, -0.4634527342610344, -0.8824760791176347, -0.08029653100313412, -0.8845538713578848, 0.4553415544296124, 0.10113613338171018, -0.052687871201537076, 0.11789842490377296, -0.9916269205873043
-16.58394645747897, 4.4583213383116265, 18.508092846069484, -0.4647190236902236, -0.8829033834829761, -0.0672149124429855, -0.8835087846159057, 0.45732366399307955, 0.10132765594086351, -0.058723560237187125, 0.10647385494222361, -0.992579901915615
-16.606171136527056, 4.41678965838633, 18.504877429589918, -0.46498724778668693, -0.8839023018917406, -0.050035788254453185, -0.8827985285949925, 0.45866289192680054, 0.10146481892685878, -0.06673542766985459, 0.0913513671480965, -0.9935800473106811
-16.628633312620472, 4.375260077195533, 18.503564627622932, -0.4636175005648568, -0.8854938251235905, -0.030975778246671148, -0.8827965501637902, 0.4586538869758101, 0.10152272150061463, -0.07569058190359977, 0.07441302056745688, -0.9943508627145258
-16.651143174239035, 4.333661121627625, 18.503766477696605, -0.46001601438088685, -0.8878237807545512, -0.012417763076271371, -0.883883730213626, 0.4565545023224974, 0.10152604529234244, -0.0844678517352595, 0.05767946546000054, -0.9947553776117417
-16.673509744100468, 4.291921025164008, 18.505090368753713, -0.4537649702421377, -0.8911148873526248, 0.00340724517326182, -0.8863561929813548, 0.45173008199710296, 0.10155113087745568, -0.09203287969389737, 0.043060313020337665, -0.9948244862777751
-16.695542044922494, 4.24996802128612, 18.507143689737084, -0.44532949605964717, -0.8952339501314583, 0.015421234428100864, -0.8900013190574417, 0.4444779304745368, 0.10167114338437677, -0.09787385767034247, 0.03155224006466884, -0.9946985292698624
-16.717049099422855, 4.207730343475367, 18.509533829589508, -0.43561103363046644, -0.8998351857385067, 0.023230709983632244, -0.89435916044772, 0.43559065515702344, 0.10189442213941131, -0.10180726645306819, 0.02360973627176225, -0.9945239367911323
-16.737839930319268, 4.165136225213176, 18.51186817725378, -0.4258192110904161, -0.9043796222978312, 0.02784776900880273, -0.8987800960193764, 0.4263286774958167, 0.10216749847220767, -0.10427050621214129, 0.01847586309485963, -0.9943773448833013
-16.757723560329463, 4.1221138999809765, 18.51375412167271, -0.41734893084677116, -0.9082135041124447, 0.031114319353819128, -0.9025386285904086, 0.4182501255945254, 0.10242488146104128, -0.10603722847755712, 0.01466503965075293, -0.9942540132123382
-16.776559384428044, 4.078614856856845, 18.514865660189066, -0.411602743982876, -0.9106956990082142, 0.03487871777613586, -0.9049587545917914, 0.41293996884147516, 0.1026169314532216, -0.1078556147515778, 0.010673609564798224, -0.994109269861929
-16.79461590831231, 4.03477946098985, 18.515417766713817, -0.40864585669945175, -0.9119660320657283, 0.0364214244732701, -0.9062071853845172, 0.4101676422912282, 0.10271826699631564, -0.10861446017838727, 0.008970037655775559, -0.9940434786590633
-16.812360474974046, 3.990839875677679, 18.515888342309957, -0.40789362546386787, -0.9124147926826197, 0.03349681178670287, -0.9066842890515333, 0.40910399090551164, 0.10274981563145809, -0.10745413111210517, 0.011539961833339725, -0.9941430676657297
-16.830261748994502, 3.9470288743624797, 18.516757035608812, -0.4094735804635302, -0.9119059946336964, 0.027547120602812825, -0.9062619946722534, 0.41004266178928334, 0.10273369712722226, -0.10497896891780431, 0.017101826331957306, -0.9943273825159731
-16.84878839495494, 3.903579230486364, 18.518503495241696, -0.41351215100778455, -0.9102787029634851, 0.020009595199061266, -0.904795573380448, 0.413278693930057, 0.10269221749778483, -0.1017480779182649, 0.02435988658802296, -0.994511902676563
-16.868407961738836, 3.8607228882182216, 18.52160264274372, -0.4200395461132753, -0.9074240995361026, 0.012177162315046999, -0.9021713156935872, 0.41898564378773356, 0.10265450520790691, -0.09825322814368678, 0.03213306522683176, -0.9946425334151324
-16.88898408818365, 3.818276745510254, 18.52437871043365, -0.4282335380473288, -0.9036583537952806, 0.004197202338525009, -0.8987073581761434, 0.4263641313110801, 0.10265822856159816, -0.09455750235451546, 0.040189639801217966, -0.9947078322809789
-16.910069596212075, 3.7759543429831837, 18.525378931865692, -0.43695656573317115, -0.8994719926385348, -0.0043696820864281855, -0.8949176692947239, 0.4342450390646287, 0.10273077061843888, -0.09050593818513844, 0.048799390432900436, -0.9946996002043056
-16.931542329716017, 3.733740899367181, 18.524890648058, -0.44535065238540694, -0.8952459916128436, -0.014050299677546067, -0.8912264434350788, 0.4417364430220367, 0.102880228558743, -0.085896582830475, 0.05833977551701239, -0.9945945141868981
-16.953280132587388, 3.6916216333923795, 18.523201200028723, -0.45260556131821705, -0.8913493689669122, -0.02538716813882426, -0.8880688552661877, 0.44800378513888756, 0.10308402789682025, -0.08051033579624768, 0.06920195765667897, -0.9943486183861567
-16.975160848718087, 3.649581763788948, 18.520597928796008, -0.4579024394556313, -0.8881508395614416, -0.038902983521684996, -0.8859066065243344, 0.4522218968327064, 0.10327071483032954, -0.0741271910780395, 0.0817523223605028, -0.9938922060925643
-16.997062370361338, 3.6076065177949266, 18.517368161530705, -0.4618903567669685, -0.8854943040055407, -0.05056813126293698, -0.8842857247788171, 0.45535542961471664, 0.10339337344723294, -0.06852777012339444, 0.09247307875343941, -0.9933542542455714
-17.01891392748222, 3.5656901541732857, 18.513784525871095, -0.4658866870125109, -0.8830149696359927, -0.05686966030541673, -0.8824300508460109, 0.45891031601692656, 0.10353032027938074, -0.06532074883536793, 0.09841689515520913, -0.9929991513186682
-17.040793537693393, 3.5238531069740566, 18.51007704707226, -0.4700893582720727, -0.8806689622491432, -0.058635946060142934, -0.8802807254513343, 0.4629759031112873, 0.10372635893137531, -0.06420155479599704, 0.10037675064129684, -0.9928759581601679
-17.062806019088853, 3.482120525089526, 18.506468076604612, -0.4743060318104782, -0.8784721286046185, -0.05762384448358413, -0.8780008088643715, 0.46723183000287516, 0.10396632467137497, -0.06440782422739555, 0.0999056369632613, -0.9929101147038729
-17.085056189762565, 3.440517557412012, 18.503179965938532, -0.4783047989861655, -0.8764287172351762, -0.055652698697433244, -0.8757772808296785, 0.4713317671975654, 0.10421381680465583, -0.06510509695391131, 0.09858533783440346, -0.9929966049864916
-17.1076488678085, 3.399069352833798, 18.500435066544416, -0.4818547726942399, -0.8745520405040709, -0.05454086983123983, -0.8738046433835124, 0.47492982553829227, 0.10443709118689554, -0.06543258540815179, 0.09798157614742227, -0.9930348370034517
-17.1306862680145, 3.357800324844455, 18.498449114141277, -0.48464014403235567, -0.8729229366148905, -0.05594173329396745, -0.8723246246811241, 0.4776035722043631, 0.1046163323414068, -0.06460402438883757, 0.09950062587374789, -0.9929380370816193
-17.15414712463152, 3.316700005163368, 18.497124044806444, -0.48614668789868415, -0.8718999103243202, -0.05875324860449589, -0.8715914937636239, 0.4789184075070583, 0.10471593455533963, -0.06316380169079654, 0.10211613646895185, -0.9927651428352126
-17.177835537997574, 3.2757085935248034, 18.495917999500325, -0.4859065400606669, -0.8719823449148407, -0.059511549157177976, -0.8717509985404508, 0.47863222734998795, 0.10469664505473122, -0.0628094807333929, 0.10275203695696321, -0.9927220094423194
-17.201542387615206, 3.234762554935632, 18.494255521229046, -0.484534626758773, -0.8728125852902175, -0.058518257242875606, -0.8724731687682331, 0.4773321247061211, 0.10461650205898822, -0.06337795556228369, 0.10174592710544655, -0.9927895049134023
-17.225058552986983, 3.1937983544026998, 18.491561152998738, -0.48396896072939266, -0.8729582196640261, -0.060975337403949684, -0.8728681061274338, 0.4766126101978072, 0.10460252915651808, -0.06225202290703996, 0.10384780460581289, -0.9926430975544707
-17.24817736097403, 3.1527477196206064, 18.487323142212944, -0.484780962009951, -0.8718977179434473, -0.06915047590375069, -0.8726907649270024, 0.4769193855255761, 0.10468394586100813, -0.05829449102471043, 0.1110957656930076, -0.9920985249264583
-17.27074054097773, 3.111448686272576, 18.482289647543904, -0.48674715952960573, -0.8696483351959117, -0.08239524125117902, -0.8720051177543049, 0.47812969632303454, 0.10487644208469178, -0.051810011582333254, 0.12289738233592362, -0.991066070509336
-17.292645511170754, 3.069664944410321, 18.478320600176296, -0.4899590189457467, -0.866097890047908, -0.09906868631552049, -0.8706568226412693, 0.48049920777529775, 0.10524831835008423, -0.04355292116415141, 0.1378221904552126, -0.9894989574912126
-17.31426211092223, 3.0276392910308623, 18.47550001869093, -0.4945567890389746, -0.8611714833416066, -0.11746173289491374, -0.8684681914330894, 0.48430416749793703, 0.10588896927002872, -0.03430135397324819, 0.1543798873666744, -0.9874159546474095
-17.33653821755454, 2.986213379448939, 18.471602081691923, -0.5007303035603539, -0.8548731002672452, -0.13587179816218034, -0.8652471025089222, 0.4898166259402934, 0.106897729407043, -0.02483172761348819, 0.17108961216840488, -0.9849425008150449
-17.359818419399687, 2.9456934852155006, 18.465782230905152, -0.5087182462770501, -0.8472760724717127, -0.1527383479081521, -0.86078674894376, 0.4972926629058147, 0.10837979637772034, -0.015871948451119097, 0.1866099258800369, -0.9823058672406535
-17.384010641884597, 2.9059943012168397, 18.458242462370038, -0.5185829803389288, -0.8381281229300389, -0.16915360491743464, -0.8550001655087752, 0.5067410665379755, 0.11040021949218243, -0.006812450569442991, 0.20187803505514054, -0.9793869763681333
-17.409014629300778, 2.867023183808619, 18.449204379934248, -0.5300794190493747, -0.826729236500457, -0.18850617765911262, -0.8479375385670609, 0.5179127630831089, 0.11299690493307255, 0.004211910387432626, 0.2197387980102535, -0.9755496504329737
-17.43473012593977, 2.828687489346474, 18.438889587445455, -0.5420433790676586, -0.8135799919645246, -0.21041998926888736, -0.8401773430724487, 0.529750685307323, 0.11604414506618749, 0.017058938907073704, 0.2396910680259608, -0.9706993275530478
-17.461056876093096, 2.7908945741860673, 18.42751968875133, -0.5525767045655428, -0.8011458209617579, -0.2298355044961412, -0.8329630563249447, 0.5403741871291295, 0.11903060397368145, 0.028836302975446787, 0.25721802316331444, -0.9659230591463612
-17.487894624052284, 2.7535517946830343, 18.415316287699532, -0.5610871712589438, -0.7907820159736076, -0.24463235571230862, -0.8268763917408595, 0.5490805566224821, 0.12159759504514073, 0.03816567869504471, 0.27050757023022876, -0.9619610363304143
-17.515143114108874, 2.7165665071930314, 18.402500988137742, -0.5679158443442222, -0.7825668884496733, -0.2550699097208176, -0.8218535640414982, 0.556105480031973, 0.12370696969328761, 0.04503679623459319, 0.2798852625284256, -0.9589764996100363
-17.54270209055437, 2.679846068071714, 18.38929539391363, -0.5735297149013786, -0.7762754052566672, -0.2616489276086196, -0.8176803596599124, 0.5618381250447194, 0.12544620629046796, 0.049623538281543866, 0.28589231616087807, -0.9569760122430389
-17.570471297680317, 2.6432978336747177, 18.375921108874856, -0.5783527440238397, -0.7715935590910209, -0.2648612524499312, -0.8141187000253761, 0.5666552476932428, 0.12693530844765527, 0.05214255219191542, 0.2890418824858449, -0.9558953626940307
-17.598350479778247, 2.606829160357707, 18.362599736869104, -0.5827705373832743, -0.768152357472266, -0.2651800453801337, -0.8109161974481539, 0.570926328095593, 0.12828892627000277, 0.0528528284412141, 0.2898018005414797, -0.9556262318127732
-17.62624359637802, 2.570351050690839, 18.34954784824418, -0.5871408580873774, -0.7655482249324428, -0.2630618331632398, -0.8078099950277938, 0.5750173472521518, 0.12960733888285073, 0.052044449248830324, 0.2886017423056976, -0.9560336864569688
-17.654144994397228, 2.5338526930498637, 18.3368740799728, -0.5918022807145081, -0.7633576953350196, -0.2589499749254935, -0.8045299729024283, 0.5792872386993986, 0.1309878535652987, 0.05001582992138018, 0.28585192679573357, -0.9569676549938572
-17.68213590567942, 2.497398431958996, 18.324583318011644, -0.5970805525113145, -0.7611470679369232, -0.25327841357645997, -0.8007995035385683, 0.5840861282941487, 0.1325275438040474, 0.04706345657902582, 0.28195484692655337, -0.9582726623197899
-17.710301076471197, 2.4610556519288553, 18.312676251698957, -0.6032924759142198, -0.7584775494244883, -0.24647514179793792, -0.7963339041515654, 0.5897542221879524, 0.1343215191628243, 0.04347989885011472, 0.27731167380856214, -0.9597956730291493
-17.738725253019123, 2.424891737470083, 18.301153570372954, -0.6107471811375357, -0.7549062994798564, -0.23896518520107385, -0.7908369674955593, 0.5966201897242253, 0.1364596645747643, 0.03955719371975153, 0.2723248578794429, -0.9613919077077565
-17.767493181569794, 2.3889740730932982, 18.290015963371868, -0.6197369851969425, -0.7499931160720004, -0.23116313508778955, -0.7840023234497164, 0.6049905594676593, 0.1390207890225585, 0.03558687966724314, 0.2673887596732883, -0.96293137096884
-17.79668960836978, 2.3533700433091433, 18.279264120033933, -0.6303446679817369, -0.7435080964067418, -0.22329646240954423, -0.7756667521706296, 0.6149575293724135, 0.1420152338492046, 0.031728364660992964, 0.26272218719742785, -0.964349710027508
-17.82639927966568, 2.3181470326282376, 18.268898729697373, -0.6421034687580057, -0.7356530423007382, -0.2156797087410052, -0.7661012271520969, 0.6260807638249415, 0.14529895706586782, 0.028143296981479424, 0.2585294538772052, -0.9655933286394258
-17.856706941704065, 2.2833724255612173, 18.258920481700425, -0.6543176951325813, -0.7268190328225668, -0.2088119904681122, -0.7558032426630285, 0.6376959361894236, 0.14867868491329206, 0.02509605977912971, 0.25510387393052913, -0.9665879169993794
-17.88769734073152, 2.2491136066187205, 18.249330065381315, -0.6663226966691633, -0.7174406106458038, -0.20320687512904306, -0.7453125489405741, 0.649161222008861, 0.1519832629984849, 0.022875058365796796, 0.2527225317144051, -0.9672683462558995
-17.919455222994635, 2.2154379603113634, 18.240128170078272, -0.6774889706792463, -0.7079920392290653, -0.19938898413965817, -0.7352101104090881, 0.659865809811863, 0.15505871982442898, 0.021789634238134483, 0.25164336953236804, -0.9675747136062229
-17.95204934229676, 2.1824026526868314, 18.2313033050359, -0.6872279414038184, -0.6990175020689595, -0.19771769863910066, -0.7261073725709346, 0.6692378080355446, 0.15776197195114403, 0.02204177969230213, 0.25198271388540083, -0.9674806829342611
-17.985366470408273, 2.1499485713331645, 18.22270537915057, -0.6950287447133621, -0.6912759384897794, -0.19766795614677404, -0.7186073551782973, 0.6767711821303949, 0.15995073029367643, 0.023205885154864575, 0.25321600246213244, -0.9671313990308023
-18.019177810961434, 2.1179427609163746, 18.21409628282626, -0.7004131308633693, -0.6855987232692703, -0.19843345677006988, -0.7133128051862587, 0.6819903194416838, 0.1614745990710014, 0.02462291760704165, 0.2546440551816922, -0.9667213233859798
-18.0532527224414, 2.086251087135143, 18.205236501174177, -0.7029075767283699, -0.6828157290169414, -0.19920747672944847, -0.7108202263263964, 0.6844213856966785, 0.16217882921740745, 0.025603601761109873, 0.2555974315365889, -0.966444208720171
-18.087360563333295, 2.05473941568817, 18.195886519305535, -0.7021239289548268, -0.6835721298472334, -0.19937685844940653, -0.7115941912043553, 0.6836718436933636, 0.16194603170543082, 0.02560655059270761, 0.2555815983928307, -0.9664483178782552
-18.12127925596742, 2.023252293368316, 18.18588812914489, -0.6993653689034397, -0.6857182763540103, -0.20168918228958368, -0.7142607621230617, 0.6810628312036507, 0.16119858449828442, 0.02682619000042322, 0.25679537656849016, -0.96609341686149
-18.154830488077963, 1.9915253170156328, 18.17549863988304, -0.6976222725108572, -0.6846534070189874, -0.21112289585471342, -0.7156864498042877, 0.6796616212660255, 0.1607886381078352, 0.03340764079252042, 0.2632675309173741, -0.9641442509818474
-18.187849891575492, 1.9592593707239367, 18.165107749436647, -0.6976700714328459, -0.680764076728618, -0.22319664706872283, -0.7151718154907812, 0.6801702894014179, 0.16092747355007908, 0.04225808507857064, 0.2718982332627847, -0.9613977350680979
-18.220173104318974, 1.9261553237791427, 18.1551052121972, -0.6988951851239233, -0.6765091781301745, -0.23212249377480135, -0.7135417602801081, 0.6817561637181846, 0.16145181810258005, 0.04902730409640789, 0.2784669911100769, -0.9591936500598504
-18.25167984783411, 1.8919923696601213, 18.145788143160956, -0.7013943790109837, -0.6719714225933257, -0.23769798549777166, -0.7107581392341176, 0.6844336894359111, 0.16239886784581253, 0.053561110931827416, 0.2828514309368949, -0.9576671005170323
-18.28300899428884, 1.8578984975723483, 18.135858344104758, -0.7052332017806381, -0.66712631381018, -0.23997627492790025, -0.7067681203391827, 0.6882276916168243, 0.16377261237458485, 0.05590129853991291, 0.28510546454569885, -0.9568646293534593
-18.31540348237219, 1.8260446408705742, 18.122833002357254, -0.7103649273457423, -0.6616935717838253, -0.23988181893808058, -0.701543982819738, 0.6931296780572701, 0.165551471046452, 0.05672486374155081, 0.2858896053657579, -0.9565821571497735
-18.349095641223133, 1.7960166122194674, 18.108557827171897, -0.716693071763192, -0.655297879238717, -0.23861209179729373, -0.6950629236788897, 0.699111440489343, 0.16772216879074073, 0.05690846170469085, 0.28605573450318317, -0.9565215856133359
-18.383628541903473, 1.7664497858055463, 18.09551761154147, -0.7241063418990842, -0.6475569572116064, -0.23736047014693137, -0.6873002352536061, 0.7061333767967174, 0.17027636592904746, 0.05734450489684505, 0.2864361034166449, -0.9563817053967651
-18.41880998583518, 1.737182202159446, 18.083567021600793, -0.732387045478858, -0.6382660523628879, -0.23711950998567052, -0.6783462455659007, 0.714043453919761, 0.17317135167511066, 0.05878423888591118, 0.2876775839641203, -0.9559215558523465
-18.454452161303333, 1.7080700748323965, 18.072522139980318, -0.7400672905492748, -0.6299426947335306, -0.2355262338061583, -0.6699283600202155, 0.7213067557991569, 0.1758196703418587, 0.05913034669000232, 0.2879040906106636, -0.955832012808719
-18.490367256592993, 1.6789696173756496, 18.06219904931052, -0.7455983039633365, -0.6263347041392407, -0.22756978603893338, -0.6641970429056787, 0.7261810359495474, 0.17749194692321735, 0.054087496913318336, 0.283488873534839, -0.9574490071328081
-18.52636745998924, 1.6497370433404355, 18.052413832221852, -0.7496285519675929, -0.6251763423220489, -0.21728224749342556, -0.6601983868207423, 0.7295445885962536, 0.17861350253889693, 0.04685215165026292, 0.2773431705500381, -0.9596278662247117
-18.562264959777114, 1.6202285662779996, 18.042982571344783, -0.7540564652055693, -0.622346125098728, -0.2099622534082744, -0.6554662124200287, 0.7334640090519419, 0.17998497659858897, 0.04198680337229561, 0.27334199823673505, -0.9610001354539577
-18.59787194424168, 1.5903003997395881, 18.033721349309765, -0.7593414606866672, -0.6174921414689541, -0.2051925956420548, -0.6495041147377479, 0.7383305502047414, 0.18169315774981218, 0.03930586496914933, 0.271240582985749, -0.9617086851643684
-18.633090529646406, 1.5599207804180228, 18.024465289223503, -0.7656081243437867, -0.610637829227468, -0.20239970715184913, -0.6421580439176846, 0.7442271089993483, 0.18373637871223325, 0.038434965468981314, 0.27064266431373624, -0.9619123149656421
-18.668273760267716, 1.5296196653245406, 18.01514498930804, -0.772948438520539, -0.6017881828164316, -0.20100172738351743, -0.6332702411512894, 0.7512138512066192, 0.18613584132967778, 0.03898093201616064, 0.2711618202804671, -0.9617441209393147
-18.70391571951158, 1.5001027036927315, 18.0057209100401, -0.781429625268853, -0.5909334914854305, -0.2004129471691353, -0.6226754667251522, 0.7593289923068436, 0.18893052845129976, 0.040533984393270155, 0.2724281374658501, -0.9613219575283267
-18.740431522494713, 1.4719559932027806, 17.99616911134988, -0.791098372118377, -0.5780530568974882, -0.20004506753010184, -0.6101980706245458, 0.7685942130088033, 0.19214903157565008, 0.042681146162395, 0.27407590032844453, -0.9607604907683376
-18.777847084187915, 1.4451764778132488, 17.986542439038285, -0.8019808917931363, -0.5631193086818536, -0.19930703296260568, -0.5956523438990352, 0.7790106990893998, 0.19580759921879953, 0.04499927117488965, 0.2757516543811042, -0.9601750312832618
-18.816068692926585, 1.4195800160483334, 17.976917340221462, -0.8139037109185465, -0.5463475607142205, -0.19764891159487832, -0.5790933546165639, 0.7903850684268678, 0.19985577361384857, 0.047028034106834204, 0.27712052704459905, -0.959683581967812
-18.855002604592347, 1.3949824173052459, 17.967370268418453, -0.8258407364167689, -0.5292065088414742, -0.19474996553126087, -0.5618388243957888, 0.8017153424610223, 0.2039353943389027, 0.04821009724286704, 0.2778362479274876, -0.9594179516047264
-18.894555075066854, 1.371199490981177, 17.95797767714828, -0.8366222872513244, -0.5136290867391871, -0.19038988872792376, -0.545678355412818, 0.8118715847915977, 0.20760458145701385, 0.047940389113198215, 0.27757826115070366, -0.9595061375667312
-18.934632360231745, 1.3480470464733374, 17.948816019929975, -0.8453533433281548, -0.501370262482259, -0.18440603249997406, -0.5322518647785068, 0.8199962451801835, 0.2105091692307071, 0.04566921680643171, 0.27610508468492767, -0.9600418245302733
-18.97514071596868, 1.3253408931789181, 17.939961750282546, -0.851925420097631, -0.4929176349960758, -0.17679163922920782, -0.5220375217082691, 0.8259984169246645, 0.21261100904383284, 0.04122989837682671, 0.27342059239900657, -0.9610105489181755
-19.015986398159296, 1.3028968404951247, 17.93149132172503, -0.856424289023811, -0.48831891037161756, -0.167577083587035, -0.5151120605550787, 0.8299841946553317, 0.21397617085330178, 0.03459772016709904, 0.26957536681940475, -0.9623575839382275
-19.057075662685214, 1.2805306978191626, 17.923481187776446, -0.8588875498088873, -0.4875768236444272, -0.15678334678178465, -0.5115151076116586, 0.8320258573380827, 0.2146747945285188, 0.02577734408971305, 0.2645785587791264, -0.9640195614021745
-19.098314765428118, 1.2580582745482232, 17.916007801955818, -0.8593161344904576, -0.49062674077361634, -0.14443400652975188, -0.5112301560584257, 0.8321730608576755, 0.21478297027289045, 0.014815820627136336, 0.2584054914676278, -0.9659229231354427
-19.13960996226962, 1.2352953800795168, 17.90914761778218, -0.8579722915031996, -0.49677251684031054, -0.1307693141562343, -0.5136917073409619, 0.8307367001931004, 0.21446996237563473, 0.0020920855326742177, 0.251184397334751, -0.967936992636247
-19.180867509091385, 1.2120578238102344, 17.90297708877454, -0.8554164836419741, -0.5047277780903813, -0.11624332039969952, -0.517808463290932, 0.8283088266012697, 0.21396000354905387, -0.011706188871013504, 0.24321668897995982, -0.9699013389740947
-19.221993661775045, 1.188161415137587, 17.897572668451943, -0.8522601545113878, -0.513212743522202, -0.1013178608076573, -0.5224769729441993, 0.8255107766570894, 0.21342392172874008, -0.02589289043911036, 0.2348289537289289, -0.9716917827764547
-19.26289467620225, 1.1634219634587648, 17.893010810333397, -0.8491783403856475, -0.5209808556869348, -0.08645862725943881, -0.5266040504333864, 0.822999015843983, 0.2129807361875408, -0.03980352103807841, 0.2263880913995802, -0.9732235672164062
-19.303481918439125, 1.137668654503446, 17.889363365823073, -0.8469158342310709, -0.5268111182458062, -0.07213608958969485, -0.5290988876368896, 0.8214673030060385, 0.2127106889495481, -0.052800916943698685, 0.21831517534195494, -0.9744488428775091
-19.343784917375643, 1.1110399750107185, 17.88659577159788, -0.8462730735575551, -0.5294919077289981, -0.05882350398399543, -0.5288576281250809, 0.8216327042365648, 0.21267183288537142, -0.0642766998636575, 0.21108770447000408, -0.9753514683826654
-19.38395171499579, 1.0839846295902957, 17.88456673416221, -0.8480706797511479, -0.5277951072687624, -0.046994115478230986, -0.5247409940437524, 0.8242058958725668, 0.21291202497481054, -0.07364109801191535, 0.20522418461783482, -0.975940583607191
-19.424135533522243, 1.0569648825571354, 17.883130294816365, -0.8530901095068196, -0.5204415880460435, -0.0371189775418837, -0.5155490204240645, 0.8298460359117463, 0.21345904577072414, -0.08028992839347944, 0.20123645324262932, -0.9762465965548341
-19.46448959517769, 1.0304429982261725, 17.882140494860653, -0.8619857803771128, -0.5060637120358926, -0.02966536344144467, -0.49999938128573873, 0.8390945793533348, 0.21429163682637836, -0.08355317553234162, 0.19954900716441354, -0.9763191387032002
-19.5051671221848, 1.0048812409123642, 17.881451375595375, -0.875148701929117, -0.48320343345257666, -0.02508368815431282, -0.4767341636655701, 0.8522507507808053, 0.21539079596780214, -0.08269998008386072, 0.20045722659259563, -0.9762057229912833
-19.546321336766276, 0.9807418749306462, 17.880916978320837, -0.8922499960961541, -0.4509248851606273, -0.023594330024141907, -0.4448925218543599, 0.8689759067189154, 0.21668298858033705, -0.07720484741569596, 0.2038323367008133, -0.9759568587036035
-19.5881054611448, 0.9584871645959709, 17.88039134433735, -0.9084293597275059, -0.4171505342267168, -0.02723105175050136, -0.41266725531790405, 0.8844443539722271, 0.2178621608151301, -0.06679696679836195, 0.20914974664343877, -0.9755995842073345
-19.630672717543035, 0.9385793742232877, 17.879728514945207, -0.9249104828237354, -0.3790780690337874, -0.02898993515652906, -0.3759027943791828, 0.9004180527396418, 0.21896214165575184, -0.05690068488767465, 0.21341777779315116, -0.9753026013402952
-19.67417632818369, 0.9214807681275354, 17.878782531444724, -0.9453462486638746, -0.32553580519858266, -0.018625511290974898, -0.32147538757900446, 0.920955293537946, 0.22021562725057622, -0.05453480831605315, 0.2141676605796176, -0.9752733810802924
-19.71876951528943, 0.907653610623667, 17.877407435136202, -0.9635229519295211, -0.26757166011013356, -0.005378458043823686, -0.2621106229637282, 0.9394176994875624, 0.22089003422305492, -0.05405129447652778, 0.21424236881486164, -0.9752838894240017
-19.7646027853879, 0.8975427370630398, 17.8754508244966, -0.9776417326388727, -0.21019434227732797, 0.005914480320756921, -0.2037261108697157, 0.9537737699202143, 0.22093272180028575, -0.05207988433899819, 0.2147881148638901, -0.9752711168492857
-19.810982299952418, 0.8872587349809536, 17.8717596459624, -0.9877896393146924, -0.15504734433687983, 0.015229887610573877, -0.14793127159960212, 0.964110261365764, 0.2204716372057022, -0.04886683277514976, 0.21552662235398912, -0.975274478139978
-19.857539775607954, 0.8788874032051093, 17.869544778703407, -0.9943438289396219, -0.1036895947828935, 0.02299603842950254, -0.09616057716928784, 0.9708425862445998, 0.219585555381874, -0.045094270680001595, 0.21613222959025793, -0.9753221857848733
-19.904534119323067, 0.8786399338266877, 17.87345196208801, -0.9979010796231204, -0.0575524825826346, 0.029684120933359544, -0.04971301253412183, 0.9746000256311416, 0.21836530499271284, -0.04149761043473492, 0.2164312865284356, -0.9754155250660373
-19.951462204972685, 0.8809223995198338, 17.878954658860103, -0.999198933667635, -0.017923833165130916, 0.03578026218643142, -0.009740432045493208, 0.9761290456521498, 0.21697283290262537, -0.03881513803953748, 0.21645050805875235, -0.975521687416574
-19.998364435876255, 0.8837041541508036, 17.883657283994825, -0.9990278676548373, 0.014100169550130631, 0.04176727029249695, 0.0227916138236416, 0.9762178806632029, 0.21559033330081934, -0.037734095833117806, 0.21633269445948744, -0.9755902333047185
-20.04527846597066, 0.886951193497742, 17.887452461651034, -0.9976543462001195, 0.04666447918697394, 0.05008225124952582, 0.05635500212473818, 0.975219378929977, 0.21394222747029357, -0.03885767933797527, 0.21626277844705166, -0.9755616287118045
-20.092203785798464, 0.8906349168489248, 17.89041095046041, -0.9956498854794511, 0.07573891693214989, 0.05426713560435105, 0.08562878726071539, 0.9734013533006676, 0.21250297923720507, -0.036728957744745105, 0.21622539595147877, -0.9756523775446925
-20.13913988590216, 0.894726723492624, 17.892603509054616, -0.995087119250258, 0.08831481233951662, 0.04474504468272431, 0.09585744593763011, 0.9724769536988848, 0.21236742825313734, -0.02475833517297464, 0.21561323810465136, -0.9761649227428169
-20.1860862568243, 0.8991980127171164, 17.894100896065346, -0.994891789498893, 0.0960191229295637, 0.03115534014463167, 0.1004612706227934, 0.9720129969958201, 0.2123635250603495, -0.009892436127882438, 0.21440863252919917, -0.9766939530909439
-20.2330423891074, 0.904020183810675, 17.894973870124268, -0.9944975985723585, 0.10308127346755627, 0.01867558550939857, 0.10469306943226143, 0.9716061063147231, 0.2121813737932589, 0.003726613296770289, 0.21296907106960355, -0.9770518344085366
-20.28000777329398, 0.9091646360615726, 17.895293189863054, -0.9939548338880222, 0.10951959270436415, 0.007697207578356006, 0.10865620191261334, 0.971223574739883, 0.2119400803420825, 0.015735881817029253, 0.21149521669142585, -0.9772523498769841
-20.326981899926594, 0.9146027687580862, 17.895129613913397, -0.9933246616241818, 0.11533847425452357, -0.0017756592700745725, 0.11234907063151542, 0.9708394585433631, 0.2117744839763852, 0.026149625952192022, 0.21016132396772746, -0.9773169470395427
-20.373964259547737, 0.9203059811884876, 17.89455390090696, -0.9926602633854125, 0.1205433001291428, -0.00974239650080529, 0.11576716689311399, 0.9704431426940396, 0.2117500173970658, 0.034979487777058615, 0.20906797839958943, -0.9772753019711301
-20.420954342699964, 0.9262456726410534, 17.893636809475428, -0.9920067629427141, 0.12513987774453836, -0.016204729988490086, 0.11891165925043548, 0.9700577145117297, 0.21177357675259642, 0.042220842841257905, 0.20815388902050694, -0.9771844037413882
-20.467951639925783, 0.932393242404056, 17.89244909825047, -0.9914012473384803, 0.1291339561818011, -0.021165730238808213, 0.12178437383567933, 0.9696931276508202, 0.21181077516552743, 0.047876226513342016, 0.20741181149492616, -0.9770814742831001
-20.514955641767727, 0.9387200897657693, 17.89106152586377, -0.990872844614585, 0.13253082130686122, -0.024628991232471933, 0.12438670484113672, 0.9693531775380009, 0.21185458422168976, 0.05195145295527638, 0.20685743544941748, -0.9769908126155158
-20.56196583876833, 0.9451976140144697, 17.889544850946997, -0.9904428269683878, 0.13533496754942578, -0.026597989872620926, 0.1267201208455078, 0.9690410498282146, 0.2118996336021648, 0.05445197406676899, 0.20650397164758755, -0.9769294202827573
-20.60898172147011, 0.9517972144384288, 17.887969832131844, -0.9901247149400046, 0.1375498433005731, -0.027075625070573362, 0.1287860498548121, 0.9687594277445223, 0.2119417951204989, 0.055382327756860694, 0.20636184667736782, -0.9769071532178165
-20.656002780415605, 0.9584902903259235, 17.886407228049972, -0.9899243649853546, 0.13917766682539148, -0.026063934188504594, 0.1305857797595297, 0.9685104991458146, 0.21197822333655097, 0.05474582845238517, 0.206438828957552, -0.9769267649960752
-20.703028506147326, 0.9652482409652253, 17.88492779733306, -0.9898400293544466, 0.14021931010272923, -0.023563984423331394, 0.13212039468204168, 0.968295971282732, 0.21200734257730816, 0.05254443449738396, 0.2067400712777889, -0.976983943231108
-20.750058389207823, 0.9720424656446113, 17.883602298612796, -0.9898622637863815, 0.14067463633235286, -0.0195792089845415, 0.133390448301497, 0.9681171389851497, 0.21202875631652895, 0.04878203597253543, 0.2072675852514537, -0.9770672756112578
-20.797091920139614, 0.9788443636523543, 17.88250149052085, -0.9899704490051666, 0.14055612521981778, -0.014229749108808004, 0.1343855135508345, 0.9679763679863215, 0.21204312006685874, 0.04357802019581882, 0.2080041506393579, -0.9771567067121896
-20.844128589485212, 0.9856253342767272, 17.881696131688898, -0.9901360325016788, 0.13989306353801986, -0.007782539160321937, 0.13508148183859978, 0.9678774913820856, 0.212052245779687, 0.0371971827713128, 0.20890929239712697, -0.9772273415863932
-20.891167887787173, 0.9923567768060071, 17.88125698074862, -0.9903320757529798, 0.1387159530319604, -0.0005139155857079696, 0.13545320149208656, 0.9678240158745444, 0.21205920046537438, 0.029913373937730362, 0.20993941666801066, -0.9772566865408274
-20.938209305587986, 0.9990100905284649, 17.881254796331685, -0.9905364211157277, 0.13705588310104605, 0.007299544550049233, 0.13547536302871258, 0.967818943844783, 0.21206819173890162, 0.02200055579944053, 0.21105017612539773, -0.9772276084423498
-20.985252348969816, 1.0055568689499563, 17.88175878257269, -0.9907337217836361, 0.13494486664659486, 0.015381010580499078, 0.1351225316106704, 0.9678647344931982, 0.21208431619413584, 0.013732952044920112, 0.21219740500332124, -0.9771303225967294
-21.032297081385636, 1.0119756717296524, 17.882782387246973, -0.9909167114156798, 0.13241602966605923, 0.02345348853820166, 0.13436916331037196, 0.9679632853610484, 0.21211319182058497, 0.0053850708820617245, 0.2133379321183249, -0.9769636266161972
-21.079344264401914, 1.0182537837139034, 17.884269222648495, -0.9910867107061604, 0.12950365327204574, 0.031239968803397116, 0.13318959464474714, 0.9681159211890437, 0.21216054067299442, -0.002768346078692554, 0.2144303311788776, -0.9767353629978315
-21.126394703721257, 1.0243790413734373, 17.8861584859276, -0.9912533677870863, 0.1262430777632119, 0.03846356935635506, 0.13155800527960168, 0.9683233650625606, 0.21223183531405276, -0.010452372822081776, 0.21543571196714476, -0.9764620842160732
-21.173449205046275, 1.0303392811789835, 17.88838937423466, -0.9914336301336092, 0.12267048726110874, 0.04484761526788298, 0.12944836474448754, 0.96858569752006, 0.21233197456943972, -0.017391891934807207, 0.2163185107999342, -0.9761679281661669
-21.220508574079595, 1.036122339601274, 17.890901084720035, -0.991649830647007, 0.11882218219311705, 0.0501188826354706, 0.12683467825030678, 0.9689022773865532, 0.2124649177353569, -0.023314754360780638, 0.21704761204403172, -0.9758825525313382
-21.267573616523823, 1.0417160531110363, 17.893632814534072, -0.9919225251232516, 0.1147195539744396, 0.05412141987252433, 0.12370145633534238, 0.9692704993115984, 0.21263266180142756, -0.028065171541036688, 0.2176100252749182, -0.9756322171014147
-21.314645138081598, 1.047108258179003, 17.896523760827147, -0.9922641691884344, 0.11036462473003596, 0.05684600384357951, 0.12004645111570453, 0.9696856521709933, 0.2128346436749434, -0.03163333873164015, 0.2180123519021656, -0.9754332095529533
-21.361723944455516, 1.052286791275901, 17.89951312074961, -0.992681902914323, 0.10575745146590329, 0.05829237588086147, 0.11586799165515695, 0.9701425157205138, 0.21306831698136935, -0.03401834999230587, 0.21826328287394078, -0.9752968221074501
-21.408810841348206, 1.0572394888724632, 17.902540091451822, -0.9931778122795648, 0.10089740001064312, 0.058459797011875224, 0.11116415682276282, 0.9706354604113728, 0.21332916638351754, -0.0352187937536421, 0.21837242880706023, -0.9752297774901277
-21.455906634462288, 1.0619541874394178, 17.90554387008415, -0.9937489074635887, 0.09578325663492956, 0.05734698477976969, 0.10593284230131546, 0.9711584369529621, 0.21361068151439466, -0.03523268137523097, 0.21835031047261358, -0.975234228316267
-21.50301212950037, 1.0664187234474942, 17.908463653796943, -0.9943870905652313, 0.09041335911903675, 0.05495214836588763, 0.10017186835172426, 0.971704959460281, 0.21390434439538303, -0.03405746479318831, 0.2182083780543403, -0.9753077426324243
-21.55012813216507, 1.0706209333674237, 17.91123863974056, -0.9950791143766015, 0.0847857477377101, 0.05127312270611158, 0.09387912794924617, 0.9722680907527383, 0.21419960093220042, -0.03169014779024628, 0.21795902524231991, -0.9754432827430051
-21.59725544815901, 1.074548653669935, 17.913808025065375, -0.9958065366358023, 0.07889833679188804, 0.04630760245232347, 0.08705277627382432, 0.9728404301734521, 0.2144838258772721, -0.02812749075954188, 0.2176156011673021, -0.9756291787314305
-21.644394883184816, 1.0781897208257591, 17.91611100692173, -0.9965456770273222, 0.07274910730801454, 0.040053476553764004, 0.07969147785799786, 0.973413962204778, 0.21474293129601074, -0.023366256759784525, 0.2171930605951349, -0.9758489598674346
-21.69154724294509, 1.0815319713056246, 17.91808678246, -0.9972675870821651, 0.06633632131338676, 0.032509263755481625, 0.07179474845203399, 0.9739789727915249, 0.2149662174730609, -0.017403271244956397, 0.21671283541722497, -0.9760802595664975
-21.73871333314246, 1.0845632415802628, 17.919674548830535, -0.9979380460056112, 0.059658757644878976, 0.0236746482713547, 0.06336295932879339, 0.9745262301066872, 0.21513661292106, -0.010236782678187435, 0.2161931068982495, -0.9762969572881408
-21.78589395947955, 1.0872713681204031, 17.9208135031837, -0.9985175982401308, 0.05271596852642245, 0.013551113130741543, 0.054397799350911706, 0.9750471984228163, 0.21522973835786502, -0.0018669307804168294, 0.2156478321480147, -0.976469419418408
-21.833089927658953, 1.0896441873967746, 17.921442842669848, -0.9989555924098015, 0.04563279039075074, 0.0023179375177862006, 0.04506185534530862, 0.9755248285178699, 0.21522253166901284, 0.007559999075465255, 0.2151022021884819, -0.9765622811821294
-21.880302043383313, 1.0916695358801083, 17.92150176443935, -0.9991911100860116, 0.039316803017139114, -0.008444792809495043, 0.0365823534759259, 0.975902868619109, 0.21511699708567045, 0.016699010127736037, 0.21463406072081248, -0.9765517718171671
-21.927531112355222, 1.0933352500411329, 17.920929465642544, -0.9992780269402431, 0.032705570111400975, -0.019333146616696287, 0.02779335886817456, 0.9762362199981468, 0.2149194546023109, 0.025902781264553493, 0.2142269554641016, -0.9764404013944439
-21.974777940277324, 1.0946291663505794, 17.919665143429814, -0.9992054431270964, 0.024682884123922593, -0.031292773231336626, 0.01740301658175886, 0.9765506903672974, 0.21458304722649935, 0.035855507792218966, 0.21386796014008277, -0.9762043219462216
-22.022043332852217, 1.0955391212791774, 17.917647994951512, -0.9988956629466437, 0.015687676628123207, -0.044287146537078007, 0.005849430586836179, 0.9767998215120887, 0.21407450304919867, 0.04661800841085952, 0.21357903805374492, -0.9758128692509861
-22.069323088529714, 1.0961119670101696, 17.914900730372246, -0.9982915306406333, 0.006497879663778726, -0.0580671801541701, -0.006053726467216596, 0.9769464274191167, 0.21339875901439706, 0.058115163658393976, 0.21338569659866993, -0.9752380079960268
-22.11656538645811, 1.0967655945957842, 17.912113672136105, -0.9973743413255745, -0.0021104202332694897, -0.07238763286512111, -0.017497410370324703, 0.9769826001750862, 0.2126001871717427, 0.07027278204048144, 0.21330856776408816, -0.9744543042250491
-22.163765097418043, 1.0969828689107883, 17.908942325135893, -0.9961636339540892, -0.00936115416346419, -0.08700794894784755, -0.02767662440603609, 0.9769285777723896, 0.21176533803506017, 0.08301818384468908, 0.2133610150058908, -0.9734398072951329
-22.210927022867352, 1.096221819994471, 17.90487504413571, -0.9947105272071359, -0.01447660047275272, -0.1016926501869923, -0.035789955475665464, 0.9768255680781845, 0.21102343148518374, 0.09628107888028455, 0.21354680420808092, -0.9721767926988198
-22.258033665229696, 1.0946764162045222, 17.899865555977435, -0.9930845651572672, -0.01667647145094638, -0.11621076433079358, -0.04103865685683229, 0.9767243480604354, 0.2105359269799449, 0.10999488665291969, 0.2138491131753024, -0.970654254461571
-22.305062621793503, 1.0927025108034603, 17.89396995574858, -0.9913292851681076, -0.015303104345416938, -0.13050694757553, -0.04278404855434185, 0.9766648504586346, 0.2104644745982386, 0.12424078862188769, 0.21422321273850364, -0.9688511968133214
-22.35199148984715, 1.0906559570538052, 17.887244338536636, -0.9892472411849546, -0.010569349856813983, -0.14587043789459378, -0.04151890729399323, 0.9766464124503718, 0.21080314367895722, 0.14023578767586067, 0.2145928095054039, -0.9665835969865765
-22.398797866679026, 1.088892608218076, 17.879744799429105, -0.9869451091385929, -0.0017453282264957499, -0.16104752521163634, -0.03628281645001079, 0.9766464151454267, 0.2117671764321408, 0.15691688493551506, 0.2148458368527732, -0.9639597282092058
-22.445459349577547, 1.0877683175587922, 17.871527433513474, -0.9846478021099324, 0.011270538804199672, -0.17418863555106676, -0.026597812991183783, 0.9765725133363219, 0.2135384802326396, 0.17251452734238168, 0.21489323198054058, -0.9612802071741581
-22.49195353583108, 1.087638938338472, 17.862648335877243, -0.9824786070977011, 0.02700767740021859, -0.18440816673023694, -0.013699124455398488, 0.9763037014579713, 0.21597086958342324, 0.18587124733136282, 0.2147129895486303, -0.9588275191788006
-22.53825802272804, 1.088860323819635, 17.853163601607903, -0.9806104855529012, 0.04364857657639053, -0.19104417653139347, 0.0008126659743915039, 0.9757765669370848, 0.21876798438183512, 0.19596534182787867, 0.21437092428622817, -0.956892204808332
-22.584356423619635, 1.091748192583578, 17.84314360031429, -0.9793109966649787, 0.05937591764196447, -0.1934540571174998, 0.015345205449711843, 0.9750219828563922, 0.22157765595044893, 0.2017783350133318, 0.21402484283597556, -0.9557608854563383
-22.63030520664538, 1.096132230437044, 17.832831566693276, -0.9788466815125143, 0.0725745342975994, -0.19129064551991226, 0.0284405809628538, 0.9741606350861084, 0.22405845309455583, 0.20260875461448732, 0.21387845618508775, -0.9556179668326931
-22.676209266799024, 1.1015190553574827, 17.822585639521673, -0.9791895431853581, 0.0824953540675113, -0.1854247962752707, 0.03919924834435696, 0.9733310347724071, 0.22603122721896807, 0.19912623495081488, 0.2140589014877711, -0.9563093271782732
-22.7221743726348, 1.1074094575784201, 17.81276603030372, -0.9802048754183637, 0.08862235137501956, -0.17704372635830087, 0.046870185965427205, 0.9726746877784184, 0.22739203465100233, 0.1923579680534098, 0.21459270861778817, -0.9575742172460809
-22.768306292706995, 1.1133042273333857, 17.80373295054365, -0.9817471628574836, 0.0904231878032646, -0.16732051675983176, 0.05068819741413461, 0.9723282918104054, 0.2280535015911065, 0.18331179684948623, 0.21540970278182606, -0.9591639302451161
-22.81471079556985, 1.1187041548559051, 17.79584661174571, -0.9836466789813272, 0.08743693713288708, -0.15746108393449276, 0.049946203511551046, 0.9723906733400163, 0.22795121222781958, 0.17304504524483952, 0.21635886953432087, -0.9608559995597896
-22.861460189422623, 1.1232004044318002, 17.789338146910417, -0.9855683077136341, 0.08023695418350467, -0.149054157989093, 0.04484239792059483, 0.9728215904158096, 0.22717242915808628, 0.16323072682315168, 0.21721000070026442, -0.962380146000829
-22.908478073675557, 1.1267857922678668, 17.783865021844512, -0.9870999998073103, 0.07009609239427188, -0.1439448790734202, 0.03619396061677547, 0.9734883260713428, 0.2258549893575216, 0.15596021157743786, 0.21773152466711979, -0.9634673816849496
-22.955646749894257, 1.1295646771284416, 17.77892538952035, -0.9878615221834813, 0.05830327062955111, -0.14398035151795036, 0.024841664616187056, 0.9742556188811115, 0.22407338257294074, 0.1533378775398698, 0.21777676118557712, -0.9638779889587105
-23.002848518035563, 1.1316414221229076, 17.774017396704355, -0.987487199185495, 0.04607513526766722, -0.15081814663644702, 0.011608438494664483, 0.9750094380174845, 0.2218599556759726, 0.15727134386308986, 0.21733310306277576, -0.9633441995011973
-23.04996567805633, 1.1331203903606482, 17.768639190162993, -0.9858551599818065, 0.03385105799123394, -0.16414539107181994, -0.0029974908011085512, 0.9756726422129807, 0.21921202130822623, 0.167572726259806, 0.21660332663653872, -0.9617704405438136
-23.096880529913435, 1.1341059449510473, 17.762288916662694, -0.9830414424336584, 0.021385177200273504, -0.1821323602605125, -0.018805595507154316, 0.976185523422429, 0.2161207381028014, 0.1824167537140531, 0.21588074962022732, -0.9592286640357633
-23.143475373563707, 1.1347024490034885, 17.754464722969914, -0.9794187785126771, 0.007580145541512224, -0.20169630063614227, -0.036202349093411794, 0.9764915691535414, 0.21249377706693737, 0.19856547085748405, 0.21542227546292425, -0.9561197608132163
-23.189632508964024, 1.135014265627355, 17.744664755851083, -0.9754882664248665, -0.00863856271927331, -0.21988182576455453, -0.05557882591279871, 0.9765044343942575, 0.2082068291831609, 0.21291697014931327, 0.2153240925732565, -0.9530487390369604
-23.23525112304347, 1.1351151738987821, 17.732465356442827, -0.971407032025958, -0.027268497805440255, -0.23584911947674123, -0.0767471240053515, 0.9761151307762391, 0.20324647703365714, 0.22467366798854432, 0.21553579864403127, -0.9502978808854899
-23.280428269886727, 1.1347205952452386, 17.71835908090177, -0.9672197288881603, -0.048030335121634564, -0.24935733989120346, -0.09938676512089901, 0.9752187183710285, 0.19766315351519564, 0.23368411792057445, 0.2159665211250856, -0.9480243640248973
-23.32538940261189, 1.133313407317113, 17.70343303136997, -0.9629744120852597, -0.07066537678095393, -0.2601666508095426, -0.12320142514398995, 0.9737223671432896, 0.1915363165756262, 0.23979510109995672, 0.2164974740020642, -0.9463757991618271
-23.37036214794218, 1.130372551143723, 17.688784374770766, -0.9587251067999913, -0.09493128064319885, -0.26801906937154163, -0.14790813077022344, 0.9715520174137332, 0.18495908280309872, 0.24283606495618298, 0.21696711597554885, -0.9454924199282876
-23.41552007411929, 1.1254917636653576, 17.675284370329326, -0.954530006805908, -0.12058671916395784, -0.2726376886426119, -0.17322003403322808, 0.9686599442222256, 0.1780245271554517, 0.2426258146130381, 0.2171560628227258, -0.9455030187485877
-23.460802032586855, 1.118763214776543, 17.662823407478214, -0.950406654847902, -0.14730196307353718, -0.27391480809825375, -0.19880415378399519, 0.965035573547217, 0.1708310575586991, 0.23917378380384943, 0.2168143755913714, -0.9464604733837929
-23.506083186630125, 1.1104143193870775, 17.651025726012474, -0.9459428840672178, -0.17397140672065944, -0.273726158279089, -0.2240223349092297, 0.9607635186124731, 0.16354649114302935, 0.23453369383611167, 0.2160264126143258, -0.9478008944438564
-23.55123869833547, 1.1006724949526576, 17.639515560717076, -0.9405442216855701, -0.19904758362455555, -0.27523921687708475, -0.24808397687804604, 0.9560360265704133, 0.15636321919118099, 0.23201488631175896, 0.21534896181008567, -0.9485746766475793
-23.596143729789276, 1.089765158928973, 17.627917146377012, -0.9337131946667331, -0.2210261093170909, -0.28165072182650747, -0.270230703718934, 0.9511246236529785, 0.14945673972273626, 0.23485109510669316, 0.21566040267311337, -0.9478056519382323
-23.64067344307789, 1.077919728771717, 17.615854717777246, -0.9250795582499436, -0.23866005291064116, -0.295413591516672, -0.2898091982809755, 0.9463420039369822, 0.14299454596688294, 0.2454352042797191, 0.21789490753394564, -0.944607521551118
-23.684703000287683, 1.0653636219365863, 17.602952509702753, -0.9160255472253002, -0.25230331607791184, -0.31183366323519135, -0.30621068746092966, 0.9420053366895268, 0.13733521228423626, 0.25909884545341816, 0.22128936337867827, -0.9401589258950664
-23.72810756350504, 1.0523242558792683, 17.58883475693852, -0.9077654322807349, -0.2623630176402602, -0.32730347833603457, -0.31908441644541163, 0.9383794057617425, 0.13277509564647258, 0.2722995687434368, 0.22496608148104316, -0.9355443372952471
-23.770762294816308, 1.0390290480554605, 17.573125694269518, -0.9006170980403247, -0.2688474239370394, -0.3414819253779648, -0.3283764687286473, 0.9356371682736848, 0.12942945619179572, 0.2847064057985485, 0.22870101002666793, -0.9309339990085517
-23.812542356307883, 1.0257054159208514, 17.555449556480724, -0.8948670381809061, -0.27176901881143584, -0.35405449353397894, -0.3340324898117022, 0.9339120444504336, 0.12739932880751947, 0.29603256531592603, 0.23227116404039655, -0.9265067871461015
-23.853373324950486, 1.0125620237800224, 17.535539722465998, -0.8907726380632255, -0.2711304912856492, -0.36470860145201456, -0.33598308042580594, 0.9332957278400953, 0.12678507034747089, 0.3060056812307059, 0.2354725909540837, -0.9224495552407744
-23.89421361892167, 0.9994272274055376, 17.515373522547968, -0.8885595856911047, -0.2669131744467256, -0.37312091871566794, -0.3341334860907796, 0.9338360070472885, 0.12769152444387027, 0.31435119874000017, 0.23813372135997146, -0.9189535649868149
-23.935667463416802, 0.9862895078539875, 17.49621945087615, -0.8884166904611357, -0.2590704572321325, -0.37894364000417824, -0.32835613722152923, 0.935533934468915, 0.130224823309798, 0.320777229957238, 0.24012237639721468, -0.9162113364799169
-23.97765772429789, 0.9734033842540297, 17.477896630202753, -0.8904854899180521, -0.24752702271688926, -0.38179309222446545, -0.3184908077225255, 0.9383367004091459, 0.1344910482579793, 0.32496030163953854, 0.2413599173230498, -0.9144102977701808
-24.02010391916223, 0.9610246778807333, 17.46021705032837, -0.8948419344730566, -0.23218543629727403, -0.38124511207353506, -0.3043508303321046, 0.942128675710875, 0.1405849582260901, 0.3265401726965249, 0.241833582396485, -0.9137220770237557
-24.06292556560709, 0.9494092100091767, 17.442992701053605, -0.9013769009378793, -0.21290680968792816, -0.3770813875599444, -0.2857620456536223, 0.9467163003224233, 0.14855403046595675, 0.3253609314584063, 0.24165872029027147, -0.9141888903220092
-24.10604218122977, 0.9388128019144297, 17.42603557217905, -0.9080483469856538, -0.1891242998779904, -0.3737381419286524, -0.26327777344976655, 0.9516791390901592, 0.15808741324959047, 0.3257806218054643, 0.24194796014075703, -0.9139628936886726
-24.14937328362754, 0.9294912748715685, 17.409157653505293, -0.9135164562739169, -0.16148324755635213, -0.3733776169983932, -0.2380355072433605, 0.9564918000288251, 0.1687084282690529, 0.32988904408625186, 0.24299505599141727, -0.9122097463607738
-24.192838390397664, 0.9217004501556679, 17.39217093483294, -0.9177212062112163, -0.1313325756409435, -0.37488603901151873, -0.211028385329979, 0.9607604761478797, 0.18001757707824323, 0.33653351728357167, 0.24431754347081833, -0.9094251644292305
-24.236357019137454, 0.9156961490417999, 17.37488740596259, -0.9207160931283037, -0.10005854941232593, -0.37718717176496547, -0.18326956917986398, 0.9642144727938423, 0.19157952778812176, 0.34452016032037885, 0.2455172848179814, -0.9061054695720729
-24.27984870172057, 0.9117341306335697, 17.357119099022476, -0.9227037595129385, -0.06908096922100519, -0.3792698140798657, -0.15579117101323892, 0.9667194147690623, 0.2029351722666264, 0.3526285343176487, 0.2463359348532977, -0.9027578434912314
-24.323265369760676, 0.9099290583715594, 17.338774107051076, -0.924049742639652, -0.03984011756252161, -0.3801905287618267, -0.12964126055660255, 0.9682751973631295, 0.21362650990148124, 0.35961815400350416, 0.24668990089583528, -0.8998993699892867
-24.366660359507655, 0.9099539947940363, 17.32006117431676, -0.9252669985393119, -0.013779233639264993, -0.37906610786822864, -0.10587509245264337, 0.9690039434263837, 0.22320802499520914, 0.36424091781703666, 0.24666067855341728, -0.8980462479423711
-24.41010679227816, 0.911395841651915, 17.301247705173427, -0.9269711852996261, 0.007669171723717692, -0.37505413666466675, -0.08554464535581567, 0.9691270989181531, 0.23124614546718836, 0.36524859380311664, 0.2464423866698999, -0.8976968390148701
-24.453677789388795, 0.9138415006961093, 17.28260110397498, -0.9298068069406006, 0.023088767290261287, -0.3673230330267092, -0.06969811546129016, 0.968925311356185, 0.23733081071463194, 0.3613882600031017, 0.2462735264666829, -0.8993041063475662
-24.497446472156174, 0.9168778736775326, 17.26438877507532, -0.9341680544974506, 0.0315032359253873, -0.3554399978655718, -0.05911631473780968, 0.9686672046426503, 0.24122418614561436, 0.3519024115976879, 0.246356231453607, -0.9030356028062838
-24.541485961896925, 0.9200918623470998, 17.246878122828335, -0.9397607399163326, 0.03333128952852944, -0.3402040223899072, -0.053669256657385575, 0.9685048964561245, 0.24314167974733422, 0.3375934872028056, 0.24675350185737369, -0.9083740125737704
-24.58586937992767, 0.9230703684557239, 17.230336551587932, -0.9458627708755163, 0.030093658689107277, -0.32316867171555147, -0.05241942556903387, 0.9684565476489674, 0.24360648418885714, 0.32030582650757833, 0.24735862027135197, -0.9144495013300352
-24.630669847565017, 0.9254002937543198, 17.215031465707995, -0.9517319774580366, 0.02349934807287865, -0.30602944911227864, -0.05426005227136362, 0.968479242290594, 0.24311273923788107, 0.3020961598751695, 0.24798334196551747, -0.9204575885375108
-24.67596033880302, 0.9266689953998009, 17.201229799989047, -0.956742278224116, 0.01526858909166708, -0.2905358553529638, -0.05805393371991078, 0.9685199551408145, 0.2420719671372112, 0.28508587099008026, 0.24846723462296733, -0.9257375867278171
-24.72174799414995, 0.926667336129783, 17.188988661661714, -0.9604124008330469, 0.0071296647279229085, -0.2784909122520343, -0.06264157321164006, 0.968545347682685, 0.2408234681001784, 0.2714480680197846, 0.24873495404364526, -0.929756349268577
-24.767870696264907, 0.9257093913976661, 17.1778256914108, -0.9623751573884275, 0.0008067154252138614, -0.2717230311398394, -0.06685147141593416, 0.9685557861366353, 0.23964676069325205, 0.2633722407755304, 0.24879517348909122, -0.9320600970095271
-24.81413950150921, 0.924192162560508, 17.16717302788823, -0.9622919455566458, -0.002029729724734545, -0.2720111977732721, -0.06954582441958827, 0.9685741509549521, 0.23880429729737554, 0.2629783067528677, 0.24871669485408102, -0.9321922633653728
-24.860365466244225, 0.9225126509753666, 17.15646280974596, -0.9601222546122596, -0.0017131714527907668, -0.2795752514831105, -0.0710907386061191, 0.9686094012571071, 0.23820565627370135, 0.2703911298151395, 0.24858176288682493, -0.9301052327975425
-24.90635964683128, 0.9210678579993001, 17.14512717563593, -0.9562740751237921, -0.0013962001792687077, -0.2924687057980657, -0.07395263981403885, 0.9686477887727085, 0.2371760282369978, 0.2829680199433695, 0.24843411990063197, -0.926396021018294
-24.951933099631734, 0.9202547849893662, 17.13259826421009, -0.9508575048553486, -0.0021194617071154218, -0.3096215647243144, -0.07882789122060177, 0.9686839212565009, 0.23545195744533948, 0.2994264000150516, 0.24828807579342396, -0.9212474490563463
-24.996896881006926, 0.9204704333026235, 17.11830821412039, -0.9440329497939318, -0.004106775341269719, -0.32982559648951454, -0.08560492528925918, 0.968711648124408, 0.23295823564388857, 0.3185491900312856, 0.24815494591966025, -0.9148472748748955
-25.041065549917427, 0.9220962660149264, 17.10170090903112, -0.9360707745872233, -0.0077033263832388555, -0.35172739973779277, -0.09424175623474403, 0.9687130137229116, 0.22959439981337795, 0.3389542688113942, 0.24806401554136678, -0.9075099161155352
-25.084465499241503, 0.9245740055200851, 17.082930559944334, -0.9273273826835378, -0.013241627201551278, -0.37401682399907443, -0.10469842012731165, 0.9686493121354857, 0.22529258958584353, 0.3593078988112347, 0.24807895801237465, -0.8996414088087265
-25.12743617509382, 0.9259914782970959, 17.063195894107952, -0.9182540213483285, -0.021054953508345603, -0.39543171497792734, -0.11695482924403491, 0.9684586757929957, 0.22002127442085198, 0.3783267373502989, 0.24828306872205086, -0.8917535520489052
-25.170141889742208, 0.925650140323127, 17.04304298059564, -0.9093921551857805, -0.03149048450437544, -0.4147460156194883, -0.1310033551536388, 0.9680664136453301, 0.21374175939754533, 0.3947708563522018, 0.2487081988144908, -0.884477361393383
-25.212608345732534, 0.9237636879271216, 17.022508572886565, -0.901353480851958, -0.044910712409495936, -0.43074926635681066, -0.1468355675639019, 0.9673883773259349, 0.20639535729488107, 0.40743247128112636, 0.24928448673266124, -0.8785533711848063
-25.254858585668376, 0.9205633234734515, 17.001619650613726, -0.8947687416040027, -0.06163552523920084, -0.4422555382093902, -0.16440731182414287, 0.9663250831034891, 0.1979547159928102, 0.41516157681937355, 0.24983373629980987, -0.8747708096063382
-25.296915652153317, 0.9162802493264913, 16.980403193410147, -0.8896672429469829, -0.07996073616791641, -0.44955364251510516, -0.18229027574111345, 0.9648830956816806, 0.18913187737122936, 0.4186435861175266, 0.25021369334874893, -0.8730009481457826
-25.33880258779094, 0.9111456678506124, 16.95888618090884, -0.8853035704306955, -0.09538410122958584, -0.4551257643940702, -0.19717247795099888, 0.9633967722763248, 0.18163059518214944, 0.42114202131979833, 0.25053648915913057, -0.8717057218342045
-25.38054243518481, 0.9053907814101881, 16.937095592742818, -0.8815004310006145, -0.10596593102289126, -0.46013933933992507, -0.20766482642624995, 0.9621918504402993, 0.1762446107307341, 0.42406639811601016, 0.25091445635659254, -0.8701779275413675
-25.422158236938515, 0.8992467923695935, 16.9150584085451, -0.8783380683277122, -0.11171299802860203, -0.464803661558087, -0.21385212853027077, 0.961417130717424, 0.1730444101557411, 0.4275388927915397, 0.2513907453239625, -0.8683393278644282
-25.463673035655646, 0.8929449030931987, 16.89280160794869, -0.8755428491537207, -0.11282010977762298, -0.46978329272713637, -0.21609806784932975, 0.9611147432200832, 0.1719304377845299, 0.4321184378935614, 0.2520517272203441, -0.8658773483800519
-25.50510987393976, 0.8867163159453793, 16.870352170586617, -0.8726812298190375, -0.10951531978075892, -0.475850676005457, -0.21482466920197707, 0.9612539153177172, 0.17274626418137154, 0.4384949630540736, 0.2529768863348531, -0.8623948413322805
-25.54649179439445, 0.8807922332905057, 16.847737076091875, -0.8692445135150306, -0.10201621568261145, -0.4837423564892956, -0.21044015933078922, 0.9617579298593141, 0.17531863475842724, 0.44735770370571454, 0.25419357995536723, -0.8574711125423553
-25.58784183962329, 0.8754038574929524, 16.824983304097493, -0.8646924158962905, -0.09057635611359788, -0.494067758110787, -0.20336521369359345, 0.9625151206041856, 0.17946373580105004, 0.45929251654125125, 0.2556571264828984, -0.8506996049885716
-25.62914817955002, 0.8707669917162304, 16.80206686294779, -0.8593184219511453, -0.07631327192590963, -0.5057154676528648, -0.19432917301661567, 0.9633653570863301, 0.1848333337918414, 0.4730835256168532, 0.25710595732866665, -0.8426674934373807
-25.670241874943795, 0.8670280623096885, 16.778734124030265, -0.8543614462689127, -0.061164630815599995, -0.5160672505269861, -0.1843213345238299, 0.9641534762500443, 0.19087618990934802, 0.4858931618871026, 0.25819946199042804, -0.8350095047717765
-25.710909762189715, 0.8643139668633069, 16.754666818622844, -0.8512591721169434, -0.04710387425391034, -0.5226270629397677, -0.174312956499319, 0.9647896551729251, 0.1969667851892159, 0.49494728515594744, 0.25877045098229434, -0.8294968587132668
-25.75093867522602, 0.8627516018865642, 16.729546674426956, -0.8505446668769484, -0.035364420780927226, -0.5247124235140717, -0.16509609749469456, 0.9652525707186501, 0.20256049297199988, 0.49931658117791683, 0.25891472044645675, -0.8268289540751037
-25.79013917300631, 0.8624474360092844, 16.70309247810115, -0.8517338547892255, -0.026425627877537005, -0.5233078699935293, -0.15729729204571324, 0.9655576155655848, 0.207258420669433, 0.49980696525856083, 0.2588439244304954, -0.826554789632513
-25.828807007727303, 0.8630901733618024, 16.67578089802809, -0.8543300706320471, -0.020691630019735705, -0.5193187719127509, -0.1514896880756338, 0.9657333259315719, 0.2107368444100162, 0.49716295600194166, 0.25871026193846774, -0.8281895891323079
-25.867691727781082, 0.8639777872818608, 16.64879744148685, -0.858123428056721, -0.018424846105279006, -0.5131127627200266, -0.1480027403110565, 0.9658133211612151, 0.21283753787328327, 0.4916496426120937, 0.2585829725901149, -0.8315139657310997
-25.907535901591736, 0.8644102741043426, 16.623317066651566, -0.8629630206830963, -0.019863038479928173, -0.5048765043412603, -0.14710441808782607, 0.9658172750271569, 0.21344151760648497, 0.4833788525706808, 0.2584617011502135, -0.836386533802398
-25.94856507688207, 0.86404837611951, 16.5997146253702, -0.8686568849807228, -0.025257233227961452, -0.49476993476287096, -0.14907162840217095, 0.9657403462283722, 0.21242229937609874, 0.47245408854312215, 0.2582782527360215, -0.8426621377411682
-25.990511390053012, 0.8628971083677703, 16.57760139944595, -0.8749093066391184, -0.03480976527318981, -0.48303414516769166, -0.15416891210505537, 0.9655434560881808, 0.20966110975961902, 0.45909220391616423, 0.25790330483907475, -0.8501295393388483
-26.0330872858526, 0.8609752255407895, 16.556558197209643, -0.8805024931768257, -0.047818606173925894, -0.47162351554282883, -0.16234439168071982, 0.9651549566112998, 0.20523208379407196, 0.4453758614914048, 0.25727279419367866, -0.8575844281285465
-26.07600520902889, 0.8583014823302371, 16.53616582699214, -0.8835416514773266, -0.06277181609081815, -0.46412697530888997, -0.17323802882287412, 0.9644954389882573, 0.19934175062042106, 0.435135307087673, 0.256531181877583, -0.863046358691239
-26.118977604329935, 0.8548946334277786, 16.51600509712426, -0.8824447185591657, -0.07815203584546994, -0.4638788397634056, -0.18635482152750016, 0.9635034314458004, 0.19217965055026345, 0.4319296229485638, 0.2560339760371193, -0.8648025230849732
-26.161716916503764, 0.8507734335250822, 16.495656815936854, -0.8769738042305353, -0.09305886084044258, -0.4714414015681079, -0.2009985879588734, 0.9621606760871114, 0.18397391399361931, 0.4364819748076223, 0.2560993592547075, -0.8624944080151282
-26.203935590298443, 0.8459566373138168, 16.474701791760776, -0.8677040106967232, -0.10726328879533155, -0.48537030883401816, -0.21657301309220048, 0.9604692263530662, 0.17491425107437153, 0.4474213671931487, 0.25689190743492096, -0.8566333335059181
-26.24534607046202, 0.8404629994856482, 16.452720832926857, -0.8551869087922171, -0.12054912291862482, -0.5041063974935871, -0.23250428430444353, 0.9584575463234134, 0.16522980867803566, 0.4632462723114894, 0.25850926648623657, -0.8476885337966165
-26.285660820127926, 0.834311278007074, 16.429294773303283, -0.8400099872481659, -0.13269210656168, -0.5260950733275875, -0.24824089329097554, 0.9561858876318694, 0.15519345086617758, 0.4824517387484831, 0.26096235964191833, -0.8361453023420556
-26.324681936690634, 0.8275361965923189, 16.40412894878826, -0.8228642964622006, -0.14347242390781634, -0.5498272575871294, -0.26326200806268285, 0.9537465227729454, 0.14512300096579955, 0.5035746863361696, 0.26416516401019163, -0.8225747998844222
-26.36250884305798, 0.8202254388851036, 16.37734168055592, -0.8045838437009616, -0.1526880094524978, -0.5738738626430206, -0.27708551059768943, 0.9512597742748532, 0.13538264904844005, 0.5252318138424255, 0.26793882439092187, -0.8076758806054607
-26.39930253056517, 0.8124776551614122, 16.34913680835444, -0.7861581868059184, -0.16016489968813122, -0.596910805921556, -0.2892711558946857, 0.9488679087311308, 0.12637994361275415, 0.5461478771224723, 0.2720237061141939, -0.7922913603129316
-26.43522399054738, 0.8043914956972333, 16.319718171932035, -0.7687224496241202, -0.16576173645344727, -0.6177287771925718, -0.2994181909944413, 0.9467270481218356, 0.11856071548422666, 0.565167711697606, 0.2760995166284312, -0.7774024148226183
-26.47043421433979, 0.7960656107685553, 16.2892896110369, -0.753529504062628, -0.16936698474811537, -0.635222882919422, -0.3071566337969023, 0.9449976955949511, 0.11240176882410716, 0.5812470118819414, 0.27981097154608503, -0.7641058378135521
-26.505094193277603, 0.7875986506513626, 16.25805496541722, -0.7416893001039994, -0.17091674822281344, -0.6486019174256109, -0.3122172313314542, 0.9438156275937205, 0.10831648798586806, 0.5936475238480835, 0.28284187505885844, -0.7533811061755055
-26.539364918696, 0.7790892656216448, 16.226218074821205, -0.7335757390103689, -0.1704417008783183, -0.6578877273039048, -0.314608218335108, 0.943235525689174, 0.1064350131952662, 0.6024021116259473, 0.28505502921291065, -0.7455570576616029
-26.57340738193017, 0.7706361059553862, 16.193982778997043, -0.729328549677559, -0.16797803197478123, -0.6632218689089706, -0.3143723124497098, 0.9432730158028945, 0.10679918924380676, 0.6076593748065197, 0.28639029039405617, -0.7407635829181655
-26.607382574315288, 0.762337821928577, 16.161552917692937, -0.729006973460478, -0.16354345793472905, -0.6646821571343293, -0.31152512041752384, 0.9439164917711629, 0.10942465860704138, 0.6095087628532022, 0.28683652823371675, -0.7390696002921425
-26.641451487186565, 0.7542930638172011, 16.129132330657075, -0.7325611401732962, -0.15714677034455954, -0.6623134216353119, -0.30607239973290484, 0.9451233896394252, 0.11428676423026539, 0.6080081101677355, 0.28643790064647107, -0.7404589570283429
-26.67577511187917, 0.7466004818972469, 16.09692485763766, -0.7394741301271412, -0.1488950334793739, -0.656512208475885, -0.2981960867196771, 0.9467849138366031, 0.12115040568023985, 0.6035371610247198, 0.2853569623061474, -0.7445228668923671
-26.710514439728286, 0.7393587264447032, 16.065134338382897, -0.7489413379961762, -0.138959766642947, -0.6479020415888771, -0.2881943267154442, 0.948754081706827, 0.12965231387702716, 0.5966832512225638, 0.28382367008262915, -0.7506085677710439
-26.74583046206912, 0.7326664477355542, 16.03396461264097, -0.7601536191714348, -0.12751539674877727, -0.6371077607850741, -0.27637104392714834, 0.950882845087994, 0.13943048804325414, 0.5880353062012413, 0.28206672705117797, -0.7580585994179135
-26.781884170236836, 0.7266222960457895, 16.00361952016008, -0.7723260019697019, -0.11474470175169482, -0.6247769202694756, -0.26304443258011495, 0.9530304935208753, 0.1501349556497828, 0.5782042659563327, 0.2802972205343312, -0.7662331857800386
-26.81882103262695, 0.7213198382082423, 15.974284194322578, -0.7847165258787137, -0.10084203824100059, -0.6115969729619685, -0.24855323435886625, 0.9550708651682902, 0.16143398711684043, 0.567839117798861, 0.27869432328286536, -0.7745245060469792
-26.8566111903454, 0.7167952249782058, 15.945932485307816, -0.7966392504930987, -0.08601331095107168, -0.5983039486022368, -0.2332592193947609, 0.9568985630477799, 0.17301813952427297, 0.557634325648216, 0.27739295300408817, -0.7823663518343125
-26.89511405791061, 0.7130483464332759, 15.91840480902973, -0.8074703588793082, -0.07047332612019466, -0.585683472395182, -0.21754704747771406, 0.9584336723184241, 0.18460275702152626, 0.5483291909656557, 0.2764749646383487, -0.7892380453723538
-26.934187308769612, 0.7100785224860207, 15.891539483274052, -0.8166459445496645, -0.05444158847517974, -0.5745655007872342, -0.20182290311635362, 0.959624466634962, 0.19592957615748444, 0.5407003948845175, 0.2759655711857255, -0.7946609884044032
-26.97368861636943, 0.7078850730490072, 15.865174825826502, -0.8236504036373952, -0.03813783239553926, -0.5658140315758579, -0.18651118224043317, 0.9604487414992758, 0.20676506922527568, 0.5355498029942986, 0.2758327766829513, -0.7981871258170863
-27.01347565415711, 0.7064673180348017, 15.839149154472793, -0.8280239666048808, -0.02176777441393641, -0.5602700016286642, -0.17202822449607205, 0.9609149923832268, 0.2169070478105132, 0.5336502606620261, 0.27598648773120615, -0.7994053151469187
-27.05340609557967, 0.7058245773559719, 15.813300786998651, -0.8296260660805604, -0.0054093871768867655, -0.5582932285189066, -0.15855935761584358, 0.9610638015506625, 0.2263079748074289, 0.5353312251234226, 0.276273610537379, -0.7981812898887671
-27.09333761408416, 0.7059561709250847, 15.787468041189788, -0.8284800072279512, 0.01094188173257376, -0.5599117366583097, -0.14613350193208155, 0.9609457101701964, 0.23500710993194057, 0.5406162014189366, 0.2765205549857863, -0.7945253334121654
-27.133127883117602, 0.7068614186547071, 15.76148923483193, -0.8245617563794688, 0.02729242303007361, -0.5651132926781613, -0.1347686693311639, 0.9606098396584476, 0.24303526846546156, 0.5494864108266129, 0.2765571543036251, -0.7884039730495832
-27.172634576127017, 0.7085396404574057, 15.735202685710794, -0.8178067778882341, 0.04363781213043086, -0.5738360527123872, -0.12447807846932914, 0.9601034793019765, 0.2504126933939708, 0.5618694528274768, 0.2762192071249002, -0.7797471818446307
-27.21171536655945, 0.7109901562457479, 15.708446711612094, -0.8084805268319826, 0.05971154196601334, -0.5854859259534091, -0.11532492471822124, 0.9594782327272016, 0.2571024750200255, 0.5771129867471503, 0.2753834647881518, -0.7688332379970682
-27.25022792786193, 0.7142122859323005, 15.681059630321558, -0.7973631611316321, 0.07490947172105869, -0.5988326647041247, -0.10743574440486854, 0.9587975092651122, 0.26299219960141185, 0.5938598741238058, 0.27403632473358164, -0.756461858015438
-27.2880299334815, 0.7182053494296311, 15.6528797596249, -0.7853591242339811, 0.08860650578024001, -0.6126662493689777, -0.10093178707178006, 0.9581310966739436, 0.2679506968546321, 0.6107567603726799, 0.2722750240470146, -0.7435337860106067
-27.32497905686518, 0.7229686666503055, 15.623745417307845, -0.7734805283636379, 0.10018363209611086, -0.6258523085379957, -0.0959280330465769, 0.957550449348267, 0.2718362548093, 0.6265187026084077, 0.2702968309339992, -0.7310362087262948
-27.360937863292023, 0.7284985807529372, 15.593500425015456, -0.76283917261934, 0.10903145485348019, -0.6373292230629114, -0.09253833850253403, 0.9571233322312689, 0.2745024276863549, 0.639932068757795, 0.2683785921996119, -0.7200415811773118
-27.395965071701657, 0.7346720724194659, 15.56220929924834, -0.7546156014838286, 0.11455104407230873, -0.6460908235682841, -0.09087809495779973, 0.9569088781472588, 0.27580168741288713, 0.649843416412016, 0.26683975945293226, -0.7116881879875909
-27.430377728311406, 0.7412089262663932, 15.5302272036511, -0.7500061731953614, 0.11615125885961398, -0.6511525360729056, -0.09106627403058784, 0.9569518432957258, 0.27559046309170143, 0.6551317988794587, 0.26599258387827196, -0.7071423275541672
-27.46451050213605, 0.7478182031707956, 15.497929129490824, -0.7499666075813445, 0.11337879454659251, -0.6516865323605293, -0.09318404846436185, 0.957267579828045, 0.27378004624506347, 0.6548792412534705, 0.26605268192092935, -0.7073536243053822
-27.49869806219034, 0.7542089640097442, 15.465690068034604, -0.7542744761868974, 0.10655388402663189, -0.6478551415029603, -0.09706615267183043, 0.9578022500105569, 0.2705420704441432, 0.6493444206108732, 0.26694778454513146, -0.7121030148426389
-27.53327507748904, 0.7600902696603151, 15.433885010549517, -0.762225854631883, 0.09625746407131178, -0.6401142453822253, -0.10246253045612713, 0.9584733174708074, 0.2661396805232772, 0.6391503550677438, 0.2684462708011883, -0.720710360207006
-27.568576217046893, 0.7651711809995797, 15.402888948302659, -0.7726535748722037, 0.08331429215476042, -0.6293370972380027, -0.10906221668056677, 0.9591907705603502, 0.26088023797245086, 0.625389387605774, 0.27020694734701534, -0.7320357364743078
-27.604936149878675, 0.7691607589046134, 15.373076872561096, -0.7838856841809635, 0.0688999014445253, -0.6170705289649453, -0.11645966332235132, 0.9598706883420925, 0.2551184205041301, 0.6098855474226187, 0.2718475036534495, -0.7444048319311211
-27.642607822797174, 0.7718325836800747, 15.34473237100174, -0.7943478685924232, 0.05423911970987762, -0.6050368431391363, -0.1242199815138529, 0.9604553932588499, 0.24918834995377703, 0.5946266558567421, 0.2730999001337891, -0.7561981120655765
-27.681367738783592, 0.7733363865732045, 15.3176061445744, -0.8026290561546067, 0.04057475745396165, -0.5950968721762174, -0.13188971685447143, 0.9609166489244961, 0.2434015127474846, 0.5817144495406767, 0.27384828441542, -0.7659082296974742
-27.72082021543131, 0.7739578386663947, 15.291256310545998, -0.8074693119262787, 0.029142115957588744, -0.5891893136970633, -0.13900630112329151, 0.9612541899267323, 0.2380496389334009, 0.5732979666328173, 0.2741188053122518, -0.7721323215802205
-27.760569335550567, 0.7739827964025687, 15.265240723586317, -0.8081526552684862, 0.02080236336650984, -0.5886055958456927, -0.14520717032895872, 0.9614899308845536, 0.2333495028764215, 0.5707925748181664, 0.2740517733677051, -0.7740099883376598
-27.80021918195167, 0.7736971162246499, 15.239117238365129, -0.8044817299024402, 0.015963624540522886, -0.5937628389725197, -0.15026388063799836, 0.9616525809447529, 0.2294451562746633, 0.5746563428944178, 0.2738055446002227, -0.7712331757110744
-27.839373837444867, 0.7733866545755609, 15.212443709552208, -0.7962942028127136, 0.014874960443567708, -0.6047266143627774, -0.15401555109773787, 0.9617660474456851, 0.22646253553461015, 0.5849741469389268, 0.2734681069750305, -0.7635577528128229
-27.87763738484046, 0.7733372678982257, 15.18477799181733, -0.784218148778166, 0.016980558569586447, -0.6202528160013553, -0.15660794477311185, 0.9618448732318888, 0.22433990164808784, 0.6003964080179763, 0.27306794112124666, -0.7516369155189992
-27.914621734188373, 0.7738297567747244, 15.155686497891255, -0.7692110316954192, 0.021428703868542266, -0.6386354197573004, -0.15829301199953738, 0.9618961450188361, 0.22293301359380643, 0.619078113867857, 0.2725740575484327, -0.7365091120151879
-27.950202480239696, 0.7749745995263398, 15.125023945175256, -0.7523223429287271, 0.02736818641397942, -0.6582264615636783, -0.15931125838829877, 0.9619251370967102, 0.22208096175091632, 0.6392425324405185, 0.2719393553605012, -0.7193177126452175
-27.9845759587664, 0.776675097738048, 15.092995739350664, -0.7347427108239479, 0.03395400713922906, -0.6774955898677611, -0.15988940948010977, 0.9619380213530949, 0.22160916003494616, 0.6592332861947873, 0.27115008477682945, -0.701348063302623
-28.017957881471883, 0.7788220374698912, 15.05982847114108, -0.7178175949643962, 0.04035115766206472, -0.6950609213837742, -0.16024180188949716, 0.9619429721938073, 0.22133296901761174, 0.6775400101003166, 0.27025451397206146, -0.6840336485809656
-28.050563960059577, 0.781306204781914, 15.025748731270099, -0.7030322500429248, 0.0457348856459475, -0.7096858288246529, -0.16057344700893816, 0.9619504837074808, 0.22105979962582828, 0.6927927709750228, 0.269368868152754, -0.6689384047540208
-28.08260990623288, 0.7840183857341582, 14.990983110461325, -0.6919555836408227, 0.049296647845575206, -0.720255031762693, -0.16107965881101413, 0.9619733874087705, 0.22059135394349172, 0.7037405869961003, 0.2686578538373388, -0.657702169515883
-28.114311431695228, 0.7868493663866686, 14.955758199438351, -0.6855774305883084, 0.050585310050144085, -0.7262401208106475, -0.161869721949532, 0.9620185561888146, 0.21981467345099992, 0.7097758658787394, 0.26825626545435866, -0.6513499798576541
-28.14588424815002, 0.7896899327994873, 14.920300588924766, -0.6839962209509426, 0.04958853446817224, -0.7277981498836942, -0.16297237917879726, 0.9620829027686417, 0.21871555003032273, 0.7110479402611554, 0.2682116057324201, -0.6499795082929963
-28.17754406730067, 0.7924308710326574, 14.884836869644186, -0.6868078991773081, 0.04633122335258172, -0.7253608256380446, -0.1644953635560767, 0.9621649899408201, 0.21720913309696607, 0.7079803563632304, 0.2684994411071177, -0.6532012439738298
-28.209506600850602, 0.7949629671462229, 14.849593632320186, -0.6934182561586598, 0.040834372520439824, -0.7193772835214809, -0.1665776102207822, 0.9622609176095105, 0.21518788584498907, 0.7010157072412975, 0.2690473572852275, -0.6604471952690987
-28.241987560503226, 0.7971770072002262, 14.814797467676389, -0.7031852916604897, 0.0331112379664559, -0.710235236743912, -0.16936624708479933, 0.9623603247631431, 0.2125504167725587, 0.6905400205207246, 0.2697522034054707, -0.671109699540344
-28.275202657961955, 0.7989637772547111, 14.780674966436361, -0.7154414803094995, 0.023170300769239604, -0.6982883540592776, -0.1730188699486388, 0.9624437617935773, 0.2092043881622081, 0.6769105988934196, 0.2704905590716445, -0.6845632903967763
-28.309331589855358, 0.8002153144726778, 14.74742603439721, -0.7295109418632548, 0.011018669636775273, -0.6838803803452929, -0.17770433161522245, 0.9624801152742797, 0.20506876462980997, 0.6604808522788331, 0.27112841352585115, -0.7001817100953018
-28.344367920140343, 0.8008301219522099, 14.715112664643417, -0.7447235079789025, -0.00333498189631672, -0.6673647987115807, -0.1836008208994473, 0.9624246633979056, 0.20007375102315963, 0.6416210994260138, 0.27152835059930563, -0.7173525769049512
-28.38024525914058, 0.8007087854794913, 14.683752428352733, -0.7604266587278322, -0.019878517530095903, -0.6491195122909421, -0.19089307086006296, 0.9622171889793611, 0.194159513622875, 0.6207343491330571, 0.27155648726086823, -0.7354902732415284
-28.41689718824704, 0.7997518918457792, 14.65336287526557, -0.7759955453392327, -0.038595741772978275, -0.6295564171149878, -0.19977065271383948, 0.9617793614661222, 0.18727558883128587, 0.5982663285928379, 0.2710919190511069, -0.7540467966228852
-28.45425728885073, 0.7978600278423302, 14.623961555122335, -0.7908407649649848, -0.05946701869120587, -0.6091260609738984, -0.21042620515910088, 0.9610117470072148, 0.17938013908033698, 0.5747100979206279, 0.2700372118840676, -0.772520684218838
-28.492259142342615, 0.7949337802604024, 14.595566017663453, -0.8044041190293881, -0.08243702792578644, -0.5883350658556035, -0.2230308780739358, 0.9597929045170839, 0.17045470912893324, 0.5506280420702557, 0.26833135647073225, -0.7904473685328163
-28.530836330113697, 0.7908737358912518, 14.568193812629326, -0.816269974081417, -0.10735756204266263, -0.56760697959537, -0.23764354639826457, 0.9579909945730756, 0.16055777518434128, 0.526525283598403, 0.2659466265797433, -0.8074921160868852
-28.569922433554943, 0.7855804815261351, 14.541862489760375, -0.8261150940604544, -0.13406254165892842, -0.5473217392808681, -0.25426806781672096, 0.9554697174812181, 0.14975102225064332, 0.5028733449430761, 0.2628780209532729, -0.8234157789631267
-28.609451034057326, 0.7789546039563113, 14.516589598797015, -0.8336469451496683, -0.16238376940056776, -0.5278866187713882, -0.2728864689785563, 0.9520863673146501, 0.13807434309823294, 0.48017262093026636, 0.25915836974494255, -0.8380162250816523
-28.649355685663878, 0.7708967076518211, 14.492392639637865, -0.8386014128190074, -0.19215262193639293, -0.5097303603876607, -0.2934686951059459, 0.9476868224949205, 0.12556198255162454, 0.4589376814021465, 0.25488635968299816, -0.8511222874750555
-28.68954414074167, 0.7613240762787231, 14.469242088532964, -0.8407748396419726, -0.22314544401004965, -0.49325832972446915, -0.31591708703221966, 0.9421191310215017, 0.11228507062102014, 0.4396522070297069, 0.2502351969265082, -0.8626055199644038
-28.729850416761668, 0.7502016585768428, 14.446974039614828, -0.8407965889988936, -0.2539619422263404, -0.4780841221254376, -0.33892052809274253, 0.9355851083216346, 0.09906250917542937, 0.42213027795357444, 0.24532394295588117, -0.8727096833698007
-28.770095444535393, 0.7375028630061714, 14.425400736531381, -0.8402002336904695, -0.28210092323666447, -0.4631227012525968, -0.3600164446192329, 0.9288470305580234, 0.08735761802652907, 0.4055264811454454, 0.24012967940794755, -0.8819784635450171
-28.810100154874377, 0.7232010980266903, 14.404334422930518, -0.8407295097953918, -0.3050424904324562, -0.4473510594488014, -0.37664359803143393, 0.9230310086569766, 0.07844333699951832, 0.3889903487506287, 0.2344415408762902, -0.8909117085830756
-28.849685478590125, 0.7072697720983883, 14.383587342460155, -0.844151099172971, -0.3203939806080251, -0.4298332455211082, -0.3863088226869158, 0.9194505154855683, 0.07332286878983806, 0.3717181933660416, 0.22794395531241265, -0.8999261847269581
-28.88869181841896, 0.6897080693904802, 14.362988483680049, -0.8489413083297266, -0.3317208851785045, -0.4114120918833106, -0.39228717095943555, 0.9171786561443649, 0.0699577602118552, 0.35413193941249466, 0.22078171810547692, -0.9087606959141328
-28.927376795194668, 0.6710674611458662, 14.342725622498264, -0.850765214381417, -0.34605972757005093, -0.39552650347692736, -0.4017110805995951, 0.9134678482855361, 0.0648436417245251, 0.33886097108113133, 0.2140540938705334, -0.9161626968913423
-28.96639890577326, 0.6524300730699306, 14.323331268778311, -0.8516601338526, -0.354334387602529, -0.38616338273911005, -0.40703560844447617, 0.9113417757082924, 0.06146691229508415, 0.3301469822130845, 0.20953116620492818, -0.9203801717357867
-29.006432848884625, 0.6348994778895296, 14.305351865210174, -0.8609088498887879, -0.35087085281787916, -0.36840955040012013, -0.39991051266621286, 0.9143370870177395, 0.0637124254989658, 0.31449568207244327, 0.2021814431315808, -0.9274778326251362
-29.048127420759766, 0.6195307757680538, 14.289317767262636, -0.8804632376061793, -0.34275411707038916, -0.32757304903691703, -0.38420006391505107, 0.920640775814547, 0.0693604555583361, 0.2778035242967865, 0.1869229176395638, -0.9422765118315313
-29.090638488921865, 0.6045856546333012, 14.274831735388105, -0.9009443682152003, -0.3327784956628271, -0.2784918638052098, -0.365785533410487, 0.9276864062943737, 0.07482563146566695, 0.23345275523951145, 0.16928202621960806, -0.9575194027642806
-29.131873989093105, 0.5866631858825496, 14.260032864638436, -0.920047905173979, -0.32206620152771276, -0.22312600480106237, -0.34641522331780467, 0.9347313427393382, 0.07920738573131547, 0.18305284821233592, 0.1501688340975737, -0.9715662489131284
-29.172714969910814, 0.569980544389083, 14.242806454763624, -0.9357233485067062, -0.3127658122662909, -0.16309310756989268, -0.32875144170008597, 0.9408619974653943, 0.08186080445209008, 0.1278448459638177, 0.13021616029831184, -0.9832087504480684
-29.216273536150783, 0.5575987246571921, 14.230430243079212, -0.9463319048572182, -0.307253296147095, -0.10025636067629146, -0.31569087552046, 0.9452206955038029, 0.0830488284350392, 0.06924736068930394, 0.11024177428748443, -0.991489563353802
-29.26286782863532, 0.5464471780732584, 14.229998350893252, -0.9506965436023099, -0.3079563925802187, -0.03659155984102806, -0.3099953056142041, 0.9470493633360056, 0.08366847615453848, 0.008887771361681264, 0.09088654286441196, -0.9958215923780614
-29.30891288550182, 0.5345558647143588, 14.233355893864564, -0.9500434171423503, -0.31085957019512933, 0.027997020601942393, -0.3076069784264414, 0.9477337273050608, 0.0847273801779073, -0.05287203767437902, 0.07188261087743175, -0.9960107619326223
-29.354090614107403, 0.5217641350605412, 14.23950639854173, -0.9465719737184337, -0.30768625152883367, 0.09659538907693423, -0.30010353028286385, 0.9500714317120212, 0.0854525936202777, -0.11806510781154261, 0.05189841293147075, -0.9916487205924502
-29.3984291769671, 0.508089938774389, 14.248237125747195, -0.9361073737972643, -0.3067905086038823, 0.17199583876640767, -0.29607116139939504, 0.9513317527718365, 0.08549715524904279, -0.18985481850614774, 0.029111509727885027, -0.9813804908858547
-29.44195673659588, 0.4935512255184933, 14.259335336303398, -0.918079488886011, -0.3165296737268539, 0.23861898025339923, -0.30425726669087233, 0.9485500745261046, 0.08763715982573059, -0.2540818131086916, 0.007856320187765914, -0.9671508209584001
-29.484701455508738, 0.4781659449554455, 14.272588291032767, -0.8997592401503339, -0.3326730381652935, 0.28242159875258627, -0.3195803199268078, 0.9430171428185291, 0.09266653908427278, -0.2971560682193329, -0.006878810089765569, -0.9548041438390263
-29.52669149622069, 0.46195204674782864, 14.287783250757753, -0.881009430460014, -0.34860471178401, 0.3198392383096687, -0.33496400490269307, 0.9370517669952538, 0.09865648174662024, -0.3340980377973961, -0.020217341394454816, -0.9423214739391594
-29.567955021246703, 0.4449274805582369, 14.30470747630078, -0.8622089899004863, -0.36382839526444966, 0.3524550418621905, -0.34981315383301836, 0.9308953716501369, 0.10518823339970407, -0.3663692333427851, -0.03259916930918594, -0.9298983164949655
-29.60852019310179, 0.42711019604925243, 14.323148228484294, -0.8438381963999727, -0.37849134037762716, 0.3803700876193978, -0.36427169139136284, 0.9245504855158428, 0.11185944118980312, -0.3940091790140388, -0.04416678606788664, -0.9180446949147503
-29.648415174300936, 0.40851814288347077, 14.342892768130726, -0.8262844797217809, -0.3927468854780126, 0.4037373434774479, -0.37841347318834595, 0.9180117673172605, 0.11856491208014662, -0.4172016321641598, -0.05481130370973461, -0.9071595885538555
-29.687668127359142, 0.3891692707234731, 14.36372835606252, -0.809848131513352, -0.4067470803387302, 0.4227325590964706, -0.3922216754818391, 0.9112799656386757, 0.12542320960568928, -0.436243236241608, -0.06423112066196832, -0.8975333988058363
-29.726307214791397, 0.36908152923185156, 14.385442253102111, -0.7947523280321775, -0.4206374108510166, 0.4375304625737357, -0.4057048103056057, 0.9043504699950261, 0.1324908838926965, -0.4514115018276856, -0.07221077490463988, -0.8893892623622938
-29.764360599112692, 0.3482728680711986, 14.407821720071931, -0.7811548021650683, -0.43455317312824104, 0.4482864204709194, -0.41892545135475195, 0.8972055133410816, 0.1397273525033078, -0.46292401240556785, -0.07864989863021585, -0.8829017794657492
-29.80185644283803, 0.32676123690409486, 14.430654017794424, -0.7691592184424308, -0.44861692141466303, 0.4551230103010164, -0.4319545540236505, 0.8898193171245906, 0.14709468423487063, -0.47096641063164807, -0.08345322457734759, -0.8781948527316615
-29.838822908482395, 0.30456458539313713, 14.453726407092024, -0.7588249909896453, -0.46293639247119844, 0.45812064958405585, -0.4448612584447405, 0.8821600133213914, 0.15457092751149665, -0.47569222590297455, -0.08650784601731251, -0.8753475302946359
-29.875288158560792, 0.28170086320090526, 14.476826148787172, -0.750174822596939, -0.4776023407302281, 0.45731142525707585, -0.45771253820739427, 0.8741900336585199, 0.16214505055616263, -0.47721794592135336, -0.08768003866971627, -0.8743999330452179
-29.911280355588218, 0.258188019989992, 14.499740503702306, -0.7431421117313308, -0.4924502114529559, 0.4530260378956569, -0.4704007442957158, 0.8659821437136465, 0.16969993086372742, -0.47588122629237517, -0.08699262042872495, -0.8751967449970373
-29.94682766207964, 0.2340440054229908, 14.522256732659852, -0.7374155689367761, -0.5061320075778184, 0.4472680064512751, -0.4819363216621059, 0.8582247455872523, 0.17660030556172668, -0.47323953823877607, -0.08532688302606142, -0.8767916870503546
-29.981958240550085, 0.20928676916248057, 14.54416209648226, -0.7328394505043915, -0.5175181193821939, 0.4417254077993916, -0.4914800711094013, 0.8515898432038636, 0.18232410332788407, -0.47052489783933793, -0.08348493913956181, -0.8784284748630046
-30.01670025351453, 0.18393426087105963, 14.565243855991957, -0.729341846272192, -0.525937272777022, 0.43755051866057554, -0.49853286688618426, 0.8465555244109273, 0.18657096431005, -0.46853543292958355, -0.08205930290471847, -0.8796253855456193
-30.05108186348798, 0.15800443021130653, 14.585289272011394, -0.7268834700981831, -0.5313830592188995, 0.43505455436437784, -0.503110864121117, 0.8432259534089178, 0.1893395096141434, -0.4674610992385641, -0.08125291301107279, -0.8802715971936663
-30.08522650245184, 0.13153242370351956, 14.604319107306889, -0.7254046545339368, -0.533899551913411, 0.4344414294783116, -0.5052715654674399, 0.8416383961088097, 0.19064484080476163, -0.4674277829896105, -0.0812162462937634, -0.8802926723694617
-30.119453486865932, 0.10486250465026768, 14.623317638174267, -0.7248196947278586, -0.5335064052266898, 0.43589829744644426, -0.5050561532944321, 0.8418034502325882, 0.1904868320801773, -0.4685666357670432, -0.08208450985786235, -0.879606412600175
-30.153671408548036, 0.07859721278900994, 14.642850219337364, -0.7250140377957142, -0.5301939765353663, 0.4396009465922136, -0.502484417621366, 0.8437080822421286, 0.18885465842024193, -0.4710244739361973, -0.08397034717639967, -0.8781144149529738
-30.187811360294468, 0.05312490101662913, 14.663216686985255, -0.7258399836106147, -0.5239208131014731, 0.44571661377071614, -0.4975551938095585, 0.847316181301465, 0.18572592177139843, -0.4749685750713149, -0.08696131613421063, -0.875695484852429
-30.22191133082975, 0.02844619848118673, 14.684373190260901, -0.7271109116377257, -0.5146139894583963, 0.45440308541103575, -0.4902525209400643, 0.8525663734987716, 0.18106088614348692, -0.4805852555887117, -0.0911209121599784, -0.8722011187093641
-30.25602006995835, 0.004522702663994234, 14.706241279760494, -0.7286536233683761, -0.5024106691559693, 0.4654539898533344, -0.4807297360898934, 0.8592481361839059, 0.1749044347734652, -0.4878143273737235, -0.09631282356329815, -0.8676180161950229
-30.29018632748471, -0.018683988953656007, 14.728742506080227, -0.730555084045405, -0.48864736361390093, 0.47698325254519724, -0.47001206612932767, 0.866550909450655, 0.1678635726507784, -0.4953563635083855, -0.10155429761180369, -0.8627333294641638
-30.32445885321328, -0.04121227889045311, 14.751798419816279, -0.7329049178782241, -0.47453218593055996, 0.487513677619283, -0.4589890974645011, 0.8738189718210462, 0.1605285423042652, -0.5021746606098682, -0.10611130477745596, -0.8582313215210626
-30.358886396948506, -0.06310056966510418, 14.775330571564847, -0.7358104802633159, -0.4608727839636711, 0.4961645030997723, -0.44822548270473955, 0.8806747837008385, 0.15331615051123806, -0.5076188075601333, -0.10958194356305574, -0.8545846616082993
-30.393517708494834, -0.08438726379630293, 14.799260511922117, -0.7393218435162751, -0.4477948508637918, 0.5028747192289259, -0.4377859351581529, 0.8870957328620057, 0.14630323207544918, -0.5116118515802759, -0.11198630397461838, -0.8518875401393697
-30.42840153765672, -0.10511076380274365, 14.823509791484273, -0.7434714197107828, -0.43534316881845536, 0.5076677786075644, -0.42768740349681256, 0.8930945924611096, 0.13951893709055932, -0.5141339640243463, -0.11339477183640638, -0.8501810940951238
-30.463586634238606, -0.12530947220313265, 14.847999960847512, -0.7482805661245765, -0.42355197529693045, 0.5105682310743116, -0.41794583668002394, 0.8986854670433344, 0.13298762696934854, -0.5151674212934259, -0.11387780972240487, -0.8494906547400682
-30.499121748044942, -0.14502179151616024, 14.872652570608015, -0.7537645928496794, -0.412393132157691, 0.5116354592044282, -0.40853161398622123, 0.9039065552085243, 0.12670777334036004, -0.514724060968564, -0.11351142673858054, -0.8498083884381242
-30.53505562888019, -0.16428612426053246, 14.897389171361977, -0.7599547842801981, -0.4015535070938628, 0.5111002903445239, -0.39919657257435465, 0.9089082110284465, 0.12053198899029599, -0.5129432934492131, -0.11243062245530783, -0.8510279271797058
-30.57143702654877, -0.1831408729549399, 14.922131313705577, -0.7668833690076936, -0.39060674483909225, 0.5092310568156833, -0.38960250847374184, 0.9138682264832823, 0.11425738494849334, -0.5099997879709142, -0.11077560882481526, -0.8530117119706588
-30.608314690855167, -0.20162444011808825, 14.946800548235018, -0.7745789759042628, -0.37909216777134846, 0.5062771359853446, -0.3793805555537323, 0.9189551509448799, 0.10766533620257901, -0.5060610676142206, -0.10867639525809072, -0.8556235369359954
-30.64573737160381, -0.21977522826867202, 14.971318425546482, -0.7830687701823803, -0.36650634408139615, 0.5024702985382754, -0.36813487466078226, 0.92432532241247, 0.10049583277715299, -0.5012783809656512, -0.10628169219189455, -0.8587340605107515
-30.683731318885396, -0.23759430411731383, 14.995607477345272, -0.7923775957158595, -0.35229242584538467, 0.4980238874788317, -0.3554086280712154, 0.9301246501278151, 0.09248157825829895, -0.4958048536471687, -0.10372165596722593, -0.8622177017339218
-30.722207213935327, -0.2548909605304846, 15.019595274763377, -0.8025231570904524, -0.3358272521717267, 0.49312943436014905, -0.34066390392335116, 0.9364826419337914, 0.08335685886841018, -0.4898006603683532, -0.1010955887044225, -0.8659532291337861
-30.761038734704254, -0.27141308748061277, 15.043211002475989, -0.8130069308189103, -0.31732535341387413, 0.48818475039801845, -0.32409620934927275, 0.9431773162945961, 0.07333619237972429, -0.48371621590127417, -0.09859599438153385, -0.8696536393105411
-30.800099542441274, -0.2869085472258441, 15.06638384588657, -0.8202819761967245, -0.3051981855937365, 0.4837267276439122, -0.31308315066817705, 0.9473725633239424, 0.06681442231068356, -0.47866107037702993, -0.09664002158171318, -0.8726650479618181
-30.839263298395537, -0.30112520202431253, 15.089042990398585, -0.8249302003045533, -0.29897419217638815, 0.47969218988635376, -0.30725104875964326, 0.9495132614615165, 0.0634141888287878, -0.4744333015942166, -0.09507364893170944, -0.8751422990675409
-30.878403663816144, -0.31381091413416295, 15.111117621415492, -0.8283924920537076, -0.2950398850805566, 0.4761484488273588, -0.30345985548108867, 0.9508738768309367, 0.06124529754929309, -0.47082692703417556, -0.09375679480526512, -0.8772295413444526
-30.91739429995225, -0.3247135458135323, 15.132536924340762, -0.8320202993820602, -0.2899702075956582, 0.4729265271933026, -0.29869636682470074, 0.9525504638137036, 0.058549930264878286, -0.4674641182614026, -0.09254670493987975, -0.8791543695750255
-30.95723130874779, -0.3343233751530982, 15.154064831846016, -0.837120620456591, -0.28027662464381115, 0.4697595986083141, -0.2898737150416557, 0.9555647038131583, 0.053566091461109966, -0.46389901501762343, -0.09132968030571015, -0.8811677441673269
-30.997971735943118, -0.34711499283092606, 15.176808372403478, -0.8448325002084378, -0.2623557269234503, 0.46629123854306737, -0.2737552411411875, 0.9607658941346978, 0.04457538126909159, -0.45969132528174833, -0.08999093964406937, -0.8835075077455128
-31.037722622029708, -0.3622974333964983, 15.199434563243988, -0.855414206033102, -0.23382630195633916, 0.4621599253831735, -0.24813303635834097, 0.9682424186060085, 0.030604167683134537, -0.4546389032895754, -0.08849790576849871, -0.8862683500442979
-31.077016141366837, -0.3780553427343785, 15.221794527561556, -0.8633134233483558, -0.2082200658891438, 0.45971114542467123, -0.22518579335638922, 0.9741432495298761, 0.018338153282901053, -0.4516428805339415, -0.08768884510868082, -0.8878791443132954
-31.116384468313772, -0.3925733667291191, 15.243739388550175, -0.8651197306447999, -0.19736194145665706, 0.46110315083886383, -0.21570804450672834, 0.9763687334279261, 0.013196056965270654, -0.4528110987864059, -0.08804748973597394, -0.8872484141248388
-31.1563597772298, -0.40403615126528364, 15.265120269403848, -0.8625149225728393, -0.19892371593662997, 0.4652927718943548, -0.21751923482333446, 0.9759552254568673, 0.014027843216489805, -0.45689538279680636, -0.08911090360555372, -0.8850456801982379
-31.197474242474186, -0.4106283422274267, 15.285788293316568, -0.8592498708546762, -0.2012683298084, 0.47029854226050855, -0.22005288876653809, 0.9753667968975953, 0.015373277309238967, -0.4618077365979525, -0.09028106626453998, -0.8823734716617527
-31.240123419408416, -0.411006565687268, 15.305691593920711, -0.8561299763509839, -0.20224476179766376, 0.47554024006246837, -0.22136088127793357, 0.9750579889391084, 0.01616410980778217, -0.46694841667267745, -0.09142742767587683, -0.8795454517166534
-31.282459386633978, -0.41159039437548717, 15.326357995326816, -0.8532344097291948, -0.20302487686861523, 0.4803872827485715, -0.22245577074374429, 0.9747969253396278, 0.01686370099399762, -0.4717037970134214, -0.0924762332758633, -0.8768943346619529
-31.32302142284478, -0.4176586875191481, 15.348827625282789, -0.850615661074164, -0.2048866334048403, 0.4842256339635414, -0.22442842300857233, 0.9743240319907118, 0.018015649620471894, -0.475483837875956, -0.09334960169916558, -0.8747576646028081
-31.362232239318544, -0.42814153000013117, 15.372632597299676, -0.8483071773146789, -0.20922463735714344, 0.4864154438740343, -0.22843106331615462, 0.9733486589626691, 0.020288849346987863, -0.47769674714053995, -0.09390122053703895, -0.8734920598110789
-31.400569412602987, -0.4417839095136348, 15.397261262545662, -0.8463362820018795, -0.21743608795742314, 0.48624730890875556, -0.23559621161197838, 0.9715451487038927, 0.024381326953528033, -0.47771259439261066, -0.0939232222813011, -0.8734810275415136
-31.438510519245824, -0.4573308137548551, 15.422201972188944, -0.8418301394213936, -0.23126299395191507, 0.4876878550775623, -0.2478018614597972, 0.9683009704268168, 0.03142400559355981, -0.4794958329525048, -0.09439628328955066, -0.8724523413243285
-31.47653313579479, -0.4735272304189977, 15.44694307739772, -0.8346796677967319, -0.24099902342290513, 0.4952063437355619, -0.25687555064937234, 0.9657352046851074, 0.037019804299799314, -0.48715993641238525, -0.0963067242772783, -0.867986296673894
-31.515114838797594, -0.48911814720125596, 15.470972929340183, -0.8329975394998924, -0.2373533721859192, 0.4997784268044166, -0.25398333348363733, 0.9665492153304118, 0.035708271544623485, -0.4915359249329234, -0.09719048850652841, -0.865416918857147
-31.55473320480195, -0.5028485517968352, 15.49377987918453, -0.8384613859146052, -0.2235128918017045, 0.49701558479448, -0.24157252256414077, 0.9699591646157792, 0.028669414361953596, -0.4884928051385784, -0.09602711167321046, -0.8672678785424627
-31.595865810355576, -0.51346343190093, 15.514852278098948, -0.849261945149912, -0.20291892973115042, 0.4874197949170223, -0.22258339120409107, 0.974747864410539, 0.017978731523106733, -0.478759629125383, -0.09322289838799178, -0.8729826508790813
-31.637526419907545, -0.5205803244948195, 15.536059776834803, -0.863249314751723, -0.1789567981637952, 0.4719905560195494, -0.19997049289665678, 0.9797850369343054, 0.005751814523262306, -0.46347861067297264, -0.0894189341840112, -0.8815848408735523
-31.677516549558778, -0.5259808595449763, 15.560846851317102, -0.8782287994311787, -0.1544421829843915, 0.4526166015124569, -0.17638173435972654, 0.9843011887103926, -0.006376024432430727, -0.44452633176666306, -0.08543290945720987, -0.8916824313328994
-31.71769178113894, -0.5303636436556054, 15.585694360286114, -0.8906458635089539, -0.1290901552309571, 0.4359881622668638, -0.15220773392637296, 0.9881782179553187, -0.018347078558974175, -0.4284655780192713, -0.0827015198233873, -0.8997653622314619
-31.75930881580667, -0.534266795856947, 15.608096854122008, -0.8993528187510071, -0.10564391055102369, 0.4242686313741629, -0.13011104207883306, 0.9910744764805265, -0.02902582984189015, -0.4174154095547721, -0.08130649563434364, -0.905071063306017
-31.802230787207773, -0.5380647074369314, 15.62790207784973, -0.9039536796314485, -0.08771659379702751, 0.4185373869242888, -0.11347959760542664, 0.99285069785209, -0.03701179139042281, -0.4122985884138764, -0.08095239926811933, -0.9074450854154537
-31.846172922394093, -0.5421143924036089, 15.645207533324612, -0.9067540243916862, -0.07703440090995085, 0.4145634334163185, -0.10350698663197108, 0.9937526891387634, -0.04173603416527934, -0.40875841638778565, -0.08075452870224287, -0.9090628488318222
-31.89075695573819, -0.5465392506906858, 15.660505371025597, -0.9137845676227047, -0.0694712651321414, 0.4002143266994906, -0.09541011445381078, 0.9944099910913972, -0.045229190546792246, -0.3948349959597016, -0.07951423104417868, -0.9153047651066586
-31.93512048230512, -0.5500522659830448, 15.676612603081766, -0.9222884706433968, -0.06240118673601449, 0.38143160436990686, -0.08741591424500143, 0.9949860868342921, -0.048591613915294075, -0.37648696505320695, -0.07815867770196408, -0.9231190531263592
-31.97908983592511, -0.5526974701963128, 15.693985403908677, -0.9281528233477357, -0.05663614184409481, 0.36786503496342576, -0.08107461155891882, 0.9953865060041066, -0.05130897607151372, -0.36326194938666134, -0.0774470858196247, -0.9284625490701552
-32.02264943825757, -0.554872595972446, 15.712470537429816, -0.9312154963229715, -0.05087912392479335, 0.36090028284362324, -0.07524810950404594, 0.9957132348510088, -0.053785462335159503, -0.35661663088536527, -0.07724292000685418, -0.9310521520756965
-32.06579872336522, -0.5569670818822212, 15.731881934221795, -0.9317290115690516, -0.04175935047647528, 0.3607453473689456, -0.06679013462811378, 0.996126421087364, -0.05719467744500218, -0.3569595592177309, -0.07738417060008015, -0.930908998357853
-32.10944878847961, -0.5588242891123169, 15.750044892938144, -0.9305845637143904, -0.030521966607770804, 0.3648023839435427, -0.05667703406931269, 0.99651485000944, -0.06120349270890869, -0.3616629419578453, -0.07763094270365131, -0.9290712314722368
-32.1539497928174, -0.5598853178054806, 15.766131267087518, -0.9313421741544419, -0.024314428941273402, 0.3633325793079078, -0.05078384980955676, 0.9966903723932633, -0.06347678455229558, -0.3605866820055862, -0.07757003367175971, -0.9294945586911009
-32.1984767601, -0.5610688371046321, 15.782163720296294, -0.9344613115879913, -0.020331133294886925, 0.35548375794710607, -0.0464383627571436, 0.996800033468559, -0.06506282918468458, -0.3530234207665082, -0.07730678040136613, -0.9324152112091951
-32.24283628655477, -0.5621404559543338, 15.798664692022435, -0.9386298260743172, -0.01747274967064648, 0.344483312545969, -0.04289455880283873, 0.9968764009198684, -0.06631363445144196, -0.342248603253259, -0.07702041487811258, -0.9364474087012024
-32.28691463965528, -0.5618696951358724, 15.815855091674893, -0.9424856318297485, -0.014966792558344823, 0.3339114087823223, -0.03972719322075216, 0.9969315948374202, -0.0674473523106644, -0.33187736276112706, -0.07683352351306907, -0.9401882927112453
-32.33097956995094, -0.5609802720237924, 15.833080971694107, -0.9438043942616526, -0.013375603851691013, 0.3302337938400574, -0.037957994549291586, 0.9969559275802179, -0.06810337078635188, -0.3283176145475458, -0.07681127315876235, -0.9414390964335075
-32.375727017454196, -0.5615579089045105, 15.848502748900625, -0.9440650522822791, -0.01043708318025067, 0.32959405994942637, -0.03513722095503038, 0.9969926098450449, -0.06907323373003171, -0.3278819189324336, -0.07679064532255701, -0.9415926104362388
-32.421063320339, -0.5623157907823086, 15.86212039124136, -0.946274483513283, -0.0034741947077573296, 0.32334583934666916, -0.02808651107072452, 0.9970463276258327, -0.07148264449301472, -0.3221424370484949, -0.07672385899427407, -0.9435770767210717
-32.46650630610572, -0.5631363946841863, 15.875368166024144, -0.948911464510844, 0.0028928677165161857, 0.31552918064144253, -0.021458430178409166, 0.997051447053885, -0.07367460690110446, -0.3148119570381082, -0.07668144002383281, -0.9460514724166481
-32.511543500930195, -0.5640459677706184, 15.88980191746901, -0.9524787931537568, 0.009100478387009064, 0.30446893090345084, -0.014713883966886849, 0.9970121750865718, -0.07583023373135693, -0.30424932244948677, -0.07670661002984563, -0.9494990499030305
-32.55589761725502, -0.5651520428907361, 15.906254350314905, -0.9558251573014795, 0.015103030152298129, 0.29354755517602366, -0.008156219632552014, 0.9969317374859341, -0.07784977119158451, -0.2938226416580374, -0.07680500812769481, -0.9527692511702911
-32.60048470912929, -0.56482320485752, 15.922024946175608, -0.956273876151959, 0.017854296440366933, 0.29192721333909094, -0.005417684765054209, 0.9968823383587162, -0.07871627633624728, -0.2924225067964061, -0.07685588830452385, -0.9531958088199027
-32.64594922614808, -0.5627116898995609, 15.935064036360108, -0.9572557012606172, 0.022593957409348994, 0.2883592126023172, -0.0006247713729724198, 0.996780583801863, -0.08017529180706955, -0.2892423414107544, -0.07692841376371778, -0.9541597806924283
-32.69147910953704, -0.5607721771266397, 15.94784246755469, -0.9594487469188033, 0.023562717078319674, 0.2808966009047191, 0.0008783867989735046, 0.9967452785051921, -0.08061065819256495, -0.2818817668324246, -0.07709505912504519, -0.9563467056386699
-32.73716307188992, -0.557567186215785, 15.959778390635966, -0.9610105435835643, 0.025557735053733734, 0.27532805396498433, 0.003216954412554234, 0.996685278115197, -0.08129026751548997, -0.2764930131586144, -0.07723508637501174, -0.9579072789717774
-32.78277356296673, -0.5538410109629475, 15.971830967177251, -0.9627256406840867, 0.031149433825313988, 0.26868020682919125, 0.009092500441785388, 0.9965121728418551, -0.08295068302142458, -0.2703269635184969, -0.07741577455769016, -0.9596510462894845
-32.82778007119211, -0.553117122309478, 15.986501219609348, -0.9641304439278237, 0.036075560858815414, 0.2629658551984639, 0.01426694185238911, 0.9963318352262104, -0.08437611323681712, -0.26504516871982053, -0.07759786094663657, -0.9611085425251347
-32.87351694310786, -0.551635663213688, 15.998414652796304, -0.9650972070091737, 0.038831290863615274, 0.25899712715193873, 0.017228325833034918, 0.9962179252345972, -0.08516472409551543, -0.2613246368256981, -0.07773015046389525, -0.9621161353478993
-32.91984308175712, -0.5520014885903931, 16.008089791027693, -0.9674529818584077, 0.04298329475938651, 0.24937354363465128, 0.02199058045803615, 0.9960207451825136, -0.08636602073262913, -0.25209351888613535, -0.07807119531362372, -0.9645484675214138
-32.96564044655686, -0.5519680015853473, 16.019900011407625, -0.9702296639384563, 0.044273388397814605, 0.2381055780397559, 0.02413414927397761, 0.9959297389310396, -0.08684179841281879, -0.24098120684545385, -0.07851001332650216, -0.9673490764738348
-33.011036956559195, -0.5504242648596934, 16.033276324052288, -0.9720675256722424, 0.042358486442839585, 0.23084731785254942, 0.02285363521847027, 0.9959878205032404, -0.08652151620554281, -0.23358603744818593, -0.07882905578196842, -0.9691354616738458
-33.05647967691758, -0.5477590644678875, 16.04640049536879, -0.9741753908593062, 0.045788564961694186, 0.22110114238254547, 0.026947504074603834, 0.9958006319025892, -0.08749247697118652, -0.22417881226437777, -0.07927489401540126, -0.9713183573425243
-33.10237194496247, -0.5443447628511323, 16.057553839275357, -0.9755536126479063, 0.04938338177933324, 0.21414114610147958, 0.03099139833735477, 0.9956018494105344, -0.08841091945805687, -0.21756535128258364, -0.07961305831558184, -0.9727934410073528
-33.148818546807206, -0.5404507776893702, 16.06573089757137, -0.9762357828805803, 0.05875244575722787, 0.2085949336419376, 0.04055391688918254, 0.995072627251887, -0.09047566699932202, -0.2128827753682426, -0.07986624200230616, -0.9738081470905569
-33.19554105749205, -0.5366482953410903, 16.07227282698008, -0.9770508234527225, 0.06605194030320075, 0.20250636921474677, 0.0481614591226789, 0.994590048246287, -0.09203863202276985, -0.20749014975543167, -0.08017341898429126, -0.974946183459804
-33.241970715481564, -0.5338290817978242, 16.080886067743435, -0.9782134255955096, 0.0699455011477529, 0.19546386073616764, 0.05253528934221917, 0.994290037075505, -0.09288361290410736, -0.2008445601912772, -0.08059124668089236, -0.9763024703440999
-33.28817610462097, -0.5314747816182857, 16.090996865920996, -0.979377939525672, 0.07283157440075229, 0.18845268196753495, 0.05592734636879156, 0.9940454462206526, -0.09351888994277564, -0.19414165832864005, -0.08105067932035764, -0.9776194576025552
-33.33458151026495, -0.5282947019037718, 16.0996272390836, -0.980233582624576, 0.07706765887672296, 0.182216079011292, 0.060580875396220785, 0.9936910365553863, -0.09438263296660801, -0.18834033299114644, -0.0814782168726276, -0.9787181510241042
-33.38120985039294, -0.5242340889807297, 16.10667676846083, -0.9805322692031215, 0.08037466914992646, 0.17915463044648658, 0.06406634228072729, 0.9934102438620841, -0.0950346840718861, -0.1856124264109114, -0.08170679255064642, -0.979220111728175
-33.427567961974226, -0.5207413105338082, 16.115647566440323, -0.9807127650301142, 0.0841371749490711, 0.17641827654349637, 0.06797385398391081, 0.9930816996018756, -0.095751204119969, -0.18325399772327514, -0.08191259797759684, -0.9796470275619676
-33.47373720974844, -0.5173402631593882, 16.12573849361943, -0.9812536452677851, 0.09590460028075354, 0.1671633670804475, 0.08027481757252823, 0.9919547147882166, -0.09788665625674008, -0.17520627075644546, -0.08263262947780836, -0.9810579041184075
-33.51987654473614, -0.5132984868160866, 16.135571399973514, -0.9824260993487702, 0.10419672367374049, 0.15486123496220214, 0.08945855150337093, 0.9910294587734576, -0.09928635055286496, -0.16381735830271144, -0.08368784032848396, -0.9829344934937807
-33.56614491795787, -0.5078835214625175, 16.143768135477938, -0.983277627843034, 0.10446375894265693, 0.14917248288791912, 0.0902092883021961, 0.9909563904917332, -0.0993363802823862, -0.15820047688735744, -0.08421849684698751, -0.9838088502861959
-33.612675017870885, -0.50242981197104, 16.150486307991034, -0.9835969669919334, 0.10181720213356861, 0.1488968229142628, 0.08763577762336217, 0.9912308194856785, -0.09890112730448998, -0.15766095586611772, -0.08423015998703996, -0.9838944573194525
-33.65937299650218, -0.49685735014033733, 16.155714881316687, -0.9842862287291041, 0.10364924065883291, 0.14295962662613904, 0.08994550776212817, 0.9909926847864744, -0.09921342818947589, -0.1519553407013083, -0.08479583486553269, -0.9847432359868266
-33.70578055939793, -0.48850025500491656, 16.159903480570406, -0.985097586128709, 0.11322033343776318, 0.12947548764006425, 0.10052724225868233, 0.9898244020641308, -0.10070713302567087, -0.139560092316016, -0.0861905399369774, -0.9864553570527748
-33.752470809977396, -0.4822336307230078, 16.1641893476394, -0.9856132491862806, 0.12425946454281565, 0.11456923016235816, 0.1127259969962806, 0.9883567006806865, -0.10219531212723303, -0.1259340010865104, -0.08781012294218009, -0.9881447311397366
-33.799411397217284, -0.4789177044085562, 16.17014959649625, -0.9858961069017987, 0.13060942175962115, 0.10464246434165488, 0.11988857292232302, 0.9874370981104859, -0.10293059485785289, -0.11677155680441169, -0.08893343703444738, -0.9891689680225083
-33.84630543865541, -0.4761027081098131, 16.17708568387242, -0.9858467622060766, 0.13487089621157228, 0.09957912834968377, 0.1245586060218604, 0.9868100433819311, -0.103397736660153, -0.11221102937628931, -0.08953088648973986, -0.9896428170055472
-33.89302113247035, -0.4717402329352308, 16.183254693527395, -0.9855840555247376, 0.13669677272712133, 0.09968982807388488, 0.12635095972767557, 0.9865587800698227, -0.10362050204008118, -0.11251446338718543, -0.08953080918395023, -0.9896083719005013
-33.939431078748214, -0.46383583757451147, 16.18695503539278, -0.9859051034327055, 0.1323548941164097, 0.10233918618388678, 0.12181863337826207, 0.9871780065980461, -0.10314942486975268, -0.11467932502068033, -0.089228724593273, -0.9893871270237243
-33.98574665652441, -0.4545857350437768, 16.189734188486177, -0.9856958359189735, 0.13599801774180048, 0.09954023418847747, 0.12567443745680873, 0.98665384813996, -0.10353801099366115, -0.1122927193628808, -0.08954732335982879, -0.9896320639799318
-34.032169062025716, -0.4461685127018264, 16.19324440270466, -0.9842486965385762, 0.1496664211092086, 0.09409817083490409, 0.13969210951407718, 0.9846205972293155, -0.1049208942551152, -0.10835413190839026, -0.09012348142491516, -0.9900187574961559
-34.07872908458422, -0.43869296435330546, 16.197574863387015, -0.9822030693507559, 0.1656221819924417, 0.08858003945594421, 0.15599253376699576, 0.9820093312182123, -0.10641429795526584, -0.10461099352795962, -0.09070262527855481, -0.9903684030706308
-34.12541427920822, -0.43224233462897044, 16.20286828597037, -0.9801904855189968, 0.1807933618965571, 0.08087256884861545, 0.17173229309954804, 0.9792393446783734, -0.1076955214511774, -0.09866423670613596, -0.09167369376222731, -0.9908891473152712
-34.17197812276382, -0.42593726366321283, 16.208309340662716, -0.9800299585600138, 0.18083085696791334, 0.08271324859481388, 0.17159664269191616, 0.9792595943584071, -0.10772761518696443, -0.10047821924039191, -0.09138297448243797, -0.9907337076293619
-34.218516058698235, -0.417956715902682, 16.21126729187247, -0.9803710077679963, 0.17783282294522734, 0.08513620975410409, 0.16840379859361582, 0.9798417140010124, -0.10747267616840611, -0.10253217908151697, -0.09102583472228985, -0.9905561315068956
-34.26471613909199, -0.4081801999374281, 16.214646556276055, -0.9803948305658698, 0.17875529762455108, 0.08290066206537404, 0.16952339843537967, 0.9796401069479438, -0.1075503521237413, -0.10043800865528303, -0.09138820728178984, -0.9907373022084017
-34.31068108027429, -0.3978008431070033, 16.21896883091669, -0.9801651054692531, 0.18214962841898655, 0.07808891654564723, 0.17332874683914706, 0.9789398267356361, -0.10786084159681723, -0.09609116265098888, -0.092186379132863, -0.9910944253514664
-34.35650088377261, -0.3862554788705798, 16.221498475156302, -0.9797790506136139, 0.1860425368636856, 0.07362870673867354, 0.17760090613384066, 0.9781378662097777, -0.10818610274439966, -0.09214624310911507, -0.09292195200224354, -0.9914003130506712
-34.402939782664376, -0.3783155514982223, 16.226077750142533, -0.9793079544497671, 0.19118361455299676, 0.06636833490350676, 0.18337952898967558, 0.9770269074481046, -0.10858347236074957, -0.08560302972989683, -0.09416606421022437, -0.9918693833626575
-34.44946681985518, -0.3704740651115938, 16.23000661536775, -0.9783928683588505, 0.1959884998701074, 0.06584757446714337, 0.18819519470252496, 0.9760755728255862, -0.10889924161389923, -0.0856152079680929, -0.09415404426719332, -0.991869473324344
-34.49589321815433, -0.3616219463086434, 16.232458876323992, -0.9785768256150361, 0.1950031563175797, 0.06603912018933061, 0.18720066382977618, 0.976275354662181, -0.10882253140284914, -0.08569310258644165, -0.09412864019741563, -0.9918651578030631
-34.5422961934452, -0.3525495927851432, 16.23450975719623, -0.9778850127674567, 0.19979557001560783, 0.06182743733108778, 0.19235274139623895, 0.9752358728951065, -0.10915775325587915, -0.08210557034783234, -0.09485105387215337, -0.9920997696286393
-34.58877967034228, -0.3442567687411808, 16.237688998610494, -0.976968490436187, 0.20453537466813365, 0.06080994330045016, 0.197151745891936, 0.9742432938889207, -0.10945863786941448, -0.08163184296951334, -0.09494885371520975, -0.9921295063607214
-34.63525185897609, -0.33549612328528045, 16.239706199970517, -0.9756816003071118, 0.2124666794956121, 0.05388251039309794, 0.20568373656174546, 0.9724207018390607, -0.1099644449302911, -0.07576024905022383, -0.09620752953349022, -0.9924739270756239
-34.681373185168496, -0.3252398940818671, 16.242418849064126, -0.974601609315199, 0.21763847734146793, 0.05277495903088468, 0.21092126273321563, 0.971262589190791, -0.11027784802682064, -0.07525904628182602, -0.09634560715926842, -0.9924986649531887
-34.72763065528137, -0.31593562994692764, 16.245886514934327, -0.9734822184135129, 0.2214637064636748, 0.05732536220624229, 0.21427822872993577, 0.9705015129323956, -0.11050635315805377, -0.08010749730872212, -0.09529239274623369, -0.9922208165321017
-34.77319652584858, -0.3033027084234432, 16.24821194598253, -0.9719198095870158, 0.22752665363029334, 0.060029206392716083, 0.22003536677396254, 0.9691708613939121, -0.11087054971285377, -0.08340456283073829, -0.09454873511995343, -0.992020269745649
-34.81840190252561, -0.289556273649806, 16.250249603250833, -0.9705430034780687, 0.2327115416496393, 0.06238282442161373, 0.224956762927832, 0.9680049198802163, -0.11117971892718247, -0.08625968474786402, -0.09387126008925362, -0.9918404374275406
-34.86411070317908, -0.2778975376535587, 16.251550114324164, -0.9692534283158561, 0.23708368889218842, 0.06587196793197819, 0.22896786797862825, 0.9670348657468405, -0.11143286706942228, -0.09011940485423223, -0.09292412437716102, -0.9915864057042417
-34.9104104950909, -0.2675463553303983, 16.254974692322467, -0.9678405087464286, 0.2431143085237549, 0.06465433179974091, 0.2350628402453228, 0.9655262170634933, -0.1118239030747097, -0.08961144327180719, -0.09302987237482775, -0.9916225249966173
-34.955872426908975, -0.2569863559584188, 16.25953577880322, -0.9661798899256286, 0.25024108571608666, 0.06225607860228882, 0.24235489872801086, 0.9636674557731735, -0.11229041698290346, -0.08809383273439624, -0.09340467709538382, -0.991723269330145
-35.00193502229496, -0.24494316710924433, 16.262894142500176, -0.9664514705752993, 0.24883921688860236, 0.06364431758694826, 0.2408332568177177, 0.9640578347840515, -0.11221333967963759, -0.08927988257951763, -0.09312107886914545, -0.9916438711739382
-35.04778658423329, -0.23419389724222278, 16.267186547041643, -0.9671766637843247, 0.24595924340276457, 0.06382281422628634, 0.23795875942015135, 0.9647908563616984, -0.11204567058161259, -0.08913433595560123, -0.09318076016861164, -0.99165135813357
-35.09370803164058, -0.22335068156206403, 16.270858059580707, -0.9660833706537763, 0.2492631364621826, 0.06745968979526752, 0.24089673587129973, 0.9640372461400128, -0.11225395628365765, -0.09301442679924248, -0.09219586138116727, -0.9913870281335101
-35.13913330399447, -0.21024903557262475, 16.272992938597067, -0.9640967065927082, 0.25536901127578954, 0.07282999668487586, 0.24645836596854703, 0.9625839645084591, -0.11265160946604955, -0.09887271707203721, -0.09065748370213712, -0.9909618592395923
-35.18464851075468, -0.19756408441247691, 16.275329485649387, -0.9617851747258543, 0.2636420395074293, 0.07390637781626791, 0.25455818349460896, 0.9604005171824468, -0.1132739061373521, -0.10084348711484965, -0.0901316903206178, -0.9908112178949456
-35.23035508724005, -0.18559133763369162, 16.278312591197114, -0.9602257949658678, 0.26765446362490075, 0.07954565219943739, 0.25802589095085243, 0.9594384043279063, -0.11358075497081294, -0.10671954966727505, -0.08853833295464585, -0.9903392859603352
-35.27604346994348, -0.17316886729261552, 16.28044197341734, -0.9591164001451384, 0.27098942147164423, 0.08161166842489084, 0.2611456672324528, 0.9585624409937485, -0.11384633152554093, -0.10908103161571116, -0.08787935005773498, -0.9901406710034096
-35.32130267153453, -0.1599325703285241, 16.28346246371905, -0.9583844885763981, 0.27397463730696814, 0.08023135402491487, 0.2642258765104441, 0.9576901169183103, -0.11408034948789708, -0.10809189719143383, -0.08813363755972213, -0.9902265416014905
-35.366376719786174, -0.1467587088499021, 16.289406819375127, -0.9578536859481589, 0.275042300438313, 0.08287369477178244, 0.26505191258464994, 0.9574543153046956, -0.1141434086561091, -0.11074204238113401, -0.08736685340572366, -0.9900016328144302
-35.4111240226017, -0.13219880662423483, 16.294516221027052, -0.9568405968019428, 0.2774649881892851, 0.08642483810121858, 0.26714126574325, 0.9568510441378578, -0.11433120076945597, -0.1144186018477602, -0.086309093735314, -0.9896762722677515
-35.45598595810436, -0.11838034740327845, 16.300507092191506, -0.9563518602157209, 0.27829347895019263, 0.08912832903027437, 0.26772868752142637, 0.9566802717550362, -0.11438622081686521, -0.11710025337284553, -0.08553126450900206, -0.9894301053897171
-35.5013617226698, -0.10604181924251199, 16.30578071324038, -0.95664323136825, 0.27558156695102665, 0.09427898935674825, 0.2646092932076509, 0.9575837825330588, -0.11408427313975757, -0.12171955399795228, -0.08419085096669493, -0.988987487680225
-35.54697839143997, -0.09377512287485885, 16.308802793186526, -0.9563488414895188, 0.2747177223524855, 0.09963466468613125, 0.2633099964746555, 0.9579592720448632, -0.11393804834116059, -0.12674675198273136, -0.08272971732538702, -0.9884791625184062
-35.59217229585897, -0.0801629487098187, 16.312189089210893, -0.954919406287542, 0.27929725715504833, 0.10060799988626631, 0.26775671191403183, 0.9566708795390318, -0.11439917598917167, -0.12820011981443055, -0.08230352597356991, -0.9883273035244365
-35.63725026141226, -0.06632016726051404, 16.316208323660486, -0.9554508500019936, 0.2773379215450566, 0.10098193156964291, 0.2657905571838821, 0.957244761838366, -0.11418338602831611, -0.12833180799143104, -0.08225656937946034, -0.9883141220541031
-35.682753668810335, -0.05394733210806315, 16.320473246791398, -0.9566934198941641, 0.2745537503270121, 0.09673643839102813, 0.2633902625935276, 0.9579376101131094, -0.11393465101406605, -0.12394865833126671, -0.08352109501291945, -0.9887673926590227
-35.72858535514246, -0.042807653461192426, 16.325043063211325, -0.9572602740681599, 0.2744906949604714, 0.09114617968444387, 0.26379834941653135, 0.9578197881825714, -0.11398106952914418, -0.11858835750639721, -0.08506533809967168, -0.9892930252043242
-35.773758233879875, -0.029964310448867465, 16.330599190730968, -0.957141417883853, 0.2761383904383264, 0.08733782397917837, 0.26575460161452685, 0.9572572041991698, -0.11416276419872125, -0.11512948315697259, -0.08605948137723782, -0.9896155656481406
-35.8180775895197, -0.014647058006533225, 16.336995493461153, -0.9572533717975352, 0.27784553363208503, 0.0804228924060289, 0.26804582895324924, 0.9565939653706833, -0.11436528755333622, -0.10870793790250657, -0.0879195362652338, -0.9901781351756315
-35.8630971713832, -0.001007911934590656, 16.342284029958954, -0.9575834391031706, 0.2779779253071853, 0.07590935513661788, 0.26857741000074153, 0.95644060076105, -0.114400839389995, -0.10440369721728204, -0.08916081122194155, -0.9905302709910523
-35.90862070621205, 0.011514262623496653, 16.346273638064, -0.9573217101133983, 0.2791048738334339, 0.07507071831267859, 0.2697687663085464, 0.9560942359801722, -0.11449290218112082, -0.10373020808772859, -0.08935480584676891, -0.9905835465028495
-35.95432086066213, 0.023837673568518097, 16.348905617841236, -0.9567048822170765, 0.28078436903517906, 0.07665446136740008, 0.27129187172914404, 0.9556494461932203, -0.11460740082686098, -0.10543476028192751, -0.088849727608516, -0.9904490078889397
-35.99987030138935, 0.03688052880126324, 16.350121269355597, -0.9576301859747056, 0.27750704078973076, 0.07703420812974891, 0.2680171723596541, 0.9566102211688932, -0.11429645696843187, -0.10540978242263001, -0.08880724670502897, -0.9904554763856304
-36.04502303160535, 0.05127455028579043, 16.35022435854657, -0.9600218393165392, 0.2708692303696735, 0.07062526512679394, 0.26201981268002944, 0.9583293210814879, -0.11380039595105514, -0.0985072880471869, -0.09074564669688241, -0.9909901824978657
-36.09024702666302, 0.06517740250677892, 16.352108187447197, -0.9605664816281274, 0.2713293451826701, 0.06076529285129651, 0.26337956310769517, 0.9579398744009605, -0.11394034741860161, -0.08912485685688369, -0.09344294235208703, -0.9916275391571296
-36.13565004715434, 0.07808992744653646, 16.355978421126846, -0.959321327340254, 0.2776347188737283, 0.051201111179730724, 0.2705341846489337, 0.955887117563567, -0.11441622879798143, -0.08070840009856428, -0.09591027761361788, -0.9921125807092706
-36.18119604172966, 0.09002649035327692, 16.361298255475077, -0.9566188973037175, 0.2877760531790891, 0.0454447855984115, 0.28115112212446147, 0.9527519527968521, -0.11496853034609508, -0.07638279812612042, -0.09720421625861152, -0.9923290827603379
-36.22682168671567, 0.10132373299323012, 16.367037731490598, -0.9529985285138663, 0.29937126555697724, 0.04659023512732181, 0.29254542449004467, 0.9492479949696662, -0.11552237296735335, -0.07880976627515726, -0.09646289133590445, -0.9922116363633178
-36.27235533149134, 0.11352794761352025, 16.370410787984095, -0.9502426775940623, 0.30698443901921585, 0.052909430907202966, 0.2994935822430714, 0.9470319560854356, -0.11590542846737724, -0.0856880847847553, -0.09429224969768714, -0.9918500510525116
-36.31761971540146, 0.12738118747700428, 16.371035137460186, -0.948696518177532, 0.31125281527018683, 0.05564711478783632, 0.30347537641473454, 0.9457429647781177, -0.11607299635415295, -0.08875591421287281, -0.0932305183889857, -0.9916806230501624
-36.36245253806394, 0.14286157929294568, 16.37048868775658, -0.947521162009164, 0.31527767955302505, 0.05294933729956805, 0.3077280654220266, 0.9443500253017648, -0.1162173285881804, -0.08664343769969174, -0.09382438109689911, -0.9918114237169098
-36.40669177933005, 0.1599329400230098, 16.370386064770045, -0.9458114926469884, 0.3216262124983606, 0.044690041517494394, 0.3148143262723352, 0.9419721901223779, -0.1165346858653959, -0.07957738592446771, -0.09615077987208531, -0.9921806625707933
-36.450266506470115, 0.1783752035754548, 16.372131274461786, -0.9431677029195015, 0.33074289666083373, 0.0323082106894221, 0.32507399519237007, 0.9384274688252394, -0.1169648810708801, -0.06900421595251974, -0.0998149390755474, -0.9926103949274977
-36.49393178996729, 0.1963026589386807, 16.37521113158253, -0.9409447027941542, 0.33784317653896956, 0.02202394945688183, 0.33316114073980674, 0.9355491234001987, -0.11726675575827346, -0.0602222598759907, -0.10300400851995271, -0.9928562099540146
-36.538371154031445, 0.2122026589039215, 16.37838441445034, -0.9405094732395499, 0.3394323162594218, 0.015087525490553021, 0.3354527760305333, 0.9347043141959833, -0.11747033700822203, -0.05397560374903746, -0.10542081247163788, -0.9929617749428962
-36.5832658200364, 0.22703245120703378, 16.380982641229057, -0.9427164401790974, 0.3334850178967499, 0.008570662427993515, 0.33023289328717065, 0.9365453962459621, -0.11759658567185563, -0.047243513917091036, -0.10802991997080405, -0.9930244643430833
-36.62818212370163, 0.24203101675177124, 16.382406485674032, -0.9479362872630738, 0.3184597462777599, -0.0004304539512759376, 0.3162946529641684, 0.941332531716972, -0.11768924010967254, -0.03707408523720654, -0.1116980516035113, -0.9930503801277173
-36.67289801562965, 0.25775628892636315, 16.38230390804831, -0.9549511572891058, 0.29643187280970895, -0.014015419177676774, 0.29596933480615484, 0.9478827047142129, -0.11798529975412456, -0.02168962993229033, -0.11681833283434973, -0.9929164300519976
-36.717617423002004, 0.2733952659241743, 16.380820651469868, -0.9611185618694944, 0.2744905863229726, -0.03010029983215715, 0.27610901537097576, 0.9537730582285361, -0.11866239938689854, -0.0038628565576881053, -0.12235959879574757, -0.9924783155927179
-36.76259537388728, 0.28797048618220555, 16.378162173948628, -0.9647669366082048, 0.2592233939061356, -0.04503321084937994, 0.2628243896930076, 0.9574295362024212, -0.11938183860920719, 0.012169560802194456, -0.12701147687906475, -0.9918265909577544
-36.80808689635401, 0.30050448813744873, 16.37453393349453, -0.9661018049781409, 0.2519364459572608, -0.056350063144617595, 0.25705474081905433, 0.9589539293091266, -0.11970890395052296, 0.02387807865861459, -0.13013603905533214, -0.9912085798148451
-36.85427645889965, 0.3102896937689467, 16.37017144352923, -0.9654718243551395, 0.2530555995787623, -0.061862912137984, 0.25887921693742244, 0.9585016256457497, -0.11939926579473699, 0.02908104905648667, -0.1312916492252588, -0.9909171486201488
-36.900926719914956, 0.3182319079592289, 16.36548989085154, -0.9641094691235459, 0.2580068811001798, -0.06265285988103414, 0.2638822722892842, 0.9572058780599055, -0.1188404534618128, 0.02931003100917613, -0.13110818552829923, -0.9909346929892597
-36.94764427214008, 0.3258338716253217, 16.360970939668075, -0.964015847586988, 0.2580543128571081, -0.06388597042377218, 0.2640863356436039, 0.9571706486147651, -0.11867079150626593, 0.030526266189547124, -0.13127193548598134, -0.9908762919892117
-36.99403545630025, 0.3345992896173087, 16.35709636153329, -0.9657891437745866, 0.24989314726120115, -0.0693162659052147, 0.25671720359519634, 0.9591150673206192, -0.11914094601280635, 0.03670976907327692, -0.1328597101850503, -0.9904547896113841
-37.03970661312062, 0.34603186678526676, 16.354347928001612, -0.9645647161111237, 0.252898023982476, -0.07521634063969357, 0.2604826858055744, 0.9581286204764821, -0.11890465516264637, 0.04199617636144777, -0.1342837893775434, -0.9900526173297185
-37.08429008622677, 0.36153696956258724, 16.353164675320656, -0.9595851245544592, 0.26987455645414987, -0.07977538788673398, 0.27790322388392374, 0.9533933511994931, -0.11751985382701056, 0.04434170597445175, -0.13494014105252766, -0.989861086943011
-37.12819879866008, 0.37956794969427327, 16.352702771275204, -0.9533618185859665, 0.2900728135893346, -0.08342065498919268, 0.2983889865275088, 0.9473948186625651, -0.11578890400384477, 0.045445083139377986, -0.13528052479086752, -0.9897645801051695
-37.17274353414329, 0.3951826070240269, 16.350642765501796, -0.9494704607912868, 0.3016277621577543, -0.0867556175730818, 0.31027861805823226, 0.9436930454801651, -0.11476330026730987, 0.047254875522587, -0.1358827767160958, -0.9895973159478904
-37.21854100021896, 0.4059020017698404, 16.345423734818294, -0.9491118186709735, 0.301420129585834, -0.0912834110862218, 0.31069288344860924, 0.9435582783102898, -0.11475063227063571, 0.05154306775373447, -0.13727228748943016, -0.9891914027396079
-37.26326609568127, 0.4198013514165109, 16.339030516552267, -0.948894849559634, 0.29900274645975694, -0.1009748586962224, 0.30964554993202326, 0.943893653350385, -0.11482336248411333, 0.060977027530822146, -0.14022171292059415, -0.9882406960549236
-37.30681318328924, 0.43753169416602894, 16.332535117433558, -0.9494583902201629, 0.2907779357104272, -0.11822418257074037, 0.30399329650311846, 0.9456454837142694, -0.11551058311675416, 0.07821023540243437, -0.14561185128549162, -0.986245581913302
-37.350463565258366, 0.4550125821793658, 16.32613759919702, -0.9497532019077652, 0.2786987089731703, -0.14246362722686737, 0.29574039561170984, 0.948093946216601, -0.11685669664534515, 0.10250109203992439, -0.15311727127963387, -0.9828777275767836
-37.395504281552164, 0.4681439934865241, 16.320034416212444, -0.9483746777321793, 0.27008234562091477, -0.16625581860581556, 0.2910369522916098, 0.9494295222722869, -0.11781797247715739, 0.12602762807097645, -0.16012216842686622, -0.9790188599516774
-37.44165640867879, 0.4767933939324124, 16.31402994204748, -0.9459526527130042, 0.2695816662373699, -0.18027563355571277, 0.2928123925466975, 0.9489295832041568, -0.11744594029196534, 0.13940760953516518, -0.1638852383488777, -0.9765793091475072
-37.48732167527831, 0.4871008693168327, 16.306704780450342, -0.9469299653316927, 0.262676465383811, -0.18526930477115386, 0.2868763906617532, 0.9506146433772921, -0.11846407167385889, 0.14500199046152557, -0.1653265687363393, -0.9755211675981532
-37.53234481173441, 0.49878026024367733, 16.297367544028848, -0.9511792377661902, 0.2507670036622801, -0.17992767301549648, 0.2743562908553835, 0.954016970486154, -0.12074868816056354, 0.1413742667906917, -0.16421793415660413, -0.9762406397967315
-37.57648151285091, 0.5111264161650266, 16.28544209777696, -0.954270792195104, 0.2420688097247408, -0.1754136440581968, 0.26511196638372586, 0.9564179219817491, -0.12239445981034883, 0.138140871734193, -0.16330171423031692, -0.976857026225413
-37.620572394278355, 0.5227342462102876, 16.27211438465458, -0.9526067092777948, 0.23970914503990806, -0.18729651150826931, 0.26479071031834966, 0.9564791901032178, -0.12261092377352155, 0.14975425592628325, -0.16639436493982848, -0.9746212485618382
-37.66551904342819, 0.5332836975141869, 16.260202909891504, -0.9482143837299261, 0.24315165216543477, -0.20436916728532195, 0.27102855069933834, 0.9548844735029285, -0.1214049709396246, 0.16562912543841027, -0.1705078189182372, -0.9713362324624017
-37.71094277996213, 0.5439878838430671, 16.25141137475941, -0.9451594673823298, 0.24112590706036854, -0.22029951920479804, 0.27179649415776413, 0.9546991057705486, -0.12114571063171588, 0.18110838462395706, -0.17437865232083155, -0.9678800745100974
-37.75645311024323, 0.5560723710991925, 16.24743088257918, -0.9438682576153451, 0.2361271568823265, -0.23099064493793178, 0.268822963868297, 0.9554642272095528, -0.1217469696539356, 0.1919555322548345, -0.17700868991527274, -0.9653087575129742
-37.80155496893958, 0.5694267570835975, 16.243151890814303, -0.9446566216169205, 0.231476539871124, -0.23247038246752685, 0.2645924588834484, 0.9565148121818831, -0.1227609252924875, 0.19394509000569443, -0.17747683106802703, -0.9648249978606143
-37.8460695635391, 0.581515486695475, 16.23137211047631, -0.9462891773064868, 0.23195411124290397, -0.2252422766492274, 0.26378492510616014, 0.9567072054239619, -0.12299933486247291, 0.18696070763492, -0.17580845647291202, -0.9665076722061041
-37.89026203358468, 0.5918153421741731, 16.217265799703128, -0.9463272586992951, 0.23684322621113582, -0.21993182043664847, 0.26760420861673784, 0.9557464952073647, -0.1222154835912717, 0.1812531571401913, -0.17451052431512465, -0.9678292049375105
-37.93431886089639, 0.6011227512162215, 16.20245024414157, -0.9438737340054346, 0.23657043763536617, -0.23051421277580578, 0.2692176113199869, 0.9553310008869293, -0.12192028748136385, 0.19137463784367725, -0.17713584273486058, -0.9654007671474124
-37.978417674237434, 0.6103662672902707, 16.188146794565192, -0.9378979496152948, 0.22871982543615926, -0.26083457891905115, 0.26713291731501276, 0.9558578500306878, -0.12237554911615948, 0.22133106558772192, -0.18445327860237087, -0.9575957118840079
-38.022736102371084, 0.6204744438649801, 16.175576801747567, -0.9328306850947155, 0.21766211486621478, -0.287141283513344, 0.26150875381666894, 0.9572072426719838, -0.12396558495627248, 0.24787110485689268, -0.19072886076382023, -0.9498328363710947
-38.06740936290837, 0.6322571005762675, 16.165711188762543, -0.9331385505602453, 0.2102130744620271, -0.29165546246135504, 0.2553163316832421, 0.958620237798057, -0.12593970962253856, 0.2531126552231977, -0.1919836008861665, -0.9481963302800976
-38.11204438624317, 0.6450359391323855, 16.156392247508794, -0.935113525412866, 0.20762830148810207, -0.2871466228446488, 0.2520045937490314, 0.9593585600040556, -0.12698361341657624, 0.2491111786317645, -0.1911063624480112, -0.9494324509477137
-38.15609035851351, 0.6555585290937789, 16.14265649678114, -0.9372090302141782, 0.2089084052168544, -0.2792785561312399, 0.2517161917696793, 0.959427429588803, -0.12703529491284116, 0.24140876638177336, -0.18935756014052632, -0.9517696790356674
-38.19897273876982, 0.6639863750378354, 16.124331206961116, -0.9381849332152072, 0.21283679445033707, -0.27296433835957773, 0.2542685121752046, 0.9588531098362488, -0.12628633130138223, 0.2348543267733957, -0.18788616948955977, -0.953699235875942
-38.24229162646052, 0.6722777321583906, 16.107487352541824, -0.9371185891273865, 0.21758958417567614, -0.2728800519828315, 0.2587987062236987, 0.9578059852283268, -0.12502369502511876, 0.2341622932259509, -0.1877830330968444, -0.9538896964073538
-38.2867082129804, 0.680782606572178, 16.093639210229195, -0.9348992558222842, 0.21688869248670795, -0.2809318005038685, 0.2596527652096512, 0.9576063567570132, -0.12478183769099457, 0.2419583083548092, -0.18960316603360344, -0.9515812190497
-38.331727978228855, 0.6898338693907032, 16.081701793619068, -0.9329956553418272, 0.20812786909977718, -0.29360159607410247, 0.2537498314096496, 0.9589523763023683, -0.12657552308252798, 0.2552060543420725, -0.19259576861402533, -0.9475108124655487
-38.376856402105275, 0.6997643917254763, 16.070590116307248, -0.930153590592281, 0.2042324249500287, -0.3051285212944186, 0.25230157045128376, 0.9592725464305832, -0.12704369017153233, 0.26675497269236315, -0.19515454968720386, -0.9437989649709737
-38.42159896450907, 0.7109070446880008, 16.059219191889564, -0.9308396819866898, 0.20206462572465728, -0.30447885553790494, 0.2501331282081678, 0.9597437008381797, -0.12777107213383976, 0.2664036497717599, -0.19509463276110078, -0.9439105782096611
-38.46558548205837, 0.7233020436556907, 16.046640542869184, -0.9329163586519625, 0.19740549833091245, -0.30116131389719836, 0.24509714169472485, 0.9608178177368418, -0.12944694763681716, 0.2638076171998047, -0.1945769522531819, -0.944746183246709
-38.509378344036556, 0.7347945747282878, 16.03292956045712, -0.9333447683848538, 0.1928187825089793, -0.30280102450351526, 0.24110964827367445, 0.9616385993914366, -0.13083325903538823, 0.26595804337896706, -0.1951207863663709, -0.9440308246502339
-38.5532601251343, 0.7434677107354373, 16.01757968068912, -0.9308774469780842, 0.19089234412551248, -0.3114920410890636, 0.24102349750240584, 0.9616429133956109, -0.1309602258997335, 0.27454480938322573, -0.19698482192866634, -0.9411812405538372
-38.595718338787556, 0.7520957067518486, 15.998475412513663, -0.9258885183235885, 0.18859241368212734, -0.3273581420067313, 0.24201817063397613, 0.9614383769215786, -0.1306271505674995, 0.290099391105072, -0.20017279756238088, -0.9358275452221508
-38.63884547002898, 0.7594846943796227, 15.9804900329091, -0.9225674925849117, 0.1779588729002976, -0.34234465262604075, 0.23510915912866312, 0.9628139108636953, -0.1330904066458934, 0.3059295750976061, -0.20327324615751086, -0.9301005765384658
-38.68325110194374, 0.7655934527614214, 15.965170577338572, -0.9212036128840086, 0.16543269170438696, -0.35215895292451505, 0.2254897249210183, 0.964605611917706, -0.13671282826388836, 0.3170777311078358, -0.20534857674770768, -0.9259015468521465
-38.72788155193274, 0.7719307551610313, 15.950544654912793, -0.9189871798101015, 0.16074966463052165, -0.36003070517089397, 0.2227885177101121, 0.9650820524254753, -0.13777484698871223, 0.3253119114345606, -0.20682402521807478, -0.9227112131492636
-38.77163244876482, 0.7800523557202591, 15.934532497627837, -0.9179064708041161, 0.15936592281616868, -0.36338713997730204, 0.22220467787183742, 0.9651852481481813, -0.13799462992814848, 0.3287442653306751, -0.2074124861286915, -0.921361638343007
-38.814248642707945, 0.788861976352389, 15.915966643858368, -0.9204769959453623, 0.15620287437852098, -0.35822166597135036, 0.218207074243451, 0.9658766284791477, -0.1395278155346364, 0.32420328913432506, -0.20659864615636392, -0.9231517896428749
-38.85742163314737, 0.7949737900336913, 15.897500960739368, -0.9216848967651595, 0.15476288822092635, -0.35573220195044786, 0.2163581231003058, 0.9661911708463119, -0.14022761478091847, 0.3220032820384136, -0.20621122619331328, -0.9240080175779538
-38.9009947072012, 0.8014870655235076, 15.880192283361835, -0.920710452653981, 0.15264117075147043, -0.35915586500198204, 0.21510657300851785, 0.9663997948142155, -0.14071460063395455, 0.32560931286164513, -0.2068141909411987, -0.9226085116684676
-38.943953837108474, 0.8108050835490082, 15.862678889392837, -0.9194072311893442, 0.14705804181388152, -0.3647797631100314, 0.2111315662753695, 0.9670456994258162, -0.14228870982668737, 0.3318340021137876, -0.20783779146223785, -0.9201574036442061
-38.987374382176036, 0.8188330977097968, 15.845723675473863, -0.9181966164364751, 0.14166358234246199, -0.3699275645346116, 0.20725515318365073, 0.9676506493095369, -0.1438663350810496, 0.3375800276133501, -0.20876697614501166, -0.9178540595475067
-39.03109125081253, 0.8259719263309522, 15.82904660846895, -0.9174257688633376, 0.14187296174780836, -0.3717553245757468, 0.20783193802041455, 0.9675602382258928, -0.14364216283157363, 0.3393167313354773, -0.20904365125293486, -0.9171504280687269
-39.07481496534814, 0.8326842154851449, 15.812228288030338, -0.917024473217661, 0.1460124528559239, -0.3711421279387021, 0.2115089426808239, 0.9669796920004309, -0.14217679988237122, 0.3381273172725199, -0.20887948408053025, -0.9176269821906614
-39.11873220544286, 0.8377853210390135, 15.795298607350537, -0.9164906906977325, 0.1459966459051088, -0.37246448588939557, 0.2117764428559742, 0.966934507360099, -0.1420858780018366, 0.3394047025538446, -0.20909958838013237, -0.917105124848616
-39.16270666673595, 0.8414724317526551, 15.778024608397061, -0.916383441860551, 0.13690174912123643, -0.3761639251328549, 0.20421324466230512, 0.9681047044825006, -0.14515588814561955, 0.3442939705953382, -0.20983610806149675, -0.9151122715630582
-39.205877228606305, 0.8470439759802396, 15.759583536198672, -0.9153098420527915, 0.1276333328685439, -0.38199165616824854, 0.19697291081057308, 0.9691494237459228, -0.14815892433382336, 0.3512969761442645, -0.21085333005151488, -0.9122123150660064
-39.24811696355609, 0.8559520479214741, 15.740157155373078, -0.9164522139917293, 0.11837806462669088, -0.3822328783410666, 0.1885897968873053, 0.9702726880287492, -0.15167333112802087, 0.35291532692653427, -0.21108658100576724, -0.9115334482835137
-39.29107824111408, 0.86401851447966, 15.72199069626974, -0.9169553058854764, 0.11763044126158435, -0.381255880344261, 0.1876988420867502, 0.9703888656434241, -0.15203484506705003, 0.35208253533477873, -0.21097044514309024, -0.9118823167428792
-39.33440210511166, 0.8705248007345416, 15.704055257935204, -0.9155892993744369, 0.1239903478357122, -0.38252140922385863, 0.19376402795767134, 0.969589618055513, -0.14950409368503328, 0.35235172248854757, -0.21100323742194943, -0.9117707483006955
-39.37735680825038, 0.8755488060347542, 15.6847726649505, -0.9137498046015231, 0.12797442568552664, -0.38559543690393655, 0.1980350873184164, 0.9690053008183893, -0.14768490503991963, 0.3547441314263921, -0.2113084791396751, -0.9107718308458009
-39.42025637510696, 0.8791920471581538, 15.665066931693316, -0.91450173797142, 0.12096969304713757, -0.3860737035998872, 0.19175007143262912, 0.969865054727026, -0.15031196135013475, 0.3562562018447313, -0.21149021013612923, -0.9101392254285836
-39.46441247879378, 0.8819428550431327, 15.648317025423882, -0.9178825998095131, 0.11119725071630701, -0.38095498999234007, 0.18176978055188853, 0.971128382401447, -0.1544972872657219, 0.35277652961194494, -0.21105647663003257, -0.9115941442481238
-39.50837095776126, 0.8883014266401554, 15.63196208072226, -0.9190519251730498, 0.10450061009718957, -0.38003050051940024, 0.17547363879189004, 0.9718660570362193, -0.15711578300732695, 0.35292004891312717, -0.2110828976259974, -0.9115324730392049
-39.551676616946835, 0.8964185592383829, 15.614420505426857, -0.9197773324854042, 0.10161903735342474, -0.37905570816622386, 0.1726400554776983, 0.9721841233592647, -0.15828278975566187, 0.3524273966233208, -0.21102512062676587, -0.9117364359143313
-39.59474931614111, 0.9019879776254143, 15.595705769227568, -0.922404079796031, 0.10181734019462142, -0.3725640116964196, 0.17143543594893537, 0.9723261213458118, -0.15871926489751761, 0.3460933470563046, -0.2102739712477572, -0.9143326813250535
-39.63819578812861, 0.9042373073982263, 15.577071941539536, -0.9247474731528238, 0.10488786780894951, -0.3658423787424849, 0.17283890234585275, 0.9721678438099924, -0.15816572731698506, 0.33907053061766984, -0.2094951518492073, -0.9171384609852153
-39.68214684991403, 0.9085393575213077, 15.560018401236537, -0.9233589205792077, 0.1088734892628708, -0.36817776565475574, 0.17699241066744104, 0.9716824460099188, -0.15654683223338955, 0.3407080720395813, -0.2097135843285043, -0.9164814358158941
-39.725755188726815, 0.9134501415608726, 15.542250175588215, -0.9237912001408971, 0.10154198049194132, -0.3691870051071885, 0.17048923828411952, 0.9724226892253184, -0.15914626325836445, 0.3428457935742274, -0.20996032881850354, -0.9156273380316274
-39.76942736158242, 0.9185940425055528, 15.524773397421356, -0.9268704090470551, 0.08955558500988983, -0.3645422362723984, 0.15853122749077983, 0.9736585922197344, -0.1638804311287705, 0.3402632726922073, -0.20968725042362846, -0.9166526944631578
-39.81356835218845, 0.9237053440669651, 15.508582805672283, -0.9294175186952548, 0.08875021823253261, -0.3581989317488728, 0.15644617004883615, 0.9738681917665332, -0.16463699748973082, 0.33422697649861605, -0.2090553606800381, -0.9190147900613639
-39.85768611570524, 0.9288137225109769, 15.492014540764242, -0.9304386530459082, 0.09420324828446007, -0.35413226474125775, 0.1606086368513089, 0.973461313750951, -0.16302740996236487, 0.32937634809876726, -0.20856370404010613, -0.9208758888526678
-39.90141197194486, 0.9334732723830148, 15.474068480860348, -0.9313108711413455, 0.09453006902718616, -0.3517444062720312, 0.16041941261259882, 0.9734765317860057, -0.16312281912386956, 0.32699491334113606, -0.20834468582520965, -0.9217737350008502
-39.94544902073831, 0.9363548909169513, 15.457284457476076, -0.933015553548566, 0.09100407474046866, -0.348138241532145, 0.15643100964232537, 0.9738655791809417, -0.1646668543115216, 0.3240544955076934, -0.2080963528445426, -0.9228675917346183
-39.9900977596694, 0.9387866962331542, 15.441982064687501, -0.9336279894099879, 0.08607726135201327, -0.34774916602114325, 0.15181264551261706, 0.9742987837268225, -0.16641754922752255, 0.32448682261799777, -0.2081648027563056, -0.9227002312998
-40.03445287300689, 0.9439842037182797, 15.426236925415516, -0.9329396326964253, 0.08061791995357831, -0.35089085586064694, 0.14743555368036348, 0.9746887905208975, -0.16806105778518335, 0.32846065099981697, -0.20852460913587278, -0.9212117498868043
-40.07843288247188, 0.948817845414931, 15.409507485907138, -0.9329696454054363, 0.07493204007482794, -0.35206935413676516, 0.14244378432339458, 0.9751060097398793, -0.16993539383189388, 0.3305713373232544, -0.20869465527270942, -0.9204179114950558
-40.122784449044644, 0.9532733185036787, 15.393588431295633, -0.935309457119291, 0.0709711425490557, -0.3466400385825311, 0.1376482431051746, 0.9754885671836181, -0.17168289508308834, 0.32595886334517093, -0.2082910276976269, -0.9221527352816292
-40.16718917419774, 0.9565146818562211, 15.377530608135208, -0.9381929988281378, 0.07229963965699042, -0.33847696975619346, 0.13716349438418307, 0.9755337597106557, -0.17181402583349475, 0.3177736187259509, -0.20762140007779054, -0.9251558146990982
-40.21114647106054, 0.9593276707680051, 15.360239578666874, -0.9401934579859502, 0.07539560538640934, -0.3321923603107662, 0.13873152682018805, 0.9754085455360885, -0.1712650949881851, 0.31111063149072965, -0.20710787523314864, -0.9275324808274102
-40.25498599746825, 0.9618588583285157, 15.342553536056215, -0.9417248014041063, 0.07238128194133953, -0.32850471601626197, 0.13517904525235472, 0.9756825651930965, -0.17254030747300958, 0.30802763535932687, -0.2068924406611976, -0.9286089025268897
-40.299075219792634, 0.9642708449965521, 15.325443486972505, -0.9418379596828058, 0.06923727340818286, -0.3288578076791396, 0.132338582641094, 0.9758928343088297, -0.17355021028286122, 0.3089138346611815, -0.20697675211404673, -0.9282956785632716
-40.3437602115885, 0.9670407739752033, 15.310126560616897, -0.9411882510215317, 0.06732012550488556, -0.33110825547098155, 0.1310243040525116, 0.9759890024212474, -0.17400603121826935, 0.3114439080903419, -0.20715566092864754, -0.9274099547981087
-40.389169072736856, 0.9705502678941695, 15.297200673297011, -0.9423796704862439, 0.06925317421850309, -0.32729887643391004, 0.13202457681952764, 0.9759196276168561, -0.17363868102413496, 0.30739236778076146, -0.2068450586618842, -0.9288299381142379
-40.434737045739936, 0.9744427842655263, 15.28488378930087, -0.943658282754091, 0.06731942667862928, -0.3240017595342049, 0.12954152444191314, 0.9761020496380909, -0.17448146645871393, 0.3045127892796381, -0.20662256286276853, -0.9298274451107345
-40.47975621768131, 0.9782091830862929, 15.27090206020836, -0.9459600541359406, 0.06319482871606161, -0.31806601453578137, 0.12447607050022977, 0.9764527319016387, -0.17619809940702555, 0.2994416201064075, -0.2062679713028028, -0.9315515230853718
-40.5238364424352, 0.9815605201613038, 15.253988453763986, -0.9483566607198941, 0.0596068819663613, -0.31155523377157335, 0.11978629389008862, 0.9767581838639074, -0.17774896357210784, 0.29371906282073146, -0.20588946033522326, -0.9334552170610981
-40.5678896691725, 0.9851101354049003, 15.237001512288654, -0.9499654783725566, 0.05819140508315978, -0.30688654300058077, 0.11750185818214262, 0.976900945703692, -0.17848769035139592, 0.28941130458940845, -0.20561688320193883, -0.9348597724355118
-40.61282333333294, 0.9892628851910269, 15.222756745314, -0.950455335655634, 0.053568814137140666, -0.3062107723050848, 0.11304194189276481, 0.9771629737997469, -0.17992788001848897, 0.28957930571235374, -0.20562807392662963, -0.934805285028051
-40.657426299577914, 0.991164109354352, 15.207010088818931, -0.9497626563622207, 0.05218615025995569, -0.30858953692700547, 0.11223618271580285, 0.9772098442936646, -0.1801775776974945, 0.2921539591878968, -0.20576084646160717, -0.9339745918354737
-40.70241027782448, 0.9917456305438753, 15.192113018238025, -0.9496215612611925, 0.052276477294438635, -0.3090081880946512, 0.11239623083850837, 0.9772078210106597, -0.18008876102881938, 0.2925508121355195, -0.20574752605385688, -0.9338532956742004
-40.74762065541367, 0.9924598401829468, 15.178087360585298, -0.9515693325908668, 0.04998754584313422, -0.3033431234314581, 0.10909456421231198, 0.9773837363649944, -0.18116127607336163, 0.28742682778734835, -0.205480600421995, -0.9355017592278052
-40.79300347678198, 0.9945572907072644, 15.1649966340767, -0.9543021468691211, 0.039974445311257586, -0.2961578231332811, 0.09824831890035905, 0.9778924658923318, -0.18459033827442897, 0.2822316075747716, -0.2052519643586196, -0.9371323016589964
-40.83861592848233, 0.9958788922244027, 15.152399234564403, -0.956054038277545, 0.02840257572637014, -0.2918115309327347, 0.08650974455886778, 0.9783116124902463, -0.18820853584015101, 0.28013700217850196, -0.20518207172860348, -0.9377758673860189
-40.8839451207324, 0.999122638983992, 15.138928845881766, -0.9588196026322937, 0.026797447917378557, -0.28274876903917007, 0.08311729758786816, 0.9784288070285523, -0.1891258428094211, 0.27158145085727103, -0.2048388790288589, -0.9403640514122498
-40.92900655135821, 1.0029409156846514, 15.124714936563109, -0.9603311852305477, 0.031363775717877004, -0.2770926347747448, 0.08624395615991552, 0.9783441059110034, -0.18816160728237266, 0.2651904875737023, -0.20459502438211438, -0.9422392908908565
-40.9740433471069, 1.0052117262003486, 15.110469034188597, -0.9598697922249854, 0.03716482817209388, -0.2779725841173949, 0.0919011365793561, 0.9781341228058641, -0.1865685367317471, 0.26496068211979296, -0.20462749900671087, -0.942296887175625
-41.01930266379148, 1.0040255954344928, 15.096907923394307, -0.9569423855240156, 0.039951435101450425, -0.28751548414118694, 0.09648586701957056, 0.9779439251646851, -0.1852462056263788, 0.2737731693447849, -0.20501112669029325, -0.9396907415102527
-41.065071318071325, 1.0027030680681437, 15.084718704246804, -0.9559145459291707, 0.04519455569671704, -0.29014622695531256, 0.10195092376740875, 0.9777006687487207, -0.1835957828254127, 0.27537863029654175, -0.20508255523978736, -0.9392059175241179
-41.111118971236, 1.003848480120567, 15.073224400553118, -0.9570133679752514, 0.04424805893023916, -0.286648779515232, 0.10035079764257926, 0.9777710410936673, -0.1841018973587835, 0.27213072397133725, -0.20495341050958882, -0.9401802851535039
-41.156896129205705, 1.0065967266079703, 15.060984778656529, -0.9582996240866886, 0.040195810337450115, -0.2829242430521411, 0.09577427021573046, 0.9779741197686075, -0.18545595225675968, 0.2692380352772534, -0.20481923223694845, -0.941041955741566
-41.201850821235, 1.010053550662127, 15.046553739813309, -0.9575424259253399, 0.037939445576611476, -0.28578506088029576, 0.09424016529587577, 0.9780352538103911, -0.18591888970475776, 0.2724542049556605, -0.20495765604969043, -0.9400856691964812
-41.24563362551153, 1.0134584801110127, 15.029019811643881, -0.9555387681557965, 0.042235007105955624, -0.29182506185395185, 0.09951983477952385, 0.9778096693175986, -0.18434764190101444, 0.2775634432643449, -0.20519370059475087, -0.9385382678396617
-41.29082519620347, 1.0172647113693398, 15.015158782796146, -0.9552906020716134, 0.050416869752576525, -0.2913382996415095, 0.10710007263605999, 0.9774430676545286, -0.18202918429596726, 0.2755892596510338, -0.20509312211397113, -0.9391418270030032
-41.33677876953997, 1.0200672416620613, 15.003318167609113, -0.9548930859041486, 0.05627556753585282, -0.29156861112089905, 0.11264865004986979, 0.9771342234064533, -0.18033022788708888, 0.27475348247910225, -0.2050408982285854, -0.939398080644846
-41.382410491578284, 1.0219658228929427, 14.990877123539889, -0.9547662735303758, 0.05327787736166397, -0.2925454335872552, 0.11002531610852341, 0.9772904232629254, -0.18110179020040537, 0.27625313164584964, -0.20509728516586379, -0.9389458508739752
-41.426716167465486, 1.0231604356302035, 14.975408319927956, -0.9554398881344671, 0.04830045040774669, -0.2912072915502046, 0.10507444180106527, 0.977555487759555, -0.18260512049603933, 0.2758513763637796, -0.2050666595075545, -0.9390706487355578
-41.47110896420656, 1.0240028989544123, 14.958967604095648, -0.9578645521043098, 0.04635765869759875, -0.283454524222294, 0.10166290385286936, 0.9777218196503987, -0.18364285273245845, 0.2686264205215346, -0.20472178892240592, -0.941237927061058
-41.51673985161156, 1.0265497751679757, 14.947009005423453, -0.9588203907667718, 0.04028393043267139, -0.28114171372948304, 0.09547198883284315, 0.9780014196787752, -0.18546784749546671, 0.26748562129235354, -0.20467151256390306, -0.941573690343272
-41.56267858453787, 1.030479685193419, 14.935384989234695, -0.9585101453584312, 0.03571504445924923, -0.28281219359184845, 0.09152131069764671, 0.9781525426707797, -0.18665865357618186, 0.2699669441489904, -0.2047975558105177, -0.9408378235386233
-41.60834350570642, 1.031805266439408, 14.922696851613155, -0.9583798922642115, 0.03414484149292727, -0.28344684140604065, 0.0901793170367145, 0.9781977687028529, -0.18707435977052495, 0.2708794434475049, -0.2048493473364827, -0.9405642306686912
-41.65355389109074, 1.032907117355265, 14.908917647792396, -0.9598240272632396, 0.03673450698501104, -0.27818772921310536, 0.09153336588457592, 0.9781529156611796, -0.18665078760448303, 0.265253613769947, -0.20461536985305295, -0.9422171038576418
-41.69865101180179, 1.035402565289192, 14.894995313000996, -0.9612391241748458, 0.043731653112364974, -0.2722258045660536, 0.09691359628501921, 0.9779281112365361, -0.18510635890872368, 0.25812225981243797, -0.20431385603869526, -0.9442609529255774
-41.74428220794266, 1.0363309627812403, 14.88223365478914, -0.9601966325690573, 0.04561345730578745, -0.27557546936484767, 0.09937563746236104, 0.977812669697251, -0.18440950533658554, 0.2610496303042629, -0.20445487397503606, -0.943425299123285
-41.78996034227926, 1.0369618902335276, 14.869634592203079, -0.959132740380298, 0.042238645336118645, -0.2797861382748426, 0.0970538388321417, 0.9779200874083773, -0.1850752685021325, 0.2657911561706379, -0.20466606822666367, -0.9420545959858772
-41.83553854120176, 1.0381180115506483, 14.856891047998598, -0.9584568175812783, 0.042947709100345184, -0.2819858562321883, 0.0981745884246109, 0.977868372274668, -0.18475712893566346, 0.2678101548105047, -0.2047655752022865, -0.9414609817684694
-41.88091007029685, 1.0405473547728474, 14.843776896519035, -0.958952904605189, 0.0430472911112024, -0.2802788923148843, 0.0979242947326714, 0.9778756922033661, -0.1848511917702895, 0.2661205727680219, -0.20470970012623935, -0.9419521110034443
-41.92601535922337, 1.0447006581968932, 14.830145844411033, -0.960048137243236, 0.040845437065002974, -0.2768379028362296, 0.09514683929346734, 0.9779958575929683, -0.18566416321804732, 0.26316278830460804, -0.20458678550180973, -0.9428094155500255
-41.97122658136201, 1.048141924508182, 14.816583637158812, -0.9604259081895564, 0.04427381476443308, -0.2749943712232498, 0.09800164274007202, 0.9778705416452028, -0.18483744697102045, 0.2607254358487356, -0.20447257299873295, -0.9435111096286914
-42.01651554213641, 1.0504600898198762, 14.8030021003029, -0.9605567023599099, 0.05055054913574555, -0.27345102584106384, 0.10361081766019802, 0.9775935926777705, -0.18323636653010378, 0.25806127182365196, -0.20434140436398082, -0.9442716613598627
-42.06178112892071, 1.0521189058750526, 14.789295315589435, -0.9602956012796982, 0.05713204554555783, -0.2730719457114613, 0.10975192187072343, 0.9772475779328599, -0.18149844922213987, 0.25648951988053154, -0.20426233327791832, -0.944716902249195
-42.107279276568846, 1.0532692120330855, 14.776307611313, -0.9595182770267603, 0.05982609448667361, -0.2752190299926022, 0.11273145655584851, 0.9770687151694072, -0.18063317674226018, 0.25810132652583195, -0.2043466766445576, -0.9442595728876306
-42.15295534814212, 1.0547262627010703, 14.763994549129944, -0.9600994729194005, 0.053133375081366584, -0.2745648312372729, 0.10627905116465042, 0.9774481118529306, -0.18248274416690066, 0.25867695178239397, -0.20438207623860688, -0.944094381684885
-42.19869668701866, 1.0572750995875426, 14.752124277031381, -0.9609784283857888, 0.04620573100004981, -0.27273703562209944, 0.0993670473736315, 0.9778037568436062, -0.18446138619986652, 0.25816012487102996, -0.20436448694741674, -0.944239644582504
-42.24437937172013, 1.0608750322738363, 14.740271322267617, -0.9616439072957725, 0.044504381710238614, -0.2706665024887802, 0.09733620172239997, 0.9779002422468852, -0.18503183522772285, 0.2564501109283749, -0.2042803862882394, -0.9447236973754559
-42.28981227196907, 1.0651441402357393, 14.72771327222422, -0.9622097802308107, 0.0455629974596069, -0.26847039332237527, 0.09788456461925087, 0.9778772806886826, -0.18486383075714682, 0.25410814791634434, -0.20415689352897978, -0.9453829975132418
-42.33481524826429, 1.0688474320521835, 14.713583829754786, -0.9620608365638754, 0.05214425133938191, -0.26780575759731445, 0.10397244444121162, 0.9775681410211692, -0.1831673018235917, 0.25224725478572674, -0.20406250687637584, -0.9459015888243311
-42.3802096547693, 1.069836442970414, 14.700257881436585, -0.9608783271187975, 0.060483987848353335, -0.2702860108983468, 0.1123707606898332, 0.9770727962255504, -0.18083573490317775, 0.2531514420566655, -0.20413338308553158, -0.9456447056345668
-42.42584328086632, 1.0699990115805684, 14.687558693472505, -0.9597388071730708, 0.06227297409429121, -0.27390417795912303, 0.1147957972594138, 0.9769213582213222, -0.18012935569357552, 0.2563656508535938, -0.20432018145170783, -0.9447380147500969
-42.47144450300824, 1.0715121129642582, 14.674957543671049, -0.9587294779563873, 0.0594860630366775, -0.27802733031461047, 0.11299907123429116, 0.9770416447943515, -0.18061238672288138, 0.26090036028656743, -0.20457524933858567, -0.9434404959298678
-42.5169995803437, 1.073672700547426, 14.662283461523382, -0.9580793742848835, 0.05550352494795416, -0.28107520575148176, 0.10986761611568772, 0.9772296254719464, -0.18152511129046406, 0.26459973450278035, -0.2047965278473034, -0.9423615880768628
-42.56242055948773, 1.0779367641280597, 14.64961203608113, -0.9588591005127314, 0.0502760828088993, -0.2793949549675305, 0.10459777666450465, 0.9775197706821357, -0.18306939406243525, 0.263910080293948, -0.2047618456230005, -0.9425624945308955
-42.60748607273778, 1.0833365318225474, 14.636139829011341, -0.9571426384503215, 0.05574181581794424, -0.2842020753437164, 0.11073830240270134, 0.9771750944086165, -0.18128944604824437, 0.2676097868937624, -0.20499191407670161, -0.9414687021467284
-42.652677119801076, 1.0867305475265054, 14.622561874786939, -0.9553011969595483, 0.06266575361009213, -0.28891629654994117, 0.11821998505569475, 0.9767121297736775, -0.17904594574130486, 0.27096800220890593, -0.20519848653790362, -0.9404626111129928
-42.69790492594671, 1.0890134998628231, 14.608751897829363, -0.9550068918687522, 0.06395364688865207, -0.2896062284082081, 0.1195708285484404, 0.9766238819777698, -0.1786298130517707, 0.271412331045266, -0.20522115924122614, -0.9403295285995557
-42.74304703914825, 1.0913998734004702, 14.59474738816732, -0.9540968977396239, 0.0676920734136231, -0.29174799557253217, 0.12352420108201055, 0.9763518236416381, -0.17742290781829326, 0.27283856301973997, -0.2053165840077519, -0.939895855326914
-42.78843294426661, 1.0926318574432763, 14.581408314328858, -0.95337738131344, 0.07054719162929377, -0.29341891989636143, 0.12655114368389525, 0.9761319219607849, -0.17649724916111928, 0.27396418895948027, -0.20540098510563146, -0.9395499233598025
-42.83298467110686, 1.0962043246887025, 14.565817307531182, -0.9533696190858006, 0.07464541489683292, -0.29242850654318064, 0.13020397198566167, 0.9758506200719815, -0.1753923971678535, 0.2722743011805418, -0.20528913595221912, -0.9400654634527528
-42.87775367723243, 1.099644363512768, 14.550885904792532, -0.9531757158483336, 0.08258955606851483, -0.2909209857425594, 0.13736937867865925, 0.9752574928964437, -0.17321222921832694, 0.26941735006947115, -0.20506532563490293, -0.9409370349304971
-42.923237112250696, 1.1017681840331255, 14.537951855087854, -0.953457588368875, 0.08403041226099499, -0.28958162406661153, 0.1384514773532112, 0.9751625436900812, -0.17288493804436447, 0.2678615605131172, -0.2049314597594467, -0.9414102618945366
-42.96837924893141, 1.1056987298593346, 14.524259112781305, -0.9536134651648185, 0.08406016051129427, -0.28905924733722504, 0.13837132372070465, 0.9751703692330813, -0.17290496737108443, 0.2673475936456649, -0.2048820157667121, -0.941567110612537
-43.01340354385021, 1.11130862798782, 14.510813979692642, -0.9519938863143452, 0.09328803167623091, -0.2915561413623181, 0.1475698188515874, 0.9743147242637926, -0.17009987256573497, 0.26819915917880727, -0.20495892571133403, -0.9413081587806603
-43.05833486489582, 1.1186366063648425, 14.497850287681949, -0.9526265639218323, 0.09679184229544899, -0.2883296186234361, 0.15020964448639962, 0.974051022601733, -0.16929757255137381, 0.2644611359231307, -0.20458725432824787, -0.942445946966019
-43.10331157862064, 1.1257754536826658, 14.485022450333219, -0.9531078967185299, 0.09859558135072143, -0.28611929077028936, 0.15145696411373366, 0.9739240534018859, -0.16891632907061274, 0.2620040557591262, -0.20433024627634946, -0.9431876935278657
-43.14870819701112, 1.128742480055916, 14.471835389801535, -0.9510800269847174, 0.1058734606068466, -0.29023713168697035, 0.159160208256906, 0.9730969610943055, -0.16658431023552522, 0.2647920134338791, -0.20462921259721914, -0.9423439260553838
-43.194002693652735, 1.1311471407822373, 14.458053891223015, -0.9488514398336065, 0.1122488456294569, -0.295095140218449, 0.16614941801472788, 0.97230111977059, -0.16439252837712576, 0.2684684637328172, -0.20501397305479263, -0.9412193978203116
-43.238675831160606, 1.1367462100417807, 14.443518501162611, -0.9471892121431084, 0.11372459568241587, -0.29983214093320393, 0.16849290557917093, 0.9720325274674697, -0.16359372333525338, 0.27284196372480213, -0.20547379852933528, -0.9398605114317337
-43.2835437346299, 1.141977117975415, 14.429448521060555, -0.9475947897111399, 0.10462242473063828, -0.30185801754431285, 0.16035363933163352, 0.9729743555017808, -0.1661553907912552, 0.27631653020657515, -0.20585201427087438, -0.9387620163572996
-43.32859321559381, 1.1462752549014448, 14.415546088063262, -0.9470651443610293, 0.09883442069401192, -0.3054494551026434, 0.15567274292617195, 0.9734717653685238, -0.16768637136073924, 0.2807732349179043, -0.20636007200126882, -0.9373270033650831
-43.37286927243595, 1.1518096067282781, 14.400748970405562, -0.9439536166685399, 0.1077868232675631, -0.311983285302707, 0.16542116567492499, 0.9723979035546441, -0.16455441382497824, 0.2856350950515923, -0.2069403727947263, -0.9357287398506298
-43.41703489561476, 1.1587711480041478, 14.384726233581748, -0.9408744010599431, 0.11891754400817497, -0.31719706675370896, 0.1769128620210399, 0.9710142370479895, -0.1607270689760608, 0.28888959946944726, -0.20734022566104887, -0.9346404817582041
-43.4613594456793, 1.1650919308333194, 14.369009302487488, -0.9406146057558002, 0.12239968385956615, -0.316642512669949, 0.18005102287003782, 0.9706129765887919, -0.1596623901891068, 0.287794705653724, -0.20719258449211866, -0.9350109305934144
-43.5064636808595, 1.1681145144518277, 14.355093168022412, -0.9402639204549307, 0.12697953079080038, -0.3158796584949275, 0.18417174069804162, 0.9700693617325974, -0.1582599234043932, 0.2863294078836073, -0.20698220258722555, -0.9355072623946666
-43.55136208231784, 1.1725345911678076, 14.340511842075532, -0.9378392689995932, 0.13592519637531664, -0.3193459668019, 0.19325104057473036, 0.9688009574655573, -0.15517325842619778, 0.2882907227766661, -0.20724151563852078, -0.9348472673954588
-43.59521220167537, 1.1797285046546606, 14.324258206872743, -0.9356317074346987, 0.14372547643828482, -0.3223915251141359, 0.20117052208455466, 0.9676198545707132, -0.1524540523724423, 0.29004090933359417, -0.20749651674941375, -0.9342491458116524
-43.638872880937704, 1.187374031034002, 14.308072660784205, -0.9353321703015757, 0.14794131441934819, -0.32135198565874745, 0.20489662774579215, 0.967037954026984, -0.15117859441636267, 0.28839400676391763, -0.20724614099948968, -0.9348143847328587
-43.68358431111959, 1.1946465103386572, 14.29374826910801, -0.9356295425835351, 0.15058762315422602, -0.3192502573181199, 0.2069318222511464, 0.966715783775542, -0.1504653260357999, 0.2859660469089729, -0.20684284167454384, -0.9356492178499668
-43.728135155125926, 1.2020184215512475, 14.280086061295526, -0.9323797693070809, 0.1607546286999168, -0.3237683047156199, 0.21736887375848038, 0.9649797103278658, -0.14685003022307516, 0.28882302281474104, -0.20729714905685548, -0.9346706122934728
-43.772060254186485, 1.2105529593423676, 14.264535818968406, -0.9286253612578507, 0.17149466842805797, -0.32900534513815527, 0.2284800539878375, 0.9630002141402849, -0.14292463921759696, 0.2923214042085203, -0.2078946037455418, -0.9334495328484788
-43.81561695158532, 1.2198234602672184, 14.248186547471065, -0.9279466812832795, 0.17722127204519178, -0.3278834814839437, 0.2335949063713293, 0.9620392553579401, -0.14111658608296188, 0.29042791947868485, -0.20754057888765803, -0.9341191207240426
-43.85943711450918, 1.2287456937155685, 14.232728458182496, -0.9264482145973918, 0.18051445112723669, -0.3303153623486767, 0.23716695405475435, 0.9613544294077745, -0.13981951567089027, 0.2923106935671276, -0.20787542902489647, -0.9334571572568395
-43.90381613479045, 1.2363061167816514, 14.218036389427322, -0.9235869062064478, 0.18587086107271777, -0.33531962317778063, 0.24319881498989762, 0.9601631437413646, -0.13762657369930104, 0.2963807737885707, -0.20865943641442636, -0.9319976805355806
-43.94761278317264, 1.2441721503353582, 14.201905689106914, -0.9201460564657046, 0.1918382533642541, -0.3413639103900186, 0.25001815468306704, 0.9587666570543463, -0.13512001942609203, 0.301367146682392, -0.2096773279755963, -0.9301684046631168
-43.99070280600799, 1.2536725007674319, 14.184857258004618, -0.9185387110563079, 0.19705724803722321, -0.3427171972443357, 0.2551609565398087, 0.9576765005194606, -0.13322389654446157, 0.30195947169894577, -0.20981935408535562, -0.9299442542983412
-44.034237054389884, 1.2635764814260586, 14.169132269363315, -0.9179736054351393, 0.20299609591165255, -0.34075951163399454, 0.26027583114443875, 0.9565626326840786, -0.13131801656504014, 0.29930077087518986, -0.2092379382357122, -0.930934226332014
-44.07728560041844, 1.2727962014461678, 14.151759928182013, -0.9152321039864754, 0.20990601526176256, -0.3439326396104594, 0.26736412869853354, 0.954969077897914, -0.12864868030447085, 0.30144090385640016, -0.20969865287058154, -0.9301396972855744
-44.12049516556577, 1.2825791526087693, 14.135114947649477, -0.9104756116523542, 0.21922685894292018, -0.3506761253696814, 0.27743671714130436, 0.9526042529882812, -0.12479585397958812, 0.3066969653715658, -0.21091401448614028, -0.928144519956463
-44.16362724407432, 1.2928115642514852, 14.118524976304633, -0.9082624339996513, 0.22808892720588667, -0.3507631569465309, 0.28568440034658876, 0.9505747139802606, -0.121622927690283, 0.30568574448874614, -0.21067309849008614, -0.9285327518127444
-44.20672327730327, 1.3038012316902867, 14.10235928775087, -0.9064831140695594, 0.23327504254409745, -0.35195329012924925, 0.29074487876663657, 0.9492904855810743, -0.11964526508066212, 0.3061956553867605, -0.210785029144144, -0.9283393194899021
-44.24984695205839, 1.3158460446354445, 14.086998230079674, -0.9029415903349143, 0.23781730754333685, -0.3579656585153023, 0.2962201002826028, 0.9478684786137523, -0.11746914249714846, 0.31136816894477315, -0.21210439760478464, -0.9263161381972629
-44.29231255318887, 1.328022485355377, 14.070061470147415, -0.9007725748609566, 0.24515507304294581, -0.3584797881884975, 0.30312715048418587, 0.9460188419811492, -0.11472698573562923, 0.31100273152771496, -0.21200787904687277, -0.926460986876591
-44.33446147699073, 1.3399978695891475, 14.052171034598304, -0.8977146088585518, 0.2518129793673423, -0.36152275787850446, 0.30993523629933295, 0.9441389636939731, -0.11199002873000435, 0.3131271791812617, -0.21258372622807464, -0.9256130557641098
-44.37726330206519, 1.352069030244874, 14.035979017261276, -0.8940131017081541, 0.2604266146552754, -0.3645799670214459, 0.3185513427347861, 0.9416773216879205, -0.10848439454838431, 0.3150644632706626, -0.21312390808601783, -0.9248311109527577
-44.419525811839215, 1.3640255301137394, 14.018362010374219, -0.8895216537155751, 0.2687156388462315, -0.36951743262066816, 0.32725742889562104, 0.9390975720061993, -0.10487290157466268, 0.3188319350437404, -0.21421404177019546, -0.9232868143240979
-44.46136207163755, 1.3760725912391294, 13.99980149808069, -0.8864419500696534, 0.2761345608534211, -0.37144363429597, 0.3345129907773542, 0.9368736474674094, -0.10182744071369929, 0.3198776768671109, -0.21451683613040837, -0.9228547008379487
-44.50341834403047, 1.3887729284541952, 13.98217232775681, -0.8840937228212845, 0.2807740217830486, -0.37355620455264005, 0.3392388502101258, 0.9353899631785377, -0.09981292147295139, 0.32139584903373214, -0.2149687546519863, -0.922221851154732
-44.545126271929924, 1.4016881226151572, 13.964112024085019, -0.8799718354831568, 0.288478886658781, -0.377398331618615, 0.3471594634150437, 0.9328367856561609, -0.09641492772419002, 0.32423737557194554, -0.21585982321588254, -0.9210182739790918
-44.58650262569707, 1.4159955013337284, 13.946076946691907, -0.8746845308195894, 0.2960205322266257, -0.3837952788208579, 0.35547699147602746, 0.9300681739966677, -0.09278631499125524, 0.3294891198143986, -0.21758914545254643, -0.9187447326135609
-44.62747431700328, 1.4309083405763605, 13.927574352775702, -0.8695781808597396, 0.3055756904315776, -0.3878882374988066, 0.365142688030586, 0.9267343212929763, -0.08851166654992286, 0.33242232889874307, -0.2186023676791064, -0.9174466742512204
-44.66909809324441, 1.446448392551607, 13.91131929640104, -0.865911678672985, 0.3141177696452626, -0.3892646805591522, 0.3732816403510158, 0.9238275221284473, -0.08487359032625036, 0.33295312239801567, -0.2187983915642412, -0.9172074368071342
-44.71050082431123, 1.460835119821795, 13.893363002645494, -0.8619596476654166, 0.3196807492997481, -0.39348416019410815, 0.3793017842600455, 0.9216203750129932, -0.08213428527756038, 0.3363862694190369, -0.22004568363878757, -0.9156550523304514
-44.750598060114115, 1.47642013926654, 13.873700394409845, -0.8567177041703773, 0.3324191120298874, -0.3943758477877404, 0.39116126069905044, 0.9171209897281826, -0.07669392628056174, 0.3361958409757136, -0.2199695982568044, -0.9157432677084625
-44.79088028012597, 1.4920495946116463, 13.85449293334864, -0.8520574461299978, 0.3407516527869731, -0.39734924137007205, 0.39943122372293416, 0.9138660800352056, -0.07282503193467539, 0.33830874361982577, -0.22076480445042249, -0.9147732479179427
-44.830027622030414, 1.508236225349376, 13.83528323966743, -0.8479634965713482, 0.3463102497417186, -0.4012818453485302, 0.4053705071600748, 0.911468706326564, -0.06999678072714256, 0.34151524183742804, -0.22202254009719014, -0.9132761528045691
-44.870948210143005, 1.5246498284109569, 13.815680843477049, -0.841999610665447, 0.35103497435660325, -0.40964753437277573, 0.41153911170264074, 0.9089251722949421, -0.06701186990087138, 0.348815445727733, -0.22500995077344638, -0.9097792627196413
-44.91102314608623, 1.5399385417944766, 13.796111871547089, -0.8373025252646198, 0.35893565474447814, -0.412419297485755, 0.4193612977133533, 0.9056151827803602, -0.06322375105818252, 0.35079991899323915, -0.22589009821337364, -0.9087976014292123
-44.950365370196685, 1.5589278824082513, 13.777578143686277, -0.8354505146232222, 0.36427633757359323, -0.41149141850075416, 0.42402315201110347, 0.9035962233490475, -0.0609773048593225, 0.3496095024085614, -0.22542540902326796, -0.9093715306695775
-44.98948448818933, 1.57715567042883, 13.758161122395244, -0.8320088240445576, 0.3714731298186202, -0.41203037574279777, 0.4306900381077626, 0.9006543380805181, -0.05768755820346336, 0.34966756753626227, -0.22545393569308678, -0.9093421331345924
-45.028475360525995, 1.5946808418607468, 13.737818689420523, -0.8295914290285097, 0.3768229257055561, -0.4120467734919667, 0.4355511503713761, 0.8984666621993354, -0.05525262280250797, 0.3493898342719864, -0.2253045485095458, -0.9094859010057845
-45.067370915142234, 1.6124929726505226, 13.717564241723217, -0.8258325879882993, 0.3820281678817032, -0.41479514891268554, 0.4408892902755541, 0.8960221833860038, -0.052544082449852134, 0.351592335435325, -0.22627135440688873, -0.9083964464032245
-45.106605440763275, 1.6306424390206016, 13.698268719512255, -0.8191611133235687, 0.3927668921779119, -0.4179823427220292, 0.4513499449847571, 0.8910970784640917, -0.047214657840729084, 0.35391849002383036, -0.2273327190741908, -0.9072273900503595
-45.14585847316138, 1.6487666161089716, 13.679029378129325, -0.8136038863920182, 0.39859591476522854, -0.42328478921439466, 0.45783029144113974, 0.8879581302170162, -0.043838148004013235, 0.35838546327484455, -0.22945948599692134, -0.9049354695221663
-45.18454265777243, 1.6678114603388385, 13.659552794557527, -0.8078243170537616, 0.40269200404169503, -0.43041726575209216, 0.46317235847755306, 0.8853189355027348, -0.04100913047902549, 0.3645425066010338, -0.2324855529300436, -0.9016979696993042
-45.22323031604281, 1.6868117828998228, 13.639999726368945, -0.8040105598554167, 0.41098621653364587, -0.4297177555795649, 0.4705077787761487, 0.8816136498087687, -0.03714569398997033, 0.36357867065067806, -0.23205107689950707, -0.9021988960077844
-45.261612676319984, 1.7053844615798792, 13.619460639678756, -0.8027218598119771, 0.41477931939170076, -0.4284807253365756, 0.47365188283191023, 0.8799968439357027, -0.03548871021872823, 0.36234170291285384, -0.23143826578195748, -0.9028537087823548
-45.29865481333961, 1.7257950708355274, 13.598326436118477, -0.7997807469312433, 0.4176564103445747, -0.43117731820700717, 0.47686368828877174, 0.8783295916320637, -0.03373649737422829, 0.3646255334308497, -0.23259460733545909, -0.9016362731216685
-45.335134919629965, 1.7474260197200324, 13.577401536784492, -0.7961748647288491, 0.42217911176597744, -0.4334401716067504, 0.48145851591998, 0.8759125755404914, -0.031222707412285302, 0.3664741221725337, -0.2335421966123322, -0.9006413049485115
-45.37148742811413, 1.7675776473960547, 13.554623638686614, -0.7929852206860409, 0.4260941712784021, -0.4354517160100333, 0.48544687867332353, 0.8737843190069581, -0.029022264623458895, 0.368124663340883, -0.23440290326725538, -0.8997441365077314
-45.40862864818922, 1.7890009855919795, 13.534636598679633, -0.7871064774023089, 0.43161127460893306, -0.44065303909286824, 0.49162501197504827, 0.870431125423294, -0.02558326591487846, 0.37251609472862013, -0.2367728099355793, -0.8973128750014389
-45.44695584514209, 1.8086280626383522, 13.514945490851122, -0.7786226197576084, 0.4414694429919941, -0.44592773731417223, 0.501707201354499, 0.8648096286399468, -0.019854226770983984, 0.376877566473298, -0.23918410715592273, -0.8948487373702827
-45.48463948175041, 1.8280563842605304, 13.494461447062449, -0.7768503976143935, 0.4431267022023371, -0.4473725355021697, 0.5035374052010434, 0.8637686806353265, -0.01880818749660105, 0.3780919746434179, -0.23987995362011483, -0.8941499128006738
-45.52243581175134, 1.848452915693696, 13.47401740243827, -0.7751039709951517, 0.4444583308303908, -0.44907752816524893, 0.5051351680904439, 0.8628550250714024, -0.01787925242476498, 0.379542219134823, -0.2407031322282541, -0.8933138899791728
-45.55962740022913, 1.8693573537144648, 13.453581016944497, -0.771786107960344, 0.45036238067796996, -0.4489097121131323, 0.510364090372096, 0.8598305743603223, -0.014828305832471482, 0.3793081844860287, -0.2405516773279071, -0.8934540792433842
-45.59550277721983, 1.8909491195462462, 13.431586241228842, -0.7701429773697173, 0.448558520357862, -0.45351411027935234, 0.5098554043782287, 0.8601277414587551, -0.015090891271686653, 0.383310919534547, -0.24284876402285122, -0.8911213255096937
-45.629777959963775, 1.9141321575540673, 13.408605541626331, -0.765299749529104, 0.45209797957971926, -0.4581743229717556, 0.514137722625076, 0.8576160495387455, -0.012534502281965138, 0.3872708297104125, -0.24515735443484432, -0.8887739735286565
-45.66600566684489, 1.9353391311490007, 13.38677489915815, -0.758386193525552, 0.45830291143694, -0.46347472729184297, 0.5209466344681137, 0.8535478714625583, -0.008404472504654304, 0.3917460727386675, -0.24781943525510738, -0.8860702805103388
-45.70165914350137, 1.9575995142077112, 13.365044532279343, -0.7528370353330189, 0.4627795625203931, -0.4680507181325803, 0.5260391846894101, 0.8504441756699127, -0.005242159900586751, 0.39562504268851745, -0.25015951027805483, -0.8836860556867199
-45.73635972552884, 1.980497019802886, 13.342395815698202, -0.7472107500972653, 0.46724530351173416, -0.47260757641547535, 0.5311210637648413, 0.847293480659056, -0.0020428553461900303, 0.3994828038406478, -0.25253828220467767, -0.8812706198760545
-45.7727352890521, 2.0010741601871573, 13.32022623057306, -0.7421103737850138, 0.4731739489113913, -0.4747405683025913, 0.5368821882576515, 0.8436556672948945, 0.0016220273985674044, 0.4012850720527027, -0.2536760318059359, -0.8801242877201214
-45.80883187390591, 2.022411289232525, 13.298294605322207, -0.740892050768725, 0.47203065487235313, -0.4777719434714543, 0.5366518940330038, 0.8438024656448776, 0.0014641046461259407, 0.4038362461920707, -0.2553124748859769, -0.8784826841942274
-45.843476214886344, 2.0448964114492902, 13.275175849471092, -0.7342994656262081, 0.47767175580823956, -0.48232145762358414, 0.5427677165139327, 0.8398652075364437, 0.005444178543878617, 0.40768554143029956, -0.2577908587844806, -0.875977381235294
-45.87851281613499, 2.0673414472524314, 13.252636153179642, -0.7330206975676955, 0.4818018050801401, -0.48015380614849634, 0.5458386517135725, 0.8378573154518664, 0.007435404447699259, 0.4058827703079774, -0.25663620080828486, -0.8771528015128329
-45.913107417295784, 2.090398011536585, 13.230004511634915, -0.7347142792617375, 0.4777601887420478, -0.48160162987895766, 0.5426533177077789, 0.8399394944149454, 0.005387253725813362, 0.40709004486679123, -0.2573846300289291, -0.8763736917521117
-45.946535624152176, 2.11477204541765, 13.207023062529682, -0.7316708836604022, 0.47659652648564743, -0.48735353589096037, 0.5431222426845759, 0.8396342595261521, 0.005704360722011297, 0.41191740374119035, -0.2605188307431647, -0.873186114939611
-45.98019203401149, 2.137386806125554, 13.182636451982855, -0.7264605495395374, 0.47710171513700506, -0.49459986188437355, 0.5454750652730747, 0.8380956074901339, 0.007259880927301311, 0.41798567335262626, -0.2645178748573934, -0.8690904847902089
-46.013300197432066, 2.161261363085844, 13.15865448966566, -0.7205126996520286, 0.482591303564047, -0.49796293372549266, 0.5511390410405039, 0.8343391924270784, 0.011129664014891417, 0.42084107104832263, -0.2664277495015946, -0.8671268922219033
-46.048307317261525, 2.1854471142549508, 13.137976003103413, -0.7150708110430902, 0.49019293871819286, -0.49838200010132694, 0.5578396539235582, 0.8297986372757138, 0.015784235357254067, 0.42129402524201776, -0.2667303964796483, -0.8668138438495245
-46.08383637243107, 2.2064469424514175, 13.114624370263348, -0.7134891263120737, 0.4914152979584847, -0.4994439623889827, 0.559175640279935, 0.8288802740484794, 0.01673602733154826, 0.4222035882746126, -0.26733592393408584, -0.8661845264274526
-46.11890773876378, 2.2265492319977698, 13.089639043137517, -0.7109185678582735, 0.4899852416921215, -0.504489100772509, 0.5592854520307596, 0.8288040863007041, 0.016839527250013905, 0.4263737480440023, -0.27018188217415384, -0.8632538314561606
-46.1525833495694, 2.2481523451355914, 13.064249225317981, -0.708262851703207, 0.49429672688471854, -0.5040183316986546, 0.5628810335806691, 0.8263103691039466, 0.019393708940204542, 0.4260618205523687, -0.269966515891052, -0.8634751909379028
-46.18429035085103, 2.2731465317010033, 13.0396287190603, -0.7095780011847641, 0.49514926873577547, -0.5013245075847199, 0.5628843033496657, 0.8263075459920906, 0.019419075134796654, 0.42386356446054263, -0.26840834768493343, -0.8650414080353883
-46.21667378305503, 2.2991280281373156, 13.016947424791809, -0.7058513302381729, 0.4929181598394607, -0.5087293851366184, 0.5629682170635593, 0.8262493419808389, 0.019463079214454115, 0.4299310249066461, -0.27266043456414946, -0.8607064547486618
-46.250545118041025, 2.3227793222413005, 12.993796992393987, -0.7009226907656922, 0.49695035389316894, -0.5116128686177037, 0.5672316496143747, 0.8232499395936461, 0.022534254698423715, 0.432383669031957, -0.2744082409923438, -0.8589205318479415
-46.28275447689871, 2.346475632798239, 12.968432535464727, -0.6936108521341282, 0.5046099726020531, -0.5140746651531505, 0.5744858738924125, 0.8180402520296566, 0.027859051622898975, 0.43459172392009465, -0.2760052927206493, -0.8572928973754237
-46.314865362857866, 2.3709075535352615, 12.944484513049645, -0.6888674805999419, 0.5129668016058283, -0.5121783425938425, 0.5811438776311826, 0.8131408495262005, 0.032768160210820435, 0.4332821109435304, -0.2750763880853748, -0.8582538045672867
-46.348586177694216, 2.3951788607581967, 12.921782422452738, -0.6871302854739213, 0.5150714849684079, -0.5123995864137348, 0.5830121996230356, 0.8117451292096554, 0.0341558237363655, 0.43353055933260015, -0.27526570904643954, -0.8580676217804304
-46.38203402410436, 2.418450865258399, 12.897460614297147, -0.6857992717878634, 0.5085015708575538, -0.5206779342843678, 0.5796636877685568, 0.8142387383689559, 0.031706245786722494, 0.44007882009680194, -0.2800739712553297, -0.8531642296342924
-46.415702960095686, 2.4416891495449984, 12.872391488316662, -0.6825281864787273, 0.5052366979500079, -0.5281014615645673, 0.578984741085063, 0.8147421141514033, 0.031176225216727534, 0.4460178743646068, -0.284484035532179, -0.8486087963688591
-46.44688752304351, 2.4651136538899094, 12.846588920768557, -0.6831442411115355, 0.5055950803189304, -0.5269606822083015, 0.578975232177618, 0.8147502168824097, 0.031141043896112268, 0.4450860887075865, -0.28382335853019675, -0.849318947623107
-46.47844331989306, 2.4907743201724926, 12.821999809232373, -0.6828171661216136, 0.504571400717384, -0.5283639079533593, 0.5785058666194063, 0.8150974050303823, 0.030776331809797036, 0.4461969071347071, -0.2846470127909902, -0.8484600156593045
-46.50926344518153, 2.5167107136150855, 12.797325706298388, -0.678726271871917, 0.5009719872148519, -0.5369894932834821, 0.5779454104102825, 0.8155119594158292, 0.03032072946755813, 0.4531111899484923, -0.289771137409779, -0.8430438526362104
-46.541029879612566, 2.53959497421507, 12.770720130137464, -0.6745475808181967, 0.5001636030297212, -0.5429750743972008, 0.5790120360530434, 0.8147230183561742, 0.03116834076934949, 0.4579635611247117, -0.29336457448869413, -0.8391701872189214
-46.57338500894898, 2.5617222334302108, 12.74402996335317, -0.6702110125910293, 0.5028991730980127, -0.5458109748796208, 0.5821347191621871, 0.8123932932790586, 0.03370913498099593, 0.4603654714981009, -0.2951432850880067, -0.8372300006090267
-46.60587438258525, 2.5855796945183354, 12.719214039975238, -0.6670425930562486, 0.5042752613671887, -0.5484164839078502, 0.5840503166711949, 0.8109498148774619, 0.03529341789183102, 0.46253584363276423, -0.2967606081056985, -0.8354601934453031
-46.63809630122229, 2.6097297362706513, 12.694404534291328, -0.6622554909800529, 0.5034266147201706, -0.5549588347419636, 0.5852945079208058, 0.8100062567678653, 0.036334597763738076, 0.4678119319390121, -0.3007515712150144, -0.8310839240095969
-46.669918698702595, 2.6323253507547983, 12.667592236085651, -0.660651034559896, 0.5015091790976689, -0.5585953399516695, 0.5848108921316877, 0.810374786572203, 0.03590161183284122, 0.47067656727213275, -0.30295420209800494, -0.828662971570519
-46.70132322465868, 2.6551691747561956, 12.640485142141923, -0.6590472286999995, 0.5067148822879655, -0.5557848310369256, 0.5882881823610221, 0.8077191909935019, 0.038816529921771245, 0.4685869874817432, -0.3013797215618467, -0.8304194714685394
-46.73249980001671, 2.6793976186086716, 12.614402221306026, -0.6576862481577567, 0.514633136112014, -0.5500922960737471, 0.5931796026410441, 0.8039261387466186, 0.0429036414604381, 0.4643132110922399, -0.29808639461650377, -0.8340010451730545
-46.76251518917592, 2.7037196632710514, 12.58709539657786, -0.6558484956258885, 0.5158305898803341, -0.5511638171442002, 0.5944851501999938, 0.802900168214648, 0.04403096720014885, 0.4652420412827603, -0.2987810610206013, -0.8332344931641118
-46.79167072351606, 2.7288706169816077, 12.559516052488673, -0.6531018224090172, 0.5120490668898126, -0.5579101743679648, 0.5933670541290772, 0.803777436852287, 0.04309722823278408, 0.4705035054494296, -0.3028986383337504, -0.8287815552094282
-46.821847775137286, 2.753994717182891, 12.53302620861997, -0.6499637823322082, 0.5125861267720212, -0.5610726729197095, 0.594781701958899, 0.8026663415653212, 0.044288498879712826, 0.47305581982603834, -0.3049298390761397, -0.8265809001965352
-46.85285333301333, 2.779340424558462, 12.507752347993845, -0.6465331288960551, 0.5188478028854678, -0.5592779905206352, 0.5994205347898764, 0.7989768626453834, 0.04828038348603614, 0.4719003451069893, -0.30402784477455824, -0.8275730384018329
-46.88448861955018, 2.8051593668157295, 12.483817602030223, -0.6407056216486153, 0.5274758559415164, -0.5579117562721063, 0.6061530719948133, 0.7935051718021258, 0.05411095669575319, 0.4712480872100302, -0.3035107308186049, -0.828134334862916
-46.91608499315284, 2.8295651434022773, 12.458513080410745, -0.640959134605139, 0.5280324302203568, -0.5570934754615382, 0.6063661641427023, 0.7933297118685478, 0.05429588611886189, 0.4706287950700603, -0.30300118960517464, -0.8286729248314754
-46.947068994198276, 2.8519700862576673, 12.430459231306951, -0.6462023792212169, 0.5219617540714383, -0.5567570496864013, 0.6012246038406374, 0.79752260612511, 0.04986650635527982, 0.4700547423710425, -0.302512181582957, -0.8291772543723163
-46.97743873690759, 2.8748435699647725, 12.402119804286087, -0.6467000101448271, 0.5194426439952947, -0.5585323951910559, 0.5996673178345784, 0.7987756915182324, 0.04854382103473674, 0.47135783095198835, -0.3035403337923104, -0.8280610249018423
-47.007176429757685, 2.900612651650734, 12.375900304852529, -0.6391804016703527, 0.5245666995226376, -0.5623861590335003, 0.6050813289381906, 0.7943806159822019, 0.05325431740366833, 0.4746841049486698, -0.3062502484956777, -0.8251580368665241
-47.03548453992277, 2.9288279588440496, 12.350561753722683, -0.6338218320313779, 0.5230946555297883, -0.5697735221968112, 0.6061622269221103, 0.7934931276926989, 0.054184969846687095, 0.48045524234127784, -0.3110315701992813, -0.8200134891854851
-47.06561942213986, 2.95341280892105, 12.323642014724715, -0.6308450519387152, 0.5261889879244513, -0.5702277347091085, 0.6088423570065941, 0.7912698288012182, 0.056595426878377625, 0.48098389241126865, -0.31147585302224057, -0.81953479988648
-47.09732133102035, 2.975734079026703, 12.29616452593746, -0.6295915237284276, 0.5337093170131381, -0.5645962080838715, 0.613280056680424, 0.7875392630919031, 0.06057624259326321, 0.4769717867205277, -0.3081173056191937, -0.8231413248346822
-47.12773281668544, 2.9996656094081544, 12.268835473684685, -0.6277243049502024, 0.5387694278234685, -0.5618627061992615, 0.6166102053256584, 0.7846988649282095, 0.06355742339514098, 0.4751358244365866, -0.3065537392092161, -0.8247852770956894
-47.15503920165551, 3.0273111338342233, 12.241868264021056, -0.6236677815593064, 0.535475059464239, -0.5694777949460917, 0.6162374595320581, 0.7850151620750428, 0.06326601600993395, 0.48092607718272923, -0.3114765737644869, -0.8195684549087818
-47.18425557791092, 3.052529651435154, 12.21433902986571, -0.622879703053308, 0.5303072056221235, -0.5751479315701984, 0.6138057166450752, 0.7870979118228069, 0.06098704303376724, 0.48503960429850307, -0.3150414970594061, -0.8157729079790036
-47.214563997253194, 3.07849589729382, 12.188720168065961, -0.6197623376352752, 0.536193817190729, -0.5730539549250961, 0.6179610583564485, 0.7835333114363099, 0.06480493981656611, 0.4837548709871945, -0.3139613674898326, -0.8169513354662424
-47.24496283752796, 3.104469270835285, 12.163323484283023, -0.6144267689286024, 0.5479127398416783, -0.5676895059300844, 0.6258907224545686, 0.7765711190646314, 0.07209785419833344, 0.48035460773188804, -0.3110127433946901, -0.8200795841117205
-47.274398287159016, 3.1296965470747358, 12.136325850795608, -0.61244452447236, 0.5550502067240523, -0.5628774044669157, 0.6302877244208649, 0.7726239912630266, 0.07608910939916767, 0.4771258627324584, -0.30817435996587644, -0.8230306646604546
-47.30212946989545, 3.153831894549155, 12.106592014944306, -0.6172826725508104, 0.5501095142681202, -0.5624425521599712, 0.6260838895076978, 0.7764014768109874, 0.07224756123656148, 0.4764252989372435, -0.30753905299556794, -0.8236738829264574
-47.330094636105244, 3.179627474690404, 12.07854930105481, -0.6177125351499578, 0.5489657173811328, -0.563087795160604, 0.6253349908159089, 0.7770665961953338, 0.07157970619292094, 0.47685152110471357, -0.30790281943758846, -0.8232912489529479
-47.3587589857254, 3.2069990387259892, 12.052617533753546, -0.614872027348843, 0.5498952852077762, -0.5652853839346832, 0.6267767019072651, 0.7757809980029847, 0.07290273714850672, 0.4786265307420546, -0.30948185478918067, -0.8216675882776888
-47.38793567036849, 3.234885765893071, 12.027676278211876, -0.6114821256441729, 0.5530447655877645, -0.5658896511455732, 0.6295532494083189, 0.773284509391336, 0.07545709837270266, 0.4793248545372031, -0.31011700177735396, -0.8210207847743648
-47.41743777918658, 3.262221472137077, 12.002599099833564, -0.6103811604911664, 0.5581723375823828, -0.5620306757422369, 0.6325788909489698, 0.7705333516558879, 0.07824513219181779, 0.4767376486530388, -0.3077693869502979, -0.8234070796471267
-47.4470642880192, 3.2875626532737052, 11.97580637314871, -0.6103096722201726, 0.5631264260857634, -0.5571451626267436, 0.6351770741649313, 0.7681487459489573, 0.0806076209320283, 0.4733626394739901, -0.3046902235729258, -0.8264936050625545
-47.4764218365415, 3.312186457969959, 11.94803017817628, -0.6102653923007271, 0.5648152539613658, -0.555481664731247, 0.6360670644434676, 0.7673260981177205, 0.08142081231297098, 0.472223295158455, -0.3036352878701557, -0.8275329428304945
-47.50533159589686, 3.338544746235681, 11.92141869630363, -0.6137744655008022, 0.5668266954523814, -0.5495347148467855, 0.6359491568341583, 0.7674371432325551, 0.08129514812691935, 0.46781361183822745, -0.2995792524685045, -0.8315062814370583
-47.534123681372364, 3.3660060592440812, 11.895738081306977, -0.6157010822136093, 0.5676986027796613, -0.5464709267317072, 0.6357521753844414, 0.767616573423542, 0.0811416520626153, 0.4655441427565606, -0.29746107746648215, -0.8335379766618548
-47.5631006875272, 3.393712786819296, 11.870509439539337, -0.6148152985316052, 0.5642987705240864, -0.5509710031176756, 0.6342644212555888, 0.7689841306090061, 0.07982512637524684, 0.46873317849369933, -0.30038359551832317, -0.8306978409281429
-47.590911076775946, 3.4202930685880175, 11.842979257204645, -0.6138682275096473, 0.5615019752705005, -0.5548705533919512, 0.6331397221800961, 0.7700197921846565, 0.07876301061798746, 0.471486894252507, -0.30296047829910866, -0.8281998896020819
-47.618859633927634, 3.4468900047129787, 11.815719303021785, -0.6106315853400347, 0.5662889588928833, -0.5535755431927336, 0.6367303581042604, 0.7667173960574712, 0.0819688090145942, 0.4708540305163972, -0.3024256100578536, -0.8287552306487115
-47.64912099421476, 3.475154733378265, 11.792662823095588, -0.6084968978133766, 0.5714913929957692, -0.5505716239357531, 0.640164880963303, 0.7635191840456101, 0.08501400340864881, 0.4689567682982485, -0.30072586075374524, -0.8304477744814431
-47.679114800905054, 3.5033651472105083, 11.769253970782032, -0.6098223890449416, 0.5782110677658555, -0.5420227070267344, 0.6432347949730233, 0.7606278774018461, 0.08771676382069057, 0.4629963848190746, -0.29515621835264017, -0.8357733869968798
-47.708144587191484, 3.5290438984619743, 11.742095074348086, -0.6102120079405849, 0.5854960994986655, -0.5336999370779129, 0.6469172630043295, 0.7571185198642353, 0.09093735044291025, 0.4573175703951321, -0.2897686393494614, -0.8407703464427461
-47.73738324458161, 3.5531062096624537, 11.713395556675898, -0.6094855653793612, 0.5928001572082559, -0.5264174381686719, 0.6509767881094591, 0.7531956014118344, 0.09447543255554655, 0.45250035020637597, -0.28510412067827484, -0.8449609892979526
-47.76520651031856, 3.5799872770285788, 11.686237834247443, -0.6076515674038356, 0.5999105801732835, -0.5204487183458292, 0.6552870795732906, 0.7489651945699383, 0.09823431512013742, 0.4487297805762058, -0.28135108515690666, -0.8482235264982111
-47.79300687201373, 3.6087033726091065, 11.661136859123998, -0.5999556156991674, 0.6012801091317419, -0.5277456674891357, 0.6584817638382269, 0.7457740617614137, 0.10110793982858524, 0.45437322311457845, -0.28685062169429526, -0.8433633232184488
-47.82219788015696, 3.6391234044346494, 11.639696837067225, -0.5932889173787593, 0.6036690303038966, -0.5325335316836798, 0.6618620941793423, 0.7423557072820077, 0.10414687779461043, 0.4581995512918745, -0.2906745701257391, -0.8399770624714354
-47.85130868657257, 3.6702419810147724, 11.618468355823381, -0.5928080889178406, 0.6099789226514953, -0.5258367461812634, 0.6652711196994552, 0.7388787398635688, 0.10710996719006956, 0.4538644147842069, -0.28632834595712964, -0.8438146545859724
-47.87865136603752, 3.7001310124295816, 11.594484019244463, -0.5956058445645244, 0.6162270497285118, -0.515284291535725, 0.6676169826910245, 0.7364733082641736, 0.10906250793446752, 0.4467003943843256, -0.27905427679452927, -0.8500514503602534
-47.90590984572832, 3.730268099751481, 11.569880396208038, -0.601671222117966, 0.6177783639000062, -0.5063019193841801, 0.6664688265676633, 0.7376589839743536, 0.10806723173768394, 0.4402397570513086, -0.2724135027104124, -0.8555582036614744
-47.93248930138839, 3.7591336264854043, 11.543416667121928, -0.6054186886494505, 0.6188300787151669, -0.5005172775353116, 0.6657812378437542, 0.7383528545369359, 0.10756581953574688, 0.4361233251836207, -0.26811265519281025, -0.8590180727762617
-47.959323636135075, 3.788460676062487, 11.517756120905023, -0.602784670917175, 0.618094549680832, -0.5045887118853558, 0.6662272508615905, 0.7378878071229747, 0.10799460314596682, 0.4390807337115582, -0.2710732590169992, -0.8565788915968118
-47.988189078241014, 3.817183479542613, 11.493702223735824, -0.5962791746575624, 0.6170876147292691, -0.513472513010616, 0.667801110682119, 0.7362649140316236, 0.10934190842368781, 0.4455253331084827, -0.2776992115828689, -0.8511112297724832
-48.018840316305486, 3.8443140332141548, 11.469921295910167, -0.5906219707616247, 0.6206575284542342, -0.5157033255920851, 0.671453622609802, 0.732454018494213, 0.11252174667971017, 0.44756644237233456, -0.279813050383217, -0.8493461817759653
-48.04961934018657, 3.8720148980184326, 11.446930888796944, -0.5945126201236661, 0.6233220758786818, -0.5079609573933653, 0.6716017565949841, 0.732308591105404, 0.11258422594551071, 0.4421604064728379, -0.27421472811559366, -0.853990900321699
-48.07928495653262, 3.9013243164351716, 11.424481846527932, -0.6011456004092667, 0.6272515223318499, -0.49515603080338116, 0.6715417678686084, 0.7323804739279703, 0.11247442116741715, 0.43319236040872905, -0.264904452853134, -0.8614928959324595
-48.107279490764206, 3.9314463338549714, 11.401078756838569, -0.6058787792599472, 0.6281715042571764, -0.4881715539456928, 0.670497400949823, 0.7334637665970147, 0.1116429057703722, 0.4281870387599425, -0.2596756906770369, -0.8655774924923796
-48.13316023942632, 3.9619225120654216, 11.375761951164758, -0.6062673624122891, 0.6298165187064712, -0.4855625995050561, 0.6712361631066996, 0.7326922464888049, 0.11226791738063277, 0.42647614072939916, -0.25786280208601187, -0.866963019216453
-48.15789417062442, 3.99357933055354, 11.350662032263045, -0.6024312716669105, 0.6366235257094469, -0.48144267512452854, 0.6760705465464182, 0.7276199876683711, 0.1161799020394964, 0.42427017219009944, -0.25549880637441874, -0.868743449432012
-48.18677035997572, 4.024737362163469, 11.329906798380426, -0.5972649204636784, 0.6434799126567923, -0.4787569496004449, 0.6813335010554589, 0.7219986869139864, 0.12042656033446503, 0.4231539614880463, -0.25426658864602436, -0.8696489100638756
-48.216458105248044, 4.055432915662037, 11.309512681715411, -0.5935677255478138, 0.6476754564201194, -0.47769640812862035, 0.684702234928042, 0.7183409141760914, 0.12316322708179483, 0.42291867382812454, -0.25397408169269453, -0.8698488151143351
-48.2455906718937, 4.085259620637039, 11.287100123394833, -0.5875422517354814, 0.6531232800533183, -0.4777280434284711, 0.6894387846438937, 0.7131200179019207, 0.12701969255322185, 0.42363694911368516, -0.2547348054741619, -0.8692766614983345
-48.27466899694491, 4.11478924021794, 11.264254677861574, -0.5951785515684052, 0.6534593976820698, -0.4677107090220637, 0.6872598157019075, 0.7155478110223066, 0.12516099976656325, 0.4164570055531728, -0.24694563313039536, -0.8749750949618582
-48.30356676164171, 4.145199674097967, 11.242372654236972, -0.6081978783323374, 0.6498645681012781, -0.45581946417258506, 0.6811829602255332, 0.722109111488422, 0.12061594340625693, 0.40753541624062933, -0.23713809106075906, -0.8818618997766238
-48.33194565200398, 4.176189510045432, 11.22061683023965, -0.6069770768409493, 0.650632886399181, -0.45635038657317556, 0.6819558124901857, 0.7212670662608807, 0.1212851554736738, 0.40806261529386295, -0.23759348952210968, -0.8814954541778648
-48.35986393992419, 4.207484915773233, 11.198667888811347, -0.5933564277210438, 0.6578605703557248, -0.463840079826401, 0.6901359181957015, 0.7123604728499335, 0.12749498475310728, 0.4142952619790596, -0.2444627306815081, -0.8766968741871064
-48.38492711871367, 4.2400859912887965, 11.175319548445867, -0.5865695677463781, 0.6643699912937484, -0.4631939732576102, 0.6957045220475173, 0.7061313407268209, 0.13180951272945982, 0.41464606617748406, -0.24493069287389627, -0.8764003625580324
-48.41454044064198, 4.270852471431304, 11.15464612595963, -0.5836123868146099, 0.6713140715299831, -0.456874161364364, 0.7004487063631403, 0.7008182699261458, 0.13500134181528364, 0.4108140597773614, -0.24122845997842068, -0.8792272962014328
-48.445678471639305, 4.301053565502155, 11.135008405000308, -0.578373829703488, 0.6796893088115943, -0.4511165665339037, 0.7069275469880759, 0.6935658352641444, 0.13863576545672285, 0.4071082858694261, -0.23872342918441636, -0.8816314240854228
-48.47394667152544, 4.332539713957624, 11.114025639720019, -0.575104239692862, 0.6779832341827094, -0.4578142064794937, 0.7081398071211698, 0.6927760880804165, 0.1363792702517036, 0.4096255937532316, -0.2457641673457468, -0.878525382098414
-48.49692829128823, 4.366346370460605, 11.090306103603062, -0.5670485662202296, 0.6987144306436835, -0.4361812329271574, 0.722529941660927, 0.6762001999256051, 0.14388805726685283, 0.3954824989187755, -0.23356248421106707, -0.8882804506562755
-48.52285570789636, 4.399253559024077, 11.068196225541563, -0.5550679395232643, 0.7440170873034989, -0.3719383770382072, 0.7505659819490249, 0.6407334629044609, 0.16159002523470906, 0.3585391042191826, -0.18947085083166643, -0.914084518756789
-48.550630215929566, 4.4321731294221465, 11.04826835645861, -0.528734115907283, 0.7909399801344811, -0.30798406208862583, 0.7842202209064111, 0.5940327570811068, 0.17923093660447817, 0.32471353497697564, -0.1467618183979929, -0.93435651058002
-48.57716424961362, 4.466688960315639, 11.029028184410974, -0.49414365456672316, 0.8350937825540006, -0.2417445407679243, 0.8183617502688446, 0.5406553812281278, 0.19487381672759674, 0.2934383995804847, -0.1015388255236361, -0.9505702354707539
-48.60626361652138, 4.4994156311891365, 11.001994903913861, -0.4613295868526821, 0.8710183925280386, -0.16882527113025908, 0.847873537568345, 0.48885528062844585, 0.20525832234777638, 0.2613148992799184, -0.04845074281737344, -0.9640368504029143
-48.62829205387899, 4.537405106767606, 10.991550758039537, -0.43682163569602145, 0.8952625014546735, -0.08770354654729254, 0.8703625893083131, 0.4452691114523333, 0.2102483805383012, 0.22727917132984493, 0.015507155624756602, -0.9737061704662494
-48.64048385620117, 4.581634044647217, 11.003277778625488, -0.4027843617258757, 0.9152378709646483, -0.010217509538870006, 0.8935112902896458, 0.3955947125462119, 0.2124674034538288, 0.19850020673543672, 0.07644908735608207, -0.9771147348026286
