9.791972160339355, 21.042619705200195, 37.55344772338867, -0.18002656001766193, -0.23122682870417127, -0.9560986305688441, -0.78904869458218, 0.6143306581786045, -8.047630378554676e-09, 0.5873607028618486, 0.7544083748933693, -0.29304506244668405
9.762624662371806, 20.986272187077404, 37.34029439902565, -0.18080507050418232, -0.23101298112256677, -0.9560034147600323, -0.7889141641128258, 0.6145029971205337, 0.0007128758957122164, 0.5873022800416656, 0.7543335264210029, -0.29335467062093123
9.713841512525747, 20.936746759786153, 37.128904960530825, -0.1805430738330346, -0.23153204329967972, -0.9559273567674452, -0.7890089870048274, 0.6143816193376138, 0.00021034663702543813, 0.5872554954332362, 0.7542732520417033, -0.29360320900476833
9.652631749606254, 20.894126537232157, 36.91855079934692, -0.17551534946584635, -0.2346558909705251, -0.956101968900133, -0.7900542929558038, 0.6130129332094646, -0.00541829309226428, 0.5873743067959195, 0.7544214714274493, -0.2929840732279751
9.608348292575956, 20.848038671845007, 36.706049788529995, -0.16205082872203677, -0.2421280069878195, -0.9566156789132235, -0.7926122464530293, 0.609398719987847, -0.019975656431165847, 0.5877970361299752, 0.7549882305766629, -0.2906671911439894
9.587252709772631, 20.79081620439878, 36.49220437910511, -0.13934020434102243, -0.25404032318868813, -0.9571038719221593, -0.7963986163132055, 0.603158366830693, -0.044150067457963064, 0.5885011056817256, 0.7560843198455567, -0.2863615719594169
9.574568902786513, 20.71809934653595, 36.28192762924916, -0.11075640671367519, -0.268275056461453, -0.956954289635863, -0.8003008280635135, 0.5949928293248811, -0.07417626070938971, 0.589280580854935, 0.7576358143148839, -0.2806000176313136
9.57224730337841, 20.642066311230593, 36.07222114316276, -0.08243947006043281, -0.2816592973570412, -0.9559664083996324, -0.8032575162641686, 0.586561787648437, -0.10355014165025894, 0.5898992255811782, 0.7593505840407365, -0.2746007905591651
9.580967027804636, 20.576048930504147, 35.85982678402054, -0.05992370919212888, -0.2919326921034581, -0.954559821256837, -0.8049859525522627, 0.579601835641861, -0.1267254051645194, 0.5902599133180091, 0.7608133906562192, -0.2697336080802756
9.564535101582852, 20.51969191062364, 35.645284491505556, -0.045241124780668704, -0.29876854816698906, -0.9532526397837928, -0.8058289254028924, 0.5748859097102961, -0.14193637236658177, 0.5904176349098996, 0.7617371892212923, -0.26676482328943885
9.545025986603868, 20.453582786383617, 35.4335760714452, -0.036571964614159215, -0.3031091440481407, -0.9522538202594223, -0.8062245143815643, 0.5719874133468678, -0.15110404158383853, 0.590478216206552, 0.7622042021447815, -0.26529272590548997
9.538279751680495, 20.377429603354596, 35.22450542414909, -0.030409002716182743, -0.30576240384279657, -0.951622112474317, -0.8064445009318518, 0.5699842240153509, -0.15736979154334138, 0.5905273570890545, 0.7626449611515786, -0.2639130609869915
9.538547498708443, 20.30041347410694, 35.0154569422897, -0.0243036753367206, -0.3067538853424044, -0.9514785258703774, -0.8065938229094277, 0.5682981909854661, -0.162614793198533, 0.5906062446414551, 0.7635045644591694, -0.2612375237988066
9.539976393483343, 20.23177391595841, 34.80380002445699, -0.018089947865493134, -0.30589235008841653, -0.9518942293887538, -0.8066874373489367, 0.5669346384762356, -0.16685470961056387, 0.5907013900522237, 0.7648627235348875, -0.2570153340506458
9.540605367059108, 20.178133354027786, 34.58773025374831, -0.013030448890289856, -0.3035641694048564, -0.9527218914537743, -0.8067290836452484, 0.5661341348800251, -0.16935267026103645, 0.5907777864837297, 0.7663817171470007, -0.2522710261211134
9.547037155105942, 20.111945438351533, 34.375711215834635, -0.010198291910985622, -0.30059251831742007, -0.9536981350373344, -0.8067358261597425, 0.5659999311962207, -0.16976862099996984, 0.5908242561307518, 0.7676511029220663, -0.2482709861221782
9.532107458010021, 20.039962182641897, 34.16582509009782, -0.009900598149311804, -0.297289808636351, -0.9547359571301626, -0.8067193915734365, 0.5665374079802963, -0.16804519814130922, 0.5908517592557971, 0.7685402624716088, -0.24543851275706613
9.514878694944294, 19.97315120387696, 33.95400931371213, -0.012593504429002846, -0.29293980128536823, -0.9560479467417341, -0.8066665218472976, 0.5679685967050407, -0.1634037811303343, 0.5908726818672362, 0.7691540456760244, -0.24345744565164598
9.538432987483004, 19.903907139439372, 33.743997043965344, -0.019900704101821712, -0.2864749605369942, -0.9578810254731949, -0.8065062068947195, 0.5708268972261311, -0.15396230591764998, 0.5908905991945917, 0.7694730342179091, -0.24240369096806383
9.554748467249677, 19.843935789871036, 33.53074331081961, -0.03405852978918869, -0.27769753609741443, -0.9600646306338049, -0.806045649732362, 0.5755670862862894, -0.13788741687132164, 0.5908725980244248, 0.7691596762892192, -0.24343985966667459
9.520642943777725, 19.79924467224233, 33.31548092785374, -0.05586007846049867, -0.26776627311813855, -0.9618632307219199, -0.8049653544624515, 0.5820158516731766, -0.11527500386591431, 0.5906864055905863, 0.7678273057019849, -0.24805402409334962
9.486726070368107, 19.744421071274203, 33.1026327451815, -0.0830684816425476, -0.2584990595680882, -0.962433303434589, -0.8030355581573256, 0.5892542967642127, -0.0889565403995999, 0.5901131414335342, 0.7654786802696253, -0.25653239631695385
9.452583211331742, 19.6878389980373, 32.89011684517034, -0.11104736302850562, -0.25125222182858054, -0.9615304489149665, -0.8004276692704014, 0.5960760507651576, -0.06331577979118645, 0.5890535030290271, 0.7626045257736247, -0.2673019039191771
9.417059072912735, 19.631765987033607, 32.67766994585588, -0.13515525135382758, -0.24641373757694357, -0.9596943930047965, -0.7977065796596515, 0.6015730868235052, -0.042119282725844545, 0.5877050882876409, 0.7598618895187471, -0.2778716215409834
9.378998361355182, 19.578469572765066, 32.46502876527373, -0.15280301788567238, -0.24379120387663478, -0.957714512074142, -0.7954689986479546, 0.6053841310643617, -0.027186872668035968, 0.586413088117115, 0.7576779677196829, -0.286432867033656
9.337996219733684, 19.52888869290869, 32.2520654940203, -0.1637567125686926, -0.24326223717640288, -0.9560372498248308, -0.7940522925153354, 0.6075653203797774, -0.018583278046637473, 0.5853756877765209, 0.7561004334317961, -0.29265583664846884
9.29713315719814, 19.47778028758439, 32.039316817963865, -0.1691253368091925, -0.24486664314802203, -0.9546920694771672, -0.7935136311614955, 0.6083559805597685, -0.015463443279575323, 0.5845791115067962, 0.7549459106390218, -0.29719342926677056
9.257962254514347, 19.422541914701547, 31.827240646683848, -0.1703027814588106, -0.24822525204136156, -0.9536148000510454, -0.7937074655523886, 0.6080748481098045, -0.016535967544788466, 0.5839738194078539, 0.7540750647947727, -0.3005750736520954
9.221048457345912, 19.362298511149096, 31.616184793459354, -0.16851409974861287, -0.25203242307586055, -0.9529337101312058, -0.7943428506593257, 0.6071368565084786, -0.02010654309967865, 0.5836286780071133, 0.7535678437854905, -0.30251127420338536
9.186955740861517, 19.296176710376805, 31.406496963379936, -0.1647704907419218, -0.2544389602104389, -0.9529488448535404, -0.7950808142674478, 0.606015188158371, -0.024332909920237143, 0.58369271381822, 0.7536619980126402, -0.30215295561539135
9.152139815451335, 19.234987294960675, 31.19574682759462, -0.15990437772844587, -0.2542919403669768, -0.9538166485481769, -0.7956896719216907, 0.6050608066725094, -0.027917131406441854, 0.5842161723030532, 0.7544779846312352, -0.299089342381769
9.11500216647535, 19.187697914442907, 30.981431367487758, -0.15468452716763942, -0.25227701243763895, -0.9552114980727897, -0.7961442917043074, 0.6043284984011105, -0.030681147418335795, 0.5850016784946608, 0.7557402827796058, -0.2943291714095482
9.082559416428094, 19.141240102384995, 30.76594554311271, -0.15008534199529963, -0.250925286073725, -0.9563006279026346, -0.7965726297278323, 0.6036212502642795, -0.03336812547737436, 0.585616287074258, 0.7567548394547652, -0.29047491677450055
9.05857131785748, 19.086558648190707, 30.55155771920897, -0.14748575613737963, -0.25326558255254555, -0.9560881216869631, -0.7970940158104779, 0.6027386611663459, -0.03670471760587056, 0.5855673161095241, 0.7566786973542475, -0.290771847458739
9.030127036019216, 19.029719895520287, 30.33833905265918, -0.14843262173882793, -0.26089991184613875, -0.9538862577909459, -0.7976788110981515, 0.6017241993409537, -0.04045370505315567, 0.5845308128138136, 0.7548902065374575, -0.2974298319689154
8.994778342162176, 18.970966915357472, 30.126296962891352, -0.15394479212525394, -0.27268551095393195, -0.9497071196391577, -0.7981106641626202, 0.6009615948222775, -0.043180195675400296, 0.582512118953257, 0.751324013768, -0.31014812204514275
8.959258002640894, 18.894742386851693, 29.920638242119963, -0.1638104292825287, -0.28483350960575, -0.9444765825916198, -0.7980437499530085, 0.6010735392347716, -0.04285759667463388, 0.5799071618968107, 0.7467131124049294, -0.3257717166104658
8.918046725296044, 18.815539234954972, 29.717113633065647, -0.17642392069189947, -0.2924400978600212, -0.9398688149796862, -0.797126720533445, 0.6026229061882514, -0.037876435270773, 0.5774630651559401, 0.7425122370041097, -0.3394289119681165
8.866235238017005, 18.741075529772896, 29.513332826617987, -0.1893363249896848, -0.291689982423564, -0.9375866414327485, -0.7951725736511794, 0.6057422242714824, -0.02787356897845691, 0.5760662584741101, 0.7402657035743168, -0.34663288066665265
8.813752531059649, 18.682325595750605, 29.305167595871527, -0.20019064709262122, -0.28158364180568274, -0.9384212047284985, -0.7923078719402595, 0.60996073926577, -0.014004735479571897, 0.5763435961977326, 0.7407148906440348, -0.3452093711069569
8.768374506961266, 18.63394683400211, 29.09275081492761, -0.20745552354474017, -0.26429249012457473, -0.9418660655393257, -0.7889962824703458, 0.6143964171787558, 0.0013815954120862852, 0.578313990837808, 0.7434154438950404, -0.33598572258295145
8.726076430306446, 18.58269332791467, 28.880367597211, -0.21052619045888835, -0.24402995837456715, -0.946640429385189, -0.7859025853609046, 0.6181578494076249, 0.015427233672507217, 0.5814085048001223, 0.7472149975953689, -0.3219221923301327
8.673370108614726, 18.54302670275185, 28.668034222215333, -0.2092758956742093, -0.22519787148068235, -0.9515721297780466, -0.7836786693405069, 0.6206440036288261, 0.02547084569217037, 0.584851556132366, 0.7510572144917801, -0.30636859801454536
8.620714571064418, 18.504889090714563, 28.45529232766062, -0.2036463724666806, -0.2109431347207364, -0.9560497627714528, -0.7827714989367209, 0.6216055682074069, 0.029585436043872673, 0.5880450114009311, 0.7543934725908862, -0.2917079928262897
8.577755416833822, 18.454485312007993, 28.242638048894854, -0.19377976140320605, -0.20275436586305665, -0.9598646108665463, -0.7832978503167202, 0.6210623236018387, 0.026945646985923687, 0.5906723980005512, 0.7570814073306481, -0.27916636780694715
8.543911561924595, 18.41623271683954, 28.02627830000177, -0.18048595162014164, -0.2007578184974786, -0.9628712892073921, -0.78501357320599, 0.6192157936655719, 0.01804136240641832, 0.5926031649849127, 0.7591232437405993, -0.2693573642256973
8.51402255757363, 18.382506228366573, 27.808590363600334, -0.16534920742883535, -0.20394758828976922, -0.9649171056797795, -0.7874073335240667, 0.6164155480278709, 0.0046436259559309405, 0.5938428501844365, 0.7605506251264845, -0.26251364898713103
8.483729087653659, 18.329384163099547, 27.59474108835672, -0.15015852509448074, -0.21014373675854736, -0.9660704049098102, -0.789893936419498, 0.6131518581347457, -0.010600380824224567, 0.5945754674969025, 0.7615014174425829, -0.25806124211856546
8.454591988583143, 18.266810289801835, 27.382576476828785, -0.13612376581227778, -0.21627670634526597, -0.9667961039813554, -0.7920148897231523, 0.6099920081183656, -0.0249432253036143, 0.5951325355228929, 0.7623215439197344, -0.25432878098619793
8.42836720612375, 18.20770352864703, 27.169342735587822, -0.12355399063376897, -0.21952083154970004, -0.9677525592392917, -0.7935576599818356, 0.6074014096813445, -0.036465981424732556, 0.5958193112703077, 0.7634619388239625, -0.24924930548455354
8.406746244237054, 18.16473885492497, 26.95234378205075, -0.11214855901584474, -0.21875381919193426, -0.9693139157670295, -0.7945599371124551, 0.6055361212065796, -0.04472708631178607, 0.5967388097371589, 0.7651619256752346, -0.24172302424561448
8.387151945625678, 18.129135560200908, 26.73364046443552, -0.10150041244878774, -0.21507355924315022, -0.9713089263397147, -0.7952140303999979, 0.6042063512939565, -0.050688567853463894, 0.5977727930641518, 0.7672535755345343, -0.23235670573873193
8.367715626841917, 18.083972642654867, 26.516683477177452, -0.09140337025175624, -0.2107543551638823, -0.9732564028487439, -0.7957244930745655, 0.6030769736692455, -0.055863180639574544, 0.5987219346473337, 0.7693378748049522, -0.2228256703406359
8.350344642567137, 18.034034457736567, 26.300468378937442, -0.08190400076765968, -0.2074985439782404, -0.9748005380102954, -0.7961989595006279, 0.6019286125040916, -0.0612304037143051, 0.5994655549306973, 0.771120159051629, -0.21451048635398173
8.336531433754566, 17.985135553893144, 26.083824738834558, -0.07323542151209748, -0.20548248316208753, -0.9759167598466008, -0.7966329467019917, 0.6007706359293769, -0.06671275165898764, 0.6000104342966439, 0.7725617076444797, -0.20769180681143498
8.32554139948965, 17.939455252916364, 25.86636244615632, -0.0656679960400635, -0.20378148318979944, -0.9768115587998781, -0.7969756800963946, 0.5997594174727133, -0.07154303940762438, 0.60043107816882, 0.7737969683720383, -0.20179388520783134
8.316157975468998, 17.89838616208521, 25.647860262521863, -0.05922483121363749, -0.201432208061564, -0.9777103277163226, -0.797204082839303, 0.5990178530179098, -0.07512164847871472, 0.6007978609083606, 0.7749855981379633, -0.196059309920956
8.302948723257481, 17.85738066959193, 25.42963427289648, -0.05337195370993924, -0.19813820815940764, -0.9787199216448816, -0.7973506669764886, 0.5984959869282862, -0.07768183508958426, 0.6011516850424133, 0.7762369510002188, -0.18992853253935096
8.289094989277986, 17.80411471680898, 25.2141536958267, -0.04698127107042709, -0.19435707522742468, -0.9798051272970806, -0.797485727733845, 0.5979603026201619, -0.08037406640965888, 0.6015058388988646, 0.77760452917884, -0.18308992864471685
8.280094178633982, 17.76663421634585, 24.994972434054528, -0.03874935605478922, -0.191023970051032, -0.9808202334124646, -0.7976719053930997, 0.5971032242744665, -0.08477777366490474, 0.6018455107017754, 0.7790876602969519, -0.1755118196052351
8.273026152017946, 17.736977636778445, 24.77414299146216, -0.027900893474699286, -0.1890194095823698, -0.981576896093447, -0.7979089339266653, 0.5957105580128098, -0.09203403844273683, 0.6021319401122366, 0.7806411428263303, -0.16744113241218553
8.27348728598948, 17.698142078111974, 24.55521298470617, -0.014782319025958246, -0.18839471765257218, -0.9819821349723337, -0.7981139779595412, 0.5938249533631782, -0.10191174097627834, 0.6023251291701284, 0.7822271761603702, -0.1591385674384483
8.27714710113323, 17.640049091939282, 24.340518427177418, -0.0010228515064764979, -0.18778942049777353, -0.9822087799057317, -0.7981918153230902, 0.5918389672634613, -0.11232302871517216, 0.6024025064074896, 0.7838761192801003, -0.15049734182484592
8.284014579821452, 17.594687370068886, 24.123263533456694, 0.010902845973352877, -0.18476115896863565, -0.9827229732158742, -0.798155832498514, 0.5904078860879688, -0.11985739482293119, 0.6023523844049141, 0.7856728595170528, -0.14103107040653168
8.297498039286072, 17.558800433933854, 23.90373844432343, 0.01877911911972051, -0.17717443073514783, -0.9840002874891672, -0.7981429780106292, 0.5900932348858771, -0.12148152449753549, 0.6021753327208045, 0.7876542358393036, -0.13032909662462575
8.313247752528397, 17.516574827305867, 23.68518827032393, 0.022212938242897096, -0.1647968061492581, -0.9860773793458711, -0.798258118050234, 0.5908951051576093, -0.11673453502574468, 0.6019057753016799, 0.7897372901058819, -0.11842487185849983
8.31194266582047, 17.489818287128806, 23.46495523433745, 0.02382736800110394, -0.14990242990482197, -0.9884136371189797, -0.7984459099823129, 0.5921088642033181, -0.1090468787465871, 0.6015948681352395, 0.791793126037658, -0.10558058624982732
8.300775145832302, 17.479429852653954, 23.242964091476708, 0.028848574470115206, -0.13632154088428394, -0.9902445138661344, -0.7985446932387659, 0.5927312679156834, -0.10486189458173815, 0.6012438212998513, 0.7937796177315218, -0.091759390924045
8.286720301156938, 17.455466342550604, 23.022175560345243, 0.042602068178252996, -0.12745942310402017, -0.9909284329601841, -0.7983017816800912, 0.5920389451859184, -0.11047240718630628, 0.6007489734933614, 0.7957662865723426, -0.07652900104886441
8.307637250644957, 17.427616860344692, 22.803914718628537, 0.06724390663298815, -0.12458660006512172, -0.9899274903269165, -0.797246037313438, 0.5898430675254507, -0.12838968681396032, 0.5998975020857764, 0.7978491930035275, -0.05966282104347567
8.365011898022885, 17.38972165762565, 22.590790861631092, 0.10018698157079474, -0.12654352685307832, -0.9868886991628374, -0.7948544708846718, 0.5864345421201203, -0.15588745274400212, 0.5984721704794483, 0.8000507881503207, -0.04183058141681789
8.393090741465073, 17.365877893555368, 22.371475133275784, 0.13559836727363736, -0.13090728372281232, -0.9820775762947848, -0.7911034619466022, 0.5824397123614705, -0.18686704888874484, 0.5964632388411082, 0.8022638372334894, -0.024583331315600546
8.442494021032969, 17.333955976244127, 22.15722896316577, 0.16774083688863867, -0.13558353729152062, -0.9764630643580011, -0.7866583415781135, 0.5785681389031885, -0.21547056010432852, 0.5941646785744432, 0.8042860268969118, -0.00960841677431895
8.494384612841898, 17.299668565694184, 21.943384679269624, 0.19340121155847892, -0.13972956975721013, -0.9711187459333578, -0.7823726011755601, 0.5752986236320824, -0.2385887813305975, 0.5920211856829962, 0.8059200586798275, 0.0019428638662797454
8.537894296029215, 17.268423960836962, 21.727483645235218, 0.21187241211786753, -0.14376858366200337, -0.9666647171254251, -0.7787644053596856, 0.572760730849895, -0.2558733009539478, 0.5904541319426361, 0.8070165670840443, 0.00939034204661568
8.592849106525744, 17.23901222966579, 21.51393506891342, 0.2234556577810178, -0.14893975891637456, -0.9632676249202943, -0.7759744607954129, 0.5708694482249372, -0.2682754354700113, 0.5898569362132831, 0.8074187397486436, 0.011990558944057494
8.663983579832545, 17.201964979371446, 21.306487119923784, 0.22853272381223866, -0.15676119899069713, -0.9608323062001808, -0.7739342498223221, 0.5694754658380952, -0.27699001924337285, 0.5905917126906867, 0.8069223136705811, 0.008820918410110429
8.711743576077204, 17.17114876775225, 21.09135609232308, 0.22818564571324915, -0.16844395172505394, -0.958935840511593, -0.7723647141348563, 0.568340448299129, -0.28362278326419194, 0.5927765678987398, 0.8053668542685332, -0.0004130324417725706
8.754112477888265, 17.130706658525558, 20.876495675378404, 0.22549468859546776, -0.1842933910199658, -0.9566546354048544, -0.7706630545386236, 0.5669810684400924, -0.2908795702687449, 0.5960122496932689, 0.8028501815761726, -0.01417688818730356
8.794057950740392, 17.077840660758223, 20.66418402123308, 0.22575649208108056, -0.2033975148508711, -0.9527137330991585, -0.7679429628718828, 0.564582170821095, -0.30250715390961236, 0.5994143909340175, 0.7999227608609657, -0.028739599819263942
8.828134165507082, 17.020728934134034, 20.451860838393824, 0.2345912529836564, -0.2239185651551611, -0.9459531807665811, -0.7632665667956354, 0.5601886818152967, -0.32188940457561516, 0.601989279003839, 0.7975268753746761, -0.03949418969347135
8.88089999888005, 16.961920058800327, 20.24349579370634, 0.25466032975862596, -0.243940174757385, -0.9357570772302843, -0.7559692291738228, 0.553214823099566, -0.3499484019755656, 0.6030411602781058, 0.7965215318133292, -0.04352939659797253
8.953463158377431, 16.900053910407898, 20.041376933716204, 0.283196423974925, -0.26249364361220967, -0.9224407149031317, -0.7461334531247605, 0.543993419380697, -0.38386980839682827, 0.6025650633549336, 0.796974432923468, -0.0417982976971732
9.046022653455184, 16.83642416672329, 19.846983446488913, 0.3125091082485945, -0.28029275209763405, -0.9076199812604406, -0.7350375131369611, 0.5338812480664465, -0.41796012638102825, 0.6017124824557822, 0.7977510802778945, -0.03918293470826778
9.150222456892697, 16.771234225537118, 19.65847688940253, 0.3337222104937477, -0.2996460461967128, -0.8937794656523746, -0.7248178332278712, 0.5246460558860172, -0.44652617468419464, 0.602717674253892, 0.7968429977366455, -0.042102756442492034
9.24227939830345, 16.70272140244598, 19.46803619632086, 0.34148146017028996, -0.3232334902576705, -0.8825590762865743, -0.7170812578403535, 0.5174358818044987, -0.46696314402241335, 0.6076058607469674, 0.7923258288084802, -0.05508991730699622
9.297619373966432, 16.62874005679383, 19.26756860618554, 0.336566961990756, -0.35228589479362593, -0.8732796393056277, -0.7117360514845588, 0.5120497835522981, -0.4808708893052419, 0.6165666818061795, 0.7833898566445057, -0.07839553171589889
9.341660063079285, 16.537030552429933, 19.070293128656548, 0.32494109480711014, -0.38546543582276693, -0.8636143136212605, -0.7073537786138305, 0.507071044368467, -0.4924729310772401, 0.6277451049480932, 0.7709055413920933, -0.10789221225218683
9.411752354455043, 16.424629916693455, 18.890634694099628, 0.314184391466021, -0.41942456592268584, -0.8516872675223532, -0.7024619330944495, 0.500768109336479, -0.5057455221994335, 0.6386199188189603, 0.7571752334645759, -0.13729626766787872
9.48711332394174, 16.309944024207503, 18.715093777116486, 0.30995911732344444, -0.4508137236580878, -0.8370736718769743, -0.6962344485706647, 0.49193256158439247, -0.5227427163304339, 0.6474433861053596, 0.7448283972933278, -0.16139306172781753
9.557982405424744, 16.19733306232206, 18.53761403213346, 0.31475740996231205, -0.47837351254874017, -0.8198088529441465, -0.6881824052355123, 0.4798320243129214, -0.5442115448683803, 0.6537069297461073, 0.7354726445868291, -0.17817754927704427
9.61256262711425, 16.09926362159944, 18.34369559263324, 0.32872718412857543, -0.5034843569706412, -0.7990256195521878, -0.6776068800777438, 0.4635987672929868, -0.5708985015182027, 0.6578657571923043, 0.7290951139942463, -0.18876694695712298
9.689140802970462, 15.985369230755019, 18.166660482217736, 0.3505703510924333, -0.5285818634126261, -0.7731116624435075, -0.6636305656870322, 0.44227594411238597, -0.603312905170615, 0.6608289500474672, 0.7245641468708852, -0.1957342480212101
9.78232845461866, 15.851963821984333, 18.014498094462475, 0.37748419741583106, -0.5547147364127337, -0.7414831366308187, -0.6459993942716551, 0.41595175408312374, -0.6400538421694125, 0.6634685096536086, 0.7206078680403954, -0.2013301696624117
9.888112413857616, 15.711248255713912, 17.878515963246958, 0.4052168565328666, -0.5805070992205308, -0.7062653941233331, -0.6259861472036206, 0.38684543772345387, -0.6771203370315475, 0.6662887082119803, 0.7164929274369107, -0.20663311022703118
9.997443884444348, 15.570749128389597, 17.745030447910537, 0.4294662424602142, -0.6034581700729327, -0.6718608364530054, -0.6062319794398295, 0.35877497764152727, -0.7097628494946658, 0.6693590469184463, 0.7121227088013338, -0.21175389941599723
10.094734012293644, 15.426970109196745, 17.605848553946913, 0.4479507736930812, -0.6221422464908123, -0.6420896584427563, -0.5891082680382536, 0.33483131066329946, -0.7354178689211095, 0.6725262469798032, 0.7076913299814139, -0.21652119663533725
10.206835948116055, 15.277988203479744, 17.481803873108753, 0.46139883892521066, -0.6373352145550045, -0.6171830650030782, -0.5748719823433983, 0.31508784047682586, -0.7551436000524813, 0.6757464874899751, 0.7032236323331126, -0.2210049944530311
10.294224942195138, 15.15072335689182, 17.32357053997548, 0.4727107214418732, -0.6515323600038692, -0.5933381478564246, -0.5613561974325068, 0.2963819330142851, -0.7726816740332543, 0.6792818218074295, 0.698328958049503, -0.2256388107384794
10.403105301322418, 14.999105309146872, 17.20316331681468, 0.4849674442244883, -0.6674769762423504, -0.5650496121835115, -0.5453761310510091, 0.27425624194888193, -0.7920532743647417, 0.6836457077479535, 0.6922846235028228, -0.2310206621481172
10.522782685984003, 14.843157111205691, 17.095946804458706, 0.4995803886471829, -0.6866196788521889, -0.5281788067426093, -0.5245636457254905, 0.24543887567858635, -0.8152255760762255, 0.689385535721712, 0.6843341105911267, -0.2375592730649339
10.635346507001001, 14.683620611908019, 16.988934087956785, 0.5156961576382588, -0.7084322672054756, -0.4818518400704162, -0.4984729400352124, 0.20933281658516315, -0.8412517458841758, 0.696837284485975, 0.6740203963402237, -0.24518218586916157
10.761263282477945, 14.520649719200405, 16.90558580847526, 0.5310701249294905, -0.7309444261318991, -0.4285846104494235, -0.4686318196900638, 0.16802983514627554, -0.8672659292712329, 0.7059381984149569, 0.6614274112912347, -0.253308190967487
10.8832953537295, 14.345510578842353, 16.842435331050673, 0.5436225474518939, -0.7519379502133756, -0.3729126505373884, -0.4377016016563413, 0.12512502946791412, -0.8903712904783753, 0.7161646694785962, 0.647250373526011, -0.26110365788524
11.009024923257307, 14.170219991577511, 16.787600821141265, 0.5526664602377309, -0.769865238080518, -0.31916656924484405, -0.40811726386727687, 0.08389884443597471, -0.9090661597682511, 0.7266361418631638, 0.6326677635991385, -0.2678272171394845
11.13656074593556, 13.99426910183167, 16.7403877665771, 0.5593015430381344, -0.7840066573914628, -0.2692867340234706, -0.38077046789210117, 0.04557751812419313, -0.9235456353764383, 0.7363393475405157, 0.6190769346434289, -0.2730350055507598
11.258312528945655, 13.814251945051467, 16.694896284519167, 0.5659711598743568, -0.794034170094158, -0.22178003272016406, -0.3544192914401609, 0.008543442481923109, -0.9350475792416193, 0.7443544935348544, 0.6078130850133451, -0.2765856858932338
11.378338849662176, 13.631130168875995, 16.649198663160025, 0.5753654719552714, -0.7994494707273886, -0.1727284499883737, -0.32632384720224616, -0.030732191840643016, -0.9447583178420791, 0.7499782133027685, 0.5999467277503631, -0.2785616689941724
11.503414729445032, 13.449673367225254, 16.61387611362342, 0.5890743178686279, -0.7993127022541295, -0.1187040523436842, -0.293968132851908, -0.07514090867702022, -0.9528570620564003, 0.7527112227774831, 0.5961988324866068, -0.27923604216940406
11.641890297205318, 13.27940822627194, 16.61777600010525, 0.6068150085170513, -0.7925869186941978, -0.05984581650615152, -0.25692818579866256, -0.12434189554243903, -0.958398142921365, 0.7521724887156263, 0.5969464543221195, -0.27909044751046375
11.788986293421862, 13.116393028722706, 16.654932789563386, 0.6269148666398796, -0.7790875293553915, -0.0006095808510869089, -0.21756630709622166, -0.17431948859004925, -0.960352861147514, 0.7480926760785823, 0.6021921101281682, -0.2787866756087345
11.931063119651332, 12.947383810275547, 16.694931615511173, 0.6475212998099522, -0.7602141775480915, 0.05282585112715756, -0.179798667475775, -0.21977352282438295, -0.9588389008792332, 0.7405326498314343, 0.6113705937647306, -0.27899353328239584
12.072559778437123, 12.777824219180864, 16.710391330719894, 0.6672404152947977, -0.7385628287207764, 0.0965151606183775, -0.1467229788240371, -0.25736748485484484, -0.9551095985406557, 0.730248310975265, 0.6231267333147058, -0.28009012575654363
12.245658885295487, 12.639934070821198, 16.73477978040658, 0.684952382967288, -0.7167656292814711, 0.13071826860913643, -0.11904259780006893, -0.2870993735774927, -0.950475044175502, 0.7187969761876052, 0.6354691041837897, -0.28197504260378675
12.403053345841027, 12.488919790353851, 16.78055909770849, 0.6997639841321944, -0.6965533585047329, 0.1585679200444243, -0.09545084394686677, -0.31114361800624835, -0.945557394008324, 0.7079685747978287, 0.6465315674657803, -0.28421370369665916
12.561518400364246, 12.340740346030557, 16.829082166829885, 0.7115943099689865, -0.6783175591140044, 0.1830814764452732, -0.07427104540395364, -0.3317445978330334, -0.940441031443866, 0.6986539557136751, 0.6556148341871302, -0.28644692241219166
12.71875943213492, 12.191910574440612, 16.880153852619706, 0.7218324253769185, -0.6610132040159358, 0.20498656978217428, -0.05482108776925061, -0.34987666881110896, -0.9351903362190167, 0.6898931786952757, 0.6638131218484825, -0.28878978730471083
12.881940923477824, 12.050449173243596, 16.93188873492741, 0.7333147127703823, -0.6424686851201321, 0.22244891700006142, -0.037729289741438625, -0.36513409263113533, -0.9301900854632048, 0.6788416845849247, 0.6737292357011428, -0.2919980894311737
13.040222932408286, 11.917627817787658, 16.99314013015927, 0.7493442129453601, -0.620111893955244, 0.23225953048376483, -0.02444047356443753, -0.3764109848997069, -0.9261303545931203, 0.661729486857919, 0.6883138887325119, -0.29721722157486513
13.192823007460367, 11.782637084203246, 17.070245254117367, 0.7720647570369117, -0.5918124007586688, 0.23167669984224853, -0.01633055842509163, -0.38288605550288424, -0.9236512227908146, 0.6353340253780363, 0.7093351470283303, -0.305277456401939
13.394773083800331, 11.66534188310658, 17.103278225454783, 0.8010555323832064, -0.556561679145143, 0.22033867419360784, -0.013612775037182341, -0.38493898758530676, -0.9228416268204345, 0.5984352315781926, 0.7362479698742388, -0.31593385456771966
13.5862162718996, 11.55436512570442, 17.14919310034275, 0.8332141612074618, -0.5149245689834482, 0.20151141362353645, -0.014380444933295825, -0.3844852104900607, -0.9230191361602066, 0.5527633891339643, 0.7661747915271188, -0.32776336656421795
13.790013771528457, 11.466393181197745, 17.161939809828183, 0.864258753497628, -0.4690898385358755, 0.18169075481463703, -0.014545379335643267, -0.3843318208879109, -0.9230804317029828, 0.5028371892995869, 0.7951375823311141, -0.3389852300940595
13.992068330032694, 11.380570645185703, 17.197051000433877, 0.8907503327981454, -0.4222129144832363, 0.16822633403710785, -0.009224185574232316, -0.3868587208750973, -0.9220928610955491, 0.45439933871044014, 0.8198027719680234, -0.3484891046403887
14.200928561958337, 11.30614789215604, 17.21242284946737, 0.9110853243070604, -0.37726715073543693, 0.1661114951117585, 0.004949130995789856, -0.3929300108339025, -0.9195550623472506, 0.4121881098899933, 0.8386152297460585, -0.35612562180118473
14.410025596368067, 11.24472192212018, 17.257759128038614, 0.9251987419371439, -0.3362612342326471, 0.1758853895872622, 0.028007589518391017, -0.4017162631035738, -0.9153357956987532, 0.37844796583849605, 0.8517936524243634, -0.36224951461978167
14.61636488136596, 11.18298123832783, 17.313460196031222, 0.9339333712135507, -0.30033489792003276, 0.19382313387481792, 0.0565049715450453, -0.41137830754284477, -0.9097115346492416, 0.35295275367162915, 0.8605619310511871, -0.3672295147466583
14.826315598593158, 11.133660802050908, 17.368001119077256, 0.9386656931988788, -0.27030201935933323, 0.2141110336758355, 0.08512351993146489, -0.42006729445148777, -0.9034918120750649, 0.334156703906933, 0.8663026529236036, -0.371293698804034
15.035437096434887, 11.088595920229771, 17.429209743763032, 0.9409389904277933, -0.24690319170659963, 0.23167354233450888, 0.10909541752024729, -0.42666711902483, -0.8978047445960254, 0.32051833983222905, 0.8700540118108447, -0.37453172143764546
15.244621964360551, 11.043861841260595, 17.489759732183916, 0.9419233032188554, -0.23055317587730123, 0.24418379132565363, 0.1261325959742485, -0.43100239535096985, -0.8934917478267627, 0.31124115904885896, 0.8724002340065118, -0.3768909293407131
15.457087768804454, 10.999352741210767, 17.538783262266335, 0.9420450187620336, -0.2209533260255633, 0.2524496194171834, 0.1369690565043465, -0.43361180980677266, -0.8906291461413129, 0.30625260845574653, 0.8735905368731602, -0.37821807690764186
15.665409046770007, 10.947641963589788, 17.59676368761397, 0.9411011675908683, -0.21702043463657655, 0.25928888003394185, 0.14442930846944452, -0.43535508108120824, -0.8885978439270561, 0.305726621696807, 0.8737093820755996, -0.3783690638238431
15.876462746622849, 10.902832069835016, 17.6506216658036, 0.9387035749442538, -0.2172398002739356, 0.2676611058107214, 0.15165399574233113, -0.43703506948449333, -0.8865672076137652, 0.3095749730877201, 0.8728156834163927, -0.37730109835529596
16.083838654736855, 10.852804993951919, 17.71241725297239, 0.9346930252881505, -0.22018099722992984, 0.2790506709121456, 0.16047230964757908, -0.43911230812672897, -0.8839847389451857, 0.3171712255455347, 0.87103427562321, -0.37510225855824075
16.287864475997164, 10.802819869201318, 17.785706033891277, 0.9293341221397157, -0.2248402647085903, 0.29289067037475813, 0.1707629611344933, -0.4415899244268535, -0.8808168650458876, 0.3273806660928279, 0.8685880462051367, -0.371990195379071
16.490633354176612, 10.75178486768246, 17.861487260126623, 0.9232603188273819, -0.230696294138432, 0.3071963599223717, 0.18099580318356898, -0.4441207016994376, -0.8774949125504569, 0.33886708737895455, 0.8657574846299588, -0.368283959599805
16.693153960895156, 10.696853513090106, 17.935124253009377, 0.9171944727267776, -0.23760255405735137, 0.3198426574190379, 0.1893943024560255, -0.4462620545239179, -0.8746313377013697, 0.3505482811206527, 0.8627834056108842, -0.36430851980957113
16.89464945839014, 10.63860231027805, 18.009355210457247, 0.9115982223665309, -0.24564911356138047, 0.32961370418216673, 0.19489606525512404, -0.44771237623790255, -0.8726792949941469, 0.3619450299786576, 0.8597733080120125, -0.3602577606434452
17.097221153279236, 10.58862928112825, 18.086458501504996, 0.9064989984872999, -0.2549885281009854, 0.33651213392449203, 0.19747376463431926, -0.44841534825656165, -0.8717383711464675, 0.373180489874098, 0.8566822783184205, -0.35613451951824143
17.295518463176386, 10.528276962174724, 18.16692730999814, 0.9015967988130079, -0.26559978265389816, 0.34143808783487883, 0.19793188249122604, -0.4485409706862249, -0.8715698293936859, 0.38463772860136314, 0.8533860516027088, -0.35183243833723304
17.494109913956358, 10.455138991153571, 18.237698925906003, 0.8965119679784501, -0.2771194214074827, 0.3456459424760957, 0.19748960317495823, -0.44840478813312545, -0.8717402150968397, 0.3965654396303389, 0.8497870158210639, -0.3472720544943505
17.69326717791838, 10.394752602825587, 18.31539961621465, 0.8909785928825951, -0.2889268331397966, 0.35025481026926536, 0.19732410266277942, -0.44835490949119944, -0.8718033457400053, 0.40892584356247264, 0.8458718343974733, -0.3424623982859632
17.888153505025087, 10.324674179563956, 18.39628871050897, 0.8849141088314516, -0.30044966283489305, 0.3558890558775822, 0.19815790830046023, -0.44863850772684, -0.8714682626249911, 0.42149788062222115, 0.8416967918954148, -0.337470068515628
18.08190494258804, 10.252469084158417, 18.47829131413903, 0.8784097964061318, -0.3114115783717602, 0.3625176663746846, 0.20004780239726602, -0.44930255510531825, -0.8706940281935193, 0.4340243153715728, 0.837347026525945, -0.3323745640604828
18.275116149756986, 10.181311472599262, 18.56189555078368, 0.8716803226581669, -0.3218162354634606, 0.3696048236734482, 0.20253184418808537, -0.4502081875268267, -0.8696513324163786, 0.44626703573121707, 0.8329147006002092, -0.327259582508651
18.465734970981497, 10.105894796149805, 18.648344258309645, 0.8649546540488506, -0.3317454847017842, 0.37656125639689947, 0.2050839200485162, -0.4511736408512297, -0.868552204267872, 0.45803278504575085, 0.8284849299661545, -0.3222090759773988
18.652515567938167, 10.02297582770491, 18.73637581733216, 0.8583189152147814, -0.34116375870284676, 0.38327004778911006, 0.20761328831659326, -0.452167112807583, -0.8674339309766627, 0.46923913125281025, 0.8241069055911376, -0.3172734559620576
18.844717732406888, 9.94824455948615, 18.81987361707324, 0.8516156699477215, -0.3497872045094558, 0.3903839933462356, 0.2107402130252108, -0.45344168583337335, -0.8660133949094997, 0.4799367805384187, 0.8197801834089724, -0.31244381507139685
19.033440991659873, 9.870332307493305, 18.90765999529305, 0.8444969219958773, -0.35699390469588044, 0.3992246244277496, 0.21572434390613893, -0.4555391354106678, -0.863682293181681, 0.4901917545060861, 0.8154995083501215, -0.30768912183396263
19.213400543522496, 9.775664025468354, 18.99832258741571, 0.8365753193385121, -0.3618703894527524, 0.41132901224078494, 0.22406582113186238, -0.4591378193529014, -0.8596435136964431, 0.4999362388086812, 0.8113213198709719, -0.30302058188950376
19.39887928657855, 9.695824249388354, 19.09158965854884, 0.827507454847639, -0.36356954070741193, 0.4278417946407108, 0.23689910189453034, -0.46477322781876695, -0.8531498474620327, 0.509028710087307, 0.8073431957802866, -0.298474013163837
19.58120218292227, 9.615805464370471, 19.190896824200976, 0.816941041009928, -0.3619790695161797, 0.44897493108838055, 0.25436829322705096, -0.47252809547279634, -0.8438092025983177, 0.5175945391079511, 0.8035473553071112, -0.29395159612523825
19.755908950003473, 9.537959996535163, 19.30427437154321, 0.8044621125472067, -0.35842106746828767, 0.4736824335680801, 0.2751832569062728, -0.4818299220566121, -0.8319339525042689, 0.5264170253653863, 0.7996088197398853, -0.2889824402963718
19.93153959715758, 9.460459726509812, 19.4172360621965, 0.7897410673635542, -0.35596321631318417, 0.49959907441011897, 0.29651806713476864, -0.4914467415378612, -0.8188755315030969, 0.537015905148195, 0.7948397881735615, -0.2825661493421904
20.098523258577448, 9.391409969491036, 19.54651285146477, 0.7728968180984125, -0.358943846408349, 0.5232492940262118, 0.31439308339963323, -0.4996588806974667, -0.8071542554249628, 0.5511692096659798, 0.788352914668129, -0.2733352963860411
20.267768591056644, 9.325107865495227, 19.67453007803317, 0.7548201655846524, -0.37152459532692794, 0.5405700627059552, 0.32463515502179874, -0.5045164695730004, -0.800046966154843, 0.5699636249364785, 0.7793796295751885, -0.2602092605049081
20.425673150897406, 9.237829337627337, 19.804360170239317, 0.7370996753067091, -0.39565692056415186, 0.5478500432348586, 0.32427470361246186, -0.504175848507859, -0.8004077900535642, 0.5928996418111534, 0.7676342325555009, -0.24332632358446768
20.56808665679352, 9.141120642239201, 19.944823628517856, 0.721454708301146, -0.42959318004971386, 0.5430955749450389, 0.31285386076342214, -0.49747014486858604, -0.8091019198901022, 0.6177585010953145, 0.7536399369852969, -0.22450229331850566
20.71433956112072, 9.010834697294078, 20.047338750060693, 0.7089877077623622, -0.4681767785329769, 0.5273963730292003, 0.29295218107424686, -0.4847461048271493, -0.8241360527599482, 0.6414946997799071, 0.7388042487001482, -0.20652562130858407
20.877196305861894, 8.892389938876372, 20.142365804677922, 0.6996986515003856, -0.5050432932717528, 0.5053247164049709, 0.2695328099150215, -0.4684331364225649, -0.8413812816319551, 0.6616448151900345, 0.7249149388876884, -0.19163629590869305
21.029521883313006, 8.764768018208825, 20.24254733746225, 0.6924836379567071, -0.5353153406303084, 0.48363612070243583, 0.248318122444547, -0.45255686992306526, -0.8564638868925256, 0.6773511063162584, 0.713182841613071, -0.1804597273655432
21.181942944573574, 8.631375537965162, 20.334257641294478, 0.6855477087621381, -0.5569766156009517, 0.46882980780310074, 0.2339863818888123, -0.44124030905836875, -0.8663471375566829, 0.6894017059027092, 0.7036220855940957, -0.17216633980731993
21.333309489116438, 8.500110447059388, 20.431073650453428, 0.6769956088009248, -0.5703383005891596, 0.4651786415403598, 0.22913547000351037, -0.43730391177214634, -0.869633385476345, 0.6994096668266286, 0.6953269098991123, -0.16536809341470968
21.48242001842536, 8.371560142071607, 20.53473052670671, 0.6653132884398049, -0.5765027462375076, 0.47434461291978947, 0.23441350093356297, -0.441921742847642, -0.8658842207700594, 0.7088078292495671, 0.6872770596921699, -0.15887638092366688
21.630238482869288, 8.247829977993735, 20.645141896151102, 0.6494921040144936, -0.5761627064882223, 0.4961819650843758, 0.2493026937089777, -0.45512239597499177, -0.8548168058662806, 0.7183370892083144, 0.6788962662543884, -0.151959487803746
21.759760191659943, 8.105982075582558, 20.758993213296957, 0.6287590428454121, -0.5695583800954649, 0.5294009045167481, 0.2725797754256501, -0.4761775380517601, -0.8360354168836789, 0.7282597970978649, 0.6699688081679583, -0.14415083771169057
21.892160595378034, 7.97949582128272, 20.88512829575922, 0.6022735222030062, -0.5575666544521691, 0.5713020482163532, 0.3019874616678983, -0.503341727738934, -0.8095990848019557, 0.7389656131705755, 0.660126147762532, -0.1347712565484017
22.02570425029612, 7.872057826869102, 21.0258093895729, 0.5693644243140298, -0.5430048369780719, 0.6172275912043877, 0.3337567538116963, -0.5334636687401668, -0.7771891297614502, 0.7512859519587946, 0.6485077186531392, -0.12250370295084478
22.13234703981288, 7.785005132673073, 21.19990716733684, 0.530373375773703, -0.5307135648445053, 0.6610954502645164, 0.3631392919716268, -0.5624256697849994, -0.7428372773314761, 0.7660508709588105, 0.6340508481635617, -0.10557265292828441
22.213780954872963, 7.677870196826127, 21.37996312932359, 0.48727128794814284, -0.5256540260256863, 0.697319537130823, 0.38616143545030895, -0.5865064313376137, -0.7119617628570891, 0.7832279602467692, 0.6161964385831876, -0.08280043094743493
22.318943734373594, 7.553139128925742, 21.531097469761615, 0.4432553880783509, -0.5301626665125749, 0.7228085555496606, 0.4012760092426131, -0.6036868768900214, -0.6888684337934888, 0.8015623652254594, 0.5953903775734442, -0.054845901826105714
22.39351951536304, 7.422937886713664, 21.69317368467933, 0.40163534359641306, -0.5427251376392677, 0.7376574243838593, 0.40949825377396337, -0.6140389104079951, -0.6747350566415213, 0.8191460376088419, 0.5730668734793525, -0.02437473262076814
22.45116036804538, 7.304054831723614, 21.873537592211544, 0.3648874374641254, -0.5593133464435377, 0.7443290525506816, 0.41314482751961, -0.6191636592480716, -0.6677931675004839, 0.8343671311087558, 0.5511850356791892, 0.0051523750518915066
22.527137512052636, 7.16665960282384, 22.03105598646938, 0.33433202168890214, -0.5758922524137907, 0.7460363348277229, 0.4144055504643767, -0.6211269217776932, -0.6651837240847706, 0.846457405318028, 0.5315538172685228, 0.03099032638636598
22.59469519702715, 7.028367683323577, 22.191617243572612, 0.3104099412862967, -0.5900463865502661, 0.7453126391452192, 0.4146308488395314, -0.6214891016538974, -0.66470486361696, 0.8554103854532324, 0.5153606099076701, 0.05173503855557554
22.649941429580853, 6.897075127648353, 22.362617513897078, 0.2932619997671888, -0.6010776748216943, 0.7434399964512904, 0.41434300326554396, -0.6208926099870343, -0.6654413892360301, 0.8615783627375044, 0.5031878334125676, 0.06696812053602394
22.699929749339535, 6.757092223924291, 22.528124702614953, 0.2831056637801852, -0.6092993261308701, 0.7406790899654507, 0.4135632832439608, -0.619233423585943, -0.6674693834675172, 0.8653418942175723, 0.4952820391357833, 0.0766753403738405
22.761423590665107, 6.617197563628544, 22.689771712660676, 0.28004294151093645, -0.6153683352688867, 0.7368159626788098, 0.4121382105045381, -0.6161273907685556, -0.6712146704198655, 0.8670167509062436, 0.4916389430192961, 0.0810746776425911
22.823426093956368, 6.480720950218772, 22.85412494097527, 0.28350781084379634, -0.6199198190680263, 0.7316575285727768, 0.40996387652137545, -0.6113781972757235, -0.6768650676785241, 0.8669215311307736, 0.4918496902739211, 0.08081423785029074
22.891232497254087, 6.342376602446878, 23.01411171464619, 0.29199717186986046, -0.623370047756996, 0.7253602106398197, 0.4071160409194531, -0.6052607637278542, -0.6840438122793341, 0.8654444989981005, 0.4950446358168272, 0.07704951461827338
22.965685192457812, 6.20352015844551, 23.170840350378107, 0.30347507808876795, -0.6257590048703029, 0.7185600495454394, 0.40389570195635366, -0.5985414511144539, -0.6918210702479277, 0.8630012392344525, 0.5001737689258925, 0.07109895891127696
23.03250760063584, 6.0603082750182455, 23.3283020731483, 0.3161568640110796, -0.6266810873143664, 0.7122609438549632, 0.4007784273108402, -0.5922643213707436, -0.6989990170475937, 0.8598962085862045, 0.5064521580897213, 0.06391183008907456
23.112159684449423, 5.918389974320598, 23.47993348410094, 0.3290419035352951, -0.625456998947298, 0.7074849596886913, 0.39826657299144363, -0.5873964925318774, -0.7045204733710009, 0.85622144481175, 0.5135843679757861, 0.055820555491608664
23.18507098545775, 5.776767709949384, 23.63602273496814, 0.34187682138925735, -0.6215799329071032, 0.7048110569535491, 0.3966867554333423, -0.5844526514492235, -0.7078521853309065, 0.8519154048733628, 0.5215874665108178, 0.046761712097409314
23.269887494475704, 5.643260337270897, 23.791451000409666, 0.35475136402130064, -0.6151957030634505, 0.7040495129302297, 0.3960252982231976, -0.5832649204302754, -0.7092009558388173, 0.8469447637787568, 0.5304114247711218, 0.03671903566291709
23.35019885457762, 5.511612230439259, 23.95189636664372, 0.3677220633675826, -0.607243649675258, 0.7042979724816479, 0.3959121055343991, -0.5830657807909828, -0.7094278680471471, 0.8414476150088052, 0.5397123726575797, 0.02600895992383359
23.440489032501418, 5.384154489335784, 24.11028266773578, 0.3806713653489416, -0.599087513934021, 0.704402911870562, 0.39579880406460205, -0.5828882391197991, -0.70963695464431, 0.8357228118846604, 0.5489402985245063, 0.015229259713546885
23.52828143123397, 5.251927960340803, 24.26617011175211, 0.39335671790921173, -0.5918643764505965, 0.7035389487188605, 0.3952410257003906, -0.5820449830140394, -0.7106392680899993, 0.83009338274618, 0.5576021858251035, 0.0049777790299304625
23.6234539967343, 5.123847509360801, 24.421157604389386, 0.40552501605507996, -0.5860146036340899, 0.7015243015613271, 0.39410017000858466, -0.5803799194057687, -0.7126318861444232, 0.8247633098972892, 0.5654609035805518, -0.004410121215362189
23.71800716203556, 4.995361239944235, 24.57602335107074, 0.4170160254483735, -0.5812883819927079, 0.6987141414624016, 0.39253569566168167, -0.5781733239385097, -0.7152840939915376, 0.8197642113136197, 0.5725551715303904, -0.012931102163551308
23.81475236347639, 4.866049719675745, 24.729044314800063, 0.4278159175772056, -0.5771219841144029, 0.6956319113722633, 0.3908267059889255, -0.5758392308730812, -0.7180972539101819, 0.815001856779124, 0.579084964093658, -0.0207985049276945
23.913318460862012, 4.739274062173442, 24.88290954395844, 0.4380340002113588, -0.5730409384313311, 0.6926400923571886, 0.38918196110426284, -0.5736607440773801, -0.7207293194089073, 0.8103478363085048, 0.5852669763333023, -0.02826571428070676
24.01522901264996, 4.614038931316687, 25.035912603159268, 0.44781510326533225, -0.5688442201767993, 0.6898390293821515, 0.3876654532500589, -0.5717111211077691, -0.7230918962055406, 0.805715290685169, 0.5912382321646216, -0.03549962229329928
24.119307787188188, 4.489693253234379, 25.188222848538263, 0.4572516797064108, -0.5645637192326824, 0.6871598855665446, 0.38623814227301895, -0.5699288306493097, -0.7252594194136314, 0.80108738528275, 0.5970334453955417, -0.04254487301632981
24.2251585193012, 4.366480406849691, 25.340097724809347, 0.4663589588406432, -0.5603356637973741, 0.6844948979983908, 0.3848311704448357, -0.5682206078920305, -0.7273446989020194, 0.7965012817084033, 0.602618689258446, -0.04936014174719733
24.331623492334764, 4.242037382994912, 25.49056085065947, 0.4751132403284158, -0.5563075752588554, 0.6817545676959165, 0.3833815294524866, -0.5665069476020174, -0.7294439534284435, 0.7920138961781574, 0.6079405892258372, -0.05587690249501024
24.438360754291104, 4.119606657471598, 25.642467535421737, 0.4834964936204981, -0.5526147901560615, 0.6788578896628187, 0.3818278137101861, -0.5647156957801374, -0.7316445199800616, 0.7876792883743885, 0.6129543838168772, -0.062034361652954145
24.551348859181005, 3.9989738736188642, 25.791886520840663, 0.49150553311956097, -0.5493841254362832, 0.6757213875788353, 0.3801042670312528, -0.5627741307075054, -0.7340340754972113, 0.7835451851026145, 0.6176263923481752, -0.06778334882172565
24.663450598664397, 3.8782319966978647, 25.940882264726202, 0.4991443986702832, -0.5467100061103803, 0.6722819635352931, 0.37815742003665764, -0.5606267339167966, -0.7366781053411348, 0.7796485329603977, 0.6219371627717492, -0.07309124856045754
24.77621272187067, 3.7579256314483245, 26.090118201520806, 0.5064385027764673, -0.544600980067403, 0.6685280962047551, 0.37597110917636956, -0.5582606294855316, -0.7395882602036814, 0.775993407169301, 0.6259032210142733, -0.07797044282122136
24.89295642323432, 3.6364937956771324, 26.23543328498587, 0.5134604981582297, -0.5429534586355167, 0.6644997054828791, 0.3735710749800669, -0.5557077809976664, -0.7427203471542212, 0.7725302380938497, 0.6295954287432367, -0.08250228685485092
25.008653951954507, 3.5162749400500566, 26.38249713756582, 0.5203130046174662, -0.541603489488683, 0.6602575538376116, 0.37100372930972014, -0.55302052452178, -0.7460057186750886, 0.7691752791556842, 0.6331144917243149, -0.08680685632159531
25.126428033668567, 3.3985004748045005, 26.530041269197046, 0.5270494711551565, -0.5404351855940717, 0.6558571987307686, 0.36831093757222777, -0.5502445448531224, -0.7493850773294373, 0.7658759091522179, 0.6365223884760705, -0.09095790646767452
25.24857826020367, 3.275219031444117, 26.66974794906347, 0.5336012800650526, -0.5394610780430557, 0.6513458522087644, 0.36551956946436215, -0.5474080179922358, -0.7528212976373605, 0.7626697307822861, 0.6397860635512751, -0.09491403812945201
25.370663930765783, 3.157920482150023, 26.813384876723944, 0.5398030235108686, -0.5388019085733033, 0.6467651808239913, 0.3626431993577736, -0.5445234062150609, -0.75629635067446, 0.759672696474003, 0.6427960511715309, -0.09854253310222946
25.491741362185024, 3.0411720830432194, 26.958952197657982, 0.545517456741923, -0.5385764327087201, 0.6421418305332348, 0.3596855521593871, -0.5415914624080007, -0.7598058906158599, 0.7569920791908071, 0.6454565159462818, -0.10172943558708235
25.616826877706842, 2.9178435096231374, 27.095331656131435, 0.5507506861023296, -0.5387957086208668, 0.6374738160344715, 0.35664258237609936, -0.5386045543819846, -0.763355226899699, 0.7546388210222957, 0.6477687229024892, -0.10447933496801125
25.738257395317284, 2.799730847468532, 27.239398733344505, 0.5556480966606432, -0.5393590613090589, 0.6327297967230684, 0.3535032119895805, -0.5355488301741519, -0.7669569281336124, 0.7525228712739926, 0.6498301728012545, -0.10691152756666414
25.865000396012913, 2.676958497256103, 27.374747742165788, 0.5603774170195743, -0.5401514245008138, 0.6278643078756839, 0.3502492505395011, -0.5324048902430945, -0.7706299341069982, 0.7505348845929735, 0.6517526152268054, -0.10916004559376133
25.99242955547892, 2.5615292927246087, 27.5159981670204, 0.5650087308100875, -0.5411391217701786, 0.6228431463845242, 0.34686135040353755, -0.5291532133328395, -0.7743927171763464, 0.7486336471897375, 0.6535788611249068, -0.11127593893587862
26.118179982879916, 2.4369295506154383, 27.65075633752657, 0.569487535111851, -0.5423733422805839, 0.6176690901571948, 0.343335097706208, -0.5257885241104072, -0.7782463868190256, 0.7468634132391925, 0.6552690939584962, -0.113214206120587
26.248408373027463, 2.3177468946438715, 27.786042769578295, 0.5736986812961489, -0.5439236270064793, 0.6123862433653913, 0.3396913373003237, -0.5223285572512806, -0.7821653748683289, 0.7453050505948404, 0.6567495460705794, -0.11489306025130624
26.37612844136863, 2.1933287002577573, 27.919082503579936, 0.5775478193950094, -0.545833958027783, 0.607045143770868, 0.33595858180906224, -0.5187969427634449, -0.7861180340687692, 0.7440230827204982, 0.6579627819588486, -0.11625244055958395
26.50676194808942, 2.0739050155607015, 28.05369329310199, 0.5809983592768423, -0.5481369346538485, 0.601653394726482, 0.33213902985083577, -0.5151914048620266, -0.7901021966847307, 0.7430508538231841, 0.6588806547657732, -0.11726769123702868
26.63629921376321, 1.9502355298226983, 28.18564444802538, 0.584057427880221, -0.5508693770882308, 0.596170990844376, 0.32820349348186983, -0.5114794695885807, -0.7941481090172541, 0.7424010963113112, 0.6594935038162307, -0.11793612940890733
26.768400185163706, 1.8270542556040008, 28.315407382524484, 0.586743509939965, -0.5540342948802478, 0.5905743421787614, 0.32413794175798905, -0.507642617084728, -0.7982691075271938, 0.7420691667602318, 0.6598067697560512, -0.11827247493758068
26.900632763923472, 1.7039479371253412, 28.445147819852632, 0.5890693079299429, -0.5575385251251146, 0.5849343069578413, 0.3200022653819918, -0.5037323025754588, -0.8024040861638354, 0.7420214960534037, 0.6598519230428433, -0.11831964778231091
27.03145741085479, 1.5765772955485113, 28.572246995802775, 0.5910505478366905, -0.5611809456820015, 0.579426609766416, 0.3159381680468419, -0.4998789126719349, -0.8064143765069728, 0.7421875260829662, 0.6596946406250233, -0.11815522526519046
27.16483455336769, 1.4514984918626008, 28.69883044054442, 0.5927269937458666, -0.5647157641900269, 0.5742567514276705, 0.3121114849664146, -0.4962387430328582, -0.8101441420298171, 0.7424696167770416, 0.6594264292462374, -0.1178798225928007
27.296101579211722, 1.3235369034474205, 28.824842892294377, 0.5941721292154463, -0.5679393112574221, 0.5695651144443695, 0.3086389924673442, -0.4929246500954839, -0.8134907876903016, 0.742766082419173, 0.659143556485755, -0.11759387208092434
27.428962125457428, 1.1949231250465937, 28.94852345823671, 0.5954767920865798, -0.5707372780149315, 0.5653904399354336, 0.3055590421938583, -0.4899766253652189, -0.8164291630810867, 0.7429946580022283, 0.6589247802896919, -0.11737577305531621
27.561589246406385, 1.0676147573296435, 29.073795337688495, 0.5967114427678941, -0.5730830837011932, 0.5617038661478032, 0.30285480387857194, -0.48738220747011823, -0.8189856846180076, 0.7431113118756368, 0.6588128436946914, -0.11726557527844325
27.695659770471007, 0.9397179147437777, 29.19690229344412, 0.5978901759794204, -0.5750219150318653, 0.5584596088352174, 0.30049005250001426, -0.48510961902587557, -0.8212030113663177, 0.7431238563091865, 0.6588007701586697, -0.1172539100521064
27.82799496631274, 0.8094881727469819, 29.319462412332875, 0.5989642224822807, -0.5766602986180536, 0.5556120590699364, 0.29842189402694347, -0.4831195481842145, -0.8231281038378244, 0.7430923451036008, 0.6588310877303968, -0.1172832660204064
27.96240944332373, 0.6824466489142459, 29.44296247469098, 0.5998549909059577, -0.5781403675124611, 0.5531073181018038, 0.29659818137964, -0.481362699438497, -0.8248148097552404, 0.7431039689622871, 0.658819904861594, -0.1172724361077942
28.097416870397026, 0.5534906058656454, 29.563887750186844, 0.6005045822653969, -0.5795787592593934, 0.5508926469772522, 0.294970747495609, -0.479792880370291, -0.8263117148315527, 0.7432270883116028, 0.6587011870046401, -0.11715904334935226
28.229652052041313, 0.4244363842378608, 29.68772168529342, 0.6009048500698945, -0.5809995617416619, 0.5489561643869888, 0.2935292283288513, -0.4784001451305335, -0.8276314960510828, 0.7434742452023115, 0.6584624593665772, -0.11693261446564818
28.363964201786708, 0.2921904081261613, 29.80583074237214, 0.6010862305340032, -0.5823195433267196, 0.5473566414342514, 0.2923221722166553, -0.4772318016249691, -0.8287324991505536, 0.7438031265684215, 0.6581441764367036, -0.11663255090022645
28.497584405618916, 0.16313800152127875, 29.92787153298518, 0.6010862776543533, -0.5834007840326294, 0.5462040021875957, 0.2914378220136252, -0.47637427404778676, -0.8295369472937288, 0.744150040459307, 0.6578077805982212, -0.11631698529816806
28.63550782812502, 0.03256338375567418, 30.051655103529974, 0.6009317346802562, -0.5841191406201288, 0.5456059748714088, 0.29096101149608644, -0.47591125636811954, -0.8299699788855571, 0.744461375790143, 0.657505365471127, -0.11603428085409677
28.764517222243978, -0.0982964794487242, 30.169466319480325, 0.6006420718355635, -0.5843933762143346, 0.5456312705279024, 0.29094577480608874, -0.4758965778330643, -0.8299837367860065, 0.7447010525462996, 0.6572722640151412, -0.1158167228548806
28.898839439991416, -0.2277142325030727, 30.290891744108265, 0.6002338728752544, -0.5841792377083938, 0.5463093593227312, 0.2914161520640909, -0.4763543957118795, -0.8295559752072965, 0.7448462419649653, 0.6571309670959132, -0.11568477823057896
29.031399591839087, -0.3574390061273916, 30.413740616633984, 0.5997128719667457, -0.5834694143573796, 0.5476384881533201, 0.29237163645563324, -0.4772841605417847, -0.8286848956582827, 0.744891466855174, 0.6570869596981668, -0.11564354716527397
29.16582817892719, -0.48718595173570267, 30.534447246520973, 0.5990685619896495, -0.5823096067438525, 0.5495747264289665, 0.29377813690456017, -0.47865185130230964, -0.8273976139207541, 0.7448565394171813, 0.6571209379853085, -0.11567544488252213
29.299011399432935, -0.6149842631405535, 30.658632661077046, 0.5982876953194438, -0.5807992499678485, 0.5520181743983915, 0.2955586976717443, -0.4803813642882925, -0.8257595298118583, 0.7447797592979625, 0.6571955386955267, -0.11574598938522952
29.431408032722373, -0.7442448825340451, 30.78205718524682, 0.5973726219102804, -0.5790567917927592, 0.5548325715661565, 0.29761022076719895, -0.4823713571996673, -0.8238604434297414, 0.7446973258223345, 0.6572755172924275, -0.11582222274259663
29.562684767167642, -0.8720602462920015, 30.908113020461634, 0.5963369173212636, -0.5771743668308148, 0.5578996606140038, 0.2998443532242753, -0.48453529541023826, -0.8217778966005531, 0.7446312140108611, 0.6573395604823745, -0.11588380967827303
29.696464889492155, -1.0002777569217907, 31.031207465594854, 0.5951807341829528, -0.5752015103022748, 0.5611622904324765, 0.30221770639345064, -0.48683070320919536, -0.8195488541600936, 0.74459677114511, 0.6573728690468008, -0.11591617420124983
29.82810232016692, -1.126580774523502, 31.158531372218146, 0.5938814120457627, -0.5731663262775046, 0.564610689633202, 0.3047203852283227, -0.48924786038965223, -0.8171793058628258, 0.7446142325075674, 0.6573559869094496, -0.11589974642539115
29.959524041080474, -1.2543663859355862, 31.284603381444406, 0.5924192182843441, -0.5711079956092054, 0.5682210196381356, 0.3073318222784958, -0.49176705329305664, -0.8146854094130096, 0.7447057276685509, 0.6572676948144491, -0.1158125922814717
30.089802609191633, -1.3799695244185353, 31.413904140908326, 0.5908041990160112, -0.5690979888955195, 0.5719072280187799, 0.3099866966834309, -0.49432583945137376, -0.8121269681090447, 0.7448883448573647, 0.6570916553158852, -0.11563697596308031
30.22146843022256, -1.505655884232754, 31.54178441776254, 0.5890312479813491, -0.567272715228666, 0.5755378835998819, 0.31258218959749107, -0.49682646826687565, -0.8096022697447811, 0.7452077318761344, 0.6567839271682584, -0.1153269672083135
30.351950584864177, -1.6307941999645637, 31.671400443859156, 0.5868956969646039, -0.5659536398944783, 0.5790077014812696, 0.3150108306255342, -0.49916852351158175, -0.807216799703697, 0.7458697054265194, 0.6561457632458343, -0.11467833231041796
30.480768595380866, -1.7562750894446286, 31.802345465801398, 0.5836545012634354, -0.5659264443577599, 0.5823011958870716, 0.3171705874764881, -0.5012601813349085, -0.805072076927224, 0.7474959809890284, 0.6545727539278412, -0.11306753831481448
30.611449841781145, -1.8808222048327234, 31.93231362246964, 0.5776387154658297, -0.5688183072357181, 0.585473524378753, 0.3189174813783228, -0.5029713311712084, -0.8033128158389916, 0.7514154340085739, 0.6507423248670359, -0.10912961174837904
30.741087869150277, -2.005421855185368, 32.06333345358069, 0.566110085595485, -0.5772477281314701, 0.5884763643122203, 0.31997658403359414, -0.5040296823376237, -0.8022275643437007, 0.7596935939293321, 0.642447771954803, -0.10063053042215664
30.870511342489294, -2.1284125783223025, 32.19600423062817, 0.5458082004497719, -0.594162848829362, 0.5908163144267077, 0.3199098459976179, -0.5039258065425741, -0.8023194326041196, 0.774435987513211, 0.6269204818566649, -0.08496829216269514
30.99736157570618, -2.253870443621401, 32.32877968308283, 0.5146233629449934, -0.6208933185659979, 0.5913157204668988, 0.3183182842338225, -0.5020086539825391, -0.8041522127365408, 0.7961383449084845, 0.6020621216176463, -0.06070368588181124
31.086725843304787, -2.417605556710432, 32.4497859752555, 0.4745416144179856, -0.6543990145898726, 0.5887038184769788, 0.31533462266612394, -0.4980313008604241, -0.8077926089729263, 0.821811615842454, 0.5689699052384735, -0.02998191120221433
31.170807644895284, -2.5539958463578647, 32.60604831465273, 0.43508240650437624, -0.6856877272201582, 0.58355431648649, 0.3120360099121362, -0.4931222123990389, -0.812073895748897, 0.8445926995117079, 0.5354090253052624, -0.0005895364238365786
31.20824042756648, -2.620798623601879, 32.68420153704606, 0.42080987359219796, -0.6965322215776889, 0.5811728784031198, 0.31081388240380936, -0.4911748143757807, -0.8137211022383458, 0.8522404477566112, 0.523058472856493, 0.00980067245876831
31.129156397718138, -2.4948569638252858, 32.51421881562741, 0.45378157714294776, -0.6710926748938342, 0.586273743186148, 0.3136213760988155, -0.4955460763174715, -0.8099850114046827, 0.834100661011334, 0.5514242540460088, -0.014400671868302461
31.039800403030206, -2.3315323497478952, 32.39627570243195, 0.495315357409711, -0.6372186175993907, 0.5904363895448956, 0.3169572506988184, -0.500251848803059, -0.8057829664361043, 0.8088268034279877, 0.5862597727576428, -0.04581136215635129
30.935264003826102, -2.190587511530429, 32.261699903221526, 0.5315904698747483, -0.6063575828705187, 0.5913899339976683, 0.31931569818960925, -0.5032291901587973, -0.8029930678790468, 0.7845056132546323, 0.6157035519367605, -0.07389234672434061
30.806021594707307, -2.0667940459026175, 32.129506288152136, 0.5572433831765566, -0.5844917922126723, 0.5897873826574823, 0.3201145194112623, -0.5041640381556043, -0.8020880980869439, 0.7661634984571125, 0.6357577899378446, -0.09383776513379652
30.67593368863534, -1.9437312669321363, 31.99754910510413, 0.5727682876458906, -0.5721481442776761, 0.5870119161199419, 0.319557325132919, -0.5036079390278854, -0.8026594294605773, 0.7548639643148216, 0.6473218247114005, -0.1056165263167404
30.547124161139585, -1.81793539074144, 31.866883355496434, 0.5811413644357232, -0.5668649042557785, 0.5838997301462582, 0.3181087169245024, -0.5021755578311003, -0.8041309304669668, 0.7490537756118935, 0.6530573400859302, -0.1115103215018995
30.417118406787022, -1.6935595309149953, 31.73610343328487, 0.5854920499233548, -0.5657006743606807, 0.5806735799951801, 0.31613136375258793, -0.5002518794269043, -0.8061073241087559, 0.7464985065815448, 0.6555385603896395, -0.1140577727022685
30.286932467952184, -1.5684806414038643, 31.606117756064613, 0.5880378205194857, -0.5665160804247497, 0.5772963296772912, 0.3138236261051538, -0.49802303834397554, -0.808385913395853, 0.7454704912583099, 0.6565307181684751, -0.1150702514305098
30.15566459994794, -1.4419007060732771, 31.47872201857862, 0.5899422793162828, -0.5681489252447937, 0.5737376628898392, 0.31129882702543427, -0.49558999472062987, -0.8108536226874705, 0.7450242595833358, 0.6569606958380326, -0.11550539708736758
30.025708977496272, -1.3170904680028706, 31.348257189091566, 0.591629416883723, -0.5700906942939469, 0.5700624819765565, 0.3086597437942141, -0.493047140265381, -0.8134086795928722, 0.7447843954049496, 0.6571918424292678, -0.11573714445115921
29.894387132031223, -1.1909568157577721, 31.220446865766448, 0.5931707629485197, -0.5721365309130804, 0.566399360855763, 0.3060154080403618, -0.49049747714726877, -0.8159453382145494, 0.7446495927783496, 0.6573218503190886, -0.11586616878160616
29.761689688974982, -1.0633682373100868, 31.09554773706124, 0.594550735656103, -0.5741898328854023, 0.5628636233954194, 0.303453349667846, -0.48802451556273385, -0.8183814127808151, 0.7445975337765703, 0.6573721229416355, -0.11591550661174066
29.629167468331755, -0.9359985825042266, 30.970277829439485, 0.5957749176657696, -0.5761973948494293, 0.5595076493213262, 0.3010145853262693, -0.4856675081908429, -0.8206809921696443, 0.7446089355501985, 0.6573611135870668, -0.11590469982866132
29.497504250281143, -0.809092635064528, 30.84365666239059, 0.5968692426894404, -0.5781290872961077, 0.5563397033769057, 0.2987083258593036, -0.4834353641385871, -0.8228387355749144, 0.7446612942765765, 0.6573104343629129, -0.11585572788590481
29.364579108068114, -0.6794182026659592, 30.72121872029686, 0.5978460886912107, -0.5799502560691965, 0.5533875267133281, 0.2965569692132094, -0.4813500545796925, -0.824837007515547, 0.7447375499111728, 0.6572365064734311, -0.11578495718746434
29.231486378016758, -0.5518005887330468, 30.596794965645994, 0.5986955210830203, -0.5815906993987093, 0.5507412563155687, 0.2946279141655431, -0.4794775400192437, -0.8266170097521318, 0.7448208276019087, 0.6571556489828074, -0.11570820100750467
29.099559956778496, -0.4219441544708705, 30.473415026969064, 0.5994071638336745, -0.5829405534719316, 0.5485356534107045, 0.2930223432130131, -0.47791707014057117, -0.8280900799105176, 0.7448818418533409, 0.6570963286962501, -0.11565230862842288
28.964978114074484, -0.2925828848561344, 30.35246239391956, 0.599987810970808, -0.5838848518418014, 0.5468940541605254, 0.291834415673202, -0.4767614509151103, -0.829175007311484, 0.7448807290534094, 0.6570974042796064, -0.11565336473213708
28.831913253565144, -0.1620802944093621, 30.23103998412819, 0.6004520382548358, -0.5843488392207596, 0.5458880689820614, 0.29111968412735195, -0.4760658453897564, -0.8298256686599464, 0.7447863312851573, 0.6571892763539948, -0.11573925771365848
28.69842395721796, -0.033431895242047364, 30.111430001414863, 0.6008026447751368, -0.5843152909545203, 0.5455381038827033, 0.29089361089798865, -0.4758457806169351, -0.8300311441191764, 0.7445918943756575, 0.6573784555534156, -0.11591581861107486
28.56621572100932, 0.09821039125245151, 29.987768042201772, 0.6010270534934127, -0.5838114078026428, 0.5458303042966035, 0.29114428057351915, -0.4760892873276584, -0.8298035902436012, 0.744312762794213, 0.6576497780820265, -0.11616918924700742
28.429366574834678, 0.22752318124045665, 29.86866390604669, 0.6011069664189856, -0.5828986857130316, 0.5467170539836715, 0.2918337993594269, -0.47675842261541396, -0.8291769654402515, 0.7439781236528438, 0.6579745653589375, -0.11647327103980173
28.298367183048477, 0.3583004094613066, 29.745003027394127, 0.6010203832548605, -0.5816803991491785, 0.548108029641815, 0.2928913171727732, -0.477782967120286, -0.8282138085389145, 0.7436324194364973, 0.6583094633797908, -0.11678816373089138
28.16262893292252, 0.4882026838615639, 29.625984224641364, 0.6007345215092526, -0.5802944056828053, 0.5498876588906949, 0.2942250786387648, -0.4790727538959706, -0.8269951025094064, 0.7433368265914599, 0.6585952468760845, -0.11705837443415712
28.02978935724247, 0.6181255025910525, 29.503683072329675, 0.6002116635918204, -0.5788605507125911, 0.5519659606507046, 0.29576187850978625, -0.48055629018885293, -0.825584982409618, 0.7431492919385053, 0.6587762251240118, -0.11723060650979969
27.896752994140364, 0.7464729796193039, 29.38009366720812, 0.5994371535804506, -0.5774113298897471, 0.5543205345486679, 0.29748293594303216, -0.48221527377969436, -0.823997774606393, 0.743087479190762, 0.6588357806377307, -0.11728773346514505
27.762082834778, 0.8746593955622862, 29.25808256328319, 0.5984450992248784, -0.5758700626496661, 0.5569893483340549, 0.29942195738910277, -0.4840821340017713, -0.822198868263372, 0.7431083061351178, 0.6588157242235199, -0.11726843935533268
27.62872189887217, 1.0034052853110398, 29.13498478735103, 0.5973095877810323, -0.5740980099316842, 0.560029223645814, 0.3016324821727339, -0.48620793021932984, -0.820133948992572, 0.7431279176852184, 0.6587968758155394, -0.11725005062905605
27.495732495205573, 1.1322335460556932, 29.011665459312503, 0.5961003899684835, -0.5719654260472933, 0.5634890207324009, 0.3041620620578367, -0.48863702271576387, -0.817752590968808, 0.7430678065184542, 0.6588546208671625, -0.11730653638157176
27.3629223145671, 1.259554336142782, 28.886618341647377, 0.5948366347195654, -0.5693949964883048, 0.5674140604264102, 0.30705019127194194, -0.4914048735417302, -0.8150100798758873, 0.7428926961785036, 0.6590224489602154, -0.11747277868133565
27.23095018463996, 1.3875183845779548, 28.761337806205617, 0.593472825820632, -0.5663758388005666, 0.5718464953424374, 0.3103268133581686, -0.4945367861793485, -0.8118686076123192, 0.7426218916268482, 0.6592812573844004, -0.11773253474807199
27.097084157709943, 1.5116426796744968, 28.634289733574946, 0.5919230143197428, -0.5629763638348376, 0.5767883137529176, 0.3139860507017064, -0.4980234726922312, -0.808322572128427, 0.7423206214860093, 0.6595682181631215, -0.118024830039064
26.966024017789433, 1.6401111379776887, 28.508567142647927, 0.5901012990975345, -0.559357869113032, 0.5821505226869855, 0.3179505109942799, -0.5017884326546178, -0.8044351070238658, 0.7420835056527524, 0.6597932578583616, -0.11825788566844564
26.834093743965543, 1.7646079513536703, 28.37986581040551, 0.5879507758639109, -0.5557544766719166, 0.5877506672222068, 0.3220715038364982, -0.505689962961858, -0.8003421816798932, 0.7420133634763741, 0.6598595479484697, -0.11832812600442655
26.703619438589453, 1.8905184033690032, 28.251041788433938, 0.5854461529528457, -0.5524008033984481, 0.5933853338240356, 0.32618541789951755, -0.5095755287868831, -0.7962008877232465, 0.742196655302643, 0.6596863897840531, -0.11814394606264075
26.57160049991997, 2.0117661717738815, 28.11929298907138, 0.5825756058348519, -0.549447692305779, 0.5989264536702394, 0.3301877915314323, -0.5133509783060629, -0.792115392727476, 0.7426854554989958, 0.6592253078364501, -0.11764483710808141
26.442969248844026, 2.135839423126664, 27.98692843882316, 0.5793231048163626, -0.5469340063251421, 0.6043574546169337, 0.33406106919712003, -0.5170050466739426, -0.7881046781745121, 0.7434971030695458, 0.6584595465469415, -0.11680360991163555
26.312387824654316, 2.2558376292299203, 27.85264557445348, 0.5756721672316795, -0.5448318654740716, 0.609721079050761, 0.33783501087138745, -0.5205709469296924, -0.7841386322852949, 0.744626793302733, 0.6573919132273888, -0.11561492602135234
26.18273478928339, 2.3779737184326506, 27.719435642650637, 0.5716336775157455, -0.5431055798206714, 0.6150376150264932, 0.34152589049245835, -0.5240687216448907, -0.7802000007157288, 0.7460529504352611, 0.6560398647652004, -0.11409071384516672
26.05562834624164, 2.4989988849031732, 27.582836714628016, 0.5672740459583793, -0.5417206699955961, 0.620273224056571, 0.3451147619651405, -0.5274843733607582, -0.7763092405310867, 0.7477271948082103, 0.65444552986458, -0.11227239457905103
25.927900134748732, 2.6182347524884153, 27.445345116366997, 0.5627062632635862, -0.5406189875218047, 0.6253741053280271, 0.34857288759138744, -0.5307933770700434, -0.7724994064041607, 0.749572280250633, 0.6526787120700946, -0.11023563620893609
25.801243481459085, 2.7397013210965673, 27.308631596159348, 0.5580262182928755, -0.5397312031199449, 0.6303149752912817, 0.3518918895678807, -0.5339892406026758, -0.768783187236118, 0.7515176895816218, 0.6508039023386957, -0.10805296361797256
25.67713690442647, 2.8567182720970843, 27.16588700658427, 0.553229697937027, -0.539042676545838, 0.6351140796603434, 0.3550859319695035, -0.5370863921960396, -0.7651484746342967, 0.7535588113995184, 0.6488229343820555, -0.10572567134808811
25.553706843742145, 2.981319213229099, 27.029283851837906, 0.5481873710019889, -0.5386349766019767, 0.6398147921507565, 0.3581752559346191, -0.5401056086969276, -0.7615749585499063, 0.7557784677470628, 0.6466516012777742, -0.10315335309524716
25.430230574550112, 3.098746608811024, 26.88632087570648, 0.5427248064713242, -0.5386310605471205, 0.644458194962674, 0.36117462273923784, -0.5430636659356504, -0.7580466652058444, 0.7582893091227338, 0.6441726751069287, -0.10019425290779188
25.309981464405723, 3.2183379312259213, 26.743595674073312, 0.5367568956200207, -0.5390830979430522, 0.6490619758670814, 0.3640915760051764, -0.5459714428565359, -0.7545545095400459, 0.7611368860372129, 0.6413303338352818, -0.09677832203701901
25.187103929975123, 3.337086500272731, 26.599969093853193, 0.5303576896501956, -0.5399178284994053, 0.6536126218926571, 0.3669264636647839, -0.5488327538905953, -0.7510975825545715, 0.7642549910150165, 0.6381781465432298, -0.09296753187691448
25.067616609226782, 3.4570341613362667, 26.45590989859158, 0.5236968381124733, -0.540999195645929, 0.6580740779437038, 0.3696709739803898, -0.5516414441970725, -0.7476864904761606, 0.7675187246884522, 0.6348319363064732, -0.08890118052076722
24.952454229539715, 3.5781932441314144, 26.309134932175862, 0.5169022944864213, -0.5422509662195835, 0.6624016210642915, 0.37230538381073297, -0.5543777245512391, -0.7443480635475135, 0.7708441600869892, 0.6313709117114271, -0.08467616373257396
24.835088817606735, 3.696615075907938, 26.161891459170462, 0.5099770987515025, -0.5437295293862505, 0.66654449035485, 0.3747950470428221, -0.5570043800694576, -0.7411307531708612, 0.7742428762740855, 0.6277772849162717, -0.08027234319480994
24.721563379627746, 3.8202600406071165, 26.015943340994934, 0.5028312560040799, -0.5455888845267164, 0.6704427619612675, 0.37709341162371907, -0.5594698724928819, -0.7381016330308333, 0.777792573180886, 0.6239601196019597, -0.07558096487187943
24.606728207307047, 3.9385992589534857, 25.866918463199053, 0.49537051586014086, -0.5479743323699141, 0.6740416775542926, 0.3791608466018209, -0.5617281551376451, -0.7353220601408936, 0.7815658030010323, 0.6198270813617333, -0.07049315420625622
24.4954849898728, 4.060760397853123, 25.71766110992161, 0.4875477149973911, -0.5509344519048895, 0.6773244830249986, 0.3809912298459217, -0.563767925213608, -0.7328106230676761, 0.785584437461254, 0.6153348325949073, -0.06496256933098196
24.386093679642993, 4.18104901624377, 25.56597854326023, 0.4793516684175678, -0.554411083664394, 0.6803310431660211, 0.3826217697356018, -0.5656256387248115, -0.7305259873143084, 0.789824385107025, 0.6104883185837559, -0.05900384362978764
24.277293325828865, 4.30334553054278, 25.415363138556103, 0.47078178236449053, -0.5582879523049731, 0.6831391334895356, 0.3841153975768786, -0.567368935003131, -0.7283871586853857, 0.7942416979346212, 0.6053156646779704, -0.05265995971701061
24.16909280431771, 4.426291854017156, 25.2648563476165, 0.4618477033705353, -0.562433614719132, 0.6858317052494243, 0.3855362538815173, -0.5690708137239122, -0.7263058625060179, 0.7987856382249048, 0.5998556809779961, -0.04598549949773581
24.066728796534495, 4.55134242338187, 25.112017589721397, 0.4525739458165749, -0.5667069204654837, 0.6884911690534192, 0.3869449322586008, -0.5708050336919879, -0.7241928147332555, 0.8033993048088869, 0.5941589684658616, -0.03904711543994905
23.96229872424692, 4.67479703111746, 24.959251173099215, 0.4429714814421595, -0.5709590456912909, 0.6912177911282588, 0.3884086405998891, -0.5726593908909385, -0.7219417912351145, 0.8080315554087507, 0.58827458738901, -0.03190635196955949
23.864269722195885, 4.803778206674981, 24.806813803793542, 0.4329882390731969, -0.5750901118486401, 0.6941127776364664, 0.38998900371413264, -0.5747214556173988, -0.7194468885436064, 0.8126682975275646, 0.5822083919928817, -0.024568811259661736
23.766117313858, 4.929013434643536, 24.65133297720372, 0.4224975882131186, -0.5791704372136124, 0.6971781641817901, 0.39168298769326876, -0.5769995185699577, -0.7166979787342167, 0.8173617467839884, 0.5758759937936553, -0.01692969776449324
23.66880189121307, 5.057627216488634, 24.498250704438814, 0.4113596124016336, -0.5835443717620314, 0.7001851437081722, 0.39335364766580566, -0.5793177296184748, -0.7139074702072398, 0.8222263539639088, 0.5690930805540968, -0.008768609505804159
23.576427602929996, 5.187174968066887, 24.342747387296225, 0.3995186470061689, -0.588770636350976, 0.7026620727385441, 0.39473890959218977, -0.5813047480819685, -0.7115237052349895, 0.8273850638900423, 0.5616350484329, 0.00016859254111403765
23.48441644729459, 5.318521216806291, 24.18861771823804, 0.38706397774451273, -0.5953130460233688, 0.704119204657119, 0.3955923381779169, -0.5825725065394368, -0.710011251037113, 0.8328794505254191, 0.5533639415960677, 0.010008448118456722
23.395666514063237, 5.4476221965014044, 24.030698603312793, 0.37421289777678035, -0.6031071995972009, 0.7044333985065777, 0.3958889019592265, -0.5830284738454816, -0.7094714765167988, 0.8385920846532139, 0.5443707417554976, 0.02058667232814848
23.311680238470537, 5.577028020183466, 23.870660640444672, 0.3612279358643968, -0.6113330360713605, 0.7041209394407468, 0.39593348008060514, -0.5831036016043465, -0.7093848526345208, 0.8442458514570316, 0.5350346800010372, 0.03141390605734223
23.227256545016985, 5.7092716247397775, 23.71309907961995, 0.34830194010738025, -0.6186591438322778, 0.7042347778050639, 0.3962572083897949, -0.5836766848407138, -0.7087324970484145, 0.849509260288881, 0.5259110108431532, 0.041852423554334474
23.14976270044133, 5.848631645232019, 23.557628753436994, 0.3354626815845838, -0.6238603911615909, 0.7058774692563766, 0.3973518896575599, -0.5856777267784711, -0.7064651981104016, 0.8541523664134207, 0.5174744560800171, 0.05141908454109348
23.07124246765899, 5.989487795035151, 23.404718274634323, 0.32260336665343176, -0.6263794320063745, 0.7096308018845033, 0.3994198921995705, -0.5896075870061765, -0.702016127350389, 0.8581321678734315, 0.5099134245184429, 0.05997901263541558
23.00020872646585, 6.131749468985779, 23.249410152354884, 0.30974872305197887, -0.6264436244781757, 0.7152790461898872, 0.4022911284576695, -0.595280722746362, -0.6955592779129782, 0.8615205026764734, 0.5031990127943567, 0.06762526887829318
22.925913310299734, 6.27292936375758, 23.092907210441822, 0.29748884525234015, -0.6247125832330394, 0.7219657715575802, 0.405525498730595, -0.6019138683985065, -0.687930784969569, 0.8643202281734076, 0.49742726441143964, 0.07427422022761591
22.858429617073895, 6.412066566976017, 22.934342519668405, 0.2872480883971235, -0.6217696666195782, 0.7286226851971992, 0.40861052555712996, -0.608452573320739, -0.680310888067578, 0.8663290218595499, 0.49314090044443615, 0.07928479168621447
22.792784275694757, 6.548949500005236, 22.771833762818453, 0.28103284728087735, -0.6178006677729446, 0.7343996688782661, 0.4111451406299168, -0.613953605799438, -0.6738105395897827, 0.8671679261167408, 0.4913077496083001, 0.08146461249658636
22.730425782281376, 6.6880806078585655, 22.60984477533826, 0.2807011535201792, -0.6125600513801817, 0.7389025956549009, 0.41294100258440974, -0.6178824708944296, -0.6691046110631556, 0.866421716485121, 0.49294161481305615, 0.07951083944012481
22.67544622444152, 6.827977037461123, 22.445974345107853, 0.28729466527091657, -0.6055010921784438, 0.7421793601802624, 0.4140232722053204, -0.6202193394298651, -0.6662677397785225, 0.8637398366286408, 0.49869469454556414, 0.07250583599156263
22.62243158796359, 6.9636718144299845, 22.27782073411853, 0.30097816198413196, -0.5959471945052879, 0.7444857872182182, 0.4145422655162597, -0.6213045496807971, -0.6649326030858984, 0.8588171261155081, 0.5087510175982145, 0.060046198742976044
22.56294036870025, 7.096940049138736, 22.110107947275743, 0.3215327306641288, -0.5833493742516799, 0.7458687623649635, 0.4145988952780853, -0.6214462068644405, -0.6647648967928362, 0.851307499758965, 0.522980037414405, 0.0420407102719202
22.489861516695235, 7.232603267861608, 21.949631272875568, 0.34879390705952057, -0.567800551025623, 0.7456174251270911, 0.41396685087225127, -0.620422956995648, -0.6661132042015738, 0.8408176120759281, 0.5409971244727417, 0.018650858831673223
22.420080520642877, 7.36690467792762, 21.787066685215482, 0.3825435174918556, -0.5507950328907038, 0.7418121655566771, 0.41174099125114966, -0.6171231467859818, -0.6705433452242205, 0.8271214018198775, 0.5619464862812972, -0.009291566478524279
22.362407552228877, 7.4828077069703465, 21.604845380300503, 0.42196449612125186, -0.5356594783251244, 0.7314471185899863, 0.4061153071068087, -0.609640805106306, -0.6807411006270132, 0.810565433106224, 0.5843004467136668, -0.0397072615969559
22.2670365444043, 7.617477433654056, 21.45649372273284, 0.46515963094657636, -0.5267210807233044, 0.7114713071230063, 0.3946931541925727, -0.5960009214142534, -0.6992855037156706, 0.7923659708563733, 0.606092241160564, -0.0693423639184719
22.171232578431756, 7.733914641763016, 21.292933965875633, 0.5091532809368915, -0.5270451516792942, 0.6804309991487371, 0.37560965643534655, -0.5752522175498634, -0.7266376484854645, 0.7743902908118876, 0.6255463965968586, -0.09492830558356063
22.08715927937375, 7.8310750609638555, 21.108369915812297, 0.5505449633913606, -0.536234395580657, 0.6398069367243943, 0.34903732307716423, -0.5483500867128199, -0.7599244235456379, 0.7583358031792596, 0.6416890644216172, -0.11472556043958523
21.954692952071106, 7.919351437661488, 20.95471765821738, 0.5866354742348084, -0.5503388602375315, 0.5941262149423775, 0.31786723663732813, -0.5182808714342909, -0.7939429187151056, 0.7448618934016227, 0.6546083387933328, -0.12910725208284413
21.825530845285986, 8.039991827464021, 20.8198022358204, 0.616289417805136, -0.5641157241616688, 0.5495096025138799, 0.2867164015719734, -0.48915936958161776, -0.8237213219409419, 0.7334719207788566, 0.6652041497946853, -0.139722512591581
21.695324676319863, 8.176463091225713, 20.701177438032197, 0.6397894703080839, -0.5736213042579735, 0.5114958777783872, 0.26000173053342635, -0.46474689040587763, -0.8464097281917846, 0.7232347708749387, 0.6745138450465258, -0.14819763506219136
21.557110188137084, 8.310770579028086, 20.590358827087684, 0.6579690414018693, -0.5771287228887605, 0.48373461502511245, 0.24071626770456328, -0.44747697396936287, -0.8612897516106918, 0.7135351561199282, 0.6831447833248897, -0.1555017234531473
21.409421843967216, 8.435950269222815, 20.48072462107713, 0.6716189661801301, -0.5742602186112924, 0.4681379770832996, 0.23052259613380782, -0.4385223757478925, -0.8686526685851794, 0.7041216492473887, 0.6913199890708607, -0.16213998819601097
21.257346371313254, 8.564948498159177, 20.381997219650415, 0.6815808870711925, -0.5646260004378105, 0.46545136588997976, 0.23029798737162407, -0.4382415201903678, -0.8688539618335263, 0.694557651596918, 0.6993867668256507, -0.16866481256426127
21.106702414421246, 8.700011114726964, 20.289502191133014, 0.6891037757879197, -0.5472408260156418, 0.47504048726034975, 0.24007690152807987, -0.4461117837536598, -0.8621759436152255, 0.6837390346817338, 0.7081749464206185, -0.17603743270862854
20.951761773178113, 8.826306207971427, 20.191940363602075, 0.6959346181778915, -0.5211987303173818, 0.4939907800122807, 0.258315197500503, -0.4601647583717437, -0.8494243073358277, 0.6700360184063755, 0.7187491068990791, -0.18561103245741525
20.799971658645738, 8.956762839056168, 20.09491425489223, 0.703992354047788, -0.48719026306671664, 0.5167595311314901, 0.2813195910877106, -0.4768094300837215, -0.8327737117929936, 0.6521150612526115, 0.7316409057428516, -0.19861402752898044
20.633318859897283, 9.068919228072131, 19.9983913833662, 0.7147956518410546, -0.4487077312378188, 0.5364033445426409, 0.3036930668769523, -0.4917581888715122, -0.8160541678152752, 0.6299505514244691, 0.7462139476083381, -0.21523718813157652
20.502130818574596, 9.195285261590369, 19.873970392040206, 0.728926527868697, -0.4116604611996943, 0.5469934018378472, 0.3198551048907778, -0.5016426001319193, -0.8037707469224025, 0.6052758287298404, 0.7608484516759841, -0.233988898748771
20.344437093550667, 9.283027333140343, 19.743478667117262, 0.7458019451526424, -0.38216194383637686, 0.5456479701141909, 0.3258792393148467, -0.5050938008782395, -0.799176434648789, 0.5810182269000792, 0.7738426849157233, -0.25216129562705086
20.184142395386708, 9.359452424114526, 19.609940894625367, 0.7639249853496521, -0.3638367970305382, 0.53295534698987, 0.32069956226097185, -0.5026297537972028, -0.8028169912024685, 0.5599735775232211, 0.7842105047270933, -0.26728912576369973
20.016939136184508, 9.42368548675322, 19.478187835503938, 0.7815485301054049, -0.3564864448909915, 0.5119563552677737, 0.3061594567112155, -0.4958481831809997, -0.8126505806940614, 0.5435515450777179, 0.791866146419383, -0.27838772242780724
19.84308480210728, 9.499332847613703, 19.361557739698497, 0.7973898729196275, -0.35680094223609965, 0.4866851941292768, 0.28601575089472836, -0.48669780766028814, -0.8254212465515981, 0.5313796955147468, 0.7973821741411709, -0.28603721358689377
19.669188004058974, 9.575679863274374, 19.24581485768701, 0.810966779855481, -0.360294298646384, 0.4609998919020937, 0.2644999508019633, -0.4770485457365019, -0.8381315296756516, 0.5218933396744883, 0.8016312764442259, -0.2915726987044747
19.49088976399704, 9.659191910466959, 19.142190342540626, 0.8224363829941046, -0.36314309893139374, 0.43786468871796264, 0.24509802140694104, -0.46840506100492335, -0.8488366502027211, 0.5133472078719988, 0.8054339131942968, -0.2962277091133525
19.30536952659101, 9.733427590447565, 19.0445463324783, 0.8322053050541767, -0.3631503982138767, 0.4189941748005424, 0.22988224341194272, -0.461681926176032, -0.8567403067477807, 0.504567621239787, 0.8093031492089301, -0.30073231997397826
19.122869359613272, 9.821546126059244, 18.952586690149996, 0.8406588820483665, -0.359784665682149, 0.4047809758044158, 0.21938819452073693, -0.4571101932279383, -0.8619275441428056, 0.49513782337660495, 0.8133912131238579, -0.3053412357916578
18.941515929737736, 9.91369142107929, 18.86283605898911, 0.8481332159644567, -0.35362026259593243, 0.3944905041434738, 0.2129055044362731, -0.45434554184926995, -0.8650094651403702, 0.48511987607036305, 0.8176324592891828, -0.31005784518086066
18.748034593116422, 9.984822945166936, 18.778836858949077, 0.8549946932847564, -0.3456051906492118, 0.38670547791727383, 0.20903503654647015, -0.45274114255794407, -0.8667928306875543, 0.4746455814088246, 0.8219382641242889, -0.3148476806607118
18.55852518080539, 10.063483091971193, 18.692688755052785, 0.8616294762712134, -0.3365291263897618, 0.3799247197958277, 0.20633027127808787, -0.45165852839105664, -0.8680048345982503, 0.4637051485318069, 0.8262885215364962, -0.3197261553300357
18.36949867009542, 10.141863171863466, 18.60566605811075, 0.8683064800730039, -0.32683800423112436, 0.37312300338285964, 0.2038200597880201, -0.45069103576864733, -0.8691000940661506, 0.4522181330853927, 0.830695196367476, -0.32472180530534556
18.18051022202744, 10.220450011377963, 18.518664561349084, 0.8750574570736586, -0.31667761168998754, 0.36604608599752536, 0.20125334148160584, -0.4497378236126366, -0.870191348241671, 0.44019488793291367, 0.8351354263031203, -0.32981400875529093
17.98375299016954, 10.28600399925795, 18.437990938223, 0.8817054863075702, -0.3060050858511514, 0.3591048911507066, 0.19899188673863186, -0.44892845859230324, -0.871128847001486, 0.4277822628713478, 0.8395380435091482, -0.334930155515297
17.79160806605652, 10.36165711234484, 18.355467876394002, 0.8880107225502113, -0.2947492336365366, 0.3529303697707609, 0.1975967375068522, -0.4484468594332445, -0.8716942948024312, 0.41520174128066933, 0.8438117702041933, -0.33998413272146405
17.5932669482748, 10.423237314534301, 18.275069315318742, 0.8938109170489159, -0.2830280303887125, 0.34784648708656224, 0.19731247531590007, -0.4483497033788507, -0.8718086547888871, 0.40270315574736715, 0.8478665446250269, -0.3448948982758793
17.394969381045694, 10.492973356047097, 18.202961850166457, 0.8990978701429438, -0.2712818602912029, 0.3435537398739334, 0.19774341307647106, -0.44848307953801264, -0.871642397978075, 0.39053881047764016, 0.851627312646233, -0.3495859806480588
17.196375239289136, 10.560287096041359, 18.127990074243236, 0.9040480097770466, -0.2601493479077046, 0.3391452679919878, 0.19789595308186606, -0.44853284243419633, -0.8715821711185471, 0.3788593245150251, 0.855067603199359, -0.3540127203744557
16.996185870150832, 10.611568920712358, 18.045909177715842, 0.9090003287168039, -0.25015160298358474, 0.3333805302015781, 0.19651515861952915, -0.44815118871408377, -0.8720907661974726, 0.36755978401544914, 0.858245120917618, -0.35821099591668
16.794426373347797, 10.66941003285068, 17.972274074255186, 0.9143257793802844, -0.2414726475568808, 0.32511433318527516, 0.19253261147534068, -0.44708308662401375, -0.8735261342245177, 0.3562857879275023, 0.8612825750801041, -0.3622882321912538
16.590768028003975, 10.721240151539769, 17.899096985630354, 0.9201879903077064, -0.23401636999514797, 0.3138318037862932, 0.18551455844685782, -0.44526417473216157, -0.8759704123452768, 0.3447294752378042, 0.8642778218110083, -0.36631330255382083
16.39009777311231, 10.779958953734134, 17.82321453825716, 0.9263391221450324, -0.2276350217001415, 0.3001301845518821, 0.1760058485042731, -0.44287736448965087, -0.8791368387884743, 0.33304319851313824, 0.8672035152824723, -0.37018953389562675
16.18590955410162, 10.828241925180299, 17.749211257713398, 0.9321488130461211, -0.22233884281520194, 0.2857691888785502, 0.16550892614046325, -0.4403172062503677, -0.8824554114785074, 0.3220332059035811, 0.8698771159511371, -0.37364209805640697
15.980626571869626, 10.873954901553342, 17.67672412037806, 0.9368938989355861, -0.21844481589687495, 0.2729682848703419, 0.15582709524256527, -0.4380133036697059, -0.8853599619344746, 0.31296603414035246, 0.8720242016229426, -0.3763323707287607
15.771333598206256, 10.928559877655827, 17.624917074188755, 0.9401029039299403, -0.21670792692447874, 0.2631429353613511, 0.14791235464120125, -0.4361637779754009, -0.8876277903078074, 0.30712939515290444, 0.8733835544537807, -0.3779850545229151
15.560344422520894, 10.970495718816643, 17.568702380954893, 0.9417319381522633, -0.21836926324495848, 0.25584335350725, 0.14091001554349666, -0.4345362473946105, -0.8895631608940096, 0.30542646280817454, 0.8737809305369763, -0.37844624617826894
15.351412433316765, 11.022809505478278, 17.51313190512443, 0.9420944574649509, -0.22496121233385766, 0.24869757972103534, 0.13217943235333296, -0.43247189270962244, -0.8919061944391392, 0.3081990118033645, 0.8731325872749441, -0.3776941277833053
15.139052119229966, 11.065472595936583, 17.46247848710799, 0.9415470429749437, -0.23784589955365265, 0.23857597098336075, 0.11850115313573757, -0.4290964864404283, -0.8954516637038427, 0.315351617358529, 0.8713813937593533, -0.3758295145932086
14.931199739792852, 11.111138506744313, 17.397499430530964, 0.9400214565792702, -0.2577345827426354, 0.22345591518030347, 0.0979056732013642, -0.42366017757471225, -0.9005145934921603, 0.32676312571276317, 0.8683806416519445, -0.3730159793877229
14.721140123450054, 11.157107997889938, 17.34032499499938, 0.9367013616366726, -0.2845327805775209, 0.20403836865851455, 0.07113797019656946, -0.4159365182152313, -0.9066069721832624, 0.3428264113284091, 0.8637348607019489, -0.36936721850195314
14.513061789582435, 11.213047414765093, 17.285379621407742, 0.9301616230572854, -0.31761032565350256, 0.184182073041087, 0.04189256057978144, -0.40656420413220534, -0.9126612522104879, 0.3647524754672758, 0.8566383303101855, -0.36486491018440226
14.305840090019922, 11.27508387879179, 17.232731080472774, 0.9188827695215357, -0.3561863454315366, 0.16966361779874445, 0.015513301615712424, -0.39708681600806034, -0.9176499321776038, 0.3942255615119501, 0.8458447540067309, -0.35935060702589716
14.096860338171897, 11.343272343410462, 17.20090780011068, 0.9017191630663353, -0.39934746692691564, 0.16560239013372918, -0.003335621550587748, -0.38946833950848103, -0.9210338137926196, 0.4323094083961384, 0.829961452827517, -0.3525231371592769
13.889159967797864, 11.420399207160603, 17.183179448629975, 0.8782178739803316, -0.4455783235159616, 0.17376226124844124, -0.012843991345878318, -0.38516350146757466, -0.9227589658321097, 0.478088273970167, 0.8081516161896496, -0.3439804755248237
13.686997448742128, 11.509075919532444, 17.15588263319349, 0.8491296969511222, -0.4923445042536406, 0.19124760622536482, -0.014850446262918553, -0.38419595208687907, -0.9231321328205669, 0.5279755884522386, 0.7810187958886096, -0.3335437279686415
13.492630258560565, 11.608486082348449, 17.12536130376976, 0.8170043944717756, -0.5364388745097473, 0.21151159147555654, -0.013774340459888451, -0.3848567877872116, -0.9228735126977068, 0.5764669001414585, 0.7510782827434335, -0.3218187785578601
13.291988003072241, 11.72276130743822, 17.087802162257656, 0.7859182929978671, -0.5750609324902018, 0.2272385545078523, -0.014359890815807285, -0.3843790203087634, -0.9230636826797126, 0.6181635950677432, 0.7221895129880901, -0.3103483157082515
13.105995512170463, 11.846936744090204, 17.041670307821907, 0.7598243980155894, -0.6068008023294239, 0.23336595825572873, -0.01968416910930954, -0.380261382954806, -0.9246695702356461, 0.6498302991294906, 0.6979928845809719, -0.3008762460009281
12.972444675203889, 11.987762130856119, 16.947615278751, 0.7405795997585659, -0.6319193842837203, 0.22851640682438135, -0.030509747219231904, -0.37134022559566693, -0.927995469913069, 0.6712756600280252, 0.680282535878324, -0.29428669632332355
12.797774027536107, 12.118744270697492, 16.90909899348372, 0.7272050663899079, -0.6520575892576629, 0.21446139911027048, -0.0459001863182864, -0.3579283330981329, -0.9326202234894644, 0.6848839057189154, 0.6683623333619849, -0.2902168620706362
12.639782172373762, 12.265767049803536, 16.854324623892584, 0.71676209137312, -0.6696652441897395, 0.1944236742136307, -0.0643181389817034, -0.3411178130670015, -0.9378175806660465, 0.6943452177183637, 0.6596871215452693, -0.287571939345541
12.482216356885012, 12.415063317306412, 16.80582421695845, 0.7060038141172549, -0.6872212921104094, 0.1711300970664952, -0.08463434145348782, -0.32177721708244017, -0.9430251591624768, 0.7031327347653664, 0.6512958761091457, -0.2853384640468181
12.324295460028734, 12.563659461053005, 16.755936303351326, 0.6927543569467164, -0.7064028199117361, 0.14521176588723334, -0.10685236243020782, -0.29967175030321724, -0.9480397748582544, 0.7132138343964066, 0.6412424643541268, -0.2830797208113319
12.163444726232486, 12.713436334119368, 16.719060290441583, 0.6764127847262064, -0.7275461024219383, 0.11464036596934363, -0.13225990131561388, -0.2731059909613319, -0.9528485903883223, 0.7245502488874894, 0.6293566449571144, -0.2809575595804498
11.995907735026455, 12.856441014327523, 16.706356288130237, 0.6575643816023149, -0.7495582938091453, 0.07597004824197794, -0.16256902433826825, -0.23962763175893623, -0.9571572025656534, 0.7356496424070829, 0.6170421073796559, -0.27942555600160185
11.861514424583875, 13.03347575788891, 16.676505048783763, 0.6372526252365053, -0.7701758126390779, 0.027171846733670024, -0.19824326474622808, -0.19789652392976206, -0.9599669649520624, 0.7447205513559695, 0.6063548329503552, -0.2787922469255699
11.715203369763081, 13.19781179433202, 16.63407103946542, 0.6166944562041561, -0.7866352939562058, -0.02988079633299422, -0.23730255232608533, -0.149576366399311, -0.9598512433050783, 0.7505834039909128, 0.599025729762264, -0.2789134789432048
11.570771719346356, 13.362858496097548, 16.609903873098236, 0.597526589948818, -0.7968176461731931, -0.08968619208746317, -0.2759463523506061, -0.09932363388837269, -0.9560274192593032, 0.7528715593834928, 0.5960003812903317, -0.2792274352087327
11.439671122670443, 13.539562754744503, 16.62838096119829, 0.5816535131263482, -0.800146864515668, -0.14643833471302015, -0.31077100364060406, -0.05222023596275683, -0.94904922435678, 0.7517317167473971, 0.5975266037271808, -0.27903652784944094
11.318207909465723, 13.72297929156352, 16.672125739381432, 0.5701882484660974, -0.7973671001427853, -0.1977146148392913, -0.34077648884157263, -0.010582640320697603, -0.9400847793559112, 0.7475003317484037, 0.6034017859881823, -0.2777580578530503
11.197981397120257, 13.904738780012181, 16.717580500746106, 0.5624535446379924, -0.7895563448062431, -0.24545221225395966, -0.36762295841809256, 0.02709956200408355, -0.9295799988075886, 0.7406074335085272, 0.6130794337729751, -0.2750167946081128
11.073429309779705, 14.082684312683078, 16.76353817140164, 0.55615364777585, -0.7774317369783473, -0.2937567265688494, -0.3941926894808889, 0.06441084186215851, -0.9167678915682156, 0.7316455724088265, 0.6256605611587148, -0.2706355826293409
10.945053423088154, 14.257583643654048, 16.81356267990884, 0.5485547471680609, -0.7613459549907641, -0.3456009637986942, -0.42263716938254187, 0.1041611309183147, -0.9002934420854849, 0.7214329576722273, 0.6399240545760249, -0.2646350165025092
10.824025917906228, 14.434187243133263, 16.87410622781129, 0.537783642683715, -0.741749198339546, -0.400745405992976, -0.453128079074257, 0.14654252421902175, -0.8793180497123844, 0.7109597018230417, 0.6544718598672966, -0.2572992169158966
10.696880920330937, 14.603412909399172, 16.942612805540076, 0.5236276567386606, -0.719747797648292, -0.4558258273494523, -0.48386685548077, 0.18912169655076647, -0.8544623163492415, 0.7012039241658101, 0.6679791102079414, -0.24923275278397075
10.578526683932672, 14.76399541439923, 17.04089015822776, 0.5075757820674064, -0.6972947812578342, -0.5061094876499058, -0.5121226309551302, 0.22821994857282732, -0.8280374785823474, 0.692890493745048, 0.6794818931391811, -0.24126151904880797
10.464339859078027, 14.919787834681612, 17.151536143608105, 0.49198383330881773, -0.6766359896473502, -0.5478281165445167, -0.5356524798166484, 0.2607912085919097, -0.8031589919732245, 0.6863150359922451, 0.6885867287677873, -0.23413668729150797
10.344483073334336, 15.078571459881012, 17.257057657939722, 0.47857873734705986, -0.6591511523087089, -0.5800708151332863, -0.5538594552281841, 0.28600345129612703, -0.7819473957377459, 0.6813237820696068, 0.6955011029874828, -0.22820192753252955
10.254309842806094, 15.211784722893096, 17.407276629232875, 0.46710776890702205, -0.6443724797469056, -0.6054704283212582, -0.568222361925558, 0.3058846081575561, -0.7639096503514264, 0.677446440417576, 0.7008699692789827, -0.22326577554214078
10.151152919864415, 15.351409832877767, 17.544844589535266, 0.45515335414845476, -0.6300449347349197, -0.6291890053253332, -0.5817183415233628, 0.3245716398320165, -0.7458264018872383, 0.6741210539233438, 0.705476173114037, -0.21877882398818632
10.045053325759172, 15.499588784882558, 17.674266766705934, 0.43945272532325874, -0.6133379577016106, -0.6562757437604851, -0.5972618246713414, 0.34619643363121266, -0.7234820952389142, 0.6709393526960693, 0.7099046266812512, -0.21418638150062885
9.943292465655777, 15.641814889049867, 17.811313316570114, 0.41798744806903154, -0.5924737323540257, -0.688666370405314, -0.6158964367490817, 0.37243719828255945, -0.6942349116367039, 0.6678009227730396, 0.7143286427170116, -0.20922838654816653
9.833830588436252, 15.780777955247226, 17.946307567423307, 0.3915413033836689, -0.5678106131445348, -0.7240763187296249, -0.636144223501091, 0.4015239728891338, -0.6588619173252617, 0.6648427894252984, 0.7185886213931817, -0.20399622190970815
9.734071016071374, 15.921269981994579, 18.087035004619054, 0.36363430925851103, -0.5415532347166684, -0.7579513065481177, -0.6552340912037604, 0.42965472868031185, -0.6213413714271967, 0.6621467925275087, 0.7225765759354235, -0.19860694110471483
9.648360774765461, 16.044580341288096, 18.252514223269802, 0.3388001355629919, -0.5159127313697157, -0.7867963661285796, -0.6710871751391789, 0.45360987515310136, -0.5864128959421893, 0.6594364802664585, 0.7266857193961, -0.192539330318658
9.582578055674691, 16.14977937969467, 18.439303955166004, 0.3206462535973643, -0.49107754142684873, -0.8099560656974774, -0.6832670638153548, 0.4722990142341542, -0.5568480588621909, 0.6559970270962503, 0.7319675467256782, -0.1840962003444764
9.525475972024214, 16.25172248522693, 18.628528407480154, 0.31118129762850855, -0.4650386715242903, -0.8287974625885149, -0.6924714575948715, 0.48633597892113023, -0.5328795323741194, 0.6508836151130797, 0.7397407313334513, -0.1706873457042997
9.449530764584734, 16.36707373784329, 18.802771038360994, 0.31102917832857446, -0.4355853398380486, -0.8447048371747515, -0.6995459162690347, 0.49671661560129426, -0.5137198797174514, 0.6433477762917724, 0.7506916913778703, -0.15021858485774564
9.374749999009344, 16.48216179011249, 18.979143250595744, 0.31902675922537627, -0.40258529564603085, -0.8579900970452699, -0.7050383399939252, 0.5041775139566077, -0.49872434626669765, 0.6333584025153247, 0.7640223256882829, -0.12299195019635772
9.315731875224555, 16.58648320382769, 19.16616101327084, 0.3311081106246488, -0.36854077928338785, -0.8686455624037738, -0.7095293634712845, 0.5096231778180565, -0.4866747363513535, 0.6220413985022293, 0.7774714854165513, -0.0927501370002872
9.275816676153513, 16.666603664287486, 19.369450480436946, 0.34032281813408566, -0.3370974120997834, -0.8778073331961307, -0.7141824537333843, 0.5145830717096082, -0.4744972972412663, 0.611656604833657, 0.7883968525213259, -0.06562469579228898
9.199356309270476, 16.737516223409383, 19.564026323530076, 0.33938499338715006, -0.3107796536943127, -0.8878253393056807, -0.7206009670137924, 0.5207654817045494, -0.45775272735814027, 0.6046090245790179, 0.7951222043904143, -0.04720812941577876
9.098052889008228, 16.8041215071886, 19.752443921276157, 0.32459234816516597, -0.28959510775303227, -0.9004301644648147, -0.7296858382910095, 0.5290558637874692, -0.4331956490890018, 0.6018291991172998, 0.7976431323327523, -0.039585963828421784
8.997259410836147, 16.868382263326716, 19.943133115678233, 0.29834123004251933, -0.2713716649551093, -0.9150682651672543, -0.7406168885038712, 0.5389362080704906, -0.4012909020815764, 0.6020624011840974, 0.7974366326486969, -0.04019554689696678
8.914688777780515, 16.931287562834044, 20.141560932084985, 0.2682664834543323, -0.25339958346427205, -0.929420112196406, -0.7513188390856403, 0.5488205451817544, -0.36649148860704467, 0.602953643234745, 0.7966082225828047, -0.043153723169762986
8.852060551510688, 16.991788236501925, 20.346992201502022, 0.2432551008466318, -0.23408581181832444, -0.9412920846461268, -0.7599646628279861, 0.5570296007266108, -0.3349204908140107, 0.6027276890643405, 0.7968198394993116, -0.042396653352017616
8.809084570703885, 17.04857898989183, 20.557912387303492, 0.22882726377670753, -0.2136111162841103, -0.9497412144117582, -0.7659018133532126, 0.5626873865008196, -0.31109052922764796, 0.6008597970031994, 0.7985945129242583, -0.034846926299754825
8.77553805939098, 17.103816942954612, 20.770709641661977, 0.22487676499523285, -0.19353972465164915, -0.9549726779060449, -0.7694911112150029, 0.5659727000432331, -0.2959025727614964, 0.5977573674379757, 0.8013846004182614, -0.021652987925103673
8.731634925230438, 17.153704373318984, 20.983012480261394, 0.22684250467073988, -0.175876393719241, -0.9579196063381414, -0.7715812689712217, 0.5677324752888692, -0.2869532747245319, 0.5943103763585694, 0.8042060249927802, -0.006917074370528159
8.690790481129437, 17.18604627318773, 21.199864537205695, 0.22890345180973148, -0.16207352724623464, -0.9598621679780666, -0.7731199981143119, 0.5688981111952268, -0.2804289706756949, 0.5915138867899183, 0.8062797968723187, 0.004920456301635068
8.62797105543672, 17.221538433482642, 21.409787045112388, 0.2267723685362912, -0.15242889467054582, -0.9619458014555479, -0.7748716399580022, 0.5701215192374471, -0.27301171200368174, 0.5900408752427553, 0.807296033293798, 0.011174979680633178
8.562924497362973, 17.253815758876524, 21.620108268957804, 0.21850309146547978, -0.14611784337176345, -0.9648346878447173, -0.7772677087747049, 0.5717427893669822, -0.26261205551722683, 0.5900095829019634, 0.8073163931540394, 0.01135488567111047
8.515913312386282, 17.283688228192585, 21.83542443923837, 0.20352217980582393, -0.1416979041058461, -0.968762316721236, -0.7804684145565478, 0.5739408991313848, -0.24791308594716463, 0.5911410797827154, 0.8065442010679068, 0.006218964307458497
8.470706209703565, 17.316419657455928, 22.050819004006637, 0.18146873244184458, -0.13772170625331148, -0.9737052073254137, -0.7844524917714021, 0.5768426041676827, -0.2277869578590584, 0.5930458559838258, 0.8051616866466778, -0.0033572394446571984
8.413295344442863, 17.35119744471791, 22.263393021690653, 0.1523500034400838, -0.1332921874265603, -0.9792970280884392, -0.7889105493185693, 0.5804502623128011, -0.20173655631757412, 0.5953231237115519, 0.8033123214242661, -0.016724013342408597
8.382947845265983, 17.377544182808965, 22.481803096947846, 0.11798433562971833, -0.1285789260100113, -0.9846558568008044, -0.7931199787568605, 0.5844640589604562, -0.17135478715281233, 0.5975285732437665, 0.8011674129478685, -0.033020911369742154
8.336167235708858, 17.407371050648486, 22.697492805864947, 0.08300294310818922, -0.12510305386454082, -0.9886656347568396, -0.7962365326437021, 0.5882569112786739, -0.14128407700943918, 0.5992644620857419, 0.7989386911688783, -0.050784566892377404
8.28857510219022, 17.44476764654763, 22.91178634115439, 0.05361509130390987, -0.12529816557339019, -0.9906693654738783, -0.7979128864578707, 0.5911205690169449, -0.11794701568735223, 0.6003835837270558, 0.7967915929457506, -0.06828403768107733
8.294521499790735, 17.468457290985093, 23.132405254429884, 0.03439220657826428, -0.1311592305200969, -0.9907645696006968, -0.7984894517803658, 0.5925739097795344, -0.10616382078696655, 0.6010255997228147, 0.7947662660795137, -0.08434933775589933
8.305647415525115, 17.4858829866785, 23.35389120593282, 0.025541219921699495, -0.1427000595457258, -0.9894363744529294, -0.7985186247455719, 0.5925509156173894, -0.10607270306461569, 0.6014280106707304, 0.7927925992380604, -0.09881418204897606
8.316193783756496, 17.498814699331778, 23.575616366903237, 0.022961708263819124, -0.1574403826877042, -0.9872615083415116, -0.798351796987128, 0.5915137286811336, -0.11289781675996101, 0.6017534114577422, 0.7907743260127326, -0.11211064676504971
8.305805553874938, 17.538395993244343, 23.794307136971497, 0.020963893312748397, -0.17149743752938063, -0.9849614937133471, -0.7981841641569637, 0.5903845100766731, -0.11978384845452289, 0.6020486319777009, 0.7886918024059735, -0.12450978094670315
8.290105529039648, 17.57677883264485, 24.01354566299163, 0.01543324463739149, -0.1816111287253239, -0.9832493136957057, -0.7981368353955614, 0.5900934287481677, -0.12152093372332881, 0.6022785127702308, 0.7866429579366645, -0.13584347530865834
8.279577629488688, 17.61496461305704, 24.232413853076856, 0.005331083320953557, -0.1867396630113631, -0.982394970370384, -0.7981811667519958, 0.5910109202425811, -0.11667440677560845, 0.6023938948836116, 0.7847511646454691, -0.14590135364187767
8.276212154424712, 17.670244107817176, 24.44756485881183, -0.007838157225666045, -0.188229171371206, -0.9820938561747624, -0.7981716270313491, 0.5928068617885356, -0.10724774318630992, 0.6023791306921534, 0.7830388264073099, -0.15488569735527039
8.271965800395293, 17.71976991108227, 24.664218832563584, -0.02155167810906866, -0.18858446724535566, -0.9818204641809358, -0.7980225977273965, 0.5948132345578994, -0.0967323602068476, 0.6022420266695949, 0.7814301726376802, -0.16331388980838166
8.275968793787495, 17.751890617699857, 24.884542009319837, -0.03366135858629013, -0.18982336727383428, -0.9812410520228697, -0.7977876210943835, 0.5964788363053823, -0.08802221008553096, 0.6019981931589907, 0.7798590174362285, -0.17151702060352622
8.284702759487466, 17.783333795215775, 25.10499081358418, -0.043164782921262204, -0.192569895763288, -0.9803334314206962, -0.7975703996975324, 0.5975895828576867, -0.08226875461737979, 0.6016795318453827, 0.7783338138007961, -0.17938287335369743
8.29331207742448, 17.830545475886275, 25.3220968752339, -0.050328945731749654, -0.19625646348458303, -0.9792601277301426, -0.797414877483831, 0.5982492052500464, -0.0789138871500735, 0.6013289535595117, 0.7769049420348749, -0.18660707557006068
8.311252883696307, 17.879409607063, 25.53830733009576, -0.05628388540886793, -0.19989027423715974, -0.9782003897508295, -0.7972836645819579, 0.5987405801268688, -0.07647532870216718, 0.6009749432663939, 0.7755988627987626, -0.19306869655959502
8.320724896467752, 17.918257268277646, 25.75725516810742, -0.06232365712839045, -0.2027255724953045, -0.9772502770624287, -0.797103406391841, 0.5993531700322585, -0.0734978713352052, 0.6006179495158853, 0.7743888686110705, -0.19894712586664773
8.330759555072612, 17.96180604009149, 25.97520975146616, -0.06930267746832691, -0.20466351107316036, -0.9763759450800329, -0.7968184101420126, 0.6002360665025485, -0.06926099716509758, 0.6002312555627843, 0.7731943557119093, -0.2046776200290812
8.343009106073433, 18.009269718411467, 26.192235063059123, -0.07744718567508042, -0.2063798126133354, -0.975402125472717, -0.7964241243621315, 0.601342516715496, -0.06399837282529514, 0.5997587411326506, 0.7718772898174671, -0.21093814709298167
8.358638533834904, 18.05917150141751, 26.408570414060055, -0.08656760080552818, -0.20894572633104197, -0.9740881551167574, -0.7959644049322167, 0.6025098009928377, -0.05850304084809189, 0.5991216208514571, 0.7702750308529834, -0.2184711886559838
8.377309068945682, 18.107579992300217, 26.62498200712909, -0.09638552531244607, -0.21285588050690188, -0.9723179545004171, -0.7954775158023303, 0.603635401089838, -0.05329000285291442, 0.5982686289311827, 0.7683206860971152, -0.2275037822807811
8.396986213310093, 18.14786229897426, 26.842818081408755, -0.10674895148675932, -0.21714235172211793, -0.9702854530729942, -0.7949163623554418, 0.6048252355946545, -0.047900013021527424, 0.5972542492239543, 0.7661825066369362, -0.23717446807671344
8.416895666673746, 18.183487477677467, 27.06146438087847, -0.11773378097546724, -0.2196169677798981, -0.9684560621320845, -0.794116344038735, 0.606383280913821, -0.04097009590840145, 0.5962532926095875, 0.7642432231242574, -0.2457932199245384
8.441005811166953, 18.23601608769572, 27.276265359511726, -0.1296664240170706, -0.21838360873433657, -0.9672100174826527, -0.7928613343539778, 0.6086068330081598, -0.031122777867790552, 0.5954473301384894, 0.7628278457502362, -0.2520637910906657
8.468906245152116, 18.298471269943683, 27.48862031171759, -0.14295728005084904, -0.21341889895616487, -0.9664448197640677, -0.7910197835360578, 0.6115247140003576, -0.01803402953721512, 0.5948536947309241, 0.7618988763183203, -0.25624048105217384
8.498841022867568, 18.357934104247743, 27.701283030924767, -0.1576642287631989, -0.2068499126231123, -0.965585368890973, -0.7886725951077491, 0.6148064449320731, -0.002927967894997141, 0.594253757829527, 0.7610690828813089, -0.2600698413651406
8.529058163589182, 18.401546131849603, 27.91699512142968, -0.17303086696471037, -0.20181282502237588, -0.9640186215701068, -0.7861631229298893, 0.617907308143493, 0.011751710002636095, 0.5933025056601097, 0.7599092986661963, -0.2655748379987934
8.55926535875902, 18.43210219854553, 28.135287051243225, -0.18747660965841498, -0.20101838488782953, -0.9614801764821128, -0.7840346973176279, 0.6202835402864492, 0.02319316821317571, 0.5917280745689205, 0.7581819956888962, -0.2738940437106302
8.598661273004204, 18.480165713207263, 28.348996248519324, -0.1992123865617692, -0.2060552365902486, -0.9580478404099144, -0.7828627428856847, 0.6215130432012668, 0.029111216604647248, 0.589440710200667, 0.7558192750945408, -0.28512606431839305
8.64545179299987, 18.52542199709057, 28.561744186532955, -0.20700979767549715, -0.21736846406408414, -0.9538856820902444, -0.7830445387083148, 0.6213191818607281, 0.02835003793644633, 0.5865050673825694, 0.752803709530138, -0.2988283468016904
8.701258922410057, 18.561069391510905, 28.774220504800393, -0.21044490828884696, -0.23419905351030373, -0.9491384218912311, -0.7846473224425834, 0.619583496948026, 0.021091934319545518, 0.5831307914687608, 0.7491776115478449, -0.31415185244795757
8.747770063520873, 18.607782872475727, 28.986529069298406, -0.20952749607875865, -0.2542404802356803, -0.944171598067055, -0.7873786286359609, 0.6164075995901239, 0.00875021913412488, 0.5797698884508573, 0.745253949588375, -0.3293378615777548
8.78995840813675, 18.658773223058578, 29.19907467625646, -0.20432762402414814, -0.2735996905556758, -0.939890116656455, -0.7906686802077125, 0.612211584233588, -0.006325683267006818, 0.5771423223081465, 0.7418491662447555, -0.34141844464340343
8.839453186543833, 18.709072045951874, 29.410038404597497, -0.19514056055788556, -0.2877379230253503, -0.9376177522200674, -0.7938320440261503, 0.607764055175744, -0.02129645777117419, 0.575978165820909, 0.7401552140526965, -0.34701500199298135
8.89285534685034, 18.77705434124359, 29.615519605627195, -0.18300325798385336, -0.29325024248173015, -0.9383571296962055, -0.7962798388691267, 0.6040020893136709, -0.033464822056570386, 0.5765832340415847, 0.7410706925719885, -0.3440436060051406
8.94054258560633, 18.855060965498044, 29.81862980037387, -0.16991743203198983, -0.2894938360067882, -0.9419773804108721, -0.7977091514371495, 0.6016464778503184, -0.04100762616549748, 0.578608828143053, 0.7444560662687767, -0.33316210677467795
8.976345920110376, 18.936489921992163, 30.022157979142357, -0.15840440532160716, -0.2790198077788543, -0.9471303982249536, -0.7981632320270989, 0.6008670971526783, -0.043522254070408814, 0.581243063971316, 0.7490705430240633, -0.31788334677814056
9.013172695077362, 19.00095009951145, 30.232043294006775, -0.15059689325357498, -0.26646068521957245, -0.9520080246377586, -0.7979335991924741, 0.6012754586946912, -0.042068920252756645, 0.5836287750120923, 0.7533037408667268, -0.30316814966958516
9.045226475739751, 19.05830496168949, 30.444836310455337, -0.14743009633654663, -0.2564213547924635, -0.9552551782118713, -0.7973879311673459, 0.602231743331803, -0.03859293396721048, 0.5851810437145557, 0.7560191903185627, -0.29325437754142464
9.070270690074764, 19.114331684505288, 30.65853003942837, -0.14843623385389632, -0.2514792383333689, -0.9564125036648884, -0.7968190580695115, 0.6032069087726665, -0.03494014748309644, 0.5857013515235285, 0.756901326393469, -0.2899212115856986
9.09775106160376, 19.165193419530755, 30.873682414458173, -0.15223064809516929, -0.2513179590036948, -0.955858312336479, -0.7963520270974697, 0.6039876127149841, -0.031975187639876154, 0.5853625190582975, 0.7563321011097384, -0.29208299182364733
9.133426996079125, 19.210410301470016, 31.088887729450295, -0.15728627087668604, -0.25339282955354714, -0.9544910177285865, -0.7959301839717309, 0.6046756626570412, -0.029368098899906537, 0.5845991543240824, 0.7550890125813745, -0.2967901815128872
9.170254889628241, 19.263085609263452, 31.301703989169578, -0.16243076589746713, -0.2546922402642679, -0.9532828064321367, -0.79540796620011, 0.6055058764476382, -0.026245016532330127, 0.5839027432675471, 0.7539857401413811, -0.3009370201023581
9.20361421557017, 19.330026995824824, 31.511148143958415, -0.16683101724091554, -0.25351604784599513, -0.9528363055482869, -0.7947178042530981, 0.6065714714520062, -0.022240989719044, 0.5836017677230732, 0.7535254896186958, -0.30266865249874975
9.239187969292665, 19.393100427168413, 31.72156344874656, -0.169711370851068, -0.250187597214577, -0.9532073314887207, -0.7939917467771869, 0.6076582142241411, -0.018127347727657096, 0.5837595024096507, 0.7537623371367957, -0.3017733958792802
9.277300816114865, 19.450732144567283, 31.933172924135015, -0.1701560057599903, -0.24638555538721893, -0.9541179653482781, -0.7935344935448103, 0.6083259836633744, -0.015572577004764235, 0.5842516078355177, 0.7544757489121302, -0.2990257564911305
9.31738878086809, 19.50379551457167, 32.145628865034226, -0.16705032607183284, -0.2438028135101211, -0.9553294597592201, -0.793678268921511, 0.608116387572079, -0.016409284202508378, 0.5849521296662215, 0.7554830555947858, -0.29508703581844775
9.358723038460512, 19.553452084439947, 32.35856518908932, -0.15906387814215958, -0.24326166463346788, -0.9568293709905284, -0.7946488770141967, 0.6066656766815735, -0.022134113864454394, 0.5858599192046272, 0.7568226471613035, -0.28980620389029804
9.398417994636022, 19.604628984401067, 32.57139009584604, -0.1448478475862109, -0.24483995752933552, -0.9586826879873628, -0.7964988609860312, 0.6036926075584652, -0.03383489363387855, 0.5870337856525779, 0.7586887575127853, -0.2824583221045347
9.435066007904814, 19.659597138849932, 32.7839012255488, -0.12380798735347615, -0.24853905841036597, -0.9606768024221102, -0.799039910867289, 0.5990253626500232, -0.05199842058373729, 0.5883934084510775, 0.7611812867816031, -0.27275675160264434
9.469755094913012, 19.716208122782973, 32.996349714966065, -0.09728277172035253, -0.25457712462663123, -0.9621468442723503, -0.8017868921844619, 0.5927861715701382, -0.07577819156195718, 0.5896387384217457, 0.7640648155831122, -0.2617844833834826
9.503640549416517, 19.772194401698233, 33.208998846062215, -0.06904593336364366, -0.2629432990400687, -0.9623375086610041, -0.804107653345134, 0.5856127599069887, -0.10231606553176968, 0.5904604482247097, 0.7667584475726659, -0.2518688987513749
9.537958520296154, 19.824977228150228, 33.422196493099136, -0.04406750427555128, -0.27276395994211955, -0.9610712133986836, -0.8056036213566171, 0.5786210933115171, -0.1272809319265408, 0.5908137272643794, 0.7686334968837087, -0.24523802140837223
9.548727948699973, 19.87287911723455, 33.637741261673895, -0.026013009133396364, -0.2823314433585648, -0.9589641700537593, -0.8063316837339038, 0.5729532319433885, -0.14681215825834454, 0.5908913090938751, 0.7694241678662656, -0.2425570257498872
9.524738716636001, 19.93604456776225, 33.84961918426949, -0.015524596263623505, -0.290016365147028, -0.9568957596612899, -0.8066081891165865, 0.5691818719295272, -0.15942153529827838, 0.5908825739188054, 0.7693650009025008, -0.24276589386769837
9.520571504420424, 20.006553692772094, 34.05996231331999, -0.010802744192924542, -0.29531917263636964, -0.955337577504032, -0.806699956127279, 0.5671129015955965, -0.16618705613876672, 0.590862489503394, 0.7688755056036012, -0.24436033921374808
9.542373181107408, 20.075195571908438, 34.27099213103293, -0.009724125802277455, -0.299005406745465, -0.9542018696871016, -0.8067305238797717, 0.5661793057962978, -0.16919472665745633, 0.5908394902323731, 0.7681385034126341, -0.24672238722286252
9.543451493276025, 20.148739599948875, 34.480558951982566, -0.011304075233012082, -0.30211582619172844, -0.9532041992393947, -0.8067357029801271, 0.5659845798223034, -0.16982037846068607, 0.5908043021342063, 0.7670641974227842, -0.25012555569524203
9.539972643168444, 20.20367261043095, 34.696124272393895, -0.015329236774785636, -0.30486065621287506, -0.9522735924057527, -0.8067138484133305, 0.5664524618777359, -0.16835787837462893, 0.5907434140792911, 0.7656314966915269, -0.2546185971130859
9.539478202651294, 20.264467085921414, 34.910119502672046, -0.021144711950417106, -0.3065485453535392, -0.9516201398132361, -0.8066477291380134, 0.5675607488510873, -0.1649067537733948, 0.5906541646623851, 0.764135318975129, -0.259277596528813
9.537903560011129, 20.338452350754043, 35.12014271468516, -0.02741153905382569, -0.30648460634895064, -0.9514808424754696, -0.80652602369191, 0.5691125834109131, -0.1600832299495272, 0.5905627660413559, 0.763005932791145, -0.26278806268759136
9.54040943883769, 20.41619111940049, 35.328873674972215, -0.03338047275139698, -0.30462866478338846, -0.9518860859531371, -0.8063467408991783, 0.5709246913997877, -0.15443422610072688, 0.5905003619644671, 0.7623951556393489, -0.264694067136924
9.552862760100169, 20.488450491795852, 35.53894121785877, -0.040369932301148145, -0.30118294067606755, -0.9527114488719641, -0.8060610866887696, 0.5732671330671831, -0.1470724946108292, 0.5904538873545677, 0.7620063191277674, -0.26591460380586573
9.576658106347983, 20.547959994408117, 35.75247295605083, -0.051643227701744183, -0.2957343032845804, -0.9538732614416496, -0.8054880359353244, 0.576966993053784, -0.13527051745124802, 0.5903575196417841, 0.761347693755789, -0.2680068809100654
9.575484321388707, 20.607015205357694, 35.966550350319366, -0.07022824746124207, -0.28725023547166445, -0.9552776012657241, -0.8042618474913444, 0.5828186292303499, -0.11612633677105895, 0.5901108996860946, 0.7601379793455457, -0.27195473599137554
9.572010429160692, 20.679655555399446, 36.177209382977516, -0.09616146338530687, -0.27525650758672676, -0.9565494383411421, -0.8019356172000949, 0.5906896933031043, -0.08935855913894007, 0.5896204192745526, 0.758498214405705, -0.2775395826145489
9.57971792830684, 20.75571409331183, 36.38678844146319, -0.12542859186983926, -0.2610644681842768, -0.9571379272566781, -0.7984152159702503, 0.5992278932039108, -0.058813900683266154, 0.588897963359297, 0.7568165401588838, -0.28359815460120485
9.596968451234847, 20.821722088468512, 36.59858800166043, -0.1517358050999209, -0.247615215675793, -0.9569027904737814, -0.7944097560749657, 0.6065907619501483, -0.0309965638362046, 0.5881236136252245, 0.7554696237987131, -0.288749480716137
9.626589656707592, 20.872133397754475, 36.81277537746762, -0.16998264767476906, -0.23778947069039807, -0.9563273849044874, -0.7911370456481999, 0.6115320098304414, -0.011435731536677264, 0.5875441042955954, 0.7546421460411029, -0.2920738894971021
9.682905418977214, 20.915252766001547, 37.02378950881798, -0.17888976820762897, -0.23263774159858197, -0.9559697338381231, -0.7893647627379166, 0.6139221671048931, -0.0016864415033945568, 0.5872833406272763, 0.7543071350061215, -0.293460429871769
9.741868442032391, 20.959844694006225, 37.23431024344138, -0.18100413800724235, -0.2310790268926709, -0.955949781816279, -0.788893083388872, 0.6145299208354746, 0.0008242445895951612, 0.5872692781045621, 0.7542913626234107, -0.2935291046323432
9.775518103105856, 21.01596960314929, 37.4467700460789, -0.18040025429253997, -0.2311054964018909, -0.9560575284908448, -0.7889821155347314, 0.6144160615098869, 0.00035316429412727554, 0.5873354830227157, 0.7543760023300811, -0.29317891720067263
9.791972160339355, 21.042619705200195, 37.55344772338867, -0.180128799235667, -0.23119972920851978, -0.9560859275712742, -0.7888447734727546, 0.6145924856071023, 4.767670419569825e-08, 0.5876032156571603, 0.7542033955433978, -0.2930865044661282
9.791972160339355, 21.042619705200195, 37.55344772338867, -0.18053766261203685, -0.23109098763094083, -0.956035097584989, -0.7880282204373854, 0.6156391181481827, 1.267244098546172e-07, 0.5885725751110651, 0.7533826595041094, -0.2932522671449364
9.791972160339355, 21.042619705200195, 37.55344772338867, -0.18094637584581286, -0.23098169644771321, -0.9559842388734255, -0.7872102787437041, 0.6166846658060013, -2.4387343311449428e-08, 0.5895408264984928, 0.7525606147453354, -0.2934180209625802
9.753260426207019, 20.972144261153183, 37.28589884884183, -0.1787402896523132, -0.2323054790873837, -0.9560784869669374, -0.7876688373448213, 0.6160940219001396, -0.002441076559179557, 0.58960131574723, 0.7526369115083922, -0.29310061054908076
9.68212301618848, 20.914723502506696, 37.0211529518725, -0.17224276620239143, -0.23602130827626136, -0.9563610048148713, -0.7889655467432057, 0.6143636067628768, -0.009524953412156525, 0.5898014882510411, 0.7528952787239879, -0.29203236761014345
9.615585686151608, 20.859519322419118, 36.75554140420002, -0.1589580995163152, -0.24326872644246342, -0.9568451543134987, -0.7914288364799967, 0.6107973572238651, -0.023811450948246396, 0.5902310728740735, 0.753489824180396, -0.28962107221422295
9.586821012520138, 20.7891410758353, 36.486896027667804, -0.1380283367077864, -0.2542019431799564, -0.9572510383119028, -0.7948629731722758, 0.6050384978294542, -0.04605724724739206, 0.5908815720137258, 0.7545262011539505, -0.28556816984176736
9.572797359972867, 20.696460675569753, 36.223010299949294, -0.11169832609580875, -0.26741559529259784, -0.9570853584407715, -0.7984587026491333, 0.5975137179332776, -0.07376352110233478, 0.591597146807908, 0.7559538717910355, -0.2802615913979037
9.575855027701147, 20.604527307744384, 35.958559132662764, -0.08467878946172136, -0.28049484368942557, -0.95611304001093, -0.8013415773503544, 0.589454387942908, -0.10195685825140852, 0.5921833998221696, 0.7575395482735515, -0.27468646449463074
9.569929995265186, 20.531553342108506, 35.689402335493625, -0.06154357857388459, -0.29128934965492315, -0.9546532892699485, -0.8031712082401575, 0.5822941402491694, -0.12589497402806102, 0.5925608814209435, 0.7590020085672321, -0.2697916840833717
9.54442956733306, 20.44992578279782, 35.42304591834254, -0.04434423971200939, -0.2987579747504762, -0.9532980965717689, -0.8041431549850756, 0.5768832751243964, -0.1433857495443621, 0.5927793642621279, 0.7602298069694082, -0.2658256306307648
9.537887948329727, 20.353493165771237, 35.16056374749145, -0.032389322687658005, -0.3028855599899453, -0.9524763878046594, -0.8046088630690679, 0.5732381971956482, -0.15492755321951412, 0.5929211661313306, 0.7613529449772035, -0.2622712030094091
9.539578503342167, 20.260163974954622, 34.896845343772995, -0.02393060778102236, -0.30414605607948414, -0.9523247883902457, -0.804822148804788, 0.5709452072346752, -0.16211995290215697, 0.5930334179491697, 0.7625724535459233, -0.25844654822317953
9.540204475063186, 20.1874750836648, 34.62693721236107, -0.017939316872319266, -0.3030861213603438, -0.9527943030627847, -0.8049102319057472, 0.5696862294655629, -0.16606359784957786, 0.5931253657394792, 0.7639348159339597, -0.2541769020197473
9.546863942828713, 20.106329601224772, 34.35996915105688, -0.01472862569407996, -0.30010593733016677, -0.9537921649732429, -0.8049249102987915, 0.5694650793235753, -0.16674954935914083, 0.5931938606945002, 0.7652750811376104, -0.24995018268482574
9.524331406186322, 20.017588406938547, 34.09572574308858, -0.015644981900348395, -0.29532130604018164, -0.955269888952886, -0.8048720606410071, 0.5705647262017957, -0.16320802435471474, 0.5932421095478952, 0.7663166574027941, -0.2466223429581588
9.527204182122112, 19.930032392684897, 33.83118017861812, -0.02249433392540179, -0.2886302107852656, -0.9571763716072945, -0.8046883877527978, 0.5733796856104804, -0.15398809936170219, 0.5932711046031616, 0.7667648515361667, -0.24515517308770962
9.555506816678385, 19.85132318068922, 33.56443375084192, -0.03675350616926677, -0.28011428513777625, -0.9592628248014297, -0.8041850788691528, 0.5781347546583827, -0.1380092909202349, 0.5932415517379748, 0.766352525093931, -0.24651220775790336
9.517217063557387, 19.793888076188225, 33.294102214389625, -0.05842817903712541, -0.2704804583072768, -0.9609508153741746, -0.8030577136501156, 0.584559428284839, -0.11570904610423172, 0.5930298950655478, 0.7649382958626061, -0.2513661613689434
9.474636393006694, 19.72432748433754, 33.026823920174984, -0.0851658005557714, -0.26106476652409566, -0.9615570571190324, -0.801088577472487, 0.5917836256597381, -0.08971750912794209, 0.5924558021142184, 0.7626515115573657, -0.2595357286780833
9.431048795051169, 19.65326777134112, 32.75992142216325, -0.11263844421133123, -0.25334663758437415, -0.9607955360587093, -0.7984474908680479, 0.5986271412974256, -0.0642428986627381, 0.5914340074870311, 0.7599085648463005, -0.269712416957519
9.38416377034979, 19.585205080792914, 32.492873193253764, -0.1362739499844732, -0.2483825674261936, -0.9590284202016129, -0.795738595713499, 0.6040844281234284, -0.04338307262860694, 0.5901097337339369, 0.7572239456710036, -0.27996856654792407
9.332798421582385, 19.52267376152276, 32.225357314644974, -0.15310838365530072, -0.2464949469390062, -0.9569733872935013, -0.7936541373867978, 0.6076516782353938, -0.02953892595419392, 0.5887876808012199, 0.7549832309867857, -0.28866830076313355
9.28195133196866, 19.457227786702077, 31.958269361975596, -0.1624873650701068, -0.24720021508543388, -0.9552433772888923, -0.7925627888246941, 0.6093610472330508, -0.022876623121927706, 0.5877432109033648, 0.7533731928976202, -0.2949351628074351
9.234116132223534, 19.38473572785084, 31.69245264016478, -0.16550977395190505, -0.2493160172511409, -0.954174008380242, -0.7923896108749239, 0.6096241807419351, -0.02184176806513589, 0.5871330507677763, 0.7524625451122158, -0.29845418224473036
9.190411234108293, 19.303472499909148, 31.42859883994838, -0.1640470891547662, -0.25142357642323604, -0.9538735439031724, -0.7927939395016388, 0.6090099625452341, -0.024179226830575898, 0.5869977189302529, 0.7522586328778167, -0.29923339925796755
9.146518083515893, 19.226929827179596, 31.163544050504825, -0.16011082116071998, -0.2527552772021749, -0.9541903870788532, -0.7934289978740887, 0.6080219665823714, -0.02792335018984994, 0.5872264897633275, 0.752611492072608, -0.2978942626511685
9.1008130150008, 19.16865795427473, 30.893523874583096, -0.155723558195479, -0.2539603798313467, -0.9545964062884678, -0.7940924456910698, 0.6069574909531127, -0.03193418031322249, 0.5875094561956552, 0.7530648907310845, -0.2961855992935261
9.066625562501617, 19.10526638129268, 30.62359738576556, -0.15295488055352294, -0.25684826601692384, -0.9542713307854098, -0.7947053009200188, 0.6059438428209446, -0.03571475937212467, 0.58740811128591, 0.7529017383374048, -0.29680074663658473
9.032685618368077, 19.034212806515015, 30.355481698354335, -0.15369299609123593, -0.26286045542587905, -0.9525139599637367, -0.7951845258568054, 0.6051320497365855, -0.0386881405534846, 0.5865663072410373, 0.7514782653908882, -0.3020271243691782
8.988225159657615, 18.959671823776866, 30.089475930489602, -0.15903280961837887, -0.2712840257324482, -0.949270005239437, -0.7953326909558369, 0.6048770255214215, -0.039619372702059716, 0.584939720109544, 0.7486846875546167, -0.3119563470414001
8.943220531975719, 18.860198564285145, 29.832264233979405, -0.16864024786623466, -0.2787947172018059, -0.9454279308651613, -0.7948381665510816, 0.6057024548983528, -0.03683510721884389, 0.5829174519546743, 0.7452503215634824, -0.32374249399205574
8.882797895004638, 18.76282448620791, 29.576881151849427, -0.18064041935187375, -0.281006223824198, -0.9425521423605401, -0.793414955385885, 0.607980272968862, -0.029200963181411372, 0.5812587611953848, 0.7425600917452896, -0.332780352005394
8.816534893282885, 18.685077631903752, 29.316927343588137, -0.1922206465526216, -0.2750380714455203, -0.9420219117910267, -0.7910330179505508, 0.6115334301722823, -0.017135585597400384, 0.5807908294308165, 0.7418766225170135, -0.3351135470431078
8.760096152083767, 18.62345796504034, 29.050094934566186, -0.20058836182451623, -0.2612919332968678, -0.9441879234000731, -0.788091307354663, 0.6155514332941682, -0.002919630372681579, 0.5819591054125496, 0.7435206510672588, -0.32939435493636615
8.70355331463541, 18.562755414397284, 28.783362817372662, -0.20374319796564402, -0.2433177783003694, -0.9483064736917621, -0.7853607165681004, 0.6189588981132447, 0.009921054282576934, 0.5845487611434758, 0.7467839990314538, -0.31720089003062
8.634342642197787, 18.517213298660533, 28.51637135969304, -0.2008078918682256, -0.22604414778482143, -0.9531947512526875, -0.7836669743098278, 0.6209248077315038, 0.017845350085521183, 0.5878284307002501, 0.7505707337725265, -0.3018299350042212
8.57897300215271, 18.455998856785712, 28.249131289799152, -0.19202860995076484, -0.21358088498554847, -0.9578664930610983, -0.7834928459816783, 0.6211230992563832, 0.018575679413551066, 0.5909855947955982, 0.7540486066156048, -0.28661250078312717
8.537202664806072, 18.409791462953997, 27.976908916818452, -0.17862501200907938, -0.2077431751136333, -0.9617358672101517, -0.7847571029028837, 0.6196892520285432, 0.011896233175980578, 0.593506018948611, 0.7568540177035535, -0.27371993233551734
8.49959891155497, 18.359657784364348, 27.7049257505647, -0.1624731660425661, -0.2077417989012271, -0.964596192873156, -0.7869082724184169, 0.617069888063786, -0.0003521993884628107, 0.5952964312975237, 0.7589915007654755, -0.263731038465714
8.46270857797708, 18.285883714043333, 27.437471021762736, -0.1455469923746303, -0.2109134006129076, -0.9666083024951723, -0.7892512544689947, 0.6138845263093337, -0.015107801861397985, 0.5965723177702914, 0.7606979202021419, -0.2558127124877071
8.42918882453347, 18.2104562302888, 27.169909436114107, -0.12930363343088072, -0.21412754428224695, -0.9682096700411676, -0.7912743030130248, 0.6107541738150954, -0.02939926119295719, 0.5976332887087399, 0.762318000539863, -0.2484063571651931
8.401643422291386, 18.155591518671258, 26.89756336100102, -0.11439880542172828, -0.21525000311667788, -0.9698352176923417, -0.7927841363587703, 0.608091555971637, -0.041448434154648786, 0.5986703821435969, 0.7641283241146501, -0.2402117354122734
8.37733683157098, 18.10792372725112, 26.62327906417103, -0.10090726628853135, -0.21385017909713852, -0.971640789855128, -0.7938325124054482, 0.6059997166282843, -0.05093413093882388, 0.5997063163401146, 0.7661804254524917, -0.23091099972762139
8.35417494050337, 18.046042258581455, 26.351605427932913, -0.0888069956455584, -0.2107433225116369, -0.9734991368980077, -0.7945541328246328, 0.6043827668861174, -0.05835410099022057, 0.6006638390445238, 0.7683155101309861, -0.22112039561392155
8.336318693133533, 17.9837675753355, 26.079657255454254, -0.07830382244220636, -0.20687556835232965, -0.9752286965680614, -0.7950471193253644, 0.6031500664859619, -0.0641098693682917, 0.6014720188366032, 0.7703327180620594, -0.21170478038943896
8.322948828787469, 17.927246003363955, 25.80626231769801, -0.06972948296594798, -0.20258644340611312, -0.9767786505413412, -0.7953536275640674, 0.602303394453906, -0.06814123678053861, 0.6021215876598185, 0.7721329898258229, -0.203126166942261
8.31076368319431, 17.87833283604862, 25.53122657672901, -0.06303496519759894, -0.19780291851661705, -0.9782129617771613, -0.7955103582270053, 0.6018324931466246, -0.07043379974458047, 0.6026523567663857, 0.7737387515300153, -0.19529076082778285
8.289895966181673, 17.816429430944957, 25.25958196255188, -0.05719667137456011, -0.1927414536528738, -0.9795811721483052, -0.7955996964365327, 0.6015404317998947, -0.07190432490534349, 0.603116625383323, 0.7752417951541141, -0.187751152413132
8.276947828765335, 17.769693382960607, 24.984401097735976, -0.050119389118856834, -0.18821453616099584, -0.9808482732880014, -0.7957451671134224, 0.6010112312058011, -0.0746667863251031, 0.6035542029097173, 0.7767630194223901, -0.1798931232922137
8.258390783113917, 17.732171190046984, 24.707917908311, -0.03959177766343641, -0.18503806085962596, -0.9819335044567724, -0.7960198663808931, 0.5998344024954084, -0.08093863051671732, 0.6039742241754976, 0.7784340727488012, -0.17104248277933745
8.234530146034784, 17.682975056920313, 24.433857365984785, -0.025138655599015812, -0.18294388548013546, -0.982801904129263, -0.7963350459526738, 0.5979799698010452, -0.0909420161657635, 0.6043331387423885, 0.7803534394632807, -0.1607170399665227
8.244121866738743, 17.616616998513255, 24.16408851562564, -0.009447559964564443, -0.18009556880255229, -0.9836037462862782, -0.7965143510164242, 0.5960419609358367, -0.1014833455727932, 0.6045458065652267, 0.7824957296378349, -0.1490798472730366
8.292853581257342, 17.559014838571883, 23.8939511890147, 0.0023522072213277086, -0.1740350472219929, -0.9847366498001517, -0.7965450911838884, 0.5950239288800951, -0.10706279358837237, 0.6045745486141795, 0.7846389783833927, -0.1372271429762601
8.320235847100156, 17.503878200700797, 23.61961581160028, 0.0058092190884178035, -0.1636051514317432, -0.9865087974258411, -0.7965803648776834, 0.595612255366032, -0.10346865974354491, 0.6045047355190194, 0.7864346099217564, -0.12686460914019873
8.278206196110116, 17.490523166950112, 23.344490890577465, 0.0005103975372155696, -0.15028547926288544, -0.9886425108283978, -0.7966334449435091, 0.5975363569576004, -0.091243939586563, 0.6044624834444163, 0.7876322599008779, -0.11941745798519081
8.255192778451393, 17.467530427514998, 23.066951743551545, -0.009156442526059225, -0.13768970639220807, -0.9904330892664555, -0.7965691016370409, 0.5997497110736311, -0.07601283039233318, 0.6044781434240817, 0.7882523890358492, -0.11517093948497543
8.260777859809181, 17.430976287811657, 22.79024154187649, -0.016510637308338204, -0.1294856441929336, -0.9914438293739154, -0.796427086355485, 0.6012034148977343, -0.06525603446897088, 0.6045091355595756, 0.7885353015960945, -0.113052125861352
8.24289395143523, 17.39686580676974, 22.513119333592716, -0.016176092831920896, -0.12737023512093634, -0.9917233269546151, -0.7964056368584961, 0.6013410317435864, -0.06424192650887858, 0.6045464379191282, 0.7887748644238078, -0.11116572157143308
8.240269043055092, 17.35569703548532, 22.23674713289061, -0.006088631982492058, -0.13062842688235057, -0.9914127004687928, -0.7965052530371232, 0.6000648064013884, -0.0741728387129186, 0.6046009514091507, 0.7892138127330937, -0.10769980197959139
8.2431655657111, 17.31745045145867, 21.959807002037266, 0.01271170493634576, -0.13728996432214058, -0.9904493314925488, -0.7964208278699619, 0.597541421940583, -0.09304898709900367, 0.604609194019191, 0.7899972878191744, -0.10174481680072356
8.256717109009841, 17.27719768035103, 21.68362410000627, 0.03728178496869891, -0.1456486808786592, -0.988633668386756, -0.79577820558043, 0.5940738580694367, -0.11752999056277386, 0.6044395056850095, 0.7911148544407451, -0.09375591208270602
8.288514790843644, 17.22859573314595, 21.410708815951757, 0.06387865843515303, -0.1550726701528631, -0.9858356779748775, -0.7943909242897551, 0.5900212256329417, -0.14428448533598393, 0.604038555394102, 0.7923556147805495, -0.08549855743311621
8.334955501882737, 17.186167924506012, 21.139256127546222, 0.08891002122415985, -0.16595493459429556, -0.9821170845727726, -0.7923371454183266, 0.5857155967011124, -0.1707017509324298, 0.6035700921320215, 0.7933449435553636, -0.07941627301051189
8.364107382968486, 17.13166298093213, 20.86633379289092, 0.10993811500769284, -0.17916527587574113, -0.9776571049140516, -0.7898447851086645, 0.5813606836658838, -0.19535857013241995, 0.6033728750161071, 0.7936747188917547, -0.07759906112119849
8.406671754784176, 17.085489385256086, 20.594333073788153, 0.12643481865710424, -0.19529409574189271, -0.9725607707488009, -0.7870951023304598, 0.5769568072294651, -0.21817915225562892, 0.6037346573773517, 0.7930832609253194, -0.08076759697746037
8.442245254137571, 17.02140746227554, 20.32453020253395, 0.13982181447135814, -0.21392535319263556, -0.9667914994761503, -0.7841111452805586, 0.5723198771485012, -0.24004097580941364, 0.6046648427391393, 0.7916349546869005, -0.08771845001549725
8.489106265704873, 16.9460327989617, 20.05964872177738, 0.15281379318628235, -0.23335636492098244, -0.9603086751471557, -0.7807779120704454, 0.5671892615473988, -0.2620728784293261, 0.6058331425689222, 0.7898361529685647, -0.09552515285976919
8.532005134105955, 16.85980088327889, 19.797345820864006, 0.1684812821261823, -0.2511361481117105, -0.9531761079069968, -0.7768912618520194, 0.5613299568724516, -0.28521684167585315, 0.6066745625383472, 0.7885678884085915, -0.10053188817345714
8.579630484087438, 16.780198063998427, 19.53323659935668, 0.18932217509017973, -0.2652091133418923, -0.9454211972552395, -0.7721643380231832, 0.5545649059884722, -0.3101934882153661, 0.6065635573493867, 0.7887470388194204, -0.09979358521093902
8.6366500977075, 16.704850200324493, 19.26994977919743, 0.21639248262438496, -0.2748294548515828, -0.9368260586734535, -0.7662585016521785, 0.5468122902662318, -0.3374081028362488, 0.6049976876893114, 0.7908635090581561, -0.09226433726422316
8.716421200178354, 16.628642088367098, 19.01363949409116, 0.2486438991017564, -0.280525610329289, -0.9270823013027784, -0.758970043855516, 0.538237745757669, -0.3664213443177931, 0.6017812592374671, 0.7947361266427259, -0.07908100302528924
8.813844610649872, 16.549019950917106, 18.763854679502334, 0.2828262917270847, -0.28322596266401795, -0.9164018456883128, -0.7506048204478291, 0.5294658655295004, -0.395295207104234, 0.5971613619687632, 0.7996555204037157, -0.06284390550780886
8.909583606921954, 16.463613572292402, 18.515561140249325, 0.31419518638331473, -0.2833466135311674, -0.9060883408663712, -0.7423218832022183, 0.5216422990395818, -0.4205324405700608, 0.5918104481780179, 0.8047384720846387, -0.04643689238326515
9.020103503066478, 16.38026678842637, 18.27230563428606, 0.33788878181986987, -0.28048472282056347, -0.8984205537411508, -0.7360337845012456, 0.51617828797029, -0.43796602961968906, 0.5865879637301284, 0.8092516884704858, -0.03203537910825494
9.139608373128123, 16.304262641124954, 18.03028441092291, 0.3506232796390997, -0.2736197139929094, -0.8956537098061729, -0.7336371749986859, 0.5141889783377734, -0.4442816561775925, 0.5820994856852816, 0.8128603488117718, -0.02045096805863833
9.24994200044729, 16.233244210764305, 17.783579112483594, 0.3523695121134888, -0.2613461906531287, -0.8986288975789729, -0.7359027973303637, 0.5158414988750479, -0.4385825132397434, 0.5781719465818518, 0.8158466257020632, -0.01055857548678052
9.333953267494907, 16.16455972333501, 17.526719724296733, 0.34755602501468996, -0.2420929579926471, -0.9058674346538562, -0.7417701578947921, 0.5199751425235399, -0.42355977619972335, 0.5735693875484671, 0.8191561822070288, 0.0011431619665053516
9.403339148951737, 16.09017394245886, 17.266246611741945, 0.34496863195723443, -0.2148012685484231, -0.9137051263922855, -0.7485337010193165, 0.5243648583820725, -0.4058802701934076, 0.5662984561199851, 0.8239550414457923, 0.020103439312317284
9.478072205051388, 16.043313936268948, 17.001193344703292, 0.3554882734242578, -0.18021103064184088, -0.9171434303819909, -0.7525756959495927, 0.5267323875323521, -0.39519971380360863, 0.5543084965286265, 0.8307087193231293, 0.05162474519743612
9.566205715991229, 16.025418497178354, 16.734644662232462, 0.3878300601682418, -0.1419921821775739, -0.9107283154873075, -0.7498499007107153, 0.5259861424983721, -0.4013274277990634, 0.536015830768111, 0.8385563774130711, 0.09752041358525343
9.679714182161497, 16.020129970695, 16.475929503166686, 0.4440635919033841, -0.10654483362258924, -0.8896379739951524, -0.7361326697563068, 0.5226636348692747, -0.43003653019562144, 0.5107995877673717, 0.8458551431619792, 0.15366475823399084
9.841436492284743, 16.02519082029366, 16.250698915311908, 0.5175649958359201, -0.08082133255569943, -0.8518182830212586, -0.7082842670198459, 0.5180773710066917, -0.4795093687749536, 0.4800623628004218, 0.8515067526771094, 0.21089423407898206
10.051936074839464, 16.029287603819533, 16.065853858060784, 0.595277852140138, -0.06880240294984365, -0.8005688653075081, -0.6670781069110183, 0.5131097083652596, -0.5401159379812174, 0.4479409314088588, 0.8555610185893497, 0.25954626839721356
10.270651369829842, 16.005881178137187, 15.892520541569626, 0.6635508179765444, -0.06882891279540167, -0.744958316099674, -0.6193169180575376, 0.5080804721147207, -0.5985823158625685, 0.4196985429690841, 0.8585550737250847, 0.29451030272393264
10.488061595870706, 15.954115006017142, 15.72530924845793, 0.7138295672773362, -0.07431330534291469, -0.6963654798521116, -0.5758897670498125, 0.5035177997002976, -0.6440658363803218, 0.3984950753622478, 0.8607829912550443, 0.3166296209738672
10.708185994482161, 15.898509526783796, 15.561774553520412, 0.7444558002966931, -0.07807183306892201, -0.6630915097374332, -0.5460542728083029, 0.5002923025378736, -0.6719615637587825, 0.3842008492343628, 0.8623296358716956, 0.3298140484348466
10.924929463479614, 15.884659781653511, 15.38794248033248, 0.7585359208635013, -0.0772632256734731, -0.6470345050445842, -0.532501949229399, 0.49881599277142985, -0.6838305926341286, 0.3755861163923005, 0.8632572034532829, 0.3372270301434428
11.132009717383044, 15.913735309968207, 15.201246765548486, 0.7609214580065087, -0.0749593101980778, -0.6444995240959277, -0.5311033794114591, 0.49865072780125375, -0.6850377011822104, 0.37273011029829156, 0.863555761649419, 0.33962289586998584
11.339449181670462, 15.920329862480445, 15.014839886885719, 0.7563409406763129, -0.07686414439501642, -0.6496462766485254, -0.5349000290499091, 0.4990380029344523, -0.6817939795492477, 0.376603691404209, 0.8631645120911864, 0.33632823950288154
11.546452190287471, 15.866810886054797, 14.833629743345924, 0.7484771138809474, -0.08585107701928327, -0.6575801111431795, -0.5387567395236386, 0.49946422246864897, -0.6784369286025388, 0.3866822799331585, 0.862070230925774, 0.32758469338062407
11.749697125142317, 15.811536317645032, 14.650622504573246, 0.7397051321918393, -0.09909339462873169, -0.6655950845296321, -0.5413962907102965, 0.4997964660555373, -0.676086938879556, 0.3996578209095698, 0.8604556883764269, 0.31605321470673836
11.949766498532178, 15.765353256122046, 14.46145416738224, 0.7314917877611408, -0.1101443866119548, -0.6728952210678022, -0.5442317750356453, 0.5002071706802205, -0.6735017159901223, 0.41076944808439786, 0.8588719348645437, 0.30595336249578003
12.147956239596839, 15.740922665031556, 14.265563898179341, 0.7247987768999617, -0.11372271469162455, -0.6795100272751586, -0.5488232633837105, 0.5009164687928953, -0.6692351730601961, 0.4164850040195611, 0.857991745563571, 0.30064997251222636
12.346485668333724, 15.70636489197446, 14.071912264137138, 0.7201000942119845, -0.10897042064731154, -0.685260024910135, -0.5551899729603809, 0.5018894840338802, -0.6632277434942367, 0.4161970065247259, 0.8580398552748897, 0.3009113798441393
12.548419220721103, 15.691485245839893, 13.880501697199717, 0.7174257470641457, -0.09908103104960655, -0.6895529325117828, -0.5618758449256637, 0.5028470223973059, -0.6568412342075024, 0.4118201456200559, 0.8586779497298801, 0.30508416266526484
12.744058664256492, 15.678449186669372, 13.681257565719996, 0.7165933617661945, -0.08851259598836919, -0.6918522054774586, -0.5671052970977338, 0.5035295986761801, -0.6518048214463407, 0.4060610001912459, 0.8594320587506641, 0.31063000581927086
12.945729434812058, 15.65693854473142, 13.488903442056472, 0.7173244133814721, -0.08041863781424292, -0.6920827469739644, -0.5698356438866837, 0.5038562313322472, -0.6491658009352568, 0.40091523408717633, 0.8600358950879705, 0.31560296930963444
13.144396508522792, 15.627642380125677, 13.294759822259682, 0.7191521304837311, -0.07602668943905631, -0.6906809362604762, -0.5700212605464138, 0.5038813029008922, -0.6489833550346088, 0.3973612660360698, 0.8604205803441924, 0.3190304831428732
13.349773884265764, 15.606179508414883, 13.106221654350717, 0.7213186764091475, -0.07582232960946038, -0.6884405140576417, -0.5681585830552233, 0.5036852735036843, -0.6507664479336651, 0.39609997672814445, 0.860553379859793, 0.32023848745559996
13.553330354661304, 15.597895566959737, 12.915036584712253, 0.7228342056399092, -0.08107143075477836, -0.6862493236953278, -0.5646022027988782, 0.5032895079232936, -0.654159020276403, 0.3984156921502666, 0.8603063956112975, 0.3180217632784301
13.758090634503551, 15.58368339673388, 12.725320738132655, 0.7227264236355118, -0.0941938120603291, -0.6846853601097121, -0.5591467435204002, 0.5025972968305743, -0.6593564107742726, 0.4062283050078547, 0.8593738901014756, 0.31057218359393113
13.96220573098024, 15.5546890948834, 12.53660127858716, 0.7203841834403684, -0.11761990080573186, -0.6835292145793065, -0.5510778965072465, 0.5013413008250084, -0.6670607559047652, 0.4211410455300008, 0.8572178597191837, 0.29634061609634205
14.161112844433193, 15.508512276811667, 12.345842648838795, 0.7158605303348283, -0.15208114262748162, -0.6814800269750083, -0.5395381166866902, 0.49904325828073187, -0.6781256867327253, 0.4432181423982077, 0.8531278640518491, 0.2751917982560741
14.3501906673599, 15.443631032706692, 12.150593192787936, 0.7100155769645355, -0.19571727964335833, -0.6764411481546057, -0.5239112239974877, 0.4950399654518504, -0.6931467824168882, 0.47052620526084626, 0.8465401225307837, 0.2489476071553889
14.539569992910211, 15.359608464807987, 11.963010498717072, 0.7043285806171626, -0.2446442351516748, -0.6663861108493071, -0.5040631266630426, 0.48863272243931655, -0.7121505647685882, 0.49984158977068965, 0.8374886630686972, 0.220841853748142
14.729370044061048, 15.264201607408072, 11.78145569565076, 0.7002857454380422, -0.2944761515876977, -0.650295064476415, -0.48044380850961743, 0.47934373079311404, -0.7344408312547123, 0.5279901718792309, 0.8267486824273976, 0.1941983380554592
14.923333367081437, 15.155090908434401, 11.612418866142203, 0.6986390545142603, -0.341753093728633, -0.6285764030206101, -0.4540677371764305, 0.4671611347806681, -0.7586718422387341, 0.5529249149413475, 0.8154540435103296, 0.17119795956656997
15.119141090951292, 15.036656316313717, 11.45198232617635, 0.6990864902362834, -0.38458728701744405, -0.602802370461229, -0.42633130830319516, 0.4526072456529896, -0.7831910984829311, 0.5740380603493123, 0.804511839469735, 0.1524500095881365
15.315966158534255, 14.909567052222807, 11.299552863395046, 0.7006005010766154, -0.4225259605120945, -0.5750050004865414, -0.3986648914140656, 0.4365502277071028, -0.8065297285548054, 0.5917983121343005, 0.794289438040195, 0.13740104210952883
15.512819955698228, 14.773787909175365, 11.155002940412992, 0.7020806989945271, -0.45600996533194277, -0.5469347343306298, -0.3721509326554231, 0.4198624687304689, -0.8277796752006265, 0.607113148781226, 0.7847104044611084, 0.1250728016294057
15.707426988064013, 14.630132892176217, 11.015065690618618, 0.7028397391530876, -0.48580995800485727, -0.5196200398084534, -0.3473066668431813, 0.4031375815884134, -0.8466747719622482, 0.6208014016040068, 0.7755441799242414, 0.11461607545251418
15.90547115174873, 14.482556316654788, 10.884263288984243, 0.7027039015235597, -0.5126547311115848, -0.49334810575543525, -0.32412716466138236, 0.3866074014316231, -0.8634096931856052, 0.6333630932665247, 0.7666288827243575, 0.10550520489844525
16.10104354057317, 14.327388167777285, 10.758717499309304, 0.7018396436073908, -0.5370816996052062, -0.46793628050220015, -0.30230790905524735, 0.37023995170260626, -0.8783691173338781, 0.6450046843114359, 0.7579351067950573, 0.09748503015268639
16.293906151737126, 14.16292723033855, 10.64113216574024, 0.7005305586320115, -0.5594264406855188, -0.44305642291321495, -0.2814843496699702, 0.3539020329335613, -0.8919192295137304, 0.655761768719095, 0.7495301251767165, 0.09044940098740281
16.490987464403656, 13.999431864792312, 10.529417126252122, 0.6990449343029821, -0.579853826752014, -0.41845635307207935, -0.2613849274140076, 0.3374900187157201, -0.9043110123116034, 0.665593043492879, 0.7415322156645038, 0.08435563754473305
16.68351280344513, 13.82670201978079, 10.423736680839232, 0.6976075348928198, -0.5983665881909609, -0.3940826733027885, -0.24190969423087497, 0.3210179440724524, -0.9156566929917678, 0.6744059809179392, 0.734101427406462, 0.07919385823349737
16.875927361992076, 13.6485068413626, 10.32717554886979, 0.6964307677027745, -0.6147624586684066, -0.3702044100343752, -0.22321146840504225, 0.304715683155582, -0.9259184590510612, 0.6820269981235267, 0.7274719732408959, 0.07499134603144823
17.069200300011957, 13.470518978359936, 10.232132784360305, 0.6957674204690689, -0.6285693212419532, -0.34757489122093965, -0.20580470705496515, 0.28915610391955465, -0.934897411548499, 0.688151232773609, 0.7220037091036957, 0.07182287151505612
17.26282388854542, 13.286296508171578, 10.150601354815679, 0.6959502138728908, -0.6390744772871827, -0.3274707808192842, -0.19058251526617917, 0.2752937850223191, -0.9422800203776485, 0.6923377822169567, 0.7181901867946953, 0.06979434724035063
17.45666874214618, 13.099696187935303, 10.076187232974034, 0.6973545752092758, -0.6455801962183426, -0.31132427898475373, -0.17854186501574854, 0.2642044695860718, -0.9477968140310667, 0.6941321191757293, 0.7165348620279608, 0.06898110340653135
17.648705024465134, 12.909472666916459, 10.005371157001067, 0.7002396944021297, -0.6478596765626896, -0.2999036676462949, -0.17019113388544085, 0.25648694193326976, -0.9514459661822671, 0.6933248505068892, 0.717281177852735, 0.06934236488463048
17.849433886981387, 12.735486032558782, 9.918665321918759, 0.704561555059053, -0.6465301531122831, -0.2925607223285054, -0.16500414415743336, 0.25171255457145714, -0.9536322259036679, 0.6901931958108846, 0.7201663356390099, 0.07066683429048595
18.047656198761814, 12.559613873820773, 9.82995388263419, 0.709963959894981, -0.6429397938634803, -0.28736665971720377, -0.16150765601252584, 0.24852894207377219, -0.9550647318381258, 0.6854680537410752, 0.7244734545989087, 0.07260689279913839
18.251463604842034, 12.385118776006856, 9.752293463901285, 0.7160163376621185, -0.6384091584849987, -0.28240812765110507, -0.15823376903665917, 0.24559336161871922, -0.9563712537844654, 0.6799137287460671, 0.7294639450249017, 0.07483097200576042
18.452762313799994, 12.212841611705853, 9.66393266149216, 0.7225096716629462, -0.6332764897782566, -0.27738179797461726, -0.15494169628203147, 0.24268729165158875, -0.9576512670195051, 0.6737750701137201, 0.734890308797814, 0.07722298186618544
18.654722151431216, 12.028388661465774, 9.609460114338354, 0.7295593522554525, -0.6266184532318314, -0.27403004507891404, -0.15299549365053502, 0.2409903850324635, -0.9583924108863415, 0.6665849761727559, 0.7411295085147077, 0.07994698962133744
18.856654274483855, 11.8397373998695, 9.560975917578729, 0.7374113195501327, -0.6170426248360461, -0.2747415966590693, -0.154322626952851, 0.24208494045380552, -0.9579036529922248, 0.6575781874497537, 0.7487678416845371, 0.08329253657667489
19.073654674948997, 11.69292752247372, 9.465995139789257, 0.7461168904940814, -0.6039261423486068, -0.280326239063298, -0.15967458742105883, 0.246440412058208, -0.9559137771977634, 0.6463850337464179, 0.7579843915889766, 0.08744169632464484
19.27961970448218, 11.531495211357608, 9.366828263549426, 0.7554451470823211, -0.588073618536648, -0.28891529715642145, -0.1676767942441271, 0.25274798522628544, -0.952891887170872, 0.6333933394201291, 0.7683019426926282, 0.09233093973826273
19.498720298013172, 11.380763007098862, 9.28114448045459, 0.7651235893174021, -0.5713330447208557, -0.2969249822430777, -0.17547137006224833, 0.2586752362755954, -0.9498931100004054, 0.6195124626337496, 0.7788874592312818, 0.09766593312770627
19.71510746518033, 11.225993863243236, 9.19520939025766, 0.7750256585040766, -0.5556307954171718, -0.30101436484726707, -0.18024382982173165, 0.26218598856574143, -0.9480351624338622, 0.6056792802065439, 0.7890075580017507, 0.10305184590581995
19.936984786853714, 11.077621910347357, 9.112432527868144, 0.785056610033832, -0.5423367714337268, -0.29926066462705936, -0.18023461993247314, 0.2622222616558625, -0.9480268810903419, 0.5926226462260659, 0.798191901639528, 0.1081114579361936
20.15901977427082, 10.930621523374306, 9.030104419480066, 0.7949569504297636, -0.53230101841941, -0.29103105118366546, -0.17471474207113835, 0.2585201904934243, -0.9500747707471551, 0.580963170834801, 0.8061159574756616, 0.11251158712182266
20.390122527025, 10.806806789649993, 8.935236200742448, 0.804289861813954, -0.5259880122818094, -0.27650394051282884, -0.16365554616489975, 0.2512500836442347, -0.9539865081216995, 0.5712571053324057, 0.8125330801909522, 0.11599703962879641
20.61689869183328, 10.65486773420485, 8.875625847466106, 0.8126299035110883, -0.5231783165018457, -0.256743235669129, -0.14786336182970863, 0.24103865094851476, -0.9591854851786159, 0.5637100905145978, 0.8174257262230097, 0.11851631094836422
20.84596078077092, 10.503884818439975, 8.823104376523574, 0.8198269888149717, -0.5226070384177155, -0.23402049441628084, -0.12930328728861443, 0.22917245942814984, -0.9647593708982625, 0.5578210898728501, 0.8211953891954809, 0.12030695930472352
21.075809352672042, 10.351356778366096, 8.778960047235747, 0.8261542961954255, -0.5222625733861841, -0.21144948171580316, -0.1107627917447598, 0.21742099209422083, -0.9697730230119168, 0.5524497106911616, 0.8246028842035451, 0.12177602604965593
21.30918763100908, 10.204489789965018, 8.733086768013758, 0.8321489294272433, -0.5203387959863668, -0.19176990547150746, -0.09472653112788956, 0.20735308806876962, -0.9736691333141984, 0.5464019066159724, 0.8284034248238011, 0.12325876109480838
21.54841937128793, 10.072267103646146, 8.674299225033995, 0.8382108155432486, -0.5160903741354801, -0.1762196198810508, -0.08233231871617902, 0.19967162967206806, -0.9763977824631301, 0.5390955555382918, 0.8329357514411304, 0.12487600237859928
21.779654509405603, 9.918961270631883, 8.641626497553668, 0.8443027816149126, -0.5100290466065504, -0.16438730052815767, -0.0732068270680883, 0.1941108975182716, -0.9782442026075463, 0.5308423244504384, 0.8379685740421681, 0.12655076250181624
22.022209813645496, 9.785832509013408, 8.604591460938282, 0.8499575285810615, -0.503570819253114, -0.15488263170905112, -0.06603942038657198, 0.18982712031805174, -0.9795940278231393, 0.5226958910909666, 0.8428416781273358, 0.12808946501612423
22.265109966097906, 9.658669850810474, 8.549964685436889, 0.8544807067746731, -0.4985316692653545, -0.14604415938117596, -0.059219160917133994, 0.18582186656946836, -0.9807972904147468, 0.5160967086991795, 0.8467209744916786, 0.12925857273595587
22.503945032783594, 9.517567587449198, 8.523049532752399, 0.8571792956759134, -0.4966429977543517, -0.13634290537507254, -0.05123924088732807, 0.18118251416399234, -0.9821137595790546, 0.5124628720774174, 0.848833687681389, 0.12985828968294222
22.743616591313344, 9.378816341982322, 8.488915106507012, 0.8575581377527695, -0.4990291645638545, -0.12475549402212115, -0.041099774317256525, 0.1752833724840547, -0.9836597724221962, 0.5127424781750315, 0.8486728652698385, 0.1298056964451475
22.985143298770417, 9.246511618589597, 8.451427663101633, 0.8554828617650018, -0.5057323631601126, -0.11128274834335633, -0.028825693473713814, 0.16805956095774974, -0.985355298035408, 0.5170281932565403, 0.8461623726112952, 0.12919398807491522
23.21966933488249, 9.094220794280737, 8.439033536380624, 0.8512796992424325, -0.5156191953001333, -0.0972610872639032, -0.01573176567198017, 0.16019698439287508, -0.9869596940809037, 0.5244762961341108, 0.8417088401754327, 0.12826084033707466
23.45290823012537, 8.94112243009204, 8.422469538229315, 0.8456888339531865, -0.526859927801991, -0.08502360027298698, -0.004036205845343476, 0.15299797132035522, -0.9882182602108857, 0.5336610395834361, 0.8360683209214046, 0.12726216084284264
23.68468167257657, 8.785756495174072, 8.40837181070964, 0.8396147600636683, -0.5376940742134259, -0.0770203689876619, 0.0040074402608284545, 0.1479226701387411, -0.9889908109186764, 0.5431675571182291, 0.8300626278870722, 0.12635283407752804
23.919331495597927, 8.634920700486505, 8.391284615608521, 0.8337880613398407, -0.5469649469851207, -0.0750121026016079, 0.006846436768291788, 0.14610417725250552, -0.9892455184093312, 0.5520422040666164, 0.8243075373663235, 0.12556467962902473
24.147596955693007, 8.47548417576947, 8.366839096855283, 0.8285565225594212, -0.5541963060736783, -0.07975301410309846, 0.003870130838485795, 0.14810543034013357, -0.9889640052049704, 0.5598920529990868, 0.8191039224897252, 0.12485853254949836
24.375028209253205, 8.314149702857573, 8.350380224211147, 0.8238772848075158, -0.5594230119517871, -0.09095115874460409, -0.004610982999287458, 0.15385212824980274, -0.9880831247768511, 0.5667494670610427, 0.8144786162520149, 0.12417578368678531
24.60495244510628, 8.158545820280017, 8.318405620762928, 0.8194174400526666, -0.5631009324968766, -0.10710928418527661, -0.01726847735483778, 0.1625266319904329, -0.9865530363765, 0.5729370459547715, 0.8102483777922633, 0.12345326102467202
24.830846219064593, 7.99815930761766, 8.281033451398898, 0.8147140043069139, -0.5661384512886514, -0.12541269935170604, -0.03167585947851274, 0.17250537696116106, -0.9844991289207854, 0.5789971771196226, 0.8060577826012073, 0.12260962440009902
25.054999864883243, 7.845968637655126, 8.216425368589585, 0.8093925052401008, -0.5697546727522979, -0.14234951822214048, -0.04484075625206515, 0.18172711796942423, -0.982326097165941, 0.5855536517176684, 0.8014704407970695, 0.12154033687897467
25.28122135679306, 7.698009153712238, 8.147784748128661, 0.8033280628958963, -0.5749428329238111, -0.15525708432618981, -0.054522567495531755, 0.18860321891739731, -0.9805386863595396, 0.5930356759905951, 0.7961592583670299, 0.12016289909468272
25.496815215911614, 7.519505879715122, 8.130119924487182, 0.7966236173661514, -0.5818598675335092, -0.16379837242278955, -0.06047213151373297, 0.19290352590002996, -0.9793525162093178, 0.6014432089272049, 0.7900805808581957, 0.11848519817311733
25.713341362912857, 7.347320428979952, 8.090221771801364, 0.7894719876106162, -0.5897796197112308, -0.1699822959940793, -0.06440478503482305, 0.19581215407355945, -0.9785242071516119, 0.6103982343050816, 0.7834651239783099, 0.11660358084934773
25.9371847870391, 7.187871438935803, 8.039170775120436, 0.7820247687159992, -0.5977249766404057, -0.17652793947393836, -0.06858493462198513, 0.19898536267079409, -0.9775995766087824, 0.6194621601499046, 0.7766142399821157, 0.11461655377568716
26.148301812514873, 7.020519636121202, 7.96731902756289, 0.7743122459678846, -0.6051616766342865, -0.1849861910450327, -0.07426860347742228, 0.20340061322745673, -0.9762747385220043, 0.628430362316847, 0.7696801515382047, 0.11255107305771317
26.359466072955914, 6.838996311859694, 7.9280979938388185, 0.7662303065885028, -0.6121890839998871, -0.1952322788287531, -0.08132287159559565, 0.20899974274024236, -0.974528449092154, 0.6373991746313571, 0.7625900818696054, 0.11035696268642595
26.56926374952229, 6.670516031964961, 7.862991115569344, 0.7575148470528792, -0.6193088561682631, -0.20646500227886264, -0.08905620266201165, 0.21527629097895987, -0.9724839902588448, 0.6467149675567095, 0.7550580502278617, 0.10792169162973841
26.777114998231387, 6.493154385286723, 7.8000725818207455, 0.7475921058671207, -0.6272170494657882, -0.21841432211417572, -0.09716850969213969, 0.22202869290135036, -0.9701863430561813, 0.6570116619736459, 0.7465266454641448, 0.10504115213895303
26.983254411902124, 6.316363855654703, 7.73423920569166, 0.7354202990741846, -0.6368162469717881, -0.231564356718394, -0.10590029972305015, 0.22952164400503314, -0.9675251632137507, 0.6692847751355212, 0.7360603796741091, 0.10135584465535971
27.187077935557106, 6.137218558231965, 7.6674370448456335, 0.719616307656199, -0.649189506401579, -0.24638456634564773, -0.11544758012570298, 0.23803262772714404, -0.9643714659717126, 0.6847074017406107, 0.7224219355164855, 0.09634480310964813
27.385623295300267, 5.9543272249942865, 7.596167634976555, 0.6989981733278754, -0.6652340188714225, -0.2624219004208098, -0.12535488326005353, 0.24729821584820252, -0.96079641219207, 0.7040509263733356, 0.7044908037543653, 0.08947066836889281
27.56501868886985, 5.763346478742397, 7.4984190446367665, 0.6733191526517986, -0.6850845806293813, -0.27802955968049264, -0.134451705399166, 0.25631841096729413, -0.9571957015754182, 0.7270241107332822, 0.6818797471571261, 0.08047330507326121
27.731272315786633, 5.5561960370209995, 7.4149087683971135, 0.6437450130835043, -0.7078024837890486, -0.29087454696513443, -0.14132749850415657, 0.26360454542108847, -0.9542217676200324, 0.7520763899343446, 0.6553840763822346, 0.06966215707203473
27.898135148024405, 5.350706142704877, 7.324529384437589, 0.6127244609290455, -0.7316547062535079, -0.2987475954653083, -0.14488503048340098, 0.26761716677379926, -0.9525698819455655, 0.7769022222397323, 0.6269469218881751, 0.05796976982797135
28.04835780663818, 5.1323261853335245, 7.2360493439203, 0.5832592249265481, -0.7548734827581618, -0.29995783298098017, -0.14448179771696018, 0.26697562125930485, -0.9528111186282849, 0.7993332763413254, 0.5990743215009066, 0.04665051609222384
28.18627256199874, 4.9034712537412, 7.154272060151198, 0.5579153472828149, -0.7764908223255441, -0.2929035133119713, -0.13954371492238665, 0.260140192910836, -0.9554342633891527, 0.8180819133142817, 0.5739242832260308, 0.03678179211962222
28.33433885767887, 4.682552303528437, 7.068219313160023, 0.5379994435785447, -0.7967740092458111, -0.2751504622920566, -0.12900910775114852, 0.24474163417002312, -0.9609673161044756, 0.8330145549907451, 0.5524967969989896, 0.02887975899186873
28.47138678774798, 4.450384167209801, 6.996314383005629, 0.5231969177596806, -0.8168187067249594, -0.24304770229511527, -0.11120449674804286, 0.2173216405680184, -0.9697447419005888, 0.8449251713316303, 0.5343954573955415, 0.022868099291928068
28.61675857031073, 4.220773659815369, 6.931775169226739, 0.511807006272549, -0.837156148676487, -0.19293307405285065, -0.08459107681795244, 0.1743766977098498, -0.9810387948590957, 0.8549256915388088, 0.5184229451219915, 0.01843127553725754
28.775473652680784, 3.998536949763536, 6.8625657547145105, 0.5015974152734551, -0.8561753099664836, -0.12395108549256188, -0.049201414893355055, 0.11481407196786927, -0.9921678031717461, 0.8637009052695737, 0.5037673743722915, 0.01546540508899587
28.86949547217478, 3.7412470207397317, 6.902790360601239, 0.4911013216088121, -0.870149249185174, -0.0407403492444021, -0.0077452338692170644, 0.04240512254187764, -0.9990704764602543, 0.8710680244770722, 0.490960374902788, 0.014085702287236934
28.987862916355237, 3.498631970170613, 6.983255282904952, 0.4806047142620108, -0.8756862756346607, 0.046825797315454935, 0.03487491648242301, -0.03426882916978071, -0.998803978540172, 0.8762436013058669, 0.48166294648065827, 0.014069724876326729
29.122411479524466, 3.2611739884683653, 7.046490259896212, 0.47169858003798537, -0.8724329106113657, 0.12791116476808828, 0.07373404842745852, -0.10552852241637156, -0.9916788900945278, 0.878671576695551, 0.477204932328657, 0.01455035630341786
29.25026939025595, 3.0183067641414145, 7.099375370194732, 0.4654596836905665, -0.8630860998676974, 0.19603486188391328, 0.10615036257057567, -0.1654541155151619, -0.9804881621851591, 0.8786804785499751, 0.47718688149849914, 0.014604682157590448
29.38850261668408, 2.791033299203167, 7.185101200892694, 0.46110663891085374, -0.8510772455244733, 0.2510939857957793, 0.13233881786914597, -0.2138487433123055, -0.9678611224079334, 0.8774207114248743, 0.4795166703402741, 0.014023481323990603
29.51598825963532, 2.557961822273069, 7.272380242384508, 0.4565064394845664, -0.8386480004324671, 0.2971050354331756, 0.15428190042152545, -0.2542555614818309, -0.9547519073863542, 0.8762413856417913, 0.48168832332347805, 0.013318906200213436
29.636042054551208, 2.329258553357149, 7.379564718264692, 0.44970189214602574, -0.8266270567811667, 0.3383133417374936, 0.17396184135808723, -0.29045987541948337, -0.9409411982279243, 0.8760739043891149, 0.48199664912590845, 0.013181209345427297
29.76209024756605, 2.1068198027678604, 7.491994666378268, 0.4398274798497816, -0.8152730637813181, 0.3766717661859098, 0.1922235699986817, -0.32423862766300626, -0.926239392094815, 0.8772695635356056, 0.4797907291766205, 0.014105640368836159
29.874675427199016, 1.8860082870943882, 7.621106771720426, 0.42693707668219577, -0.80514988093957, 0.41165325430155075, 0.20873084563391792, -0.35518914329326023, -0.9111926835568586, 0.8798614474080624, 0.47494667249028727, 0.016416201003686712
29.990500452175365, 1.671243824903905, 7.756692319269848, 0.4114480632378311, -0.7974029395107759, 0.4414284124491893, 0.22258112083515458, -0.381750590346441, -0.8970641735226695, 0.8838371659449517, 0.4673489476073715, 0.020416298995613646
30.100295581662518, 1.4562152128666337, 7.897590050265977, 0.3939134590753177, -0.7933783667754831, 0.46409369085561275, 0.2329397588802408, -0.40226416158945816, -0.8853940439338551, 0.8891407399799727, 0.4568745029364162, 0.026352098103744257
30.197171070227785, 1.2366927759813688, 8.040217765779829, 0.37507459116765185, -0.7939989356991836, 0.4784190016805172, 0.23941270426618644, -0.41561567169403396, -0.8774651961635109, 0.8955448666015403, 0.4436544866795341, 0.03420655423670663
30.28712271901494, 1.0131725675999714, 8.181928062433315, 0.35567510998224316, -0.7993940301956427, 0.48421524204292343, 0.24217986533060382, -0.42156751028486344, -0.8738591116997477, 0.9026871711548635, 0.4280771177717741, 0.043656067993360165
30.381197648618354, 0.7873264037356261, 8.317132233479839, 0.3359034611293956, -0.8089758655817888, 0.48241777921992895, 0.24194611203847136, -0.420883783485357, -0.8742533498182999, 0.9102916805457248, 0.41038383216843066, 0.05435224580450425
30.45972005150973, 0.5539071901381738, 8.448660047074872, 0.3150757323226509, -0.8217776522595741, 0.47477233822969056, 0.2397179468783191, -0.4151222775534473, -0.8776154058716621, 0.9182933021893325, 0.39032676685769474, 0.0661998959865512
30.56041140186254, 0.3228236754714938, 8.567341827808475, 0.29221601717235135, -0.8367545573742743, 0.4630892030930006, 0.23644810422516324, -0.4059790525078962, -0.8827645795641763, 0.9266618009372429, 0.3674545136995505, 0.07921544701365044
30.620832137472973, 0.08102630488215302, 8.692822081788192, 0.26722090832295914, -0.8529488377834333, 0.4484097080560846, 0.23271353951383678, -0.3944382508778268, -0.8889673080442174, 0.9351135731460616, 0.34190166183908927, 0.09309059538790405
30.670589217521105, -0.16390548689850867, 8.811510950306776, 0.24138356859782323, -0.8696319654619131, 0.4306671771308211, 0.2286486821909085, -0.3803294275912611, -0.8961413430036941, 0.9431085584084904, 0.31478527785611843, 0.10703492841921008
30.705310419172353, -0.4094708276708959, 8.93435760109109, 0.2165187385177827, -0.8864310546670742, 0.4090961026366381, 0.22416994619965, -0.362699181997791, -0.9045425023728733, 0.9501933861543734, 0.28755745286803464, 0.12018003248682363
30.785838873179888, -0.6588373271438817, 9.030667485747623, 0.19352624797645773, -0.9032555252558588, 0.38298439581648375, 0.2192576396429591, -0.3406727452306314, -0.9142582611687048, 0.956281171414743, 0.26090522561226687, 0.13211655628973706
30.82452461919339, -0.9212549799830273, 9.116810623788373, 0.17206645782840058, -0.9200045945743086, 0.3521145836976215, 0.21405339629565784, -0.31398610095163, -0.9249831738704694, 0.9615478550881809, 0.23452990080447078, 0.14290363187814292
30.855172596417532, -1.1851735554259184, 9.203649688694089, 0.15187179863326594, -0.936300171416963, 0.31666535299028625, 0.2087569178145846, -0.2827687724928931, -0.9361956903166224, 0.9661032584793675, 0.20828780643001713, 0.15251453585845598
30.883285919773904, -1.4532201160363094, 9.275715818073897, 0.13435914416461803, -0.9514401525068898, 0.2769643597595501, 0.20347503757194876, -0.24705355548133082, -0.9473977252501332, 0.9698172660168747, 0.18364688105627908, 0.1604004165015025
30.902357912582794, -1.7244954542029272, 9.342778990891805, 0.12282460130337806, -0.9645435445535046, 0.23360194343118756, 0.198152483324003, -0.2068099438384217, -0.9581050258098428, 0.9724452224507029, 0.16396767300205978, 0.16572534972988492
30.924606970282436, -1.999938264371022, 9.375424899614185, 0.12088556530216102, -0.9747278212690568, 0.18786259485500176, 0.19259269814844887, -0.16262458132011715, -0.967709304579819, 0.9738042579088866, 0.15316305035658623, 0.16806649661365708
30.94658897829064, -2.2778796238551435, 9.395814383862009, 0.13032735717565433, -0.9812657009936927, 0.1418887029504681, 0.18655065810361962, -0.11628384755860356, -0.9755392963679494, 0.97376261580157, 0.1536088892295111, 0.16790079576035355
31.00218144882892, -2.5504676381138034, 9.41930155052284, 0.1497616045043402, -0.9838388252844551, 0.09814595090572523, 0.17989729230115836, -0.07049407116423186, -0.9811562312666642, 0.9722183016375474, 0.1645957222821895, 0.1664326355238274
31.05797181625153, -2.8242331126861107, 9.416988289926104, 0.17476210065217584, -0.9828751673840945, 0.05843469444881903, 0.17275094186859058, -0.02781928195055145, -0.9845725974428043, 0.9693375677539552, 0.1821606238775104, 0.16493085475253744
31.13322617939638, -3.0934916115714484, 9.414571683954678, 0.1993641540070126, -0.9796516635028052, 0.023163598452201617, 0.16542325029075095, 0.010346797896790322, -0.9861683892908587, 0.9658618339909244, 0.2004384243838233, 0.1641199429387502
31.206618665775014, -3.3621387946399763, 9.40590082225297, 0.2183502110657099, -0.9758327702624662, -0.008578450293659274, 0.1582143122529136, 0.04407321691325549, -0.9864206926809953, 0.9629597170836885, 0.214027932833072, 0.1640141068362857
31.287027940074623, -3.629317172303133, 9.39518638807475, 0.22943780971115496, -0.9725720039708344, -0.03823595908438832, 0.15125616019273666, 0.07443419458198265, -0.9856881477834055, 0.9614987599985229, 0.22037070533327865, 0.16418552540408748
31.365616747582475, -3.8959590418535166, 9.371310867130116, 0.23434923464082458, -0.9698511041026711, -0.06685261471393289, 0.1445109084013455, 0.10275725401642216, -0.9841532117003036, 0.9613516700855509, 0.22097461984995997, 0.16423514790046626
31.361480568025996, -4.172272793993207, 9.331493020466272, 0.23802938889908332, -0.9666447231907311, -0.09455151584106752, 0.13785959932039768, 0.129989146356812, -0.9818846942002135, 0.9614243292613041, 0.2206825796408543, 0.16420249129507639
31.47145896794487, -4.424376767931549, 9.299206497332468, 0.2461250284561583, -0.9617041768051147, -0.12061321106351515, 0.1311940774126757, 0.1563520202583807, -0.978949518521236, 0.9603179600628597, 0.22512023915392348, 0.16465203765513556
31.521001391649204, -4.695614782845217, 9.244946622025257, 0.26194353530764464, -0.9542843310557205, -0.14396874595574113, 0.12449342654011797, 0.18134314916219094, -0.9755080978650252, 0.9570198383831096, 0.23760487737728656, 0.1663037918620368
31.593436574865876, -4.955359443898146, 9.18949644733243, 0.28465953322605586, -0.9445245807612371, -0.16383609639311233, 0.11787176387663666, 0.204096262593043, -0.9718286695072141, 0.9513544015897202, 0.2573286457691037, 0.16943072520208594
31.70240626849192, -5.207125245476043, 9.137495147578324, 0.30991922057294075, -0.9335167339279584, -0.1802680897883437, 0.11152654922057322, 0.22398940927399089, -0.9681893272248149, 0.9441990815174585, 0.27995580367187606, 0.1735305231134339
31.838525734345527, -5.446420829943489, 9.08913867193477, 0.33250698464415607, -0.9228611036204298, -0.1943360197887491, 0.10555416388095727, 0.24118235708077454, -0.9647224414930721, 0.9371752363620387, 0.3002639739586551, 0.17760665047321045
31.918223131575026, -5.704719564032176, 9.022456477269262, 0.34933780811192794, -0.9136732710326165, -0.20776007706995253, 0.09976684507739378, 0.2567392086770784, -0.9613176141895929, 0.9316703668395047, 0.31509702081807506, 0.1808430120981081
32.01384309639481, -5.961585168244755, 8.968548370008195, 0.3607601760566181, -0.9058028255818532, -0.22220111732286318, 0.09370473918969703, 0.2722414301887101, -0.9576554837425599, 0.927939393077473, 0.3246626631701536, 0.18309188381322278
32.102055906344184, -6.215481915077796, 8.892306713889516, 0.36937079120285066, -0.8980991429980588, -0.2387114323871659, 0.08685600066190155, 0.2891178023882084, -0.9533451271660398, 0.9252141664259146, 0.33140432358127925, 0.18479697117765456
32.225952001012736, -6.454887576484092, 8.82042244074428, 0.3774545057982655, -0.8894793590318886, -0.25759380021422845, 0.07891975443966331, 0.3080570986365645, -0.948088865211909, 0.9226590748547215, 0.3375311746133129, 0.18647503251745776
32.33826268223719, -6.697088838552058, 8.7443132250408, 0.38522909429538826, -0.8797964757873379, -0.2784900466812686, 0.06997474817305425, 0.3287612770222427, -0.9418171570686221, 0.9201641590099413, 0.34332809952417886, 0.18821194582343345
32.44952399970712, -6.936954448864238, 8.653267629056703, 0.3912165221549901, -0.869876245627254, -0.30044125896152707, 0.06051371440718336, 0.3500689009557808, -0.9347672731499843, 0.9183069874293672, 0.34751558508510816, 0.18959218064402084
32.560475389855, -7.173620730318982, 8.555238433881943, 0.3940874972261141, -0.8608497718108171, -0.3219203549068022, 0.05132640067515509, 0.37033369841497726, -0.9274796776275037, 0.917638624472505, 0.34898513176287144, 0.19012820065592678
32.674999618226586, -7.405268875004021, 8.451774833517431, 0.39429963050032846, -0.8533537927666817, -0.3410500047764605, 0.04323877477474952, 0.3879333984086611, -0.920672627351919, 0.9179641658274482, 0.34827429243317165, 0.1898599680998886
32.774411703131285, -7.639900896783228, 8.337632464840597, 0.39444588524650753, -0.8471177376260299, -0.3560954678333546, 0.03681493582207958, 0.401772453704532, -0.9149992108983788, 0.9181814113303075, 0.3478080419478486, 0.18966407631359314
32.88676384882112, -7.877134068860915, 8.240486538918985, 0.3982865586366223, -0.8410831682517858, -0.3659875971845694, 0.03219948314036267, 0.41157484689448676, -0.9108069711466165, 0.9166957022343292, 0.3509775626551048, 0.19100717268676604
32.97480774289237, -8.115024442694528, 8.125691101479836, 0.40903808647582846, -0.8339046744679139, -0.3705277826462615, 0.02919002613976244, 0.4177996201007053, -0.9080701623870626, 0.9120503199857739, 0.3606195659476463, 0.19523765638210908
33.104690662376136, -8.34106428813659, 8.023955237585222, 0.4277754777784495, -0.8245873946876331, -0.37022124349324004, 0.027449667121758538, 0.4212511776877897, -0.9065285219294288, 0.9034681269343839, 0.3776282216928601, 0.20283557329710244
33.24042083951518, -8.564320708686182, 7.924530518044008, 0.452873199835546, -0.8129878116705342, -0.3660009329849716, 0.026688472222510966, 0.4226880366500657, -0.9058821938438469, 0.8911753981799218, 0.40048176206672487, 0.21312148631892885
33.392287431882465, -8.775800186136935, 7.824495388590327, 0.48088393226343, -0.7998994417116833, -0.35904251397320375, 0.026713246131182606, 0.42267563713585343, -0.9058872491943659, 0.8763772282367883, 0.4260354315325637, 0.22462583312447965
33.533261603899064, -8.997488165608802, 7.729887888705605, 0.508244592860873, -0.786614040829493, -0.3506077360777741, 0.027367141934698032, 0.42165543819523377, -0.9063430536958462, 0.8607778304359446, 0.4510488246412822, 0.2358314746163167
33.68665492743631, -9.213947960570334, 7.640842509104035, 0.5326623369351184, -0.774218790323602, -0.3418422143631136, 0.02844359294424297, 0.420060672848094, -0.9070501602154254, 0.8458497483780678, 0.473428237261219, 0.24577206377555275
33.854393172982235, -9.409400233267744, 7.534981595378047, 0.5535111865196649, -0.7630909497158764, -0.33364287623043093, 0.029625625094271187, 0.4183946022099359, -0.9077820659053379, 0.8323146572873545, 0.49258314963395905, 0.25419313909175867
34.01985120906666, -9.624219921518401, 7.470590669549502, 0.5713656410726371, -0.7528690822626948, -0.32669473392539133, 0.030467401295726053, 0.4172544137120248, -0.9082788622973231, 0.8201298931632353, 0.5090057948695301, 0.26134280003340093
34.17112807695409, -9.83480745015737, 7.364636183036531, 0.5871044320383402, -0.7429088426367514, -0.3215506762752345, 0.03048041527030169, 0.4172215549259363, -0.9082935199538384, 0.8089371608264069, 0.5234621530132877, 0.26759679407049236
34.35430873120262, -10.031078543688507, 7.2893108884399895, 0.6009971514142474, -0.7330210688743103, -0.31856323795806035, 0.029379760623399892, 0.41856920935174086, -0.9077095607342529, 0.7987109950774886, 0.5361715486381408, 0.27309488602554594
34.519055487725815, -10.240611398822098, 7.204955248075137, 0.612299906253111, -0.7239837666707676, -0.31770478498070936, 0.027348954138755092, 0.42099435583194533, -0.9066508628271203, 0.7901524280225606, 0.5464533447192477, 0.2775750034408711
34.7147898080062, -10.414861744996124, 7.110237875143727, 0.6198598427204717, -0.7171556987235591, -0.3185301856510239, 0.024987602726980987, 0.4237526437201226, -0.9054332204255405, 0.7843146021160838, 0.5532823878712665, 0.2805872487818341
34.89729240358361, -10.60155328935582, 7.016334631978708, 0.6235323830645247, -0.7131076641796515, -0.3204447324549367, 0.022786875467667504, 0.42628502577100685, -0.9043018495556853, 0.7814653706827294, 0.5565595530503932, 0.2820520135224192
35.05602635025484, -10.81554081082203, 6.927855837833808, 0.6252782569569274, -0.7103606611882022, -0.3231328401960515, 0.02051165998022657, 0.42887596570234515, -0.9031304877190983, 0.7801322792845854, 0.5580798662191113, 0.28273749263070275
35.19264989207688, -11.042561010411148, 6.843732562662485, 0.6287075437713886, -0.7056494967268069, -0.32678067900986985, 0.017125633980930043, 0.4326820397552593, -0.9013839166159886, 0.7774532378643096, 0.5611105419099096, 0.2841151574482942
35.39097464890696, -11.219150310670594, 6.750147612522843, 0.6369713769496079, -0.6958242278759739, -0.3318073369407693, 0.011450957037886608, 0.43891547442357953, -0.8984553867023342, 0.7708024004437435, 0.5684908532354139, 0.2875444474474063
35.583798137419926, -11.397282924387067, 6.6592823369272285, 0.6504690676613619, -0.6800528519811843, -0.33825746189554484, 0.003121563706568653, 0.4477392341189175, -0.8941587297961314, 0.7595263312458526, 0.5805667030952282, 0.2933633504740375
35.76488998941397, -11.581894131488001, 6.554799400400288, 0.6662348891820765, -0.6609313945719278, -0.34539942690420455, -0.006785946865786471, 0.4577699405503159, -0.8890447865286062, 0.7457110857173045, 0.5946565169892338, 0.3004972602879302
35.95288324004429, -11.76144298204851, 6.455145106426018, 0.6794301159382139, -0.6438560289591718, -0.35188653217921156, -0.015868330498724156, 0.4665732336869433, -0.8843402137718789, 0.7335686154978065, 0.6064312257625222, 0.30678698599646703
36.1830342868483, -11.884371491696486, 6.3559613512446145, 0.6856873847133459, -0.634719136612244, -0.3563206814979727, -0.02137204705778143, 0.47175468867687104, -0.8814707875567678, 0.727582329396153, 0.6120287013936488, 0.3099109914489511
36.37053463470874, -12.060054837178745, 6.2442321810745405, 0.6829222089614729, -0.6368336039007418, -0.35785502294920407, -0.02165859503405045, 0.4720152701547554, -0.8813242819767786, 0.7301699540301103, 0.6096265624819234, 0.30855678982667095
36.546849891747755, -12.254311974776954, 6.149591316609438, 0.6722107059413978, -0.6488170704575873, -0.3566078741427368, -0.017267527154973414, 0.46779771853327384, -0.883666864288243, 0.7401584960829133, 0.6001680628106582, 0.30325516823029064
36.721276191432814, -12.454327843421144, 6.062636832538643, 0.6577697301240758, -0.6650191501912659, -0.35367854332908993, -0.010696288004781406, 0.4612616111029686, -0.8871997044327802, 0.753143128200357, 0.5873561577114692, 0.2962906890926554
36.87550608428363, -12.665046814313214, 5.964943304023406, 0.6457157455139587, -0.6783879635108472, -0.3504867286488294, -0.004914642697571782, 0.45530399656710113, -0.8903224792159189, 0.7635620618407569, 0.5766177604562929, 0.29066292512782144
37.05224210733623, -12.856078493637646, 5.866084285304581, 0.6415965244266406, -0.6837416106376815, -0.3476367496773669, -0.0017151661365251637, 0.45193718936658156, -0.8920481125323672, 0.7670403887989075, 0.5729312234029699, 0.2887885995000443
37.2305565487993, -13.050260191912809, 5.7753718093649455, 0.6479295933273838, -0.6794194423027471, -0.3443493335431845, -0.0010774032386338353, 0.45126192970398377, -0.8923908952931435, 0.7616994691430949, 0.5785774729635272, 0.2916539498897049
37.41559428370161, -13.226266156900566, 5.662338658230002, 0.6632546856056772, -0.6670573879439994, -0.33930467608248943, -0.0017794005911339907, 0.45197034484771353, -0.8920311884187543, 0.7483916459686403, 0.5922476243663352, 0.2985844866646319
37.60132335280677, -13.402043175454843, 5.55132490848268, 0.68292501955619, -0.6505422823756214, -0.3322772283887278, -0.002562509222942424, 0.45273363747792655, -0.8916421294681448, 0.7304839842259787, 0.6097761821664756, 0.3075161076298565
37.8110517595745, -13.561674072057363, 5.52049205677758, 0.7005914460226169, -0.6352035653514797, -0.3250969952563496, -0.0029039796496417507, 0.453055139360308, -0.8914777661845563, 0.7135567200034859, 0.625505772366635, 0.31556193698525586
37.956507882343345, -13.58651766381785, 5.627247423733236, 0.7065683664079584, -0.6298931256273982, -0.32248378855213145, -0.002944614095452344, 0.4530931789793484, -0.8914582998717422, 0.7076386597970873, 0.6308258249705183, 0.31828651512567596
37.6903803557571, -13.499797093508281, 5.506847519092942, 0.6924384657924535, -0.6423456127634951, -0.3285134469918744, -0.002789172823958443, 0.4529479353742667, -0.8915326064452983, 0.7214715459433944, 0.6182477509895844, 0.3118469605277078
37.51221261780148, -13.312909988952336, 5.610740098928606, 0.6729179857336027, -0.6590159500901669, -0.3359752401635951, -0.0022139914394896315, 0.4523978676165717, -0.8918134713144249, 0.7397137843234616, 0.6008611710725976, 0.3029676061547338
37.32018621599076, -13.139022458839355, 5.714953362876031, 0.6547011513055501, -0.674040925016664, -0.34210412725055983, -0.0013516783222072078, 0.45154114834378917, -0.8922492725231472, 0.7558866154688153, 0.5846190407051862, 0.2947134231758834
37.13484848799373, -12.95601592308585, 5.813571649504688, 0.6434570169690234, -0.6827536743680963, -0.34613651562669534, -0.0011377013876466943, 0.45132750025569524, -0.892357659881114, 0.7654813994793593, 0.5745875978907037, 0.2896330771878663
36.96469613472515, -12.76537911051769, 5.926524002653691, 0.6424150678355248, -0.6822575584300686, -0.3490379701163177, -0.002952993039434391, 0.45324380473488635, -0.891381698994069, 0.7663511991574015, 0.5736677413228721, 0.28915594774364795
36.79392991680517, -12.55859528535074, 6.004163073104588, 0.6510509430470166, -0.6724554596100957, -0.35204591234406535, -0.007552912191563925, 0.45804539234163194, -0.888896716200497, 0.7589964578804151, 0.5813760172170637, 0.29313188760318737
36.63883710430912, -12.351268390597925, 6.107807197465856, 0.6650940371422402, -0.6568414232966783, -0.3552594353418784, -0.014057804798661432, 0.46463751866973924, -0.8853893800857736, 0.7466272831085663, 0.5938613650390314, 0.2997938945874303
36.455017193265036, -12.160635296092225, 6.198131940300545, 0.6783623893981808, -0.6418700435537076, -0.3575294614970248, -0.019924485053858756, 0.4703650877590209, -0.882246960387389, 0.7344572714224631, 0.6056067464995831, 0.30628905473238893
36.28061647026642, -11.963498471541325, 6.29113449518129, 0.6854439228551366, -0.6343366278679596, -0.3574684198164467, -0.022189815426977857, 0.47251704364123337, -0.881042141761599, 0.7277872221413882, 0.6118371401064621, 0.3098081233183972
36.06792694439127, -11.822514006536847, 6.406047672797287, 0.6836243329589579, -0.6379934017612798, -0.3544322088855502, -0.019213132458674176, 0.4697336631481881, -0.8825990829626496, 0.7295811311482401, 0.6101759623374677, 0.3088635104022483
35.85646572793235, -11.67983334653627, 6.514420017979921, 0.673463759195507, -0.6517454495888423, -0.3488186262092294, -0.011610682546271456, 0.46248939179386606, -0.8865487885779042, 0.7391290530760282, 0.6011085022010401, 0.3039026348693877
35.67871291438615, -11.48226644022349, 6.602534095247662, 0.6583545403888043, -0.670619284315196, -0.3418173118114712, -0.0017615530866796768, 0.4527428123303925, -0.8916394129993862, 0.7527059160656099, 0.5876169852784562, 0.2968839546558379
35.47877243892423, -11.315387636956592, 6.7005038056858, 0.6431815597411725, -0.6886016096781413, -0.3348810301548674, 0.0075875881036637305, 0.4430550428462913, -0.8964623012236712, 0.7656761128020657, 0.5740470818296559, 0.2901896588908272
35.29118921990738, -11.133627430614014, 6.802954064235305, 0.6321269898431529, -0.7015031856886308, -0.3291029461741976, 0.014626565638621766, 0.43544988354677555, -0.9000941409078934, 0.7747267468530138, 0.5641601540234847, 0.2855202065051518
35.1320545028321, -10.924105547217309, 6.8830281243739995, 0.6265435704210369, -0.7084786360664641, -0.3248094466013292, 0.019039146490063122, 0.4305388182086809, -0.9023712301023356, 0.7791538136112722, 0.5591907977183413, 0.2832401569024703
34.97391808210839, -10.713601445448536, 6.978577810534495, 0.624440422601296, -0.7117503831058732, -0.3216917014319106, 0.021709291890841694, 0.4275153251566762, -0.9037473946860259, 0.7807706867365816, 0.5573527060173155, 0.2824094471296292
34.81374009052322, -10.499932961066575, 7.061133789262178, 0.6221130956008977, -0.7148218723967854, -0.3193821958485196, 0.02386003312874026, 0.4250538034167074, -0.9048535588812625, 0.7825637322933922, 0.555300778807436, 0.2814872109970387
34.610265284925426, -10.33025240258959, 7.150141011817555, 0.6165984233031343, -0.7202200543300257, -0.31794568360168624, 0.026167912330269757, 0.4223804450384956, -0.9060408379390841, 0.7868428208634582, 0.5503433773472134, 0.27928577168502283
34.43980620635981, -10.135671821892071, 7.253326860457699, 0.6070493578923525, -0.7283121345404421, -0.3178875772401738, 0.02844875795729648, 0.41968879655041214, -0.9072221239700639, 0.7941547363412056, 0.5416851010792265, 0.2754913900934449
34.25882396857323, -9.934189996561086, 7.321175339815675, 0.5943057947597982, -0.7379311690655167, -0.31977837956391697, 0.030070594108302328, 0.4177270625295898, -0.9080748100241378, 0.8036767893157662, 0.5300581958162708, 0.27044764255415793
34.092509870440516, -9.73382428498105, 7.42104174262462, 0.579459598367118, -0.7478875885292233, -0.3238683818840014, 0.030603829425971955, 0.4170710666643412, -0.9083584815346497, 0.814426165766231, 0.5164454281677898, 0.2645640569690146
33.93691012612204, -9.517635375269476, 7.505276487349308, 0.5627532390644722, -0.7579085273050609, -0.329974932624766, 0.030120723612737977, 0.4177193765159999, -0.9080766842575188, 0.8260759855676051, 0.5010840116401223, 0.2579016854290638
33.77845483669552, -9.304075257600493, 7.5852801626999, 0.5435156930535512, -0.7685049429158023, -0.33762530136009844, 0.029046514729394946, 0.4192010863663986, -0.9074286468760541, 0.8388962935825816, 0.48339487161451217, 0.25016475912925135
33.60534169215589, -9.110705190395437, 7.688637719625801, 0.5208972064946333, -0.780262021784562, -0.3462040982235118, 0.027869273489453103, 0.4209007089299387, -0.9066784969422431, 0.8531643475094688, 0.46263783954940685, 0.2409913391717634
33.465637253325625, -8.887496848785712, 7.7826325136574495, 0.49482844551635596, -0.793200714483012, -0.35493300220112817, 0.026972432864151477, 0.4222653622585105, -0.9060708866871717, 0.8685719874444809, 0.43877624181389785, 0.2303434658209697
33.31253698499639, -8.66849517536656, 7.866350700082726, 0.4667548206698742, -0.8065525770729697, -0.36278489191032337, 0.026612185140703817, 0.4228339876655994, -0.9058163227039159, 0.8839862719428795, 0.4131396365537434, 0.21882392859276228
33.17396154755909, -8.451072233565926, 7.972803935911192, 0.4397208128134613, -0.8190424690225206, -0.368530922333747, 0.02696064995430744, 0.42218175354169085, -0.906110197674932, 0.8977297645353585, 0.38849967942580893, 0.20772402112739258
33.03840463552817, -8.231719471871571, 8.080257328725006, 0.41745051423574, -0.8295459371001824, -0.37092938196494546, 0.028181726197303626, 0.41982041551414623, -0.9071695591376894, 0.9082625493065629, 0.36824496867996687, 0.19863228481048542
32.92571280666536, -7.996627507803634, 8.179727565204349, 0.40266750605884133, -0.8377145591967508, -0.3689081144053985, 0.030514566102421762, 0.4150868245874214, -0.9092699210407832, 0.9148375488686142, 0.3548763803970685, 0.1927044727460711
32.83363218781394, -7.757189045154315, 8.289339661766812, 0.3956689727297903, -0.8441600641790742, -0.3617179150444914, 0.03428791116700619, 0.4071630877365218, -0.912711651691083, 0.9177529096476654, 0.3487291298845608, 0.1900462859495054
32.72682634952176, -7.521611891751199, 8.39341362592536, 0.3941550652321999, -0.8501305389964369, -0.34917023243316153, 0.03979977921345616, 0.39536048029179965, -0.917663374118199, 0.9181817696547675, 0.3478047689280084, 0.18966834365432284
32.63133367396818, -7.283677032609864, 8.50327112551038, 0.3944079598782742, -0.8569050994676995, -0.3318975921740163, 0.04710079059471959, 0.37955252582507004, -0.923970451727306, 0.9177275612675093, 0.3487886618656942, 0.19005944502688735
32.5026146224517, -7.054392864927713, 8.599340438179663, 0.39306623206187363, -0.8651923791750715, -0.3113536321131658, 0.055831329924649, 0.36043995526194156, -0.9311100371328914, 0.9178135975303081, 0.3486046265730689, 0.1899816162693771
32.394928818003905, -6.817271105130796, 8.700442165928926, 0.3885568791174876, -0.874792176429895, -0.2894169997555874, 0.06526385824011992, 0.3394367853416884, -0.9383620290508957, 0.9191105376928782, 0.3457185514460398, 0.18898281056212565
32.29523337341948, -6.569229257951997, 8.78091812670764, 0.38145151499553015, -0.8847364323698608, -0.26783611956766656, 0.07455167155003393, 0.31824445924391837, -0.9450727550985912, 0.9213776587136845, 0.3405318037981131, 0.18735341103191264
32.15622465613167, -6.339356807221563, 8.856206120475761, 0.37340994324258553, -0.8939397927285703, -0.24786419923815056, 0.083028881761842, 0.29832493896722756, -0.9508461682015541, 0.9239432986287346, 0.3344755264090343, 0.18562031988026628
32.05492707100607, -6.089813939171753, 8.93088201909408, 0.3652371203618559, -0.9020129548440998, -0.2301618456721164, 0.09040505006943285, 0.2804425861843275, -0.9556039361451947, 0.9265143133442261, 0.328214236662065, 0.1839745689507533
31.964261666707717, -5.8329500077431655, 8.993012748381405, 0.3555870460513922, -0.909632754564764, -0.2147698873291247, 0.09680424879040007, 0.26439612435188703, -0.9595434470850331, 0.9296164747338397, 0.3204105823012426, 0.18207215232650845
31.888538058845747, -5.572089540898867, 9.059662309528308, 0.34169823918130693, -0.9180606127417243, -0.2010149861892988, 0.10266161903096128, 0.24907122204012003, -0.963028617606654, 0.9341856910263271, 0.30842865898572214, 0.17935678687446716
31.76501601912375, -5.329159795176061, 9.111230896419752, 0.3218173094072117, -0.9280508247560936, -0.1874974294102119, 0.10849770276123437, 0.23287578697071615, -0.9664352623628261, 0.9405646537380818, 0.29067255548521276, 0.17563484172070792
31.646925911542038, -5.081559438729785, 9.163092245964423, 0.297316140704285, -0.9390786220014041, -0.17243681212738082, 0.11465349929584782, 0.21441274132562405, -0.969990593488642, 0.9478700794813215, 0.26862337585767715, 0.17141701889514446
31.537959238439868, -4.828975292501876, 9.212653237692317, 0.27265306272887696, -0.949649138223399, -0.1543593912145245, 0.12116069199722092, 0.19305167681826138, -0.9736791754948917, 0.9544529292214036, 0.24677431865818839, 0.16769627769115583
31.511762699253964, -4.55784893649773, 9.27932393393216, 0.2530180317670065, -0.9583186479774208, -0.1326922926905639, 0.1278442773131913, 0.16907117849974232, -0.9772772264608318, 0.9589774326640945, 0.23030481006578318, 0.16529361179896102
31.397960282573436, -4.305554765743349, 9.310555122341036, 0.241232507217652, -0.9644556057181904, -0.10785296500441575, 0.13453278465126509, 0.14329616747135848, -0.9804933137161093, 0.9610971893182613, 0.22201710066294136, 0.16431859206358712
31.348647769844895, -4.03298775100676, 9.349091502117725, 0.23596934424380858, -0.9683916130416984, -0.08084647405820776, 0.14118147126636027, 0.11647694544684327, -0.9831077831806841, 0.9614500822966385, 0.22056927476389498, 0.1642039411278443
31.33305641804196, -3.7606861402067953, 9.38296783229612, 0.23240911139287518, -0.9711924048660491, -0.05264330605190368, 0.14786363084152523, 0.08877675901322836, -0.9850152454320026, 0.9613128271358576, 0.22114248752695045, 0.16423656290381042
31.2430803158684, -3.4969906948726597, 9.404619743104906, 0.22486832643111437, -0.9741037043379596, -0.023584082834297485, 0.15470315423059647, 0.05958869981129882, -0.9861623197658199, 0.9620297135947383, 0.2181081384310639, 0.16409652680956352
31.162370740142396, -3.229511316001475, 9.415438325613618, 0.20979101872189646, -0.9777216114561521, 0.006941106195268052, 0.16179100038333855, 0.02771273797964774, -0.9864358450242113, 0.9642672869379048, 0.20806838934652352, 0.164000441146224
31.09533800043663, -2.958811876476915, 9.41383642998374, 0.18748516714192587, -0.9814413269549885, 0.040276964217719605, 0.1690881844825927, -0.008145296966365333, -0.9855672681282138, 0.9676045152696142, 0.191589602750674, 0.16442300978784605
31.02952549763314, -2.6874941476611545, 9.415882873043815, 0.16192761942116762, -0.9837369184577074, 0.07772465073532057, 0.1763686835125739, -0.04864492560387778, -0.9831214363897446, 0.9709137621563694, 0.17290270812317332, 0.1656234282311464
30.97190864489891, -2.4148164794760696, 9.403784644117403, 0.13901282063301995, -0.98304201174379, 0.11959865737697115, 0.18329927182841838, -0.09314195226197317, -0.978634739663374, 0.9731787156770453, 0.15796512233892207, 0.16724295942617723
30.936149875294134, -2.1386471892174415, 9.387327618355572, 0.12419025993251961, -0.9784860945410595, 0.1647475102321068, 0.1896449049007867, -0.13956582861231695, -0.9718828064787075, 0.9739669344403149, 0.15194190427114662, 0.1682321858129203
30.91340042643545, -1.8607558256349437, 9.368973239535027, 0.12047880445761942, -0.9700518498787623, 0.21091293517291407, 0.1954180841603197, -0.18512831612367786, -0.9630884066129765, 0.9732916469689715, 0.15724794153184565, 0.16726163584164885
30.892051135345064, -1.5898384475475231, 9.303973534264395, 0.12759978289845136, -0.9583032752098164, 0.25568169298251886, 0.20082851917712133, -0.22748537511213865, -0.9528474746753618, 0.9712807015942367, 0.17293130668629245, 0.16342754320609112
30.87133672831375, -1.3168030470629999, 9.247548690924946, 0.14260679999764525, -0.9440677809176589, 0.2973202408643564, 0.2061137121442248, -0.26547981112348834, -0.9418267396671027, 0.9680808015142948, 0.19559267603630834, 0.1567260885123995
30.84071623648557, -1.0534154172164338, 9.159390240669435, 0.16177397081853476, -0.9282464807412314, 0.33494425410375767, 0.21140648600187203, -0.2989358510481506, -0.9305614727864345, 0.96391725788158, 0.22135001230999896, 0.14787728699303077
30.80773390117538, -0.7878135106606472, 9.079033805649004, 0.18264559506419686, -0.9116548241037147, 0.36813865362397147, 0.21667891193974792, -0.32790647552720176, -0.9195257432111054, 0.9590051281011236, 0.24771520945584607, 0.1376457020033459
30.750184612374355, -0.5335929345933601, 8.979360474837605, 0.20478966919636118, -0.8948422198526008, 0.39663407942297985, 0.2217623947689749, -0.35226715364085776, -0.9092465522244765, 0.9533533613811693, 0.27416282394781033, 0.12630167975204332
30.664428725023676, -0.2896935544976156, 8.877226922516318, 0.22873917910967212, -0.8780264793310935, 0.4204139502129755, 0.2264661340948951, -0.3720208057670334, -0.9001742110194894, 0.9467795298000197, 0.301114632108591, 0.11374752868419408
30.652620168379656, -0.03910070260457227, 8.755538485871934, 0.2542879927206024, -0.8612614874133058, 0.4399616654400097, 0.23072631191812903, -0.3877556755189762, -0.8924185705662342, 0.9392033782662759, 0.32844205942820814, 0.10011407419425247
30.59885847681635, 0.20317071302218317, 8.628295586842949, 0.2799336733864571, -0.8447523778709142, 0.4561036708751648, 0.23462170961748394, -0.4004922095755743, -0.8857531504010828, 0.9309080469522935, 0.3549639561289435, 0.08608599171035937
30.51799726058667, 0.4428681656458662, 8.510366894289051, 0.30393933823292774, -0.8290575690978617, 0.46934467696573945, 0.23816591319062044, -0.41088640915016855, -0.8800280430587187, 0.9224412590884081, 0.37925704462438753, 0.0725687097457819
30.414721584165513, 0.6691189223400951, 8.383540575659378, 0.32568909559005804, -0.8150401562017044, 0.4792036694271352, 0.24101599726089798, -0.4185246910248195, -0.8756416915993174, 0.914241708782784, 0.40068270087599295, 0.06012878795264992
30.33130140677017, 0.9003742240470928, 8.251713824427227, 0.3458598820751159, -0.8037174254264543, 0.4841686090989986, 0.24237849641039538, -0.42197074607495133, -0.8736093829251063, 0.9064400732805358, 0.4194984976407198, 0.04886106863706671
30.240663201049585, 1.1247915366726602, 8.111973921577993, 0.3654130473189784, -0.7961230893479249, 0.4823498019655179, 0.24122598873337955, -0.4194919738674735, -0.8751208523514762, 0.8990457870479466, 0.43613588532461656, 0.03875773888465911
30.154231530395666, 1.348125357607237, 7.967988323073642, 0.38460508589260056, -0.7930801697386384, 0.47233756178487213, 0.23666442029079884, -0.4098731523259962, -0.8809051885252867, 0.8922269218500222, 0.45058611093739154, 0.030054559659912494
30.046190271295256, 1.5619156828597076, 7.823926562521883, 0.4028947039350867, -0.79485125349396, 0.45374810452512016, 0.2282343743578879, -0.3928506557255372, -0.8908296316678509, 0.8863322897776671, 0.46247145545978946, 0.02313492991953195
29.935152630982575, 1.7785623237121688, 7.688393606626309, 0.4194864659755877, -0.8008924426963692, 0.42732002070480546, 0.21604761155873067, -0.369129466827171, -0.9039175107606093, 0.8816771145964265, 0.47150263196691883, 0.018186083833205247
29.817619537657563, 1.9928226479391729, 7.55764486407962, 0.4337366461188716, -0.8099977435108626, 0.39468490890945324, 0.20074815653214217, -0.3401520744680898, -0.9186929540842259, 0.8783921103143512, 0.4777030685921599, 0.01506913385483466
29.696778098442408, 2.2154701950302145, 7.432917456947724, 0.44515957612206275, -0.8208455500776892, 0.3578345074255432, 0.18326910093373913, -0.3076360045876702, -0.9336875951431903, 0.8764960858040179, 0.48121998254331744, 0.013488512566066448
29.57753049626573, 2.4448298709293925, 7.326461813033996, 0.4534616594597752, -0.8325691772089016, 0.3181211853392975, 0.16431981868591847, -0.27271378343601155, -0.9479589598242336, 0.8759974432536969, 0.48213665851676224, 0.013142371448003483
29.453584590884038, 2.674463060425743, 7.22705907670143, 0.4589805235094479, -0.8448377243114861, 0.27492926111853333, 0.14369843357035766, -0.23478275006740862, -0.9613676822424447, 0.8767483328917248, 0.48075594624609097, 0.013641148067779149
29.31890369527756, 2.9039522444514483, 7.140438114480818, 0.46316651911111434, -0.8572358603168608, 0.22499656744338375, 0.11991938973653625, -0.19091718457778742, -0.9742535443087225, 0.8781207864181958, 0.4782230739097628, 0.014372753410084664
29.187587445522517, 3.139880033818227, 7.070539998640397, 0.4682476850254438, -0.8682934401886107, 0.1637394491066236, 0.0907954868048468, -0.13704691041407138, -0.9863946086236625, 0.878919953718303, 0.4767437950004019, 0.014665227050101717
29.054247648748078, 3.3800858079417564, 7.01924146694612, 0.47584985843966077, -0.8750390539584711, 0.08873311822774345, 0.05501271961269978, -0.07107817732350931, -0.9959525557922838, 0.8778043705198609, 0.4788053328398, 0.01431573750803844
28.925768808863126, 3.618506051651258, 6.942005831476727, 0.48576633952045134, -0.8740827647201673, 0.003222391666195519, 0.013758040335361581, 0.003959729694779144, -0.9998975131816634, 0.8739804229586795, 0.48576088866837874, 0.013949169332787727
28.820569472975148, 3.868393281916815, 6.872920061631362, 0.49641231358665355, -0.86405233167975, -0.08359654920110651, -0.028956942127699434, 0.0797641970400123, -0.9963930792479317, 0.8676037750160835, 0.4970424941484875, 0.014575616230259925
28.690337540877945, 4.106299669915689, 6.897210174486037, 0.5066802933823579, -0.8470326713626135, -0.16065719387031074, -0.06789101854901843, 0.1465686115624284, -0.9868680011556961, 0.8594567411442793, 0.5109337488843118, 0.016757516303992255
28.538665571800788, 4.3316206481980695, 6.966426920322273, 0.5172164740294768, -0.8269890906894616, -0.22040000651799674, -0.0990517400367872, 0.1979491038023033, -0.975194803667221, 0.8501034476981023, 0.5262178219943547, 0.02046782908169063
28.40904341214277, 4.570662489879166, 7.030737466780037, 0.5300398783993495, -0.8067583469357925, -0.2611488023250924, -0.1211299926351728, 0.2327757377489748, -0.9649575020691965, 0.8392766243561213, 0.5430989095596198, 0.02565779110808875
28.259299768562208, 4.792172428564356, 7.111603146729583, 0.547260253819447, -0.7867380590797199, -0.2855686274522283, -0.13507026945796505, 0.25370615628371085, -0.9578043686329155, 0.8259916687824564, 0.5627400933461382, 0.0325783738506457
28.118551818170303, 5.018432797513854, 7.195853365355133, 0.5699539617263124, -0.7658948730807865, -0.2975861638266254, -0.14262948586207408, 0.26445325664183983, -0.953793114262336, 0.8092028863487831, 0.5860627256873543, 0.04148698934253078
27.971768527126194, 5.239631740838232, 7.282422414636074, 0.5976154630669716, -0.7434307298432236, -0.30027738547553195, -0.14520890397442474, 0.26796320918146943, -0.9524232739342915, 0.7885240215172873, 0.6127858259212104, 0.05218619587845445
27.81719030236502, 5.45485769508847, 7.37065176560817, 0.6282294673603979, -0.7197070451360357, -0.2955494975831073, -0.14356948346855194, 0.2661091629660181, -0.9531913327355104, 0.7646669469492219, 0.6412547719643742, 0.06384964899100443
27.65122548753236, 5.6634135666654215, 7.4532883308811755, 0.6588897902906405, -0.6961821966166699, -0.28494665003249997, -0.1382476485519805, 0.26027788256356915, -0.9555851670667942, 0.7394266913769098, 0.669018514663244, 0.07524888781359489
27.475932849340907, 5.859217974652813, 7.547161552262778, 0.6867533978719769, -0.6747172437452814, -0.2704189555191435, -0.13009466913190726, 0.25192574196893286, -0.9589623546296603, 0.7151539327828337, 0.6937507200184899, 0.08523374272594875
27.289739563272224, 6.0495888322296, 7.631326641916498, 0.70995434451475, -0.6567203946588724, -0.25432882641125537, -0.12041639116518875, 0.24261740590567538, -0.9626197001362236, 0.6938765894907998, 0.714041397672919, 0.0931673814482329
27.084037914680415, 6.225815899022876, 7.700054210480258, 0.7280595880400753, -0.6425889260667352, -0.2387649646814113, -0.11058115351592754, 0.23364898151491378, -0.9660124025726223, 0.6765360631555443, 0.7297174970722871, 0.09905215654671067
26.87851570097682, 6.403369021623626, 7.765908754109769, 0.7418702737456812, -0.6317394443478757, -0.22479717833537294, -0.10143476594258098, 0.2256581016822775, -0.9689114559149998, 0.6628268893087258, 0.7416088562039886, 0.10332869499383904
26.674456965204136, 6.582171499473919, 7.83537735641818, 0.7527579465349734, -0.6231137462221473, -0.21233165849079477, -0.09305785120312596, 0.21858406749239798, -0.9713708054949642, 0.6516868191531168, 0.7509662207499618, 0.10655526751227656
26.464328919784226, 6.7582803107227, 7.884059873452633, 0.7619778588987607, -0.6156977898795419, -0.2007634779672531, -0.0851391958684182, 0.21207880481280295, -0.9735367984190696, 0.6419821336103829, 0.758906326292396, 0.10917933888076128
26.254595517790246, 6.933107647357621, 7.941405886714452, 0.7703291209712702, -0.6087010426412972, -0.1899370581825146, -0.0776682526014902, 0.20608382809874906, -0.9754471273903041, 0.6328986395320039, 0.7661674076098272, 0.11147562780704899
26.04228311307392, 7.099848422687407, 8.0119962193707, 0.7782051774999121, -0.6015138506330096, -0.18049318327565686, -0.0712204722672097, 0.20102066584788034, -0.9769945425805153, 0.6239586092381176, 0.7731570211792197, 0.11359522242994947
25.825940870188763, 7.268541539781555, 8.064591294831235, 0.7857801412191502, -0.5937980855133186, -0.1730705154159132, -0.06634976533875786, 0.19727895316224514, -0.9780995467122457, 0.6149368083836779, 0.780054388026839, 0.11561952004298276
25.604021786644164, 7.431043979535176, 8.113878616999841, 0.7930920041533791, -0.5857593918593332, -0.16700601125875858, -0.0625402338275473, 0.19442398939667768, -0.9789218720101601, 0.6058826553886258, 0.7868197043768443, 0.11756258207254183
25.38957228886072, 7.6102580877883055, 8.136823146342559, 0.8000441646913898, -0.5782150273757305, -0.15998973923392523, -0.05789091867727341, 0.19102726370083822, -0.979876127914989, 0.5971415042332576, 0.79320613124197, 0.11935684849303312
25.169847767090317, 7.775845857829443, 8.178095293631578, 0.8064506161308644, -0.5721182828279803, -0.14939234985805716, -0.05018721670416887, 0.18551081502836422, -0.9813597611411428, 0.5891677579617183, 0.7989157702545839, 0.12089228683785835
24.940523620969895, 7.915698436765617, 8.256108285315628, 0.8121448584015367, -0.5677984219172134, -0.13425975212352345, -0.03858953321770723, 0.17733393355768023, -0.9833938803627973, 0.5821783033555848, 0.8038393048845536, 0.12210976629545368
24.719945317808783, 8.08130626069921, 8.300050485993575, 0.8171242842692743, -0.5646263909916518, -0.11621076823241676, -0.024439817885193352, 0.1674802400007698, -0.9855724552314878, 0.5759432258123754, 0.8081753570884397, 0.12305280507086538
24.48800891604125, 8.233396784798558, 8.334209539804545, 0.8216482173206245, -0.5614095355661803, -0.09855729475389087, -0.01054539498090597, 0.15790724852968777, -0.9873976379891133, 0.5698973605997281, 0.8123328346417799, 0.12382392395783041
24.26307073227308, 8.396941455444729, 8.362312743391913, 0.8261634074661103, -0.557041870782968, -0.0846072003945117, 0.00026083798799955547, 0.15054248898525838, -0.9886035054427368, 0.5634305246678866, 0.8167259719175917, 0.12451799334929699
24.03350174485268, 8.555398149799345, 8.378351078523117, 0.8310923295065125, -0.5508433706619803, -0.07653182888959788, 0.006087487219693803, 0.14661629385924332, -0.9891747089742692, 0.5561011439790325, 0.8216296266400867, 0.12520492918604778
23.801166701980062, 8.709090178290836, 8.399046040312168, 0.8366388670879555, -0.5425689207962883, -0.07519556013311708, 0.006137600647875331, 0.1465567574154551, -0.989183222014079, 0.5477204907031226, 0.8271276098896824, 0.125945150847947
23.570530934979622, 8.865945542726822, 8.4167523376937, 0.8426589401631411, -0.5324172593905218, -0.08036026671320506, 0.0005608253095872734, 0.15011210356076451, -0.9886688231351966, 0.5384473939375172, 0.8330655546039867, 0.1267918991665008
23.336874716143278, 9.018827279948853, 8.429743464145474, 0.848600959487764, -0.5211904563432288, -0.09075747778107944, -0.009558368864144216, 0.15642048676802217, -0.9876443028256235, 0.5289471137468312, 0.8389833964602588, 0.12775684452468647
23.100351173600366, 9.165818751603798, 8.451328500277274, 0.8536087245546781, -0.5103847579271792, -0.10420913702622481, -0.022254564390587126, 0.16413686550217776, -0.9861865055591185, 0.5204391220190129, 0.8441365341333916, 0.12875026995445207
22.86689662305148, 9.319323676478223, 8.460533496285771, 0.8568180946235068, -0.5018874072220005, -0.11820229776836436, -0.03517662467898854, 0.171812179916203, -0.9845014880174818, 0.5144174936779822, 0.8476966469819378, 0.12955707967395322
22.624094350230358, 9.459304042459577, 8.493527948542305, 0.8576771693308626, -0.4972698547057206, -0.13081500223426426, -0.04646762022001878, 0.17841094409133817, -0.9828582274669758, 0.5120845960187507, 0.8490537242303274, 0.12991204675057633
22.384379089293013, 9.577331957564727, 8.549459690791549, 0.8560957466241329, -0.49710255258868336, -0.14138290144810184, -0.05545448660421026, 0.18363024361663494, -0.9814299432688809, 0.5138335066220691, 0.8480383162564713, 0.12963850366830665
22.14280806868967, 9.721096476974356, 8.576107541325337, 0.8524063732438807, -0.5007578688486214, -0.15048232999060385, -0.06268643303661826, 0.1878507345384791, -0.9801951400851259, 0.5191086456286003, 0.8449577849333899, 0.1287344387260052
21.899511062630552, 9.84876335961414, 8.62744799571048, 0.8472256942413459, -0.5067397230430234, -0.15944740859465092, -0.06947762218939887, 0.1918717447392397, -0.9789576566867574, 0.5266701843015007, 0.840476107132737, 0.12735160111605684
21.664715834381752, 9.998043193277116, 8.65382824032455, 0.841274110033953, -0.5132130314633054, -0.16991249548760293, -0.07742957286667312, 0.1966712032865632, -0.9774073352719939, 0.5350350764503808, 0.8354237380719198, 0.12571652569839592
21.428485957054708, 10.137365391645481, 8.70472322666256, 0.8351621499810649, -0.5185001709984615, -0.1834714035308269, -0.0880668393062793, 0.20321121600671638, -0.9751663619627544, 0.542907372443594, 0.8305797820580741, 0.12405164482083599
21.1921408822233, 10.27751394838482, 8.75555743876428, 0.8291600824554743, -0.5215754542728748, -0.20112832511229103, -0.1023219842165774, 0.2121078174224999, -0.9718747271815674, 0.5495668923874633, 0.8264195782339063, 0.12250269998362742
20.961836759548877, 10.427448029565074, 8.806273597473771, 0.8230677470900583, -0.5225367366117704, -0.22251930835596556, -0.11985280079756747, 0.22316993991800735, -0.9673833180585509, 0.555152942747379, 0.8228915705049569, 0.12105648826399648
20.73034711680652, 10.579705558907602, 8.844219345374997, 0.8163640645115501, -0.5227305444583524, -0.24556565733924662, -0.13876360004256816, 0.23520682307002522, -0.9619887804358906, 0.5606196370779462, 0.8194086454703663, 0.1194784258810421
20.505303429928407, 10.73365745974106, 8.904740610314484, 0.80860269673946, -0.5241989324246615, -0.26716503901243926, -0.15625635689873982, 0.2464479946692296, -0.9564765218510327, 0.567226259753907, 0.8151557306235173, 0.11736909762468475
20.273517783649854, 10.871484614703673, 8.975066561992183, 0.7997243035768589, -0.5286708509024668, -0.2845139182440285, -0.1698517974329877, 0.25530561624519965, -0.9518242533274944, 0.5758397391438796, 0.8095221885283446, 0.11437841187474204
20.047480668429976, 10.99788218773441, 9.080563426875528, 0.7900477236543993, -0.536872288007371, -0.2959607080648247, -0.17818041501695986, 0.26083611321462347, -0.9487972711530488, 0.586580202574964, 0.8023295260756759, 0.11041285040381629
19.827546310388072, 11.153333218965617, 9.15521153653204, 0.7800360410755764, -0.5486206209632228, -0.30093053829259225, -0.18090155454609763, 0.26266808807949465, -0.9477763992986258, 0.5990145258555478, 0.7937385525212888, 0.10564425235412742
19.605897194584674, 11.302422500537462, 9.23711661643861, 0.7700505368551495, -0.563251318410232, -0.2996166267052476, -0.17837398685644804, 0.26082259290991977, -0.9487646156137368, 0.6125397060616005, 0.7840405138364228, 0.10037719442725207
19.388319554338985, 11.45654441802069, 9.320949255021734, 0.7602518978339461, -0.5796847411585831, -0.2932279875929132, -0.17179422182488943, 0.2559064344921891, -0.9513141658427439, 0.6265012347852668, 0.7736132739640663, 0.09496686347950392
19.176108384914087, 11.611710777526172, 9.416212295642719, 0.7507228665505908, -0.5962401174691518, -0.2844519290819378, -0.1635054219726398, 0.249488179973567, -0.954474528229552, 0.6400633989095242, 0.7630552865774859, 0.08980798963643595
18.96746535065926, 11.768599261871204, 9.51586898491526, 0.7416670639709495, -0.6109105355542477, -0.2769806559482694, -0.15653148301636988, 0.2438978863443521, -0.9570850097360493, 0.6522483124128474, 0.7531946219839727, 0.08526429715310481
18.75343194401807, 11.929784229122934, 9.587659895091164, 0.7333742457033675, -0.6222648867590648, -0.27376746783674816, -0.1531568843554237, 0.24111834606362936, -0.958334446822235, 0.6623482350799736, 0.7447471744815607, 0.08152583386985883
18.55479173537909, 12.120904830850145, 9.64174761985587, 0.7259486339401933, -0.6302291963250821, -0.27533568780637285, -0.15367259973070305, 0.24157963188512396, -0.9581356968353988, 0.6703605842920468, 0.7378688511908394, 0.07852544472931348
18.35328905507843, 12.300862909244042, 9.706130902333786, 0.7192073973947001, -0.6359507797497049, -0.2798344604734814, -0.15653679529841083, 0.24408967706141985, -0.957035245573409, 0.6769320137579885, 0.7321112178404278, 0.07600140434071227
18.15036820398609, 12.473753654145954, 9.79047622892849, 0.7129297854139158, -0.6407392363114144, -0.28492867900710456, -0.15989786792023872, 0.24707966891055103, -0.9557114151487438, 0.6827618859487031, 0.7269146224021897, 0.07369761755750333
17.947170282690326, 12.647292752871786, 9.871940801610071, 0.7071567378285365, -0.6449221162275629, -0.2898358365424545, -0.1631520908545281, 0.2500208116978137, -0.954395614495248, 0.6879758305300401, 0.7221946120807939, 0.07158350988861488
17.74833457817911, 12.821338288672322, 9.962539989296257, 0.7022377976714389, -0.6475728411103663, -0.2958234118149129, -0.16727947883129823, 0.2538023429914275, -0.9526814507766964, 0.6920113087829537, 0.7184941100303538, 0.06990395101990604
17.55388525296085, 13.004718210538334, 10.043625792380194, 0.6986062413274322, -0.6472313637335669, -0.3050260339347196, -0.17391051282454506, 0.25992368818591954, -0.9498393600230159, 0.6940493160485509, 0.7166109391569572, 0.06902397245249449
17.361608948700034, 13.196496472667743, 10.109592290728669, 0.6964782346486063, -0.6428582622117855, -0.3188280467066912, -0.18411321035069406, 0.2693456759728474, -0.9452805047228526, 0.693556338328129, 0.717067752406126, 0.0692347024555242
17.165515613313193, 13.37677593454497, 10.193951509985855, 0.6957292928149423, -0.634283362373006, -0.33711328561184634, -0.19785483439123738, 0.2819425888334045, -0.9388087351052576, 0.6905173536032503, 0.7198562306590892, 0.07065968832405028
16.974964813108173, 13.561237385810312, 10.281298318326947, 0.6960161271368764, -0.62203010526995, -0.3586643262205464, -0.21429833477477403, 0.2967912223683512, -0.9305864785380554, 0.6853012290067357, 0.7245643646101808, 0.07327146142191163
16.7797394225874, 13.737913404127408, 10.374713487420589, 0.6969723660765266, -0.6068518130918219, -0.38204763822441895, -0.23244092946401523, 0.3128192165428836, -0.920931784700366, 0.6783809661507264, 0.7306675131061082, 0.07696915002611299
16.585800913506176, 13.911615650672468, 10.476234134100574, 0.6983072191599824, -0.589356528084896, -0.40623381256706026, -0.25156691834683353, 0.32925363691171383, -0.9101132501913634, 0.6701351455210582, 0.7377336412175648, 0.08165758601222306
16.391726356640113, 14.081657366506935, 10.583207632576787, 0.6997949373650415, -0.5698755961880303, -0.4307306008488307, -0.27135514211178896, 0.34570811939742296, -0.8982495661185637, 0.6607975730038274, 0.7454714622653468, 0.08728611837066248
16.19660259229406, 14.24547865187299, 10.698068336473932, 0.7012228341207225, -0.5485003634223672, -0.455449106084569, -0.2917919311171739, 0.3620756126546108, -0.8853014851764899, 0.6504952004762312, 0.75368999067675, 0.09384770701017892
16.003297655963063, 14.406248873848758, 10.81997988296547, 0.7023457060130421, -0.5251450938465975, -0.4805550329087084, -0.31307118905704456, 0.3784111039764227, -0.8710863717047542, 0.6392940949417958, 0.7622517082933914, 0.1013676150274678
15.806059693264793, 14.55566432300996, 10.949829479016888, 0.7028783839632916, -0.4995631383932035, -0.5063582211398218, -0.3355239295596606, 0.39484587004399396, -0.8552896770112716, 0.6272046476629424, 0.7710599261198409, 0.10991323979425814
15.610676088947788, 14.703945513916485, 11.083770011002382, 0.7025719987372986, -0.4713212350718655, -0.5331499601056052, -0.3595102850610202, 0.4114822082182008, -0.8375170131138933, 0.6141212759102401, 0.7800888960177581, 0.11965104589670017
15.416099310700007, 14.844571760579157, 11.226847904429334, 0.7014005179650787, -0.4397788171440585, -0.5609205874183011, -0.3852175402517468, 0.4282394859010078, -0.817446260862226, 0.5997038936681278, 0.7894336797392251, 0.13095688302900896
15.217170876815688, 14.974173544681419, 11.37445410045894, 0.6997847082214738, -0.404154720132726, -0.589033381340841, -0.41240976236711974, 0.4447080897852453, -0.7950804379330774, 0.5832834217116776, 0.7993082490966774, 0.1445225687646095
15.020669899624462, 15.095063849531948, 11.53208875912774, 0.698655616970308, -0.3637820249840239, -0.6160705861947648, -0.4402761537057062, 0.4601306963938256, -0.7709971794463599, 0.5639479030495173, 0.8099026981895145, 0.1613083448287665
14.826019323431098, 15.211366214019359, 11.695406110310604, 0.6991580441597783, -0.31859027854485733, -0.640061140597821, -0.46751860587438876, 0.47359300579539193, -0.7464154459970358, 0.5409291843189286, 0.8211028554806006, 0.18216947678923193
14.634105656662536, 15.314027965022767, 11.870725991111708, 0.7020304299524165, -0.2696970712203035, -0.6591030004453141, -0.49267347999358885, 0.4843621392665075, -0.7229565409872016, 0.5142238010164758, 0.8322600602097658, 0.20716436625975282
14.445496113142593, 15.403613282284553, 12.056497016053227, 0.707050193643, -0.21980139509853325, -0.6721364224486981, -0.5145008174488642, 0.4921752155685179, -0.7021769478020006, 0.48514836134305006, 0.8422890857020655, 0.23490458401940972
14.25517221194369, 15.479048855412104, 12.246729122258662, 0.7130199746682485, -0.17296337172055987, -0.679474935348719, -0.5322569956416888, 0.49730027418019607, -0.6851240237291238, 0.45640443283843507, 0.8501624017464883, 0.2625240643104346
14.061470073687426, 15.533678613453397, 12.440507904272573, 0.7183601052249728, -0.13352630631161444, -0.682736760943735, -0.5457896603238227, 0.5003607285665892, -0.672125574570644, 0.4313611084749901, 0.8554588633190312, 0.28656190825742833
13.860875844178958, 15.571077420452168, 12.631409454641368, 0.7218496505760249, -0.10451605013423404, -0.6841121817564785, -0.5554942822550214, 0.5020645184469318, -0.6628403440487228, 0.4127459077268354, 0.8584914761259943, 0.30435702895409167
13.65556243146458, 15.593011762849024, 12.819891839335178, 0.7230339216843519, -0.08647591824002387, -0.6853786279555931, -0.5621480745013234, 0.5029925509336212, -0.6564967905784027, 0.4015115072176651, 0.8599537250746887, 0.3150684057501889
13.45119561665619, 15.598431845548928, 13.01041263876905, 0.7222229194541796, -0.07763384204973572, -0.6872896341308214, -0.5665901755994611, 0.5035150234766814, -0.6522638990833763, 0.39669840878084395, 0.860491491940434, 0.319663518044948
13.247602317570687, 15.618142537097807, 13.200834679070415, 0.7202516010407715, -0.07535271560021424, -0.6896082942148236, -0.5693133591794746, 0.503807439578222, -0.6496617295834953, 0.39638356456592394, 0.8605231153648979, 0.3199688073308126
13.04322275664476, 15.639487245004384, 13.39038578675711, 0.7181414074306712, -0.07773272690730873, -0.691542147740142, -0.5702199247156294, 0.5039008695536094, -0.6487936121143751, 0.39890118624892135, 0.8602566691579149, 0.317547329981742
12.845418501534157, 15.669638511046548, 13.585311616393737, 0.7167864964934816, -0.08404230268012237, -0.6922095129401379, -0.5688062684458823, 0.503735872327117, -0.6501612107066287, 0.4033318080951105, 0.8597598864165862, 0.31326728250436214
12.64511411543544, 15.686721129007163, 13.77972387204628, 0.7167940368831801, -0.09363557185087373, -0.6909693830936897, -0.5647624383886327, 0.5032321313459707, -0.6540648363628163, 0.40896173032942845, 0.8590633280877211, 0.30783193703839157
12.44779992410771, 15.687343051202689, 13.977553814750458, 0.7185189345833657, -0.10438157851477814, -0.6876300071346132, -0.558611892612264, 0.502389908358023, -0.6599675245132609, 0.41434682824576974, 0.8583174622753404, 0.30266787057084554
12.24643614294422, 15.725398368231598, 14.167720419438696, 0.7221903003319529, -0.1122560217275473, -0.6825245458533694, -0.5518524229565598, 0.5013845396236769, -0.6663876099563435, 0.4170132772267784, 0.8579114925283715, 0.30014629367080997
12.050673054459253, 15.753663674421182, 14.365050707221105, 0.7279133467075273, -0.11303829349964278, -0.6762872938978935, -0.5462632447964073, 0.5005187600134237, -0.6716229881854291, 0.4144135942142192, 0.8583142286350107, 0.30258562069790945
11.847853489077092, 15.782395943848513, 14.555712996909653, 0.7354581624192409, -0.10530490244919298, -0.6693371115148775, -0.5426673634056828, 0.4999750370828889, -0.6749348820355104, 0.4057257990629116, 0.8596137736298377, 0.3105651882626771
11.65007019688295, 15.841479182145145, 14.743549852282499, 0.7440985026473863, -0.09231198844723222, -0.6616614807791334, -0.540174080865403, 0.4996365299273991, -0.6771818812721767, 0.3931022522437829, 0.8613024060984769, 0.3219142502745724
11.441896119814187, 15.892585992670204, 14.92314585696116, 0.7526427487376753, -0.08051656223446393, -0.653487548449502, -0.536990284978572, 0.49926322240670884, -0.679983579647848, 0.38101223945068813, 0.8627011753544868, 0.33253023235603496
11.237096085926005, 15.92446472594672, 15.109303207405912, 0.7592404472110711, -0.07508271872924738, -0.6464646383731731, -0.5327574183353756, 0.49881636105105326, -0.6836313122995544, 0.37379603599738503, 0.8634493750626091, 0.3387206816488058
11.028705933837113, 15.897653103738975, 15.295013887313019, 0.7608783845713557, -0.07593828385015021, -0.6444357694432999, -0.530713540783094, 0.498618266082421, -0.685363379790919, 0.37337276483637016, 0.8634889702682103, 0.339086385311458
10.818425068861956, 15.883196930131053, 15.477370483578968, 0.7532733895526295, -0.07816811144359985, -0.6530458995700329, -0.5373741274328786, 0.499346254050723, -0.6796192799878937, 0.37922057929079345, 0.862869089096864, 0.33413872466911615
10.597546269269047, 15.92436157776008, 15.6436862875086, 0.7314776393989151, -0.07673040955483182, -0.6775344325633484, -0.558921156615382, 0.5016913627052657, -0.6602370159833945, 0.3905734293921112, 0.8616369425903705, 0.32408976444251414
10.379266603355939, 15.982747667798526, 15.807932904395575, 0.6911927292658483, -0.07138944316670899, -0.7191357023638689, -0.5963696867332808, 0.5056869312084215, -0.6233970840087864, 0.408161497149935, 0.8597582654498628, 0.3069526302786265
10.161704676282396, 16.021746033966853, 15.97872251944676, 0.6312937111661281, -0.06764370424781617, -0.772588234131048, -0.6433750259540966, 0.510582723524297, -0.5704155138292409, 0.433055223061289, 0.857163701817888, 0.27880739241489266
9.943144129312948, 16.029152651527745, 16.155020345143978, 0.5568133237309536, -0.073057765191096, -0.8274185672686895, -0.6890694662474413, 0.5156162429225231, -0.5092378233398694, 0.46383423030340765, 0.8536992754944475, 0.23676011872589747
9.753134908374141, 16.02149594179242, 16.35751402879973, 0.4793786407103836, -0.09210657078036515, -0.8727614212657125, -0.7240560897631644, 0.5204543344608211, -0.45262574453716176, 0.4959222698241544, 0.8489073361445437, 0.1828043679249305
9.61838332592965, 16.021366606566282, 16.602747374036046, 0.4131741626838252, -0.12346193989632367, -0.902244013938334, -0.7446145067653146, 0.5245664630406236, -0.4127702292652626, 0.5242483644277466, 0.8423699752781355, 0.12480575765863541
9.520244728658874, 16.032498290303316, 16.86829838858061, 0.3686039956677029, -0.16120346947094835, -0.9155023406897074, -0.7523247025541244, 0.5267487093703775, -0.39565558141329155, 0.5460207288232309, 0.8345952543641562, 0.07288432676630263
9.439599952960933, 16.061264667139202, 17.1344080685385, 0.34793688884759816, -0.19826452397821231, -0.9163138653926104, -0.7511396420288303, 0.5259090617671917, -0.39900989577196333, 0.5610072722807208, 0.8271099305913604, 0.034058819200025146
9.368160123729325, 16.128085467456664, 17.396087518688347, 0.34531024152649475, -0.22946480956313323, -0.9100037023381108, -0.7452530693611001, 0.522294858173934, -0.4144948054353995, 0.5704022262445803, 0.8213123536738173, 0.009344409986802082
9.29599578037232, 16.198868102054302, 17.65662044833652, 0.3503211020803893, -0.2526832319053911, -0.901901496700736, -0.7385247680397827, 0.5177209469659296, -0.4319099304999671, 0.5760696940726588, 0.8173837564978568, -0.0052442525192643585
9.197056355671739, 16.268277518803526, 17.907887168442546, 0.35270534949875165, -0.26825776316329963, -0.8964578679099127, -0.7342082415113145, 0.5146006351187231, -0.44285939578185524, 0.5801182590919085, 0.8143856327551646, -0.01545466370205609
9.079867579898885, 16.341494192681576, 18.151510634634235, 0.3457220114822032, -0.27763314079864904, -0.896323674744217, -0.7342623342144377, 0.514709852657093, -0.4426427364497007, 0.5842389197328992, 0.8111680508427285, -0.025909032427783002
8.962585669713349, 16.420875043312314, 18.393409204587904, 0.32726415223951166, -0.2823412824687049, -0.9017658093279434, -0.7387965701128579, 0.5185307330824881, -0.430471261338564, 0.5891330941717929, 0.8070992993819686, -0.038896250316771804
8.8617078018158, 16.507574760218024, 18.63926902437487, 0.2991827250341775, -0.2836158408043458, -0.9110717600090389, -0.7463453259740677, 0.5253481560679877, -0.408629378915207, 0.5945236340447589, 0.8022290008225889, -0.054500264232427854
8.764519599879177, 16.589238321998774, 18.88841652159695, 0.2657689060429625, -0.2822050966424332, -0.9218064721023398, -0.754871602024209, 0.5338158387453877, -0.3810636623478581, 0.5996130027260343, 0.7971204010270928, -0.07115696191010214
8.673039377840098, 16.66714970897698, 19.140602640662546, 0.23202636358480985, -0.2781066523829777, -0.9321053891604443, -0.7627850426529685, 0.5426014960112807, -0.3517706571492697, 0.6035915384649776, 0.7926161154219953, -0.08623774270484877
8.606099083273582, 16.742314500513377, 19.40109496833722, 0.20209000186978704, -0.2705649526332337, -0.9412514210086727, -0.7693783655387217, 0.5508101202472869, -0.3235199253123902, 0.6059839616567708, 0.7895586221679461, -0.09685360279834718
8.555488449698164, 16.81915634523445, 19.665573063530577, 0.17814572795360492, -0.25871831169189907, -0.9493834498279257, -0.7746539288501262, 0.5580691087843748, -0.2974393389208583, 0.6067745793364648, 0.7884311669485847, -0.10099952898478923
8.50908640498028, 16.901957913034092, 19.92856649524384, 0.16013302197367663, -0.2426046462694051, -0.9568178514649875, -0.7789196686509874, 0.5643631729353612, -0.27345631977149026, 0.6063345323022713, 0.7890736306852665, -0.09859635031256296
8.464122111944144, 16.984777580666734, 20.191469987471095, 0.14617245665708248, -0.22368861499084067, -0.9636373884601577, -0.7824991183887495, 0.5698322623452625, -0.25097076027160936, 0.6052509749150868, 0.7907304194945072, -0.0917423623544631
8.424472015616551, 17.056383261319837, 20.458690926701458, 0.1333669809037477, -0.20437515055218913, -0.9697649438092663, -0.785637108986474, 0.5746834755505058, -0.2291576660567271, 0.6041420208758821, 0.7924453929236773, -0.08392090231905358
8.381755487698682, 17.111499029488773, 20.729409291717868, 0.11870455313883072, -0.18686056538794382, -0.9751883706069348, -0.788496722169676, 0.5791730519661394, -0.20695771308145122, 0.603475060124101, 0.7934996565715234, -0.07858846498747278
8.344676621998614, 17.15736906158895, 21.002508969461875, 0.10000684977704162, -0.17221619209886194, -0.9799694960439534, -0.7911313097702329, 0.583539166562034, -0.18328472874007384, 0.6034151810311934, 0.7936142792736625, -0.07788770784942528
8.319210037287204, 17.210612742309337, 21.275585885439956, 0.0767809340389789, -0.16028002750870646, -0.9840807898490399, -0.7934342788954699, 0.5878830953036798, -0.15765630761181196, 0.603793618086286, 0.792908430424329, -0.08203345488457403
8.264460001251614, 17.253003817304844, 21.545941191391474, 0.05056654701650512, -0.15022205666783434, -0.9873582723678945, -0.7951784143649834, 0.5920981511040767, -0.13080928402496786, 0.6042634472238234, 0.7917405592424958, -0.08951297782758516
8.248424927278954, 17.300416843455483, 21.821358117676454, 0.02450171403026006, -0.14132470422739563, -0.989660039601791, -0.7961872888001782, 0.5959036623492635, -0.10480756819885025, 0.6045539406559196, 0.7905227088286422, -0.0979202719748309
8.241981087967002, 17.333510443522105, 22.09865016322269, 0.0023762619497691693, -0.13366089534082135, -0.9910242774200014, -0.7965114796845737, 0.5989422454731466, -0.08269007992665109, 0.6046187361551386, 0.7895587069016939, -0.10503919385585543
8.239898497341011, 17.378684051048435, 22.3746920712383, -0.012346199174044507, -0.12844091986330347, -0.9916403085144448, -0.7964540483627733, 0.6008735357619033, -0.06791128674629969, 0.6045730065198943, 0.7889574919637035, -0.10971579495149537
8.251212241896129, 17.41159639408687, 22.651924280311956, -0.017517444355458153, -0.1276631656068791, -0.991662873808677, -0.7963930852806327, 0.6014511485397444, -0.06336063160525686, 0.6045255932220308, 0.7886435392922794, -0.11220594936142618
8.262591312945633, 17.449189121099387, 22.928645809786488, -0.013524891254122332, -0.13287155393147324, -0.991040981732037, -0.7964950727569996, 0.6006192921242585, -0.06965676565830903, 0.6044937356088863, 0.7884171586691846, -0.1139548486270929
8.25966143895074, 17.483444997912482, 23.205642840240763, -0.004185507320832463, -0.143640260228953, -0.989621117989014, -0.7966203184563226, 0.5986812532925322, -0.08352739178634812, 0.6044655074948565, 0.7880026856536986, -0.11693253461523864
8.30525332303954, 17.492512059693922, 23.482177377234404, 0.004076175664516325, -0.1571109597148432, -0.9875725447426295, -0.7966134590675463, 0.5964629544342224, -0.09817810764135503, 0.6044752944698326, 0.7871137721607212, -0.12272541729621288
8.313350393872454, 17.529401079286405, 23.757233122831455, 0.005270819098705751, -0.16933996768062062, -0.9855436032017837, -0.7965550580586801, 0.5951090616700945, -0.10651405634596955, 0.6045430157955358, 0.7856011583902268, -0.13175189557942824
8.267210141069082, 17.587521577138677, 24.029383426265664, -0.00272107375677689, -0.17759244927233872, -0.9841003595767365, -0.7965392940787636, 0.5953573535164077, -0.10523675499769151, 0.6045806387456641, 0.7835882487476385, -0.14307937544766494
8.231242939739742, 17.648427008757427, 24.298684128369757, -0.017156709567414802, -0.1817740480455273, -0.9831906441651902, -0.7964487140095446, 0.5969615783035401, -0.09646926962452153, 0.604462648365771, 0.7814058289304532, -0.15501560322802882
8.246570840218812, 17.71044219203709, 24.57035412379262, -0.032767344837550644, -0.18393723462289419, -0.9823916707869522, -0.7961842323944001, 0.5989698053746537, -0.0855911229975952, 0.6041663423253874, 0.7793601644738664, -0.16607457611696955
8.268461227303483, 17.751064937547454, 24.84608877564741, -0.04538072476340563, -0.18643723173388732, -0.9814182331928386, -0.7958675573176169, 0.6005188944853533, -0.07727799541511754, 0.6037676879638707, 0.7775720005179546, -0.17563132687897184
8.284016243477307, 17.790626474708567, 25.122389246510842, -0.05396772017588621, -0.19034763607618363, -0.9802322493262636, -0.7956580333866453, 0.6013354798889711, -0.0729652967786523, 0.6033372018086679, 0.7759918930420019, -0.18390433069065337
8.2997312388113, 17.848675465085602, 25.395192226743617, -0.060119874397521665, -0.19526762819756519, -0.9789055899730698, -0.7955560663578426, 0.601686361386635, -0.07116226389420023, 0.6028898290597233, 0.7744960141275159, -0.19151965464914703
8.317059791387011, 17.901996760696427, 25.66889249102757, -0.06618313437901092, -0.20025733879230798, -0.977505391792594, -0.7954469653591763, 0.6020273404033707, -0.06947810236125765, 0.6023984711340552, 0.7729554189386778, -0.19913814880300065
8.329250036423833, 17.954616442062846, 25.943166681335516, -0.07376196292198679, -0.20478650403456206, -0.9760233914160038, -0.7952220200082132, 0.6026766186904204, -0.06635384071731258, 0.6018148483711185, 0.7712609033583797, -0.2073053478105757
8.344510077754009, 18.014358901724307, 26.215785713568412, -0.08333357368969001, -0.20886689437044542, -0.9743870565294627, -0.7948256763334565, 0.603720038950148, -0.06143499663136168, 0.6010887286725386, 0.7693482533976905, -0.21632291893545258
8.365314317459632, 18.07787786220246, 26.487300952875483, -0.09467684740206991, -0.21244119099848296, -0.9725764931012632, -0.7942264544670224, 0.6051396707903375, -0.05486636365301493, 0.6002004944939217, 0.7672514054747037, -0.22601913017783226
8.389593768784142, 18.134140869804376, 26.759968045408478, -0.10748101413982848, -0.21483128446988004, -0.9707189865313728, -0.793357679467117, 0.6069781194716899, -0.04648822338143304, 0.5991923097220334, 0.7651307611746063, -0.23567667316546734
8.414535521921007, 18.179253413725007, 27.034586975288, -0.12167105482981214, -0.21501719572783917, -0.9690014241258559, -0.79209404215791, 0.6093510104729879, -0.03575436216032282, 0.598149799627605, 0.7631899839338071, -0.24445421990338304
8.445358857426694, 18.24695045777505, 27.304003905381112, -0.13728049696605518, -0.21268573250283124, -0.96742898671814, -0.7903222585177451, 0.6122796170237188, -0.02245881271792166, 0.5971137185194823, 0.7614975047674303, -0.2521443185733407
8.480900943561041, 18.324403616953244, 27.570911423932696, -0.15399785934027949, -0.20913453844200391, -0.9656849404175574, -0.7880948373630974, 0.6155066683037659, -0.007620275272656803, 0.5959791830594795, 0.7598778099827945, -0.259604559388905
8.518465439335284, 18.38879383413623, 27.84011464033247, -0.17076369032858196, -0.20714981480380762, -0.9632905669070534, -0.7857663548280523, 0.618491438951315, 0.0062909112350474465, 0.5944838077572842, 0.7579955766168296, -0.26838723543365545
8.55604768843607, 18.42847937663702, 28.11412207666492, -0.18579754569350188, -0.20982630722078233, -0.9599230140028736, -0.7839718081777309, 0.6205879006207136, 0.016089176042122524, 0.5923406756224074, 0.7555419104201072, -0.27980161829754424
8.60558769820432, 18.488314567805933, 28.382684724307964, -0.19709275881813937, -0.21903461307451177, -0.9556036221659866, -0.7833813369926531, 0.6212454967396298, 0.019175860667357263, 0.5894642697170526, 0.7523814664490545, -0.29403061689373855
8.66853268429505, 18.540096347727545, 28.649959196983957, -0.20304652613886098, -0.23429459076473982, -0.9507250669680084, -0.7843420194176535, 0.6201548366760887, 0.01468247673558503, 0.5861567237512321, 0.7486748448329467, -0.30968737771434124
8.73375193269383, 18.59100230016807, 28.91670348573462, -0.20289957792815014, -0.2525305706244862, -0.9460761450203942, -0.786644372675586, 0.6173939945661152, 0.003909784077093582, 0.5831143903338455, 0.7450187691419372, -0.3239207332231462
8.786694174804605, 18.655333723648887, 29.183646881061804, -0.19695571065052994, -0.26897395586573497, -0.9427944946318272, -0.7895899804270301, 0.6135517935053886, -0.010092546535109954, 0.5811678852546716, 0.7424333018879601, -0.33322167005816755
8.849188600255673, 18.720175732258383, 29.448065733072266, -0.18666907907358757, -0.279104987609774, -0.9419421748754891, -0.7923297149147207, 0.6096357163041962, -0.02362025125664454, 0.5808341224316769, 0.7419196043356837, -0.3349433129970001
8.914949789034207, 18.810403372637797, 29.704547329228614, -0.1745059821506459, -0.28080703507107496, -0.9437664283328955, -0.794253311260081, 0.6066546302207068, -0.033642787996452594, 0.5819874051438186, 0.7437187429978954, -0.32889677950322843
8.965773407240523, 18.91184309393681, 29.96016900648412, -0.1633881021642088, -0.2754322549674844, -0.9473338381978682, -0.7951867548849654, 0.6051226563784418, -0.03878911694040312, 0.5839369425945717, 0.7469696403877637, -0.3178899234204806
9.01146878056402, 18.998246011604945, 30.22197258674526, -0.1557701031624255, -0.2669264556204957, -0.9510446583892088, -0.7953177675069384, 0.6049036444650732, -0.0395123980625294, 0.58583728427657, 0.7502278641871094, -0.30651725587428413
9.051001703196896, 19.069907682523915, 30.489311640157652, -0.15278979707904036, -0.259442638058096, -0.9535957190895948, -0.7949705971849623, 0.6054963549696173, -0.03736192888344693, 0.5870920094158412, 0.7523720367450955, -0.298762934120193
9.081583390693545, 19.13899275016032, 30.758276193370328, -0.15400893417897765, -0.25507155554122063, -0.9545783099080124, -0.7944086212122865, 0.6064381511887278, -0.033877888458278146, 0.5875339911329804, 0.7531077415194851, -0.2960279360580199
9.123045625635436, 19.196950059629696, 31.02883866120386, -0.1578447366049176, -0.2532749100140284, -0.9544301226823837, -0.793763732755222, 0.6074891487156514, -0.02993444095401709, 0.587387585575845, 0.7528670228865912, -0.2969294026553458
9.16946724956062, 19.261658017878847, 31.296963539758224, -0.16226280181607416, -0.2521829135498582, -0.9539782813357452, -0.7930992056325666, 0.6085386856824434, -0.025967634718550233, 0.5870812832749731, 0.7523858359521324, -0.2987492605628034
9.211677494727098, 19.34530832783254, 31.56023714418629, -0.16521315663278893, -0.2504459159514563, -0.9539294817011715, -0.7925437205034696, 0.6093914076104537, -0.022728031614464888, 0.5870085723104459, 0.7522758506783173, -0.299168816089288
9.25758734512744, 19.421970335596516, 31.825158866541873, -0.16468407546125355, -0.24817380743740533, -0.9546145382255048, -0.7923797173217386, 0.60963878015609, -0.021793148164414092, 0.5873785311590761, 0.752828213493501, -0.297045690259243
9.307068291277027, 19.490723716799994, 32.09169766512395, -0.15869035054325728, -0.246584024675292, -0.9560406327240455, -0.7929796952784302, 0.6087192860469413, -0.02537781847658017, 0.5882181360010811, 0.7540935947012395, -0.29213400163277237
9.358834873425508, 19.553585885341043, 32.359143334435295, -0.1456343881799681, -0.24706571928316032, -0.9579922522309567, -0.7945844392547684, 0.6061135722817843, -0.03552332177597741, 0.5894287012638864, 0.7560323193163828, -0.2845855552825185
9.408161617252526, 19.618580789286366, 32.62644811951452, -0.1251743684411361, -0.2504813500457648, -0.95999503684374, -0.7970546340293028, 0.6015740332688395, -0.05303388415980213, 0.590792085134675, 0.7585300098057507, -0.27494897047690675
9.45311161616335, 19.68870400900792, 32.89335829208754, -0.09911539512742931, -0.2569123903687307, -0.9613387343302872, -0.7998218933405846, 0.595325193163657, -0.07663454389331761, 0.5919975315673335, 0.7613041035352951, -0.26449004623710265
9.495909437998831, 19.759576179380723, 33.16038349731315, -0.0714040200542122, -0.26564879147302073, -0.9614219601761868, -0.8021795187230231, 0.5881437550692884, -0.10293174007222439, 0.5927980142184998, 0.7638832652715469, -0.2550938481749076
9.538959107352769, 19.826264212939787, 33.42816405545893, -0.04675209351305588, -0.27536430448710536, -0.9602024482193738, -0.8037188342239823, 0.5811802668914398, -0.12753639829334154, 0.5931696867387859, 0.7657701986825602, -0.2484868719749254
9.543138912913372, 19.890679039462697, 33.69812523651353, -0.028648478583703542, -0.2845738228407727, -0.9582259671020336, -0.804494272535676, 0.5755169340032257, -0.14686464561908816, 0.5932691043128174, 0.7666798536738235, -0.24542569514733395
9.514773277983293, 19.976026156621334, 33.96249171507163, -0.018215926415894635, -0.29221958929125735, -0.9561777510794003, -0.8048048522240309, 0.5717356640547819, -0.15939724051718557, 0.5932599176258807, 0.7666329252532053, -0.24559443816228196
9.538628220441682, 20.060662922739404, 34.22828062429664, -0.014561412672840078, -0.29794370095667216, -0.9544723758816765, -0.8049086269069052, 0.5698250862640298, -0.1655943036309866, 0.5932200836045689, 0.7658517625000495, -0.2481149134650238
9.542998091945533, 20.152229720328858, 34.491775813888815, -0.01592009771951556, -0.3018213039306429, -0.9532315830805269, -0.8049253010337434, 0.5694332846789594, -0.16685620772230372, 0.5931625495969369, 0.7646238518339182, -0.2520090374616035
9.539991699145894, 20.220438173584657, 34.762879256780366, -0.020637326221714658, -0.3038756994126761, -0.9524881416967222, -0.8048774153591188, 0.5701941011896716, -0.16447198306497943, 0.5930821587362437, 0.7632419316802238, -0.256349969209668
9.538431214244467, 20.30529652819595, 35.02918482242137, -0.027817827264301976, -0.30383862526449834, -0.9523173096629469, -0.8047366964340967, 0.5719492393337903, -0.158974579847959, 0.5929797786591292, 0.7619423583335413, -0.2604204766881662
9.539402725918933, 20.402465659899022, 35.2916336143447, -0.03782078908416721, -0.30121503781409964, -0.9528059030609022, -0.8044200265693494, 0.5748629102463197, -0.14980338873770144, 0.5928558077367702, 0.7607904674861419, -0.2640451776022423
9.55442249289308, 20.493585306686164, 35.5554521548464, -0.05219521421034376, -0.2954584623455797, -0.9539286957849218, -0.8037417533507624, 0.5793519710669542, -0.1354639713779175, 0.5926844468468686, 0.7596417515179248, -0.26771170280098106
9.58093195713216, 20.56657642153227, 35.82426203333043, -0.07242306928691537, -0.2862718492057841, -0.9554074143460284, -0.8023842543027698, 0.5856882234626727, -0.11466827522957856, 0.5923971703866003, 0.7582992372734125, -0.2721173630412256
9.571988009527939, 20.64873161476597, 36.09126439629321, -0.09795009324878833, -0.27412712748572077, -0.9566922688142624, -0.8000263883586733, 0.5934557338231854, -0.08813665481604015, 0.5919151604430579, 0.7567460670322721, -0.277437980220548
9.577877040486682, 20.744376494483582, 36.35461484371337, -0.1252768182869472, -0.2606652070405881, -0.9572666131430609, -0.7967028939860434, 0.6014344074788114, -0.05950758115462454, 0.5912446342371003, 0.7552021605762912, -0.2830185137879485
9.599223237523994, 20.827416423952766, 36.62067185189496, -0.14938664974997382, -0.2483262448854477, -0.9570881385627822, -0.7930645903853035, 0.6081870774562121, -0.03401520677964682, 0.5905355064290964, 0.7539512947905614, -0.2877937816044095
9.644722760369797, 20.888079630594394, 36.88886253553627, -0.1665653320513232, -0.239159426999588, -0.9565870366233598, -0.7900469546882078, 0.6128464645261515, -0.01565312447038242, 0.5899845756852643, 0.7531414073034527, -0.2910261518462792
9.720710019528001, 20.941898908053012, 37.153232470954975, -0.17619946912904122, -0.23378076671740922, -0.9561905145898826, -0.7881842308099796, 0.6154171991216407, -0.005223918812120793, 0.589677340060753, 0.7527338335283563, -0.29269849757144306
9.772393437855769, 21.008364362185922, 37.41945181891374, -0.18020080973162497, -0.23143674173032572, -0.9560150117803157, -0.7873667849460603, 0.6164842722688089, -0.000829463019980351, 0.5895601870341747, 0.7525849962777943, -0.2933165683042492
